gene_id	Ribo_NitrogenMinus_rep1	Ribo_NitrogenMinus_rep2	Ribo_NitrogenPlus_rep1	Ribo_NitrogenPlus_rep2	RNA_NitrogenMinus_rep1	RNA_NitrogenMinus_rep2	RNA_NitrogenPlus_rep1	RNA_NitrogenPlus_rep2
MM_RS00005	11.7192	11.3718	11.9913	14.0806	11.6922	11.5297	11.5344	12.3114
MM_RS00010	9.2434	9.9491	11.9554	12.5571	8.9245	9.0584	10.6272	10.665
MM_RS00015	7.5017	7.6689	10.7188	11.3478	6.9905	7.0895	9.7425	9.9194
MM_RS00020	6.3719	6.1819	10.0803	10.4889	6.6306	6.0183	8.4961	9.4455
MM_RS00025	6.6212	6.656	9.6966	10.7095	5.8709	6.5632	9.1033	9.6205
MM_RS00030	6.4769	6.2044	10.1719	11.1724	5.7082	5.6423	7.6231	9.4953
MM_RS00035	5.3165	4.8986	3.8524	3.7618	6.5368	6.2615	4.5575	4.8193
MM_RS00040	4.1004	3.4654	4.3873	3.4968	4.7709	4.623	6.3814	4.8193
MM_RS00045	6.5388	6.2701	7.1695	6.3044	7.4682	7.3744	8.549	7.936
MM_RS00050	7.206	7.6306	8.755	8.4983	8.1132	8.2489	9.2338	10.0041
MM_RS00055	5.9479	6.6723	6.6151	6.0168	4.7709	4.2231	4.2986	3.7212
MM_RS00060	6.1832	6.7356	6.7886	6.6558	4.7709	5.3049	4.2986	3.7212
MM_RS00065	8.3336	7.4152	5.6924	6.2341	8.6273	6.6078	5.7665	6.8342
MM_RS00070	5.966	5.1366	5.1754	4.8779	5.5248	5.0694	5.4215	3.8641
MM_RS00075	8.8819	9.4497	10.346	10.0739	9.6623	9.3522	9.9951	9.3372
MM_RS00080	6.8631	7.2222	8.5929	8.0398	6.8802	6.8315	7.95	8.2193
MM_RS00090	8.9335	9.2426	10.1676	10.2858	7.9947	7.9174	9.2105	8.4727
MM_RS00095	8.2286	8.4779	8.9875	9.5553	6.3285	6.6724	7.2914	6.9815
MM_RS00105	10.9631	10.7686	9.1447	9.535	11.4563	9.942	10.3294	8.4278
MM_RS00110	4.8135	4.7217	3.6909	3.7618	4.7709	4.7077	4.2986	4.3246
MM_RS00115	6.0364	6.8111	7.4042	8.1546	4.5954	3.9715	4.2986	5.4342
MM_RS00120	7.1033	5.7923	5.9709	4.8779	4.3955	5.8794	0.262	5.1866
MM_RS00125	6.5143	5.4072	4.9278	4.451	6.6306	6.7933	5.7665	6.2208
MM_RS00130	8.6934	8.2401	7.1231	6.8469	7.2192	7.3083	6.1265	6.1395
MM_RS00135	7.5804	7.8056	5.9266	5.7407	8.1132	7.4863	6.8112	6.885
MM_RS00145	6.8436	7.0991	6.0391	5.2922	6.5844	6.4202	5.2853	6.1113
MM_RS00150	5.0362	4.803	3.9975	4.2935	3.5401	3.4842	3.0006	4.1128
MM_RS00155	6.2879	5.9959	6.7737	6.3844	6.1498	5.9154	6.9969	6.9815
MM_RS00160	2.6008	2.8397	3.0527	1.3762	3.5401	3.0302	4.5575	3.5624
MM_RS00165	6.2879	6.699	6.9873	6.145	6.2714	6.4694	6.2776	6.9015
MM_RS00170	7.3303	6.5717	0.262	4.9144	6.5844	5.6423	6.1658	0.262
MM_RS00175	6.1035	5.4831	4.464	5.0185	7.59	7.2247	6.0018	5.8296
MM_RS00180	4.6877	4.136	2.834	2.5638	3.8854	3.2755	0.262	1.735
MM_RS00185	2.3918	2.5787	3.7739	3.3962	2.3905	3.6659	4.5575	4.8193
MM_RS00190	5.9479	6.1277	6.2907	5.5686	5.8709	5.8046	6.2776	6.7816
MM_RS00195	5.5749	5.4582	6.7985	6.3316	6.085	5.7657	7.3607	7.0572
MM_RS00200	7.7098	7.5623	9.4244	10.5239	6.6753	7.2103	8.2441	7.7568
MM_RS00205	9.0207	9.3092	11.0477	10.8293	8.7578	9.6796	9.7841	9.8185
MM_RS00210	8.3231	9.2132	10.2112	10.3783	8.5574	7.9782	8.8971	8.5534
MM_RS00215	6.3305	5.9872	7.5041	6.8087	4.7709	5.4096	7.6372	7.3258
MM_RS00220	3.3313	3.1874	5.2637	5.084	3.8854	3.9715	6.0861	5.479
MM_RS00225	5.8729	5.7723	6.3047	8.2538	6.4364	6.2044	7.8329	6.9179
MM_RS00230	5.9295	6.234	6.4558	6.205	6.085	6.9577	6.5091	6.5068
MM_RS00240	6.9837	6.5832	5.3333	5.8945	5.3145	5.8425	4.6713	5.479
MM_RS00245	7.7934	7.6689	7.3176	8.2106	7.4682	7.2671	7.0185	6.7816
MM_RS00250	8.2509	8.6914	7.9671	8.7806	7.6805	7.935	7.5946	7.9912
MM_RS00255	6.9293	7.0207	7.3814	7.2545	9.0988	8.4026	9.3407	8.081
MM_RS00260	6.6663	6.9333	7.4767	6.8374	8.6044	8.6144	7.869	8.239
MM_RS00265	5.8536	5.0725	5.9533	5.084	5.4235	5.5072	7.3607	6.485
MM_RS00270	8.816	9.2426	9.6012	10.2692	9.4663	9.375	9.9869	9.5722
MM_RS00275	3.8084	4.0383	3.8524	4.2369	4.7709	3.6659	4.875	4.7478
MM_RS00280	3.725	4.0383	6.5755	0.262	0.262	7.7481	6.0018	7.72
MM_RS00285	8.3613	8.3505	8.2413	7.6112	6.1498	6.6078	5.9122	5.9616
MM_RS00290	7.4185	6.9378	6.5812	8.6409	6.2119	6.2615	5.7665	6.6507
MM_RS00295	8.5534	8.2328	7.5191	9.0599	8.4585	8.0926	7.7448	7.8016
MM_RS00300	8.5293	8.7805	8.8613	8.9741	7.6805	8.3575	8.2714	8.3576
MM_RS00305	7.9746	7.6797	7.0833	8.6864	6.8415	7.1207	6.4467	6.95
MM_RS00310	10.2972	10.0445	9.7756	10.7753	8.1923	9.1891	8.4331	8.527
MM_RS00315	7.0532	7.1962	7.2071	8.3698	5.9459	7.1052	5.6604	6.631
MM_RS00320	4.2859	5.1979	4.9981	5.9305	5.7082	6.5632	6.0861	6.5283
MM_RS00325	7.1516	6.9601	6.4433	6.601	8.4712	8.9368	8.1096	9.034
MM_RS00330	8.2766	7.88	8.5801	8.5426	8.3104	8.4827	8.1975	8.5586
MM_RS00335	6.5982	6.0959	6.0963	5.7407	7.8265	7.8905	5.9577	7.6236
MM_RS00340	8.6007	8.1363	8.9514	9.7754	8.2076	8.3509	8.8253	8.6544
MM_RS00345	7.2511	7.4344	7.62	9.2903	6.6753	6.7138	5.8167	7.0274
MM_RS00350	7.9701	8.0702	7.7401	9.4769	7.8065	7.666	7.5208	7.7012
MM_RS00355	6.1198	6.1356	7.1619	8.4863	6.4364	6.6297	8.7433	8.941
MM_RS00360	5.8536	6.4062	7.2687	6.6232	5.5248	5.6846	6.3814	5.9929
MM_RS00365	4.2859	5.8697	6.8325	5.2922	5.4235	5.5986	6.3131	5.479
MM_RS00370	11.1985	10.1611	12.3099	11.5645	11.3062	10.2702	11.1824	9.9092
MM_RS00375	5.814	5.5434	7.6719	7.6816	5.9459	5.3049	6.8836	7.4546
MM_RS00380	8.2583	8.2796	9.696	10.8849	7.5182	8.2559	8.4331	8.669
MM_RS00385	6.8727	7.0249	6.9345	6.318	8.366	7.634	6.0861	7.374
MM_RS00390	6.7937	6.7305	6.0963	5.5686	6.4874	5.3049	5.485	4.5091
MM_RS00395	8.5743	10.4918	11.0004	8.181	8.7263	9.9871	8.7237	6.3945
MM_RS00400	6.0704	5.5434	4.8347	4.0523	6.2714	6.0831	6.2041	5.7219
MM_RS00405	6.3165	6.6723	5.1754	5.2643	6.085	6.0183	4.7768	4.7478
MM_RS00410	9.0486	9.0294	6.0054	6.6665	8.6386	8.7401	7.1614	7.6918
MM_RS00415	6.3719	6.9733	8.4931	8.1316	6.7187	7.0577	6.9749	7.4658
MM_RS00420	4.5499	4.8611	5.7444	5.7407	3.5401	4.334	4.875	5.0147
MM_RS00425	5.1986	5.6999	7.2328	5.5913	3.8854	4.2231	4.875	4.4199
MM_RS00430	5.0702	6.2984	5.7546	5.9829	6.2714	7.1512	6.9969	7.3621
MM_RS00435	6.5747	6.8451	8.3274	7.3899	5.5248	5.8046	6.8836	6.7082
MM_RS00440	9.3849	9.3418	9.6887	10.8311	8.8189	8.8277	8.8068	9.0452
MM_RS00445	4.9291	4.7831	5.2202	4.2935	5.9459	6.3692	6.4144	5.9297
MM_RS00450	6.4122	5.7314	6.8564	5.9482	6.2119	5.7657	6.5689	6.347
MM_RS00455	7.206	7.3185	5.7748	6.0662	6.7187	7.7179	6.0018	6.7082
MM_RS00460	7.4575	7.4055	6.4306	7.0811	7.8656	8.4339	7.6231	7.7659
MM_RS00465	8.6064	8.2725	6.983	7.9723	8.366	8.6786	6.93	7.7293
MM_RS00470	7.9244	7.7808	8.0988	8.9741	8.3104	8.2768	9.3234	8.7071
MM_RS00480	8.1514	8.6454	8.7021	9.9324	6.5844	6.7739	8.0791	7.9199
MM_RS00485	5.5021	4.6576	4.4133	0.262	0.262	0.262	0.262	5.7219
MM_RS00490	9.2909	9.0103	8.1285	9.1675	8.8774	9.0981	8.6355	8.5793
MM_RS00495	5.6441	6.0797	5.6818	5.5221	6.5368	6.8502	6.7607	7.1977
MM_RS00505	5.6665	6.0384	5.3603	5.373	4.5954	4.8634	0.262	4.3246
MM_RS00510	6.6552	7.0165	6.1436	6.5206	6.8017	7.0415	6.8112	6.5703
MM_RS00515	5.9479	6.0959	5.1135	6.3583	5.7082	6.2892	5.0534	5.1866
MM_RS00520	5.477	5.752	5.5709	5.9126	4.3955	5.4592	4.1492	5.5646
MM_RS00525	5.8536	5.2994	5.8715	5.5913	4.3955	4.8634	5.355	4.7478
MM_RS00530	5.5749	6.6284	6.7433	5.7203	3.5401	4.1028	4.5575	4.4199
MM_RS00535	5.399	6.0551	6.0639	5.2358	3.8854	4.7877	3.5752	3.8641
MM_RS00540	8.4118	7.8056	6.7433	6.799	11.092	8.5299	6.3814	9.2333
MM_RS00545	4.7728	5.5899	5.0651	4.9847	3.8854	5.0694	4.5575	4.8874
MM_RS00550	6.92	6.5774	6.4744	6.9203	6.8415	6.9403	6.7862	6.9815
MM_RS00555	7.1276	7.5565	8.1343	7.6603	6.3834	7.3351	7.2914	7.0719
MM_RS00560	7.4119	7.5447	8.144	8.0643	8.7784	8.4463	8.8795	8.7534
MM_RS00565	2.9407	0.262	2.9836	2.3572	3.0819	0.262	5.355	4.7478
MM_RS00570	5.8536	5.9785	7.9495	8.1355	5.1966	5.6423	6.6543	6.1671
MM_RS00575	9.249	8.0966	8.0706	6.7086	9.3812	8.8182	7.7054	7.4769
MM_RS00580	6.9293	6.645	6.4558	4.7626	7.4165	7.3083	5.355	6.1113
MM_RS00585	3.0835	1.6209	1.9746	1.8029	0.262	0.262	0.262	1.735
MM_RS00590	4.2267	4.1671	6.5288	7.7637	3.0819	4.2231	4.5575	5.6056
MM_RS00595	2.6008	1.6209	1.3816	2.111	3.5401	3.8269	2.5888	3.8641
MM_RS00600	9.2228	9.0326	9.6847	9.8072	8.1132	8.0609	8.9655	8.0664
MM_RS00605	9.169	8.8573	8.4499	8.3926	9.3261	9.2953	8.813	8.3273
MM_RS00610	5.5983	5.5315	5.2637	5.6572	6.8415	6.7933	6.8112	6.7636
MM_RS00615	7.9835	7.9055	6.6537	8.166	8.0296	8.2276	6.7349	6.8169
MM_RS00620	5.5268	5.5784	5.1602	5.5913	6.8017	6.3163	5.6604	5.5646
MM_RS00625	8.4574	8.4372	8.5957	8.0232	7.59	7.687	7.0185	7.0572
MM_RS00630	5.5983	5.1676	4.2496	4.6372	7.977	7.3873	6.8112	6.5283
MM_RS00635	9.1353	9.6452	8.2084	9.8324	8.2227	8.3177	7.7187	7.432
MM_RS00640	8.8333	8.1441	9.6026	9.6914	8.8189	8.9368	9.9676	10.0193
MM_RS00645	9.2891	9.6684	10.2683	10.1359	9.815	10.5884	10.1525	10.9537
MM_RS00650	10.7849	10.4233	10.7455	10.9968	11.2258	11.2774	11.4896	11.0979
MM_RS00655	7.8628	7.6904	6.7227	6.5206	7.977	7.8539	6.9969	6.5494
MM_RS00660	9.2171	8.8016	9.5042	9.8396	8.2227	7.3873	8.2624	7.3501
MM_RS00665	5.7102	5.9785	4.8727	5.177	6.2714	5.4096	4.875	5.4342
MM_RS00670	6.6212	6.7562	5.6818	6.1902	4.3955	6.2615	4.2986	4.1128
MM_RS00675	6.0191	6.9106	5.7342	5.7609	5.9459	6.175	6.0018	6.0533
MM_RS00680	12.2468	12.186	9.8265	10.332	12.1995	11.9459	9.7163	8.7442
MM_RS00685	11.7375	11.4049	9.1035	8.6995	12.3293	11.6156	10.072	8.456
MM_RS00690	6.4895	6.9689	6.7123	7.2615	6.9179	6.7541	6.6816	6.7816
MM_RS00695	7.6605	7.0292	5.1135	5.177	7.4165	7.3218	6.7349	6.5494
MM_RS00700	9.3866	10.4515	8.9821	11.2692	12.926	12.8511	12.3794	12.8608
MM_RS00705	13.436	12.9453	14.8175	13.7352	18.2024	17.6253	17.9309	17.4811
MM_RS00710	10.2218	10.9883	10.278	11.9597	12.5412	13.1312	11.7016	12.9828
MM_RS00715	9.3967	10.4531	8.9403	11.2678	12.9283	12.7888	12.3836	12.861
MM_RS00720	13.4339	12.9449	14.8105	13.7326	18.1783	17.5919	17.9222	17.4709
MM_RS00725	10.2209	10.9859	10.2767	11.8602	12.5412	13.1321	11.694	12.986
MM_RS00730	14.3055	14.4956	9.6953	9.7031	14.2758	14.5513	10.3928	9.2783
MM_RS00740	9.323	9.5173	8.1556	9.3761	10.0832	10.258	10.0486	9.9926
MM_RS00745	5.4255	5.2129	5.7847	6.4229	6.5368	5.7657	6.93	6.0533
MM_RS00750	5.966	5.4329	6.4433	6.7892	6.1498	6.1144	6.0018	6.5283
MM_RS00755	6.8436	7.1348	6.6537	6.3844	6.3834	6.9748	7.7832	7.0274
MM_RS00760	8.053	8.0117	8.9325	8.8597	6.6306	6.7739	6.3477	6.2978
MM_RS00765	6.1987	6.2843	4.9457	5.7407	4.1631	4.533	4.1492	3.5624
MM_RS00770	8.0699	7.6082	9.3675	10.2945	7.9408	7.6766	8.8068	8.5586
MM_RS00775	7.4511	7.6416	8.5082	9.2212	7.4934	7.8446	7.7054	8.7894
MM_RS00780	8.344	8.4856	7.8439	10.1749	11.8134	11.9653	11.3193	11.5938
MM_RS00785	6.9658	6.5305	6.6318	5.7609	7.5182	7.0737	7.8571	7.4769
MM_RS00790	7.302	7.1999	6.8034	9.0538	6.5368	6.5171	5.8167	5.7587
MM_RS00795	7.0189	6.6884	6.5229	6.8087	6.8802	6.2044	5.8167	6.1395
MM_RS00800	4.7309	4.6132	2.9836	3.4968	4.1631	4.8634	3.5752	4.1128
MM_RS00805	6.9107	6.9106	7.063	7.6495	6.8415	7.3351	7.0398	7.1292
MM_RS00815	6.9107	6.7814	6.5109	5.7808	6.5844	6.6512	6.6264	6.1942
MM_RS00820	2.6008	3.5149	2.1192	2.111	0.262	2.7316	0.262	2.6452
MM_RS00825	9.415	8.0053	9.4528	7.0405	6.8017	6.6932	6.7085	5.9929
MM_RS00830	5.966	6.2044	5.5824	4.2369	6.4874	7.0895	7.9273	7.936
MM_RS00835	8.7521	8.3198	8.8858	9.5568	8.4064	8.1005	8.9374	8.315
MM_RS00840	7.0532	7.3458	6.6151	7.8175	5.7919	6.445	5.6604	6.0234
MM_RS00845	8.3089	8.1086	9.5798	9.486	7.7023	7.8068	8.5711	8.4727
MM_RS00850	2.1426	2.8397	4.9457	5.5455	2.3905	3.8269	6.2041	5.8296
MM_RS00855	4.1004	3.414	3.8901	4.1165	0.262	2.3474	4.7768	5.8296
MM_RS00860	4.1649	4.0043	3.2991	4.1165	5.9459	5.4592	4.967	5.1315
MM_RS00865	6.6212	6.8688	6.8421	6.6982	6.2714	6.7341	6.4782	7.338
MM_RS00870	6.1676	6.3466	5.1292	5.3466	9.074	9.5454	6.8599	7.8449
MM_RS00880	6.3022	6.0384	6.159	5.9657	5.1966	5.4096	4.7768	5.479
MM_RS00885	7.2212	6.6505	7.338	7.4092	6.5844	6.2615	6.5091	6.9015
MM_RS00890	7.5141	6.9864	7.8391	8.3198	6.8802	7.0251	7.4746	7.8016
MM_RS00895	1.3968	1.3845	1.6174	1.3762	3.0819	3.4842	1.9869	2.9374
MM_RS00900	7.4119	6.234	7.7143	8.9237	6.6306	6.0831	6.3131	6.1671
MM_RS00905	4.45	4.1042	5.3603	4.8405	5.7082	5.1919	4.6713	5.5646
MM_RS00910	7.1984	7.0707	7.2291	6.7086	7.6584	8.0118	7.5655	7.7293
MM_RS00915	6.4122	6.1589	6.7837	5.8945	7.0255	6.6512	7.5056	6.9658
MM_RS00930	6.9658	6.9243	6.4867	6.205	6.7187	6.4202	6.7862	6.4176
MM_RS00940	5.1986	6.1969	6.0557	5.1466	4.9272	5.0694	5.355	4.6726
MM_RS00945	8.7856	7.9418	8.1991	7.2615	12.8777	11.8683	13.7444	11.3782
MM_RS00950	14.8862	14.7115	15.1406	14.6359	15.1643	15.5881	14.2613	14.691
MM_RS00955	8.9173	9.4877	9.1515	9.8769	12.4265	12.6717	12.2357	12.1347
MM_RS00960	18.8703	17.5723	16.7719	18.4886	15.9149	13.683	17.3156	15.2405
MM_RS00970	7.5017	8.1538	8.5187	10.7037	7.2783	7.239	8.4961	8.3088
MM_RS00975	7.6549	7.8493	8.9766	10.3108	7.6584	8.4946	9.6276	9.2719
MM_RS00980	6.4895	6.0878	6.8277	7.5431	7.4426	7.1512	8.0373	7.2885
MM_RS00985	5.9295	6.0797	5.2637	5.373	2.3905	4.4369	4.5575	3.3833
MM_RS00990	9.105	8.8715	9.8415	10.5667	9.1393	9.1964	10.2333	10.4556
MM_RS00995	5.1034	5.3677	5.3735	4.3479	5.3145	4.1028	4.5575	3.3833
MM_RS01000	5.7527	5.056	5.7546	5.9305	4.7709	5.3582	5.9122	5.1866
MM_RS01010	7.0532	6.7963	6.2116	6.3044	6.8017	6.4202	6.0861	6.2978
MM_RS01015	7.1033	7.0376	8.9635	8.9458	6.9547	7.3083	8.5564	8.4837
MM_RS01020	8.3783	8.231	8.6769	9.3364	7.8065	8.2132	7.7448	8.1098
MM_RS01025	8.6934	8.8913	11.4047	12.0725	7.7449	7.9438	9.676	9.5303
MM_RS01030	7.7832	7.83	7.0873	7.2402	7.2783	7.2947	6.4467	6.5494
MM_RS01035	5.6214	5.8791	4.9634	4.2369	5.6194	5.9154	4.4339	4.8193
MM_RS01040	8.2838	8.4948	8.9392	8.313	6.6753	6.6512	4.5575	5.9616
MM_RS01045	6.502	6.7148	6.0802	5.4495	4.7709	5.5986	4.2986	4.5932
MM_RS01050	4.5499	4.3944	4.7145	3.3962	3.8854	4.4369	3.9823	2.9374
MM_RS01055	7.8236	7.7683	6.9301	6.5785	7.2192	7.7481	7.443	7.8191
MM_RS01060	5.1675	4.9707	4.8538	4.7626	8.8965	7.5334	6.4144	6.4176
MM_RS01065	9.2837	7.9596	8.8742	8.0065	8.3245	7.8353	8.1296	9.1698
MM_RS01070	3.8872	4.5904	3.733	2.7425	0.262	5.1919	3.9823	5.4342
MM_RS01075	6.7937	6.2984	6.6646	5.6786	5.7919	6.343	7.1418	7.0122
MM_RS01080	5.229	4.8226	5.2055	4.451	6.085	6.6078	6.3477	6.4176
MM_RS01085	5.2879	5.4329	4.9096	3.6789	5.0682	5.004	5.1349	5.7219
MM_RS01090	5.7527	5.7417	6.2977	4.9847	5.7082	5.8046	7.0608	6.9658
MM_RS01095	6.8823	6.9243	5.8239	6	6.9179	7.5218	7.6089	7.5625
MM_RS01100	3.2129	3.654	2.4739	2.7425	3.0819	4.9354	0.262	5.1315
MM_RS01105	7.9968	7.6608	5.9622	5.2067	6.8802	7.7875	7.0398	6.9179
MM_RS01110	5.3445	4.9707	4.606	4.3479	4.1631	3.0302	3.5752	3.5624
MM_RS01115	7.6771	7.4312	5.4632	5.7609	8.4064	7.7077	6.2041	5.9297
MM_RS01120	2.7814	3.0586	3.7739	4.0523	0.262	2.7316	1.9869	4.6726
MM_RS01125	7.9198	7.5739	8.5172	7.1514	6.2714	6.1144	7.2371	6.1671
MM_RS01130	4.5973	3.414	3.8137	2.9004	4.1631	3.2755	3.3172	2.9374
MM_RS01135	6.5628	6.1589	4.5833	4.8405	6.8017	6.8502	6.2413	5.6454
MM_RS01140	7.7417	7.887	6.2116	6.1602	6.6306	6.7933	4.4339	5.7219
MM_RS01145	6.8436	6.9288	5.3997	6.5671	5.8709	6.2044	2.5888	4.8193
MM_RS01155	5.229	5.5899	4.3873	3.3962	9.4342	8.3509	5.4215	7.7012
MM_RS01165	4.6432	4.842	4.7557	4.1165	4.3955	5.2495	3.7933	5.5224
MM_RS01170	5.6665	5.916	5.8045	6.7086	4.7709	5.6846	5.2853	5.0743
MM_RS01175	7.6437	7.8276	8.1766	8.275	7.2783	8.3377	7.3265	7.2759
MM_RS01180	5.8536	5.4831	5.2919	5.9482	6.2119	6.5403	5.485	6.1113
MM_RS01185	7.8186	8.2291	6.9786	9.6146	10.4054	10.1317	8.6971	9.7539
MM_RS01190	5.8339	6.0551	6.4306	5.5455	4.1631	5.132	5.2853	4.6726
MM_RS01195	3.0835	4.3944	3.6909	3.3962	2.3905	3.9715	3.9823	5.1315
MM_RS01200	2.1426	3.2476	1.9746	3.5908	2.3905	2.7316	2.5888	3.3833
MM_RS01205	4.2859	3.8968	4.4389	3.7618	3.5401	4.7877	4.875	5.0147
MM_RS01210	7.5804	7.6025	6.6039	7.3834	7.4165	7.1958	6.7349	5.8637
MM_RS01215	6.2588	5.4201	6.2264	4.5471	9.3744	8.8557	8.0479	8.5429
MM_RS01220	6.4895	6.2119	7.606	6.8563	6.7187	6.8687	6.8599	7.157
MM_RS01225	8.221	9.3083	9.1055	10.2265	10.8743	10.916	10.568	10.31
MM_RS01230	6.7207	7.7011	8.5497	8.5309	6.085	6.0831	6.4144	5.7219
MM_RS01235	5.7734	5.8791	5.8432	5.4983	5.4235	6.0183	5.9122	5.6056
MM_RS01240	2.9407	3.9335	3.733	4.2369	2.3905	2.3474	2.5888	1.735
MM_RS01245	2.9407	2.9894	3.6909	3.4968	5.6194	5.4096	5.1349	5.8296
MM_RS01250	4.2859	4.9351	3.8901	3.4968	4.1631	4.334	3.3172	2.6452
MM_RS01255	6.1676	6.2119	4.4133	5.0517	6.085	6.9748	6.5979	5.9929
MM_RS01260	4.2267	4.1671	4.5833	3.3962	3.5401	3.6659	3.3172	2.6452
MM_RS01270	5.7734	6.7562	8.8973	7.8127	6.4364	7.181	8.1493	8.0737
MM_RS01275	4.0328	3.5149	2.5734	2.5638	5.0682	3.2755	4.4339	4.4199
MM_RS01280	6.5628	6.5305	5.1292	5.9657	4.5954	5.6423	4.7768	4.3246
MM_RS01285	5.399	5.2423	6.3253	6.3714	4.3955	4.8634	5.0534	5.3402
MM_RS01290	6.0191	6.0715	5.524	5.6786	8.3385	7.8723	7.122	7.9989
MM_RS01295	7.4955	7.4534	6.2409	7.2185	8.0636	8.2699	7.0815	7.6726
MM_RS01300	6.7207	6.7356	6.2696	6.5087	6.9547	6.4694	6.2041	6.5068
MM_RS01305	6.742	6.4697	5.4632	5.2358	6.9179	6.3692	6.2041	5.7587
MM_RS01310	5.5021	5.8315	5.3997	5.2067	5.0682	4.8634	5.1349	5.0743
MM_RS01315	7.0014	7.4055	6.8983	7.0239	6.7187	7.7077	7.6372	6.934
MM_RS01320	10.4362	9.7916	7.3347	7.4345	10.6293	10.4754	6.7349	6.9969
MM_RS01325	12.5376	12.2763	9.2961	9.8229	11.9391	12.0542	7.7318	8.0217
MM_RS01330	5.551	6.1589	6.6263	5.4244	5.6194	5.5537	3.9823	5.2397
MM_RS01335	10.0926	9.8946	9.8576	10.0393	10.1282	9.8682	9.9869	9.0489
MM_RS01340	8.6265	8.6713	8.9993	8.7073	8.6159	8.5006	8.549	7.7927
MM_RS01345	8.3647	8.0966	7.6879	7.7486	9.0402	8.7846	8.2349	8.1587
MM_RS01350	9.2873	9.3178	9.5633	9.5668	9.9801	9.7536	9.5592	9.2971
MM_RS01355	8.9587	8.8273	7.2758	7.0731	9.4536	10.2667	8.6214	8.846
MM_RS01360	5.966	6.1199	4.464	4.722	7.0596	6.6932	5.4215	6.1395
MM_RS01365	4.2859	4.4204	3.1814	2.3572	3.0819	4.334	4.2986	3.9939
MM_RS01370	0.262	6.634	3.6027	3.0419	4.7709	7.8258	0.262	8.4448
MM_RS01380	5.6885	6.3533	7.4362	7.7537	6.8415	6.2892	7.869	8.1656
MM_RS01385	8.6122	9.136	9.196	10.3454	12.485	12.593	13.2319	12.6531
MM_RS01395	3.2129	2.8397	2.9109	4.4004	5.0682	3.0302	6.6543	5.6056
MM_RS01400	8.6379	9.0862	8.423	9.2886	7.4682	8.9455	7.309	8.4047
MM_RS01405	8.6631	8.928	8.371	8.4923	9.1313	9.4749	9.5629	8.6495
MM_RS01410	7.8725	8.2902	7.495	7.1361	7.959	8.3834	7.9273	7.531
MM_RS01415	8.4669	8.3318	8.4747	8.619	6.9547	6.6724	7.1019	6.485
MM_RS01420	7.5264	7.8056	6.9655	7.4655	8.1294	7.4127	6.5689	6.9179
MM_RS01430	9.2564	9.3844	9.4323	10.4296	9.1941	9.3291	9.0623	8.9805
MM_RS01435	7.9474	7.854	6.5869	6.4102	8.0636	7.3218	6.2041	6.9179
MM_RS01440	7.1516	7.7402	6.1436	6.6558	5.8709	5.3049	4.967	5.388
MM_RS01445	7.2948	7.6554	6.2696	6.0982	7.7863	7.579	7.3265	7.4546
MM_RS01450	7.9383	8.2199	7.9182	8.2324	9.2245	9.0341	8.4806	9.1527
MM_RS01455	6.5628	5.3271	5.6163	5.8388	6.6753	6.4694	7.5655	6.5068
MM_RS01460	8.8578	7.988	8.557	10.0495	9.107	9.2146	9.5105	9.7287
MM_RS01465	2.6008	2.7581	2.1192	1.3762	0.262	0.262	0.262	1.735
MM_RS01470	7.7258	7.2185	5.3059	5.3197	7.3899	7.6554	5.1349	6.6893
MM_RS01475	9.7779	8.8454	9.5517	9.3007	10.6685	9.9636	9.3277	8.9046
MM_RS01480	6.8533	6.5126	5.3197	5.6572	7.3071	6.445	3.9823	4.1128
MM_RS01485	5.0702	4.8611	3.8901	4.2935	4.7709	4.623	5.8653	4.7478
MM_RS01490	6.3305	6.8782	4.9808	5.0517	6.3285	6.3163	5.8167	6.1942
MM_RS01500	7.4251	7.255	6.5983	6.5087	5.4235	5.8794	5.485	5.2908
MM_RS01505	6.6326	6.6505	7.3945	7.065	6.5368	5.9154	7.7318	7.7749
MM_RS01510	3.5418	2.6714	4.3063	5.0185	4.1631	3.8269	3.7933	4.2227
MM_RS01515	5.3165	5.2711	6.8611	7.3506	5.7082	5.004	6.4144	6.631
MM_RS01520	8.1194	7.6444	8.4086	8.7929	7.6805	6.8315	8.425	8.0368
MM_RS01525	4.7309	4.803	6.3116	5.1157	5.1966	4.8634	5.8653	6.0826
MM_RS01530	6.1519	6.9378	7.8557	6.5785	6.6753	6.7541	6.9749	7.1707
MM_RS01535	8.175	8.8237	9.7561	10.9161	8.0122	8.0366	8.6769	8.8114
MM_RS01540	3.4405	3.414	3.2991	4.1165	4.7709	5.0694	5.4215	4.5932
MM_RS01545	2.7814	3.1874	3.7739	3.8402	3.0819	3.4842	1.9869	3.5624
MM_RS01550	7.4446	7.7708	8.706	9.8372	7.9223	8.3244	8.4649	8.2519
MM_RS01555	8.1355	8.0244	10.1309	10.8489	7.8065	7.8353	9.8215	9.4083
MM_RS01560	7.6881	7.0542	7.8198	7.7587	8.2076	7.7281	8.0995	7.952
MM_RS01565	7.2731	7.5299	7.7954	7.5547	8.1768	8.8371	8.3331	8.4837
MM_RS01570	8.0741	8.674	8.1652	7.9767	7.093	7.666	7.2735	6.9815
MM_RS01575	8.9989	8.7099	9.489	9.6716	9.2543	9.1059	9.1579	8.807
MM_RS01580	8.036	8.5085	8.7777	8.9169	7.1886	6.8687	7.5359	7.7749
MM_RS01585	9.055	8.9347	9.2383	9.5825	8.4712	8.9191	8.5266	8.6738
MM_RS01590	6.8238	6.7814	6.159	6.0168	6.2119	5.7657	5.4215	4.6726
MM_RS01595	7.4511	7.3526	6.3657	7.0891	7.636	7.0737	6.2041	6.3709
MM_RS01600	9.7349	9.6111	7.8076	8.9436	9.5164	9.7635	8.4411	8.1026
MM_RS01605	11.832	11.634	9.6707	10.1301	10.685	11.1206	9.5256	9.3003
MM_RS01610	7.358	7.1111	7.6393	7.3305	8.8288	7.7581	8.2804	8.1587
MM_RS01615	4.0328	3.2476	4.2205	3.8402	4.5954	4.7077	6.1265	5.8637
MM_RS01620	1.8302	1.9788	2.666	2.111	3.5401	3.4842	1.9869	2.9374
MM_RS01625	4.6877	5.0888	4.9096	4.9847	3.8854	5.0694	4.5575	5.6454
MM_RS01630	6.1198	6.8688	6.6428	5.6572	8.366	8.1237	6.5091	7.7749
MM_RS01635	9.4281	9.5419	9.6033	10.2364	8.8774	9.0135	8.3672	8.4727
MM_RS01640	10.0282	9.6146	10.0782	10.8762	9.4471	9.339	8.9875	9.0819
MM_RS01645	9.3629	8.9834	9.6442	10.5845	9.82	9.6345	9.8307	9.6079
MM_RS01650	9.3439	9.2141	9.8361	9.9631	10.2879	10.0552	9.1773	9.4623
MM_RS01655	8.9834	8.928	7.9317	8.7253	8.7156	9.0463	8.0479	7.8364
MM_RS01660	7.7934	7.2296	6.7886	7.4593	7.7449	7.2531	7.6785	7.7568
MM_RS01665	10.513	10.6881	9.5451	10.0505	9.1864	10.0039	8.8854	8.456
MM_RS01670	8.4282	8.2778	8.895	8.1277	5.7082	6.445	6.907	5.9929
MM_RS01675	6.1035	6.3932	7.569	6.6877	5.9459	6.9049	6.5689	6.8169
MM_RS01680	7.9151	7.8683	8.7851	9.6352	6.8802	7.0737	7.5508	6.9969
MM_RS01685	7.0362	7.255	7.8768	8.5397	7.0596	6.2892	6.9749	6.1671
MM_RS01690	7.8531	7.7195	8.4037	9.1428	8.7988	8.6575	8.9875	8.5534
MM_RS01695	7.7044	7.8469	6.1818	6	7.0596	6.7739	6.3477	5.6842
MM_RS01700	7.1437	7.0625	7.3582	7.0405	7.093	6.9403	7.3265	6.9815
MM_RS01705	7.3785	8.2937	7.4581	7.7436	7.9223	7.8353	7.9834	7.936
MM_RS01710	3.9619	6.013	6.3789	3.0419	0.262	2.3474	4.4339	2.2706
MM_RS01720	9.0465	9.3587	11.1147	11.4637	9.0988	9.5851	10.5383	10.1093
MM_RS01725	3.8872	3.9335	4.8538	4.2369	3.0819	3.2755	3.9823	2.2706
MM_RS01730	3.725	3.9693	4.1906	3.9144	4.3955	3.6659	4.2986	4.3246
MM_RS01735	6.5865	6.2772	6.2553	5.7808	9.1393	7.9174	8.9029	8.4335
MM_RS01740	4.6432	4.3133	4.2205	4.2935	5.5248	5.1919	5.8653	5.7219
MM_RS01745	3.8872	3.9693	3.6909	2.9004	2.3905	3.2755	0.262	2.6452
MM_RS01750	2.1426	1.3845	2.4739	1.8029	2.3905	3.4842	1.9869	2.6452
MM_RS01755	2.1426	2.7581	1.6174	0.262	3.8854	4.533	4.6713	4.2227
MM_RS01760	4.6432	4.2566	3.9268	2.9004	7.59	7.3873	8.3502	6.6893
MM_RS01765	4.7728	4.8986	3.8137	4.9144	5.1966	5.0694	5.5459	3.9939
MM_RS01770	6.1519	6.234	5.4632	6.318	7.4934	6.6078	5.7665	6.2978
MM_RS01775	4.2267	4.2566	4.7557	4.8021	4.9272	4.334	4.7768	4.5932
MM_RS01780	2.7814	2.9894	4.3338	4.5929	3.8854	3.8269	4.875	4.6726
MM_RS01785	4.1649	3.8591	4.8913	4.9499	3.8854	3.6659	5.0534	4.2227
MM_RS01790	5.892	5.9959	6.1666	6.0168	6.9547	6.2892	7.122	7.2374
MM_RS01795	5.0362	4.3133	4.9457	4.5471	4.3955	3.6659	4.7768	5.3402
MM_RS01800	2.1426	2.9166	3.0527	3.0419	3.5401	2.7316	3.5752	3.7212
MM_RS01805	2.3918	2.479	3.6475	3.2878	3.5401	3.6659	4.875	4.1128
MM_RS01810	4.3427	3.5149	4.2783	3.5908	0.262	3.0302	4.2986	2.9374
MM_RS01815	5.6885	5.4831	5.1135	6.1902	5.0682	3.6659	3.0006	5.1866
MM_RS01820	9.5383	9.6231	7.783	7.5832	9.5941	9.432	6.8112	7.2632
MM_RS01825	8.2982	8.7565	8.9982	9.421	7.2491	7.5677	6.907	6.9969
MM_RS01830	3.6364	4.1042	3.8901	2.7425	5.0682	5.1919	5.2853	5.9297
MM_RS01835	11.0512	11.2028	7.3781	8.8989	10.024	10.0246	7.845	6.3709
MM_RS01840	8.5802	8.3772	8.3205	8.6625	8.1923	7.8815	7.6785	7.3011
MM_RS01845	9.2728	8.7979	9.0342	8.8457	7.9947	8.311	8.1975	7.8953
MM_RS01850	9.8357	10.1142	10.5291	10.8837	9.479	9.6665	9.3871	9.3463
MM_RS01855	10.2209	9.8356	11.4132	10.9272	11.4385	10.792	12.0336	11.3461
MM_RS01860	7.5626	7.6194	5.8901	5.5686	5.5248	5.7657	4.7768	3.9939
MM_RS01870	7.3649	6.8062	8.144	8.1959	6.6753	6.6724	7.1997	7.1151
MM_RS01875	5.6665	6.2914	5.7946	5.4741	5.8709	5.1919	4.4339	5.6454
MM_RS01880	7.0617	6.606	6.405	7.0239	9.0988	8.3377	7.0815	9.5435
MM_RS01885	3.9619	3.9693	4.0648	4.6803	2.3905	4.1028	0.262	3.3833
MM_RS01890	6.8727	6.9777	5.7238	6.205	6.9547	6.8125	5.7665	6.6507
MM_RS01900	6.087	5.5075	5.524	5.5221	6.7608	6.3163	6.1658	5.9616
MM_RS01905	10.4779	10.2898	9.4613	11.3676	15.9282	14.4186	17.0356	15.4763
MM_RS01915	6.4384	7.162	6.6483	5.5221	7.7863	7.281	6.7607	6.7269
MM_RS01920	6.087	6.1666	5.7647	6.6121	10.9514	11.6613	11.3029	11.4876
MM_RS01925	4.1649	2.9894	0.262	0.262	0.262	0.262	0.262	0.262
MM_RS01930	8.3578	7.4597	6.5109	6.8279	11.308	11.8445	9.7904	11.3686
MM_RS01935	8.4509	8.3522	7.3313	7.1049	7.9947	8.1005	7.8926	7.7838
MM_RS01940	7.6267	8.062	7.1884	7.8127	8.0467	7.8905	7.3437	7.3011
MM_RS01945	6.3445	6.6723	5.7134	6.205	5.7082	6.3949	5.7665	5.7587
MM_RS01950	9.3577	10.0886	7.4859	8.7806	10.2514	10.8184	8.8006	9.243
MM_RS01955	7.4317	7.8106	8.1324	7.1514	6.2119	6.3692	5.9577	5.7587
MM_RS01960	8.5015	9.186	8.2647	10.6991	7.977	8.9756	8.2624	7.8535
MM_RS01965	8.0657	9.0389	8.1186	8.3367	9.4145	9.5076	9.0039	8.7938
MM_RS01970	6.244	6.7356	6.0139	6.2767	6.6753	7.579	6.907	6.7082
MM_RS01975	7.5385	8.0845	7.4267	8.1697	7.9408	8.1083	8.2714	7.2243
MM_RS01980	6.1198	6.4256	6.2767	5.8945	6.085	7.3083	6.1265	6.4176
MM_RS01985	5.6885	6.1199	4.2496	3.3962	5.8709	5.9848	3.0006	3.1781
MM_RS01990	6.1832	6.1277	5.0651	4.8021	7.3628	6.9049	4.875	5.388
MM_RS01995	5.477	5.1522	3.2415	3.985	6.2119	6.4694	5.2121	5.5224
MM_RS02000	6.7207	6.7356	5.9622	6.4229	7.093	7.0577	6.93	7.0719
MM_RS02005	7.8821	8.035	8.0017	7.4282	8.1294	7.8723	8.0791	7.9441
MM_RS02010	7.7781	7.3185	8.1575	8.7457	6.1498	6.3949	7.2371	6.7816
MM_RS02015	6.6097	6.5065	6.7071	7.4531	5.5248	6.3949	5.8653	6.4176
MM_RS02020	6.6883	6.3533	8.1575	8.6135	6.4364	6.8315	7.8809	7.8787
MM_RS02025	8.1711	7.7833	9.5311	9.5796	8.7263	8.2204	10.3098	10.1514
MM_RS02030	7.3091	6.6172	5.0975	5.9829	8.5693	8.2699	7.6372	6.8513
MM_RS02035	7.1033	7.3046	7.3945	7.5945	8.0636	8.2906	8.3331	7.7293
MM_RS02040	10.5045	10.3794	10.0706	10.2382	8.8288	9.4133	9.2245	7.7749
MM_RS02045	6.1676	6.5659	5.6051	5.3197	6.5368	6.4694	6.9526	6.4405
MM_RS02050	6.6097	6.9378	6.9959	7.1816	6.4874	5.9154	5.5459	5.5646
MM_RS02055	8.4347	8.674	8.225	9.0187	7.977	7.8723	7.2186	6.934
MM_RS02060	8.5015	8.82	8.5915	9.5553	7.3352	7.7481	7.6785	7.5521
MM_RS02065	7.3511	7.5476	5.9445	6	7.8656	8.0848	6.907	7.0424
MM_RS02070	7.5079	7.3116	8.1518	9.2659	9.0316	8.2276	7.7705	8.1309
MM_RS02075	12.6964	13.8057	11.7073	13.9598	13.5837	14.5344	13.2142	13.9795
MM_RS02080	12.7041	11.8187	14.0361	13.8048	20.5625	19.304	20.0148	19.6974
MM_RS02090	7.4053	8.3318	8.7826	9.0394	10.2178	9.2325	9.3059	9.6911
MM_RS02095	8.5713	8.7152	7.7117	7.7637	7.8462	7.9697	7.7318	7.8449
MM_RS02100	13.6784	12.5057	9.7831	9.2482	13.8406	12.9721	9.6451	8.7351
MM_RS02105	11.6409	10.9232	8.0145	8.3698	11.7482	11.4259	8.0893	7.4658
MM_RS02110	11.7817	10.8902	8.2323	7.9895	10.736	10.7466	6.4782	6.611
MM_RS02115	5.814	5.6893	5.9883	6.2626	6.085	5.4592	6.2041	5.9297
MM_RS02120	7.183	6.5126	6.159	6.601	7.1575	7.0415	6.1658	6.6702
MM_RS02125	0.262	2.479	1.0633	1.3762	2.3905	2.3474	0.262	0.262
MM_RS02130	4.45	4.8611	6.128	6.0662	4.1631	3.9715	5.6604	4.7478
MM_RS02135	5.551	4.803	7.2652	5.8945	5.3145	4.623	4.967	5.7946
MM_RS02140	8.6379	8.4196	9.0057	8.4339	8.1294	7.9697	8.0893	8.186
MM_RS02145	7.6605	7.2729	8.5482	8.2785	9.023	8.5699	8.6836	9.7788
MM_RS02155	7.1033	7.1658	7.0833	6.8563	6.9905	7.2247	7.5056	7.5096
MM_RS02160	2.7814	3.3607	0.262	2.111	0.262	2.3474	1.9869	2.6452
MM_RS02165	4.6432	5.5551	4.5602	4.8405	3.0819	4.334	5.2121	4.5932
MM_RS02170	5.7316	5.4072	5.7946	5.2922	5.7919	5.4096	5.6043	5.5646
MM_RS02175	7.0362	6.8062	6.159	6.6665	6.4364	7.2947	6.8112	6.9179
MM_RS02180	4.45	3.9693	3.2991	3.8402	6.3834	5.9154	6.0018	6.3945
MM_RS02185	4.8531	4.3133	5.3059	5.177	4.1631	4.623	4.2986	4.9524
MM_RS02190	7.1907	6.982	7.5776	6.9203	7.7657	7.7179	7.7577	7.9036
MM_RS02195	8.7069	7.6984	7.3279	6.7495	6.7608	7.0577	6.0446	6.7636
MM_RS02200	4.9657	5.0225	3.5564	4.5929	7.7863	7.9085	8.0583	7.2885
MM_RS02205	7.8725	8.146	7.3107	10.1541	6.8415	7.3083	7.3607	7.4434
MM_RS02210	6.7937	7.0584	8.1028	8.2032	6.7608	6.9049	7.309	7.7659
MM_RS02215	7.6771	8.2162	8.1127	9.137	5.0682	6.1144	5.5459	5.9297
MM_RS02220	6.0364	6.4944	5.4878	4.4999	6.3285	5.6846	5.0534	5.9616
MM_RS02225	4.8531	4.7425	4.4886	3.5908	4.9272	5.0694	5.0534	5.6454
MM_RS02230	4.9291	5.2853	4.6935	4.1779	4.1631	5.3049	5.2121	5.5646
MM_RS02235	5.984	6.2914	5.0651	4.451	5.6194	5.004	4.1492	5.2908
MM_RS02240	1.3968	2.5787	2.9109	1.3762	3.0819	2.3474	1.9869	0.262
MM_RS02245	3.0835	3.1245	2.3662	1.3762	4.1631	4.2231	1.9869	3.1781
MM_RS02250	3.6364	4.7007	3.3545	2.111	2.3905	0.262	2.5888	3.3833
MM_RS02255	2.7814	3.2476	2.666	2.111	3.5401	1.7952	0.262	3.3833
MM_RS02260	6.1359	5.9431	5.5476	6.9557	7.2783	6.8125	6.4467	6.9015
MM_RS02265	7.6437	7.366	6.2977	7.1591	8.3245	7.9951	7.9612	7.8277
MM_RS02270	5.399	4.5904	4.7145	5.1466	6.3834	7.1662	6.4782	7.0274
MM_RS02275	4.6432	3.9335	4.1291	3.6789	4.7709	4.7077	4.4339	4.7478
MM_RS02280	6.6326	6.9378	6.8983	6.1753	9.1786	9.0051	8.7754	9.4285
MM_RS02285	7.2658	7.2296	8.6321	8.6355	8.0122	7.8539	8.6836	7.9989
MM_RS02290	8.0012	7.7783	8.8554	8.7757	8.1294	8.2276	9.1334	9.071
MM_RS02295	7.0617	7.4628	9.0621	9.5379	7.5425	7.4743	9.2105	8.3636
MM_RS02300	7.6493	7.3458	8.2231	6.8279	6.2119	6.2332	6.4782	6.5703
MM_RS02305	4.5973	6.7096	6.2837	6.345	4.5954	5.8046	5.0534	5.7219
MM_RS02310	7.358	6.6116	8.0355	8.6052	5.5248	6.1144	6.7862	6.8682
MM_RS02315	6.1987	6.4635	7.6719	7.6816	6.8802	6.4694	6.9969	7.7749
MM_RS02320	4.9657	4.9351	7.6421	8.4339	5.6194	5.2495	8.4005	8.6149
MM_RS02325	7.2804	6.3734	5.5709	5.6572	6.3285	5.9506	5.485	5.1315
MM_RS02330	4.5499	4.2852	4.9634	4.451	5.1966	4.533	3.5752	3.5624
MM_RS02335	5.1986	4.7217	4.8727	4.1165	6.2119	7.1958	3.7933	6.3709
MM_RS02340	7.7626	7.5594	8.9492	8.8195	10.3164	9.7209	10.0617	11.105
MM_RS02345	11.1748	10.2995	9.5748	8.948	10.3718	10.533	9.243	9.0891
MM_RS02350	7.1516	7.9507	8.2413	7.7786	8.4712	9.2816	8.6494	8.9844
MM_RS02355	10.3404	10.1398	8.9896	9.6063	9.2245	8.6199	9.1134	7.72
MM_RS02360	8.5201	7.8939	8.1206	9.2641	9.1472	9.5626	9.2793	8.9087
MM_RS02365	8.6379	8.2273	7.9473	8.6625	9.0906	8.9147	9.1134	8.767
MM_RS02370	7.2804	7.1151	9.8445	9.068	8.7886	8.8087	10.4811	10.0003
MM_RS02375	8.2693	8.3772	10.795	10.5349	8.1132	8.6681	9.2011	9.2398
MM_RS02380	7.3852	8.2328	8.2718	8.048	7.0255	7.8068	7.4589	7.1843
MM_RS02385	10.6755	10.2024	8.5453	8.0724	12.7112	11.6447	9.6929	11.0844
MM_RS02390	7.7883	7.2074	8.5843	7.6973	8.3104	7.51	8.5416	7.9678
MM_RS02395	6.4122	6.56	7.3781	7.6868	5.9459	6.9577	5.4215	6.3945
MM_RS02400	11.1392	10.8701	10.7714	12.294	10.855	10.4542	10.6875	10.52
MM_RS02405	9.4444	9.1699	9.0764	9.8145	8.7368	8.5979	8.519	8.0591
MM_RS02410	7.9291	8.0053	8.0624	7.6387	6.5368	6.445	6.9526	6.9179
MM_RS02415	5.9295	5.6126	6.1513	5.7407	6.0171	5.5072	6.0018	5.5646
MM_RS02420	5.8339	5.4831	5.1754	4.8021	5.5248	6.0831	4.5575	4.8874
MM_RS02425	4.8916	4.5439	4.6935	4.451	5.7919	4.533	5.9122	5.7587
MM_RS02430	11.5671	12.5927	12.1876	13.9388	11.5312	11.7524	12.166	11.8183
MM_RS02435	4.3427	4.6355	4.1602	3.5908	7.4165	6.7341	5.4215	7.338
MM_RS02440	6.3719	6.0878	6.0308	5.9305	6.1498	6.2892	6.1658	5.6842
MM_RS02445	7.1033	7.0707	6.5169	6.3844	9.1151	8.7894	7.7577	7.7477
MM_RS02450	10.9921	11.3721	10.6414	11.1855	8.4964	9.1556	8.0995	8.2259
MM_RS02455	7.206	7.5418	6.6318	6.1295	7.0596	7.3083	6.0446	6.95
MM_RS02460	7.4185	7.2836	6.2837	6.9644	7.5665	7.7077	5.6604	6.485
MM_RS02465	7.9244	7.8776	7.495	7.3506	8.1294	8.6415	8.2893	7.9912
MM_RS02470	5.399	4.9169	6.8983	5.7203	6.6306	7.634	7.7318	8.2061
MM_RS02475	7.4446	6.5365	8.5628	7.9637	7.2192	7.7581	9.0039	8.6048
MM_RS02480	6.4254	7.935	7.4798	7.8079	7.5425	7.281	8.9875	8.1724
MM_RS02485	7.4251	7.2259	6.405	8.9102	5.0682	5.8046	6.4782	5.6056
MM_RS02490	7.9656	7.3892	6.8421	9.4399	4.1631	6.8125	7.1997	6.5703
MM_RS02500	4.0328	5.5668	5.6274	3.8402	3.8854	5.4096	3.9823	4.9524
MM_RS02505	8.2135	8.6427	8.3188	10.3889	8.5454	9.1367	8.9985	9.4483
MM_RS02510	3.5418	3.5149	6.0639	4.9144	2.3905	2.3474	4.4339	4.3246
MM_RS02515	6.6097	7.1348	7.6144	6.7495	6.3285	7.239	5.7144	6.2726
MM_RS02520	5.4255	5.6349	5.0487	4.3479	5.7082	4.623	4.4339	4.6726
MM_RS02525	7.0362	6.6228	6.7687	7.5662	7.5182	7.634	8.8556	8.2193
MM_RS02530	7.3717	7.3627	7.4362	7.7933	8.9152	8.9058	8.9029	8.7805
MM_RS02535	8.053	7.8032	7.653	8.4118	8.8089	8.7699	9.2338	8.2775
MM_RS02540	8.8084	9.0679	9.3831	9.9368	8.9611	8.9628	9.4159	8.5323
MM_RS02545	8.0783	8.3163	7.8052	8.0065	8.1294	8.3834	8.4806	8.0442
MM_RS02550	8.7389	8.8514	8.5468	8.6218	7.4934	8.0609	8.4411	8.1518
MM_RS02555	7.0362	6.6228	5.7444	6.544	8.694	8.5414	7.8809	7.952
MM_RS02560	8.6576	8.6632	8.2395	8.9348	7.9037	7.7972	7.2186	7.2885
MM_RS02565	5.4255	6.816	4.9278	5.1466	5.7082	5.2495	3.3172	4.5932
MM_RS02570	8.517	8.9063	7.3549	7.2039	8.0122	7.8723	6.2413	7.1151
MM_RS02575	15.4523	15.0606	14.3852	12.8891	14.0029	14.0964	14.5261	12.6984
MM_RS02580	7.5921	7.5239	8.8904	7.5489	6.7187	7.0251	8.4411	7.6532
MM_RS02585	8.4151	8.3871	9.4124	9.6542	8.1454	8.3311	8.9765	8.8672
MM_RS02590	7.3511	7.2442	6.4928	7.0239	8.1294	7.1052	6.6543	7.1432
MM_RS02595	7.1114	6.6172	5.5359	5.5686	6.8802	6.2615	6.5393	6.631
MM_RS02600	7.0785	7.083	6.0883	7.1206	6.085	4.533	5.355	4.9524
MM_RS02605	6.5747	6.5774	5.9969	6.2906	4.3955	6.0183	5.2853	4.5932
MM_RS02610	8.1153	7.7011	6.9959	7.2756	7.1886	7.1512	6.5393	6.4405
MM_RS02615	5.8339	6.0215	5.703	5.6136	5.9459	6.3949	5.6043	5.7587
MM_RS02620	5.814	6.0384	4.6504	4.0523	4.5954	5.6423	5.1349	4.3246
MM_RS02625	7.5862	7.611	5.7946	5.8945	6.085	6.5403	5.9577	5.4342
MM_RS02630	8.3578	8.3505	9.0814	10.5061	9.2906	9.1098	8.993	8.5163
MM_RS02635	7.2948	7.1811	7.8884	9.0456	5.4235	5.1919	5.6043	6.0234
MM_RS02640	7.4575	7.9078	8.5843	9.5937	6.2119	6.4934	6.6543	6.6507
MM_RS02645	6.7937	7.5358	7.8534	7.8223	7.1575	7.8723	7.8809	8.1792
MM_RS02650	5.814	5.7823	7.0298	5.5221	7.5425	6.9918	4.2986	6.885
MM_RS02655	3.725	4.3944	3.0527	3.7618	7.2491	5.5072	5.485	6.5494
MM_RS02660	5.5268	5.9609	5.0651	5.3197	3.5401	4.623	2.5888	3.3833
MM_RS02665	4.5008	5.1522	4.0315	4.1165	4.3955	4.334	3.3172	3.3833
MM_RS02670	3.6364	4.0043	4.3873	3.2878	5.0682	5.3582	4.1492	4.5932
MM_RS02675	6.9293	6.9733	5.9969	5.7407	7.7023	7.4001	6.3814	6.8513
MM_RS02680	5.551	5.7417	4.8913	5.4983	5.5248	5.3582	4.7768	5.1315
MM_RS02685	6.1035	6.5065	4.3608	4.0523	4.9272	5.1919	5.2121	5.388
MM_RS02690	2.3918	2.479	1.0633	1.3762	3.8854	2.3474	1.9869	2.6452
MM_RS02695	8.2286	7.8939	6.6207	7.3834	7.8848	8.5241	6.2413	7.0572
MM_RS02700	0.262	7.2514	0.262	0.262	8.3104	7.8258	8.1296	0.262
MM_RS02705	5.9295	6.451	7.4267	7.8175	7.0596	5.9848	7.4106	7.72
MM_RS02710	4.5499	4.8226	6.3524	6.6232	3.8854	5.4592	7.3776	6.0533
MM_RS02715	6.4254	5.6013	7.8768	8.6837	6.2714	6.7541	7.8926	8.1239
MM_RS02720	7.3852	7.2976	8.71	10.0423	7.3352	7.7778	9.1234	9.243
MM_RS02725	7.952	7.4845	9.5229	10.0526	6.7608	6.8315	8.4961	8.0955
MM_RS02730	7.1196	6.4944	8.7851	10.3881	6.5844	6.6297	8.0687	7.7927
MM_RS02735	9.356	8.9975	9.6707	10.5936	12.5644	12.4569	14.1126	13.5663
MM_RS02740	9.6107	9.9569	10.0691	13.3895	9.0487	9.8144	9.8993	10.2222
MM_RS02745	8.8109	8.0329	8.1324	7.5604	8.5088	7.8815	7.9834	8.239
MM_RS02750	4.3974	4.3944	5.2494	4.6372	4.7709	4.8634	5.4215	6.0533
MM_RS02755	4.7309	5.1366	4.2783	4.1779	5.5248	5.4096	6.6543	5.3402
MM_RS02760	0.262	5.3941	0.262	5.6996	8.581	7.5334	6.4467	6.1113
MM_RS02765	5.7316	4.803	4.2205	4.2369	9.5286	8.5414	7.6089	6.934
MM_RS02770	6.3305	6.0715	5.1754	5.5686	5.4235	5.6846	2.5888	4.8193
MM_RS02775	4.5008	4.7425	2.834	3.3962	4.7709	4.7077	3.7933	3.1781
MM_RS02780	5.4255	5.1979	4.8538	4.7626	6.0171	4.8634	3.3172	4.8874
MM_RS02785	5.9295	6.0384	5.2919	5.7609	6.8415	6.6724	5.9122	6.3945
MM_RS02790	1.8302	0.262	1.3816	1.3762	0.262	1.7952	2.5888	3.3833
MM_RS02795	6.3022	6.0215	7.4106	7.1128	6.3285	6.145	8.0267	7.4434
MM_RS02800	8.3371	7.9988	9.2311	8.4339	8.1132	8.2768	9.5702	8.0882
MM_RS02810	5.399	4.9881	4.4133	3.5908	3.8854	4.1028	3.5752	4.1128
MM_RS02815	5.229	5.8507	6.9479	6.8374	3.8854	4.1028	5.8167	4.8874
MM_RS02820	8.3647	7.9055	7.5191	7.1891	7.2192	7.2947	6.9969	6.7082
MM_RS02825	5.7734	5.9251	5.3735	4.8405	5.9459	5.7657	6.3131	5.6842
MM_RS02830	4.3974	4.136	4.9981	4.451	3.5401	3.8269	4.2986	4.9524
MM_RS02835	5.7102	5.381	6.6646	6.4479	6.7608	7.0737	5.8653	6.885
MM_RS02840	11.6285	11.5607	10.6372	11.5004	11.0565	11.1031	10.2333	9.6816
MM_RS02845	3.0835	2.1237	1.81	0.262	2.3905	3.2755	0.262	1.735
MM_RS02850	3.6364	2.5787	3.459	3.1703	6.6753	4.334	2.5888	4.8874
MM_RS02855	5.7316	6.634	4.4389	3.8402	3.5401	3.9715	4.6713	4.1128
MM_RS02875	2.9407	2.6714	2.666	2.3572	4.3955	3.8269	3.0006	4.3246
MM_RS02880	8.6464	8.464	8.1088	7.981	8.5928	8.6891	8.3756	7.8787
MM_RS02885	6.7524	6.4191	5.0152	5.0185	6.8802	6.7739	5.4215	5.2908
MM_RS02890	6.3165	5.4582	5.0487	4.4004	7.8656	6.8869	5.6043	5.5224
MM_RS02900	7.1196	6.8258	5.4756	5.5686	6.3834	6.2892	3.9823	4.7478
MM_RS02905	5.1034	4.6793	4.6721	4.2935	4.9272	4.334	4.967	4.5091
MM_RS02910	4.6432	5.2568	3.5086	4.0523	4.1631	3.8269	0.262	3.1781
MM_RS02915	5.372	5.1676	5.0487	4.8021	7.1575	6.7341	6.0861	6.3226
MM_RS02920	7.952	7.9967	7.5919	6.9023	6.2714	6.3692	4.967	5.6454
MM_RS02925	4.0328	3.8591	4.5129	3.9144	4.9272	4.8634	6.5393	5.0743
MM_RS02930	2.6008	1.8139	3.6475	2.9004	0.262	2.7316	0.262	1.735
MM_RS02935	7.1907	8.4655	7.4425	9.0124	5.1966	5.3582	4.5575	5.1315
MM_RS02940	3.6364	3.8968	4.606	4.9144	3.0819	4.623	4.7768	4.5932
MM_RS02945	5.4515	5.3133	6.219	5.4741	5.4235	5.6846	7.0398	6.7816
MM_RS02950	4.2859	4.0716	5.5359	4.6372	5.0682	4.8634	5.7665	5.4342
MM_RS02955	5.6214	6.0215	7.5221	6.4726	4.9272	5.0694	6.0861	5.2908
MM_RS02960	4.5499	4.5439	7.2544	5.084	4.5954	3.6659	5.485	4.8874
MM_RS02965	5.892	5.7417	7.1033	6.645	5.0682	4.623	5.1349	4.5091
MM_RS02970	7.2511	7.2622	6.5347	8.3266	6.9547	6.3163	6.0018	5.9297
MM_RS02975	7.3649	7.5739	4.9096	6.1602	6.5844	6.7933	5.485	5.1866
MM_RS02980	0.262	2.1237	2.3662	2.111	3.5401	3.2755	3.5752	4.1128
MM_RS02990	5.551	6.56	7.6228	5.7203	6.5844	6.8502	6.7862	6.5703
MM_RS02995	4.3427	5.5075	6.3657	3.3962	4.1631	4.8634	3.3172	2.6452
MM_RS03000	5.892	5.3408	5.2055	4.8405	5.0682	5.2495	4.5575	4.1128
MM_RS03005	2.9407	2.6714	2.9109	2.111	3.8854	3.0302	5.2121	3.1781
MM_RS03010	6.3305	6.5542	6.8983	6.9469	4.1631	5.132	5.6604	4.2227
MM_RS03015	3.4405	2.3711	5.5593	3.4968	0.262	2.7316	3.9823	3.1781
MM_RS03020	2.1426	3.6091	6.2264	2.5638	2.3905	3.4842	5.485	2.2706
MM_RS03030	4.7728	7.1581	10.8826	6.7495	5.1966	6.6512	7.8083	4.8193
MM_RS03035	4.1004	3.8204	4.1291	3.0419	8.1132	7.45	6.4144	6.9015
MM_RS03040	3.8872	5.1979	8.6635	4.7626	3.8854	4.2231	5.7665	4.1128
MM_RS03045	4.0328	4.0043	6.6591	4.7626	0.262	3.4842	4.2986	2.9374
MM_RS03050	5.2587	5.3941	5.8045	4.7626	5.3145	5.5072	4.2986	5.479
MM_RS03055	7.3785	6.3466	4.3873	4.6372	6.2119	5.4592	5.0534	4.5932
MM_RS03060	7.6661	8.2636	7.9136	8.3062	7.59	8.0768	8.971	7.2243
MM_RS03065	7.5626	7.6608	6.9699	7.3102	8.2818	9.0422	7.9387	7.9036
MM_RS03070	6.0191	6.1666	5.1448	5.3197	7.7657	7.634	6.7862	6.7454
MM_RS03075	11.0443	10.7496	10.7673	11.2155	10.4054	10.1639	10.2765	9.8635
MM_RS03080	10.077	9.748	10.5442	9.9223	10.8006	10.2368	10.6113	10.0842
MM_RS03085	8.9519	8.9659	9.3994	10.1175	8.5574	8.5979	9.1432	8.8798
MM_RS03090	9.0098	8.7552	8.1954	9.2624	9.2689	9.5569	8.9374	9.1353
MM_RS03095	6.3022	6.6116	7.3549	7.0569	6.9905	7.0415	7.7832	7.2885
MM_RS03100	10.9154	11.0584	10.6554	11.2879	14.5812	14.8641	14.3374	15.0018
MM_RS03105	7.5804	8.5546	10.0787	10.3312	6.7608	7.1207	7.6372	7.8787
MM_RS03110	9.2527	9.3435	10.7172	11.6398	8.5211	8.5923	8.8795	9.4026
MM_RS03115	6.2734	6.5542	7.6503	7.671	7.6584	9.0784	9.4281	10.0586
MM_RS03120	7.8433	7.7011	9.162	9.2428	6.3834	7.0415	7.2186	8.3931
MM_RS03125	5.2879	5.6013	6.6699	7.3305	5.0682	5.8794	5.1349	6.4176
MM_RS03130	6.087	6.8258	7.4456	7.9852	7.1256	7.9697	8.6072	9.06
MM_RS03135	6.8337	7.88	9.8897	10.1879	5.4235	6.8869	7.7705	7.5832
MM_RS03140	6.644	7.1735	9.2374	9.2121	5.7082	6.7341	6.8357	7.5832
MM_RS03145	5.2587	5.7417	5.4255	5.3197	5.7919	5.8425	5.8167	5.7587
MM_RS03150	7.7312	8.6941	8.6526	7.6816	6.7187	7.2947	6.8599	6.631
MM_RS03155	6.7835	7.5089	8.415	7.0487	6.2714	6.5857	6.8112	6.485
MM_RS03160	6.8918	7.1151	5.8239	5.8004	6.3285	6.2332	4.7768	5.7946
MM_RS03165	4.2859	4.3133	3.9268	4.3479	3.5401	4.533	4.6713	4.6726
MM_RS03170	7.773	7.5179	6.0224	5.7203	7.7238	7.239	7.5801	6.0234
MM_RS03175	5.1034	4.8799	3.9975	3.8402	4.3955	4.334	5.6604	4.5091
MM_RS03180	8.385	8.1577	9.5027	7.7786	7.6805	7.768	7.7832	7.9834
MM_RS03185	4.1004	4.2852	5.4507	4.9144	4.5954	5.132	6.3477	5.8971
MM_RS03190	7.8725	8.0031	7.3977	7.1514	9.6512	9.4227	8.7368	8.9609
MM_RS03195	6.0535	6.2558	6.3184	6.9469	7.3899	7.4622	7.9159	8.0442
MM_RS03200	5.9479	6.634	6.564	7.1284	6.1498	6.4694	5.0534	6.2208
MM_RS03205	6.6992	6.4759	6.128	6.9644	6.2714	6.5857	6.3814	5.4342
MM_RS03210	7.0362	7.3925	6.3985	7.1666	7.9223	7.4377	6.8357	7.0572
MM_RS03215	3.8872	4.6132	3.6027	4.1779	5.7919	5.6423	3.7933	5.7219
MM_RS03220	5.5983	4.6576	4.6284	4.1165	6.085	5.004	5.9577	5.6056
MM_RS03225	8.1672	8.8382	8.9591	7.7736	6.9179	7.634	7.2735	7.374
MM_RS03230	9.2981	9.1193	9.3432	8.9806	8.7886	8.5241	9.2971	8.2901
MM_RS03235	8.0187	7.444	7.0423	7.1741	8.4585	7.5564	7.5801	6.6507
MM_RS03240	6.6326	6.1434	5.7748	6.8656	5.3145	4.1028	4.2986	2.6452
MM_RS03245	5.9295	5.9342	5.4878	5.4983	6.2714	5.5537	5.6043	5.2397
MM_RS03260	3.725	3.3607	4.0648	3.2878	3.5401	2.7316	5.2853	4.2227
MM_RS03265	5.0702	4.9881	6.1436	5.4244	3.5401	3.8269	4.7768	3.8641
MM_RS03270	7.8236	7.0542	9.163	8.9502	8.952	8.2418	11.0872	11.3194
MM_RS03275	9.2303	8.6564	10.7477	11.8284	8.3796	8.4401	10.2832	11.0616
MM_RS03280	9.2801	9.3645	11.6189	14.0113	8.9245	8.7894	10.4536	10.9517
MM_RS03285	10.8449	11.256	10.827	11.7443	8.1454	8.2418	8.2163	8.953
MM_RS03290	8.3231	8.4887	7.6932	8.2069	8.9968	9.1631	7.9723	8.7397
MM_RS03295	8.1274	8.2218	8.1382	8.0884	7.3071	6.9748	6.9969	7.3135
MM_RS03300	8.9856	9.5697	9.1134	10.3792	7.8065	8.2837	8.5037	8.2127
MM_RS03305	8.9789	9.4715	8.4373	9.0456	8.1294	8.5124	8.0791	8.1792
MM_RS03310	9.6589	9.4854	9.1223	9.9889	10.0153	9.875	10.0407	9.8098
MM_RS03315	9.4117	8.9899	9.4075	9.929	8.9152	9.1891	10.8103	9.781
MM_RS03320	8.1153	8.3403	8.2647	9.389	7.3899	7.2947	7.7187	7.9678
MM_RS03325	7.1752	7.8252	7.7529	8.7406	6.9905	7.4001	7.2735	7.4658
MM_RS03330	6.9107	7.1543	6.3524	7.3769	7.7023	8.6839	7.8083	8.4335
MM_RS03335	4.1004	4.4957	4.6504	5.8197	5.7082	6.175	6.8357	7.3975
MM_RS03340	3.2129	2.1237	2.5734	3.9144	2.3905	3.2755	3.3172	4.1128
MM_RS03345	4.5499	4.6793	4.7557	4.4999	5.4235	5.2495	4.967	6.485
MM_RS03355	7.9104	8.1557	7.9339	7.3572	7.9223	7.8632	7.4746	7.0122
MM_RS03360	7.2137	6.5305	6.4179	6.9817	9.7745	9.03	7.9043	8.2519
MM_RS03365	9.3594	8.9867	8.1127	8.0149	9.9756	9.229	7.5801	7.8364
MM_RS03370	9.1788	8.9029	7.1426	7.5719	9.805	9.1214	7.6785	7.0424
MM_RS03375	6.9568	5.5315	7.9068	8.8574	6.5368	6.6512	7.7705	7.8016
MM_RS03380	8.1315	7.1696	8.9624	9.9889	8.1294	7.4982	8.9202	8.7351
MM_RS03385	8.4637	7.813	7.3003	7.4531	10.798	9.9849	9.736	8.945
MM_RS03390	7.4053	7.7758	7.3313	7.0323	6.8415	8.0035	7.4746	8.239
MM_RS03395	6.5982	6.7511	7.2969	7.1049	6.7608	6.4694	7.6511	7.338
MM_RS03400	5.8729	5.2994	7.1192	6.9381	5.6194	5.5986	7.6089	7.4091
MM_RS03405	8.5861	6.8641	8.1245	7.5137	6.8802	6.3949	7.5946	7.4206
MM_RS03410	7.3303	6.7043	8.1841	8.1277	8.7988	7.579	8.4411	8.6199
MM_RS03415	5.5268	4.8986	6.7331	5.4495	6.085	5.5986	7.2914	7.1151
MM_RS03420	7.0617	6.2044	8.6902	8.715	6.9547	6.1144	8.549	8.0293
MM_RS03425	6.8337	7.0459	8.2998	7.7982	6.9547	6.3163	8.307	7.8953
MM_RS03430	6.087	6.0045	7.6311	7.9016	7.0255	6.2044	8.2982	7.3621
MM_RS03435	8.0187	7.6053	8.7801	9.098	7.3628	7.0415	8.2349	8.2193
MM_RS03440	8.2874	7.9728	8.3359	8.7431	7.6584	7.7077	8.0791	8.0368
MM_RS03445	5.5749	5.7622	5.5938	5.2067	8.0803	7.935	7.3437	7.3011
MM_RS03450	2.6008	3.0586	2.3662	1.8029	3.8854	3.8269	5.2853	3.3833
MM_RS03455	8.1435	8.2032	9.1687	9.8987	7.5425	7.7179	7.692	7.432
MM_RS03460	8.9654	8.7905	10.2802	11.109	8.2961	7.9438	8.188	8.1026
MM_RS03465	3.9619	4.4711	3.6027	3.0419	4.1631	4.623	5.1349	2.9374
MM_RS03470	10.9055	11.3741	9.8699	11.7663	11.4515	11.2309	9.9648	11.1815
MM_RS03475	8.9677	10.1271	7.9562	7.9506	9.3676	9.3653	8.9543	9.3003
MM_RS03480	7.8086	7.6743	6.8844	6.8087	5.7919	6.3949	4.875	5.0147
MM_RS03485	8.4828	8.1653	10.2033	11.2394	6.9547	7.51	8.1493	8.925
MM_RS03490	6.5509	6.5832	7.9715	8.0924	6.9547	6.9577	8.4961	7.531
MM_RS03495	7.4955	7.28	8.7269	8.4402	8.3796	8.2699	9.036	9.1561
MM_RS03500	9.8468	10.2406	9.2987	9.7987	11.4206	10.9651	10.874	10.3345
MM_RS03505	7.095	6.7253	6.2481	5.9482	7.5665	7.4127	7.4589	7.1151
MM_RS03510	9.1846	9.2243	8.6648	10.4805	10.7334	9.8999	7.9043	8.1927
MM_RS03515	9.8008	10.0006	10.1676	10.332	9.312	9.6665	9.1482	8.7304
MM_RS03520	10.3473	10.1807	11.1365	10.3808	10.7955	10.1898	11.2502	10.333
MM_RS03525	9.615	9.6507	10.1397	10.7913	9.6172	9.1817	9.617	8.7715
MM_RS03530	9.5623	9.8259	8.9701	9.6888	8.4712	8.4026	8.4649	8.1449
MM_RS03535	6.8337	6.606	6.8469	7.065	6.7187	6.5632	7.6648	7.4206
MM_RS03540	7.3373	7.4022	8.4278	8.848	7.7023	7.45	8.7038	8.527
MM_RS03545	8.1435	7.6797	7.5574	7.5719	9.1472	9.102	8.8912	8.4047
MM_RS03550	7.0014	6.7408	6.5229	6.145	5.3145	5.9154	3.3172	5.5224
MM_RS03555	6.5865	6.0878	6.4806	6.7695	5.7919	5.6846	5.2853	5.7219
MM_RS03570	10.7348	10.1442	8.5971	10.2675	10.6207	10.8675	9.4077	10.2723
MM_RS03575	7.9835	7.2906	5.5476	7.6441	5.8709	7.3873	5.1349	6.3226
MM_RS03580	9.9312	9.7884	8.6431	9.8	10.2254	10.2386	7.845	9.2102
MM_RS03585	5.7316	5.4707	6.912	2.3572	4.3955	5.004	6.4782	0.262
MM_RS03590	10.165	10.0754	8.8753	10.9076	9.7796	9.2643	8.971	8.7071
MM_RS03595	9.6658	8.809	9.2635	10.1426	9.9531	9.2782	9.5592	8.945
MM_RS03600	7.1516	6.6884	8.6321	8.937	7.8462	6.9403	8.8253	8.4672
MM_RS03605	6.1359	6.2119	8.1728	8.1922	7.9037	8.2489	9.5332	9.243
MM_RS03610	7.3717	7.5535	8.2158	8.2179	7.1575	7.239	6.5689	7.7568
MM_RS03615	6.9837	7.376	8.2894	8.3198	6.2119	7.2671	6.93	7.8364
MM_RS03620	10.8818	10.5591	10.9786	10.9205	10.9672	10.5842	11.2514	10.8339
MM_RS03625	9.0802	8.2364	10.4612	11.4583	8.9701	7.9085	10.1328	9.0927
MM_RS03630	5.9479	5.9698	7.773	6.3583	6.6753	6.2044	7.309	6.7993
MM_RS03635	11.4656	11.5952	9.8885	11.3073	12.1046	12.8388	10.3762	10.6819
MM_RS03640	7.6267	7.3185	6.6646	6.8932	8.6273	7.9951	9.4281	7.8191
MM_RS03645	8.5861	8.3042	7.5399	8.2924	7.3899	7.281	6.6543	6.7082
MM_RS03650	9.4508	9.6154	7.589	7.1438	12.9097	12.9224	11.2785	10.4472
MM_RS03655	9.8926	9.4669	11.343	10.7134	9.6172	9.5483	10.1203	9.8907
MM_RS03660	6.9837	6.5717	6.2264	5.8576	7.0255	7.1958	6.5979	6.9179
MM_RS03665	6.0017	6.606	5.5824	5.3466	6.8802	7.1512	6.5393	6.9969
MM_RS03670	5.8339	5.4953	5.703	6.6558	7.1886	6.5857	6.2413	7.3258
MM_RS03675	7.5745	7.9618	6.6699	7.6441	8.393	8.5241	7.4589	7.9118
MM_RS03680	9.4428	9.7045	9.4108	10.1214	7.4426	8.1314	7.5508	7.8191
MM_RS03685	10.3866	10.0361	9.8693	10.1963	9.2169	9.5076	8.5711	9.0189
MM_RS03690	5.3165	4.6355	5.2349	4.7626	6.3834	7.3744	7.0185	8.1169
MM_RS03695	8.8358	9.1084	8.9939	10.6269	8.6831	8.4767	8.4005	8.0442
MM_RS03700	11.4374	11.3616	7.9562	8.9102	11.4911	11.0706	7.8206	8.0442
MM_RS03710	11.3912	12.5411	10.3615	12.8911	12.0472	12.2633	10.1303	12.3382
MM_RS03715	8.2766	9.3358	8.8158	9.4226	10.6406	11.1966	10.0926	10.3676
MM_RS03720	11.3916	12.5439	10.1518	13.0274	11.8259	12.3468	11.5334	12.084
MM_RS03725	7.8335	6.7764	8.0397	6.8656	10.5948	8.9324	8.7626	10.6614
MM_RS03730	3.0835	3.3053	3.6475	1.8029	3.5401	4.1028	5.355	4.3246
MM_RS03735	8.273	8.3538	8.2788	8.2142	7.3352	7.4001	7.3607	6.5068
MM_RS03740	8.3371	8.2455	9.3056	10.6814	7.9408	8.1542	7.9943	7.9912
MM_RS03745	7.8384	7.8635	8.4262	8.6731	8.8678	9.0341	9.2658	9.4623
MM_RS03750	8.7204	8.619	9.1223	9.4814	9.3261	8.6994	9.5739	9.2592
MM_RS03755	6.2139	6.4062	5.6494	5.3466	6.2119	5.5537	5.5459	5.6842
MM_RS03760	7.7312	7.7273	6.5406	7.0239	7.4426	7.239	6.7349	6.5703
MM_RS03765	13.138	13.6915	4.6504	7.4282	10.7281	11.8013	3.5752	4.5932
MM_RS03770	12.3145	12.955	2.834	6.7892	10.1282	10.8525	0.262	3.1781
MM_RS03775	9.837	10.5847	2.1192	5.9829	9.7381	10.1432	3.5752	2.9374
MM_RS03780	12.8001	13.2287	4.9808	8.1082	10.9649	11.9935	5.1349	5.2397
MM_RS03785	12.01	12.6218	5.6274	8.3566	12.9254	13.8216	6.7349	7.952
MM_RS03790	12.7901	13.6669	8.3776	8.6382	11.25	12.4935	6.8836	7.7293
MM_RS03795	11.2013	11.9068	5.4255	7.0156	10.7596	11.7642	6.3477	6.4629
MM_RS03800	9.6164	10.2511	4.0973	5.8197	8.4838	9.7184	4.6713	3.1781
MM_RS03805	8.6064	8.534	3.9268	4.8405	8.8089	9.7133	3.9823	3.3833
MM_RS03810	8.6907	9.3828	4.4886	5.4244	9.7061	10.6604	3.9823	6.0533
MM_RS03815	7.1276	7.3185	7.0793	6.0499	7.3899	7.3351	6.0861	6.5068
MM_RS03820	10.405	10.1995	6.7636	8.2785	10.1442	10.3869	7.1997	7.4206
MM_RS03825	11.5321	11.7766	5.5476	6.345	11.3026	11.8305	4.1492	3.3833
MM_RS03830	13.3367	13.1802	6.5049	8.1355	13.5723	13.8515	7.2735	5.2397
MM_RS03835	5.0362	5.1208	2.834	3.0419	4.1631	4.533	4.6713	2.9374
MM_RS03850	3.6364	4.6793	4.0973	3.7618	4.3955	3.4842	1.9869	2.2706
MM_RS03855	5.4515	5.1522	5.8045	6.2906	4.9272	4.334	4.4339	4.3246
MM_RS03860	7.5685	7.7883	7.5719	8.7073	4.7709	5.2495	4.875	3.5624
MM_RS03865	7.9701	9.4338	7.7855	7.7786	6.8802	5.3582	0.262	6.2208
MM_RS03875	6.8631	6.7148	5.6051	5.373	6.5368	5.6423	4.2986	5.1866
MM_RS03880	5.399	5.6238	5.5938	5.5455	5.0682	5.0694	4.7768	4.6726
MM_RS03885	5.0362	5.1522	5.3997	5.6356	3.0819	3.2755	3.3172	3.7212
MM_RS03890	4.9291	4.6576	7.3107	7.3899	5.3145	6.1144	7.2914	7.2759
MM_RS03895	5.3445	5.721	6.4928	6.7495	5.3145	5.8046	6.0861	7.0424
MM_RS03900	8.8723	7.8007	4.4133	4.1779	7.959	7.8068	5.5459	5.6056
MM_RS03905	7.6549	7.3219	11.5969	11.8908	6.6306	6.3692	10.0248	8.9209
MM_RS03910	8.2656	8.1825	6.3789	6.8087	7.4682	7.3351	6.7862	6.0234
MM_RS03915	4.9291	4.3944	4.3338	3.6789	6.3834	5.7257	5.5459	6.0533
MM_RS03920	7.2658	7.6471	8.4405	8.7929	7.2491	7.634	9.2338	7.8016
MM_RS03925	5.5983	6.03	6.0391	6.3316	5.5248	5.7257	7.1997	6.5494
MM_RS03930	7.3303	8.1166	4.9457	5.2922	7.1575	7.2947	3.3172	5.8637
MM_RS03935	9.0571	9.4777	9.4936	5.4244	8.7578	9.0824	8.1296	5.3402
MM_RS03940	8.7494	9.487	9.9143	5.4983	6.5368	8.3244	6.2041	4.3246
MM_RS03945	8.0273	8.0138	9.182	5.0517	7.6584	8.2204	6.7085	4.7478
MM_RS03950	7.9968	7.4471	10.0413	6.1902	7.3071	6.5403	7.122	4.8193
MM_RS03955	9.3212	9.0812	9.8259	9.5825	8.7988	8.6734	8.8616	8.2519
MM_RS03965	5.8729	5.6893	5.5121	6.1902	5.5248	4.9354	4.4339	3.9939
MM_RS03970	7.0276	8.754	9.804	9.5697	5.8709	7.2103	8.5037	7.4434
MM_RS03975	7.7883	7.7908	8.4405	7.8555	8.6499	8.0689	8.7817	8.1098
MM_RS03980	7.3717	7.3859	7.1426	7.6816	4.7709	4.1028	4.5575	3.3833
MM_RS03985	8.3884	9.4839	7.495	9.1019	7.0255	7.8446	6.93	7.0864
MM_RS03990	7.4829	7.2906	7.7272	8.4923	9.305	9.1137	10.4235	10.0696
MM_RS03995	9.5307	9.876	9.8427	10.5254	12.1821	12.127	11.6788	11.7458
MM_RS04000	5.3165	5.8022	6.0391	6.0499	5.1966	5.8046	6.907	6.9179
MM_RS04005	4.5008	4.0043	3.459	3.3962	6.4364	6.5171	5.7665	6.0234
MM_RS04010	10.6946	10.2182	10.024	9.929	10.8156	9.9658	9.9281	8.9046
MM_RS04015	9.3612	9.5813	9.3339	8.7707	9.0143	8.8878	8.971	8.1026
MM_RS04020	5.5268	5.056	5.6051	4.8405	8.2377	7.1207	8.0267	7.0122
MM_RS04025	7.0014	7.1543	7.8052	7.1965	9.2094	7.8068	8.188	9.0746
MM_RS04030	7.8285	0.262	7.013	6.8656	10.9604	10.9026	10.2832	10.659
MM_RS04035	6.9107	7.3859	8.7047	8.7253	6.1498	6.5403	7.4106	7.8016
MM_RS04040	2.9407	2.3711	2.666	2.9004	2.3905	1.7952	3.0006	0.262
MM_RS04045	9.923	10.9429	10.7867	10.8565	10.2514	9.9615	10.4436	9.9614
MM_RS04050	8.4347	9.1564	8.2231	8.8362	8.3104	8.2347	7.8206	7.8016
MM_RS04055	8.0488	8.1324	7.3781	6.9987	10.5444	9.7635	8.3839	10.4416
MM_RS04060	8.1112	7.399	6.9435	7.6223	8.5574	7.8995	8.1688	7.8191
MM_RS04070	7.8725	7.3116	9.3466	11.1734	9.3401	10.1898	10.2448	11.6103
MM_RS04075	10.3325	9.6886	11.1343	13.3246	10.2734	11.0596	10.5988	12.3033
MM_RS04080	10.9777	10.4285	11.5248	13.1593	10.4671	11.2282	10.4174	12.3276
MM_RS04085	9.0444	8.6794	9.6807	10.8222	8.7156	9.7733	8.7498	10.7301
MM_RS04090	9.5947	8.8273	9.7485	10.8293	10.0454	10.635	10.2005	11.803
MM_RS04095	9.6974	9.8199	9.8499	10.9504	9.6456	9.761	9.3277	10.2189
MM_RS04100	9.9844	10.4888	11.0459	13.3463	8.0636	8.6839	8.7562	9.874
MM_RS04105	12.3299	11.953	11.7392	12.7531	12.4233	12.5646	12.1161	12.7553
MM_RS04110	9.5504	9.9849	8.7777	9.773	9.7486	10.2171	10.7932	10.9695
MM_RS04115	2.7814	2.1237	2.1192	1.8029	2.3905	3.0302	0.262	2.6452
MM_RS04120	8.3371	7.9529	8.1652	8.2106	6.4364	6.3692	6.0861	5.8637
MM_RS04130	9.4314	9.4785	8.4405	8.35	8.6611	9.5934	8.4491	7.5934
MM_RS04135	6.9926	7.0789	5.4632	5.5686	7.3352	8.2699	6.1265	6.5908
MM_RS04140	11.4219	10.913	10.6	11.359	13.235	12.9694	11.9418	12.9147
MM_RS04145	6.6774	8.7204	6.2767	9.5115	8.6499	9.2782	7.7318	9.4623
MM_RS04150	8.5594	7.7883	5.4127	5.6356	8.6386	8.5586	6.5689	6.347
MM_RS04155	5.1034	4.8986	4.9808	5.3466	7.3899	6.175	6.4144	5.6842
MM_RS04160	6.5982	5.9521	5.2494	5.373	7.3899	6.9748	6.4144	6.5283
MM_RS04170	6.8918	6.9777	6.1893	5.4741	4.9272	4.334	0.262	3.5624
MM_RS04175	8.3613	8.0223	7.3073	6.6771	6.4364	5.8046	5.4215	5.5224
MM_RS04180	10.5099	10.2297	11.55	11.1139	13.1325	13.8053	12.2789	13.4524
MM_RS04185	7.7883	7.8032	8.7739	9.6035	8.9879	8.6628	9.1184	8.5429
MM_RS04190	10.2218	10.007	7.5776	6.8563	8.3523	8.4767	6.2776	6.6702
MM_RS04195	7.7152	7.7116	8.4166	7.7835	8.3796	7.2103	8.4649	7.7659
MM_RS04200	9.5904	9.5456	10.5202	10.2596	9.5706	9.1706	10.15	10.0193
MM_RS04205	8.3054	8.937	10.9864	10.977	7.9408	8.2699	10.0032	9.5143
MM_RS04210	7.2288	7.1504	9.2044	8.528	7.7657	7.4622	9.6828	8.7849
MM_RS04215	7.5385	7.7883	9.9507	9.232	8.1294	8.0848	10.2788	9.9964
MM_RS04220	6.0017	6.8735	8.9591	9.3347	6.085	4.8634	6.7349	5.1315
MM_RS04225	9.0698	9.5755	11.8286	12.4065	7.7238	8.139	8.1688	8.0882
MM_RS04230	8.1153	8.7034	10.2486	10.5098	8.952	9.2432	9.7063	9.7124
MM_RS04235	8.3985	8.6064	10.1187	10.8053	7.0255	7.5218	8.0791	7.9989
MM_RS04240	10.7682	10.0086	11.7424	11.738	9.9667	9.9507	9.9138	10.6747
MM_RS04245	8.6036	8.5085	9.8059	10.515	8.1294	8.3834	8.993	9.3463
MM_RS04250	7.0014	6.8306	5.8432	5.9657	9.6229	9.7806	6.8357	8.5793
MM_RS04255	5.0362	5.1522	5.9266	5.1157	5.3145	5.4592	6.3814	5.7219
MM_RS04260	5.984	6.7305	5.8432	5.4495	6.9547	7.136	7.3437	7.7749
MM_RS04265	10.2773	10.6344	9.1658	10.1145	8.6273	8.4152	8.0791	7.1432
MM_RS04275	7.9656	6.2772	8.0542	7.6763	9.1151	8.5065	10.2053	7.6532
MM_RS04280	7.3511	7.9009	9.2608	10.6781	7.7657	7.281	8.4649	8.5534
MM_RS04285	8.3817	8.8322	9.4928	9.1504	8.8089	8.9324	9.3746	9.1388
MM_RS04290	8.2546	7.6306	8.6237	9.2284	8.393	8.1466	8.5857	8.5896
MM_RS04295	8.4541	8.5115	7.8271	8.3665	9.7275	9.9044	9.4835	9.6428
MM_RS04300	4.6877	4.9351	5.6924	5.0185	5.1966	4.1028	4.2986	4.5091
MM_RS04305	4.5973	4.6576	4.4389	4.2935	5.1966	4.623	3.7933	4.4199
MM_RS04310	10.6264	10.1032	6.983	9.6229	12.264	12.1881	9.0147	11.7859
MM_RS04315	10.4826	10.2515	8.2575	10.2824	10.2986	9.9178	8.2349	9.5035
MM_RS04320	11.1232	10.9954	9.3458	11.2146	11.1266	10.7176	9.0519	10.3736
MM_RS04325	9.5653	8.4933	7.9204	9.3596	8.7886	9.1556	7.2186	8.5055
MM_RS04330	4.9291	5.5784	5.8808	5.177	5.4235	5.4096	6.0446	5.388
MM_RS04335	8.3578	7.7453	7.3038	6.8932	8.8582	9.0664	8.8496	7.7477
MM_RS04340	8.3266	8.4499	7.321	7.4407	8.887	9.7879	8.9985	8.6149
MM_RS04345	7.8821	7.0991	7.0172	6.9731	8.4456	7.935	8.1296	7.9756
MM_RS04350	5.8536	6.1356	5.4507	5.7808	5.3145	5.5537	5.2121	4.7478
MM_RS04355	6.6774	7.2836	6.9211	6.8087	5.7919	5.9154	6.6264	5.9929
MM_RS04360	3.725	4.1671	3.4077	3.2878	3.0819	2.3474	3.9823	4.3246
MM_RS04365	4.6432	3.6974	3.4077	3.2878	3.0819	3.8269	4.2986	4.6726
MM_RS04370	8.8962	8.4779	7.0298	7.9506	9.7275	9.5135	8.9374	9.1561
MM_RS04375	7.3303	7.7733	7.3003	8.1996	6.7608	6.8502	7.2371	6.611
MM_RS04380	7.9924	7.4344	7.5161	6.8563	10.7622	10.0471	9.1432	9.06
MM_RS04385	8.0445	7.625	7.4674	7.671	7.0255	6.8869	6.8112	6.347
MM_RS04390	4.8135	4.7425	4.464	3.9144	5.0682	4.7877	4.6713	5.2397
MM_RS04395	6.92	6.9106	7.6611	6.9293	7.2192	6.6932	7.6372	7.2759
MM_RS04400	5.9479	5.9872	5.9796	5.9829	7.2491	7.8995	7.1019	6.934
MM_RS04405	9.8419	10.1442	9.9518	10.8144	8.4964	9.03	8.4883	9.3493
MM_RS04410	8.1982	7.6957	7.4488	7.671	9.3608	8.6839	8.016	8.2964
MM_RS04415	7.206	7.0911	7.4674	6	7.7238	6.8315	6.2776	6.0533
MM_RS04420	7.7152	6.9645	7.8675	6.1753	6.7187	5.8794	6.3477	4.6726
MM_RS04425	7.0617	6.8735	7.492	5.6356	7.2192	6.7933	6.5091	5.1315
MM_RS04430	6.087	6.0797	5.2779	5.399	5.3145	5.9154	4.1492	4.1128
MM_RS04435	4.9291	5.0054	4.1906	3.3962	5.1966	5.5537	5.355	5.479
MM_RS04440	8.3089	8.5936	6.7936	7.5945	5.4235	6.0183	4.7768	4.2227
MM_RS04445	6.3165	6.3866	6.0224	4.8779	6.8802	5.7257	3.3172	4.2227
MM_RS04450	7.0102	6.6777	6.462	5.8004	6.5368	5.4096	5.485	5.1866
MM_RS04455	5.7939	5.9785	5.0814	6.1295	5.9459	5.8046	6.5979	5.9297
MM_RS04460	7.4703	6.6777	7.4425	8.0357	9.944	9.5281	9.9536	10.1805
MM_RS04465	8.7907	8.2199	8.4701	9.1788	9.4342	9.1443	9.4401	9.1596
MM_RS04470	6.3165	6.8451	8.8303	9.1485	5.5248	6.2044	7.1614	7.0122
MM_RS04475	8.6064	7.8325	8.9347	8.7202	8.3796	9.6953	8.9487	9.388
MM_RS04480	9.074	8.9801	8.0848	7.7982	6.8017	8.6891	7.6785	6.934
MM_RS04485	10.1591	10.2352	10.1172	10.298	8.7048	9.3357	8.5564	8.9569
MM_RS04490	8.589	9.8247	7.3945	7.6973	8.1454	8.73	8.0267	7.8704
MM_RS04495	8.1435	8.7692	9.7997	10.0454	8.8189	9.319	10.2832	9.618
MM_RS04500	7.952	7.4967	6.7787	7.0323	8.0969	8.4463	8.2533	7.8953
MM_RS04505	8.4606	8.0159	8.0376	8.2396	7.959	8.4089	7.6785	8.3088
MM_RS04510	7.7044	7.2185	7.0671	7.8366	8.5693	8.4339	7.0608	7.9441
MM_RS04515	7.5626	7.3322	7.8174	8.4054	8.0969	7.8446	8.1395	8.239
MM_RS04520	7.9924	8.0159	9.5392	9.4631	8.1923	8.5006	8.6904	8.767
MM_RS04525	8.8432	8.4388	8.9712	10.3889	8.0803	8.3177	9.1184	8.7211
MM_RS04530	9.169	9.1213	10.0752	10.5224	9.0316	8.9411	8.7626	8.949
MM_RS04535	6.5388	6.333	7.2071	7.1284	7.7657	7.2531	8.5638	8.8672
MM_RS04540	5.2587	4.803	7.7755	8.0724	6.1498	6.343	7.2554	7.6434
MM_RS04545	7.5979	7.3693	9.5669	10.3345	7.7023	6.6724	8.8556	8.4947
MM_RS04550	7.3373	6.8111	9.2109	9.6901	6.2714	6.4934	8.307	7.5934
MM_RS04555	5.9295	5.3133	7.4042	7.317	7.959	7.2531	8.9487	8.8331
MM_RS04560	3.3313	3.654	3.5564	4.1165	3.5401	3.2755	5.0534	4.8193
MM_RS04565	6.8038	6.634	6.5288	6.145	6.8802	6.445	7.6785	7.1432
MM_RS04575	8.6407	8.2199	7.8977	8.2924	9.4342	9.4839	9.2245	8.6738
MM_RS04580	5.1034	4.6576	4.9634	5.0185	4.7709	3.8269	4.967	5.6454
MM_RS04585	3.5418	4.1042	3.1185	1.8029	4.1631	3.2755	3.3172	2.9374
MM_RS04590	5.892	6.0551	5.7748	6.205	5.9459	5.7257	5.6604	5.2397
MM_RS04600	0.262	0.262	6.4115	0.262	0.262	5.6423	7.0398	6.934
MM_RS04605	10.6553	10.4672	9.9645	9.9696	12.577	11.8346	11.0795	11.7418
MM_RS04610	6.6883	6.8013	7.5862	6.5087	6.6306	6.343	6.4782	6.1942
MM_RS04615	4.9291	6.36	3.6027	5.6572	5.1966	5.2495	4.6713	4.1128
MM_RS04620	7.4575	7.7063	5.9796	6.0662	7.7449	8.3311	6.4467	6.3709
MM_RS04625	7.2804	7.1735	7.3279	7.8414	6.9905	7.1512	7.6089	7.3135
MM_RS04630	5.892	5.6238	7.1619	7.317	6.6753	5.6846	7.5056	7.1151
MM_RS04635	8.0445	7.9618	9.0404	9.2175	8.2961	7.9611	9.617	9.4141
MM_RS04640	3.4405	2.7581	3.8524	3.8402	3.0819	4.7077	5.4215	4.8193
MM_RS04645	3.4405	3.4654	3.4077	3.1703	3.0819	3.8269	3.7933	4.2227
MM_RS04650	8.9632	9.0984	8.6334	10.2507	10.0581	9.9934	9.5666	9.4678
MM_RS04655	11.2686	11.1424	10.5063	11.1459	11.4173	10.9193	10.6568	10.6914
MM_RS04660	10.6623	10.4472	9.8546	11.6859	11.343	11.1196	10.6166	10.2563
MM_RS04665	6.2588	6.0384	4.7759	5.0185	6.0171	7.1958	6.0018	6.485
MM_RS04670	4.6432	4.4957	3.8137	3.4968	5.6194	5.9506	5.7665	5.388
MM_RS04675	11.9938	11.6782	10.1275	10.7134	11.3026	11.5915	8.8676	8.941
MM_RS04680	10.4826	10.1256	9.8144	10.0556	10.2951	9.9134	10.3969	10.3661
MM_RS04685	2.1426	1.8139	0.262	2.111	2.3905	3.0302	3.5752	2.6452
MM_RS04690	9.1213	8.6981	7.9068	8.0924	9.6172	9.339	9.1284	8.6199
MM_RS04695	6.9748	6.816	7.7401	8.7176	6.7187	6.175	7.5208	6.3945
MM_RS04700	4.3427	4.6355	5.3603	4.7626	3.8854	5.1919	5.6043	5.4342
MM_RS04710	7.7152	7.5239	7.8367	7.233	6.4364	6.4934	7.2186	6.5283
MM_RS04715	7.8136	8.1538	9.1572	10.298	9.2616	8.4026	9.3788	8.8331
MM_RS04720	7.2437	7.5476	6.2264	6.3714	7.3352	7.4252	6.5393	6.6893
MM_RS04725	8.9496	9.8192	8.0229	8.399	7.8265	8.1691	7.3607	7.7749
MM_RS04730	7.3511	7.0584	6.5697	5.7808	7.4682	7.0415	6.8836	7.4658
MM_RS04735	8.5624	8.231	7.788	8.2288	7.7023	7.7972	6.6543	7.2111
MM_RS04740	8.7856	8.2814	7.7038	7.9196	8.6044	8.3575	8.2533	7.6236
MM_RS04745	10.315	10.1981	10.1128	11.3578	10.4414	10.0491	9.4036	9.6029
MM_RS04750	10.9311	10.9192	10.063	10.8287	9.347	9.7133	8.4087	9.6911
MM_RS04755	8.7573	8.5822	8.7739	10.2507	7.2783	7.3483	7.3942	8.0217
MM_RS04760	7.8035	7.4906	7.6959	9.0901	6.9547	6.7541	7.2371	7.0719
MM_RS04765	9.2397	8.8212	9.3441	10.3244	9.5407	8.8787	9.4077	9.2234
MM_RS04770	7.0532	6.5424	7.7427	8.5628	7.2783	6.9049	7.7832	7.7385
MM_RS04775	8.7096	8.0804	10.1265	9.8595	8.4964	8.1766	9.2384	8.7351
MM_RS04780	7.4251	7.4184	7.8295	7.897	7.977	7.4377	8.5037	7.8787
MM_RS04785	6.7314	6.5889	7.7427	8.0107	6.0171	6.9748	8.0052	7.2885
MM_RS04790	5.6885	5.3271	4.6284	4.8021	6.2119	6.3163	4.1492	5.6842
MM_RS04795	6.6212	6.6172	7.4736	7.2826	8.0969	7.8995	7.7705	8.0065
MM_RS04800	9.219	9.0326	10.9603	11.659	7.959	7.687	7.845	7.9989
MM_RS04805	5.8536	5.1676	8.312	8.2958	6.4874	5.4592	8.2714	8.1026
MM_RS04815	10.5115	10.6901	10.6441	12.5553	9.0056	8.5241	8.0893	9.3003
MM_RS04820	6.5628	4.8226	6.4928	0.262	8.5333	8.1083	7.5056	8.0293
MM_RS04825	3.6364	3.0586	3.6027	4.3479	0.262	3.9715	0.262	2.9374
MM_RS04830	5.5749	4.9881	6.437	5.9126	4.9272	5.0694	4.4339	3.9939
MM_RS04835	5.2879	4.7217	4.7759	3.8402	5.7919	5.004	5.5459	5.5646
MM_RS04840	7.6324	6.7148	9.8971	8.3566	7.5665	6.7341	8.1395	7.6336
MM_RS04845	5.1675	3.6091	6.1358	5.1466	6.085	5.4592	6.1265	6.1671
MM_RS04850	6.3719	5.646	6.5869	7.2964	7.2783	5.8425	6.7349	6.8682
MM_RS04855	8.4828	7.8056	7.5191	7.8741	8.7784	8.7797	8.3587	8.2519
MM_RS04860	3.2129	3.5628	3.1814	3.7618	3.0819	3.6659	4.1492	3.7212
MM_RS04865	4.7309	4.6793	3.5564	2.7425	3.8854	3.8269	1.9869	3.7212
MM_RS04870	5.6885	5.646	5.524	5.6356	5.4235	5.1919	4.6713	4.9524
MM_RS04875	3.6364	3.7396	4.0648	3.3962	3.0819	4.8634	4.967	4.2227
MM_RS04880	4.1649	4.0383	3.459	2.7425	3.8854	4.334	1.9869	3.7212
MM_RS04885	6.6552	6.1819	6.0963	6.8087	5.0682	5.5072	5.1349	5.2908
MM_RS04890	10.3866	10.598	10.7159	11.5991	11.5388	12.1742	11.1411	11.4024
MM_RS04895	16.1868	12.4503	12.8369	11.7117	17.6953	16.8407	18.2607	16.118
MM_RS04900	8.2583	8.1615	6.1513	7.3964	8.8774	9.1706	7.1019	7.7477
MM_RS04905	7.6826	7.3693	9.5589	8.8989	7.4165	7.3083	8.4087	6.7816
MM_RS04910	7.4639	8.3953	10.3997	9.311	6.8802	6.4934	8.4883	7.2632
MM_RS04915	8.7042	9.7397	11.0044	9.6488	10.0283	10.5967	12.0269	11.4904
MM_RS04920	9.3543	9.2996	10.3414	10.787	9.5286	9.6209	10.3054	10.4288
MM_RS04925	6.0704	5.4953	5.2202	5.7609	5.6194	4.7877	5.1349	4.5091
MM_RS04930	7.302	6.6937	5.5	6.205	6.7187	6.8125	5.6604	6.611
MM_RS04935	8.1789	7.4503	6.219	6.799	7.8848	7.9867	7.3776	7.6434
MM_RS04940	9.8783	9.6231	10.8137	10.7591	9.7007	9.229	9.8398	9.3189
MM_RS04945	8.5684	8.41	8.8459	7.9593	7.4682	7.5677	7.443	7.0572
MM_RS04950	7.302	7.7376	7.0994	6.3974	6.6753	7.3614	7.0815	7.2503
MM_RS04955	6.4384	6.1277	5.8808	5.4244	7.4426	7.136	7.0185	6.934
MM_RS04960	6.6663	6.8354	5.8336	6.0499	6.085	7.2531	7.1614	6.6702
MM_RS04965	9.1253	9.9107	6.9074	7.9938	9.921	9.2037	9.1964	9.8228
MM_RS04975	5.0702	4.842	4.4886	3.3962	6.9179	6.7138	4.7768	5.479
MM_RS04980	5.0702	5.4201	4.3063	4.4004	8.3385	7.4377	5.5459	6.6507
MM_RS04990	12.6908	13.0161	4.7958	7.2826	13.1255	12.8338	5.4215	6.7816
MM_RS04995	10.2085	10.6764	4.6721	5.7609	10.5684	10.428	3.3172	3.1781
MM_RS05000	11.5041	10.9009	4.9278	5.6996	11.2738	10.9149	4.6713	4.7478
MM_RS05005	6.9926	6.9378	4.9981	4.4999	6.9179	5.4096	5.5459	6.1671
MM_RS05010	7.6493	6.8641	6.5582	6.3714	6.3285	6.175	6.1265	5.8971
MM_RS05015	8.0187	7.9596	8.4005	9.8478	6.0171	5.5537	6.6264	5.9297
MM_RS05020	7.3303	7.2074	5.5359	4.6803	6.3285	6.343	4.7768	4.6726
MM_RS05025	13.8974	13.9184	10.2391	10.1944	12.1889	12.614	9.036	7.72
MM_RS05030	6.0704	6.3997	4.3338	4.5929	7.093	7.0415	6.2776	5.9297
MM_RS05035	8.5108	7.9551	10.1358	10.4483	9.5164	8.928	10.0849	9.3158
MM_RS05040	8.7442	8.3888	10.613	11.1261	8.0969	8.3962	9.3662	9.3996
MM_RS05045	7.9291	7.1071	10.0573	10.5545	7.3071	7.2247	7.845	8.0955
MM_RS05050	8.3336	8.1538	10.1528	10.5195	7.093	7.0085	8.943	8.0065
MM_RS05055	7.3511	6.8209	6.6095	6	8.1454	7.3614	7.7705	7.2632
MM_RS05060	7.9656	7.5854	6.3524	7.0239	8.1294	7.687	7.2554	6.8682
MM_RS05070	4.8135	5.1366	4.4886	4.4004	4.9272	4.8634	3.9823	4.5932
MM_RS05075	8.2656	7.9101	7.0256	7.7077	7.9947	8.4277	6.907	7.0719
MM_RS05080	7.6605	7.9793	6.9165	6.7292	5.9459	7.2947	6.3131	6.885
MM_RS05085	4.8531	4.4204	4.6935	4.0523	4.3955	5.2495	6.2413	5.1315
MM_RS05090	8.6064	8.4948	8.6822	9.2356	7.7449	8.0926	7.6372	8.3088
MM_RS05100	6.4642	6.4821	6.8751	7.8925	7.6584	6.8687	8.3839	8.1098
MM_RS05105	8.344	7.7453	8.7613	9.137	7.3352	6.7138	7.8571	7.5521
MM_RS05110	4.8916	5.2423	6.1968	5.9829	5.5248	5.5072	5.485	4.7478
MM_RS05115	0.262	4.0716	0.262	0.262	0.262	3.0302	0.262	0.262
MM_RS05120	7.7098	8.4702	6.3389	6.114	8.0636	7.7281	7.9273	6.9815
MM_RS05125	8.4891	8.2474	8.1671	9.0124	8.8965	8.4827	8.9374	8.5793
MM_RS05130	7.773	7.753	7.6557	8.5771	9.2616	9.3782	9.1869	10.4458
MM_RS05135	7.2437	6.9152	6.6591	7.4345	8.8189	8.0366	8.016	8.186
MM_RS05140	8.4412	8.3488	7.7452	9.6105	7.8656	7.4377	7.309	7.3135
MM_RS05145	5.2879	5.7314	5.3197	7.3638	5.3145	4.8634	5.9577	5.9929
MM_RS05150	7.0701	8.1882	6.9479	7.2112	7.977	8.4767	6.907	7.7568
MM_RS05155	9.7689	9.9854	8.7613	9.5811	10.4543	9.9288	8.6836	8.7211
MM_RS05160	9.0315	8.5561	8.8435	9.1196	9.5468	9.2325	8.5711	8.5429
MM_RS05165	7.4639	6.6777	7.6088	8.1277	9.305	8.2699	8.1975	8.2964
MM_RS05170	3.725	3.3053	2.4739	2.5638	0.262	0.262	2.5888	3.5624
MM_RS05175	8.1395	7.6444	8.2629	10.5901	7.636	7.2247	8.5784	8.2584
MM_RS05180	8.2361	7.5058	8.5232	10.0779	8.2672	7.3744	8.8735	7.8953
MM_RS05185	6.1035	5.7105	6.0139	6.9381	6.8802	7.0577	8.2533	7.4988
MM_RS05190	6.6883	6.3192	6.8325	8.6024	9.232	8.8511	8.9875	9.2102
MM_RS05195	9.1807	8.6605	8.4976	10.1474	7.1886	7.4127	7.6648	7.7293
MM_RS05200	8.4347	7.7556	8.225	9.5568	5.3145	5.7257	6.93	6.1395
MM_RS05205	7.2731	6.9014	6.2337	7.8223	6.2119	6.9049	7.9387	7.2759
MM_RS05210	6.8533	6.2843	7.653	6.7292	7.0596	6.343	7.9943	6.8342
MM_RS05215	7.8384	7.444	9.6653	10.0393	7.1256	6.7541	8.0052	7.4658
MM_RS05220	5.5983	5.5196	5.5593	6.114	5.3145	4.7077	2.5888	4.4199
MM_RS05225	8.2135	8.3838	8.5715	8.1082	6.9905	8.0366	7.0815	7.7749
MM_RS05230	11.5287	10.9601	9.8902	10.5054	11.6867	11.8352	10.072	10.7599
MM_RS05235	6.8631	6.9601	6.5983	6.7495	9.2395	7.579	8.7943	7.5729
MM_RS05240	4.1004	4.0043	3.6475	3.2878	3.0819	4.1028	4.1492	4.9524
MM_RS05245	11.112	11.2656	10.9079	12.1237	9.5647	10.0122	10.3032	9.4623
MM_RS05250	7.4446	7.9618	8.2323	8.8898	7.3899	7.8632	9.1284	9.0891
MM_RS05255	8.8407	8.8609	9.3766	9.4352	9.8447	9.7411	11.0884	10.6233
MM_RS05260	10.1787	11.8775	12.101	13.6491	9.869	10.4709	11.689	11.4396
MM_RS05265	9.4556	9.757	11.6348	11.3831	10.2879	10.8629	12.1385	11.9681
MM_RS05270	9.6644	9.4162	11.8134	11.8874	9.5407	9.7285	11.6643	11.3461
MM_RS05275	8.9564	9.041	12.3552	13.0758	9.5528	9.0382	14.1126	12.0881
MM_RS05280	7.6771	6.9777	7.5101	7.671	7.093	6.4934	6.4467	6.95
MM_RS05285	4.2267	3.7396	3.6475	3.1703	2.3905	2.7316	4.1492	0.262
MM_RS05290	7.3649	7.3185	5.6494	7.7077	7.636	7.5334	6.3131	6.1942
MM_RS05295	6.0017	5.6569	3.8901	4.1165	4.1631	4.1028	5.2121	1.735
MM_RS05300	5.5268	5.5075	5.0651	4.9499	5.6194	5.8794	5.2853	5.6056
MM_RS05305	3.0835	3.5149	2.5734	1.8029	3.5401	1.7952	3.5752	4.1128
MM_RS05310	6.3719	6.0878	5.1602	5.2067	5.4235	5.5072	5.0534	3.7212
MM_RS05325	6.5747	6.7562	5.9533	4.4999	5.1966	5.9848	5.5459	4.2227
MM_RS05330	12.4461	12.348	10.8613	10.7205	11.2352	12.2793	8.0687	8.2648
MM_RS05335	8.2509	7.8493	8.5628	8.715	9.504	9.0217	9.8337	10.0231
MM_RS05340	9.8234	9.1331	8.8085	8.6273	9.7222	9.4928	9.4913	9.8207
MM_RS05345	10.3273	9.9402	9.418	9.3093	10.0326	9.731	9.2384	9.4398
MM_RS05350	6.4514	6.2701	7.7705	8.6273	7.7023	6.9918	9.3535	9.385
MM_RS05355	7.8236	7.28	8.3477	9.2212	8.0636	7.6448	9.1579	9.0999
MM_RS05360	10.9002	10.2721	10.8204	11.4168	11.1545	11.1893	11.1619	11.6247
MM_RS05365	11.0628	11.0218	9.3194	10.1522	10.5535	10.8652	9.3577	9.9848
MM_RS05370	8.5861	8.6753	6.8277	7.8879	8.0636	8.2906	7.6511	8.2061
MM_RS05375	7.3511	7.4967	10.1407	8.7657	7.5425	7.0737	10.3845	8.6149
MM_RS05380	5.2879	6.0551	8.4054	6.645	6.3285	6.4934	7.4746	7.2503
MM_RS05385	7.6605	7.7708	7.8076	7.6441	5.6194	6.6724	6.5979	6.1942
MM_RS05390	8.1866	10.0198	8.8195	10.4468	10.6518	10.587	9.652	10.5918
MM_RS05395	7.5921	8.1844	8.2028	8.7507	7.0255	7.5449	8.0583	8.2648
MM_RS05400	5.966	5.3677	7.3003	7.097	7.5425	6.8315	8.4649	8.5845
MM_RS05405	5.9295	5.6999	7.0671	6.544	5.6194	6.145	7.7054	7.4769
MM_RS05410	7.0532	7.5854	7.4519	7.065	6.4874	6.175	7.8206	7.3975
MM_RS05415	8.6852	8.8127	4.9634	6.1602	8.2961	8.3575	7.2735	5.9616
MM_RS05420	8.9243	8.9932	6.7382	7.2756	8.952	8.9191	8.1395	7.1843
MM_RS05440	10.5397	11.7621	11.1238	12.4101	11.6139	11.1957	11.6393	11.0063
MM_RS05445	9.3866	9.2588	10.6574	11.1256	8.8774	8.5182	10.301	8.5586
MM_RS05450	8.5474	8.4116	7.8367	8.2179	8.2961	8.139	7.3437	6.7816
MM_RS05455	8.3884	8.7152	10.169	9.9423	7.4165	7.3614	9.1284	8.8922
MM_RS05460	10.7519	11.04	9.763	12.1601	10.5201	10.764	9.2245	9.8677
MM_RS05465	7.4119	8.0986	8.706	8.0357	7.636	7.7381	8.4005	8.422
MM_RS05470	6.1035	5.6786	3.8137	3.1703	4.9272	5.7657	3.3172	5.0147
MM_RS05475	10.2998	10.6047	9.7948	11.8089	8.1612	8.1913	7.6785	7.9912
MM_RS05480	6.1676	6.0878	5.0814	4.451	3.5401	4.7077	3.3172	2.2706
MM_RS05490	6.7937	7.1465	7.8745	7.6278	8.4964	8.8604	8.5416	8.1098
MM_RS05495	7.8963	7.7657	6.8469	6.5206	8.5333	8.1466	8.0052	7.5729
MM_RS05500	4.9657	4.0043	4.8538	6.2767	4.5954	5.0694	6.6264	6.0826
MM_RS05505	5.6885	5.8884	5.9622	6.3844	5.5248	5.4096	6.2041	5.5646
MM_RS05510	6.8727	6.4383	6.3524	7.3964	6.085	6.7933	7.3607	7.0864
MM_RS05515	5.3445	5.6238	4.464	4.2935	5.5248	6.4202	6.2041	6.2208
MM_RS05520	6.92	6.9733	6.1968	5.5221	6.5844	5.5537	6.8599	5.9929
MM_RS05525	8.3301	8.2689	8.3223	8.7929	8.8678	9.3055	8.5114	8.7118
MM_RS05530	6.3305	5.8218	6.6537	7.897	6.4364	7.1512	6.3814	7.4206
MM_RS05535	6.3855	5.7622	5.9883	7.6387	5.5248	5.7257	4.6713	6.1942
MM_RS05540	7.8821	7.1773	7.8391	9.2248	7.636	7.5902	8.6836	8.7715
MM_RS05545	6.8337	6.3398	7.8698	8.8243	7.7023	7.8539	8.4961	8.5323
MM_RS05550	4.8916	4.8799	5.7444	6.4355	6.7608	6.4934	6.4144	7.4546
MM_RS05555	4.5973	4.8611	4.1291	2.5638	2.3905	3.2755	3.7933	1.735
MM_RS05560	7.3091	7.7376	6.5109	5.9126	8.5574	8.4767	8.1493	7.6236
MM_RS05565	7.7312	8.0096	8.4685	8.9079	7.3899	7.6974	7.5056	8.1656
MM_RS05570	6.3022	5.9698	5.5824	5.084	7.59	7.4982	7.3607	7.2632
MM_RS05575	10.7842	10.5153	12.8919	14.8633	8.6831	8.8465	10.1646	10.5583
MM_RS05580	8.3509	7.9771	10.3068	11.9211	7.5665	7.0737	9.5219	9.9254
MM_RS05585	9.2981	10.0507	9.696	10.0628	8.1294	8.7046	8.1096	7.8787
MM_RS05590	2.3918	3.4654	3.6475	3.1703	4.9272	4.7877	6.3131	5.8971
MM_RS05595	11.318	10.9843	10.2594	11.9033	12.9352	13.213	12.8862	13.273
MM_RS05600	12.4713	11.7165	11.2626	13.6999	12.3909	12.9565	12.6664	12.8589
MM_RS05605	9.5904	8.7178	8.0334	10.4949	10.6546	10.4618	10.7274	11.5766
MM_RS05610	6.9293	6.4319	6.4867	7.2895	7.5425	6.9748	8.7943	8.3395
MM_RS05615	9.5092	9.4338	9.3567	10.6283	9.232	8.9671	8.6769	9.1213
MM_RS05620	9.39	9.0751	9.2365	9.8502	9.3812	9.2361	9.1432	9.7471
MM_RS05625	7.3233	7.0292	7.7012	7.8414	6.9905	7.0251	8.1688	8.3334
MM_RS05630	8.3195	8.5517	9.2617	8.5162	7.3071	7.9525	8.4169	9.613
MM_RS05635	7.9746	8.4372	6.7985	7.8695	9.2094	8.7797	8.3157	8.527
MM_RS05640	9.4983	10.6209	10.0655	12.0063	11.0523	10.5603	10.4276	10.6057
MM_RS05645	10.3628	9.9898	8.6849	9.6105	9.9348	9.319	8.5341	8.186
MM_RS05650	8.2173	8.0579	6.8611	7.0156	9.0656	8.6681	7.4902	7.5934
MM_RS05655	7.9337	7.8445	6.8469	6.645	8.7784	8.6681	6.9526	7.7385
MM_RS05660	8.9811	9.0399	8.6662	9.3826	9.1941	9.2851	9.3535	8.5997
MM_RS05665	10.3602	10.2168	9.0237	8.9458	8.8387	9.3879	7.8809	7.8277
MM_RS05670	7.9879	7.7428	7.7272	8.2715	6.6306	7.4622	7.845	7.2632
MM_RS05675	9.219	9.168	8.9701	10.3261	9.0056	8.8087	8.307	8.7165
MM_RS05690	4.9291	5.7105	5.2494	4.451	5.4235	6.343	5.7665	5.8637
MM_RS05695	2.3918	2.7581	2.5734	2.5638	0.262	3.8269	3.3172	3.1781
MM_RS05700	3.3313	3.1245	3.2415	2.3572	3.5401	3.6659	2.5888	4.5091
MM_RS05710	6.6326	7.6053	4.9278	4.4999	5.9459	6.2892	4.5575	4.1128
MM_RS05715	7.2137	7.3288	6.3047	6.3714	6.9905	6.2044	6.2041	5.4342
MM_RS05720	11.9902	11.2887	13.4466	14.0127	9.9667	10.0039	10.7885	9.9455
MM_RS05725	7.7781	7.3288	7.24	8.2538	8.5211	8.3244	8.2804	8.186
MM_RS05730	9.1904	9.135	8.7651	8.9913	9.46	9.2503	9.1821	9.1766
MM_RS05735	7.2288	7.9507	8.1766	9.094	5.8709	6.3163	5.8167	6.2978
MM_RS05740	7.1114	7.1811	8.4732	8.2215	7.2491	7.5902	8.1296	8.3695
MM_RS05745	8.01	7.2622	7.3781	7.4028	8.6831	8.6469	8.6769	8.6249
MM_RS05750	7.9058	7.9815	8.305	8.7228	9.4013	9.0544	8.2804	8.846
MM_RS05755	7.5745	7.444	8.201	7.5137	8.2525	7.9611	8.2257	8.2648
MM_RS05760	7.0102	7.255	10.9902	11.2095	7.59	7.2947	10.1646	10.2897
MM_RS05765	7.6605	7.7783	9.8108	8.608	7.59	7.7778	10.7026	10.4302
MM_RS05770	10.9443	10.9875	10.9605	12.9628	10.6932	10.9511	9.9896	10.5052
MM_RS05775	9.6193	8.2955	8.1537	6.7695	10.0707	8.7097	9.0623	8.6249
MM_RS05780	6.742	6.3398	4.9808	6.7086	6.2119	6.5171	2.5888	5.3402
MM_RS05785	6.6663	6.9197	7.0506	6.6121	6.9905	6.7933	6.6816	6.7454
MM_RS05790	8.6548	8.3904	9.2803	9.2869	8.0122	7.6766	8.6072	8.4616
MM_RS05795	6.0364	5.9609	5.9085	6.8749	7.1575	6.343	7.2371	7.8103
MM_RS05800	9.5874	9.3828	9.0216	9.2302	8.4964	8.4339	8.2257	7.9441
MM_RS05805	7.2212	7.735	7.2291	7.0239	8.3523	8.2768	8.4169	8.0065
MM_RS05810	8.6852	8.8561	9.0528	8.8829	8.6273	8.6089	8.7302	8.9727
MM_RS05815	5.9479	5.2994	4.5602	5.2067	5.6194	5.7257	6.4144	6.1113
MM_RS05820	6.3989	5.7923	7.2144	6.4102	7.0596	6.7739	7.2371	7.0274
MM_RS05825	8.3125	7.4471	6.6699	6.4968	7.6584	7.0895	6.8599	7.0424
MM_RS05830	9.6987	9.2767	8.6265	8.7855	10.2951	10.4618	10.0381	10.3971
MM_RS05835	14.2313	13.6006	10.3628	12.2652	18.7687	17.7796	13.0892	17.539
MM_RS05840	8.4282	8.1919	8.2806	7.7077	9.2395	9.0503	9.036	9.3189
MM_RS05845	6.3445	6.2701	6.7787	6.8932	8.3385	7.3218	7.1997	8.1792
MM_RS05850	7.0102	7.123	8.658	7.4469	6.6306	6.6512	6.2413	6.485
MM_RS05855	7.9701	8.4196	8.9569	7.9241	8.0969	8.0201	8.0687	7.7293
MM_RS05860	5.7939	5.6678	5.3735	5.4741	6.7608	6.343	6.9526	6.5494
MM_RS05865	4.0328	4.1042	5.5709	4.9847	4.1631	5.1919	6.3814	5.0743
MM_RS05870	4.1649	4.7217	5.3059	4.5929	5.3145	5.3049	6.4144	5.5646
MM_RS05875	6.1359	6.38	6.6207	6.114	6.8802	6.9403	7.1418	7.4988
MM_RS05885	5.5021	6.0215	4.8347	4.1779	5.4235	5.8425	6.2041	5.1315
MM_RS05890	7.7205	8.035	9.8427	9.9974	6.4874	6.8687	7.4902	7.7568
MM_RS05895	8.4249	8.1634	7.6746	8.0149	8.4838	8.139	7.4902	6.95
MM_RS05900	7.5506	8.2401	8.2395	8.0065	6.6306	7.3351	7.5056	7.374
MM_RS05905	6.4514	5.7622	7.3615	6.6232	6.2714	5.9506	7.5056	7.4546
MM_RS05910	5.814	5.4582	5.5	4.8405	6.9547	7.1512	6.3131	6.5494
MM_RS05915	7.6037	7.8373	8.2575	7.6973	9.3812	9.3357	7.122	7.9036
MM_RS05920	6.4642	7.7142	8.2964	7.2185	6.5368	7.4743	7.5655	7.7568
MM_RS05925	9.7441	9.0431	9.5125	9.2588	9.869	9.8909	9.362	9.7943
MM_RS05930	9.7611	8.5473	8.1324	8.8002	8.9059	8.8923	8.1493	7.7385
MM_RS05935	8.2802	8.3488	9.1677	8.1773	8.4456	8.0848	9.2927	8.5217
MM_RS05940	7.206	6.3261	9.328	8.4772	7.2491	6.145	8.6355	8.3576
MM_RS05945	5.9109	5.9872	9.0279	8.9147	6.0171	5.8046	8.5711	7.9912
MM_RS05950	7.8531	7.412	7.9317	6.6121	7.1886	7.2103	6.7607	6.6507
MM_RS05955	7.7626	7.0707	8.1088	8.6327	6.9547	6.8315	9.243	9.1071
MM_RS05960	8.2802	7.1426	9.6517	9.1504	8.4712	7.0415	9.1531	9.1596
MM_RS05965	10.5734	9.8719	9.8102	10.3005	10.0369	10.258	9.9508	8.846
MM_RS05970	7.2876	7.6053	8.8097	8.3434	8.0467	8.0118	9.1531	9.071
MM_RS05975	6.1035	6.5424	8.2981	8.0149	7.6132	7.4982	9.6135	8.9921
MM_RS05980	8.023	7.9662	8.2753	8.8667	8.1454	9.2573	8.3157	9.5089
MM_RS05985	8.5474	8.7514	9.7917	9.7378	8.1454	8.4277	7.9043	9.1423
MM_RS05990	8.4701	8.1245	9.5034	10.5465	8.8485	8.6253	8.813	9.8185
MM_RS05995	9.2545	9.1889	10.3393	11.4971	9.0487	9.0784	8.943	10.0438
MM_RS06000	7.4639	6.8498	9.0733	8.8966	7.5182	7.4982	8.207	8.5001
MM_RS06005	9.2655	8.7165	8.8812	8.3467	9.9348	9.6901	9.0093	8.8158
MM_RS06010	7.3986	7.5476	6.7331	7.1891	7.636	8.0528	7.3437	6.8342
MM_RS06015	9.848	9.717	9.1923	9.7096	9.5765	9.1891	8.8795	8.7579
MM_RS06020	10.3815	10.2704	8.025	7.7283	10.5654	10.6657	8.2533	8.1098
MM_RS06025	6.229	7.0036	5.3197	4.1165	5.6194	4.623	5.6604	4.5932
MM_RS06030	6.6663	6.38	5.9175	5.8388	6.085	5.3582	5.9577	4.9524
MM_RS06035	9.356	9.4831	8.9053	9.1807	9.107	9.2001	9.036	9.0377
MM_RS06040	6.1519	6.5717	4.0648	4.6803	6.8415	7.9611	5.9577	7.5625
MM_RS06045	6.3165	6.2558	4.606	4.6372	6.4364	5.7257	5.4215	5.0147
MM_RS06050	5.0014	5.0054	5.7847	7.2686	6.2119	5.8046	8.3244	7.3501
MM_RS06055	7.9565	7.5883	8.0988	7.968	8.1132	8.0284	8.7368	8.2712
MM_RS06060	7.0362	7.3957	7.8415	8.2215	7.1256	7.0251	8.425	8.0065
MM_RS06065	6.2879	5.6893	7.1922	8.1584	6.2714	6.8315	6.2041	7.8449
MM_RS06070	6.4514	6.1969	6.8132	8.2396	6.0171	6.145	4.875	7.1151
MM_RS06075	8.4051	7.6554	7.3781	7.5776	7.8848	8.1005	8.1591	8.8756
MM_RS06080	5.6441	5.1366	6.0639	5.6572	3.5401	4.4369	6.1265	5.6056
MM_RS06085	8.0783	8.1324	7.5574	8.1622	6.4364	6.6297	5.0534	4.8193
MM_RS06095	6.1519	4.8226	7.1695	6.6121	7.1256	5.9848	8.016	6.7816
MM_RS06100	4.8916	4.8799	6.8611	6.7394	6.5368	5.8046	7.845	8.1309
MM_RS06105	5.0014	4.1976	7.8295	6.4355	8.4838	7.9782	8.5857	9.3158
MM_RS06115	5.9479	5.8791	7.8367	7.1591	5.5248	5.9154	7.2371	7.6434
MM_RS06120	8.3681	8.4671	9.4083	10.3031	8.3796	8.2906	9.7327	9.6054
MM_RS06125	5.3165	4.4204	6.9435	7.0569	6.2119	4.9354	8.1096	7.936
MM_RS06130	5.8729	5.8602	7.3814	8.0023	5.7082	4.623	7.845	7.4434
MM_RS06135	8.9335	9.0135	8.811	9.6822	7.5182	7.45	7.8571	7.5625
MM_RS06140	7.3717	7.1962	7.0002	7.7436	7.6132	7.7778	8.0373	7.6035
MM_RS06145	8.4315	8.1265	7.9159	7.9285	8.7156	8.6034	7.7054	7.952
MM_RS06155	8.8505	7.7908	8.8823	7.5018	7.0596	7.4863	6.907	7.4988
MM_RS06160	8.1593	7.6662	6.159	6.9381	7.7023	7.3614	5.5459	6.3945
MM_RS06165	8.6407	8.3672	7.6116	8.3062	8.979	8.3377	7.7705	8.1239
MM_RS06170	3.725	4.1042	4.2783	3.5908	4.1631	4.334	2.5888	3.8641
MM_RS06175	2.1426	5.5551	0.262	0.262	0.262	0.262	5.2853	0.262
MM_RS06180	7.5506	7.6222	8.706	7.8079	6.7187	7.1662	6.8599	5.3402
MM_RS06185	5.399	5.1828	5.2055	5.3466	5.0682	5.9154	4.5575	6.0826
MM_RS06190	5.372	4.136	4.5368	4.9847	4.3955	4.533	3.5752	4.9524
MM_RS06195	5.0014	5.0393	4.4389	4.1165	7.5665	6.0831	5.6043	6.4629
MM_RS06200	6.5266	6.7459	6.5983	5.2358	7.5665	6.8315	6.3477	6.8342
MM_RS06205	5.0702	0.262	6.5406	0.262	0.262	5.8794	0.262	0.262
MM_RS06210	5.2879	5.0393	5.9175	4.6803	6.5368	5.7657	6.7349	6.5494
MM_RS06215	8.7599	9.3204	10.9918	11.8655	6.5368	6.8315	8.5929	7.9036
MM_RS06220	9.368	9.7071	10.866	10.8053	9.9531	9.599	11.3259	10.7173
MM_RS06225	9.0444	8.4856	10.5376	10.4436	9.5164	8.7748	10.9575	10.1685
MM_RS06230	3.8084	3.5149	3.2415	2.3572	4.1631	3.4842	4.6713	2.9374
MM_RS06235	5.7939	5.3677	5.7134	4.6372	7.2491	7.0085	4.6713	5.8637
MM_RS06240	5.814	5.5075	5.9796	3.9144	6.9179	6.6297	6.5091	5.8296
MM_RS06245	6.5865	6.3398	7.492	5.4495	4.3955	4.623	5.485	5.2908
MM_RS06250	5.372	4.1976	5.4878	4.5929	5.8709	4.4369	5.6604	4.4199
MM_RS06255	5.477	4.8799	7.4139	5.6786	6.1498	6.3949	5.9577	6.247
MM_RS06260	5.229	5.3677	5.5593	5.4741	3.8854	4.1028	5.9577	5.1315
MM_RS06265	3.9619	3.414	5.032	5.1466	3.5401	3.2755	3.7933	4.7478
MM_RS06270	7.095	6.9777	5.8715	5.5455	7.1886	6.5403	6.5689	5.6056
MM_RS06275	9.2095	8.6274	7.8581	8.437	9.312	8.2699	8.6001	8.1449
MM_RS06280	11.3512	10.7905	9.5192	9.7505	10.3616	9.7184	9.0254	9.0151
MM_RS06285	6.0017	6.683	5.6711	6.205	6.0171	6.343	6.8357	6.4405
MM_RS06290	9.4492	9.3247	9.0014	10.0206	8.9337	8.5299	7.8083	8.0882
MM_RS06295	5.0014	4.6355	3.8901	3.5908	3.0819	4.4369	1.9869	4.1128
MM_RS06300	7.7205	7.3727	7.7855	7.8741	8.3523	9.1928	8.3672	8.1239
MM_RS06305	7.5862	8.3986	9.7267	9.6953	7.0596	7.666	7.7187	7.531
MM_RS06310	7.5804	7.3081	9.4386	9.7877	6.085	5.7257	7.9943	7.3258
MM_RS06315	9.6236	9.0441	9.6666	8.9281	9.0572	8.3962	9.0623	7.4091
MM_RS06320	12.0009	11.6989	10.3304	11.2546	11.5598	11.2147	11.7914	10.6095
MM_RS06325	9.3663	8.979	10.3486	10.89	9.107	9.178	9.1184	9.4539
MM_RS06330	10.5458	10.5801	9.1857	10.172	9.3608	9.5767	8.2441	8.8158
MM_RS06335	9.4556	9.0061	8.1633	9.5711	9.3261	9.0422	7.7832	7.7385
MM_RS06340	7.9429	7.3859	7.606	7.1206	8.4327	7.51	7.4589	7.0274
MM_RS06345	6.9013	7.1071	6.3456	7.5832	6.8802	6.2615	5.9577	6.5494
MM_RS06350	8.7651	8.1882	9.0753	9.8265	9.5528	8.6628	9.7393	9.243
MM_RS06355	8.778	8.4933	9.5421	10.4177	8.6831	8.6199	8.993	9.4112
MM_RS06360	6.3719	6.1119	5.6818	5.084	6.6306	6.9403	6.0861	6.2726
MM_RS06365	7.6037	7.5997	6.2264	5.177	8.2818	8.0118	8.016	7.5416
MM_RS06370	4.9291	5.2129	5.9085	5.2922	4.9272	5.132	5.7144	5.5224
MM_RS06375	4.7728	4.953	4.9278	3.6789	5.0682	5.6423	4.1492	5.5646
MM_RS06380	4.9657	4.842	5.5938	5.373	3.5401	4.4369	4.967	3.1781
MM_RS06385	6.3445	6.03	4.9457	5.8762	4.7709	5.4592	6.1265	5.6454
MM_RS06395	12.3872	12.1768	10.0686	10.7147	13.9805	13.3687	10.815	10.6082
MM_RS06400	8.1194	7.9215	7.9802	7.2402	6.9905	7.4127	7.3437	5.6842
MM_RS06405	8.273	8.2199	8.4373	7.6387	6.9547	7.2531	7.3607	6.3709
MM_RS06410	7.6267	7.1581	7.5041	6.8183	7.1575	6.7341	6.9969	6.9969
MM_RS06415	12.4957	12.1241	13.1772	14.6615	9.4013	10.9315	9.4077	9.9945
MM_RS06420	12.2838	11.7465	12.6978	13.9868	10.3444	10.4874	10.1103	9.9594
MM_RS06425	11.435	11.1034	11.3887	11.4184	10.3199	10.3821	10.046	9.8927
MM_RS06430	10.329	9.6892	10.4017	10.3929	10.402	10.4588	10.0354	9.8401
MM_RS06435	12.9899	12.658	13.1268	13.6026	11.6067	11.4008	11.0311	10.7689
MM_RS06440	9.6049	9.2011	9.0174	8.6382	9.5587	9.5654	8.457	8.3516
MM_RS06445	8.3985	8.4404	9.4323	9.6809	8.393	8.2768	9.4796	9.2971
MM_RS06450	6.4122	6.4256	6.2337	5.8197	5.3145	5.132	5.6043	5.9297
MM_RS06455	7.1357	6.6723	7.3582	8.2032	7.7238	7.2947	8.0893	7.6822
MM_RS06460	8.0573	7.9706	8.5786	10.0587	7.4934	7.4127	7.6089	7.4988
MM_RS06465	6.1987	5.3941	6.6039	5.6786	5.0682	5.2495	5.2121	5.6056
MM_RS06470	6.8727	6.3667	7.0833	9.092	6.6306	5.4592	6.0861	7.5096
MM_RS06475	6.71	6.7201	6.4433	7.5945	5.9459	6.343	6.6264	6.885
MM_RS06480	8.3089	7.8635	8.0908	9.5218	8.366	7.281	8.9599	8.949
MM_RS06485	9.8842	9.3494	9.6428	7.8648	10.3022	9.7585	8.8616	8.0737
MM_RS06490	10.4731	9.7345	10.2925	8.4495	11.0049	10.6391	9.4679	8.5109
MM_RS06495	12.6237	11.1473	11.9171	10.187	12.8879	11.5845	11.0897	9.7943
MM_RS06500	10.1473	9.0628	9.8265	7.0239	9.9302	8.9368	7.7318	7.2885
MM_RS06505	3.8872	4.1671	3.1185	3.1703	3.8854	4.2231	3.7933	4.1128
MM_RS06520	7.952	8.1825	7.6448	7.5662	7.959	8.3898	8.3672	7.9989
MM_RS06525	6.4122	6.1434	6.462	6.2906	6.0171	5.4096	4.4339	5.3402
MM_RS06530	6.3165	6.0215	5.5938	4.9144	5.9459	6.0183	5.1349	6.0533
MM_RS06535	7.5804	7.625	6.6318	7.5547	5.9459	5.3582	5.6604	4.8874
MM_RS06540	5.9295	6.4635	3.8901	4.5929	6.0171	5.6846	4.1492	4.1128
MM_RS06545	10.8553	13.1755	10.3785	13.3308	14.0246	16.3819	14.0888	15.7672
MM_RS06550	10.8492	13.1748	10.381	13.3262	13.9015	16.371	14.0885	15.7558
MM_RS06555	9.2637	8.8466	9.0804	9.9467	8.2961	8.3311	7.9943	8.1379
MM_RS06560	3.9619	4.5673	4.0648	4.7626	5.3145	4.1028	3.5752	3.1781
MM_RS06565	5.8339	6.0959	5.8239	5.6356	5.0682	5.3049	4.4339	4.7478
MM_RS06570	6.3445	7.4408	7.9114	6.7394	6.1498	6.2892	6.907	6.4629
MM_RS06575	9.7919	10.5285	12.0575	10.0248	10.4186	10.199	11.105	9.0227
MM_RS06580	10.2152	10.8712	11.8099	10.0038	9.6229	9.362	11.2593	8.2964
MM_RS06585	8.5564	9.0452	9.7241	7.7025	9.4853	9.0704	10.7885	8.5323
MM_RS06590	8.1944	7.8893	9.031	7.5662	9.0056	8.1314	10.7437	8.186
MM_RS06595	8.4953	8.1711	9.3297	7.897	8.9968	8.1237	11.073	8.6249
MM_RS06600	10.2018	10.079	9.9884	10.4568	10.3058	10.1713	10.779	10.0805
MM_RS06605	9.0844	9.021	8.5657	9.91	9.2762	9.1443	9.0675	9.0489
MM_RS06610	7.3717	6.4882	10.1917	8.3299	6.9905	6.5403	8.4087	7.7012
MM_RS06615	8.1395	8.3077	10.1309	10.1136	7.3899	8.184	8.8375	8.569
MM_RS06620	4.6877	5.5899	4.9457	4.451	5.1966	4.9354	3.7933	4.8874
MM_RS06625	10.4612	10.4531	9.476	10.3295	10.3887	11.1292	9.703	10.9458
MM_RS06630	10.7375	10.2907	9.5748	10.4699	11.5327	11.7012	10.7932	11.3965
MM_RS06635	8.6265	8.2125	6.4558	6.9731	8.0803	8.4089	6.3477	7.432
MM_RS06640	6.7629	6.5946	5.5121	6.145	5.8709	5.8794	5.2121	5.3402
MM_RS06645	6.6774	6.4446	4.8913	4.9847	5.1966	5.1919	4.2986	4.6726
MM_RS06650	7.0447	7.162	8.7448	8.5685	12.8926	12.4175	13.6242	11.9111
MM_RS06655	8.7015	10.7967	13.307	8.649	8.5211	9.2782	13.2039	7.8787
MM_RS06660	14.7359	14.0973	16.4596	13.6313	15.6699	13.552	17.2711	15.1367
MM_RS06665	9.7454	9.844	11.2146	10.9619	7.093	7.8905	8.0479	8.4504
MM_RS06675	6.3165	6.3667	8.1972	7.4219	6.7187	7.4252	7.6372	9.0227
MM_RS06680	6.3165	6.8922	7.4298	6.9817	5.0682	4.9354	4.1492	5.1315
MM_RS06685	6.9658	6.8013	8.0355	7.7587	5.1966	5.8425	5.9577	5.9929
MM_RS06690	5.8536	6.234	5.2494	4.9144	5.0682	5.5072	5.1349	4.2227
MM_RS06695	5.477	6.234	5.9533	4.8021	4.1631	5.004	5.8653	4.1128
MM_RS06700	7.6826	7.4087	9.9694	10.6886	7.2192	6.445	9.5666	8.807
MM_RS06705	7.5921	7.4055	9.5813	10.3479	8.4196	8.2906	10.6219	9.8228
MM_RS06710	8.7015	8.5836	9.9165	8.6463	8.4712	8.4887	8.3244	7.8704
MM_RS06715	8.4018	7.9706	8.4246	7.2112	9.2469	8.865	8.4005	8.4892
MM_RS06720	10.2508	9.3926	10.2121	11.1832	13.3303	13.0111	12.2421	14.6748
MM_RS06725	9.8735	9.2057	10.0792	10.9846	10.4954	10.2297	10.8813	10.4159
MM_RS06735	8.1672	7.7858	7.8675	7.6168	8.0296	7.687	7.5508	7.3135
MM_RS06740	7.5566	7.5447	7.528	7.5719	7.3899	7.0085	6.8357	7.3135
MM_RS06745	10.2227	9.7828	9.4644	9.1098	9.5468	9.2001	9.3871	8.6298
MM_RS06750	10.025	10.4373	10.3133	10.6648	9.4727	9.4839	8.5266	8.7894
MM_RS06755	8.5713	7.873	7.6004	7.6223	7.1256	7.5334	0.262	5.8296
MM_RS06760	7.9879	8.8632	8.0355	8.2179	7.4165	7.2103	7.1418	7.5096
MM_RS06765	8.3783	8.2069	7.528	7.233	8.2818	7.7179	6.8112	6.95
MM_RS06770	9.0529	8.7793	9.0046	8.3926	8.5454	8.4026	8.7433	7.8535
MM_RS06775	8.2173	8.1343	9.5502	8.268	8.1923	8.0118	9.0147	7.9756
MM_RS06780	10.8071	10.6057	9.3986	8.937	10.798	10.6932	9.6726	9.0927
MM_RS06785	9.5077	9.6154	8.7789	10.2082	8.2672	8.5923	7.8206	8.1724
MM_RS06790	7.699	7.753	5.9796	6.5324	8.0122	7.9174	6.8357	6.8169
MM_RS06795	6.4769	6.234	8.1382	7.5832	0.262	6.7739	7.5801	6.8513
MM_RS06800	7.6716	8.1026	8.5261	8.8551	8.3385	8.1987	8.1975	7.8535
MM_RS06805	7.1984	7.2906	7.7805	7.2686	7.6584	7.8446	8.0267	8.0142
MM_RS06810	8.7389	7.9924	8.817	7.9938	8.2961	7.9697	8.5638	8.5001
MM_RS06815	6.3855	6.8782	6.9655	6.1902	5.7919	6.2044	6.4144	6.7993
MM_RS06820	6.5747	6.6777	7.3582	7.5719	5.7919	5.6423	6.4144	5.9616
MM_RS06825	8.0657	7.6278	8.0187	8.1584	7.093	7.3744	7.1997	6.6702
MM_RS06830	5.8729	5.5434	7.1922	5.8388	6.0171	6.1144	6.9526	6.5068
MM_RS06835	10.0239	9.3511	8.1822	7.7537	9.4277	9.2782	7.5208	7.7568
MM_RS06840	8.9944	7.4597	7.8815	7.5719	7.5665	7.3483	7.5508	7.0572
MM_RS06845	9.3439	8.8418	9.0131	9.2747	9.3946	9.0422	9.2882	8.6348
MM_RS06850	6.4254	6.8829	4.0973	4.2935	5.7082	6.175	0.262	5.1315
MM_RS06855	8.908	8.745	10.3553	11.9233	7.0596	6.7341	8.2804	8.081
MM_RS06860	7.8335	7.2622	7.7401	6.6771	7.959	7.8723	6.8599	7.6629
MM_RS06865	6.2139	6.2267	6.0139	5.8004	5.3145	5.5986	6.2413	5.9297
MM_RS06870	8.5713	8.0329	8.5628	7.317	6.0171	5.8046	6.0861	6.0533
MM_RS06875	9.9126	10.9766	9.2474	9.6447	8.4327	8.2974	7.6511	7.2374
MM_RS06880	6.92	7.0789	5.9356	5.8576	6.7608	6.6512	7.3607	6.7082
MM_RS06885	7.2363	6.6669	6.8277	6.6341	7.0596	6.7341	8.0267	7.4988
MM_RS06890	5.5983	5.646	4.2783	4.5471	5.9459	6.445	4.1492	5.8637
MM_RS06895	8.8059	9.0973	8.3826	8.525	8.9245	8.6786	8.67	8.8288
MM_RS06900	7.4703	7.5209	6.6151	6.5206	8.2076	7.579	9.3407	8.6098
MM_RS06905	4.9291	4.6132	5.5	6.0335	5.3145	5.1919	5.7144	6.5703
MM_RS06910	3.2129	3.3607	6.6591	4.451	0.262	2.3474	5.1349	3.7212
MM_RS06915	5.814	5.8791	8.4561	7.097	4.5954	4.9354	6.3477	5.5646
MM_RS06920	9.5638	9.3384	9.1687	8.7904	8.8189	8.8604	8.3417	8.0065
MM_RS06925	7.1114	6.5065	7.7143	6.9023	8.2076	8.2489	7.122	7.9441
MM_RS06930	8.0824	8.6632	9.4172	7.9241	7.6805	7.136	8.2257	7.4091
MM_RS06935	6.5388	6.1277	6.4179	7.3638	5.6194	6.343	5.6043	5.9616
MM_RS06940	7.8086	7.8823	7.815	8.7781	8.9611	8.4401	9.2105	8.4837
MM_RS06945	8.2097	8.1225	10.0288	9.5394	7.5182	7.4622	8.1688	7.1707
MM_RS06950	9.3612	9.5949	10.3129	9.7174	10.3547	10.1526	9.6963	9.5196
MM_RS06955	9.2171	9.0699	10.5157	8.7482	7.9223	8.0447	7.7448	7.2503
MM_RS06960	8.3509	8.6092	9.7292	7.9767	7.9037	8.0926	7.9943	7.2885
MM_RS06965	7.6381	7.3859	7.653	6.4102	7.1256	7.0251	7.0185	6.6893
MM_RS06970	9.1651	9.3595	8.59	8.7279	9.1232	8.9926	8.5784	7.7838
MM_RS06975	6.8238	6.0959	7.6338	7.0891	7.5182	7.0895	9.083	8.3395
MM_RS06980	8.4051	8.0329	8.0017	7.7933	8.1768	7.6012	8.1395	7.2759
MM_RS06985	7.7934	7.4376	9.4606	9.4492	7.1256	7.5677	7.9273	7.7838
MM_RS06990	7.302	7.3081	9.1124	9.0801	7.4165	7.6766	8.4331	8.3931
MM_RS06995	10.6293	10.2929	7.6906	7.2964	8.5211	9.5597	7.5655	7.6629
MM_RS07005	4.5499	4.5673	4.2783	3.3962	6.4364	5.8425	5.485	6.8169
MM_RS07010	7.0532	6.982	5.5	6.8932	8.0803	7.8632	6.7607	7.1977
MM_RS07015	8.4859	8.3822	8.9712	9.5394	9.5587	9.0744	9.8091	9.1423
MM_RS07020	6.8533	6.8735	6.6913	5.8762	5.5248	5.5986	6.2041	5.4342
MM_RS07025	9.8184	12.2895	10.1426	12.2383	11.4958	11.1689	10.8799	11.1175
MM_RS07030	10.3508	9.6487	10.6025	12.4061	9.4407	9.3489	10.9934	11.0616
MM_RS07035	10.8455	9.3967	10.9758	11.6075	9.1708	8.9368	10.5588	9.9254
MM_RS07040	9.4083	9.0061	11.041	11.8329	8.4196	8.6681	10.5952	10.1357
MM_RS07045	8.202	8.1557	9.7985	10.4429	8.6611	8.9628	10.9264	10.6867
MM_RS07050	7.5506	8.0475	8.3544	7.7334	7.977	8.1691	8.8375	8.5376
MM_RS07055	8.3266	8.3969	8.1363	8.1959	8.887	8.9756	8.457	8.3989
MM_RS07060	8.4828	7.7325	8.2718	7.9241	9.7642	8.8465	9.9452	8.4672
MM_RS07065	10.9495	10.5711	9.9841	9.7404	11.0899	10.4481	10.1203	8.3273
MM_RS07070	8.0989	8.4856	7.338	5.4495	7.636	8.0035	7.3437	5.1315
MM_RS07075	10.9788	10.5199	10.5457	11.6527	10.7067	10.8196	10.2076	10.2643
MM_RS07080	8.3018	8.6246	7.4042	7.5431	6.4874	7.2671	5.8653	6.2978
MM_RS07085	9.3456	8.1499	7.9091	7.8508	8.6159	8.116	7.0185	7.4546
MM_RS07090	12.2652	11.5947	10.3291	11.2866	12.3302	11.5655	10.338	9.7698
MM_RS07095	10.1922	9.071	7.8076	7.8741	9.2762	7.9951	7.6372	6.2726
MM_RS07100	9.038	8.6482	7.1809	7.1591	7.3628	7.687	5.6604	5.3402
MM_RS07105	9.9495	10.2365	10.1619	10.4843	9.9163	10.1067	10.1328	9.9234
MM_RS07110	8.5046	8.2088	8.9831	8.608	8.2672	8.1005	8.3756	8.1026
MM_RS07115	7.2511	7.5797	7.815	8.0884	5.3145	6.7138	6.8112	6.7082
MM_RS07120	7.4317	7.3627	8.5943	8.468	7.636	8.5124	9.652	9.2527
MM_RS07125	7.2212	6.683	9.2803	9.3212	6.8017	6.9403	8.8375	8.7579
MM_RS07130	10.234	9.4378	10.2149	9.3695	9.7486	10.0328	9.4561	9.1561
MM_RS07135	9.3849	9.2462	8.3308	8.181	9.479	9.3489	8.6425	8.3931
MM_RS07140	9.3247	9.4885	8.4793	7.9462	10.6321	9.9244	8.8616	8.239
MM_RS07145	7.8916	6.9152	7.2969	7.1049	7.0255	6.6078	7.3607	6.6507
MM_RS07150	12.3544	11.3172	13.937	14.3821	11.048	10.417	11.0056	10.8001
MM_RS07155	7.5626	7.3957	7.6088	7.897	8.3104	7.9951	8.6769	8.3455
MM_RS07160	5.7527	6.2413	6.5169	6.6771	6.2714	5.5537	6.8112	5.8971
MM_RS07165	5.9109	5.7622	6.8611	5.4741	6.6753	7.1052	6.3477	7.7385
MM_RS07170	8.1474	7.8986	9.5898	10.1116	6.7187	7.3083	6.7607	6.9969
MM_RS07175	5.2879	4.7217	4.7958	4.0523	5.5248	4.623	5.2121	5.6842
MM_RS07180	8.5919	8.5648	9.3169	8.5013	6.8017	7.666	7.7705	8.3273
MM_RS07185	7.7626	8.6358	7.2509	7.6387	7.59	7.51	7.5208	7.4206
MM_RS07190	7.3442	7.2369	7.8415	7.7884	7.7657	7.7972	7.8809	8.5376
MM_RS07195	8.3681	8.619	9.4867	10.688	7.8265	7.8258	7.7054	8.3455
MM_RS07200	4.7309	4.3944	4.2496	3.8402	5.7919	4.4369	4.6713	5.2908
MM_RS07205	3.0835	2.9894	2.4739	1.8029	3.5401	3.4842	3.9823	3.5624
MM_RS07210	4.45	3.8204	4.3873	2.7425	3.0819	2.7316	3.5752	3.7212
MM_RS07215	9.2152	9.3341	8.27	8.3698	9.1472	7.9867	7.8809	7.0864
MM_RS07220	9.0011	8.7667	9.0814	8.4802	9.7796	9.8705	9.9814	9.5567
MM_RS07225	8.8554	8.5619	8.3809	9.0312	7.6584	8.5065	7.6648	7.2885
MM_RS07230	5.5749	5.5075	5.9533	7.1438	6.2714	5.7657	6.5689	5.7946
MM_RS07235	8.6464	8.8237	9.0205	9.3793	9.0656	9.0135	8.8795	9.9455
MM_RS07240	9.8699	10.0176	9.8004	9.6257	7.7238	8.7148	6.8357	8.5534
MM_RS07245	7.9337	8.2707	8.6321	9.2571	6.4364	6.8687	7.1997	6.7816
MM_RS07250	6.2734	6.1589	5.7847	6.3714	8.2377	8.5299	8.7237	9.1458
MM_RS07255	8.1672	7.9192	8.3858	7.9462	8.1768	7.2947	8.3244	7.4658
MM_RS07260	8.1593	7.8847	8.1613	8.3467	8.6273	7.768	9.0466	7.4988
MM_RS07265	8.4412	7.9009	8.8624	8.9414	9.504	9.1594	9.6206	9.0377
MM_RS07270	5.6214	5.3133	6.6646	6.3583	6.9179	7.136	7.2735	7.936
MM_RS07275	7.8236	7.1811	8.376	8.594	9.4471	9.2396	9.362	8.933
MM_RS07280	8.5293	8.0138	8.7537	9.5438	8.5574	8.3509	7.7448	7.7568
MM_RS07285	9.2963	8.8164	9.0152	8.6245	10.0581	9.6612	10.0512	9.724
MM_RS07290	6.3305	6.8209	8.1479	6.9817	5.9459	7.3744	6.9969	6.6507
MM_RS07295	6.0704	6.6669	7.3715	7.2826	7.3071	6.5632	8.207	8.1587
MM_RS07300	7.9151	6.6937	7.4981	6.9381	7.8265	7.4743	8.0052	8.5109
MM_RS07305	6.9837	6.8498	5.7647	6.3714	7.7657	7.4127	7.6511	7.8277
MM_RS07310	8.4637	8.1615	6.2977	6.799	8.3385	7.9697	6.5979	6.6893
MM_RS07315	3.8084	4.5673	2.2487	2.9004	5.1966	4.1028	3.0006	4.5091
MM_RS07320	5.966	5.9431	5.1292	5.399	5.7082	4.7077	5.0534	5.6056
MM_RS07325	5.477	6.1512	6.3855	7.6001	4.9272	4.8634	5.2853	5.9616
MM_RS07330	8.4084	8.0413	9.3254	9.627	7.9947	7.6448	8.016	8.4448
MM_RS07335	8.652	8.8514	9.7478	9.7667	8.5333	8.7401	8.4883	8.941
MM_RS07340	9.2209	8.8855	9.1486	8.6969	9.1151	8.6361	8.8854	8.5001
MM_RS07345	10.3123	10.7989	10.1714	10.3504	9.9934	10.0018	10.6024	9.4199
MM_RS07350	7.0701	7.2332	6.1358	6.1602	5.5248	6.0831	3.9823	5.9297
MM_RS07355	5.3165	5.4707	7.528	7.7736	4.7709	4.1028	6.9526	5.5224
MM_RS07360	9.2095	9.4824	8.4561	7.7077	8.1132	8.0447	6.7862	6.8342
MM_RS07365	8.8358	8.8016	8.2323	7.8555	7.8848	8.0689	7.1997	6.4405
MM_RS07370	7.4955	7.2148	8.1028	8.1043	7.8265	7.2531	8.3922	8.2325
MM_RS07375	7.4446	7.0079	9.422	10.1664	7.9408	7.935	9.4757	9.437
MM_RS07380	6.3989	6.7408	7.9517	7.8508	8.6159	8.2489	9.8489	9.6575
MM_RS07390	5.5021	5.4707	6.2409	5.3197	4.9272	4.8634	5.7665	5.2397
MM_RS07395	8.0056	8.0784	8.7461	7.0239	6.4364	6.7739	7.5208	6.4629
MM_RS07400	2.6008	4.136	0.262	3.2878	6.5368	4.334	0.262	0.262
MM_RS07405	4.1649	4.1976	4.9278	5.2643	3.0819	3.9715	5.5459	3.7212
MM_RS07410	5.1358	4.7629	7.5833	7.3572	3.5401	4.1028	4.875	5.0147
MM_RS07415	7.0014	7.7858	7.6338	8.1584	6.9179	7.181	7.1418	7.2759
MM_RS07430	10.5903	10.207	7.8838	9.6582	8.393	9.6479	9.1284	9.2102
MM_RS07435	10.3105	9.9136	9.5553	9.753	10.6293	10.0871	10.3593	10.1004
MM_RS07440	8.4637	7.8517	7.7427	8.4588	8.7784	8.6034	9.9253	8.3212
MM_RS07445	7.8963	8.1519	9.0404	8.437	7.2192	7.4377	7.9612	7.4434
MM_RS07450	7.9244	7.9837	7.1846	6.6121	9.2906	9.4627	8.2257	7.1292
MM_RS07455	9.3765	8.626	7.8698	7.7181	9.5706	9.8682	8.5784	7.3975
MM_RS07460	9.4652	8.862	7.7855	7.1361	10.0915	9.4809	8.2349	7.157
MM_RS07465	11.3794	10.7727	9.2465	8.8921	11.896	11.8944	10.4576	9.325
MM_RS07475	6.229	7.2765	7.0002	6.0823	4.7709	6.5171	5.9577	4.9524
MM_RS07480	7.4766	8.0558	7.1465	7.4407	4.9272	6.6512	5.2121	4.5932
MM_RS07485	7.5862	7.7908	7.4859	7.9895	5.7082	5.9848	5.2853	4.8193
MM_RS07490	6.1359	5.9431	6.6207	5.7407	6.9547	6.5632	6.4467	6.0826
MM_RS07495	7.3162	6.7814	6.7586	6.2341	5.9459	5.2495	5.9122	5.8637
MM_RS07510	7.1357	8.1265	6.9786	6.8749	10.7439	11.2878	9.9281	10.4861
MM_RS07515	7.5745	8.6344	7.6311	7.7637	8.3385	8.4887	7.95	8.2519
MM_RS07520	11.5103	12.325	9.6374	10.8866	14.7533	14.2698	13.3373	13.9072
MM_RS07525	12.5116	12.8373	10.9718	13.3493	10.9354	10.6828	9.948	10.3721
MM_RS07530	7.2731	6.7562	6.7433	7.0239	7.7449	7.8995	6.907	7.1151
MM_RS07535	7.7205	7.3693	7.5975	8.4953	6.7608	6.8502	6.5979	6.5494
MM_RS07540	6.2734	6.5889	4.2205	4.1165	7.9947	7.5334	6.4144	6.7816
MM_RS07545	3.5418	2.7581	3.1814	1.3762	2.3905	3.6659	3.0006	2.2706
MM_RS07550	8.9834	8.1499	8.1728	8.4923	10.024	9.7585	9.6929	9.071
MM_RS07560	7.0014	6.7764	6.4433	5.8004	10.7255	8.8741	8.8314	9.3003
MM_RS07565	10.7912	10.3361	10.3801	10.8762	11.018	9.1964	11.7867	9.5748
MM_RS07570	4.6432	4.4957	3.6475	2.7425	6.0171	6.3949	4.7768	5.8971
MM_RS07585	4.1649	4.6576	4.0973	4.5929	3.5401	4.533	2.5888	4.7478
MM_RS07590	6.0364	5.7923	4.6935	4.1165	6.6306	6.0511	5.4215	5.6454
MM_RS07595	8.2656	8.3318	9.135	10.134	8.8387	8.8787	8.4649	9.3643
MM_RS07600	7.6153	8.062	9.0415	8.9849	7.4934	8.1987	8.9487	8.8798
MM_RS07605	5.551	5.2423	5.1602	4.0523	6.0171	6.145	6.5979	6.0826
MM_RS07610	6.5388	7.0376	5.8432	5.8004	6.8415	6.3692	6.5393	6.7816
MM_RS07615	8.3089	7.7505	8.0355	7.0323	7.4934	7.8632	7.2371	7.0572
MM_RS07620	9.7055	9.382	10.7742	10.5239	9.5883	9.9743	9.9592	10.1111
MM_RS07625	9.4811	8.9291	10.8352	11.6224	8.581	8.6469	9.736	9.4112
MM_RS07630	7.095	7.0991	6.6039	6.2626	6.9179	6.6078	4.7768	5.8296
MM_RS07635	6.7207	6.8968	5.9622	6.114	6.9905	7.0895	6.7349	6.5908
MM_RS07640	8.1514	7.887	7.321	7.6387	8.3796	8.4524	7.1997	7.6532
MM_RS07645	6.6097	6.4944	5.6051	6.3044	7.4165	6.7341	6.5689	6.7269
MM_RS07650	2.7814	2.479	1.9746	0.262	0.262	1.7952	0.262	2.2706
MM_RS07660	7.4955	6.7096	5.9709	6.2196	6.9905	6.7739	6.93	7.0719
MM_RS07665	5.7102	5.9872	7.1657	6.6771	4.1631	4.9354	5.9122	4.8874
MM_RS07670	10.2719	9.5113	11.0038	12.1273	9.8833	9.7361	10.4235	10.6614
MM_RS07675	6.8238	7.1658	7.3549	7.6112	6.5844	6.7341	6.9749	7.0719
MM_RS07680	6.9293	6.9288	6.0475	4.8405	5.7919	6.5171	3.7933	5.2397
MM_RS07685	9.4133	9.7922	10.2227	9.2029	9.5286	9.1854	9.3871	8.2648
MM_RS07690	8.908	9.4954	8.6742	8.1508	7.636	8.6994	8.8854	7.8535
MM_RS07695	6.7937	7.6689	7.9693	7.1816	7.2783	7.1512	8.3244	7.8871
MM_RS07700	6.742	6.5005	5.3735	4.2369	8.4456	8.6144	6.5393	7.7385
MM_RS07705	9.0926	9.9107	10.1685	10.1531	8.7474	9.4227	9.7522	8.5217
MM_RS07710	7.699	7.8823	6.5812	6.4603	8.1132	8.6628	7.1019	7.4206
MM_RS07715	8.4637	8.035	8.2231	7.4958	8.694	8.7748	8.3672	8.5217
MM_RS07720	6.4514	6.1819	7.9539	7.7884	5.6194	5.9154	7.2371	6.8342
MM_RS07725	6.1359	5.6678	6.3985	5.1466	6.7608	6.3692	7.5056	7.0424
MM_RS07730	7.7883	7.571	7.8003	8.6916	9.2017	8.4089	8.5929	8.6882
MM_RS07735	8.7983	8.7654	8.6362	9.6582	8.6831	8.2059	8.549	8.315
MM_RS07740	8.2058	8.7992	8.0988	8.9034	7.8848	7.1512	7.2371	6.5283
MM_RS07745	6.1832	6.6937	4.9981	4.8021	5.6194	5.4096	3.7933	5.1866
MM_RS07750	12.9893	13.1959	13.5013	14.3165	13.4953	13.4117	12.967	13.7079
MM_RS07755	8.023	8.6645	9.3567	8.9827	11.631	10.9726	10.9476	11.1175
MM_RS07760	11.4544	11.4918	10.6056	11.5392	9.6172	9.7536	8.549	8.5947
MM_RS07765	8.4018	8.5175	8.0767	8.5912	8.694	8.5299	8.6632	8.5997
MM_RS07770	8.8259	8.7629	8.7073	8.8829	9.0572	9.1481	8.457	8.7894
MM_RS07775	9.4921	8.8127	9.1075	8.6785	7.7023	8.2204	6.5689	7.6918
MM_RS07780	7.5264	7.2222	6.2337	6.6558	8.4327	8.2768	7.1807	7.0424
MM_RS07785	5.9479	5.7923	6.4115	5.9126	5.9459	5.8425	6.5689	6.4629
MM_RS07790	5.7316	6.0797	5.4507	5.4741	7.0255	6.0511	7.2554	6.1942
MM_RS07795	5.229	5.1522	5.3735	4.8405	4.1631	5.132	6.0446	5.6842
MM_RS07800	4.1004	3.8204	3.2991	3.9144	4.7709	3.0302	4.1492	3.5624
MM_RS07805	6.502	6.5246	6.437	7.3305	6.085	6.8125	6.2776	6.9815
MM_RS07810	5.7316	5.7417	5.2494	4.4004	5.0682	5.2495	5.485	4.5091
MM_RS07815	5.3445	5.2994	4.9457	3.2878	6.4874	6.5403	5.9577	6.5283
MM_RS07825	6.3022	6.7201	5.0814	5.177	5.4235	5.7257	5.6043	5.2397
MM_RS07830	5.551	5.3543	4.7759	5.0185	4.9272	5.3049	5.7665	5.5646
MM_RS07835	9.0185	8.7269	9.1124	8.2889	8.393	8.4767	8.8676	8.315
MM_RS07840	5.5021	5.6786	5.3997	6.4847	9.7745	9.6875	9.3871	10.2787
MM_RS07845	4.6432	4.9351	4.8727	4.4004	3.5401	3.8269	2.5888	2.9374
MM_RS07850	7.0014	6.8354	5.3197	5.9657	6.6306	6.6078	5.355	5.5646
MM_RS07855	7.7312	7.5299	4.8154	5.6996	7.636	8.0926	5.485	6.3945
MM_RS07860	9.3474	9.3894	8.958	10.2246	9.4663	9.1817	9.2971	8.9998
MM_RS07865	7.747	7.9009	7.6393	7.9241	7.3628	7.2671	7.3776	7.3858
MM_RS07870	8.4084	7.8325	7.5457	8.0844	8.7263	8.5065	8.1096	8.2259
MM_RS07875	7.1276	7.5299	7.9693	8.2467	7.3899	7.2947	6.8112	6.7269
MM_RS07880	8.1395	8.0053	8.1728	8.5996	8.5088	8.4339	7.3607	7.6434
MM_RS07885	8.8505	8.8016	8.3477	8.7431	8.2525	8.6144	6.8836	7.5416
MM_RS07890	9.602	8.7616	9.7459	10.7453	8.4196	8.4463	9.0932	9.5409
MM_RS07895	9.1904	9.4114	10.0371	10.4881	9.2834	9.0259	9.2838	8.4163
MM_RS07900	8.1031	7.9924	6.0721	5.5221	8.6499	9.0902	6.8599	6.8682
MM_RS07905	6.7835	6.6777	6.8421	6.9644	7.3899	6.9748	7.5359	7.6035
MM_RS07910	7.6153	6.8403	7.4736	7.8414	7.2192	6.8687	6.907	6.9815
MM_RS07915	6.9013	6.4882	6.4744	6.7595	5.9459	6.2332	6.8599	6.1395
MM_RS07920	7.1437	7.0292	6.0224	5.2922	10.4734	9.5252	7.7187	7.7927
MM_RS07925	7.0447	7.4471	6.7985	7.933	9.944	9.6399	9.962	9.1035
MM_RS07930	7.0014	7.1071	6.0054	6.3044	7.4682	7.1958	6.7085	5.8637
MM_RS07935	8.0488	7.9706	8.2176	6.9987	8.0803	8.3177	7.7448	7.9834
MM_RS07940	6.229	6.8306	6.6483	6.2767	6.4364	6.7541	7.5208	6.5908
MM_RS07945	8.4669	7.9684	8.741	8.63	8.0969	7.6448	8.2349	6.9179
MM_RS07950	9.0229	7.8939	7.531	7.1206	9.479	9.0624	8.6214	8.9569
MM_RS07955	10.1482	9.5263	10.4062	12.5073	10.615	9.9658	10.6095	11.0158
MM_RS07960	8.5594	8.2867	9.1408	10.8635	9.5164	8.6575	9.9338	9.903
MM_RS07965	8.2058	7.5179	8.8073	10.8762	8.2377	8.0035	8.5341	9.1492
MM_RS07970	9.8783	9.7922	10.3129	12.1651	9.7745	9.7879	10.4134	10.7565
MM_RS07975	9.4605	8.7295	9.4449	11.4113	8.9337	8.9671	8.9374	9.9751
MM_RS07980	9.9415	9.5508	10.0429	12.0517	9.9711	9.7133	9.9195	10.708
MM_RS07985	9.6121	8.8334	9.8247	11.0808	9.3539	8.9714	9.3147	10.1872
MM_RS07990	11.0421	10.8861	11.0316	11.1526	10.402	9.9636	9.8153	10.3617
MM_RS07995	6.7629	6.9152	6.3389	6.0168	9.5706	7.6766	7.7187	8.1587
MM_RS08000	8.7547	8.1577	8.6512	9.7517	8.9429	8.2974	8.1975	7.9678
MM_RS08005	6.9107	7.7883	6.7985	6.601	6.8802	6.6512	6.7607	6.7636
MM_RS08010	7.2212	7.1031	9.2733	10.6648	6.4874	6.8869	7.3942	8.807
MM_RS08015	6.4642	6.7043	8.7372	9.389	6.8017	7.2531	8.3839	8.8714
MM_RS08020	8.3125	9.274	9.8652	10.4926	8.9059	9.1481	9.8847	10.4556
MM_RS08025	5.551	6.36	6.9786	6.4355	6.3834	6.175	7.0815	6.8342
MM_RS08030	7.2585	7.3492	6.7687	5.8762	7.7238	7.5218	7.0608	7.1008
MM_RS08035	6.1359	5.9521	6.0639	5.7609	6.8802	6.4934	6.0446	5.8637
MM_RS08040	7.206	7.3356	7.5776	8.2069	6.2119	5.9848	5.8653	6.0533
MM_RS08045	6.0704	5.7923	4.3608	4.4999	4.9272	5.5072	4.2986	5.1866
MM_RS08050	8.0948	7.9728	8.1518	7.955	8.5454	8.2906	8.5266	8.4047
MM_RS08055	3.5418	2.9166	2.7526	2.3572	6.085	4.4369	5.355	4.6726
MM_RS08060	9.2	8.6148	7.9824	9.1466	8.393	8.0447	5.9577	7.5625
MM_RS08065	5.1358	4.2274	4.464	4.2369	7.1575	5.9506	5.9122	6.0533
MM_RS08070	5.372	5.4329	5.6924	5.0185	3.5401	3.8269	4.875	5.0147
MM_RS08075	7.5921	7.9945	7.7012	8.4022	6.8415	7.2671	7.7958	7.1432
MM_RS08080	8.7042	9.0493	9.5927	10.8005	7.4426	7.9085	7.9273	7.7568
MM_RS08085	9.3282	9.9914	10.3351	11.3969	8.0803	9.0744	9.6311	9.0673
MM_RS08090	9.038	9.216	10.0732	11.2753	7.8848	8.6994	9.0039	8.7351
MM_RS08095	6.3165	7.3081	7.8222	9.5233	6.0171	7.0737	6.9526	7.1977
MM_RS08100	8.0907	8.4686	9.162	10.8011	8.1612	8.8741	9.424	9.18
MM_RS08105	6.644	6.5305	5.5121	5.7203	5.4235	6.145	4.1492	5.7587
MM_RS08110	2.9407	2.6714	1.81	1.3762	0.262	2.7316	3.3172	1.735
MM_RS08115	7.8773	9.2316	6.0802	7.5314	7.8462	8.0035	5.8653	6.2726
MM_RS08120	7.2876	7.1773	7.2328	7.2112	6.085	6.9049	6.5979	6.2208
MM_RS08125	5.8536	3.4654	6.4115	8.6463	7.3628	5.5986	7.0608	7.8191
MM_RS08130	8.8747	8.7591	7.5516	6.7695	11.1043	10.964	8.5037	9.2102
MM_RS08135	6.3305	6.1356	5.5593	5.9126	5.7082	5.3049	5.2121	5.479
MM_RS08140	6.8238	6.7096	6.9743	7.6278	6.4874	6.5171	6.5689	6.1395
MM_RS08145	7.5325	7.6444	7.3073	8.2855	7.3352	7.0415	6.6543	6.7454
MM_RS08150	6.5509	6.5424	6.4682	6.8183	6.2119	6.9918	6.6816	7.0274
MM_RS08155	6.0191	5.6786	6.0308	6.0662	5.6194	6.9049	5.355	6.2726
MM_RS08160	6.644	7.4312	6.8469	7.1514	6.5844	7.7778	7.0815	6.611
MM_RS08165	6.7314	6.9288	6.0475	6.0499	7.5425	7.51	7.0608	6.885
MM_RS08170	7.392	7.1504	5.9445	6.345	7.1256	6.9748	6.8112	5.9297
MM_RS08175	6.0191	5.2276	4.2496	4.2369	5.4235	5.3049	3.3172	3.8641
MM_RS08180	7.2437	6.6284	4.8347	4.4999	6.8017	6.4934	5.1349	4.8193
MM_RS08185	7.8773	7.7833	6.3524	8.7831	4.1631	5.4592	3.3172	4.5932
MM_RS08190	5.7527	5.1979	4.7557	5.0185	5.1966	5.004	5.6604	5.1315
MM_RS08195	7.1033	6.699	6.9743	7.0072	7.5665	7.181	7.4269	7.5729
MM_RS08200	6.9013	6.6614	7.3945	7.9016	6.085	6.5171	7.1807	6.9969
MM_RS08205	10.2312	10.2903	10.8168	10.8542	9.4211	9.8357	9.7683	10.006
MM_RS08210	2.9407	3.2476	4.1291	2.5638	5.6194	4.4369	3.9823	6.611
MM_RS08215	10.8565	11.0072	10.4612	11.7613	9.8496	10.313	9.5555	9.4899
MM_RS08220	7.9151	7.964	8.487	8.4893	8.4327	8.2059	9.3954	8.422
MM_RS08225	8.9744	9.7065	9.2311	9.0208	10.0153	10.3146	10.7142	10.1737
MM_RS08230	7.8335	7.8252	8.3257	8.0724	8.4712	9.1098	8.3502	8.4105
MM_RS08235	7.8433	7.9551	8.7294	8.0764	6.2714	7.5218	6.6816	7.6336
MM_RS08240	10.0119	9.7274	7.0833	9.1254	8.4456	8.5065	8.8068	7.72
MM_RS08245	5.2587	4.136	6.5347	8.4402	3.8854	3.4842	9.736	7.1151
MM_RS08250	5.2587	3.1874	5.9969	8.9698	7.1575	6.445	9.5294	8.2519
MM_RS08255	4.9657	3.7806	6.2977	8.715	3.8854	3.0302	7.5655	5.479
MM_RS08260	3.4405	2.9894	2.9836	4.2935	5.1966	4.7077	5.355	5.0743
MM_RS08270	5.1986	4.803	4.5129	3.9144	3.8854	3.8269	3.7933	3.1781
MM_RS08275	8.1194	5.9431	8.8695	11.8263	7.959	7.0737	12.4473	10.4847
MM_RS08285	7.2437	6.9014	6.9256	9.9043	8.1294	8.4887	9.736	7.8535
MM_RS08290	7.4317	7.6526	7.5919	8.3698	5.8709	7.1207	5.355	5.6842
MM_RS08295	9.1923	9.3654	8.4294	9.1466	7.2491	7.579	7.1614	6.6893
MM_RS08300	6.4254	5.4707	5.1754	4.9499	7.4682	7.666	6.2776	6.885
MM_RS08305	9.3577	9.1584	7.4767	8.5599	8.1923	7.8446	7.5056	6.7636
MM_RS08310	8.3266	8.2401	6.8469	6.6558	6.085	6.3692	5.6043	4.8193
MM_RS08315	5.7527	6.7305	5.1754	5.0185	5.0682	4.9354	5.2853	5.2908
MM_RS08320	5.4255	4.5439	5.5824	5.4244	4.9272	4.7877	3.7933	5.0147
MM_RS08325	7.1437	7.2478	6.4243	6.5087	7.2192	7.2247	6.8112	7.6336
MM_RS08330	7.4829	8.5648	8.453	8.9955	6.3285	7.136	5.8653	7.1008
MM_RS08335	6.6326	6.4319	4.1906	5.6136	4.1631	6.145	4.1492	4.8193
MM_RS08340	4.6877	3.4654	2.2487	2.111	2.3905	3.6659	2.5888	2.9374
MM_RS08345	5.8339	5.812	5.5709	6.114	4.9272	4.533	4.7768	4.9524
MM_RS08350	6.6663	6.3866	6.4433	7.7486	5.7082	5.7257	5.0534	5.1315
MM_RS08355	6.7524	7.0911	7.1426	7.3238	7.3628	7.5449	7.9273	7.5203
MM_RS08360	7.5202	7.873	7.653	7.5489	8.0467	8.0201	8.2804	7.72
MM_RS08365	9.1788	9.2243	9.259	10.1426	9.8545	9.599	9.7935	9.5089
MM_RS08370	10.3568	10.6072	10.0277	12.7512	9.0906	9.7709	9.6311	10.3223
MM_RS08375	1.8302	2.3711	2.3662	1.3762	2.3905	2.3474	0.262	2.2706
MM_RS08380	9.4281	8.8525	8.1107	7.8079	6.1498	6.3692	5.2121	5.6454
MM_RS08385	7.7626	7.6957	7.7604	8.7978	7.4682	6.9403	6.907	6.9015
MM_RS08390	7.6605	7.5358	6.7687	7.0569	6.7187	5.4592	5.6043	4.6726
MM_RS08400	6.9477	0.262	0.262	0.262	0.262	0.262	0.262	0.262
MM_RS08405	8.7257	9.5427	8.0583	9.6848	8.1923	8.3042	7.0608	7.4206
MM_RS08410	8.0445	7.8939	7.7929	7.3638	8.5088	8.139	7.7318	7.4206
MM_RS08415	9.8578	9.9646	10.5772	10.739	8.8678	8.9841	8.9599	8.8374
MM_RS08420	7.3303	7.1071	7.4736	7.7587	7.1886	6.2332	7.0398	6.8513
MM_RS08425	6.9658	6.6669	6.9873	7.8031	6.6753	6.0511	6.3814	6.7454
MM_RS08435	6.5747	6.3734	5.5	4.3479	7.4682	7.1958	6.5979	5.8971
MM_RS08440	5.6885	4.9881	5.5	6.1295	5.6194	5.9506	5.5459	6.5283
MM_RS08445	8.5772	8.1284	6.4806	5.399	7.8656	7.7778	6.3814	6.0533
MM_RS08455	7.2876	6.6777	7.2652	6.8279	7.2192	6.6724	7.8329	7.0122
MM_RS08460	6.5388	7.5506	6.3657	5.9482	7.1256	7.6012	7.3437	6.3709
MM_RS08465	4.8531	5.4072	4.2783	4.4004	5.7082	5.3582	5.0534	5.6454
MM_RS08470	6.6663	6.6777	4.9808	6.3044	8.5211	8.5357	7.122	7.5934
MM_RS08475	7.0447	6.9014	5.4632	5.8388	7.2491	7.5218	5.6043	5.9929
MM_RS08480	4.6877	3.7396	3.5086	1.8029	3.8854	3.0302	4.4339	2.9374
MM_RS08485	4.1649	3.2476	3.1185	2.3572	0.262	1.7952	2.5888	3.8641
MM_RS08490	3.2129	3.1874	3.3545	2.111	7.0596	5.6846	5.7665	5.388
MM_RS08495	1.8302	3.2476	2.834	1.3762	5.1966	5.0694	3.3172	5.5224
MM_RS08500	4.5973	4.1042	4.2496	3.3962	3.5401	4.334	4.967	5.6056
MM_RS08505	7.0189	6.1969	6.7433	6.345	8.7156	6.9918	7.9723	7.6629
MM_RS08510	5.3165	4.2852	5.8527	5.2643	5.8709	4.8634	7.1019	6.0533
MM_RS08515	5.2879	4.953	5.1905	4.6803	5.1966	4.7077	4.4339	5.1866
MM_RS08520	7.2288	6.5246	5.4507	5.084	6.8017	6.9049	5.7665	5.2397
MM_RS08525	2.1426	3.8204	2.1192	1.3762	0.262	2.7316	0.262	2.2706
MM_RS08530	12.4253	11.832	14.3814	16.4647	10.3786	10.5772	12.4597	13.0504
MM_RS08535	11.373	10.7419	12.8117	14.6291	10.9717	10.0752	12.9128	12.6686
MM_RS08545	9.0358	9.5863	9.6291	8.7607	8.4964	9.3055	9.4679	9.5748
MM_RS08550	6.8238	7.5299	8.5971	8.0023	6.8415	7.6232	8.3672	8.2455
MM_RS08555	5.8339	5.8791	6.1742	5.9482	4.9272	4.9354	5.6604	5.0743
MM_RS08560	6.71	5.7923	6.2264	6.0335	5.7082	5.4096	5.1349	5.479
MM_RS08565	6.7314	6.3533	6.6318	6.3714	6.0171	4.4369	5.5459	4.3246
MM_RS08570	6.0535	5.9431	6.6913	5.084	6.085	6.6078	7.122	7.338
MM_RS08575	7.699	7.7376	6.9612	7.233	7.3071	7.281	7.122	6.9179
MM_RS08580	4.7309	4.953	3.8137	3.5908	3.5401	3.8269	4.5575	3.3833
MM_RS08585	4.5008	4.136	3.9268	3.1703	5.3145	5.1919	4.5575	5.479
MM_RS08590	6.087	5.3941	6.5812	7.233	6.3285	6.3163	7.6511	7.4546
MM_RS08595	6.6883	5.9342	5.7946	5.7407	6.8415	5.8425	6.3477	6.3945
MM_RS08600	7.7522	7.123	6.7586	7.6387	7.7657	7.8905	7.6231	8.1098
MM_RS08605	7.6935	7.6138	5.7134	4.722	8.0803	7.4252	4.2986	6.611
MM_RS08610	8.4637	8.392	7.2328	7.5314	8.3385	7.5334	7.0608	6.9658
MM_RS08615	6.3445	5.9959	5.1292	4.8021	6.2119	6.4202	4.967	5.388
MM_RS08620	6.8631	6.6614	6.392	6.2767	6.8017	7.2671	5.9122	6.5283
MM_RS08625	7.4955	7.3526	8.1245	7.9241	7.3352	6.9918	7.95	7.7838
MM_RS08630	5.4255	5.6999	7.5071	7.7181	7.4682	5.6423	7.845	7.4879
MM_RS08635	4.6877	5.1208	7.3781	7.3102	4.7709	4.9354	6.7085	7.1151
MM_RS08640	6.3165	6.2193	7.3682	8.5856	5.7919	4.334	6.5689	6.4176
MM_RS08645	6.3719	6.3866	5.1754	5.2358	7.1256	6.9403	5.2853	5.3402
MM_RS08650	8.4445	8.173	6.9873	7.0891	8.0969	7.3218	7.4269	6.5283
MM_RS08655	5.3165	5.5551	4.7353	5.2358	3.0819	3.8269	1.9869	3.8641
MM_RS08660	6.5747	5.9251	5.5476	5.0185	5.5248	5.5986	5.7144	4.7478
MM_RS08665	4.5973	4.8986	5.4255	5.8576	5.7082	5.8794	6.3131	8.2648
MM_RS08675	7.3986	6.816	6.7071	5.8388	6.5368	6.343	5.8653	6.1113
MM_RS08680	8.0948	7.3288	8.0418	9.6461	6.7187	6.2332	6.6543	6.5494
MM_RS08690	8.3266	8.2492	7.158	8.9698	12.0365	11.7642	11.4474	11.682
MM_RS08695	7.699	7.4721	6.7019	7.8695	7.3899	7.1207	5.8653	6.6507
MM_RS08700	0.262	5.4707	0.262	0.262	0.262	0.262	6.2041	0.262
MM_RS08705	8.3231	8.4918	8.1916	8.268	9.0143	8.4026	8.4728	8.0591
MM_RS08710	9.41	9.2579	9.2447	9.4677	9.163	9.2608	8.6285	8.6348
MM_RS08715	9.2873	9.266	8.6782	9.066	8.2076	8.5357	8.4005	8.3636
MM_RS08720	8.2656	8.1304	8.423	8.8002	8.3245	8.7748	8.2349	8.4947
MM_RS08730	4.7309	5.2276	5.1602	4.3479	6.5844	6.0183	4.7768	6.0533
MM_RS08735	14.0665	13.7872	13.7885	14.8986	19.9817	18.9332	18.9744	18.8507
MM_RS08740	7.302	7.2405	6.8611	7.065	6.4874	6.8869	5.9122	6.2208
MM_RS08745	6.7314	6.7511	6.7737	8.0191	5.6194	5.7257	5.4215	5.388
MM_RS08755	9.4652	9.5427	8.8231	10.5901	9.7222	9.8168	11.1163	10.31
MM_RS08760	10.5815	10.5554	10.0103	12.1141	10.5354	10.872	11.0627	11.0234
MM_RS08770	9.8258	10.0314	9.5087	11.834	8.7886	10.3096	9.9167	10.7542
MM_RS08775	6.4384	6.9152	7.0382	8.3062	9.0656	10.0122	9.1084	10.57
MM_RS08780	5.1358	6.5424	6.5697	7.8127	4.9272	6.3692	6.2413	7.4091
MM_RS08785	6.3022	5.9251	7.3912	6.7292	6.6306	7.3351	8.1493	7.7293
MM_RS08795	9.5786	9.5471	8.4005	9.6888	9.4079	9.0784	8.5929	8.5055
MM_RS08800	7.0785	6.7864	8.0827	8.7021	6.3834	6.5632	6.5979	6.611
MM_RS08805	6.2879	5.9521	7.6255	7.897	6.8802	6.5857	7.9043	7.3258
MM_RS08810	8.6879	8.612	7.709	7.6763	8.9059	9.3423	8.67	8.4105
MM_RS08815	5.372	5.8218	5.9266	5.0517	4.7709	4.7877	4.6713	4.5091
MM_RS08820	7.5506	8.1046	7.9737	7.2039	7.2491	8.2837	7.869	7.7106
MM_RS08825	6.4254	6.3261	5.9356	6.2341	6.7608	6.0511	6.7349	5.8637
MM_RS08830	10.0411	10.6303	8.0706	8.8989	8.6386	9.1329	7.1418	7.6035
MM_RS08835	6.3583	6.5889	7.0298	6.1753	6.6753	7.5902	7.5508	7.7927
MM_RS08840	8.438	8.3522	8.5584	8.619	7.8656	8.5643	8.4331	7.8191
MM_RS08845	7.5325	6.9733	5.8336	6.2626	7.636	9.1669	5.8167	7.2374
MM_RS08850	8.5624	9.2588	7.6283	8.2396	9.3676	9.3879	7.7705	8.0591
MM_RS08855	9.0656	8.9921	8.1226	9.5262	8.0467	8.0035	7.0398	6.5068
MM_RS08860	8.1632	8.504	3.459	3.3962	7.3352	8.116	3.0006	0.262
MM_RS08865	7.4639	6.5186	6.8658	6.2341	8.4064	7.9782	7.6372	6.7269
MM_RS08870	8.2546	7.8106	7.9227	8.1584	7.3352	7.1958	6.7862	6.3945
MM_RS08875	5.984	5.6786	5.4507	6.0982	4.5954	5.1919	6.4144	5.7219
MM_RS08880	8.1395	8.7139	8.1709	8.2958	8.3104	8.6415	8.8676	9.1492
MM_RS08885	7.5079	6.8451	7.9045	8.2324	7.59	7.3744	8.769	7.7477
MM_RS08890	4.2859	3.9335	5.5359	6	3.8854	3.4842	5.9577	6.1942
MM_RS08895	3.725	2.5787	4.0648	3.0419	0.262	3.8269	3.0006	4.5932
MM_RS08900	7.4317	7.2658	6.2767	6	7.6584	7.7972	7.2186	7.4879
MM_RS08910	6.8238	6.8209	6.2977	6.4355	6.1498	6.3163	5.9577	6.3226
MM_RS08915	4.8531	4.136	5.703	4.9847	6.0171	5.1919	6.0861	5.5646
MM_RS08925	4.2859	4.6355	6.1122	4.8405	3.0819	3.2755	4.4339	3.9939
MM_RS08930	2.9407	3.414	3.6027	3.3962	3.5401	0.262	3.7933	3.7212
MM_RS08935	8.5831	8.4451	7.5161	7.8879	9.023	8.8182	8.2533	7.8871
MM_RS08940	6.4769	6.6003	5.9356	5.9829	6.3834	6.0831	6.4782	6.5283
MM_RS08950	3.6364	2.7581	2.666	2.3572	4.9272	3.9715	3.0006	4.8193
MM_RS08955	8.3336	7.5739	8.0746	7.5373	7.6132	7.5334	7.0398	7.1977
MM_RS08960	9.0098	7.3925	8.4182	7.3372	7.5182	7.1662	7.4589	7.7106
MM_RS08965	0.262	0.262	0.262	0.262	0.262	0.262	6.3131	0.262
MM_RS08970	5.5983	5.1676	0.262	4.5929	6.3285	5.1919	5.7144	0.262
MM_RS08975	7.5202	7.8847	0.262	6.4229	0.262	3.8269	0.262	2.9374
MM_RS08985	2.3918	2.1237	0.262	0.262	0.262	3.0302	0.262	1.735
MM_RS08990	3.5418	3.4654	0.262	1.3762	0.262	0.262	0.262	0.262
MM_RS09005	0.262	5.5784	5.0975	0.262	9.1151	7.9085	0.262	9.1388
MM_RS09010	2.9407	2.6714	0.262	0.262	0.262	0.262	0.262	0.262
MM_RS09020	6.087	6.234	6.7382	6.4847	6.3285	6.3163	0.262	6.5283
MM_RS09025	6.1198	6.1119	6.2907	5.9657	7.4165	7.0415	6.7085	7.3621
MM_RS09030	8.1435	8.0371	8.6648	8.3829	8.0296	7.8446	8.788	8.4278
MM_RS09035	8.6879	8.0308	8.5555	8.9147	7.6132	7.7381	7.9387	7.8535
MM_RS09040	7.3373	7.6471	8.5037	9.6119	7.4934	7.9085	8.6836	8.3455
MM_RS09045	6.8631	6.8258	8.4118	9.0861	8.0296	7.4127	8.7302	8.5896
MM_RS09050	6.2879	6.3734	7.6719	7.5489	8.2076	7.7077	8.9029	8.8545
MM_RS09055	6.8038	6.6505	7.6116	8.1735	7.3352	6.7541	8.207	8.0142
MM_RS09060	9.7689	9.4016	8.7461	8.6995	10.3409	10.0632	9.8935	9.5008
MM_RS09065	7.8773	7.5179	6.5229	6.8656	7.59	6.6932	7.8329	6.485
MM_RS09070	7.183	6.7864	8.7359	9.5115	6.8415	7.3614	8.0479	7.5729
MM_RS09075	8.6879	8.6861	8.6293	9.4662	8.4327	8.2489	8.0373	7.9036
MM_RS09080	8.0615	7.9328	8.0208	8.3367	8.3104	8.5756	9.036	9.0819
MM_RS09085	7.2437	7.0666	7.7805	7.6549	7.7449	7.3483	8.307	8.3212
MM_RS09090	9.0988	9.1851	10.5202	11.8937	9.7694	9.6665	10.3032	10.2023
MM_RS09095	5.8536	4.803	5.9622	5.6996	7.093	6.0511	7.5056	7.1843
MM_RS09100	8.2323	8.2725	10.318	10.3929	8.5574	9.2361	11.2144	10.7622
MM_RS09105	8.6961	8.8913	11.3267	11.3099	9.1708	9.4658	11.219	10.788
MM_RS09110	8.3817	8.7867	10.839	10.4941	8.6386	9.2851	10.597	10.5173
MM_RS09115	7.9104	7.8325	10.1187	9.8827	8.0122	8.5529	9.6276	9.9295
MM_RS09120	6.8038	8.1938	8.0562	8.6652	10.2986	10.9348	9.7097	10.5504
MM_RS09125	6.8727	6.645	8.8267	8.5513	6.8415	6.8502	8.8912	8.669
MM_RS09130	9.5276	10.2103	12.5643	12.4294	8.7784	8.7943	10.9948	10.5011
MM_RS09135	8.915	8.3904	9.37	8.8621	9.9531	9.7209	11.7329	11.3499
MM_RS09140	8.3647	8.6901	8.6729	7.8508	8.6386	8.7846	9.0623	8.3455
MM_RS09145	8.0741	7.9815	8.6769	8.2251	6.3834	7.4252	7.8083	7.1432
MM_RS09150	8.7831	8.342	8.7436	8.9057	9.1551	9.7004	9.0675	9.2814
MM_RS09155	8.7096	8.1046	10.3064	10.9673	8.7474	8.5299	9.2703	9.3342
MM_RS09160	9.0055	8.575	9.8816	9.6676	8.1454	8.0848	8.9487	9.0227
MM_RS09165	4.8531	4.7629	4.0315	3.5908	4.9272	4.2231	4.4339	3.9939
MM_RS09170	9.9149	9.7659	8.2557	10.7147	9.9667	9.571	9.083	8.7071
MM_RS09175	4.1004	1.8139	2.5734	1.8029	4.7709	5.1919	4.4339	5.3402
MM_RS09180	11.0464	11.1422	12.72	12.8785	10.4543	10.7265	10.9893	10.9646
MM_RS09185	9.0098	9.1054	8.6796	9.0821	10.1481	10.1144	9.7262	9.7517
MM_RS09190	11.3334	10.6985	11.2615	11.9471	10.9284	11.1984	11.0137	10.5065
MM_RS09195	6.92	7.0036	6.8798	7.0239	7.7657	7.1958	8.0995	6.934
MM_RS09200	3.5418	2.9166	1.9746	0.262	4.3955	4.1028	3.0006	4.2227
MM_RS09205	5.2879	6.0715	6.0883	5.177	2.3905	5.132	4.1492	4.6726
MM_RS09210	8.3406	7.9215	7.7529	7.9723	10.0666	10.9015	8.8854	8.863
MM_RS09215	7.1907	7.1696	7.158	6.9114	7.8848	8.3311	7.0815	8.3755
MM_RS09220	4.45	4.6793	3.9975	2.7425	3.0819	4.4369	1.9869	4.8193
MM_RS09225	9.9312	9.2169	7.6338	7.7835	10.9939	10.605	8.9985	9.4256
MM_RS09230	6.7937	6.1969	5.8901	5.5455	5.9459	6.2892	5.5459	5.8637
MM_RS09235	6.7835	6.5774	5.4382	5.9829	5.9459	6.3949	5.2853	5.388
MM_RS09240	1.8302	2.9166	1.0633	0.262	2.3905	3.2755	2.5888	2.2706
MM_RS09245	4.7728	4.8226	4.9457	4.1165	4.5954	5.3049	4.875	6.1395
MM_RS09250	8.1866	7.7982	7.9182	7.8127	9.0988	8.7894	8.7943	8.9766
MM_RS09255	5.9295	5.3408	5.5	4.1165	5.1966	3.2755	5.1349	4.6726
MM_RS09260	5.399	5.1049	4.9634	4.1779	7.5182	6.7341	6.5091	6.5908
MM_RS09265	6.6097	5.5075	5.3333	4.9847	6.2714	6.4934	5.4215	6.0234
MM_RS09275	0.262	6.699	0.262	0.262	9.023	8.9147	8.6836	0.262
MM_RS09280	8.8109	8.9347	9.2383	9.7378	8.5088	8.6307	8.2624	8.3273
MM_RS09285	9.3422	9.7841	7.5221	8.9676	8.4585	9.1098	8.1296	8.1927
MM_RS09290	8.7521	7.2259	7.1426	7.7587	8.7886	9.0259	8.8971	8.8964
MM_RS09295	6.5388	6.7511	6.3723	6.7394	6.5368	7.0895	6.8357	7.1008
MM_RS09300	5.984	5.9521	5.4878	6.4355	5.7919	7.0085	7.1614	7.3621
MM_RS09305	4.3427	5.3677	4.4886	4.6803	5.7082	5.9848	6.3477	6.6702
MM_RS09310	8.0615	8.3077	7.9204	8.268	5.7919	5.7657	5.5459	4.8193
MM_RS09315	9.0592	8.2492	7.8745	7.8127	9.805	9.3685	8.993	8.422
MM_RS09320	9.5061	8.6246	7.8792	6.7086	9.0572	8.6734	6.5689	7.3011
MM_RS09325	10.5306	9.4614	10.4832	9.0394	9.8593	8.3834	8.7237	8.4837
MM_RS09330	12.583	11.191	12.5593	12.8519	11.7882	10.3692	11.6982	11.1756
MM_RS09335	4.2267	4.1042	3.9626	4.8779	6.0171	5.4592	6.8836	6.347
MM_RS09340	5.2587	5.4329	4.6504	4.6372	5.4235	4.623	5.355	3.8641
MM_RS09345	6.1198	5.9609	5.1905	5.2643	5.7919	5.6846	4.7768	5.1866
MM_RS09350	9.41	9.0103	9.672	10.5964	8.7988	9.3489	8.0583	8.6786
MM_RS09355	7.0868	7.0207	5.6603	5.7407	7.8265	6.9748	6.7862	5.8971
MM_RS09365	10.001	9.5603	9.2274	8.1121	7.3352	7.4743	7.0185	6.3945
MM_RS09370	6.5509	6.5424	6.359	7.6112	9.0572	9.6017	7.6648	8.7938
MM_RS09375	7.5626	7.9237	9.2891	9.137	7.3628	7.5218	9.7778	9.4199
MM_RS09380	9.5413	8.2636	10.9567	10.3202	7.093	6.8869	8.5857	7.6136
MM_RS09385	10.4281	10.1892	11.605	11.5381	10.1481	9.9288	11.7132	10.9094
MM_RS09390	7.5685	7.5119	9.6367	9.9566	6.7608	6.7739	7.9943	6.885
MM_RS09395	8.5977	8.702	10.8367	11.3432	5.7919	7.1052	8.3244	7.7838
MM_RS09400	7.2876	7.735	7.0423	6.9293	8.1294	8.4887	7.1997	8.0955
MM_RS09405	8.023	7.8612	7.1959	7.6057	7.093	7.0895	6.8357	6.6507
MM_RS09410	6.4769	6.38	7.6393	7.2964	6.9905	6.6724	7.9387	7.2243
MM_RS09415	8.6492	8.1938	8.6499	9.0019	8.1132	7.6012	8.5341	7.8449
MM_RS09420	6.9926	6.5246	7.5516	7.8879	6.8017	6.445	7.869	7.7749
MM_RS09425	9.1233	9.335	11.2327	12.9042	8.8288	8.8787	9.736	10.0986
MM_RS09430	6.4254	6.5126	5.8045	5.7203	7.5425	7.0737	7.443	6.485
MM_RS09435	9.5383	9.6745	9.011	7.897	9.5468	9.4289	8.5784	8.186
MM_RS09440	5.1675	6.7043	6.8751	5.8945	5.7082	6.6297	8.7038	8.4837
MM_RS09445	7.8963	7.2514	5.4382	5.0517	8.0296	8.116	6.3814	6.7993
MM_RS09450	8.6879	8.9268	8.895	9.2782	8.2961	8.9926	8.4961	8.8417
MM_RS09455	4.5973	4.9707	6.392	6.4102	5.3145	5.8425	7.2186	6.7269
MM_RS09460	9.1333	8.5936	8.5929	10.4714	8.1768	7.9085	7.4269	7.5934
MM_RS09465	10.6637	11.3168	10.2665	11.1738	8.7682	8.9455	8.1591	7.9441
MM_RS09470	7.302	5.9698	7.3038	7.0323	6.2714	5.4592	7.7187	6.9658
MM_RS09475	10.1932	10.2488	9.6946	10.1879	10.8574	10.3446	9.6241	8.8964
MM_RS09480	10.3273	10.2695	10.4771	10.132	10.5535	10.573	9.7457	9.4623
MM_RS09485	8.4412	8.7629	8.0501	7.9241	9.1313	9.599	8.4411	8.4837
MM_RS09490	8.1632	7.8847	7.8028	7.8223	8.9245	8.9411	8.8436	8.5323
MM_RS09505	0.262	4.0716	7.9429	0.262	0.262	0.262	0.262	4.5091
MM_RS09510	7.9656	8.0986	9.0342	10.1378	7.2491	6.7933	7.3607	7.7385
MM_RS09515	8.4509	8.4887	9.2626	9.9301	7.1575	7.0737	7.7832	8.2775
MM_RS09520	5.8339	5.9609	7.3142	7.5604	6.2119	5.5986	6.7349	7.0424
MM_RS09525	8.0445	7.5149	9.4457	9.8217	8.7048	8.2629	9.7554	10.141
MM_RS09530	7.6881	7.7607	7.9339	7.7486	8.0969	8.184	7.1019	6.885
MM_RS09535	5.966	5.0725	4.9278	4.2935	6.9179	5.8046	5.5459	5.2397
MM_RS09540	7.5446	7.087	7.8861	7.0811	6.3834	6.5857	7.3607	6.7454
MM_RS09545	6.8631	6.5542	6.4433	6.3844	8.2076	7.1207	7.5056	7.8016
MM_RS09550	10.9591	11.0898	11.5932	12.2297	10.2291	9.942	11.0999	11.1289
MM_RS09555	10.1252	9.1593	11.2869	12.845	10.8719	10.343	12.4611	11.7435
MM_RS09560	8.2472	7.2111	7.9384	8.3599	8.3385	7.4252	9.6206	8.4837
MM_RS09565	8.5624	7.469	8.3494	8.0023	8.1454	7.4252	8.457	7.374
MM_RS09570	7.8335	7.5388	8.2268	7.7835	6.9179	6.9403	6.6264	6.8682
MM_RS09580	8.2766	7.8252	6.0802	5.9305	8.8965	8.3898	6.9526	6.95
MM_RS09590	9.1333	8.4795	8.9723	9.5129	10.0153	9.3123	9.8549	9.4871
MM_RS09595	8.3647	7.5623	8.1898	8.8943	9.8545	9.4444	9.5775	9.533
MM_RS09600	6.6552	5.3543	7.0298	7.4155	7.6805	7.2531	9.2058	9.1561
MM_RS09605	4.1004	3.8968	4.7759	4.451	5.5248	5.4592	6.7607	6.6507
MM_RS09610	4.9291	4.3133	5.0487	6.5087	3.8854	5.132	5.4215	7.1432
MM_RS09615	6.5388	6.333	5.7238	7.2826	8.2961	7.2947	7.7318	8.4892
MM_RS09620	6.0191	4.803	5.8621	7.065	6.9547	6.9748	7.3265	8.0664
MM_RS09625	8.4118	8.1343	8.5335	8.7073	10.2514	9.8659	10.1303	9.9495
MM_RS09630	10.3899	9.799	8.8327	10.6965	10.3581	10.3479	9.3662	9.5277
MM_RS09635	4.5008	4.6576	3.459	4.0523	6.0171	5.5072	6.2776	6.1671
MM_RS09640	6.7314	6.9288	7.2616	6.9902	5.7082	5.5986	4.4339	5.6842
MM_RS09645	4.9291	4.9707	5.5359	5.7203	5.5248	4.7877	4.1492	4.5932
MM_RS09650	6.8823	7.444	7.2473	5.4983	7.7449	7.6122	7.8329	6.5703
MM_RS09655	9.6279	9.8696	8.8518	10.3083	9.7694	9.3879	9.6589	9.7077
MM_RS09660	8.0615	6.9907	8.2929	7.2895	6.4364	6.7933	7.6372	7.1292
MM_RS09665	4.7728	4.6355	4.4886	4.7626	3.0819	3.6659	1.9869	3.7212
MM_RS09675	7.5745	8.1324	6.4496	4.6372	5.7082	6.6512	5.2121	5.0743
MM_RS09680	10.039	9.6691	7.9759	8.3533	10.8934	10.6657	9.1184	9.5223
MM_RS09685	9.8505	9.4122	9.0794	9.8133	9.7847	9.4688	9.5256	9.5953
MM_RS09695	8.9944	10.7374	9.8343	11.7271	10.7699	11.1966	9.8876	11.3347
MM_RS09700	7.8916	8.1749	7.1996	7.8414	7.4934	7.8258	6.7607	6.8342
MM_RS09705	6.7524	6.9689	5.4255	6.3714	6.2714	7.0415	5.8167	6.2208
MM_RS09710	9.1788	9.5913	7.455	8.6731	8.9059	9.6237	7.9273	8.1098
MM_RS09715	9.4411	9.7248	8.8363	9.2212	9.1941	9.1891	8.67	8.4391
MM_RS09720	12.0061	11.5497	12.2679	14.4385	11.7297	11.4031	12.8154	13.056
MM_RS09725	5.984	6.3533	6.2767	6.4726	5.9459	6.3163	6.6816	6.2726
MM_RS09730	7.3649	7.9793	9.0174	8.788	7.9037	8.2974	7.9723	8.5376
MM_RS09735	6.0364	6.6777	6.8229	7.0731	7.5665	7.3614	7.5056	7.9678
MM_RS09740	9.4605	9.3161	10.1652	10.6601	9.64	9.5164	9.9564	9.5851
MM_RS09745	7.5141	6.8013	8.1633	6.9557	7.4682	7.136	8.0373	6.9969
MM_RS09750	7.0532	6.9689	7.5516	8.0804	7.4682	7.51	7.7832	6.8513
MM_RS09755	8.2838	7.9573	7.3649	6.205	5.7082	4.7077	4.2986	2.2706
MM_RS09760	7.0014	6.8258	7.127	7.9241	6.1498	6.2332	5.2853	5.0743
MM_RS09765	0.262	0.262	2.7526	0.262	0.262	0.262	0.262	0.262
MM_RS09770	8.5802	8.5235	8.4824	9.2782	7.9037	9.2396	6.7085	7.9118
MM_RS09775	5.1986	5.7823	5.3059	4.8021	5.7082	4.8634	4.2986	4.6726
MM_RS09780	4.45	4.5904	4.6721	4.1779	4.9272	4.7077	5.2121	3.8641
MM_RS09785	7.0276	7.8469	0.262	0.262	8.5333	8.1005	7.5056	5.8637
MM_RS09790	2.1426	2.9166	3.1185	1.8029	4.3955	4.7877	5.1349	4.8874
MM_RS09795	4.5499	4.803	4.9096	4.3479	5.7082	5.4096	5.485	5.5646
MM_RS09800	3.9619	3.8591	3.8524	3.0419	4.7709	3.8269	4.4339	4.8193
MM_RS09805	5.4255	5.4707	5.2202	4.8779	7.1256	7.239	7.9723	7.5416
MM_RS09810	4.0328	4.4204	3.2415	2.3572	3.8854	4.1028	4.1492	2.9374
MM_RS09825	5.814	6.0715	5.3468	4.6803	5.6194	6.175	4.2986	5.5646
MM_RS09830	6.644	6.5889	5.6711	4.7626	2.3905	3.8269	4.4339	3.3833
MM_RS09835	10.039	10.7689	10.1532	10.9608	11.6339	11.7127	10.7979	11.4787
MM_RS09840	6.9107	6.8922	6.3116	7.2686	6.4364	5.5072	6.0446	5.9616
MM_RS09845	6.7207	6.2984	6.1893	5.6786	7.1886	6.3949	6.6816	5.8971
MM_RS09850	3.8872	3.414	1.9746	0.262	3.8854	3.2755	0.262	3.5624
MM_RS09855	6.3583	7.1387	5.8239	5.6356	6.5844	6.5403	6.1265	5.6842
MM_RS09860	3.8084	3.7396	3.8901	3.9144	3.5401	3.2755	3.3172	4.5091
MM_RS09865	2.1426	2.8397	2.2487	2.111	2.3905	3.8269	3.0006	2.2706
MM_RS09870	6.1519	6.2984	5.9796	6	6.085	5.4096	5.2853	4.8874
MM_RS09875	4.8531	5.4582	4.7958	4.1779	5.5248	6.2615	5.7144	6.0234
MM_RS09880	6.1676	6.9152	6.7535	6.4968	6.1498	6.5171	7.3265	6.7269
MM_RS09885	6.9748	6.7043	6.0963	6.3844	6.9179	5.4592	5.2121	4.8193
MM_RS09890	7.4251	6.9601	5.7134	5.2922	6.4364	6.3163	4.7768	5.1866
MM_RS09895	5.6214	5.646	5.4878	5.2643	5.7082	5.3582	3.3172	4.5091
MM_RS09905	5.1986	7.5681	5.3468	5.3466	5.1966	7.3351	5.1349	5.1866
MM_RS09910	4.6432	4.52	3.5564	3.6789	6.7187	6.2044	4.875	5.6454
MM_RS09915	8.0699	7.8421	7.2364	7.2039	8.2672	8.4089	7.4269	7.4658
MM_RS09920	5.2879	5.4072	4.6284	4.6372	6.3834	4.1028	6.4144	4.9524
MM_RS09925	8.4953	8.3953	7.5947	9.2121	8.6044	8.7699	7.9387	7.1008
MM_RS09930	5.6885	4.7425	6.6095	6.4479	4.5954	4.4369	4.7768	5.2908
MM_RS09935	7.5566	7.8276	6.6913	7.5137	7.1886	8.0528	7.4902	8.3931
MM_RS09940	6.3583	6.4572	9.0163	9.4352	6.3285	5.9154	7.7318	7.432
MM_RS09945	9.2909	8.8078	8.1088	8.7532	9.9394	10.1221	8.7498	9.0151
MM_RS09950	7.4185	7.0789	6.9301	6.8656	7.8065	7.8905	8.1395	7.9756
MM_RS09955	4.9291	5.1979	3.6475	3.2878	6.0171	6.4202	0.262	5.1315
MM_RS09960	10.7636	10.547	9.2492	8.437	9.944	9.407	8.1784	7.6532
MM_RS09965	11.1191	10.784	9.4806	7.8787	10.3684	10.2062	9.1284	8.8114
MM_RS09970	5.814	5.5315	4.7557	5.7203	5.9459	5.8425	6.6543	6.9015
MM_RS09975	9.3439	8.723	5.6051	5.8945	7.6584	8.0609	5.6604	5.7587
MM_RS09980	9.446	8.2884	7.5369	6.3583	7.8656	7.666	6.7349	6.0533
MM_RS09985	6.6883	6.3054	5.6051	5.4741	9.4663	8.8557	8.0267	8.3872
MM_RS09990	5.7939	6.2193	4.8538	4.9144	7.1575	6.0831	5.6604	5.7219
MM_RS09995	6.0535	6.1666	5.9445	5.177	8.4838	7.7778	7.8809	8.2901
MM_RS10000	5.1986	4.8611	5.9969	6.7394	6.4874	6.8502	6.1658	6.5908
MM_RS10005	6.5865	6.5305	5.0651	6.3714	6.2119	5.8425	5.6043	5.2397
MM_RS10010	11.6758	10.1251	11.1911	9.9598	9.3879	9.1098	8.0479	7.9199
MM_RS10015	0.262	5.5434	0.262	4.8021	8.6044	0.262	5.8653	8.1724
MM_RS10020	6.7207	6.2413	7.3073	7.7025	6.6306	6.6724	8.8616	7.9199
MM_RS10025	7.1752	6.995	6.8705	8.2645	6.6753	5.9154	7.122	6.4405
MM_RS10030	5.372	5.7723	5.3059	4.7626	5.7919	6.2892	6.5689	5.5224
MM_RS10035	6.4642	7.0036	6.9873	6.2767	7.1575	8.2347	7.2371	8.5163
MM_RS10040	6.8823	6.8922	6.5347	6.5206	7.7023	7.7972	7.2735	8.0591
MM_RS10045	7.9656	8.2707	7.8534	9.9953	8.2672	8.1766	8.1395	7.9756
MM_RS10050	5.399	5.7923	5.3867	5.084	5.7082	4.4369	5.1349	4.4199
MM_RS10060	8.8985	8.7047	7.8319	9.8324	8.2227	8.3042	7.6372	6.8169
MM_RS10065	5.7734	4.6132	5.9969	6.114	6.8415	6.2615	7.9273	7.6726
MM_RS10070	6.8436	6.2843	7.3748	7.5719	7.4165	6.6297	9.0039	9.1071
MM_RS10075	5.5268	6.0633	6.2977	6.4355	4.1631	4.4369	6.4467	6.5068
MM_RS10080	4.7728	5.0725	4.5129	4.9847	5.7919	6.8869	5.2853	6.247
MM_RS10085	3.6364	4.6793	3.6909	3.1703	5.3145	4.4369	5.355	4.6726
MM_RS10090	3.5418	4.3678	4.0648	3.2878	3.0819	2.3474	3.9823	3.3833
MM_RS10095	4.0328	4.6132	4.2783	2.9004	3.0819	3.0302	0.262	2.6452
MM_RS10100	4.8531	3.9693	3.8901	2.9004	3.5401	2.7316	4.2986	3.5624
MM_RS10105	4.3974	4.3133	5.2919	4.3479	4.5954	4.4369	4.6713	5.1866
MM_RS10110	5.9295	5.9698	6.1043	6.5898	4.5954	3.6659	3.7933	3.5624
MM_RS10115	5.1358	5.1049	4.8538	4.5471	4.1631	5.0694	4.4339	4.1128
MM_RS10120	7.5685	5.6349	5.703	8.0964	8.6273	7.6766	8.3157	10.8563
MM_RS10125	5.7734	6.0797	5.0152	4.451	5.5248	5.7257	6.4467	5.3402
MM_RS10130	4.9291	5.2568	3.7739	3.8402	3.5401	3.9715	3.5752	3.7212
MM_RS10135	5.5021	6.4127	5.0651	5.084	5.8709	4.533	5.0534	4.5091
MM_RS10140	6.087	6.3398	6.2264	5.8388	8.2227	8.6415	6.7862	6.7993
MM_RS10145	6.502	6.6003	4.6935	4.9847	8.9701	7.4982	6.1265	6.6702
MM_RS10150	8.8771	8.9659	6.9256	6.6341	8.0122	7.3614	5.6604	5.5646
MM_RS10155	4.5973	5.4329	3.6475	3.2878	3.5401	3.6659	3.0006	1.735
MM_RS10160	4.45	5.0888	4.7958	4.3479	6.7608	5.4096	4.1492	6.0234
MM_RS10165	9.8662	9.8452	8.467	9.8735	9.2245	9.3847	8.6001	8.8201
MM_RS10170	8.4574	8.6007	7.9996	7.7637	9.6286	9.5934	9.1134	9.417
MM_RS10175	8.9358	9.0658	9.7376	10.0688	7.7657	7.8539	8.2349	8.0293
MM_RS10180	7.4511	7.5968	7.1771	6.9023	7.6805	8.4767	7.9159	8.6786
MM_RS10185	7.9291	7.8445	7.5632	8.181	6.9179	6.8869	6.2776	6.0533
MM_RS10190	7.8136	7.9055	8.4747	8.0439	6.3285	6.8502	7.0185	6.4629
MM_RS10195	7.5566	7.5883	6.8469	6.6121	7.0255	7.0251	6.5091	6.8513
MM_RS10200	7.9656	7.9009	8.0685	8.4557	8.1294	7.7077	9.3492	8.5109
MM_RS10205	7.979	8.0181	8.9971	8.6864	8.0636	7.9867	9.5629	8.6929
MM_RS10210	9.5742	9.3273	9.3177	9.1274	9.3676	9.0382	8.7105	8.7397
MM_RS10215	6.7314	6.9864	6.3985	5.9482	7.59	7.4863	7.6231	7.7106
MM_RS10220	8.4953	8.3198	8.186	8.5013	7.7449	7.8723	8.1296	8.3455
MM_RS10225	7.183	7.0249	9.2411	9.068	6.8415	7.2671	8.9821	8.8798
MM_RS10230	8.5139	8.6232	9.3314	9.7643	6.9547	7.2671	7.0815	6.9179
MM_RS10235	14.3365	14.1759	14.8733	16.1759	13.3459	13.3367	13.5201	13.206
MM_RS10240	8.3985	8.4593	8.201	9.4523	8.7368	8.7148	8.0687	7.9036
MM_RS10245	7.5745	6.9689	8.8158	10.4288	8.1454	7.1958	8.8616	8.7165
MM_RS10250	9.0055	8.4148	9.6946	11.6469	8.9059	7.6232	9.2567	8.8331
MM_RS10255	8.6631	7.7168	8.895	10.2146	8.1294	7.6012	8.3839	7.9912
MM_RS10260	5.7939	5.3271	6.6591	8.415	4.3955	3.4842	5.2121	5.2397
MM_RS10265	8.4701	8.882	8.7888	9.3212	11.9113	12.2475	12.0369	11.6377
MM_RS10270	6.1987	5.2994	5.3059	4.9847	8.7784	7.8353	8.2533	7.6136
MM_RS10275	5.5983	5.4329	6.8611	7.0323	6.3285	6.2044	7.0398	6.6507
MM_RS10280	6.8533	6.7253	5.9622	4.9144	8.5333	7.4982	6.1658	6.8342
MM_RS10285	7.7044	7.735	7.0671	6.5556	7.8656	7.51	6.6543	6.9179
MM_RS10290	8.4606	7.5329	8.5157	8.948	8.6611	8.1466	8.4411	8.1169
MM_RS10295	7.901	7.399	7.5919	7.6603	4.1631	4.533	3.5752	4.3246
MM_RS10310	3.4405	4.0043	3.5564	2.111	2.3905	1.7952	0.262	3.3833
MM_RS10315	2.7814	2.9166	2.5734	2.3572	3.0819	2.3474	3.7933	3.1781
MM_RS10320	6.7314	5.0393	5.4127	3.3962	8.7886	8.5182	7.9159	8.4047
MM_RS10335	7.0617	6.6669	6.128	6.8087	6.7608	6.175	5.6604	7.2111
MM_RS10340	7.0014	6.6505	6.0639	7.4838	5.9459	6.6932	6.1658	7.3011
MM_RS10345	5.5749	4.6132	5.9175	7.3704	5.5248	5.7257	6.3131	7.7385
MM_RS10350	6.7732	6.0551	6.8611	8.6245	6.8802	6.6078	7.5801	8.933
MM_RS10355	5.7316	5.381	6.1742	8.3299	6.9547	6.7341	7.0398	8.6641
MM_RS10360	8.2656	7.6278	8.5772	10.5559	8.7048	8.4339	9.0466	10.5025
MM_RS10365	8.1632	7.887	8.1991	9.8619	8.6386	8.0609	8.2349	9.2102
MM_RS10370	7.9746	7.3727	7.3448	8.841	9.3879	7.7972	8.7943	9.6477
MM_RS10375	7.1437	6.9907	5.8045	7.0487	8.6611	8.1237	7.309	8.5845
MM_RS10380	7.8531	7.3424	8.0644	9.9032	8.2525	7.8815	9.1432	9.8844
MM_RS10385	7.8963	7.6333	8.8243	10.7629	7.7023	7.181	8.9599	9.4256
MM_RS10390	8.8938	8.8656	9.4852	9.3024	10.0454	9.8048	10.5569	10.4997
MM_RS10395	6.4769	8.9155	11.637	7.6001	6.7187	8.4887	8.4806	6.0533
MM_RS10400	4.5008	5.7823	8.371	3.3962	4.7709	6.145	7.5655	3.7212
MM_RS10405	4.1649	4.6793	7.8792	3.985	4.5954	4.8634	5.9577	4.3246
MM_RS10410	4.5973	5.6999	6.8844	5.1466	5.5248	6.145	4.7768	5.0147
MM_RS10415	7.0532	6.8546	6.5465	5.084	7.5665	8.2204	6.3814	6.2208
MM_RS10420	8.4282	8.6727	8.3033	8.2855	8.7784	8.2347	8.7171	8.2712
MM_RS10425	9.663	9.5683	8.7727	9.4226	7.1575	8.4887	7.3776	6.5283
MM_RS10430	9.8258	10.0048	9.5296	10.4452	8.4064	9.0544	8.1493	7.4434
MM_RS10435	9.4589	9.2507	8.3793	9.4508	8.7156	9.4958	8.4005	8.239
MM_RS10440	13.8712	12.8446	15.3036	14.5194	15.7496	16.4469	17.3154	12.814
MM_RS10445	7.9151	7.3081	7.8198	8.7632	8.8189	9.4869	8.4491	7.3858
MM_RS10450	7.6826	6.645	8.1747	7.6549	12.9692	12.5752	12.8208	12.0408
MM_RS10455	10.7302	9.7222	11.3801	10.1165	11.1819	10.7403	10.6113	10.7462
MM_RS10460	9.26	9.3869	10.2968	10.9433	7.959	8.1691	8.0995	8.1656
MM_RS10465	8.273	8.2364	8.919	10.2055	7.9947	7.5677	7.9159	8.0591
MM_RS10470	7.4446	7.1543	6.5288	7.4777	8.581	8.4524	9.3147	8.4837
MM_RS10475	6.3305	5.6569	7.6906	7.4028	4.5954	5.004	5.1349	5.6056
MM_RS10480	9.2909	9.3118	8.9212	8.4433	7.7449	8.6034	7.0608	7.7927
MM_RS10485	2.9407	4.52	4.7353	3.7618	5.8709	5.0694	6.1658	6.0234
MM_RS10490	8.7856	8.7152	7.3414	7.5078	8.8485	8.6089	6.7862	7.2885
MM_RS10495	1.8302	2.5787	2.4739	2.111	2.3905	3.2755	3.7933	1.735
MM_RS10500	3.725	2.479	2.834	0.262	0.262	3.2755	3.3172	2.9374
MM_RS10510	5.7939	6.0384	5.5709	5.5913	5.8709	7.0737	5.5459	6.3945
MM_RS10515	7.1595	7.1031	6.4867	7.8787	6.6306	6.6297	5.7144	6.1671
MM_RS10520	6.71	6.3667	6.6095	5.4983	7.2783	6.6932	7.0815	6.8682
MM_RS10525	10.0791	9.4234	8.3644	8.557	9.8299	9.4627	8.4883	8.9688
MM_RS10530	7.7985	8.5235	8.3154	7.933	8.1132	8.1542	9.1676	8.315
MM_RS10535	7.6437	7.3559	9.2537	9.1974	7.0255	6.6932	8.425	7.5934
MM_RS10540	7.901	7.8032	8.4341	8.7507	9.4978	9.2074	10.3337	9.7539
MM_RS10545	8.8209	8.6927	9.5983	9.4147	9.232	8.823	9.1134	9.6477
MM_RS10550	9.3247	9.0699	10.6252	11.1776	8.9152	9.3718	9.6241	9.533
MM_RS10555	9.586	10.0298	8.9558	9.6243	9.5587	9.571	8.7562	8.8374
MM_RS10560	7.5745	8.1284	7.4393	7.7786	7.2192	7.0415	7.4269	5.7946
MM_RS10565	10.9328	10.4695	9.5568	10.3881	9.1151	8.1466	7.7448	7.0719
MM_RS10570	8.5564	8.3772	6.7636	8.0684	6.2714	5.5072	5.2121	4.5932
MM_RS10575	9.2397	9.8923	11.0988	12.4406	7.2491	8.9058	8.3244	9.3613
MM_RS10580	10.9827	10.3421	10.2828	9.1504	10.6006	10.4889	10.6841	11.1705
MM_RS10585	8.5201	8.2884	10.0989	9.2869	8.8485	8.7894	9.8876	9.9455
MM_RS10590	7.5264	7.0911	7.4074	7.0811	6.9547	7.181	7.2914	7.0122
MM_RS10595	6.8823	7.0584	7.7452	6.8749	7.2491	7.0895	6.7085	7.3621
MM_RS10600	5.2879	4.9881	4.9808	5.5913	5.8709	5.2495	4.2986	5.5224
MM_RS10605	3.3313	2.8397	1.9746	2.111	3.5401	2.3474	3.3172	2.2706
MM_RS10610	4.6432	4.5904	4.4389	3.1703	5.1966	5.004	5.6043	3.9939
MM_RS10615	4.2859	4.4957	3.9626	4.5471	4.7709	5.004	3.0006	4.1128
MM_RS10625	5.1986	5.0225	4.3608	3.4968	3.8854	4.1028	4.4339	2.9374
MM_RS10635	7.7205	7.8056	7.1884	6.7189	7.7023	7.666	6.6264	6.7454
MM_RS10640	6.3719	6.2558	5.9356	5.084	6.085	6.3692	5.6043	5.4342
MM_RS10645	6.1987	6.5717	6.7279	5.8388	6.085	5.9506	8.1296	6.6507
MM_RS10650	7.4955	7.4814	9.2183	8.6517	7.59	6.7739	8.8375	7.8364
MM_RS10655	6.9837	7.2185	8.2521	8.0023	7.1256	7.1662	8.4005	7.8953
MM_RS10660	6.0704	5.9251	7.8367	7.4716	4.5954	5.5072	6.907	6.7269
MM_RS10665	6.5982	6.0633	7.5369	7.4469	6.9905	6.2892	8.5638	7.6918
MM_RS10670	7.8136	6.4635	7.6172	8.275	5.8709	6.2892	6.907	6.4629
MM_RS10675	8.6797	7.7808	7.9693	8.8147	9.5286	9.1631	10.1451	8.929
MM_RS10680	9.7559	9.7474	8.6553	9.9804	10.0283	9.8841	10.5735	9.7877
MM_RS10685	7.2511	7.1886	8.4561	8.1277	8.1132	7.7778	7.7318	8.0882
MM_RS10690	3.9619	3.7396	3.3545	3.2878	7.4426	6.9049	6.4782	7.6532
MM_RS10695	3.2129	3.9693	2.3662	3.1703	5.5248	5.132	5.1349	4.7478
MM_RS10700	4.6432	3.8968	3.459	3.1703	8.3104	8.0848	7.9043	7.8103
MM_RS10705	3.8084	3.1245	3.0527	2.9004	2.3905	3.2755	4.7768	3.7212
MM_RS10710	8.0573	8.4655	10.7901	10.7672	8.8678	9.4688	10.1839	10.1923
MM_RS10715	7.8531	7.594	8.6769	9.7655	7.8065	7.5334	9.3364	8.8839
MM_RS10720	8.1071	7.8252	8.8097	9.3364	9.9978	10.1067	9.6726	10.7656
MM_RS10725	10.8388	10.7718	10.7259	12.6306	10.0997	10.6064	10.0059	10.3956
MM_RS10730	7.2876	7.1504	7.5719	8.4433	7.0255	6.8869	7.1614	7.1432
MM_RS10735	2.7814	2.5787	2.666	2.3572	3.0819	3.6659	4.1492	3.8641
MM_RS10740	7.6935	7.4184	7.3977	7.4469	8.9968	7.9697	8.1591	8.422
MM_RS10745	7.4511	7.6053	8.3426	7.7835	7.1256	6.9227	7.2371	6.8513
MM_RS10750	5.8536	6.4635	8.7256	8.5013	5.7919	5.3049	7.7577	6.9658
MM_RS10760	5.5268	6.3667	6.4179	6.1602	6.6753	6.175	6.6816	6.6893
MM_RS10765	7.1516	7.0036	6.5983	6.8087	7.0255	7.2247	6.3477	6.1942
MM_RS10770	7.9656	8.1692	7.2793	7.4469	6.3834	6.8125	5.4215	5.7587
MM_RS10775	7.9198	8.001	6.5983	8.8829	7.6805	6.9918	8.5638	7.8191
MM_RS10780	6.3445	6.2984	4.9278	5.8004	5.0682	5.4592	5.1349	4.9524
MM_RS10785	5.9479	6.7714	5.4507	5.6996	6.2119	6.2332	6.0861	5.7946
MM_RS10790	5.814	6.03	5.4507	5.2358	5.3145	5.9506	5.2121	4.6726
MM_RS10795	7.358	7.3116	7.7579	7.9418	7.977	7.9085	6.93	7.531
MM_RS10800	6.4122	6.1666	7.2934	7.6495	7.4682	6.4934	6.9526	6.95
MM_RS10805	8.6208	9.3384	5.7134	10.5224	7.636	8.928	6.4467	7.4546
MM_RS10810	0.262	6.263	0.262	6.3583	0.262	5.6423	4.5575	0.262
MM_RS10815	8.5139	8.6078	6.0721	8.9057	8.2961	8.9671	6.5091	8.3576
MM_RS10820	9.0802	9.3511	7.1884	10.2587	7.7449	8.3244	7.122	7.338
MM_RS10825	4.5008	4.2566	3.4077	4.8405	4.5954	4.4369	4.1492	2.6452
MM_RS10830	7.4639	7.2976	5.8808	7.1438	6.7187	7.0085	4.5575	6.5494
MM_RS10840	6.0704	6.4383	5.4878	5.7407	6.5844	6.4934	6.6816	6.3945
MM_RS10845	8.7651	8.4902	7.6719	7.5197	7.59	7.7481	7.2914	6.485
MM_RS10850	6.0364	5.9069	8.4624	8.8267	5.1966	5.132	6.9526	5.7946
MM_RS10855	5.7102	5.8315	8.5202	8.8737	3.5401	3.4842	5.5459	5.9297
MM_RS10860	7.3373	7.3892	6.686	6.8841	6.3285	6.9577	6.0446	6.6893
MM_RS10865	6.7524	6.9993	7.0589	7.1591	6.7608	6.5171	7.7958	7.2243
MM_RS10870	4.2859	3.8591	5.1602	5.1466	3.8854	3.8269	4.875	5.0147
MM_RS10880	5.892	5.916	5.5476	4.4999	6.3285	6.2332	5.8167	6.7636
MM_RS10885	4.9291	4.6576	6.5465	6.799	4.1631	4.623	6.5689	6.3226
MM_RS10890	5.6665	5.0054	6.9479	6.9114	6.5844	5.4096	7.1997	7.6918
MM_RS10900	7.3091	7.0207	7.528	8.2396	6.6306	6.4934	6.3814	6.7993
MM_RS10910	5.892	5.9609	7.5161	7.1284	6.2119	5.8794	6.9526	6.9015
MM_RS10920	6.3855	5.6678	6.6591	6.9731	6.3285	6.445	7.1614	8.0664
MM_RS10925	7.1033	6.7459	8.9291	8.5657	7.5665	6.7138	9.1084	9.0414
MM_RS10930	6.1832	6.38	8.3257	7.2185	6.2714	6.7341	8.457	8.3872
MM_RS10935	5.5983	5.9521	7.1959	7.6278	5.7919	5.7257	7.2914	7.8619
MM_RS10940	4.1004	4.1042	6.4867	6.205	4.3955	5.004	6.5979	6.7636
MM_RS10945	6.4384	6.9512	7.9384	8.608	5.5248	6.5857	7.7054	8.0442
MM_RS10950	7.8482	8.2761	7.6638	8.4276	7.2783	7.7481	8.5711	9.4981
MM_RS10955	8.7805	8.4356	8.6675	9.2212	7.3352	7.2947	7.5508	8.2712
MM_RS10960	8.6294	8.5634	8.0039	8.3731	8.887	8.6681	8.207	8.6149
MM_RS10970	10.8338	10.0091	10.6492	13.4636	11.1266	9.0624	11.192	10.7701
MM_RS10975	7.0701	8.2671	6.4306	9.8513	5.9459	7.3873	4.4339	7.5203
MM_RS10980	3.5418	5.646	3.5564	4.0523	3.5401	5.3582	1.9869	3.8641
MM_RS10985	4.2859	4.2566	3.8524	2.9004	4.9272	6.0511	5.4215	4.9524
MM_RS10995	3.4405	3.1245	3.733	3.2878	2.3905	3.2755	4.4339	3.7212
MM_RS11000	8.1031	8.1557	11.5884	11.7364	7.6805	8.0035	10.3969	10.1357
MM_RS11005	7.5079	8.0371	11.6434	12.1705	7.2783	8.2276	9.3954	9.71
MM_RS11010	4.8135	5.381	9.163	9.5725	3.5401	5.6846	5.5459	7.0864
MM_RS11015	7.3091	7.2586	11.019	12.0308	6.8415	7.8258	9.2971	9.3463
MM_RS11020	6.3022	6.8403	10.5646	10.7522	6.3834	7.6766	9.2567	9.1969
MM_RS11025	6.6663	6.7914	10.7142	10.8843	5.5248	6.2615	7.7832	8.669
MM_RS11030	7.0276	6.5717	10.5336	11.6151	7.093	7.5334	8.3672	9.5514
MM_RS11035	5.229	5.812	9.0025	10.2754	5.7082	6.9577	6.7862	8.1587
MM_RS11040	4.5973	4.3408	7.3279	7.9061	6.7187	6.2892	8.5114	8.7579
MM_RS11045	6.4122	6.9197	9.9023	10.439	5.4235	5.3582	5.6604	6.4629
MM_RS11050	6.8337	6.5005	10.1397	10.2858	6.085	5.8425	6.3131	7.3975
MM_RS11055	7.1033	6.7963	10.5556	11.0163	5.0682	6.0511	6.9969	7.3621
MM_RS11060	7.4317	7.3424	10.9398	11.234	5.8709	6.8125	6.9526	8.1169
MM_RS11065	7.0276	6.8641	10.4491	10.86	5.7082	6.7138	7.6511	8.2901
MM_RS11070	5.5021	5.6349	10.3498	9.5394	4.7709	5.5986	7.4902	7.0572
MM_RS11075	5.6885	5.6238	9.0046	8.9806	4.7709	5.8046	7.6511	7.8704
MM_RS11080	7.0014	7.1504	10.7038	10.6635	6.5368	7.1662	8.9029	9.2592
MM_RS11085	6.7314	6.6669	10.6533	10.6708	6.8802	7.3744	9.0307	9.2333
MM_RS11090	7.0868	7.366	10.9794	11.3852	6.8415	7.6448	8.8735	9.4762
MM_RS11095	6.8038	7.412	10.7455	11.3779	7.0596	7.5334	9.4913	9.5876
MM_RS11100	6.3855	6.7459	10.159	10.7121	7.2192	7.1512	9.3234	9.4762
MM_RS11105	6.1035	5.9521	9.8379	10.3905	6.7608	6.6297	8.4005	9.2463
MM_RS11110	6.5628	6.9014	10.8724	11.1976	8.4327	8.3177	10.6006	10.6565
MM_RS11115	9.5962	9.3943	10.4385	11.3668	9.9711	9.7361	10.7663	10.8034
MM_RS11120	8.7573	8.8029	9.9244	10.532	9.4079	9.2037	10.046	10.3208
MM_RS11125	5.1358	3.0586	3.2415	2.7425	5.7082	3.6659	1.9869	3.9939
MM_RS11130	6.3583	6.56	5.8993	7.2756	6.7608	6.3163	6.5091	6.885
MM_RS11135	3.5418	3.5628	2.9109	0.262	3.0819	3.0302	3.5752	3.8641
MM_RS11140	8.4541	8.0885	9.011	9.0456	7.3352	7.3218	7.3265	7.7659
MM_RS11145	6.9748	7.0748	8.7346	8.6544	7.7238	8.2347	9.6064	8.7715
MM_RS11150	6.3719	6.0551	8.5157	8.6731	5.9459	7.1662	8.3672	8.1026
MM_RS11155	10.4881	11.0512	10.6892	11.6158	12.4331	12.7335	11.6048	11.5817
MM_RS11160	9.6974	9.9712	11.7285	11.4326	8.8485	9.7081	9.8935	10.0419
MM_RS11165	9.9484	10.1266	11.5824	12.0707	8.8965	8.9756	9.3829	9.18
MM_RS11170	9.2855	9.3578	11.3151	11.5634	7.4934	8.377	7.7832	8.7579
MM_RS11175	9.6107	9.6048	11.3352	11.1401	8.4838	9.3021	10.0643	9.9673
MM_RS11180	16.5816	16.6076	16.4655	18.6151	17.9882	17.6568	18.3254	17.7378
MM_RS11185	7.4317	8.0413	6.9256	9.4131	10.1795	10.8902	9.9367	10.6307
MM_RS11190	5.7527	5.5784	5.3197	4.6803	5.4235	5.0694	5.4215	3.8641
MM_RS11195	3.5418	3.3053	3.6475	3.1703	3.0819	4.1028	5.1349	4.8193
MM_RS11200	7.5446	7.5594	6.818	7.2112	6.2119	5.1919	3.7933	4.4199
MM_RS11205	2.1426	3.1245	2.834	2.3572	2.3905	2.7316	1.9869	2.6452
MM_RS11210	7.6935	7.2405	7.9272	7.5547	6.9547	7.2247	8.1096	7.2243
MM_RS11215	7.1595	7.6984	7.3414	7.9374	5.6194	6.5403	6.2776	5.9929
MM_RS11230	5.3165	6.263	0.262	0.262	0.262	0.262	0.262	0.262
MM_RS11235	5.2879	4.8611	4.3063	2.7425	3.0819	3.4842	0.262	4.5091
MM_RS11240	10.7189	10.6479	11.443	11.4184	9.7433	9.931	9.0983	9.6599
MM_RS11245	11.1512	11.0964	11.9747	11.984	10.4446	10.6269	9.3746	9.9355
MM_RS11250	7.358	7.3322	7.6611	7.4716	7.2491	7.7481	5.6604	7.2111
MM_RS11255	8.2323	6.645	7.3448	7.7587	10.4382	9.6978	8.8854	9.731
MM_RS11260	6.3305	6.0384	4.7353	4.3479	5.1966	4.7077	4.1492	4.5932
MM_RS11265	7.0189	8.0558	7.8534	6.4479	7.7863	8.4026	6.6543	7.1151
MM_RS11270	5.0362	4.6576	4.6504	4.1779	5.7919	5.132	6.0446	5.7587
MM_RS11275	4.45	3.3607	4.7145	2.7425	5.5248	4.533	4.1492	4.2227
MM_RS11280	3.0835	3.3607	3.459	2.7425	3.0819	3.2755	3.7933	3.9939
MM_RS11285	7.4317	7.3826	7.5071	7.9938	7.1256	7.5334	7.9943	8.4163
MM_RS11290	6.71	6.8875	6.8983	6.3583	5.8709	6.3949	5.6043	4.8874
MM_RS11295	4.5973	5.1366	5.9883	4.1165	5.9459	6.0511	5.4215	4.7478
MM_RS11300	9.1651	9.4218	9.5698	9.8396	9.2094	8.2768	8.4411	7.3858
MM_RS11305	6.5865	7.1348	7.7554	6.2341	8.581	7.9085	9.0727	7.8191
MM_RS11310	3.6364	4.1671	3.8901	3.4968	3.8854	2.7316	1.9869	2.2706
MM_RS11315	4.1649	3.8968	4.7759	3.6789	4.3955	3.0302	0.262	3.1781
MM_RS11320	5.6441	5.5899	6.7176	6.5556	7.2491	7.0415	7.4746	7.4206
MM_RS11325	4.7728	4.8611	5.4632	4.8779	4.3955	4.533	4.967	5.479
MM_RS11330	3.8872	3.5149	4.7958	4.1779	5.3145	4.8634	7.9273	6.7993
MM_RS11335	4.3427	4.7007	4.9096	5.3197	7.4682	7.4252	7.443	6.8342
MM_RS11340	6.0535	6.0045	6.8611	7.1816	6.1498	5.5537	7.122	6.7993
MM_RS11350	6.9926	7.1581	6.5812	6.2767	6.8017	6.6932	6.4782	6.0533
MM_RS11355	3.9619	4.3944	3.459	3.0419	2.3905	2.7316	1.9869	3.7212
MM_RS11360	6.6552	6.3054	6.5926	5.3466	6.9905	3.8269	0.262	6.3709
MM_RS11365	8.6151	8.7113	8.1402	7.9895	9.2762	9.4227	9.5294	9.8969
MM_RS11370	7.5506	7.3892	8.654	8.5073	7.3899	7.935	8.425	8.6397
MM_RS11375	4.7309	4.1671	4.2205	2.111	4.1631	4.7877	4.5575	2.2706
MM_RS11380	6.5509	6.8403	7.258	6.9023	7.636	8.0447	8.5266	8.1927
MM_RS11385	8.5108	8.7793	7.2829	8.4433	6.8017	7.51	5.8167	6.4176
MM_RS11390	8.4412	7.9237	8.7294	8.34	8.2227	7.4622	8.5929	8.1724
MM_RS11395	7.4053	6.9645	8.9558	8.236	7.4682	6.4202	7.8809	7.952
MM_RS11400	7.2363	6.8922	7.8908	7.9895	6.9179	5.5537	6.8599	7.8704
MM_RS11405	4.3974	3.9693	6.0139	5.3466	4.3955	4.9354	6.0861	6.4405
MM_RS11410	4.6432	3.6091	5.3197	5.8576	4.1631	4.9354	5.9577	6.7816
MM_RS11415	6.1198	5.721	6.5926	6.8841	7.093	6.445	7.5359	7.4988
MM_RS11420	6.8631	6.4446	8.2176	8.4022	6.3285	5.7257	7.8571	7.6236
MM_RS11425	8.4118	8.9659	8.8973	8.5968	8.6159	8.9714	7.8329	8.0591
MM_RS11430	7.5566	7.6166	7.6692	7.5832	7.8656	7.3744	7.6511	6.631
MM_RS11435	7.1674	6.9777	6.3789	6.7292	6.8017	6.3163	6.0018	5.7587
MM_RS11440	7.7098	7.9123	6.5926	7.6332	9.1864	8.7991	6.6543	7.7293
MM_RS11445	10.902	10.5006	9.4378	9.8455	10.9098	10.8396	9.9814	9.8989
MM_RS11450	9.0076	8.8727	9.4845	9.5853	9.4342	8.928	9.2927	9.4953
MM_RS11455	6.5509	6.5774	6.4433	6.114	6.2714	6.4694	6.6264	7.2632
MM_RS11460	5.399	6.5305	5.9533	5.1157	5.7919	5.4096	7.0608	6.1671
MM_RS11470	7.4575	7.1151	8.7512	8.8621	6.7608	6.5632	7.5056	8.0142
MM_RS11475	6.1832	5.6349	7.2144	6	6.3285	5.7657	6.4144	6.9815
MM_RS11480	7.5566	7.1504	8.3102	7.3372	7.5182	7.4863	7.7832	7.374
MM_RS11485	9.3177	9.1448	7.4393	7.0731	9.8299	9.6533	9.2338	8.8114
MM_RS11490	5.229	5.6126	6.1358	4.722	4.3955	4.8634	4.7768	5.1866
MM_RS11495	5.1034	5.6893	6.0963	5.2358	4.9272	5.132	5.2853	4.8874
MM_RS11500	3.8872	4.6355	5.2494	4.4004	4.1631	2.3474	4.875	4.4199
MM_RS11505	5.2587	5.3408	5.9356	5.3197	5.0682	5.4592	5.485	5.4342
MM_RS11510	6.8631	6.7148	8.1556	7.5889	6.9547	7.3483	8.6425	8.4672
MM_RS11515	7.4639	7.611	8.0644	7.6168	6.8802	7.0085	8.1591	8.1309
MM_RS11520	7.9383	7.9837	6.5755	6.6121	7.7863	8.2204	5.8653	6.611
MM_RS11525	8.6961	8.3386	7.034	7.6387	8.2818	8.364	6.5091	7.0122
MM_RS11535	7.1276	6.816	6.6807	7.3372	6.1498	6.4934	6.4467	5.9297
MM_RS11540	8.517	8.4499	6.7936	7.7982	7.4165	7.7281	6.6543	7.0864
MM_RS11545	6.0017	6.1199	7.0423	7.6278	6.4364	5.7657	7.1807	6.7454
MM_RS11550	5.7527	6.4821	7.68	4.8021	7.0596	6.2615	6.2776	6.1942
MM_RS11555	6.229	6.8782	5.5121	5.9482	6.2119	5.6846	6.0861	5.8296
MM_RS11560	3.8084	3.9693	2.1192	3.2878	2.3905	4.7877	3.3172	3.8641
MM_RS11565	4.9291	5.3408	4.3608	4.2935	3.5401	3.8269	4.4339	4.5091
MM_RS11570	8.202	8.7667	8.7294	7.8648	5.8709	8.4707	6.8599	7.2374
MM_RS11575	7.2731	7.4906	5.9445	7.3899	6.0171	6.9403	4.6713	4.9524
MM_RS11580	7.0189	7.2586	5.5593	6.8656	7.1575	7.3218	6.9526	6.347
MM_RS11585	5.372	5.812	4.1906	4.9847	3.8854	5.1919	4.6713	3.8641
MM_RS11590	7.3233	7.3859	6.0139	6.544	6.5844	5.6846	5.5459	5.0743
MM_RS11605	4.0328	3.2476	2.666	2.5638	2.3905	3.8269	1.9869	3.5624
MM_RS11610	5.551	4.4711	4.7353	3.6789	4.5954	3.8269	4.7768	3.7212
MM_RS11615	4.3974	3.6974	3.9975	4.9144	4.1631	3.4842	2.5888	3.8641
MM_RS11620	6.1987	5.8697	6.6591	6.7292	4.3955	4.4369	1.9869	3.9939
MM_RS11625	4.3427	4.5439	4.9981	5.4495	6.6753	6.145	7.6511	7.374
MM_RS11630	3.4405	2.9894	3.5564	3.6789	5.1966	4.2231	4.4339	4.5091
MM_RS11635	5.1986	5.2994	4.5833	4.2935	5.0682	4.1028	3.7933	3.8641
MM_RS11640	4.1004	4.136	3.7739	3.985	2.3905	3.6659	0.262	2.6452
MM_RS11645	8.1828	7.753	7.0671	7.0323	6.4874	6.3692	6.5393	4.8874
MM_RS11650	5.7527	6.4697	6.0721	5.399	7.0596	6.6078	5.6043	6.347
MM_RS11655	3.3313	5.0054	5.1135	5.6356	2.3905	3.0302	3.9823	3.8641
MM_RS11660	4.9657	4.1671	4.9096	5.177	2.3905	3.4842	4.1492	3.5624
MM_RS11665	7.0102	6.8829	6.8229	6.0982	7.1575	7.0251	8.0893	7.1977
MM_RS11670	6.229	6.1356	6.8844	6.0823	7.0596	6.6724	7.4269	7.3858
MM_RS11675	6.0535	5.9785	5.6384	5.5221	7.2192	7.3873	7.1019	7.4546
MM_RS11680	5.1675	4.3678	4.1602	4.1779	4.5954	4.2231	4.1492	4.3246
MM_RS11685	4.8531	5.0393	5.2919	4.9144	3.5401	3.6659	3.5752	3.5624
MM_RS11690	4.7309	4.7007	5.0152	4.5929	4.9272	4.334	5.4215	5.0147
MM_RS11695	4.9657	4.9351	6.0963	5.7609	5.4235	5.1919	5.9577	5.1866
MM_RS11700	5.4255	4.7007	5.3333	5.4983	5.0682	5.4592	7.0815	5.6454
MM_RS11705	5.477	5.5551	5.7647	5.4741	6.085	5.3582	5.2853	5.3402
MM_RS11710	6.4769	6.2413	5.7847	5.9657	6.3834	6.145	6.8112	6.2208
MM_RS11715	5.5749	6.0045	5.8045	6	6.5844	5.9154	6.6264	6.8169
MM_RS11720	6.5865	6.6937	5.3333	5.8762	7.0596	6.6078	5.7144	6.0533
MM_RS11725	8.2361	8.6288	11.1708	10.9722	7.0596	8.0768	8.8971	9.1664
MM_RS11730	11.0048	11.017	13.3915	14.2552	9.4407	10.091	10.7389	11.0043
MM_RS11735	9.8431	9.7519	12.8165	12.8964	9.4277	9.6691	11.0351	11.2298
MM_RS11740	8.1153	8.3111	10.7519	11.4548	7.3071	7.8632	8.3922	8.8798
MM_RS11745	7.6661	7.5911	10.4794	10.2666	6.085	7.3614	8.6971	8.4391
MM_RS11750	7.206	7.28	9.5877	8.2215	6.2119	7.5449	7.9273	8.6149
MM_RS11755	6.5982	7.7505	9.2874	9.4769	6.9547	7.6448	8.016	8.3872
MM_RS11760	6.087	6.2413	10.8924	11.1425	6.3285	7.281	8.7626	9.838
MM_RS11765	5.6665	6.0715	10.8294	11.4385	6.1498	6.7341	9.8847	10.1462
MM_RS11770	6.2734	6.0551	11.0102	11.3449	6.085	5.8794	9.3103	9.163
MM_RS11775	6.244	6.4759	11.0357	10.8083	5.3145	5.0694	8.0052	8.0293
MM_RS11780	7.6881	7.5797	11.4013	9.2446	5.6194	6.2615	9.4036	8.3334
MM_RS11785	13.9132	13.1843	15.1967	14.6102	19.3587	17.2946	18.0669	17.9342
MM_RS11790	7.5921	8.2796	8.4546	9.1196	7.7238	8.0201	8.9029	9.0673
MM_RS11795	3.9619	4.6355	5.5121	6.2906	2.3905	4.8634	3.3172	6.4176
MM_RS11810	8.2874	8.0392	9.5444	10.4683	7.5425	7.4982	8.3587	7.6336
MM_RS11815	8.0012	7.8325	9.0089	9.333	7.9947	8.0201	8.207	8.239
MM_RS11825	8.778	8.7334	11.0812	10.0268	7.4426	7.5449	8.6285	7.6336
MM_RS11830	8.4445	8.7334	9.0477	8.841	6.9547	6.7933	7.5056	6.5703
MM_RS11835	6.3305	5.5784	8.0848	7.6441	6.9547	6.2044	8.0687	7.4658
MM_RS11840	7.621	7.6278	8.3376	8.0023	8.2525	8.4089	8.7105	8.569
MM_RS11850	6.5865	6.6003	6.2767	6.8656	6.8802	6.8687	7.3776	6.934
MM_RS11855	5.1675	5.9785	5.8808	5.2922	5.3145	6.1144	6.6816	6.0533
MM_RS11860	7.7678	8.3656	8.5584	8.0316	7.0596	8.0848	7.2554	7.1977
MM_RS11865	9.4	9.5913	8.9212	8.1431	9.6623	9.4413	8.9655	8.5997
MM_RS11870	6.4769	6.6669	6.8083	5.9482	7.1575	7.1958	6.7085	7.0572
MM_RS11875	5.3165	4.6793	5.1754	4.9144	6.1498	5.9506	8.2893	6.7816
MM_RS11880	7.0189	6.995	7.851	8.0804	6.9179	6.9049	6.8599	6.8682
MM_RS11890	7.621	7.5119	7.7169	8.0603	6.4364	6.4202	6.6543	6.5703
MM_RS11895	8.2911	8.3606	8.732	7.9637	8.3245	8.6628	8.2714	8.6977
MM_RS11900	5.3445	5.5551	5.8527	4.8779	6.0171	5.3049	5.2121	5.1866
MM_RS11910	4.45	4.1042	4.2496	4.5929	4.3955	4.2231	4.1492	4.6726
MM_RS11915	6.1359	7.0707	5.6924	4.9144	6.5844	6.3692	6.2776	6.6893
MM_RS11920	6.8533	7.2148	7.3879	6.9023	7.3071	7.4743	8.1591	7.338
MM_RS11925	4.5008	4.9881	4.7353	3.8402	4.5954	3.8269	4.967	3.9939
MM_RS11930	7.6324	7.6138	6.8277	7.4155	8.0467	8.3042	7.3942	7.2503
MM_RS11935	8.4151	8.3352	9.1801	8.689	8.6611	8.9324	8.6494	8.2193
MM_RS11940	8.8867	8.9548	9.5813	9.5365	8.979	8.8039	9.1482	8.6249
MM_RS11950	10.4991	10.3378	10.8893	9.0579	11.7043	11.0616	12.1769	8.7715
MM_RS11955	8.677	8.7139	9.1572	10.248	6.8415	7.4982	8.4883	6.6893
MM_RS11960	7.8963	8.1863	8.5584	8.5455	7.3628	7.2947	7.9159	6.7993
MM_RS11965	5.0362	5.6893	4.2496	4.9847	5.9459	6.6932	5.2121	6.1942
MM_RS11970	7.0532	7.2074	6.0963	6.7892	7.7863	8.2974	8.1395	8.3814
MM_RS11975	8.3231	8.2455	7.4736	7.671	8.2076	8.823	7.7832	7.72
MM_RS11985	8.7882	8.559	9.0875	9.1466	9.0656	8.6786	7.9943	8.2455
MM_RS11990	9.2927	9.4999	10.0923	11.0479	8.7784	8.8371	7.3265	8.9609
MM_RS11995	9.3035	9.1341	9.1005	9.6702	8.2377	8.6839	6.9749	7.8103
MM_RS12000	8.262	8.5663	7.8838	8.8551	6.3834	5.8046	6.5091	5.8971
MM_RS12005	8.2946	7.7783	8.1991	8.9934	8.366	7.6232	7.6372	6.8342
MM_RS12010	7.7152	7.6138	7.5221	8.4402	6.1498	6.0831	5.2853	5.4342
MM_RS12015	6.5388	6.4697	6.4867	7.4898	6.1498	5.8425	4.967	5.388
MM_RS12020	8.2766	7.8753	7.9204	9.0861	7.2491	7.0895	6.6816	7.2111
MM_RS12025	9.6378	8.9834	9.8126	9.7327	8.5928	9.0902	8.6355	9.385
MM_RS12030	7.9244	7.3424	8.8279	9.4226	7.5665	7.1958	6.8836	7.6136
MM_RS12035	6.742	6.4383	7.68	8.236	6.6753	6.3949	7.0815	6.9658
MM_RS12040	6.8238	6.4697	7.4859	8.1847	5.8709	6.2332	5.8653	6.631
MM_RS12045	8.7831	8.5502	9.4982	10.7516	8.6386	7.8353	8.5857	8.8881
MM_RS12050	6.1676	6.1819	7.063	8.3333	7.4934	7.239	8.0052	8.1449
MM_RS12060	8.1474	8.0723	6.3389	7.4155	6.5844	7.2947	5.355	5.2908
MM_RS12065	8.8234	9.1458	6.3985	6.9817	11.1104	10.5301	8.0479	9.2559
MM_RS12070	9.2	9.1651	8.5217	8.7124	9.921	9.7536	9.6828	9.4539
MM_RS12075	4.0328	3.654	4.1602	5.2067	5.4235	4.7877	5.355	5.2908
MM_RS12080	5.984	6.4944	5.9533	5.373	3.8854	5.4592	5.8167	5.9297
MM_RS12085	5.9479	5.4582	5.2055	5.1157	6.3285	6.343	5.485	5.4342
MM_RS12090	1.3968	0.262	1.0633	0.262	3.8854	4.2231	4.875	3.7212
MM_RS12095	6.5143	6.1589	5.4507	4.9499	5.8709	6.4934	4.2986	4.7478
MM_RS12100	5.6885	5.9959	4.6504	5.0517	6.8802	6.7739	6.0861	6.3945
MM_RS12105	11.6349	12.2488	11.5582	14.3665	10.3987	10.3113	10.1982	10.3436
MM_RS12110	12.2085	11.8415	13.0411	13.0053	11.3807	12.2457	11.2661	12.0908
MM_RS12115	9.2057	9.1535	10.7084	11.8917	8.4456	8.6199	8.9374	9.2719
MM_RS12120	12.0105	13.1958	13.5798	15.898	10.3954	10.7993	11.728	12.0197
MM_RS12125	9.405	8.9212	11.7942	11.9363	7.7863	7.2103	10.1002	10.5517
MM_RS12135	8.5077	8.1421	6.6263	6.7189	8.6044	8.3898	7.5946	7.3011
MM_RS12140	5.0702	5.4329	4.8347	4.8021	6.4364	6.0183	6.2776	6.4405
MM_RS12145	5.2587	5.0888	4.7557	4.3479	4.1631	5.1919	4.2986	5.2397
MM_RS12150	3.725	3.7396	3.1185	3.5908	3.0819	4.1028	0.262	4.1128
MM_RS12155	3.725	4.0383	3.8524	3.3962	4.1631	2.3474	3.0006	2.9374
MM_RS12160	7.5921	6.4572	8.1879	6.6771	7.7023	7.0251	6.93	6.7082
MM_RS12165	10.8492	11.137	9.7305	10.5774	10.1201	10.5359	9.6486	9.4426
MM_RS12170	5.2587	5.2568	5.3333	5.373	4.9272	4.7077	5.0534	4.9524
MM_RS12175	8.3681	8.5414	8.9436	9.25	8.9879	8.2276	8.7943	7.9912
MM_RS12180	5.9479	5.8602	6.4744	5.2358	4.3955	5.5072	5.2853	4.2227
MM_RS12185	11.8913	11.7618	11.1589	9.8746	9.4727	9.5934	8.8912	8.8026
MM_RS12190	6.3855	6.1894	6.686	6.5898	7.6805	6.2332	7.1019	7.7106
MM_RS12195	9.8146	9.2132	7.2328	9.5951	10.2102	10.1488	7.2554	8.2964
MM_RS12200	8.9427	9.1301	7.8675	9.0497	7.5665	7.3744	6.4144	6.485
MM_RS12205	6.4769	6.5542	4.9457	5.4741	4.5954	5.0694	4.6713	4.4199
MM_RS12210	8.2583	8.1768	8.4118	7.2964	7.3899	7.4127	7.1418	6.95
MM_RS12215	4.6432	4.3944	5.0814	4.1165	5.0682	4.533	4.6713	4.6726
MM_RS12220	7.7152	7.8252	8.7152	8.6705	7.0596	7.1207	7.2186	7.3011
MM_RS12230	6.1035	6.1039	7.589	7.3102	6.4874	6.145	7.7054	6.8169
MM_RS12235	8.4701	8.4293	8.6084	8.147	7.2783	7.4743	7.9159	7.157
MM_RS12240	7.2363	7.28	7.1426	7.1965	7.4165	8.3834	7.4269	7.4206
MM_RS12245	6.8727	7.1696	6.1436	6.6771	5.6194	5.7257	4.6713	5.3402
MM_RS12250	8.3301	8.5546	7.2033	8.9012	7.636	7.9085	7.0185	7.3975
MM_RS12255	8.1789	8.3454	8.9302	7.5314	7.8065	8.0528	7.4902	6.7636
MM_RS12260	9.0229	9.2588	9.3449	9.1675	6.5368	7.2671	6.7607	6.247
MM_RS12265	7.773	7.6851	7.9517	8.2251	7.1575	6.8125	5.9122	6.0533
MM_RS12270	7.8963	7.6361	8.1766	8.2396	8.0467	8.1987	7.0185	7.952
MM_RS12275	8.2097	8.5414	9.2483	9.4195	7.6132	8.1314	7.6785	7.7477
MM_RS12280	8.3715	7.5968	9.0764	8.2855	8.5454	8.1237	9.5028	8.6929
MM_RS12285	7.4317	7.2514	7.455	6.3974	8.7988	8.0609	8.1493	7.5934
MM_RS12290	7.7312	8.1882	9.6325	9.0124	8.1923	7.9085	9.0519	8.2964
MM_RS12295	8.385	7.5825	8.9178	9.223	8.1132	7.1958	7.309	7.0864
MM_RS12300	4.8135	4.803	7.0256	7.3899	4.3955	3.4842	6.2041	6.0826
MM_RS12305	9.2019	9.1727	10.0787	10.1116	9.3879	9.178	10.7291	9.6911
MM_RS12310	7.0617	7.1696	5.7647	5.8945	8.4456	8.4339	7.6511	7.8103
MM_RS12315	9.33	9.1163	8.7962	8.4619	8.8678	9.2037	9.5294	8.7579
MM_RS12320	8.6852	8.8514	7.5516	8.0065	7.7657	7.3351	7.3437	6.3226
MM_RS12325	4.1649	3.6974	2.834	1.8029	3.8854	3.2755	4.1492	4.4199
MM_RS12330	8.8284	8.6941	8.8399	8.4863	8.7886	8.9884	9.3662	9.243
MM_RS12335	7.7781	7.4783	7.8581	7.5373	7.2491	7.2531	8.2624	7.7293
MM_RS12340	7.4639	7.6957	7.9539	7.4958	7.7449	7.935	7.8571	8.1098
MM_RS12345	7.0102	7.3322	6.6591	7.2615	6.4874	6.2892	5.8167	6.3945
MM_RS12355	8.2838	8.1844	7.8628	7.933	7.3352	7.4863	8.0373	7.6434
MM_RS12360	8.7416	8.7717	9.4347	9.7096	9.0487	8.8787	10.0875	9.6304
MM_RS12365	13.0612	12.5026	13.6878	12.8895	18.3153	17.2173	17.9298	17.6763
MM_RS12370	13.0581	12.5028	13.683	12.8865	18.3142	17.2206	17.923	17.6861
MM_RS12375	7.4317	7.7708	6.2696	6.0982	6.3834	7.4377	6.0446	5.7946
MM_RS12380	8.1274	8.5384	5.7647	6.2196	6.8415	7.935	6.0446	5.0743
MM_RS12385	10.3439	10.7441	8.5686	9.3596	10.244	10.5967	9.2199	8.2259
MM_RS12390	9.2945	9.3477	7.8628	8.4983	8.5928	8.3962	9.2245	6.95
MM_RS12395	5.892	5.2711	5.6274	4.8021	6.2119	6.2332	5.4215	6.0234
MM_RS12400	0.262	5.0225	4.4886	4.9499	0.262	0.262	0.262	0.262
MM_RS12405	4.7309	4.8986	3.8901	3.5908	3.0819	4.1028	1.9869	2.2706
MM_RS12410	8.0488	7.7221	9.1951	9.962	8.2672	8.2559	8.788	8.8245
MM_RS12415	6.9568	7.3727	6.9523	7.0072	8.6044	8.1542	7.9612	8.2193
MM_RS12420	9.0465	9.357	9.0195	8.7781	9.0143	8.8182	8.3417	8.7118
MM_RS12425	8.221	8.0723	6.9568	7.7181	8.0636	7.136	6.6543	5.6454
MM_RS12430	7.4446	7.5209	6.7123	7.1666	6.8017	6.5632	5.7665	6.347
MM_RS12435	7.6381	7.4312	6.3321	6.2767	6.7608	6.445	5.4215	5.1315
MM_RS12440	7.0447	7.1309	5.3468	5.0185	8.7578	8.377	6.9969	7.2111
MM_RS12445	8.3089	7.8847	7.3715	6.8656	8.5928	7.5564	8.0791	6.7816
MM_RS12450	7.6037	7.6554	6.6753	7.0487	7.8656	8.0284	7.5946	7.1977
MM_RS12455	10.271	10.2278	8.654	9.2955	8.887	8.7148	7.869	7.9678
MM_RS12460	8.221	8.7565	6.8373	7.9593	9.107	9.4928	7.8329	8.2193
MM_RS12465	9.3282	9.1775	9.0804	9.1543	8.6611	9.0341	8.3922	7.9912
MM_RS12470	4.1004	4.2852	5.3867	5.4495	5.1966	5.6423	5.7665	6.1113
MM_RS12475	6.6326	6.656	6.7382	5.8388	6.6753	6.8687	7.5359	7.1843
MM_RS12480	6.2588	5.6126	4.5602	4.3479	6.7608	6.3949	5.5459	5.5646
MM_RS12485	5.551	5.0393	6.0224	5.5221	5.7082	4.9354	5.9577	5.7946
MM_RS12490	4.6877	5.2129	5.0814	5.0517	6.3834	6.343	6.3477	7.0424
MM_RS12495	7.5921	7.2369	5.6163	6.4726	7.4682	7.2947	6.0018	5.8637
MM_RS12500	5.6214	5.7105	4.464	5.0185	5.9459	5.5072	4.2986	4.5932
MM_RS12515	5.8536	5.1979	7.2509	4.9499	6.4364	5.9506	6.8836	6.0826
MM_RS12520	6.92	6.7043	6.7071	6.5556	5.6194	5.9154	5.5459	5.1315
MM_RS12525	7.6605	7.2369	6.2837	6.5206	7.0255	6.7933	6.6816	6.0234
MM_RS12530	7.5446	7.1999	8.4278	9.1118	7.7863	7.136	8.5114	7.7838
MM_RS12535	6.8918	6.634	8.3342	8.7099	7.3899	7.4377	8.0995	8.0217
MM_RS12540	9.6741	9.1409	9.9916	11.1602	8.8089	9.001	8.5784	9.5035
MM_RS12545	8.9243	9.0576	9.4543	11.3896	7.4165	8.1691	8.1196	8.8158
MM_RS12550	6.7207	6.3667	6.0721	5.8762	7.959	6.9049	7.1019	7.5729
MM_RS12555	7.5745	7.8325	7.158	7.1741	6.9179	7.3351	6.0446	6.4629
MM_RS12560	7.7312	7.5623	7.6311	9.027	7.4165	7.0085	8.7368	8.2775
MM_RS12565	5.9295	5.6238	5.3735	4.8779	6.0171	5.7257	4.2986	5.388
MM_RS12570	4.5499	4.2566	3.9975	3.5908	5.7082	4.8634	3.7933	4.8874
MM_RS12575	6.0191	5.9959	4.2496	4.9144	6.9547	7.0737	6.3477	5.7946
MM_RS12580	6.3583	6.4759	7.6144	10.0059	7.093	7.3614	8.6214	9.4199
MM_RS12585	6.9748	6.699	8.5052	10.9008	6.8415	6.7138	8.2624	9.3523
MM_RS12595	9.2	8.6509	9.77	7.7025	10.3684	10.1788	10.1815	10.1939
MM_RS12600	4.9291	4.6132	4.6935	3.9144	4.9272	4.334	1.9869	4.3246
MM_RS12610	9.3422	9.8082	11.2272	10.8762	8.7988	9.2678	9.1628	9.1902
MM_RS12615	6.2879	6.2843	8.2065	8.6678	5.7082	5.132	7.2735	7.2759
MM_RS12625	7.358	7.1999	7.4798	6.2906	6.9547	7.2531	6.7862	7.1707
MM_RS12630	9.1009	6.8354	7.8222	0.262	9.023	8.5699	8.67	7.6822
MM_RS12640	8.8234	8.9571	8.4086	9.3058	8.1132	7.768	8.3331	7.8449
MM_RS12650	9.0947	8.7767	4.6284	5.0517	8.5333	8.4215	3.3172	3.9939
MM_RS12655	7.8236	6.9106	5.0487	4.2369	9.8545	9.1214	4.7768	5.479
MM_RS12660	7.3373	7.2622	6.9743	6.5324	6.8017	7.5677	6.5091	7.5416
MM_RS12665	3.725	4.7007	5.5938	5.7808	5.3145	4.4369	5.9577	6.1671
MM_RS12670	6.5865	6.5126	7.5011	7.1361	6.085	5.7657	6.8357	6.7816
MM_RS12675	5.892	5.7923	7.1846	6.8469	6.085	5.3582	8.0479	7.1977
MM_RS12680	8.0488	8.001	7.7272	6.6121	7.959	8.3962	6.8112	7.7012
MM_RS12695	7.0785	6.9197	6.5406	6.1295	6.5844	6.7341	6.4782	6.347
MM_RS12705	4.8531	0.262	4.5129	0.262	0.262	7.634	0.262	0.262
MM_RS12710	5.3165	4.8611	5.3197	4.4999	5.4235	5.7657	6.4782	5.7587
MM_RS12715	4.5973	4.953	4.2205	2.5638	6.1498	6.7933	5.7144	6.4176
MM_RS12720	6.229	6.0878	5.8336	5.177	6.9905	6.9748	6.2413	6.1671
MM_RS12725	5.1986	4.5439	7.7478	9.0208	5.9459	5.5537	7.8926	7.72
MM_RS12730	6.6552	6.8258	8.0166	10.2928	5.8709	6.175	8.1493	7.9834
MM_RS12735	8.8084	8.2972	10.023	11.1743	9.5765	9.3718	10.7225	11.5913
MM_RS12740	8.4669	7.7116	9.2626	10.3873	6.5844	7.8539	8.6214	8.6298
MM_RS12745	9.6906	9.4793	10.1383	11.1743	9.8299	9.6875	9.8429	9.7943
MM_RS12750	11.04	11.1213	11.4681	13.2796	11.3309	10.8113	11.4484	11.5506
MM_RS12755	12.1608	12.2443	12.3757	14.7657	12.3681	11.8825	12.343	12.1474
MM_RS12765	6.8238	6.9645	9.692	10.4934	6.2714	6.7739	8.7817	9.0783
MM_RS12770	8.2546	7.8106	10.9122	10.3677	8.5333	8.4887	10.865	10.9606
MM_RS12775	8.2173	7.7657	10.6992	10.3379	8.4064	8.1913	10.2562	9.7287
MM_RS12780	8.4084	8.1066	10.8501	10.3881	8.0803	7.687	9.2793	9.0264
MM_RS12785	6.6663	6.8922	9.2302	9.551	7.2491	6.6724	9.1773	8.941
MM_RS12790	7.773	7.7195	10.5588	10.8912	7.7657	7.9867	9.8519	9.3311
MM_RS12795	7.3303	6.6937	6.3184	5.7203	7.2491	6.9748	5.8653	5.9616
MM_RS12805	5.8536	5.9069	5.3468	6.0499	5.4235	6.0511	6.1265	6.2208
MM_RS12810	6.8918	6.645	7.8768	7.7232	7.6805	7.9085	8.6563	8.4163
MM_RS12815	5.966	6.5717	5.8715	4.5471	5.7919	5.5986	5.2121	5.1315
MM_RS12820	5.892	6.606	5.8142	5.5686	6.2714	6.0183	5.6604	6.2726
MM_RS12825	7.0102	6.982	7.4981	6.1295	6.1498	5.6423	5.8653	5.0147
MM_RS12830	5.5021	4.5439	4.0973	2.5638	5.0682	4.623	4.1492	2.9374
MM_RS12835	5.7734	5.5668	4.8727	4.9847	4.3955	4.9354	0.262	3.1781
MM_RS12850	7.3233	7.1426	6.9256	6.2196	7.59	7.579	7.3607	7.0572
MM_RS12855	5.0702	4.6576	7.3814	8.4557	5.0682	5.1919	5.9577	6.6702
MM_RS12860	6.3989	5.5551	8.4885	9.6488	6.1498	6.5632	8.0995	8.2455
MM_RS12865	5.8339	4.6132	8.0397	8.9849	5.9459	4.8634	6.93	7.1707
MM_RS12870	7.1276	6.2044	8.9065	9.6119	7.3899	6.7541	8.4806	8.925
MM_RS12875	4.8135	4.803	6.6428	7.4655	5.0682	4.623	7.2371	6.6702
MM_RS12890	5.7734	5.1979	7.7169	8.0804	6.3834	6.175	6.93	7.6035
MM_RS12895	6.7524	6.2119	8.1479	8.6327	7.4934	6.8502	7.4106	8.3334
MM_RS12900	7.8628	7.2222	9.4637	9.6676	8.366	7.8905	8.8436	9.2719
MM_RS12905	7.2511	6.5365	8.3611	7.897	7.2491	6.175	7.122	7.5625
MM_RS12910	6.9658	6.5483	7.991	8.3266	7.5425	6.5857	7.6231	7.4658
MM_RS12915	6.244	5.9521	6.6428	5.2643	6.7187	5.4592	6.6543	6.2208
MM_RS12920	7.1674	7.4216	7.4981	8.2431	5.9459	6.5632	8.9029	7.6629
MM_RS12925	8.0948	8.7552	8.6499	9.0599	8.0122	8.2418	8.5266	8.9209
MM_RS12930	6.71	6.683	7.8722	8.7757	8.2076	8.0689	9.1432	9.0302
MM_RS12935	7.2948	7.1735	8.2195	9.0394	7.4165	7.7972	8.0687	9.0783
MM_RS12940	6.9477	7.1696	8.5232	9.8896	7.6132	7.281	8.8912	9.0783
MM_RS12945	6.3165	6.3667	7.9932	7.3305	8.3104	8.311	9.1033	9.4055
MM_RS12950	4.2267	4.3408	6.6483	4.2935	4.9272	4.7877	6.6816	5.6842
MM_RS12955	6.8631	6.2119	6.5812	6.5785	7.3899	7.7875	5.9122	6.8513
MM_RS12960	9.405	9.49	10.0324	10.6296	7.7023	8.4827	7.9273	7.7838
MM_RS12965	6.5865	6.9014	7.9022	7.5314	7.5425	7.4377	8.1296	8.1026
MM_RS12970	8.4701	7.988	7.4643	7.5018	9.3676	8.8833	8.7433	8.3931
MM_RS12975	7.4119	7.6471	8.4005	7.9723	7.959	8.116	9.0571	9.0414
MM_RS12980	8.5831	9.0178	10.0553	8.9303	8.887	8.8135	9.5884	9.3065
MM_RS12985	10.395	9.7538	11.9647	11.3247	10.4575	9.7107	11.2202	10.0079
MM_RS12990	12.2151	11.495	14.0829	13.2366	11.6268	10.2243	11.7435	10.2238
MM_RS12995	10.0196	9.3662	11.5676	9.0145	10.3374	9.4688	10.5365	9.0673
MM_RS13005	8.2546	9.1945	9.1418	7.3102	7.1886	8.2204	7.5056	7.7749
MM_RS13015	6.0364	6.4191	6.5465	6.5324	6.0171	6.175	6.5689	6.8513
MM_RS13020	6.71	7.1031	8.2268	8.6705	6.085	5.5537	6.3814	5.479
MM_RS13025	5.5268	5.8602	6.8516	7.3305	5.4235	5.5537	5.2853	6.5494
MM_RS13030	6.244	6.6284	8.8375	9.5923	5.7919	7.1207	8.2624	7.5625
MM_RS13035	7.6549	8.0537	9.6504	9.6596	6.6306	7.1512	8.8314	8.3695
MM_RS13040	7.8285	8.5879	7.1465	8.3027	10.4317	11.2766	9.8153	10.5119
MM_RS13045	7.0276	7.0625	7.5399	8.1121	7.2783	7.4622	8.7368	9.1213
MM_RS13050	7.8136	7.7581	7.6985	7.5197	6.7187	6.4934	7.0815	6.7636
MM_RS13055	7.3233	7.4721	7.0382	7.5018	6.4874	7.8446	7.0398	7.0572
MM_RS13060	5.6441	4.8611	6.159	5.7808	5.5248	4.7877	6.8112	6.7082
MM_RS13065	7.8136	7.9507	7.9227	7.4777	6.6306	7.2947	7.3437	6.3226
MM_RS13070	6.6883	6.4319	4.9278	4.7626	6.1498	6.145	5.9122	5.2908
MM_RS13075	6.7732	6.699	6.0475	5.8762	6.8802	6.2332	5.2121	5.8971
MM_RS13080	8.0824	8.4132	7.6773	8.9237	6.2119	5.5537	4.5575	4.7478
MM_RS13085	8.3613	8.4067	7.6228	8.5996	7.1886	6.9049	5.4215	6.3709
MM_RS13090	6.6883	6.8403	6.8516	6.4726	7.5425	7.7581	8.0052	7.432
MM_RS13095	7.9656	8.2654	8.2859	8.6273	8.6499	8.7401	8.6355	8.2519
MM_RS13100	8.7625	9.7403	8.8207	9.1274	8.4064	8.3444	8.2257	7.8871
MM_RS13105	8.0989	8.5235	8.2028	7.7283	8.4064	9.0341	8.2804	8.4278
MM_RS13110	6.3022	6.4882	6.5697	6.5206	7.1575	6.6297	7.1614	6.347
MM_RS13115	4.8531	5.0225	0.262	0.262	0.262	0.262	0.262	0.262
MM_RS13120	8.438	9.0883	8.5526	9.8861	8.4838	7.3218	8.7754	7.4988
MM_RS13125	6.4895	6.03	6.7123	6.7794	6.6306	6.7341	7.4746	7.6918
MM_RS13130	7.1357	7.7063	6.7837	7.3769	5.0682	6.2332	4.2986	4.8874
MM_RS13135	6.8533	7.4022	8.6849	7.5137	7.5425	7.45	8.4169	7.9756
MM_RS13140	6.6326	7.0501	8.5843	8.0023	8.0122	9.3021	9.0466	9.3158
MM_RS13145	8.438	9.3628	10.557	10.6324	7.9408	8.184	9.8153	8.5845
MM_RS13150	7.5385	8.1166	8.341	8.2431	7.6805	8.4089	8.0893	7.8016
MM_RS13155	7.4446	7.255	8.146	8.1121	8.7156	8.9968	9.5143	9.417
MM_RS13160	4.7309	4.0043	6.6095	7.1816	4.3955	4.533	6.1658	4.7478
MM_RS13165	4.3974	3.9693	5.1905	5.2643	4.9272	4.334	6.8357	6.1671
MM_RS13170	7.3852	8.7667	8.937	7.5776	8.3523	9.1891	8.3331	8.2061
MM_RS13175	7.6267	7.2941	7.6719	7.7181	7.0596	7.687	7.7705	8.3872
MM_RS13180	5.5749	5.5784	5.1448	5.5221	6.2119	4.623	4.5575	4.6726
MM_RS13185	6.1987	5.9342	6.6537	6	5.8709	5.3049	5.8653	5.479
MM_RS13190	7.0276	5.916	7.8295	7.2826	5.1966	4.8634	5.2853	6.247
MM_RS13195	4.1649	4.5439	3.2415	3.3962	0.262	3.4842	0.262	4.2227
MM_RS13200	5.2879	4.4204	4.6284	3.5908	5.9459	4.623	4.1492	4.1128
MM_RS13205	5.2587	4.5904	4.7958	4.6372	4.3955	4.2231	1.9869	3.7212
MM_RS13210	4.45	5.2853	5.1448	5.0517	6.5368	5.132	5.0534	5.2908
MM_RS13215	6.0017	5.6238	5.3997	6.2341	5.0682	5.132	4.875	5.1866
MM_RS13220	7.7626	7.0292	5.5476	5.5913	6.0171	6.5171	6.5393	4.8874
MM_RS13225	5.6441	6.1277	6.6428	5.6136	6.0171	5.1919	5.2121	4.7478
MM_RS13230	1.3968	1.8139	1.81	1.3762	0.262	3.2755	2.5888	4.3246
MM_RS13235	6.5509	6.3466	7.5041	7.8555	6.6753	6.2892	7.9723	6.95
MM_RS13240	8.5624	8.2919	8.3694	9.0019	9.074	9.2037	9.5702	8.996
MM_RS13245	5.814	5.5315	5.524	3.9144	4.9272	5.004	5.5459	5.0147
MM_RS13250	8.7958	8.6302	7.5862	7.955	8.1454	8.0284	6.6264	7.4769
MM_RS13255	6.8727	6.1742	6.5755	6.544	6.3834	5.7257	7.1997	6.8169
MM_RS13260	8.3783	8.788	7.2544	7.7982	8.4064	8.6786	7.6511	8.3026
MM_RS13265	7.3717	7.1151	8.1613	8.3467	7.59	7.2671	7.9612	7.7385
MM_RS13270	8.8723	8.6901	8.0908	10.332	8.3385	9.0902	7.5508	8.4727
MM_RS13275	3.9619	3.9335	3.1185	2.7425	4.7709	4.623	4.7768	5.8637
MM_RS13280	7.2804	5.9785	5.6711	5.7407	6.2119	6.7341	4.967	5.8296
MM_RS13285	9.2927	9.4322	9.6305	11.4017	7.6805	7.8905	7.8206	8.8201
MM_RS13290	12.6322	11.4548	9.0342	7.8508	11.5372	11.7248	6.7349	8.0065
MM_RS13295	10.7075	10.8821	9.744	12.4908	11.2647	11.1819	10.0617	11.2605
MM_RS13300	8.7625	8.4514	7.7064	9.3212	11.2295	10.7726	10.5495	11.0496
MM_RS13305	9.6107	8.6605	9.4473	9.5525	10.7879	10.8101	9.9138	10.8585
MM_RS13310	7.6549	7.2185	7.3582	8.7781	9.2169	9.5454	8.943	10.0493
MM_RS13315	7.9656	7.5594	7.6144	8.9192	9.3608	9.4289	9.5256	10.2531
MM_RS13320	9.6035	9.5211	9.1696	10.8658	9.64	9.6237	9.4757	10.2675
MM_RS13325	6.229	6.9468	9.2311	6.7595	6.1498	6.6932	9.8639	5.7219
MM_RS13330	4.45	3.1245	11.3322	4.2369	3.8854	3.2755	11.7961	3.1781
MM_RS13335	2.7814	3.0586	11.9815	5.177	3.8854	2.7316	12.6286	3.8641
MM_RS13340	4.2859	4.3133	13.9955	4.8021	4.9272	4.7077	14.6728	5.2908
MM_RS13345	3.3313	2.1237	11.7922	3.7618	3.0819	2.3474	11.3738	2.6452
MM_RS13350	3.2129	3.1874	11.036	4.8021	0.262	1.7952	10.3803	3.1781
MM_RS13355	4.3427	3.414	4.9096	5.6996	8.6044	0.262	6.2413	6.1395
MM_RS13360	7.9383	7.6222	6.1968	6.4355	8.8387	8.139	6.9969	7.3258
MM_RS13365	7.2948	7.162	6.7787	6.3974	6.4874	6.6932	7.4106	6.6507
MM_RS13370	8.4184	9.3384	8.3068	8.5657	8.581	8.6361	8.4169	7.8277
MM_RS13380	6.6097	6.5186	6.5109	5.9657	7.1575	7.687	7.1614	7.0424
MM_RS13385	6.5509	6.1969	6.4867	6.1295	6.7187	6.5403	7.3942	6.8682
MM_RS13390	5.4255	4.8799	5.8993	6.0662	5.5248	6.6724	6.8836	6.8682
MM_RS13395	0.262	4.8226	0.262	0.262	0.262	5.3582	0.262	0.262
MM_RS13405	3.0835	2.2534	1.3816	0.262	0.262	1.7952	0.262	1.735
MM_RS13410	2.7814	2.5787	1.9746	1.8029	3.5401	3.2755	3.0006	2.9374
MM_RS13415	5.6441	5.8884	4.606	4.451	3.8854	3.8269	2.5888	3.3833
MM_RS13420	8.9632	8.5605	9.0945	9.8572	9.8738	9.9222	10.4654	10.7056
MM_RS13425	6.3583	8.5822	7.6004	7.4155	5.7082	7.6974	7.692	6.1671
MM_RS13430	6.8138	6.8782	5.7238	6.5556	8.6386	8.5586	7.6231	8.4727
MM_RS13435	7.183	7.4055	7.4456	8.0924	6.4874	6.5403	7.7577	7.5729
MM_RS13440	8.0699	8.1066	7.7117	9.2588	8.0467	8.3377	8.425	8.9087
MM_RS13445	7.8916	7.6608	7.1426	8.0357	7.3352	7.8446	7.4269	7.2632
MM_RS13450	5.0014	4.1042	3.1814	2.7425	5.6194	5.5537	6.4782	5.388
MM_RS13455	5.7527	5.8315	4.1602	4.2935	6.4364	5.4592	6.2776	5.9929
MM_RS13460	5.7939	6.1356	5.2779	4.5929	5.9459	5.8425	3.5752	4.6726
MM_RS13465	6.3719	6.7201	5.5938	6.1753	4.5954	4.4369	3.9823	6.1671
MM_RS13470	5.4255	5.812	4.8913	4.5929	6.5844	6.8687	6.5689	6.4405
MM_RS13475	8.6907	9.4114	7.9091	9.175	9.5647	11.9685	8.0267	9.8614
MM_RS13480	4.3974	4.0716	4.8538	4.3479	2.3905	2.3474	2.5888	2.9374
MM_RS13485	5.0014	4.52	4.7353	3.4968	3.0819	3.4842	3.5752	2.9374
MM_RS13490	7.2212	7.2976	6.8658	6.6771	7.3071	8.1005	7.0608	7.0424
MM_RS13495	7.3785	6.699	5.7748	5.4741	7.6805	6.8315	6.8836	6.631
MM_RS13500	7.4829	7.571	5.8901	6.0982	6.9905	7.6974	6.6543	6.5283
MM_RS13505	7.0532	7.083	6.5926	6.6877	5.8709	6.2615	6.7085	6.8513
MM_RS13510	5.9109	5.812	4.5129	5.8762	11.9897	12.3542	10.4595	12.3253
MM_RS13515	6.244	6.2701	5.3735	6.0499	5.6194	6.2615	5.7665	5.1866
MM_RS13520	7.8677	8.0329	7.5457	7.4593	8.2672	8.0848	7.2914	7.5416
MM_RS13530	5.966	5.9521	7.0589	7.3238	7.5665	6.2892	7.9043	7.8619
MM_RS13535	8.7468	8.2618	8.607	9.1485	9.0656	8.3898	9.5739	9.4026
MM_RS13540	5.5268	5.9251	5.0651	4.8405	6.085	5.9154	5.8653	5.479
MM_RS13545	10.1403	10.4313	11.099	12.7762	10.4923	10.594	11.2167	11.6748
MM_RS13550	8.0657	8.4277	9.7058	10.1291	11.2107	11.2129	12.6842	11.9548
MM_RS13555	7.0362	7.3627	8.8243	8.1238	8.2525	8.0201	9.2058	9.23
MM_RS13560	5.0702	5.1828	6.2977	6.318	6.7187	6.5171	7.0608	7.8191
MM_RS13565	9.9067	10.1802	10.3818	10.9554	8.5088	9.2325	9.2152	8.9168
MM_RS13570	9.7296	9.4606	10.0954	9.4115	8.8582	9.0624	9.4874	8.933
MM_RS13575	9.52	9.3612	10.1752	10.2902	9.3879	9.4382	10.2921	10.1021
MM_RS13580	9.6035	10.0667	10.6482	11.7556	9.6844	9.7733	10.6892	10.5622
MM_RS13585	8.6122	8.2236	9.5705	10.6621	8.6611	8.9058	9.3535	9.5223
MM_RS13590	8.9519	9.187	10.4663	11.654	7.2783	8.3834	8.7105	8.941
MM_RS13595	7.5921	7.5239	7.8557	6.1602	7.8462	7.8905	6.7085	5.9929
MM_RS13600	5.2587	5.1828	5.1292	4.9144	4.7709	4.7877	3.7933	4.6726
MM_RS13605	6.644	5.916	7.013	7.097	6.1498	5.3049	7.1614	6.8169
MM_RS13610	6.5509	5.9431	6.5347	6.5898	6.3834	6.4202	7.1019	6.7636
MM_RS13615	7.4053	7.3793	5.1602	5.6786	5.1966	6.9049	4.7768	5.4342
MM_RS13620	7.6661	7.9101	7.1695	7.5431	7.2783	7.6766	7.1807	6.7082
MM_RS13625	5.551	5.9521	5.7238	6.5087	4.1631	4.1028	4.4339	4.3246
MM_RS13630	5.5749	5.8602	5.3603	4.7626	5.9459	5.3582	5.6043	5.1315
MM_RS13635	7.9835	7.975	5.7546	6.7495	9.0143	8.4946	8.0583	6.9658
MM_RS13640	7.0447	7.3011	5.7847	6.8932	8.366	8.116	7.9387	6.611
MM_RS13645	7.6437	7.2405	7.1152	7.5889	7.9037	7.7381	7.2914	6.485
MM_RS13650	6.92	6.7914	6.9029	6.7595	6.4874	6.2892	6.1658	5.5224
MM_RS13655	6.4769	6.0045	5.9266	5.2643	5.6194	5.7257	5.6043	5.1315
MM_RS13660	7.3233	7.3219	6.5523	6.1295	7.8462	7.4743	6.8599	7.2111
MM_RS13665	7.9656	7.6824	6.1436	6.0335	7.8065	7.9782	6.5689	7.6822
MM_RS13670	4.1649	4.3944	4.5833	5.084	4.3955	4.7877	5.2121	5.5646
MM_RS13675	3.8084	3.9335	4.3608	4.8405	5.7919	5.7657	5.8653	5.9929
MM_RS13685	6.6774	7.0748	6.128	5.8004	6.1498	6.2332	6.2413	5.8637
MM_RS13690	6.2139	6.3533	6.2837	6.145	6.4364	5.9154	5.4215	5.6842
MM_RS13695	7.4317	7.2148	7.4425	7.5373	8.4964	8.0689	7.443	8.2127
MM_RS13700	9.074	8.8913	9.2025	8.7304	9.023	8.2418	9.4321	9.1423
MM_RS13705	4.9657	6.6884	0.262	6.7189	6.3834	5.8794	6.2776	7.9678
MM_RS13710	6.2734	6.9733	7.3176	7.0072	5.5248	5.1919	5.8653	5.8971
MM_RS13715	8.2982	8.534	9.5348	10.1954	6.9179	8.1617	8.2982	7.7568
MM_RS13720	6.3989	6.7253	5.2202	5.4741	8.0969	7.9174	6.5979	6.9969
MM_RS13725	1.3968	1.8139	1.6174	1.8029	0.262	1.7952	4.1492	1.735
MM_RS13730	8.0488	8.4467	7.6746	8.1697	7.3352	7.4001	7.3265	6.5908
MM_RS13735	6.3022	5.9872	8.9459	9.8109	5.7082	6.2892	8.7038	8.0293
MM_RS13740	6.244	6.7201	6.8844	6.0168	5.7082	6.5857	6.0861	6.1395
MM_RS13745	3.3313	5.5196	6.2264	4.3479	4.3955	4.1028	5.8653	3.8641
MM_RS13755	9.025	8.5414	8.4436	9.6188	10.1756	10.3917	9.7651	9.4762
MM_RS13760	9.2655	9.3992	10.8639	11.7117	8.4964	9.7976	9.3788	9.4112
MM_RS13765	6.5747	6.634	4.8154	4.8405	10.1988	9.4928	7.2735	8.9046
MM_RS13775	5.399	6.2193	5.9622	5.3197	5.7082	5.4592	5.9577	5.8296
MM_RS13780	8.778	7.8916	7.5545	6.4102	7.1886	7.2103	7.122	6.8169
MM_RS13785	7.358	7.0911	5.1905	5.5455	7.959	7.8632	7.6511	6.5494
MM_RS13790	4.3974	5.4953	3.733	4.2935	5.0682	4.8634	5.2121	4.5932
MM_RS13795	6.3022	6.4127	4.2496	5.2067	5.4235	5.8425	5.0534	5.0147
MM_RS13800	8.023	7.1886	5.8993	6.7495	7.7449	7.5564	6.2413	6.885
MM_RS13805	5.8339	6.3997	5.2202	6.0499	7.1256	6.7933	6.6543	6.2726
MM_RS13810	5.0014	5.2853	4.5833	5.3466	5.5248	5.2495	5.2121	5.0743
MM_RS13815	3.9619	4.5439	4.1906	4.2369	4.5954	5.132	5.355	5.1315
MM_RS13820	4.1004	3.6974	4.3063	4.8021	3.5401	3.2755	3.7933	5.1315
MM_RS13825	4.2267	3.8591	3.9975	4.2935	3.0819	4.8634	4.5575	4.9524
MM_RS13830	4.5973	3.8968	5.0651	5.3197	5.0682	5.1919	5.4215	6.1671
MM_RS13835	4.8135	4.7831	6.0224	6.2906	5.5248	5.7657	6.6816	6.9815
MM_RS13840	9.5549	9.1574	7.9693	8.5968	9.7745	9.8497	9.036	9.2719
MM_RS13845	4.45	4.136	4.6721	3.1703	4.7709	4.1028	5.8653	5.1866
MM_RS13850	5.5268	5.4072	3.9268	3.4968	5.3145	5.3049	3.5752	5.388
MM_RS13855	4.45	5.0393	2.834	3.1703	5.7919	5.5072	4.1492	4.8193
MM_RS13860	8.1866	8.3722	7.4425	7.5197	8.7368	8.377	7.8571	8.1792
MM_RS13865	5.0362	5.1676	4.0648	4.4004	5.0682	5.004	4.2986	4.4199
MM_RS13870	7.699	7.8893	7.8319	8.2609	8.4064	8.1005	8.0583	7.9036
MM_RS13875	6.229	7.0122	5.8901	6.0823	4.3955	4.4369	3.0006	4.1128
MM_RS13885	6.6883	6.451	6.1043	5.3197	6.085	5.8794	5.9122	6.5068
MM_RS13890	6.229	5.5551	6.2977	5.0517	4.9272	4.8634	5.2121	4.6726
MM_RS13895	7.0868	6.5246	5.8336	4.4999	4.7709	5.2495	1.9869	4.7478
MM_RS13900	3.2129	1.6209	3.2415	2.7425	0.262	0.262	3.9823	2.6452
MM_RS13905	3.5418	5.7923	3.0527	3.2878	0.262	3.8269	0.262	3.9939
MM_RS13915	1.8302	2.8397	1.0633	1.8029	0.262	1.7952	0.262	0.262
MM_RS13925	2.6008	2.5787	0.262	0.262	0.262	0.262	0.262	0.262
MM_RS13930	2.3918	2.6714	1.0633	0.262	0.262	0.262	3.0006	0.262
MM_RS13950	3.0835	3.3607	0.262	1.8029	0.262	1.7952	0.262	0.262
MM_RS13955	3.3313	3.6974	1.6174	1.3762	2.3905	1.7952	0.262	0.262
MM_RS13965	3.3313	2.9166	1.6174	0.262	3.0819	1.7952	1.9869	0.262
MM_RS13980	1.3968	1.0655	1.3816	0.262	3.5401	3.9715	2.5888	5.0147
MM_RS13985	3.2129	2.9166	2.834	1.3762	6.4364	4.7077	6.0861	6.2978
MM_RS13990	4.45	4.803	3.6909	2.9004	4.3955	3.4842	1.9869	3.7212
MM_RS14000	7.4119	7.6389	7.9737	6.7189	7.7863	7.7972	8.6144	8.5482
MM_RS14005	6.4254	5.7823	7.5975	8.1393	5.7082	6.1144	7.1614	7.5096
MM_RS14010	6.5388	6.0633	7.6311	8.5657	6.7187	6.3692	7.1418	7.4546
MM_RS14015	8.4953	8.0946	7.6144	7.7835	8.6044	8.1237	7.5801	7.4434
MM_RS14020	7.6267	7.8469	7.7929	9.6243	6.2119	7.1662	6.5689	6.6893
MM_RS14025	6.244	6.0797	5.5476	5.5221	5.1966	4.7877	6.0018	4.8193
MM_RS14030	6.2879	6.9601	6.1122	7.0156	5.7082	6.1144	5.8653	5.5646
MM_RS14035	8.0488	8.3352	7.5369	7.3572	8.393	7.9085	7.692	6.9815
MM_RS14040	8.01	8.2013	8.1785	8.0964	8.5211	8.2699	7.5359	7.6035
MM_RS14045	6.92	7.1924	6.6913	6.8087	7.3628	6.9918	7.6089	7.5934
MM_RS14050	6.3022	6.5065	7.1192	7.2756	5.3145	5.5986	5.8167	6.4176
MM_RS14055	7.4317	7.0292	8.6769	8.7482	7.3899	7.136	8.1591	8.1309
MM_RS14060	7.5921	7.571	8.9885	8.6327	8.1768	8.2837	9.2838	9.388
MM_RS14065	7.9835	8.3756	7.9045	8.5599	7.9408	7.8258	7.7318	7.157
MM_RS14070	7.7678	8.1421	7.1152	7.7736	7.8848	8.311	7.3437	7.3011
MM_RS14075	6.2588	6.1356	6.1893	6.4603	6.1498	6.6932	6.5979	6.7993
MM_RS14080	7.0189	7.1581	6.0883	6.2484	6.5844	6.3692	6.0018	5.8296
MM_RS14085	5.5268	5.3941	5.9622	4.722	5.8709	5.5537	5.7144	6.1942
MM_RS14090	8.9767	8.4436	9.537	9.2624	9.0823	9.1098	9.6276	9.5953
MM_RS14095	10.9642	10.6871	8.6675	8.9079	9.0402	9.4351	8.0687	7.6822
MM_RS14100	7.0868	6.7814	5.4756	5.8576	5.4235	4.7077	6.0018	3.9939
MM_RS14105	8.8059	9.0378	8.2859	8.8852	9.1551	9.6978	9.7327	9.4256
MM_RS14110	4.2267	5.2129	4.8538	5.6786	3.5401	4.2231	5.4215	4.2227
MM_RS14115	2.7814	3.3053	4.5368	0.262	4.1631	0.262	3.9823	3.7212
MM_RS14125	6.7314	6.7408	6.6591	6.4102	6.3834	6.0831	6.2776	5.3402
MM_RS14130	5.8339	5.5899	6.1818	6.8841	6.6753	5.9848	5.8167	6.6893
MM_RS14135	3.5418	3.8968	1.9746	4.4999	0.262	4.9354	0.262	4.4199
MM_RS14140	6.9293	6.0878	7.2864	6.3044	9.0572	7.239	6.5091	7.7477
MM_RS14145	6.2139	5.6569	5.2637	4.1779	7.2783	6.145	6.6264	5.4342
MM_RS14150	6.0191	6.2413	5.0487	6.2341	6.9547	7.0577	6.6816	5.9929
MM_RS14155	7.6437	7.7581	7.6393	8.1043	6.6306	7.4001	7.3942	7.2243
MM_RS14160	0.262	1.8139	1.9746	2.9004	2.3905	3.8269	3.3172	3.8641
MM_RS14170	6.0535	6.263	6.5049	6.0168	5.8709	5.3049	4.2986	5.0743
MM_RS14175	5.5021	5.4456	5.0152	5.0185	2.3905	4.1028	3.7933	4.2227
MM_RS14180	7.0276	5.9069	6.0639	5.9305	10.0109	8.5868	6.2041	7.72
MM_RS14185	5.2879	5.1049	6.2977	5.5221	5.0682	5.2495	5.6604	6.0826
MM_RS14190	6.1832	6.2193	7.0671	7.1361	5.6194	5.8425	5.2853	6.0234
MM_RS14195	5.3165	4.6132	5.5593	3.985	5.1966	4.4369	5.8653	4.4199
MM_RS14205	5.551	5.5315	4.3608	3.0419	5.3145	6.145	2.5888	4.2227
MM_RS14210	4.8916	4.5439	4.8913	5.084	6.085	6.0183	7.1807	7.0424
MM_RS14215	6.3445	6.4635	6.3253	6	6.5368	6.8869	6.0446	6.5068
MM_RS14220	3.8084	3.7396	2.9836	2.3572	5.4235	4.334	4.6713	3.9939
MM_RS14225	3.8872	3.1874	3.1814	3.4968	3.0819	3.8269	3.7933	3.8641
MM_RS14235	6.3583	6.0468	6.2553	6.0168	7.2783	6.9403	6.9526	6.7454
MM_RS14240	6.9385	7.083	7.1996	7.9852	9.5706	8.5812	9.617	8.8922
MM_RS14245	3.6364	3.8204	4.3608	3.1703	5.5248	4.334	6.5091	4.8874
MM_RS14250	5.0702	5.3408	5.5	4.8779	4.1631	5.2495	4.7768	5.1866
MM_RS14255	7.2363	6.8641	5.3603	5.9305	7.3071	6.8125	6.4782	6.3945
MM_RS14260	3.2129	3.3607	2.2487	2.3572	3.5401	4.533	3.0006	4.6726
MM_RS14265	6.3445	6.333	6.5926	6.0662	5.4235	5.0694	5.8167	5.4342
MM_RS14275	7.9835	7.412	8.1728	7.0811	8.2525	7.6232	8.0267	7.2503
MM_RS14280	5.5749	6.1039	5.703	5.1157	3.0819	3.8269	3.5752	4.3246
MM_RS14285	5.477	5.7723	6.392	5.4495	7.9408	7.1662	6.2413	8.3395
MM_RS14290	5.229	5.4072	6.4496	5.5686	4.5954	3.2755	5.6604	5.0743
MM_RS14295	6.5628	6.8594	7.6932	6.1902	7.7657	7.136	8.6971	8.3636
MM_RS14305	3.3313	2.9894	3.459	3.0419	4.3955	2.7316	2.5888	2.6452
MM_RS14310	8.7336	8.4994	9.2035	8.2251	10.1282	9.6612	9.8246	9.6911
MM_RS14315	6.0017	5.6349	6.2767	4.7626	7.1256	6.145	6.9526	6.2726
MM_RS14320	3.6364	2.9166	2.9836	2.3572	3.0819	3.6659	0.262	1.735
MM_RS14325	7.4382	6.9689	7.763	7.4716	6.0171	6.3692	6.3477	6.1395
MM_RS14330	5.1358	5.9521	5.2637	4.3479	4.5954	4.334	4.7768	3.8641
MM_RS14335	4.45	3.5628	4.3608	3.2878	3.8854	4.2231	3.0006	3.8641
MM_RS14340	4.5973	3.8591	4.3338	3.0419	4.9272	4.8634	4.1492	2.6452
MM_RS14345	6.4254	6.5246	6.9743	7.1361	5.3145	5.004	6.0446	4.8874
MM_RS14350	3.6364	3.6974	4.5368	3.5908	3.0819	0.262	1.9869	0.262
MM_RS14355	7.1276	6.3398	5.6818	4.6372	6.9905	6.8869	6.0861	5.0743
MM_RS14360	8.5015	8.0784	5.6603	5.7808	8.3245	7.935	5.6043	6.0234
MM_RS14365	5.5268	5.1049	3.5086	4.0523	5.4235	6.0511	4.5575	5.0743
MM_RS14370	4.1649	4.4711	3.459	3.8402	6.2119	5.9506	6.3477	5.0743
MM_RS14375	6.5628	7.2037	8.2341	9.1825	4.5954	6.2044	6.0861	6.8342
MM_RS14385	8.9381	8.4918	7.1657	7.5018	12.3055	10.6906	9.7873	10.5399
MM_RS14390	5.0014	5.3543	4.3338	5.0185	6.2714	6.3163	6.0446	5.388
MM_RS14395	6.4122	4.9707	4.3608	4.0523	6.6753	7.0085	6.7349	6.4176
MM_RS14405	6.8337	6.5717	5.0814	6.2906	8.9968	8.9191	8.4728	6.5283
MM_RS14410	7.0014	6.634	6.4558	6.7495	7.2192	7.2103	6.907	7.4206
MM_RS14415	6.8138	6.1277	5.2349	5.2358	6.6753	5.9848	5.2121	6.0533
MM_RS14420	7.0276	6.6777	6.2337	6.9023	5.1966	5.5537	4.6713	4.6726
MM_RS14425	7.2876	7.2729	6.3116	6.6771	7.2783	7.2947	6.4144	6.347
MM_RS14430	9.8996	9.9182	10.1387	11.1799	8.3104	8.5241	8.67	8.0955
MM_RS14435	7.3091	6.6723	7.5161	7.2185	7.2192	7.8163	7.6648	7.5096
MM_RS14440	7.1595	6.6884	7.5805	7.6223	7.1575	7.45	7.4589	7.0572
MM_RS14445	6.8727	6.7714	9.365	9.3971	5.5248	6.0511	6.6264	7.9912
MM_RS14450	7.6095	7.0249	7.4612	7.2545	9.4013	9.5339	9.7327	9.655
MM_RS14455	4.8135	5.5196	4.9808	5.6786	5.5248	5.5986	5.0534	5.7946
MM_RS14460	6.9385	6.3734	8.4685	7.5719	6.8415	6.8687	8.1395	7.7106
MM_RS14465	8.5414	8.3722	9.8546	8.788	6.5844	5.9154	6.9526	6.4176
MM_RS14470	5.3165	5.3271	5.0651	5.2643	4.7709	5.3582	5.6043	5.2908
MM_RS14475	4.8531	4.6576	4.0648	3.6789	4.9272	5.5537	3.0006	5.7587
MM_RS14480	7.2876	7.8612	5.9445	6.4102	7.8265	7.7778	7.3607	6.7082
MM_RS14485	6.5628	6.7864	5.9796	5.6996	7.8848	7.4001	7.6648	7.1977
MM_RS14490	6.9385	6.9014	5.9356	5.8945	4.9272	5.132	4.7768	3.8641
MM_RS14495	7.0189	7.988	8.5052	8.1316	8.1294	8.5812	9.0571	9.4595
MM_RS14500	6.1519	6.5832	8.5409	8.5657	6.0171	7.0085	7.6511	7.0719
MM_RS14505	3.9619	3.1874	2.4739	2.3572	3.0819	5.004	3.3172	4.2227
MM_RS14510	5.8729	5.9342	4.8538	5.6136	6.5844	6.7138	5.2121	7.3258
MM_RS14525	8.1234	8.0661	6.7176	7.4531	6.7608	7.3483	6.7607	6.6702
MM_RS14530	8.3336	8.4608	6.5697	7.0811	8.4964	7.9174	7.1614	7.374
MM_RS14535	5.6885	6.1512	5.5476	6.8841	4.7709	5.132	5.355	5.2908
MM_RS14540	8.0783	8.4872	8.1127	8.937	7.9223	8.5124	7.4269	8.3814
MM_RS14545	4.5008	4.3944	4.7353	5.6136	6.2119	6.1144	5.7144	5.6842
MM_RS14550	6.2139	6.7864	6.6699	5.8004	6.085	5.9154	5.8167	5.5224
MM_RS14555	2.6008	1.8139	1.0633	0.262	3.0819	2.3474	0.262	0.262
MM_RS14560	5.9295	6.1969	7.4298	7.097	4.3955	5.5537	3.9823	5.1866
MM_RS14565	7.7781	8.1825	8.7864	8.0884	7.3628	7.8163	7.4746	7.5729
MM_RS14570	8.6064	8.3822	8.0726	8.4495	7.6584	7.8353	6.8599	6.5703
MM_RS14575	4.7309	4.2566	4.9096	4.2935	4.5954	4.9354	5.1349	6.0826
MM_RS14580	5.7316	6.4572	4.8538	4.9847	5.6194	7.4127	5.8653	6.1671
MM_RS14585	6.0535	6.6937	6.2481	5.8945	5.7082	5.7657	4.5575	4.5091
MM_RS14590	8.5474	8.92	9.6138	10.5371	8.0969	8.7199	8.3839	8.3212
MM_RS14595	6.1519	6.4635	6.0963	6.4102	6.2119	6.8687	5.7144	6.247
MM_RS14600	7.4446	7.4184	7.3482	7.671	6.4874	6.2615	6.1265	6.5068
MM_RS14605	4.9291	4.8611	4.5602	5.399	5.0682	5.3049	4.2986	4.2227
MM_RS14610	8.7204	8.82	7.7503	8.7582	8.5211	8.3177	7.5801	7.5625
MM_RS14615	5.3445	4.8226	7.606	7.0569	4.9272	6.0831	8.6632	6.5068
MM_RS14620	8.2361	8.1806	8.5394	9.1447	7.4934	7.1958	10.5698	7.6336
MM_RS14625	6.5509	6.4191	6.5169	8.0844	7.1575	6.6724	9.1284	6.7454
MM_RS14630	9.1904	9.9312	8.9065	9.9847	7.1886	7.2531	9.7873	7.4988
MM_RS14635	8.4541	8.5979	7.7655	9.856	7.4165	6.6932	9.5812	7.0572
MM_RS14640	9.1413	9.5323	8.6915	11.0808	7.977	7.7381	9.3871	7.7927
MM_RS14645	9.6933	10.7476	6.9345	8.4245	9.8349	9.7855	10.1078	8.2648
MM_RS14650	6.0704	6.906	5.5938	6.4726	6.9547	8.0366	7.1807	7.2374
MM_RS14655	3.8084	3.1245	2.5734	3.0419	5.4235	5.4096	4.6713	5.6454
MM_RS14665	2.7814	3.3607	2.666	3.7618	4.9272	6.0183	5.1349	5.479
MM_RS14675	9.0677	9.0514	9.3921	9.8419	6.4364	7.1052	6.3477	7.3258
MM_RS14680	5.229	5.3133	4.6935	4.2369	6.7187	5.9848	5.0534	6.247
MM_RS14685	5.229	5.3941	6.0391	6.544	4.9272	5.132	6.0018	6.1395
MM_RS14690	6.8727	7.6662	7.433	6.0168	7.8848	8.116	8.2624	7.8871
MM_RS14695	6.9837	7.3892	5.3333	6.1602	5.7919	6.7933	5.2853	5.3402
MM_RS14700	8.2135	8.0371	7.7375	7.8879	6.9905	7.1662	5.6043	6.3945
MM_RS14705	11.7302	11.3558	9.4606	9.2712	9.4663	9.5483	8.8912	8.6249
MM_RS14715	10.4264	10.4353	10.7291	11.0032	10.327	10.2243	10.597	10.1906
MM_RS14720	6.2139	5.1049	0.262	0.262	0.262	0.262	5.8653	7.72
MM_RS14730	6.8238	6.699	6.2553	6.0823	8.6044	8.3898	8.1493	8.1379
MM_RS14735	5.8729	5.752	5.8901	5.8388	6.7187	6.6512	6.8599	6.7636
MM_RS14740	5.1675	5.7923	6.0308	4.8405	5.6194	6.145	6.0446	5.7587
MM_RS14745	4.9291	4.9707	4.8913	4.6803	3.5401	3.8269	2.5888	3.1781
MM_RS14750	7.2876	6.9777	6.7331	5.9829	6.8802	7.239	7.5508	7.6532
MM_RS14755	4.2859	3.6974	4.7145	4.5929	4.3955	3.9715	6.7085	4.8874
MM_RS14760	7.0532	7.8659	7.5131	6.9023	7.0596	7.8163	7.0815	8.1449
MM_RS14765	6.7732	6.645	6.0308	5.373	6.7187	6.3163	6.3131	5.7946
MM_RS14770	5.6214	6.4572	6.3389	5.7808	5.4235	5.3049	5.0534	5.7219
MM_RS14775	6.8727	6.5305	5.6924	5.399	4.5954	3.8269	4.2986	3.5624
MM_RS14780	6.5865	6.9243	7.3003	7.9285	4.9272	5.7657	5.485	4.9524
MM_RS14785	5.477	5.381	6.5812	5.5455	5.5248	5.5537	5.7144	6.5283
MM_RS14790	8.0948	7.6222	6.6699	6.3583	9.4277	9.2218	7.9387	7.6629
MM_RS14795	4.3427	5.4456	5.9085	4.2935	5.6194	4.8634	4.2986	4.1128
MM_RS14800	5.372	6.3054	8.305	6.0168	6.2714	6.5632	6.4782	6.7454
MM_RS14805	5.892	6.6614	4.6721	5.399	5.3145	6.6297	3.5752	4.3246
MM_RS14810	5.6214	6.3533	4.0315	3.5908	5.3145	6.1144	3.0006	3.5624
MM_RS14815	6.7629	6.9197	7.3715	6.4355	7.3628	7.3083	7.1019	6.5908
MM_RS14820	5.551	4.9169	5.1448	5.5221	4.3955	5.132	5.355	5.4342
MM_RS14825	4.2859	4.3678	4.8727	5.6786	5.1966	4.623	6.4782	6.1942
MM_RS14830	3.9619	4.6132	3.0527	4.4999	6.2714	7.5677	5.5459	6.8169
MM_RS14835	5.5983	6.4759	5.6494	5.0517	5.0682	5.5072	5.5459	5.0147
MM_RS14840	5.6441	8.3007	4.5833	4.9144	3.8854	6.0831	5.1349	3.5624
MM_RS14845	5.1986	6.3398	5.1754	5.5455	5.9459	5.9154	5.6043	3.5624
MM_RS14855	6.5509	6.7612	6.5755	8.147	5.0682	6.4934	5.7144	5.0147
MM_RS14860	5.0362	3.5628	5.7546	2.5638	4.3955	2.7316	3.3172	2.9374
MM_RS14865	6.0364	5.6013	5.6603	5.2922	5.7919	5.4096	4.6713	6.2208
MM_RS14870	4.7309	4.2566	4.6504	5.6996	4.1631	4.2231	3.0006	5.9297
MM_RS14880	8.7547	9.0648	9.6847	10.5444	8.4327	8.6199	8.8912	7.6918
MM_RS14885	2.1426	1.9788	1.81	1.8029	2.3905	3.4842	0.262	1.735
MM_RS14890	7.7883	7.88	6.159	6.8932	7.3352	7.6232	6.4467	6.6702
MM_RS14895	6.1832	5.9069	4.9096	5.1157	5.8709	5.6423	5.1349	6.1395
MM_RS14900	6.1198	6.3866	5.2779	5.4244	5.6194	5.3049	4.875	4.8193
MM_RS14905	4.3427	5.5899	5.7946	5.2067	3.0819	3.4842	4.4339	3.5624
MM_RS14910	5.372	4.8986	5.1448	5.177	5.6194	5.8794	5.485	5.3402
MM_RS14915	5.7734	5.7105	5.2202	4.8779	6.085	6.0511	5.5459	6.0234
MM_RS14925	4.45	6.1512	5.2919	7.4407	3.0819	3.0302	3.5752	3.3833
MM_RS14930	7.1114	8.0413	6.2116	6.0168	7.2192	8.725	7.5056	7.3011
MM_RS14935	5.984	5.5899	4.9808	5.0517	6.4874	6.445	6.9749	6.4405
MM_RS14940	6.5143	6.3533	5.9622	6.544	6.4874	6.7541	7.0815	6.6702
MM_RS14945	7.8433	8.0906	7.768	8.4832	7.3628	7.6448	7.7448	7.4546
MM_RS14955	3.3313	2.8397	2.4739	1.3762	4.5954	3.0302	3.3172	2.6452
MM_RS14960	3.725	4.3133	4.3063	2.9004	4.5954	4.7877	3.3172	4.1128
MM_RS14965	5.6885	5.0888	5.9445	4.6803	5.5248	4.533	3.7933	4.6726
MM_RS14970	4.3974	3.8204	3.5086	3.1703	5.5248	5.132	4.967	4.1128
MM_RS14975	5.7939	6.2772	4.7353	4.9499	5.7919	5.6423	4.4339	5.1866
MM_RS14980	7.2658	6.7864	5.2202	5.373	7.1575	7.0415	3.5752	5.6454
MM_RS14985	8.8407	8.8382	8.025	7.7436	9.4342	9.2885	8.549	8.8026
MM_RS14990	9.8759	10.3644	11.0017	8.2069	9.0316	9.0135	8.9875	6.485
MM_RS14995	5.372	5.3543	6.2337	5.7407	4.7709	5.8794	5.355	5.9297
MM_RS15000	4.3427	4.4459	6.3184	5.9829	4.7709	3.9715	3.5752	5.0147
MM_RS15010	6.9013	7.3892	8.3033	9.19	5.9459	6.1144	6.7349	7.3011
MM_RS15015	6.5509	7.1886	6.8034	7.3834	6.4874	6.6297	7.309	7.6434
MM_RS15020	4.9291	5.3408	4.9981	4.0523	5.0682	5.4592	4.4339	3.1781
MM_RS15025	5.7102	5.6786	5.032	5.4244	4.1631	4.7077	3.0006	3.5624
MM_RS15030	5.0014	4.8226	5.3059	5.0517	3.5401	3.4842	5.6043	3.7212
MM_RS15040	5.1675	5.6786	3.6475	3.1703	0.262	2.3474	1.9869	3.1781
MM_RS15045	7.0276	6.5246	5.4756	6.0982	8.1923	7.9867	8.016	6.885
MM_RS15050	10.2864	10.0667	9.0394	9.8607	9.9485	10.0471	7.869	7.8364
MM_RS15065	4.2859	4.6132	4.5833	3.7618	4.3955	3.6659	2.5888	5.3402
MM_RS15080	0.262	3.6974	3.2991	0.262	0.262	0.262	0.262	0.262
MM_RS15085	6.8533	6.645	5.8901	5.6786	8.1454	7.3083	6.7349	7.4546
MM_RS15090	4.2267	5.1676	4.464	4.2369	5.3145	5.4096	5.1349	5.4342
MM_RS15095	8.7442	7.8893	5.4127	5.8004	7.0596	6.9918	4.7768	4.4199
MM_RS15100	7.7044	7.7402	6.8132	7.2258	7.636	7.2247	6.907	6.885
MM_RS15105	9.2747	9.3852	9.7019	10.2962	8.0122	8.8039	8.7368	8.2712
MM_RS15110	8.1474	8.7679	8.1167	7.9285	8.393	7.7778	8.2533	7.8619
MM_RS15115	7.773	8.3352	7.2864	8.2324	7.3352	7.6554	7.4106	7.157
MM_RS15120	3.6364	4.3678	3.9975	3.5908	4.1631	4.7077	4.2986	4.5091
MM_RS15125	4.8135	5.7923	5.524	4.6372	6.4874	5.5072	4.6713	5.5646
MM_RS15130	6.71	6.4127	6.8798	7.7436	6.3834	5.6423	6.2776	6.3709
MM_RS15140	8.4477	8.9426	7.8604	7.6973	7.7657	8.1314	7.1997	7.3501
MM_RS15145	5.9295	5.9521	4.4133	4.7626	6.2714	5.8046	5.7665	5.6056
MM_RS15150	8.4347	9.6328	6.7279	6.2767	5.7082	6.175	6.3477	3.1781
MM_RS15155	6.742	7.6635	5.8527	6.9902	5.8709	6.4202	5.6604	5.1315
MM_RS15160	6.7732	7.2871	7.5011	8.0884	5.6194	5.5986	4.967	5.5646
MM_RS15165	5.0014	4.6793	3.0527	3.4968	6.5844	6.8125	5.7144	5.4342
MM_RS15170	8.0402	8.1976	7.653	7.7687	8.952	7.8995	8.188	7.7293
MM_RS15175	5.2879	5.3677	4.6721	4.6372	6.2119	5.5072	6.2041	5.5646
MM_RS15180	8.5293	8.9459	7.1771	7.7436	7.2783	7.0577	6.5091	5.9297
MM_RS15185	4.1649	4.4711	6.3253	5.7808	4.7709	5.6423	6.3477	6.247
MM_RS15190	3.5418	4.2566	4.8913	4.4999	3.8854	5.004	6.1265	5.9616
MM_RS15210	9.2728	9.1419	8.1803	10.6076	9.2762	9.0942	8.5638	8.4892
MM_RS15215	6.8038	6.1356	4.9981	4.6372	7.9947	8.1691	6.6264	7.2111
MM_RS15225	6.6992	7.1348	8.2195	7.2895	7.2783	7.8446	8.0373	7.8704
MM_RS15230	6.8038	7.3322	6.3116	7.3638	7.1256	7.51	7.1418	6.6893
MM_RS15235	5.399	5.8022	3.8524	4.1165	3.8854	5.2495	0.262	3.9939
MM_RS15240	5.7734	6.1512	6.5582	6.8563	5.5248	6.3949	6.4782	6.347
MM_RS15245	5.6441	5.0393	5.8045	5.6136	5.6194	3.8269	5.8653	4.7478
MM_RS15250	5.5749	5.8412	4.2205	4.8405	4.1631	5.004	4.4339	2.9374
MM_RS15255	8.6351	8.3335	8.5642	8.9698	8.2818	8.4463	7.6648	8.1026
MM_RS15260	5.7734	5.8977	5.4127	5.9126	6.2119	5.7657	5.8653	6.247
MM_RS15265	7.0362	6.4446	6.0721	5.7808	7.6805	6.9049	4.875	6.0533
MM_RS15270	5.5268	5.3271	5.3333	5.5913	5.7082	5.5986	5.485	5.8637
MM_RS15275	9.0465	9.2178	7.2181	10.7962	10.4639	11.0424	9.2245	10.524
MM_RS15280	7.9701	8.0723	7.0793	7.7835	5.7919	7.181	6.8357	6.0826
MM_RS15285	8.0741	8.1146	6.405	6.5087	8.3796	8.8371	7.7705	7.6629
MM_RS15290	4.6432	4.8986	5.1602	4.3479	3.5401	5.132	3.0006	4.7478
MM_RS15295	3.725	3.5149	4.3063	3.5908	2.3905	2.7316	3.7933	3.3833
MM_RS15300	4.9657	5.1828	6.5347	4.451	5.4235	4.8634	6.1265	5.6056
MM_RS15305	5.6885	4.842	3.6909	4.4999	6.2119	5.8046	6.8836	5.7946
MM_RS15310	6.1359	6.4635	5.8336	6.9293	5.1966	4.8634	5.1349	4.5091
MM_RS15315	8.3715	8.2291	8.9122	9.5203	8.5574	8.1617	9.42	9.6816
MM_RS15320	7.8086	8.6385	8.6594	9.223	11.5128	11.5929	11.0177	11.0299
MM_RS15325	9.2453	8.9758	8.732	8.7253	10.277	9.8239	10.0849	9.4651
MM_RS15330	9.4764	9.6684	9.1515	7.9506	8.8288	9.2678	8.7754	8.5163
MM_RS15335	8.4084	8.6092	7.9996	7.1206	8.2227	7.7581	7.1019	6.0533
MM_RS15340	6.7732	7.3793	6.9786	7.9938	6.4364	7.2247	5.9122	7.0719
MM_RS15345	5.5021	7.4597	7.851	6.1602	5.0682	5.3582	5.8167	5.2397
MM_RS15350	8.2361	8.5295	7.6448	8.4086	6.3285	6.7739	6.5979	7.157
MM_RS15355	9.6851	9.1044	8.8671	9.2624	10.2625	9.9463	9.3407	9.7171
MM_RS15360	9.0508	8.6021	7.3142	7.7637	9.7061	9.8168	8.6285	8.7211
MM_RS15365	6.6212	6.4635	6.4806	6.6771	9.46	7.7875	8.926	9.7171
MM_RS15375	7.3785	7.2586	5.3333	5.7808	7.5182	7.0415	6.8112	6.2978
MM_RS15380	8.2911	8.4245	7.0423	7.1284	8.9059	9.2816	7.9612	8.1026
MM_RS15400	4.7309	4.7831	7.1192	5.5686	4.7709	6.0511	5.6604	4.8193
MM_RS15405	7.9291	7.7632	8.8718	10.3227	7.3352	8.6839	8.5638	9.6623
MM_RS15415	4.7309	4.8799	5.9622	5.399	6.3285	5.3582	5.7665	5.2908
MM_RS15420	7.3717	6.8403	6.2409	7.1049	7.6805	7.7778	7.1019	7.9441
MM_RS15425	6.8138	6.6395	5.1602	5.2643	7.2491	7.3351	6.4144	6.247
MM_RS15435	8.9811	8.8668	10.0918	10.7313	8.9879	9.8286	9.9592	9.7653
MM_RS15440	7.2212	6.995	7.7478	7.8366	8.6273	9.0824	9.5219	10.0604
MM_RS15450	6.4514	5.8602	6.0721	4.4999	7.3899	7.0577	3.7933	5.4342
MM_RS15455	7.858	7.9237	7.5833	8.6544	7.5182	7.6974	7.2186	7.3858
MM_RS15460	7.1516	7.9078	7.4267	6.7495	6.3285	6.5403	5.5459	5.6056
MM_RS15465	6.0535	6.03	5.5938	5.6572	5.6194	4.2231	4.7768	4.1128
MM_RS15470	5.551	5.5075	4.8727	4.7626	4.7709	4.9354	3.7933	4.7478
MM_RS15475	5.814	5.4707	7.1846	7.5547	5.7919	5.5986	8.4491	7.952
MM_RS15485	5.0362	5.0054	7.2181	7.7181	5.3145	5.5986	7.1418	7.3258
MM_RS15490	5.9295	5.7723	6.8844	7.2615	6.1498	6.0183	6.8112	7.157
MM_RS15500	7.5202	7.3492	7.9068	8.9124	7.4682	7.7281	8.425	8.2193
MM_RS15505	4.7728	4.803	4.606	3.7618	4.1631	4.4369	2.5888	4.4199
MM_RS15510	3.5418	4.1976	3.8901	1.8029	5.0682	3.9715	3.0006	2.9374
MM_RS15515	4.8916	4.7007	5.0487	3.7618	4.1631	3.6659	3.5752	2.9374
MM_RS15520	6.7937	7.2074	8.1028	6.2906	5.6194	5.5986	6.8357	5.9929
MM_RS15525	4.3974	7.4152	5.8621	5.6786	4.3955	7.2531	5.5459	4.3246
MM_RS15540	6.5266	6.2914	5.4878	4.9499	7.5182	7.4377	5.9577	6.5283
MM_RS15550	6.9748	6.9601	5.703	6.345	7.0255	6.4694	5.8653	4.5932
MM_RS15555	5.7527	5.9785	4.7353	4.1165	3.0819	4.2231	2.5888	4.5932
MM_RS15560	7.7626	7.7247	7.1426	6.0335	6.3834	6.3163	3.9823	5.6454
MM_RS15565	6.1198	5.6893	5.9085	6.0335	4.5954	4.7877	5.9122	4.5932
MM_RS15570	2.7814	2.479	1.3816	1.3762	0.262	0.262	0.262	1.735
MM_RS15575	4.8916	5.2853	5.9085	5.8004	4.1631	4.2231	3.3172	4.2227
MM_RS15580	6.4384	6.6669	7.0172	6.1295	5.8709	7.0251	7.4589	7.0274
MM_RS15585	7.7364	7.8349	7.851	7.2756	7.0255	6.8687	6.8599	6.5068
MM_RS15590	5.7939	6.6614	6.7936	6.0499	5.8709	6.145	7.0608	6.5494
MM_RS15595	5.8339	5.4707	4.3338	3.1703	5.7919	5.3049	5.1349	5.5646
MM_RS15610	7.7626	7.9988	6.9568	7.2545	7.977	8.5979	7.7187	7.7568
MM_RS15615	7.7934	8.0682	6.9916	7.6223	7.59	8.1083	7.309	7.7927
MM_RS15620	7.8335	6.9243	7.6311	7.5373	7.1256	7.1207	8.1493	8.0517
MM_RS15625	6.1035	6.9106	5.3735	5.9305	3.8854	4.1028	3.3172	4.1128
MM_RS15630	3.4405	3.2476	3.2991	3.1703	0.262	0.262	3.0006	1.735
MM_RS15640	5.1358	5.6126	8.0397	6.7695	3.5401	4.2231	6.8112	6.4629
MM_RS15645	6.8727	6.8594	7.3549	8.0521	9.7007	9.1329	8.6214	9.3613
MM_RS15650	3.9619	3.8591	3.1185	3.6789	4.1631	4.623	4.1492	4.7478
MM_RS15655	5.3165	4.5904	4.3338	4.4004	5.3145	4.7077	4.5575	4.8874
MM_RS15660	5.0014	5.7723	5.5938	5.2922	5.0682	4.9354	4.875	4.8193
MM_RS15665	8.5743	8.8466	9.0945	9.5233	7.7023	8.116	8.0267	8.1656
MM_RS15670	5.6441	5.2853	4.0315	3.985	5.7919	5.132	4.5575	4.9524
MM_RS15675	6.92	7.3356	6.8611	7.6495	11.2629	11.8728	10.629	11.0844
MM_RS15680	6.3855	6.5774	7.0671	6.9731	6.6753	6.2615	7.6089	7.6726
MM_RS15685	7.5506	7.3288	7.2473	8.1622	7.7238	7.4863	8.457	8.6977
MM_RS15690	7.1114	6.8594	8.8219	9.1862	7.4682	7.0577	9.2971	10.086
MM_RS15695	6.7314	6.1969	8.1879	9.0332	7.1256	6.5632	9.9676	9.8315
MM_RS15700	5.5749	5.6013	7.9606	9.2374	6.1498	5.9506	8.016	8.949
MM_RS15705	7.0701	7.8683	7.653	8.1431	8.3385	8.3509	9.499	8.6199
MM_RS15710	8.5831	8.5531	7.8838	8.268	8.6273	8.5241	8.2624	8.0142
MM_RS15715	7.7152	8.3454	8.5657	9.707	7.9408	8.0118	8.7498	8.949
MM_RS15720	9.0529	8.8609	8.1879	8.9102	9.074	9.2678	7.9043	9.2036
MM_RS15725	7.2363	7.2148	7.6557	8.6785	7.7657	7.3351	7.6231	8.4782
MM_RS15730	7.2876	7.3859	7.8076	8.619	7.4165	7.1958	7.9943	7.8103
MM_RS15735	8.0573	7.6333	9.0995	9.1196	8.3796	8.2837	10.0032	9.5062
MM_RS15740	11.1161	11.3818	10.9105	11.1066	10.3954	11.024	10.4235	11.3958
MM_RS15745	10.3194	10.6191	12.971	14.167	10.024	10.1898	11.7898	12.3114
MM_RS15750	7.2212	7.123	7.7064	7.8648	7.093	7.181	7.1997	7.4769
MM_RS15755	4.8531	4.9351	5.3059	4.7626	4.9272	6.175	3.7933	6.0234
MM_RS15760	5.7734	5.7723	6.2264	5.2358	5.7082	4.533	5.9577	5.8637
MM_RS15765	6.0364	6.3192	6.0054	6.1753	6.085	6.0183	5.1349	5.7587
MM_RS15770	5.7939	5.752	5.1905	5.1466	5.4235	5.9506	4.2986	5.0147
MM_RS15780	4.9291	3.9693	4.0973	4.6372	4.3955	5.132	2.5888	3.5624
MM_RS15785	7.2137	7.5239	5.8621	6.1753	6.9179	6.7933	6.2776	5.8637
MM_RS15790	6.7314	5.752	5.8715	6.2196	6.9905	6.7739	7.9159	7.1707
MM_RS15795	2.3918	3.414	3.8901	2.7425	5.3145	4.4369	4.6713	5.1315
MM_RS15800	5.551	5.1676	6.128	4.1165	0.262	5.3049	5.8653	5.7946
MM_RS15805	7.5325	9.1262	7.7805	7.5255	8.9429	9.1443	9.3788	10.0363
MM_RS15810	5.399	5.056	5.0487	4.7626	6.4874	5.8046	6.2776	6.4405
MM_RS15815	2.9407	2.3711	4.4886	3.0419	0.262	2.3474	1.9869	2.6452
MM_RS15820	6.502	6.3533	8.9679	8.6245	7.3071	7.3083	8.9875	8.7534
MM_RS15825	7.1907	6.0797	9.8475	8.525	6.9905	6.4694	8.5341	8.2193
MM_RS15830	6.8337	5.9609	9.1601	8.2715	6.7187	6.4934	8.2441	8.4105
MM_RS15835	6.1832	5.1979	8.2894	7.7982	7.2783	7.0737	8.6836	9.1732
MM_RS15840	7.3717	6.5424	9.1389	9.1039	8.7263	8.1083	10.1863	10.2691
MM_RS15845	5.9295	5.2853	4.5833	4.5929	5.1966	4.623	5.9122	5.4342
MM_RS15855	5.8729	6.0045	4.6935	4.9144	6.0171	5.9848	5.8167	6.1395
MM_RS15870	3.6364	3.8204	3.733	3.0419	4.3955	3.2755	0.262	2.2706
MM_RS15875	4.9291	4.842	5.4507	4.2369	5.5248	5.5986	5.485	6.1113
MM_RS15880	4.7309	4.6793	5.4255	4.1779	5.3145	5.004	5.1349	5.3402
MM_RS15885	2.3918	3.5149	3.8137	1.8029	2.3905	3.6659	4.1492	3.3833
MM_RS15895	7.2876	7.594	7.735	8.7176	7.2192	7.2247	7.3265	6.95
MM_RS15900	4.8531	4.5904	5.1754	5.8197	5.3145	5.6423	4.6713	5.0147
MM_RS15905	7.8773	8.1577	7.9204	9.4414	6.9179	6.6078	6.907	6.4405
MM_RS15910	7.3442	7.28	5.9085	6.5556	6.7608	7.1662	6.6816	6.885
MM_RS15920	4.0328	4.3133	4.3338	3.9144	4.1631	3.4842	4.5575	4.2227
MM_RS15935	4.3427	4.6132	5.032	5.1466	5.6194	6.3949	5.6043	6.0533
MM_RS15940	5.9295	6.2772	5.4632	5.5913	8.2525	8.2059	6.93	8.1994
MM_RS15945	4.6877	5.0054	5.2055	6.601	3.5401	5.3582	5.2121	5.7587
MM_RS15950	5.8729	5.721	6.3789	6.645	5.5248	6.0183	4.6713	5.5646
MM_RS15955	7.4575	7.8179	6.6483	6.6665	7.959	9.0704	7.845	8.6882
MM_RS15960	4.8531	4.5904	5.1292	4.9847	5.8709	5.7257	6.1265	6.0234
MM_RS15965	5.0014	4.8986	4.3063	4.2935	3.0819	4.2231	1.9869	2.2706
MM_RS15970	3.5418	1.3845	1.9746	1.3762	4.3955	3.0302	3.5752	2.2706
MM_RS15975	3.4405	3.1874	2.7526	1.8029	2.3905	3.0302	3.5752	3.9939
MM_RS15980	5.4255	5.4953	5.5938	5.8388	5.7082	6.5403	6.0446	6.1395
MM_RS15985	4.8916	5.4831	4.3873	4.4004	5.0682	5.3582	3.0006	4.2227
MM_RS15990	5.8536	6.5005	5.9175	4.7626	6.085	6.0831	5.8653	4.9524
MM_RS15995	8.5323	8.4372	9.636	9.092	8.3385	8.5756	8.971	8.6593
MM_RS16000	5.7102	5.0725	6.9074	7.3033	4.9272	4.7877	6.2413	6.1395
MM_RS16005	7.3373	7.3892	6.0054	7.065	6.2119	6.8125	5.8653	5.388
MM_RS16010	6.2139	6.8013	5.8621	5.8388	8.6721	8.3042	6.7607	7.8535
MM_RS16015	8.1905	8.3505	7.2899	7.6387	10.0832	9.2001	9.4757	9.2002
MM_RS16020	7.8086	7.677	7.8815	7.9418	5.7919	6.7933	5.4215	6.0826
MM_RS16025	6.4895	6.2267	4.7759	4.7626	6.9547	6.8125	6.1265	6.0234
MM_RS16030	5.4255	5.5668	5.6924	5.4741	4.9272	5.0694	5.0534	5.479
MM_RS16040	8.1474	8.809	7.3279	8.6837	6.8415	7.3083	6.0446	6.3945
MM_RS16045	4.8531	5.7923	4.0648	3.5908	4.5954	4.4369	4.2986	4.1128
MM_RS16050	6.92	6.7408	4.9808	5.7808	5.5248	6.343	5.1349	5.5646
MM_RS16055	7.9244	8.4764	7.9867	8.35	8.2818	8.377	8.9875	8.7715
MM_RS16060	4.7728	4.2566	4.2783	3.985	5.9459	5.1919	4.967	4.4199
MM_RS16070	5.1675	4.9881	4.9278	5.7407	0.262	3.0302	3.0006	3.3833
MM_RS16075	6.3583	6.5717	5.7748	5.084	6.9547	6.8125	6.2413	6.7082
MM_RS16080	5.1034	5.0225	5.6051	5.1157	5.9459	5.0694	6.0018	5.9929
MM_RS16090	11.7784	12.1815	6.7936	8.4588	9.3539	10.6854	6.7862	5.9297
MM_RS16095	6.6097	8.2582	4.5602	4.451	7.3899	7.9867	5.7665	5.6056
MM_RS16100	8.7042	8.9234	6.7019	6.9902	8.3104	8.4707	7.5655	6.5283
MM_RS16105	7.6881	7.3011	7.5805	6.7086	7.1256	7.666	7.122	6.934
MM_RS16110	8.1071	9.4854	5.4382	7.2826	11.7983	11.7599	9.6624	9.7194
MM_RS16115	8.2135	11.622	6.2264	7.2112	8.2076	10.2207	7.2554	6.9179
MM_RS16125	8.3578	8.9942	6.8705	7.3704	8.5693	8.6253	7.5056	7.2374
MM_RS16130	7.9968	7.6957	7.2255	7.7537	8.7886	8.9455	8.425	8.9688
MM_RS16135	7.1196	7.1696	6.7176	7.7486	6.6306	6.2615	6.5091	6.347
MM_RS16140	8.5772	8.2254	9.0226	9.343	9.5528	9.6045	9.6028	10.5918
MM_RS16145	5.0702	5.7622	5.703	5.084	4.9272	6.2044	5.9122	6.3709
MM_RS16150	6.3583	8.434	6.4243	7.4155	8.4712	9.7855	7.5208	8.4391
MM_RS16155	8.0907	10.4672	8.453	10.8722	5.9459	9.2432	7.4902	7.4091
MM_RS16160	5.814	7.0625	5.6494	5.9482	5.7919	7.0577	5.9577	6.5494
MM_RS16165	5.0702	5.3677	5.1135	4.6803	4.5954	4.8634	3.5752	4.2227
MM_RS16170	7.3162	7.5447	7.8439	7.2895	9.6229	8.9756	9.736	9.2036
MM_RS16175	10.1874	10.133	10.0645	9.4003	10.5802	10.3197	10.6551	9.8401
MM_RS16180	8.9404	8.7178	7.7604	8.9934	7.4426	7.9951	7.2186	6.9179
MM_RS16185	5.8729	6.263	6.7936	7.2185	5.9459	5.6846	7.2186	6.3945
MM_RS16190	6.6097	6.1894	6.0308	5.5686	7.3352	7.239	6.8112	6.7269
MM_RS16195	7.6826	6.6723	6.4867	5.2643	6.2119	6.6078	4.967	5.8296
MM_RS16200	6.8823	7.0625	7.4456	7.3834	6.9547	6.5171	6.93	6.7816
MM_RS16205	3.725	3.7806	3.733	3.5908	5.7082	5.9154	7.3265	7.4546
MM_RS16210	6.3305	6.3054	6.1043	6.2341	5.4235	5.4592	4.875	4.1128
MM_RS16215	7.1907	7.0748	4.5368	5.3466	4.7709	5.3049	0.262	3.7212
MM_RS16220	8.618	8.2383	10.2167	8.4649	8.8678	8.928	7.9043	8.6641
MM_RS16225	10.9346	9.6535	10.2629	9.2212	10.9145	9.9376	8.5638	8.5534
MM_RS16230	6.644	6.7148	5.0487	5.373	5.1966	5.5986	3.0006	4.5091
MM_RS16235	5.1034	6.2119	5.3468	4.2935	5.1966	6.145	5.355	5.479
MM_RS16240	6.6663	6.6284	8.4655	7.4958	5.5248	5.4592	6.0861	5.6842
MM_RS16245	6.1198	5.6126	5.6051	5.8388	5.1966	4.7877	5.4215	5.0147
MM_RS16250	7.1196	7.2871	6.7331	6.1902	5.3145	6.6297	4.967	4.6726
MM_RS16255	6.1198	6.03	5.5709	5.084	6.7187	6.7933	6.7607	6.7816
MM_RS16260	3.3313	1.8139	2.666	1.3762	0.262	2.3474	3.0006	2.6452
MM_RS16265	7.3511	6.8403	6.8083	5.8762	7.4934	7.136	6.3814	6.885
MM_RS16270	6.2139	4.842	6.6591	7.0323	4.9272	4.533	6.2041	6.6507
MM_RS16275	4.7309	4.8986	4.9096	4.7626	5.0682	4.334	4.6713	3.3833
MM_RS16280	4.5499	5.2276	6.437	5.373	2.3905	4.1028	3.7933	4.5091
MM_RS16285	6.1987	7.444	8.0017	6.4968	5.6194	6.8869	6.6816	6.9015
MM_RS16290	6.71	6.9512	6.6318	6.0662	7.5182	7.4622	7.5208	7.6918
MM_RS16295	3.8872	6.2701	5.4382	4.6803	4.5954	5.6423	5.2853	4.8874
MM_RS16300	5.1358	5.4707	6.3184	5.4244	5.0682	6.2332	5.485	5.7587
MM_RS16305	7.5506	7.1924	6.9523	7.0731	6.7187	6.1144	6.5091	6.631
MM_RS16310	5.0362	5.2129	6.4306	7.1891	6.4364	5.9506	6.3131	6.8169
MM_RS16315	6.0017	5.7923	7.1733	6.8749	5.4235	4.8634	6.93	6.631
MM_RS16320	6.7314	7.1811	4.2205	3.2878	5.7082	6.6512	5.4215	5.1315
MM_RS16325	6.244	5.9521	4.9457	4.451	4.1631	4.7077	4.1492	4.4199
MM_RS16330	9.4572	9.7866	8.5187	8.6382	9.1551	8.5756	7.3265	7.5521
MM_RS16335	6.7207	6.0215	5.1448	4.8021	7.3628	6.7138	6.5091	5.5646
MM_RS16340	8.589	8.2181	7.925	8.8621	8.4712	8.5357	8.7105	8.2127
MM_RS16350	5.1034	6.03	4.1906	4.6372	6.4364	4.533	5.1349	5.388
MM_RS16355	7.858	7.6797	7.4519	8.1922	7.4426	7.9867	7.4746	7.1151
MM_RS16360	1.3968	1.0655	1.0633	2.111	3.5401	3.0302	3.3172	2.2706
MM_RS16365	2.7814	3.6974	2.5734	3.4968	5.0682	4.7077	0.262	4.1128
MM_RS16370	6.9926	6.9864	6.2116	6.9203	5.0682	6.2892	5.355	5.7219
MM_RS16375	7.7205	7.5652	7.589	7.3834	6.9905	7.0577	7.1614	6.0533
MM_RS16380	7.2731	7.2871	6.9345	6.318	7.0596	7.0415	5.9577	5.7587
MM_RS16385	10.2945	9.993	9.4875	9.2799	9.347	9.4195	8.5416	8.6641
MM_RS16390	0.262	2.7581	1.3816	1.3762	2.3905	2.3474	0.262	2.9374
MM_RS16395	6.3022	6.6116	5.7134	5.399	5.7919	6.9403	4.4339	6.1113
MM_RS16405	3.8084	2.9166	2.9109	1.3762	3.8854	3.4842	3.5752	3.8641
MM_RS16410	3.4405	3.7806	2.666	3.1703	3.8854	4.334	3.0006	4.8193
MM_RS16415	6.1676	5.4707	5.032	5.2643	7.5182	7.8723	6.5689	7.6726
MM_RS16420	9.8565	9.3022	8.3907	9.2248	10.5171	9.7709	9.6416	9.2365
MM_RS16425	5.5983	5.5196	6.2042	5.0185	5.0682	5.1919	5.355	4.3246
MM_RS16430	3.5418	4.0383	3.6909	3.2878	2.3905	4.2231	2.5888	4.1128
MM_RS16440	0.262	4.842	4.6721	7.3238	0.262	0.262	0.262	5.6842
MM_RS16450	3.8084	4.1976	3.1185	2.111	3.5401	4.334	0.262	1.735
MM_RS16455	5.5749	6.1589	5.0152	4.6372	6.0171	5.9154	6.0861	5.8296
MM_RS16465	3.9619	4.4459	4.5368	3.8402	4.3955	3.2755	4.7768	3.7212
MM_RS16470	8.6036	8.7437	8.3924	9.1694	9.0823	9.4658	7.8926	8.8026
MM_RS16475	8.0273	7.6878	8.0397	6.8749	10.5948	8.928	0.262	10.6577
MM_RS16485	7.9383	8.0599	7.2934	7.5078	9.1472	10.1183	8.5638	9.1248
MM_RS16490	5.7939	5.6013	5.4632	5.6356	5.5248	5.5986	6.3131	5.7587
MM_RS16495	4.1649	4.3678	4.3608	3.4968	6.5368	6.5171	7.0185	7.2759
MM_RS16500	5.1034	5.1979	5.3059	4.1779	5.6194	6.145	5.7665	5.8971
MM_RS16505	5.1358	5.3271	6.0054	4.8021	5.1966	5.3049	3.5752	4.7478
MM_RS16510	7.0868	7.2586	6.7382	7.0891	6.2714	6.1144	6.1265	4.8874
MM_RS16515	4.5499	4.3133	3.9268	3.5908	5.7919	6.1144	5.485	6.247
MM_RS16520	7.9835	8.1106	6.7019	7.2545	8.4838	8.3705	7.7187	7.7012
MM_RS16525	14.5137	15.128	10.1368	10.0027	13.1194	13.6435	10.3358	10.6443
MM_RS16530	7.1674	7.2941	8.7938	7.7637	6.3834	6.7739	7.0398	6.1395
MM_RS16535	7.5264	7.6554	9.3091	9.5452	7.8065	7.8995	8.2349	7.8619
MM_RS16540	5.477	4.7831	7.0256	6.3316	4.9272	5.0694	6.8357	6.0234
MM_RS16545	7.4511	7.1581	9.1095	9.004	7.0596	7.0085	8.0052	8.0065
MM_RS16550	7.3649	7.2259	9.7176	10.1926	6.5368	6.7739	7.7054	8.1994
MM_RS16560	8.3613	9.0862	8.2611	8.4893	7.4934	8.0926	7.1418	7.5934
MM_RS16565	3.9619	4.0043	3.8524	4.2369	5.4235	5.5986	5.5459	4.4199
MM_RS16570	9.1433	8.9856	7.5776	9.0061	8.9701	9.1519	7.6231	7.6726
MM_RS16575	12.5503	11.5362	12.8941	12.9168	10.4251	11.2644	10.3551	9.0489
MM_RS16580	7.2437	6.3932	7.0671	6.2906	6.2119	6.3163	7.1019	6.5494
MM_RS16585	7.0868	7.9529	8.4118	8.1622	6.5844	7.281	7.692	7.1151
MM_RS16590	4.3427	4.4459	5.5359	5.4244	4.3955	5.2495	5.4215	5.7219
MM_RS16595	2.3918	2.5787	2.2487	2.3572	2.3905	2.7316	3.7933	2.6452
MM_RS16600	4.5973	5.6238	5.9969	4.9847	4.9272	5.004	5.6043	5.0743
MM_RS16605	8.0445	8.1225	10.1987	9.9522	8.9245	8.6199	10.1815	10.0456
MM_RS16610	7.1907	8.0926	9.5429	8.4893	7.1256	8.1766	9.3059	9.5062
MM_RS16625	4.2859	3.4654	2.2487	1.3762	0.262	2.3474	3.0006	0.262
MM_RS16630	9.2728	9.7614	9.0446	9.9739	9.7433	10.0712	8.8795	9.7877
MM_RS16635	5.372	5.9251	5.8527	5.5221	4.9272	4.4369	5.0534	4.6726
MM_RS16640	1.3968	1.8139	1.6174	1.8029	0.262	1.7952	0.262	0.262
MM_RS16645	5.9479	5.1828	4.7958	5.084	4.1631	4.9354	4.4339	3.7212
MM_RS16650	6.6883	6.3466	7.4612	7.2756	6.8802	7.2671	7.6511	8.2127
MM_RS16655	4.3427	4.7629	3.6027	4.6803	3.5401	4.1028	3.7933	2.6452
MM_RS16660	4.1649	3.5149	4.2783	4.4004	2.3905	3.6659	2.5888	3.8641
MM_RS16665	6.5143	5.916	6.9612	7.7129	6.4364	5.3049	5.6604	6.7082
MM_RS16670	3.3313	4.3133	4.1602	3.9144	0.262	3.2755	4.2986	4.2227
MM_RS16675	7.6324	7.7063	8.755	8.7781	7.1256	7.239	8.1688	7.8191
MM_RS16680	4.5008	5.2568	4.8727	4.4004	3.0819	4.7077	4.6713	4.8874
MM_RS16685	2.7814	3.1874	5.6603	5.084	5.9459	4.7877	5.6604	5.4342
MM_RS16695	9.9755	10.5761	7.1465	7.0072	9.479	9.6399	4.2986	5.7219
MM_RS16700	7.4703	7.9418	8.1935	9.8407	6.4364	7.579	6.7607	7.4091
MM_RS16705	5.399	5.4072	4.3608	3.8402	4.1631	4.8634	4.4339	2.9374
MM_RS16715	3.9619	4.2852	2.9836	2.3572	3.0819	1.7952	2.5888	1.735
MM_RS16720	4.8916	5.8315	6.0802	5.4983	5.6194	6.1144	7.3437	6.5908
MM_RS16725	4.6432	4.5904	4.1291	3.0419	5.7082	5.132	5.0534	5.0147
MM_RS16730	3.8872	3.6974	3.733	3.1703	4.5954	3.6659	4.2986	3.5624
MM_RS16735	6.6326	6.5659	5.524	5.1157	6.9547	7.181	6.5393	6.9015
MM_RS16740	4.9657	5.1208	5.1754	5.8945	6.5368	6.6512	6.7349	7.5096
MM_RS16745	5.9295	5.5315	6.7123	6.7189	4.1631	4.334	4.4339	5.2397
MM_RS16750	5.3445	5.4953	4.1602	3.4968	4.3955	3.2755	5.2121	2.9374
MM_RS16760	5.372	5.9609	5.3468	4.3479	6.3834	6.2615	4.7768	5.388
MM_RS16765	3.725	3.4654	3.2991	3.3962	6.2714	6.145	4.5575	4.7478
MM_RS16770	5.3165	5.3543	3.8137	3.3962	4.3955	4.9354	5.2853	4.8874
MM_RS16775	3.4405	3.1245	3.3545	2.5638	3.5401	3.0302	0.262	1.735
MM_RS16790	8.3681	8.6807	9.8943	8.557	8.9245	9.3522	9.0881	8.6544
MM_RS16795	7.7312	7.7758	9.0995	8.6517	8.393	8.5414	9.1869	8.4047
MM_RS16800	6.8918	7.4408	7.0465	6.145	6.3834	6.7739	6.1658	6.0234
MM_RS16810	6.5628	6.8209	7.9867	8.2467	5.5248	6.4934	7.8571	8.8158
MM_RS16815	6.5388	6.03	7.6906	7.1816	4.9272	4.8634	4.1492	5.5224
MM_RS16830	4.5008	4.1976	4.9981	4.1165	5.1966	4.2231	3.5752	4.6726
MM_RS16835	5.0362	5.2711	4.1291	4.2935	4.9272	3.4842	3.0006	3.5624
MM_RS16840	4.9291	5.1676	4.9096	4.9499	4.5954	5.2495	3.5752	5.4342
MM_RS16845	3.3313	3.1245	2.2487	0.262	3.5401	2.3474	0.262	3.3833
MM_RS16850	3.4405	3.5628	1.6174	2.5638	2.3905	3.2755	0.262	2.2706
MM_RS16855	7.6935	8.3267	8.2575	7.7687	9.7222	10.2823	8.993	10.1906
MM_RS16860	8.0273	8.9017	8.0334	8.0232	8.581	8.0689	8.4649	8.8922
MM_RS16865	0.262	4.4957	4.6721	7.3305	0.262	4.9354	0.262	5.6842
MM_RS16875	5.477	5.3133	6.5229	5.2922	6.0171	5.9848	6.8357	6.8513
MM_RS16880	6.087	5.4201	6.0224	5.1466	6.085	5.5072	4.875	5.8971
MM_RS16885	4.5499	3.4654	5.2202	4.4004	3.8854	3.2755	3.5752	4.5091
MM_RS16890	5.6214	5.6349	4.2783	4.9499	4.1631	4.1028	0.262	4.2227
MM_RS16895	2.9407	3.1874	1.9746	0.262	0.262	0.262	0.262	2.2706
MM_RS16900	2.6008	3.654	2.3662	2.111	0.262	0.262	1.9869	1.735
MM_RS16905	5.9479	5.6126	4.9634	4.6803	5.4235	5.8794	5.5459	6.485
MM_RS16910	5.0702	4.9351	4.464	4.6372	5.1966	5.5986	4.7768	5.6056
MM_RS16915	7.9611	8.8334	7.5191	8.9237	7.2192	7.3744	6.3477	7.1292
MM_RS16920	6.1987	6.0384	4.9457	5.084	6.8415	7.2103	4.875	5.8971
MM_RS16925	4.7309	4.8226	5.5476	5.5455	5.6194	5.132	5.9577	6.1671
MM_RS16930	5.1358	5.381	5.4878	4.722	6.085	6.4694	5.8653	6.4405
MM_RS16935	6.0017	5.5315	5.9622	5.2922	6.8017	5.8794	6.6264	5.6454
MM_RS16940	4.7728	5.1676	3.2415	3.1703	8.6159	8.5124	6.4467	7.3011
MM_RS16945	5.0362	4.4711	3.7739	3.9144	5.8709	5.132	3.0006	4.3246
MM_RS16950	7.0102	7.873	7.5805	7.3238	6.5844	6.8869	6.0861	6.1395
MM_RS16955	5.2879	6.6669	5.9085	5.9126	5.7082	5.6423	4.967	5.6056
MM_RS16960	7.8335	7.4471	7.9406	8.3566	6.7187	6.2615	5.8653	6.2726
MM_RS16975	8.0317	8.0517	6.8983	7.5431	7.9947	8.1691	7.3942	7.3011
MM_RS16980	5.1358	5.7314	4.5368	3.0419	6.6753	6.2332	3.0006	5.479
MM_RS16990	7.9151	8.0599	8.5409	8.1773	7.1886	6.8869	8.8735	7.5521
MM_RS16995	6.9658	6.8354	6.9873	6.5898	6.2714	6.5403	7.7705	7.4769
MM_RS17000	5.7102	5.8315	6.6646	6.5087	6.5368	6.3163	7.8206	7.5203
MM_RS17010	7.6771	8.2671	7.9737	7.4092	7.7863	8.0609	7.8329	7.9678
MM_RS17015	7.8086	7.5149	7.0547	7.4219	7.6132	7.8353	7.8083	7.2374
MM_RS17020	6.4642	6.0384	5.9085	5.8576	7.7449	7.666	7.6372	7.8277
MM_RS17025	5.372	6.2984	5.8993	6.5785	4.1631	4.2231	4.7768	4.4199
MM_RS17030	7.7098	7.5119	8.3727	7.5776	7.7657	7.9611	8.2349	8.0293
MM_RS17035	7.6493	7.7958	6.6428	6.7794	7.4165	7.4863	6.7085	6.4629
MM_RS17045	4.9291	5.0393	5.6051	4.9499	5.1966	5.8046	6.0446	5.8296
MM_RS17050	7.2137	7.1696	6.359	5.6996	7.2192	6.4694	6.6264	6.347
MM_RS17055	4.9291	5.4201	4.9096	4.8021	4.7709	5.2495	5.0534	4.5932
MM_RS17060	8.9266	8.773	8.6553	8.9611	7.959	7.8446	8.549	8.1724
MM_RS17065	6.9293	6.5305	6.9256	6.2341	8.8387	7.666	9.617	8.4391
MM_RS17070	8.715	8.9426	6.9916	7.7181	6.9547	7.6766	6.3814	6.485
MM_RS17075	4.45	4.803	4.0648	3.7618	6.3834	5.0694	4.875	5.388
MM_RS17085	8.2286	8.2032	8.7987	9.0861	8.0969	8.4152	8.8436	8.1098
MM_RS17090	6.8238	6.699	8.0017	7.8031	6.9547	7.3218	7.1807	7.7293
MM_RS17095	5.966	5.8977	6.8611	6.1753	6.4874	6.9227	6.5689	7.2632
MM_RS17100	8.2583	8.41	8.0908	8.7831	8.1294	8.4767	7.2554	7.6918
MM_RS17105	6.7835	6.5946	5.032	5.6572	6.0171	5.8794	4.1492	4.7478
MM_RS17110	8.0402	7.4022	5.4255	5.7609	8.4585	8.7501	6.5393	6.5908
MM_RS17120	6.8918	7.4055	8.0187	7.5431	8.3523	8.0768	8.8006	8.5429
MM_RS17125	5.399	5.6013	4.8538	5.5913	4.1631	5.132	5.5459	5.1315
MM_RS17135	5.9295	6.683	7.7655	7.0487	7.6132	7.4252	7.7318	8.1656
MM_RS17140	6.4642	6.9645	7.7579	7.1128	7.4682	7.5449	8.2257	7.7838
MM_RS17145	5.7734	6.4062	6.3116	6.7086	4.1631	4.533	4.875	4.6726
MM_RS17150	5.9479	6.1199	7.9451	7.3439	6.1498	6.2615	7.1418	5.8971
MM_RS17155	7.7364	7.677	10.0989	9.7828	7.9223	7.935	9.6828	8.8881
MM_RS17160	8.517	7.5299	8.6444	8.9169	7.9947	8.0366	7.692	8.4105
MM_RS17165	5.7102	5.1828	5.0152	4.2935	7.4426	7.0577	5.6604	6.7454
MM_RS17170	6.7314	7.4087	5.2349	5.084	6.2119	6.2332	3.0006	4.6726
MM_RS17175	5.0014	5.2423	5.2055	5.8197	4.7709	5.4096	6.0018	6.5068
MM_RS17180	7.6095	7.5119	7.1922	9.2869	7.3899	8.5643	7.8926	7.7012
MM_RS17185	6.3022	6.8354	5.8045	6.0168	5.1966	6.0511	4.4339	3.8641
MM_RS17190	8.2248	8.0308	7.7705	6.7189	8.4196	7.51	7.4106	6.3945
MM_RS17195	7.1907	6.8782	6.3116	5.6996	6.4364	6.6724	6.4144	6.4405
MM_RS17200	5.5749	5.6678	4.7353	3.8402	4.1631	5.1919	3.9823	4.5932
MM_RS17205	6.7835	7.8916	7.5947	7.3439	6.6753	6.8687	6.6816	6.7454
MM_RS17210	5.3165	5.646	4.7353	4.3479	5.4235	3.9715	4.875	5.0743
MM_RS17220	8.6687	7.9485	7.0045	6.9987	8.7156	9.211	8.0687	7.8871
MM_RS17225	6.8823	7.4216	6.392	7.1438	6.3834	6.5857	4.5575	6.0234
MM_RS17230	5.7734	5.8791	5.7444	5.9657	7.0596	6.3949	5.1349	6.6507
MM_RS17235	3.4405	3.5149	4.0315	4.4004	3.5401	3.9715	4.967	5.0743
MM_RS17240	4.0328	4.3944	3.8524	5.1466	6.085	5.9154	6.0861	7.1707
MM_RS17245	2.9407	3.5149	4.0315	5.6136	4.7709	5.132	4.967	5.8296
MM_RS17250	5.551	5.3677	5.8045	7.9637	5.7919	5.7257	4.6713	6.8169
MM_RS17255	5.6214	5.6238	5.5593	6.8183	6.8415	6.9748	7.1807	7.936
MM_RS17260	6.2734	5.9431	6.0224	7.0487	6.7608	6.445	6.3477	7.4988
MM_RS17265	7.2511	6.56	6.3456	6.1753	8.2818	7.9611	7.4746	7.0864
MM_RS17270	7.952	8.0329	7.3847	7.4345	7.7657	7.8815	6.3131	7.2374
MM_RS17275	6.5982	6.56	5.2494	5.8945	7.6132	6.7341	5.355	5.9929
MM_RS17280	3.4405	3.9693	2.7526	3.1703	6.6753	5.4592	3.3172	4.5932
MM_RS17285	5.6885	5.7923	5.5938	5.373	4.5954	5.2495	3.0006	4.5091
MM_RS17290	4.45	3.9693	4.3338	4.1165	3.5401	2.3474	2.5888	4.2227
MM_RS17295	5.7939	5.916	6.0391	6.205	5.6194	6.3692	5.4215	6.1942
MM_RS17300	8.7069	9.2057	9.3575	8.7381	8.6044	8.8135	8.8253	8.5586
MM_RS17305	7.4575	6.9468	5.1754	5.5686	6.9905	6.4934	5.1349	5.2908
MM_RS17315	11.1277	12.1839	5.7946	6.7189	9.2169	10.1413	0.262	3.1781
MM_RS17330	6.1987	6.234	3.8524	1.8029	5.7082	5.8794	5.4215	4.3246
MM_RS17335	7.0362	7.3219	5.6051	6.2196	6.1498	7.4622	6.6264	7.0572
MM_RS17340	6.5509	6.8546	6.1201	5.1157	6.3834	6.5171	6.3131	5.388
MM_RS17345	8.4922	8.4841	7.7117	8.987	8.0467	7.4622	7.5056	7.2759
MM_RS17350	1.3968	2.479	1.81	2.111	0.262	3.0302	2.5888	2.2706
MM_RS17355	8.0317	8.4372	8.9076	8.9057	6.1498	6.3692	6.2041	5.6056
MM_RS17370	6.4384	7.9328	9.7725	7.4219	5.9459	6.8869	7.0398	6.4176
MM_RS17375	8.6934	8.8358	8.0988	7.981	7.2783	7.8905	6.5979	7.2885
MM_RS17380	5.8729	6.656	5.9266	5.7808	5.8709	6.3692	5.1349	6.2208
MM_RS17400	7.6267	7.7883	7.5747	8.1622	6.8415	7.2103	6.9969	6.611
MM_RS17405	10.0581	8.9257	8.7962	9.2606	8.366	8.1617	7.3776	8.1026
MM_RS17410	5.5749	4.7217	6.1893	6.145	6.3834	6.0831	6.6264	6.9658
MM_RS17415	2.3918	3.3053	4.0648	5.0185	5.9459	4.8634	5.1349	5.388
MM_RS17420	5.7939	5.381	6.2625	6.6121	7.59	6.7933	6.5689	8.081
MM_RS17425	6.244	6.1742	6.1742	6.3583	5.6194	5.6423	6.5689	7.0122
MM_RS17430	6.0364	5.3941	6.0963	6.0662	4.1631	4.2231	3.7933	5.0147
MM_RS17435	5.1675	5.381	4.9981	4.6372	4.1631	4.7077	5.1349	5.479
MM_RS17440	4.8135	3.7396	3.1814	3.0419	3.0819	4.623	4.5575	4.2227
MM_RS17445	3.0835	3.0586	2.5734	1.3762	0.262	2.7316	3.0006	3.8641
MM_RS17450	6.0535	6.2119	6.159	6.0982	6.1498	5.9506	6.8112	6.5068
MM_RS17465	4.8135	4.3678	5.703	4.2369	4.1631	5.3049	5.6604	5.6454
MM_RS17470	6.5143	6.7511	6.7985	5.4983	6.1498	5.9154	5.9577	5.8637
MM_RS17475	6.7732	7.0122	6.7837	5.7203	9.0487	8.5124	6.6816	8.8545
MM_RS17505	5.1358	4.953	4.9278	5.084	5.3145	5.2495	3.0006	4.6726
MM_RS17510	8.8109	8.6807	8.467	8.8621	8.2672	8.9191	8.2804	7.8364
MM_RS17515	7.358	8.1844	8.1935	7.7933	7.4934	7.0415	8.3839	8.0142
MM_RS17520	6.6992	6.8641	7.6932	7.4407	6.5368	5.5072	7.5208	6.631
MM_RS17525	9.5918	8.9823	8.8494	9.343	9.9576	9.7209	9.4874	9.6205
MM_RS17530	7.952	7.7908	8.9928	8.5628	7.59	7.3351	9.1184	8.3395
MM_RS17535	7.6716	7.4906	8.4499	8.9524	7.2192	7.2671	8.0479	8.6397
MM_RS17540	7.5862	7.935	8.0624	7.3704	8.393	8.3311	8.0479	8.4616
MM_RS17545	7.1907	7.1031	7.3482	7.3102	6.5844	7.5564	6.6543	7.5203
MM_RS17555	5.6885	5.6126	5.6384	5.399	4.7709	4.2231	4.1492	4.7478
MM_RS17560	6.5388	6.5483	6.5465	5.4495	6.8802	6.4694	5.9577	6.4405
MM_RS17565	3.3313	3.3053	3.459	2.5638	2.3905	1.7952	2.5888	3.9939
MM_RS17570	7.2658	7.0122	5.8527	5.4495	8.1612	7.9697	6.5689	6.8342
MM_RS17575	5.2587	5.2711	7.3515	7.2826	6.0171	4.7877	7.2186	7.0572
MM_RS17580	3.3313	3.654	4.0973	3.4968	5.5248	5.9506	3.5752	4.7478
MM_RS17585	2.3918	2.3711	2.1192	3.4968	0.262	0.262	1.9869	3.3833
MM_RS17590	4.3974	4.3408	5.0487	4.2935	4.9272	5.2495	5.2121	5.388
MM_RS17595	7.1595	7.087	7.6421	7.1206	6.4364	6.8869	6.8112	6.7636
MM_RS17625	10.5756	10.1187	10.2163	10.2858	11.896	13.0061	11.5613	12.1917
MM_RS17630	3.8084	4.0383	5.8808	6.2906	0.262	1.7952	4.1492	3.1781
MM_RS17635	1.3968	1.6209	2.2487	2.111	0.262	0.262	0.262	2.2706
MM_RS17665	6.9568	6.2701	6.405	5.6996	7.0255	7.0895	7.1807	6.7993
MM_RS17670	3.725	4.0043	4.1602	3.4968	2.3905	3.4842	3.0006	3.8641
MM_RS17675	5.1986	5.3271	4.0315	0.262	7.5425	4.8634	0.262	4.5932
MM_RS17685	8.9587	9.0648	9.1369	8.9913	6.6753	7.4001	5.9122	6.5068
MM_RS17695	5.5983	4.803	5.2779	5.0185	4.3955	4.9354	5.9577	5.7587
MM_RS17705	9.3866	8.7217	6.8751	6.3583	7.8656	8.1987	7.0398	5.6454
MM_RS17725	4.8531	4.842	5.5359	5.4244	3.8854	3.6659	5.0534	4.5091
MM_RS17730	4.7309	4.136	3.4077	3.4968	5.7919	5.8425	5.355	4.8193
MM_RS17740	5.814	5.1828	4.9808	5.177	6.0171	6.145	5.4215	4.9524
MM_RS17755	6.6663	6.5832	6.0308	6.6232	5.7919	6.6512	0.262	4.8874
MM_RS17760	7.9244	7.6278	8.3793	6.8932	8.1294	8.2347	7.5801	8.2964
MM_RS17770	10.3299	9.9306	8.5657	8.4983	8.366	8.6575	8.3331	7.6822
MM_RS17790	12.8349	12.9786	9.5934	10.8192	10.514	11.5796	7.8926	8.6397
MM_RS17800	7.1276	5.2423	3.8901	4.1165	2.3905	3.0302	3.5752	3.3833
MM_RS17805	5.0362	4.9169	3.459	3.0419	4.5954	4.2231	4.875	4.3246
MM_RS17810	4.5499	4.8611	4.4133	3.4968	5.0682	4.623	5.1349	5.2397
MM_RS17815	2.1426	1.6209	2.2487	1.8029	4.1631	5.4592	2.5888	4.6726
MM_RS17840	7.6095	8.1596	8.7901	8.9034	10.5948	10.0184	11.2284	10.4737
MM_RS17850	8.5293	8.1711	7.3448	7.1128	8.2227	8.4887	7.2735	7.5625
MM_RS17855	1.3968	2.8397	1.3816	0.262	0.262	1.7952	0.262	1.735
MM_RS17890	2.7814	2.6714	2.2487	0.262	4.3955	4.4369	0.262	5.1315
MM_RS17910	4.6432	4.8986	3.5564	3.3962	7.4934	7.579	5.5459	7.1977
MM_RS17915	6.9107	6.4697	10.0752	9.5597	6.3285	5.1919	8.9875	7.0424
MM_RS17920	3.3313	2.2534	2.4739	1.8029	3.0819	0.262	3.3172	2.6452
MM_RS17925	7.6881	6.9733	6.939	6.3974	6.0171	5.4592	5.7665	5.8971
MM_RS17935	0.262	4.0383	5.703	4.6803	4.9272	5.5537	0.262	6.1942
MM_RS17940	0.262	4.1671	0.262	4.722	0.262	5.5537	6.9526	6.247
MM_RS17950	0.262	0.262	0.262	0.262	5.1966	0.262	0.262	0.262
MM_RS17955	7.206	6.8306	8.6955	7.7637	5.7082	6.5632	7.9043	7.1707
MM_RS17970	5.4255	5.0725	4.8347	4.1779	5.0682	4.623	3.5752	4.3246
MM_RS17985	7.302	7.4783	7.2033	6.6558	9.6789	9.4958	9.1184	9.2267
MM_RS18005	6.1519	5.752	4.6721	3.0419	0.262	3.2755	0.262	0.262
MM_RS18010	0.262	4.6576	2.5734	0.262	0.262	0.262	0.262	4.4199
MM_RS18030	8.3195	8.0074	7.7427	7.065	7.8848	8.1314	7.6231	8.2838
MM_RS18035	0.262	1.8139	0.262	2.3572	0.262	5.4096	4.4339	5.5646
MM_RS18040	5.814	6.2558	5.6494	5.7407	5.9459	5.004	6.9526	5.6842
MM_RS18045	3.2129	3.2476	2.9836	3.3962	2.3905	1.7952	2.5888	2.6452
MM_RS18050	4.9657	6.1742	5.4382	5.4495	6.5844	6.5632	5.1349	6.1395
MM_RS18060	0.262	5.1676	3.0527	3.9144	0.262	0.262	0.262	4.4199
MM_RS18090	6.3719	6.333	4.9634	4.2935	7.2491	6.7341	8.0052	6.8169
MM_RS18095	5.372	4.1976	4.606	3.7618	5.0682	4.8634	5.2853	3.9939
MM_RS18105	5.477	0.262	0.262	0.262	0.262	0.262	0.262	0.262
MM_RS18120	3.725	4.1042	5.3735	3.4968	2.3905	0.262	2.5888	3.8641
MM_RS18135	6.3989	5.4329	6.2409	6.1602	6.4874	6.3949	0.262	5.6454
MM_RS18145	2.7814	2.3711	2.666	3.2878	2.3905	1.7952	0.262	2.9374
MM_RS18170	3.0835	2.9894	4.4389	5.084	0.262	2.7316	2.5888	3.8641
MM_RS18175	5.6665	5.8507	5.0975	5.9482	8.2525	8.4463	8.457	9.0927
MM_RS18185	5.966	6.2558	7.8076	7.5137	7.5665	8.8696	9.3829	9.6255
MM_RS18190	3.3313	3.414	1.81	2.7425	3.5401	4.1028	2.5888	3.8641
MM_RS18200	11.4423	12.7148	3.9626	5.399	10.5384	10.9204	3.0006	2.6452
MM_RS18205	2.3918	3.3053	3.9268	4.2935	2.3905	2.3474	0.262	2.2706
MM_RS18210	0.262	0.262	0.262	1.3762	0.262	2.3474	3.9823	2.2706
MM_RS18215	3.0835	1.3845	1.81	2.111	0.262	3.2755	4.2986	3.5624
MM_RS18220	7.5079	7.9192	7.0994	7.4898	5.0682	5.4096	5.0534	4.7478
MM_RS18225	13.3197	12.9761	11.5976	11.8016	11.1935	10.964	10.818	10.4274
MM_RS18230	6.5266	8.5677	5.6384	6.2906	6.4364	5.6423	6.0446	3.3833
MM_RS18245	5.892	5.6893	3.1814	4.5929	8.979	8.2629	6.8112	6.0533
MM_RS18255	4.2859	5.8791	5.9622	6.2484	3.8854	4.7077	6.0446	4.8874
MM_RS18260	6.3855	7.8349	8.5067	8.6811	6.0171	6.0511	7.8809	5.8971
MM_RS18270	5.6665	5.4072	4.8913	5.0517	9.0402	7.8258	6.4144	8.569
MM_RS18275	8.3783	9.0472	5.703	6.799	6.9905	8.5643	2.5888	6.0826
MM_RS18280	4.3427	5.8507	3.733	2.3572	3.5401	3.4842	2.5888	2.2706
MM_RS18285	7.2437	7.735	5.1602	6.345	7.636	7.8258	6.6543	6.3709
MM_RS18290	3.0835	2.479	4.1602	2.111	0.262	1.7952	3.9823	2.2706
MM_RS18295	7.6771	7.3526	8.4499	10.4858	11.3115	11.7349	12.1551	13.2157
MM_RS18300	8.2398	8.3538	11.172	12.0047	5.3145	5.9154	7.9273	8.0368
MM_RS18305	3.6364	3.654	3.5564	3.0419	5.0682	3.2755	3.5752	3.1781
MM_RS18310	4.3427	5.5075	3.7739	3.0419	4.1631	4.623	2.5888	4.7478
MM_RS18320	5.1675	4.6793	3.9975	3.7618	10.2986	8.6199	6.93	8.1994
MM_RS18330	2.3918	3.1874	2.1192	1.3762	0.262	0.262	0.262	2.9374
MM_RS18335	1.8302	1.9788	1.6174	0.262	3.0819	2.3474	1.9869	3.1781
MM_RS18340	6.0364	5.056	8.1088	7.8127	5.9459	5.8794	8.4411	8.1098
MM_RS18350	2.1426	3.1245	2.1192	0.262	2.3905	0.262	1.9869	0.262
MM_RS18365	9.1981	9.6139	8.1575	8.7781	8.0969	7.8446	7.8206	7.9199
MM_RS18375	5.0362	6.1742	4.0315	4.2935	4.3955	4.8634	5.2853	5.0147
MM_RS18385	7.0102	7.4312	5.3333	4.6372	6.4364	5.0694	4.7768	3.1781
MM_RS18395	4.2267	4.4459	3.6909	3.4968	3.5401	4.533	3.9823	4.1128
MM_RS18410	7.6493	7.2765	9.0099	8.2142	11.0201	11.8486	10.8072	10.3632
MM_RS18415	5.1034	4.6576	3.7739	3.9144	5.1966	4.9354	4.4339	4.4199
MM_RS18420	5.1986	5.6678	4.4389	4.451	5.0682	5.4592	2.5888	5.0743
MM_RS18435	0.262	0.262	4.3873	3.2878	6.4364	5.004	0.262	5.388
MM_RS18445	7.0276	7.083	5.5593	6.1295	7.2491	7.5334	6.3477	6.8342
MM_RS18460	8.2435	7.4628	8.1498	8.1773	7.7238	7.181	8.1975	7.9599
MM_RS18465	4.9291	6.0045	5.4632	5.8197	4.1631	5.5986	3.5752	5.3402
MM_RS18475	5.0014	4.953	3.6027	3.985	5.7082	7.0895	4.967	6.0234
MM_RS18480	4.45	4.4957	3.2415	3.5908	4.1631	4.2231	0.262	3.5624
MM_RS18485	5.2587	4.9169	0.262	0.262	0.262	5.0694	5.9122	0.262
MM_RS18495	3.0835	3.9693	2.2487	2.3572	4.1631	4.4369	3.5752	3.8641
MM_RS18500	3.3313	3.2476	2.4739	3.3962	4.9272	4.334	3.5752	4.4199
MM_RS18505	3.8872	4.2274	3.8524	2.7425	2.3905	3.9715	4.2986	3.1781
MM_RS18510	3.9619	3.654	3.3545	2.7425	4.1631	3.8269	5.355	5.1315
MM_RS18520	6.0017	5.9521	6.0139	5.373	5.9459	5.6846	6.0018	5.2908
MM_RS18540	6.6774	7.1962	7.2616	6	5.1966	5.004	5.9122	5.0147
MM_RS18545	2.1426	2.3711	1.9746	1.8029	2.3905	3.2755	1.9869	3.8641
MM_RS18550	2.3918	2.479	1.3816	2.3572	4.1631	1.7952	3.3172	3.5624
MM_RS18555	2.1426	1.8139	2.1192	1.3762	3.0819	2.3474	0.262	3.1781
MM_RS18565	3.3313	4.3944	4.0315	2.111	0.262	3.2755	1.9869	2.6452
MM_RS18570	1.3968	1.3845	1.6174	2.111	3.0819	3.2755	3.7933	3.5624
MM_RS18575	4.2859	4.1671	4.2205	4.6372	3.0819	3.2755	2.5888	3.1781
MM_RS18580	7.4829	7.2976	7.5661	7.9241	7.3352	6.5857	5.2853	5.7946
MM_RS18585	5.6441	7.2586	5.4382	5.084	6.2714	6.5403	5.2121	6.5283
MM_RS18590	7.5979	8.3181	6.8798	7.6387	5.4235	5.6846	4.6713	5.4342
MM_RS18600	9.0508	10.1344	7.1657	7.1741	6.2119	6.175	6.4782	4.2227
MM_RS18615	3.8084	5.0888	4.2496	4.9847	2.3905	2.7316	3.7933	4.6726
MM_RS18620	3.8084	4.1976	3.5564	3.2878	3.0819	4.2231	3.7933	3.9939
MM_RS18640	4.1649	4.5673	3.8137	4.2369	3.5401	3.0302	4.7768	3.1781
MM_RS18660	3.3313	3.1245	3.9975	3.0419	0.262	1.7952	0.262	1.735
MM_RS18675	2.3918	2.1237	2.2487	2.5638	2.3905	3.4842	3.7933	3.9939
MM_RS18680	0.262	1.0655	2.3662	1.8029	3.5401	4.1028	3.9823	3.8641
MM_RS18700	5.399	5.4072	4.3873	4.5929	11.3637	10.8914	7.4902	10.8899
MM_RS18705	5.229	5.2994	5.5359	5.0185	6.2714	6.1144	6.93	7.2374
MM_RS18715	4.3974	5.0225	6.6537	4.9847	5.9459	4.9354	5.485	4.8874
MM_RS18720	6.7835	6.4383	4.5368	5.6356	6.9179	6.5857	5.9122	6.0234
MM_RS18725	10.7874	11.0168	7.2687	9.092	9.5102	10.6815	6.3477	7.8016
MM_RS18730	3.2129	3.3607	2.1192	2.111	4.1631	3.4842	3.5752	3.8641
MM_RS18735	3.8084	4.136	3.2415	2.5638	4.5954	4.7877	4.2986	4.6726
MM_RS18745	4.8916	5.8602	4.3873	4.6372	7.4934	7.1662	3.3172	7.4546
MM_RS18750	5.0362	4.9169	3.5564	4.0523	6.085	6.2892	5.4215	5.3402
MM_RS18760	5.399	4.1042	4.3063	4.4004	8.6386	7.9867	7.692	7.5096
MM_RS18775	4.1649	3.3053	2.7526	2.9004	5.4235	4.4369	1.9869	3.5624
MM_RS18790	4.45	4.6576	4.1602	3.7618	4.7709	4.4369	6.2413	5.5646
MM_RS18795	2.1426	3.414	2.3662	1.3762	3.0819	2.7316	3.9823	2.6452
MM_RS18800	0.262	2.1237	2.2487	0.262	3.0819	2.7316	0.262	2.6452
MM_RS18810	3.8872	2.5787	2.1192	2.5638	4.1631	3.6659	0.262	3.3833
MM_RS18815	1.3968	2.2534	2.3662	1.3762	2.3905	4.334	4.4339	5.5646
MM_RS18850	2.1426	3.7396	1.9746	1.8029	0.262	2.7316	0.262	2.6452
MM_RS18860	5.1986	5.1049	6.2553	5.2922	2.3905	3.6659	4.1492	3.8641
MM_RS18865	6.4895	7.5594	7.4203	7.1206	4.7709	6.0511	6.5979	7.2632
MM_RS18870	8.1866	7.8081	9.0692	8.8123	9.1393	8.3575	9.2567	9.3189
MM_RS18875	9.356	9.137	8.5657	8.4276	7.7023	7.281	8.0791	6.7636
MM_RS18880	5.372	5.2129	5.4632	7.0731	5.6194	6.0831	5.6043	6.5283
MM_RS18885	6.7207	7.4876	5.0651	4.6803	3.0819	3.4842	3.0006	2.6452
MM_RS18890	4.3974	6.6116	5.8336	5.8945	3.5401	3.4842	0.262	4.5091
MM_RS18895	5.4255	4.7831	4.5368	5.7808	6.1498	5.3582	5.7144	4.5091
MM_RS18900	11.1272	11.3867	10.27	8.5102	9.2169	9.8977	9.2245	6.5283
MM_RS18905	6.7937	6.9733	6.5812	6.8841	8.0122	8.4089	7.8926	8.9921
MM_RS18910	5.5021	4.6793	4.9634	4.4004	3.8854	5.0694	5.2853	4.5932
MM_RS18915	7.1984	8.6078	6.5755	6.7695	7.5665	7.8446	6.907	7.9199
MM_RS18920	7.6881	7.5418	6.6318	7.097	7.9408	7.5564	5.7144	6.5908
MM_RS18925	5.1986	5.3133	5.1754	5.4741	4.5954	3.6659	4.2986	3.3833
MM_RS18930	4.2859	4.4711	4.7958	6.8469	3.8854	3.0302	1.9869	4.4199
MM_RS18935	6.5747	7.339	5.2349	4.6372	4.7709	5.7257	4.7768	4.3246
MM_RS18995	1.8302	4.1042	7.4267	1.8029	4.3955	2.7316	6.8112	3.7212
MM_RS19020	5.814	5.9069	5.8715	5.8388	4.5954	4.623	4.1492	4.7478
MM_RS19040	3.5418	3.5628	2.9109	2.9004	3.5401	3.2755	5.0534	4.6726
MM_RS19050	5.5983	5.6786	4.7145	5.2358	6.5368	6.3949	5.9577	6.2978
MM_RS19055	4.6877	4.3678	4.4133	4.1779	3.0819	3.0302	3.0006	2.9374
MM_RS19060	2.6008	3.654	2.2487	2.111	5.1966	4.623	1.9869	3.3833
MM_RS19065	3.8872	2.9894	2.3662	2.111	3.0819	3.8269	0.262	3.1781
MM_RS19070	8.3125	7.8916	6.1201	6.7892	8.6273	8.6415	7.7448	7.3258
MM_RS19075	7.3717	7.6138	5.5476	5.6786	6.3285	7.579	6.5979	6.4176
MM_RS19080	2.7814	2.7581	4.0973	2.3572	3.5401	3.2755	0.262	2.2706
MM_RS19085	2.1426	3.5628	3.0527	2.111	0.262	2.3474	3.3172	1.735
MM_RS19090	3.725	2.9166	2.834	2.3572	4.5954	5.0694	5.0534	4.5932
MM_RS19095	1.3968	2.2534	1.6174	2.3572	4.5954	4.2231	3.7933	3.5624
MM_RS19100	6.7732	7.0542	6.1436	5.2643	4.3955	5.6846	3.7933	2.6452
MM_RS19105	4.5499	4.3408	3.8524	2.5638	6.3285	6.2892	5.2121	2.9374
MM_RS19120	2.9407	2.479	2.3662	2.7425	5.4235	2.7316	1.9869	5.1315
MM_RS19125	3.3313	3.4654	3.1185	2.111	5.3145	4.2231	5.6043	6.2726
MM_RS19130	7.699	7.4216	7.433	7.7025	8.9245	8.4946	8.3922	8.3931
MM_RS19135	6.5143	6.03	5.3603	6.5898	5.6194	5.4592	3.9823	5.4342
MM_RS19145	8.1672	7.709	6.4115	6.3583	10.0624	9.6291	10.4908	10.0325
MM_RS19150	6.2139	5.721	6.5347	5.2643	11.0502	10.4481	10.1958	10.1444
MM_RS19155	3.6364	2.6714	1.9746	2.3572	3.0819	1.7952	0.262	1.735
MM_RS19165	2.3918	2.479	2.4739	2.9004	2.3905	1.7952	0.262	1.735
MM_RS19170	4.7728	4.7007	4.1602	5.4244	7.2491	7.3483	7.5359	8.2455
MM_RS19175	6.2879	6.0045	7.3107	6.345	6.4874	6.5857	6.5091	7.2885
MM_RS19180	2.7814	2.8397	1.9746	2.3572	2.3905	3.2755	3.5752	4.1128
MM_RS19185	9.1433	10.9565	12.139	10.1301	9.7381	10.8432	10.0486	10.6926
MM_RS19190	4.5499	2.9894	3.2415	3.3962	4.7709	0.262	0.262	0.262
MM_RS19200	7.4575	7.0459	6.0224	6.6558	8.2076	7.6012	6.8599	6.7636
MM_RS19205	0.262	3.3607	0.262	0.262	0.262	5.5072	3.9823	3.9939
MM_RS19215	5.5021	4.8986	4.464	4.5929	5.7082	6.445	4.6713	5.3402
MM_RS19220	3.8872	2.9894	3.2991	3.0419	6.3285	5.4592	6.4467	5.1315
MM_RS19225	2.9407	2.9894	2.2487	2.9004	3.0819	2.7316	0.262	2.6452
MM_RS19230	0.262	2.2534	1.81	2.111	0.262	1.7952	0.262	1.735
MM_RS19235	6.4122	6.0384	5.9175	4.9847	5.1966	5.4096	4.4339	4.4199
MM_RS19265	7.8963	7.3356	7.1192	7.1049	7.8656	8.0035	7.5946	7.5521
MM_RS19270	2.1426	2.479	1.3816	2.111	0.262	2.3474	0.262	2.6452
MM_RS19275	3.6364	4.0383	2.5734	2.3572	2.3905	3.0302	3.3172	3.3833
MM_RS19280	6.71	8.595	5.2349	5.9305	6.6306	7.7381	4.2986	4.8193
MM_RS19285	7.7364	8.3094	6.2481	7.3704	7.0255	7.6766	6.3477	5.6842
MM_RS19295	5.6885	6.4256	6.0308	5.9482	6.9179	6.445	6.8836	7.338
MM_RS19300	4.5973	4.4459	5.0651	4.2369	5.0682	5.004	5.7144	5.9297
MM_RS19310	1.3968	1.9788	1.3816	1.8029	2.3905	0.262	2.5888	1.735
MM_RS19315	3.2129	3.3607	3.1814	3.7618	4.5954	4.2231	4.4339	4.9524
MM_RS19320	4.2267	4.52	4.2205	3.5908	2.3905	4.7877	3.5752	3.7212
MM_RS19325	4.1649	4.8986	3.6909	3.4968	3.5401	3.2755	3.0006	3.1781
MM_RS19330	6.1198	5.4707	4.9981	3.8402	6.2119	6.175	5.2121	5.0743
MM_RS19335	9.3159	9.3452	7.492	8.9784	6.5368	7.0577	5.2853	5.7219
MM_RS19340	3.3313	4.7629	4.4133	4.2369	5.0682	5.5537	6.4467	5.3402
MM_RS19345	4.6432	4.9707	5.4878	5.6356	6.3834	5.1919	6.2041	6.3709
MM_RS19350	2.3918	1.8139	1.6174	0.262	0.262	1.7952	0.262	0.262
MM_RS19355	3.4405	3.8204	3.1814	2.9004	0.262	3.9715	1.9869	0.262
MM_RS19360	3.3313	3.1874	2.5734	3.5908	0.262	2.7316	4.5575	3.3833
MM_RS19365	1.8302	3.3607	3.8137	3.8402	0.262	2.7316	0.262	4.8193
MM_RS19370	10.2882	10.3272	9.1942	11.2123	8.1768	8.5472	7.9273	7.7838
MM_RS19375	12.1694	13.6738	9.1942	8.2855	10.4954	11.6771	7.6648	6.7993
MM_RS19385	1.3968	3.4654	2.666	2.5638	0.262	0.262	0.262	0.262
MM_RS19390	5.0702	5.8315	4.7759	3.1703	3.5401	2.7316	3.7933	2.2706
MM_RS19400	2.1426	1.9788	2.2487	0.262	4.3955	0.262	0.262	0.262
MM_RS19405	4.2859	3.5628	3.7739	3.6789	5.5248	5.4096	3.9823	5.8296
MM_RS19410	2.3918	1.0655	1.81	0.262	2.3905	3.0302	5.6604	1.735
MM_RS19415	5.3445	5.7417	5.7238	5.8388	6.0171	5.5072	5.8653	5.7587
MM_RS19420	2.6008	3.0586	1.81	3.8402	3.8854	4.623	4.2986	5.5224
MM_RS19425	1.8302	3.414	1.6174	1.8029	0.262	1.7952	0.262	1.735
MM_RS19445	2.9407	2.9894	3.3545	4.3479	4.3955	3.8269	4.4339	3.9939
MM_RS19450	2.9407	3.7396	2.834	2.7425	4.5954	5.6423	5.1349	5.6056
MM_RS19455	2.1426	2.9166	2.1192	0.262	2.3905	0.262	3.3172	2.2706
MM_RS19460	4.6877	4.1976	3.1814	3.1703	3.8854	3.6659	0.262	2.2706
MM_RS19465	5.1675	4.8226	7.0465	7.3769	5.4235	5.4096	6.6816	6.5068
MM_RS19470	8.1153	6.7864	9.2465	9.1293	7.1575	6.3949	8.1096	8.3814
MM_RS19475	7.392	7.9215	6.8516	6.7495	6.9179	7.3351	6.907	6.4405
MM_RS19485	4.5008	3.3607	5.6603	4.451	5.8709	5.0694	6.4782	6.611
MM_RS19490	2.7814	3.5149	1.9746	3.2878	0.262	0.262	0.262	0.262
MM_RS19495	3.3313	3.1245	4.6504	4.4004	2.3905	3.0302	4.1492	5.388
MM_RS19520	1.3968	1.6209	2.834	2.7425	2.3905	1.7952	0.262	0.262
MM_RS19525	4.8135	5.1828	3.5086	3.7618	5.0682	4.2231	0.262	3.3833
MM_RS19530	8.5414	8.6371	6.8469	7.9241	7.977	8.3377	7.2554	6.9815
MM_RS19535	7.4053	7.4184	7.1349	6.9469	7.4682	7.0577	7.2554	7.0274
MM_RS19545	3.4405	4.2274	2.666	2.5638	3.8854	3.4842	3.7933	0.262
MM_RS19550	1.3968	1.3845	0.262	2.111	2.3905	2.3474	2.5888	2.2706
MM_RS19555	2.9407	3.654	3.1814	3.3962	4.1631	3.6659	5.2121	5.2397
MM_RS19560	2.9407	2.6714	2.3662	2.111	0.262	3.0302	3.0006	3.5624
MM_RS19565	5.6885	5.2853	4.4389	4.2935	5.0682	5.3049	5.485	4.6726
MM_RS19575	7.9104	6.7612	5.032	7.0569	5.6194	5.9506	5.4215	5.7219
MM_RS19580	5.5983	5.1049	5.6603	6.3044	4.9272	5.4592	5.6043	5.7587
MM_RS19590	8.6961	8.6861	6.6207	6.7189	8.5928	9.3357	7.1418	7.7659
MM_RS19595	4.8135	4.0383	5.4878	4.5929	5.0682	3.9715	5.485	6.0533
MM_RS19600	2.1426	2.8397	2.1192	1.3762	4.9272	5.6423	3.7933	3.7212
MM_RS19605	5.3165	4.9351	5.2202	5.4244	4.1631	4.2231	5.2121	4.2227
MM_RS19610	6.0017	5.6349	8.0706	8.0804	6.5844	6.8502	7.0185	7.7106
MM_RS19615	4.1649	3.9693	4.3608	4.9499	5.1966	4.8634	6.2776	5.388
MM_RS19620	3.3313	4.2274	3.1814	4.4004	3.5401	4.1028	5.5459	4.2227
MM_RS19630	4.5008	5.0725	4.6284	4.451	3.8854	3.8269	2.5888	4.1128
MM_RS19635	5.0014	5.0225	4.7759	4.3479	4.7709	5.2495	5.0534	4.5932
MM_RS19640	1.3968	2.1237	1.0633	1.3762	3.5401	3.9715	3.5752	2.6452
MM_RS19655	1.3968	2.8397	3.5086	1.3762	0.262	1.7952	0.262	2.9374
