gene_id	Ribo_NitrogenMinus_rep1	Ribo_NitrogenMinus_rep2	Ribo_NitrogenPlus_rep1	Ribo_NitrogenPlus_rep2	RNA_NitrogenMinus_rep1	RNA_NitrogenMinus_rep2	RNA_NitrogenPlus_rep1	RNA_NitrogenPlus_rep2
MM_RS00005	1113.6394	1071.2479	1487.461	3857.4591	320.9029	473.8617	374.6163	805.6116
MM_RS00010	199.1358	398.1732	1447.8482	1338.6737	46.8279	84.9625	199.2059	256.5581
MM_RS00015	102.0318	140.4416	1061.7968	1000.8067	20.9008	37.0452	186.3597	264.3717
MM_RS00020	54.6426	58.3846	811.4746	656.5189	19.2868	20.5841	93.1656	226.4296
MM_RS00025	55.8603	69.8806	531.4953	654.296	9.5758	25.9823	121.6365	218.6696
MM_RS00030	90.1834	90.9313	1325.268	1616.9178	15.2549	24.0339	77.5274	359.2429
MM_RS00035	17.8858	15.9477	6.4086	3.6233	12.6727	17.2118	3.87	5.7747
MM_RS00040	6.2436	4.6124	8.6541	2.5563	3.083	4.5537	13.031	5.3578
MM_RS00045	92.5049	93.4865	159.8679	52.7295	52.3718	81.038	145.3156	118.7942
MM_RS00050	270.324	446.5681	885.3759	451.2302	150.673	272.9317	426.9117	915.7701
MM_RS00055	132.1631	271.3432	235.4607	93.5619	16.3142	17.6708	14.7763	11.6421
MM_RS00060	98.8425	179.3289	168.2256	93.2652	10.3037	25.3648	9.3324	7.3529
MM_RS00065	331.1756	213.1283	56.437	50.7918	119.3571	47.7577	20.5914	55.4316
MM_RS00070	66.1642	44.1532	41.0194	20.0126	14.0794	16.6365	17.0028	6.459
MM_RS00075	5372.1145	9760.4559	16437.7189	8287.6113	2717.7991	3612.5869	4453.8178	3538.6533
MM_RS00080	1459.6504	2311.1328	5445.9992	2257.8129	440.4023	695.2484	1204.2116	1823.1781
MM_RS00090	348.2078	528.5364	908.4181	600.7445	53.0941	83.133	161.4834	121.1509
MM_RS00095	2887.4942	4205.1591	5420.1998	4903.1344	222.1976	469.0944	572.446	577.1735
MM_RS00105	836.746	894.8902	261.5864	209.0668	345.9303	199.8371	206.094	68.8471
MM_RS00110	13.2444	15.1212	6.0423	3.902	3.7648	5.9314	3.4099	4.3658
MM_RS00115	763.9746	1628.1752	2238.5616	2304.4882	79.248	74.89	80.9425	240.5886
MM_RS00120	528.9448	254.3245	260.9548	72.2145	23.1416	108.4611	0	63.8898
MM_RS00125	570.519	315.5335	200.0268	83.9999	184.1374	338.3363	125.6014	221.7992
MM_RS00130	1157.5558	1032.619	426.1715	213.5845	121.0689	213.0639	72.5851	91.9116
MM_RS00135	432.8272	620.1631	148.0385	78.8432	184.584	196.6276	96.2568	127.2319
MM_RS00145	136.8034	200.2629	85.1323	30.129	33.37	49.0693	17.0151	38.8953
MM_RS00150	74.6726	75.7401	36.3622	28.2838	6.674	11.3753	5.3732	17.4632
MM_RS00155	14.8872	14.81	23.2599	10.742	3.9586	5.528	9.4162	11.6849
MM_RS00160	7.4524	11.5893	12.8172	0.9662	5.2439	5.5078	15.4799	8.7316
MM_RS00165	37.4829	61.4793	68.121	22.7955	10.8762	20.7052	14.229	27.8118
MM_RS00170	619.2357	443.3806	0	72.2937	105.7808	89.0128	103.7942	0
MM_RS00175	424.7123	330.5734	138.6463	129.9713	355.4422	456.3251	152.9881	167.4397
MM_RS00180	56.3725	45.0624	12.7535	6.1486	8.8987	7.9019	0	1.5876
MM_RS00185	1.6103	2.4079	6.491	2.8707	0.4721	2.6034	4.1811	6.4013
MM_RS00190	10.7033	14.8768	15.1468	5.4778	2.9729	4.6838	5.1858	9.3111
MM_RS00195	11.6746	13.0794	31.0487	13.5705	4.9572	6.5084	15.9641	16.1717
MM_RS00200	96.0934	106.1408	351.8597	460.1538	13.6188	32.8551	53.4515	47.6821
MM_RS00205	80.9305	121.1071	366.0878	191.6504	19.7874	62.1238	52.6404	67.6358
MM_RS00210	159.7386	363.6308	657.5036	449.8263	55.2332	60.9136	91.1589	89.9984
MM_RS00215	31.2221	29.878	79.2045	29.5503	2.9292	7.7878	30.0684	30.3102
MM_RS00220	5.5154	5.938	28.1611	15.0168	2.5873	4.5858	17.7055	14.3091
MM_RS00225	35.0756	39.7943	52.8896	127.2698	15.4255	21.6025	53.8155	35.47
MM_RS00230	11.7648	17.8349	18.8464	9.6134	3.8444	11.8259	6.7203	8.5454
MM_RS00240	86.1933	79.4107	29.1297	26.7164	7.6274	18.5262	6.1408	14.0613
MM_RS00245	113.1233	126.8945	89.5761	102.0398	26.4385	37.9346	25.0864	26.6159
MM_RS00250	421.327	701.3104	382.0915	410.7508	82.9898	163.9401	101.7635	168.5578
MM_RS00255	45.6243	59.56	69.4115	38.6486	61.1784	62.2379	94.2866	49.1464
MM_RS00260	35.9001	53.0345	70.3023	27.2983	41.0986	68.4058	32.0208	52.0348
MM_RS00265	108.4053	74.8846	128.8362	41.5708	23.2776	40.9053	121.0933	81.7789
MM_RS00270	123.1617	202.7053	235.0549	227.782	56.8205	88.1338	106.2676	99.9349
MM_RS00275	21.1012	31.1318	24.1942	20.0625	13.198	9.0971	18.5948	21.1913
MM_RS00280	4.6743	7.4973	45.1466	0	4e-04	45.3191	10.4504	43.9476
MM_RS00285	489.1012	594.3988	497.4446	194.9408	30.189	69.1818	33.143	43.0878
MM_RS00290	60.0044	52.303	36.7038	95.019	7.4879	12.823	7.0769	16.7275
MM_RS00295	80.438	78.7093	43.1417	77.1258	22.1032	28.294	17.4773	22.8148
MM_RS00300	1337.3694	1950.403	1864.2453	1228.4991	216.9053	575.6876	427.1683	568.8296
MM_RS00305	380.3855	378.702	224.9416	421.27	50.3411	101.3431	49.5357	88.8128
MM_RS00310	551.5656	566.4491	424.5737	517.8809	37.411	123.9023	57.6477	77.2208
MM_RS00315	251.9095	341.0406	310.5079	427.3234	33.6113	126.8115	35.6055	89.6304
MM_RS00320	61.4317	149.7708	116.6364	140.681	52.2056	159.3583	89.3143	153.6761
MM_RS00325	130.2959	139.3202	87.2426	59.456	96.4627	220.5672	97.5921	233.3165
MM_RS00330	121.7976	112.974	166.4805	98.7973	36.6164	68.2556	44.0734	71.1464
MM_RS00335	24.4663	20.929	18.9152	8.916	17.0786	29.5231	5.9201	24.2059
MM_RS00340	61.6925	54.5868	87.0865	94.0805	13.7606	25.1392	27.5821	30.764
MM_RS00345	51.6957	71.9122	74.0916	144.87	10.1043	17.1629	7.118	21.1812
MM_RS00350	76.4144	100.3311	71.9398	147.2134	20.0092	29.9703	21.3277	30.3679
MM_RS00355	41.0964	50.8758	95.285	146.8353	14.9759	28.6951	99.7116	143.5715
MM_RS00360	49.1118	89.365	148.7077	57.3964	11.3569	21.0878	27.43	26.0501
MM_RS00365	15.9215	63.6303	114.3545	22.9881	11.0333	20.7258	27.3318	18.7755
MM_RS00370	758.7758	451.9852	1814.123	658.9512	240.0759	193.3162	286.9457	148.7189
MM_RS00375	46.6924	46.9547	193.1412	118.4528	15.0797	15.6302	38.3384	71.9295
MM_RS00380	123.2988	153.1816	371.201	516.3554	21.5596	59.735	53.2694	78.7833
MM_RS00385	211.54	288.2626	244.4105	96.0885	177.2064	175.4891	46.1971	144.523
MM_RS00390	470.348	551.2598	317.1425	131.6142	111.1132	78.1509	70.2871	42.4781
MM_RS00395	324.7555	1508.5038	1939.9019	166.2304	105.999	421.2122	137.8064	33.619
MM_RS00400	55.2747	46.2054	24.6969	8.2026	18.744	27.0701	23.2648	20.6214
MM_RS00405	49.7604	78.4947	24.0515	15.6457	12.3831	19.5146	6.1716	7.5744
MM_RS00410	252.2697	304.6797	32.7412	31.9803	55.6632	98.7454	25.7592	46.9161
MM_RS00415	31.9286	59.8776	157.0721	74.3316	11.9934	25.194	18.7264	33.1974
MM_RS00420	78.6143	121.9051	211.26	128.3494	10.2438	32.2781	38.487	53.608
MM_RS00425	45.9069	81.125	218.6933	41.2574	4.8943	10.6025	13.7912	12.2242
MM_RS00430	56.2699	168.28	102.8255	73.8666	39.5941	122.1612	86.3332	140.098
MM_RS00435	116.4179	172.6979	441.5922	139.4974	16.0593	32.5303	55.411	61.3941
MM_RS00440	233.6952	277.6529	319.2237	429.9638	46.2653	76.9401	59.7517	88.5006
MM_RS00445	18.6249	20.3482	25.5814	7.7138	11.5278	25.8092	21.0043	18.6178
MM_RS00450	689.8221	517.6892	1045.7991	333.2771	175.5344	210.4207	294.9313	315.8843
MM_RS00455	968.3003	1282.8638	386.1198	290.2303	201.4718	673.309	157.288	326.7588
MM_RS00460	81.7486	96.469	43.7387	42.252	31.9567	78.583	35.1154	48.6915
MM_RS00465	186.4849	180.8024	66.0778	80.6746	46.2972	95.1704	22.0091	48.4564
MM_RS00470	88.3408	97.8992	110.5041	123.977	34.013	54.9135	89.7421	73.2974
MM_RS00480	232.9763	402.5637	378.4163	542.6147	22.7054	42.9266	84.6969	95.0574
MM_RS00485	18.579	12.0448	9.0441	0	0	0	0	10.2852
MM_RS00490	361.138	363.5884	177.5782	223.269	79.5099	153.2434	87.484	105.5357
MM_RS00495	41.8211	69.4025	47.1705	25.5837	23.1414	47.7991	35.3345	60.3619
MM_RS00505	114.1534	183.1391	100.9353	62.0651	15.1147	30.6167	0	20.0313
MM_RS00510	74.0711	117.0731	56.865	45.3441	24.1267	47.2427	31.6337	33.4506
MM_RS00515	27.5007	37.4343	16.5308	24.8647	6.7897	17.0486	5.4664	7.5708
MM_RS00520	225.3259	337.5996	266.8764	208.2837	29.3611	107.9356	31.5178	115.2392
MM_RS00525	104.5793	85.4565	117.1642	58.2457	10.3643	24.4934	27.8141	22.1885
MM_RS00530	38.4213	100.2423	98.2651	28.7718	2.3306	6.1185	6.88	7.7614
MM_RS00535	76.0146	149.7692	136.1826	45.4121	6.9918	23.408	7.0363	11.2263
MM_RS00540	156.0507	125.1308	53.5223	33.915	295.7721	82.3309	14.3079	132.8612
MM_RS00545	50.0943	112.3578	68.9725	39.5665	7.3414	30.3616	16.2539	26.1948
MM_RS00550	69.2018	66.5133	55.7897	46.6313	19.2211	34.0681	24.0719	34.6724
MM_RS00555	333.2611	552.6369	748.349	327.1079	57.8414	187.5147	143.285	153.9937
MM_RS00560	74.3594	99.9149	137.3687	79.1443	56.7844	74.4462	79.351	91.1753
MM_RS00565	8.8988	0	10.6501	3.8146	2.9669	0	25.2893	20.1643
MM_RS00570	22.9999	30.6095	111.4921	77.3389	4.2052	9.5147	15.5946	13.8166
MM_RS00575	232.9871	127.6809	113.28	26.4701	74.9986	83.7663	30.3321	32.4137
MM_RS00580	201.6388	201.7942	159.3716	28.1932	83.4602	127.8384	24.8863	54.044
MM_RS00585	75.6823	16.9751	25.4226	12.2654	0	0	0	7.9172
MM_RS00590	18.1325	21.0705	109.9847	160.0853	2.0252	8.7745	8.9677	24.5689
MM_RS00595	28.3298	10.1667	6.0904	11.019	19.9341	41.8747	10.6992	42.6761
MM_RS00600	196.799	210.912	299.9618	198.9727	26.641	42.4496	62.8829	42.1277
MM_RS00605	448.279	441.6053	300.3442	175.7833	146.8282	237.5329	133.7792	119.6016
MM_RS00610	591.467	689.545	511.8562	415.916	423.2377	676.0684	539.5128	654.398
MM_RS00615	69.9233	81.0048	30.3099	53.4964	21.1943	40.22	11.1015	14.7602
MM_RS00620	53.5208	68.0301	45.2026	37.793	39.2289	45.9121	22.5592	26.3948
MM_RS00625	538.1215	649.3638	655.4328	267.6789	86.1204	152.3641	75.0179	96.7193
MM_RS00630	28.0868	25.0564	11.2577	9.258	44.6626	48.8161	25.6197	26.2944
MM_RS00635	906.9008	1582.166	525.4076	991.9813	140.8957	249.0511	128.9565	132.6494
MM_RS00640	187.9496	142.2227	355.056	230.0642	54.6337	98.0299	158.2244	205.7679
MM_RS00645	251.6625	401.0271	549.6924	305.4312	106.5152	301.2489	175.3797	383.745
MM_RS00650	441.3319	420.2511	474.9218	344.4317	175.9644	301.4474	275.2079	263.094
MM_RS00655	180.1666	195.4002	89.2827	47.1136	57.2988	86.8885	37.4813	34.2449
MM_RS00660	979.6271	898.1981	1322.9121	1017.4548	143.8008	132.3569	192.5484	127.4633
MM_RS00665	38.6277	57.553	23.0802	17.6439	17.0236	15.0865	7.9949	15.1854
MM_RS00670	763.1405	1027.9343	430.1649	378.0718	43.657	286.5884	52.7218	57.1164
MM_RS00675	97.5154	224.6537	87.5426	54.3707	27.0848	52.7784	36.7255	47.8119
MM_RS00680	2121.927	2490.0927	437.4782	378.6091	602.9158	835.8011	140.1128	89.3621
MM_RS00685	1627.9796	1582.1978	288.9875	132.8546	720.5943	725.9936	195.9614	79.8318
MM_RS00690	35.9068	61.9784	46.7053	41.9372	14.3431	21.109	15.8019	21.2791
MM_RS00695	209.4859	164.4524	37.3835	23.8712	51.8217	80.1327	41.7212	45.8837
MM_RS00700	108583.8431	278699.8977	90662.4349	270492.4348	371949.3315	583790.0883	331644.7819	580999.8427
MM_RS00705	1793518.5417	1562275.0355	5168725.993	1486915.9324	14335821.1261	15882992.7352	15467783.219	14207740.6962
MM_RS00710	196447.3645	409354.1534	225883.0046	441990.9108	288305.6152	717351.9671	209806.4811	639880.6766
MM_RS00715	109328.4323	278951.1782	88058.3507	270280.4458	372682.9255	559089.1844	332711.3148	581063.285
MM_RS00720	1790979.3434	1561936.278	5143875.309	1484174.3961	14098104.1526	15519166.3848	15375269.8298	14107507.2136
MM_RS00725	196354.8157	408674.7259	225681.4107	412521.7238	288360.5625	717886.8404	208714.2733	641227.5453
MM_RS00730	153580.878	214473.1366	6935.146	4247.7028	44174.9109	88375.7293	3893.2252	2251.0057
MM_RS00740	1247.4249	1747.5376	611.3564	871.9977	621.3339	1159.4538	789.9895	953.2351
MM_RS00745	21.4159	22.4161	30.7676	29.6348	14.0066	13.3165	24.1086	16.1994
MM_RS00750	34.4301	28.6166	53.5919	41.7405	11.5365	18.5887	13.5097	24.698
MM_RS00755	135.5555	203.8263	131.0389	65.9061	28.7033	72.1808	100.4341	74.0545
MM_RS00760	305.7433	363.5701	624.6289	361.7007	32.9831	60.3461	35.1204	42.5191
MM_RS00765	210.9861	274.5768	93.4587	102.2041	13.5952	29.9868	17.5126	13.5825
MM_RS00770	111.1807	98.5214	303.8552	352.5479	29.8245	40.9641	71.1108	75.0372
MM_RS00775	109.3649	153.0232	253.4687	253.7519	33.0799	69.9466	49.994	133.7695
MM_RS00780	49049.8426	66259.2932	38234.9102	118095.2491	160542.1531	294764.3355	148379.4926	225188.5002
MM_RS00785	92.7193	83.3621	80.9387	26.416	40.17	48.5568	66.3538	63.7572
MM_RS00790	144.7806	165.0073	112.7158	332.1984	24.7559	40.3477	19.2435	23.1489
MM_RS00795	94.48	91.5256	73.5208	54.8596	25.1511	25.7029	15.3235	24.2544
MM_RS00800	183.6596	205.5257	47.7627	46.0872	34.7396	98.5176	27.9686	54.5398
MM_RS00805	79.434	97.2225	97.8253	90.0286	22.2093	51.9999	33.2776	44.4651
MM_RS00815	31.9984	35.7535	26.6428	9.6064	7.4532	12.9167	10.0009	9.2192
MM_RS00820	50.1243	143.905	32.3278	19.4961	0	27.7836	0	25.1692
MM_RS00825	331.5489	151.9049	376.3989	42.4313	15.62	24.0703	19.043	14.3315
MM_RS00830	68.3719	99.3251	57.2683	12.6636	29.1574	73.8276	104.7962	132.2744
MM_RS00835	59.1069	53.4814	71.7457	69.7171	13.6349	18.1998	25.7155	20.9018
MM_RS00840	28.6418	43.0902	23.229	33.0207	3.4193	9.0312	4.0483	6.6025
MM_RS00845	45.2622	48.0811	121.1948	69.1623	8.6834	15.4425	20.7609	24.317
MM_RS00850	45.5624	118.0906	612.1994	580.8779	17.811	112.2445	530.5617	508.4106
MM_RS00855	13.6329	9.7613	12.9858	9.4926	0	1.3528	8.9867	24.5098
MM_RS00860	22.5804	23.6649	11.9098	14.365	24.6879	28.6599	15.6916	22.254
MM_RS00865	59.2295	86.2843	76.6073	42.1419	13.5534	30.9519	20.4594	47.1506
MM_RS00870	428.1758	594.8237	222.3701	159.0558	970.4292	2226.6868	267.9986	672.3842
MM_RS00880	29.7807	30.1719	29.7253	15.7596	3.9202	7.5799	3.7299	7.8839
MM_RS00885	27.6589	22.6216	33.2102	21.2681	5.1761	6.7957	6.3897	10.5887
MM_RS00890	45.6893	38.6184	63.4633	54.1081	8.5824	15.7141	16.9939	26.8155
MM_RS00895	2.1965	2.6275	3.5416	1.4239	5.1519	12.1751	2.0739	7.3529
MM_RS00900	62.1665	32.9758	85.0064	120.5248	10.5119	11.7533	10.9201	12.3412
MM_RS00905	10.0296	9.2895	21.8269	9.0341	7.4817	8.4136	4.3297	10.9444
MM_RS00910	15.1202	16.8748	17.0646	7.1917	6.1626	12.9603	7.4431	10.494
MM_RS00915	18.5057	18.9223	26.7169	8.627	8.332	10.6815	15.4333	13.189
MM_RS00930	36.4954	43.4502	28.7763	14.3583	8.8958	11.9626	12.3271	11.9023
MM_RS00940	36.4823	92.2419	75.3116	23.6499	8.7513	16.0856	15.657	11.7963
MM_RS00945	51462.917	34981.4374	37821.1156	11962.3045	259170.9242	212644.4967	615508.6337	149631.6639
MM_RS00950	5480.7987	5943.5068	7230.3236	3104.2061	1951.4163	4326.5906	1359.0604	2296.6599
MM_RS00955	78831.5472	143518.1506	102620.4714	103533.5335	264740.9916	518652.2327	302070.1036	353321.8636
MM_RS00960	188134.5195	93655.6557	48585.3674	97281.2485	7121.4589	2505.4157	24490.291	7290.8166
MM_RS00970	136.0965	262.6195	306.3112	852.2163	34.1108	54.8661	104.3297	114.9338
MM_RS00975	77.2321	108.449	215.1912	331.5792	22.6933	67.5056	117.0781	114.5878
MM_RS00980	48.441	44.419	67.9863	68.568	27.8467	37.4909	55.0288	40.8278
MM_RS00985	74.6856	102.5074	51.2547	33.7634	1.1746	12.029	10.4025	5.0294
MM_RS00990	49.6432	51.634	91.6074	92.3442	14.9271	25.6667	41.5838	60.8796
MM_RS00995	62.6003	93.2331	84.5231	23.7548	21.4871	14.1053	15.8575	7.6668
MM_RS01000	71.2348	52.2901	78.892	54.5745	10.1261	25.9245	30.5716	22.5817
MM_RS01010	76.0309	77.609	46.2467	30.1038	18.6872	23.5532	14.6151	21.3369
MM_RS01015	57.2751	66.8792	232.4116	139.8387	15.109	32.0439	60.5086	72.1566
MM_RS01020	67.683	74.7296	92.1097	88.8326	13.3139	29.2482	16.6068	26.8973
MM_RS01025	425.6778	598.1104	3098.3896	2999.3325	64.415	122.3792	322.5992	365.7132
MM_RS01030	169.5282	214.4753	114.9814	78.1469	34.9252	58.3931	25.2488	34.0787
MM_RS01035	123.4457	181.5116	83.837	29.2716	36.1053	73.9486	19.3787	32.6361
MM_RS01040	917.7362	1301.9849	1603.7493	631.2608	87.0093	141.3662	24.0798	85.3756
MM_RS01045	214.3604	305.2114	175.3624	67.6351	17.7974	54.3267	16.1196	25.401
MM_RS01050	56.0377	61.3342	70.6547	14.8797	9.7885	25.0604	13.7912	6.9853
MM_RS01055	41.8942	49.2269	24.6758	11.7161	8.0337	19.2548	12.2476	20.0044
MM_RS01060	223.8544	236.6448	195.8579	111.3674	927.9915	591.5501	211.3557	265.7638
MM_RS01065	202.0043	98.1196	167.8779	55.7916	30.3354	35.5926	34.4332	89.5737
MM_RS01070	16.5317	35.4341	16.2635	4.0581	0	22.1688	6.8956	26.1948
MM_RS01075	17.4137	14.9641	17.5277	5.265	2.4911	6.1179	8.4941	9.725
MM_RS01080	9.6805	8.8014	10.5062	3.6258	5.2979	12.719	8.3275	10.982
MM_RS01085	24.4177	33.1266	20.3825	4.7148	6.0925	9.5986	8.3385	16.0864
MM_RS01090	20.7099	25.0839	33.8981	7.9331	5.8878	10.4358	20.1461	23.6344
MM_RS01095	45.7566	57.6462	23.7593	16.4328	13.7765	34.7084	29.1877	35.4438
MM_RS01100	17.8858	32.0934	9.6129	7.7297	4.6612	34.8826	0	39.9159
MM_RS01105	548.1753	530.1636	143.6737	50.4521	73.4141	229.7635	107.0281	123.1863
MM_RS01110	318.88	295.8224	202.864	101.2487	38.1597	24.0481	30.722	38.124
MM_RS01115	111.817	115.1673	25.5239	19.311	54.6808	55.4386	15.082	15.5362
MM_RS01120	7.3521	11.8629	19.9872	15.2681	0	3.4355	1.1704	17.6361
MM_RS01125	3077.6335	2956.0492	5167.0537	1208.7558	282.1584	416.7545	728.8156	427.8756
MM_RS01130	39.3889	18.4443	23.4382	6.3835	8.2488	6.4979	5.3128	4.7092
MM_RS01135	93.5042	85.7883	24.2756	17.9789	32.5252	55.6355	28.4303	23.2106
MM_RS01140	458.5047	621.4803	171.8629	100.9042	61.5091	114.1003	15.9743	52.3896
MM_RS01145	175.0376	227.5037	68.5968	96.9217	25.6593	53.9013	2.2953	19.3282
MM_RS01155	140.8506	224.6537	82.4305	22.3196	811.2258	630.3648	62.0603	395.5415
MM_RS01165	5.32	7.6822	6.4798	2.4048	1.3051	4.1125	1.0508	4.9673
MM_RS01170	258.7075	379.3562	316.2239	367.8777	39.1481	127.2098	74.8548	80.3392
MM_RS01175	79.9892	111.3814	128.4632	83.8265	18.1681	63.0891	24.4778	29.6345
MM_RS01180	21.5758	20.2519	15.8455	15.5447	8.1967	17.1249	6.3122	12.4616
MM_RS01185	36861.3462	60041.0615	22569.3932	86806.4592	65494.835	89556.6672	26043.2083	68129.7076
MM_RS01190	27.2175	39.0702	46.1837	14.8713	2.2799	7.9025	6.9751	5.5318
MM_RS01195	4.4915	16.4545	8.449	4.0035	0.6584	4.668	3.7106	11.2767
MM_RS01200	2.4549	9.2994	2.199	6.8961	0.9597	2.2679	1.5452	4.109
MM_RS01205	3.907	3.5052	4.8678	1.7269	0.6248	2.789	2.3474	3.2697
MM_RS01210	92.3736	114.8268	51.2883	54.1002	24.1729	34.2053	19.4614	13.0974
MM_RS01215	371.6659	248.0397	401.6135	71.0124	972.676	1120.4179	502.3615	890.5675
MM_RS01220	26.7385	26.8629	64.9747	23.3438	9.2292	16.9639	13.2846	20.5567
MM_RS01225	48501.8773	126678.6876	99387.789	131988.6633	90198.0362	153455.8008	94970.8406	99605.2782
MM_RS01230	78.3245	191.2928	312.8517	188.0961	14.6132	24.1194	24.0902	18.3736
MM_RS01235	46.6024	61.5718	54.206	25.7013	10.6043	26.9881	19.7017	19.7916
MM_RS01240	43.4308	126.1724	96.7037	88.4849	7.2762	11.4635	11.716	5.1924
MM_RS01245	6.3971	8.199	13.7527	7.1091	16.0761	22.795	14.6684	30.5925
MM_RS01250	32.4078	64.9928	26.1244	11.4582	8.637	16.3289	5.5628	3.6981
MM_RS01255	528.0805	667.7529	159.2122	157.4646	145.9064	454.2754	274.092	223.1173
MM_RS01260	187.0324	219.117	273.7327	63.7156	31.4362	57.7821	33.7454	22.4335
MM_RS01270	27.9615	69.1434	280.376	80.0799	13.2145	37.0122	57.5289	68.4557
MM_RS01275	12.9518	10.3324	3.8673	2.3322	8.4384	3.3237	6.7937	8.4305
MM_RS01280	199.6441	238.9041	78.2022	87.5026	13.8892	50.0165	20.7666	18.4072
MM_RS01285	31.61	34.345	68.2896	42.9918	4.3612	10.3066	9.3632	14.5238
MM_RS01290	9.4463	11.9899	7.3072	4.9816	14.2807	17.0382	7.9253	18.4031
MM_RS01295	75.9195	90.3052	34.5399	42.092	33.1925	63.3687	21.6928	41.2429
MM_RS01300	67.2408	83.1036	53.8869	38.9314	23.2776	27.2716	17.7796	27.6856
MM_RS01305	236.294	238.6614	104.2525	53.727	78.5841	87.9692	61.6024	56.079
MM_RS01310	35.8647	55.7734	36.7993	19.4451	7.6473	10.8434	10.4665	12.5517
MM_RS01315	90.9936	148.4429	93.7801	62.4324	21.9246	72.7475	54.5585	41.722
MM_RS01320	2806.7108	2195.3505	356.8938	233.2126	942.3025	1399.672	80.8018	122.0213
MM_RS01325	2112.5855	2157.2028	246.1838	216.3123	409.5563	733.2179	28.5696	43.9097
MM_RS01330	69.965	132.8834	167.5659	42.9682	21.5924	34.0186	8.1125	26.7084
MM_RS01335	527.6578	562.8787	495.6302	342.5482	158.8051	219.0963	187.4934	122.5062
MM_RS01340	740.8926	935.6168	1062.394	528.0311	215.9238	329.3001	268.4065	198.4641
MM_RS01345	499.7183	507.0699	344.055	218.7512	234.9251	324.9587	174.5006	207.5626
MM_RS01350	298.757	373.5066	400.3166	244.4583	141.9925	200.5061	138.0298	144.3067
MM_RS01355	575.1967	642.6248	196.0189	103.5111	238.3298	693.1415	173.8888	255.1146
MM_RS01360	13.4831	18.4331	4.8938	3.6324	8.6249	11.0001	3.4719	7.3272
MM_RS01365	16.2983	22.1552	7.167	1.921	1.7376	8.2128	6.2952	6.2
MM_RS01370	0	44.494	4.0484	1.438	2.7119	40.8018	0	62.2048
MM_RS01380	303.0908	598.5242	1163.5646	885.7223	203.1131	226.6687	545.0819	841.4868
MM_RS01385	63336.6321	111649.64	105185.2304	142471.7336	274082.5466	488080.71	598982.3483	503042.4202
MM_RS01395	46.8532	40.4787	39.1716	84.3693	61.0521	19.2374	250.6777	148.1306
MM_RS01400	114.2365	190.955	108.7145	121.0133	14.7885	68.6491	17.2213	46.5476
MM_RS01405	273.7404	402.8476	246.9209	163.6998	111.3655	233.777	195.8481	130.0896
MM_RS01410	251.247	411.8667	213.2373	100.9042	78.3745	174.2764	99.8396	94.8676
MM_RS01415	215.863	240.434	240.0276	161.7023	21.9398	29.6913	31.7039	25.693
MM_RS01420	422.7786	629.4646	314.9963	272.8929	189.3871	189.0424	82.2331	132.1129
MM_RS01430	193.7627	259.273	242.1914	295.0178	54.4779	98.9105	64.7341	76.7133
MM_RS01435	72.705	83.4246	30.8362	16.5637	23.1547	22.7464	8.1146	16.9124
MM_RS01440	224.109	414.8508	121.1224	106.3224	26.4291	28.9158	17.7315	30.386
MM_RS01445	114.7672	180.9711	61.3712	33.066	47.5832	68.0057	44.8761	61.6063
MM_RS01450	452.7543	674.7144	493.7272	374.3206	326.0952	471.5713	252.8074	506.6171
MM_RS01455	307.7847	154.4494	172.4312	123.434	97.8855	139.7598	238.8829	141.8885
MM_RS01460	90.1406	60.0654	80.8137	139.0927	31.476	56.0706	54.2816	79.2544
MM_RS01465	2.8848	4.0973	1.8606	0.374	0	0	0	0.4829
MM_RS01470	713.9094	611.823	140.3073	86.3427	165.5722	329.7634	42.7568	164.9715
MM_RS01475	4385.6572	2805.6563	4144.3988	2120.2275	2390.3972	2421.5484	1226.3531	1145.9508
MM_RS01480	144.1297	138.644	52.8709	41.2252	58.2652	52.6314	6.5672	9.1474
MM_RS01485	74.7466	78.2376	33.143	27.8616	17.5317	25.8948	51.1656	28.1496
MM_RS01490	266.3841	481.1733	110.2414	70.801	78.1001	127.9679	70.423	115.9259
MM_RS01500	157.9565	171.5379	97.4143	55.681	11.0975	25.5535	15.1199	16.4479
MM_RS01505	16.2291	20.0434	30.6046	14.7948	4.4354	4.6992	13.4218	17.3541
MM_RS01510	14.0412	7.6984	28.9285	30.341	6.8611	8.6477	6.6286	11.7509
MM_RS01515	10.9068	12.9357	36.6372	31.4949	4.2636	4.1983	9.2251	13.5015
MM_RS01520	36.1681	31.7741	48.9935	39.019	7.8164	7.1046	17.1361	16.3905
MM_RS01525	22.1784	28.6701	78.0567	19.9427	9.2292	11.8968	19.5891	28.7394
MM_RS01530	40.2536	85.6873	147.7924	36.5967	17.0855	29.8622	27.5107	39.6256
MM_RS01535	48.4281	93.1928	161.0984	219.6535	12.6869	21.3288	26.2828	36.2145
MM_RS01540	22.5771	27.0076	22.0624	26.6105	19.2562	39.8185	40.6953	27.4831
MM_RS01545	12.3148	22.4114	33.0936	21.2884	4.814	11.3767	1.9379	12.0238
MM_RS01550	77.3711	119.0581	206.7852	276.7719	31.7578	69.5279	60.4333	65.3398
MM_RS01555	48.7422	55.1881	216.3159	216.9338	11.3684	19.1721	60.3297	56.7887
MM_RS01560	129.1594	101.2274	156.6559	91.4277	54.5528	64.4606	65.8799	74.5465
MM_RS01565	146.1922	214.3403	233.2997	120.0422	80.8874	211.9339	117.5023	163.7567
MM_RS01570	369.1257	686.8762	435.0963	232.2915	54.4277	134.6081	80.5052	82.1975
MM_RS01575	275.7796	276.0021	428.9752	296.6804	96.728	144.1883	117.8107	115.7527
MM_RS01580	336.225	572.5705	624.0626	418.896	54.4685	71.8232	90.5642	134.354
MM_RS01585	398.5586	448.5671	500.7278	387.5205	77.8948	175.9385	105.4456	146.5925
MM_RS01590	133.6728	158.8133	92.0814	50.65	25.3913	30.4377	18.6648	13.3928
MM_RS01595	1150.5074	1314.0013	590.3716	600.7091	384.628	428.0322	181.8642	257.0502
MM_RS01600	972.987	1092.78	280.6964	377.9835	245.4128	481.6549	151.1401	149.6846
MM_RS01605	1570.0551	1675.1451	387.2806	324.6484	208.0066	465.1405	121.07	129.8473
MM_RS01610	46.0329	47.3759	62.0313	30.4178	37.8154	29.5835	33.5943	38.7106
MM_RS01615	14.3542	9.0625	18.4298	8.2713	6.5465	11.7873	26.3526	27.3627
MM_RS01620	1.4643	2.1896	4.3286	1.4239	2.5759	4.0584	0.6913	2.451
MM_RS01625	11.5654	19.2064	15.1144	9.7395	1.8071	7.4313	4.001	11.2839
MM_RS01630	41.8959	87.4127	67.2902	20.2116	59.9882	83.7096	21.1582	64.8245
MM_RS01635	309.1328	409.5513	386.1628	365.2295	61.8658	112.4143	56.4486	76.2298
MM_RS01640	293.5178	269.4826	336.0958	356.3145	57.5443	88.2212	54.4307	72.9219
MM_RS01645	273.2611	256.7487	367.3872	430.0538	110.2165	160.126	144.6155	155.3998
MM_RS01650	298.2428	333.5376	464.4573	309.0224	168.768	237.3091	101.5656	155.3623
MM_RS01655	721.0377	849.1377	382.7132	405.8105	175.6694	365.5786	143.5408	155.2977
MM_RS01660	2129.4777	1754.2575	1160.8787	1134.8938	604.3776	707.1423	751.3354	995.7829
MM_RS01665	724.0707	1000.8565	408.7413	353.7964	84.5512	246.7244	89.298	83.0448
MM_RS01670	1482.1036	1633.2934	2269.6814	809.4275	63.4933	178.184	194.8869	127.4342
MM_RS01675	41.5705	62.5988	129.8491	42.4833	10.8974	35.693	22.1644	33.1528
MM_RS01680	185.9745	220.253	377.6093	415.6603	26.3721	49.971	55.0882	46.7946
MM_RS01685	96.5331	137.8723	192.8154	186.597	28.8167	27.5646	35.3526	24.9707
MM_RS01690	104.8107	116.8236	170.3404	173.6869	59.5703	89.226	88.4887	82.0271
MM_RS01695	150.2406	203.1871	56.585	30.2513	28.0308	37.8534	22.0301	17.1457
MM_RS01700	83.467	96.4805	107.3619	52.2842	23.6465	35.0889	36.3042	35.7113
MM_RS01705	128.3837	298.0772	150.008	111.6474	55.1501	85.7601	74.9625	90.979
MM_RS01710	12.6691	72.6559	85.3144	3.8649	0	1.3769	7.0363	1.2474
MM_RS01720	102.8896	156.527	478.9095	371.6631	31.3353	72.6422	111.0022	103.3736
MM_RS01725	170.0902	216.1844	399.9476	151.6104	24.934	49.1042	70.2596	17.7934
MM_RS01730	6.3971	9.5655	10.3148	5.0356	3.2152	2.9549	3.8828	4.9713
MM_RS01735	30.5367	29.9843	26.6699	11.5475	53.7176	37.8492	59.3453	53.6674
MM_RS01740	6.4011	6.0646	5.0527	3.2865	3.619	4.6835	6.0354	6.8254
MM_RS01745	10.601	13.9321	9.9689	3.006	0.7769	3.0599	0	1.6632
MM_RS01750	3.4778	1.3868	5.6075	1.503	1.3595	6.4257	1.0945	2.9105
MM_RS01755	3.4778	8.3205	1.8692	0	5.4381	14.9934	13.1345	11.6421
MM_RS01760	20.8668	18.812	13.1487	3.2651	51.4743	73.7852	114.1339	44.5613
MM_RS01765	26.8887	36.1858	14	20.1543	10.9648	16.3015	18.2472	7.0322
MM_RS01770	66.3714	86.0532	44.5899	50.3596	50.3046	44.5931	19.2269	35.3472
MM_RS01775	11.8969	14.9623	19.7912	12.4865	5.9794	6.2804	6.9535	7.5858
MM_RS01780	4.3675	6.5328	18.3874	13.6843	3.4146	5.3797	9.6218	10.3561
MM_RS01785	16.7031	15.8696	32.0854	20.4249	3.8895	5.3619	12.5256	8.3268
MM_RS01790	10.9414	14.5184	14.8006	8.0967	6.8826	7.0899	10.0876	13.7271
MM_RS01795	16.2869	11.4442	16.7667	7.55	2.9268	2.6898	5.1054	9.7469
MM_RS01800	5.2902	14.766	15.164	9.145	6.204	4.8872	8.3247	11.8061
MM_RS01805	2.129	3.1079	8.3725	3.7402	2.0299	3.7311	7.6265	5.3114
MM_RS01810	26.1783	16.3385	27.5278	9.5919	0	4.2059	9.6717	3.8102
MM_RS01815	12.831	13.4518	9.2469	12.3231	2.272	1.3581	0.6563	4.3369
MM_RS01820	1627.607	2113.1813	529.104	279.7269	496.8023	733.5903	92.301	159.3218
MM_RS01825	135.7187	228.7127	244.5426	199.9359	19.0996	39.4948	19.5415	26.1238
MM_RS01830	18.7153	33.569	25.527	5.6151	16.8768	30.5776	25.816	51.8248
MM_RS01835	887.1913	1206.3568	75.8992	133.9281	127.66	211.093	36.4198	16.1409
MM_RS01840	152.793	162.35	140.9891	109.0298	34.2231	45.5116	31.1079	29.9369
MM_RS01845	4281.8909	3765.3279	4010.5796	2142.5107	515.5216	1062.8788	773.7202	785.7304
MM_RS01850	14828.3856	22024.5789	26545.0409	20683.1575	3397.513	6397.4779	4150.9501	5061.7283
MM_RS01855	437.9147	410.1477	1107.9811	481.7604	299.3813	315.9517	589.1526	458.7694
MM_RS01860	360.1899	459.5504	121.6089	58.6714	24.7662	48.7737	18.5148	12.624
MM_RS01870	60.7045	50.0934	115.9149	73.2162	10.9522	18.064	20.6661	24.4241
MM_RS01875	129.3843	248.3672	157.0105	75.7513	44.0485	44.3376	19.7017	61.1212
MM_RS01880	204.2069	181.0128	141.7668	133.9569	249.4654	242.9861	79.1893	555.4314
MM_RS01885	24.4645	30.12	29.3911	28.9198	1.6877	13.2946	0	7.2262
MM_RS01890	41.788	55.1186	20.3372	17.5236	13.0143	19.4525	7.2538	17.1457
MM_RS01900	50.1359	40.4878	37.026	22.5235	23.8859	28.7775	20.3615	22.0588
MM_RS01905	809.3638	869.3024	441.6816	1011.0726	10407.0992	6040.7399	29205.021	12431.5682
MM_RS01915	49.8954	101.9646	64.0623	17.3705	37.9261	43.9606	23.991	29.3846
MM_RS01920	172.4073	223.4237	151.1261	168.9755	1526.0504	4127.8515	2536.6725	3617.4587
MM_RS01925	24.0409	10.3961	0	0	0	0	0	0
MM_RS01930	167.8508	109.5227	50.6165	38.6916	383.4756	919.4613	174.2443	653.1773
MM_RS01935	171.4284	195.852	86.5456	44.9513	36.5941	65.1273	44.3743	51.5836
MM_RS01940	74.702	124.0105	60.7057	57.3365	29.4357	43.6153	23.4163	28.5079
MM_RS01945	183.8869	283.0919	129.1641	111.7449	34.0471	92.1954	46.2561	57.7045
MM_RS01950	602.2578	1225.2478	180.2137	271.4732	329.0977	806.3192	156.2547	266.7654
MM_RS01955	395.3996	631.7383	714.7247	218.7848	48.9427	90.5191	53.1089	57.7045
MM_RS01960	339.5144	669.5563	318.2432	1054.6299	69.0956	229.2854	109.8659	103.5465
MM_RS01965	675.6854	1630.8198	775.4398	550.0987	508.0722	895.9314	497.233	538.8644
MM_RS01970	181.0592	314.5141	169.7784	124.8648	72.2847	225.9882	110.9356	120.8991
MM_RS01975	282.9051	507.6318	289.2186	296.5538	110.1211	204.635	180.7251	108.8092
MM_RS01980	147.4965	224.6537	182.5132	84.4975	42.2382	166.365	56.6761	87.5552
MM_RS01985	58.4269	97.6378	21.9316	6.6132	19.5771	35.1274	2.6269	3.8807
MM_RS01990	158.7049	186.6841	77.7155	38.8664	107.5361	128.6958	23.309	42.7971
MM_RS01995	29.2677	28.2795	5.5347	6.3243	14.6193	29.041	9.2112	14.5149
MM_RS02000	61.4367	75.9981	39.5236	33.4907	23.4707	37.8378	27.2455	37.7828
MM_RS02005	152.1181	207.3183	182.99	74.5636	53.1208	73.3474	66.7935	76.2418
MM_RS02010	126.7239	112.1741	182.5126	167.6366	11.7463	23.1327	33.0705	30.1002
MM_RS02015	62.6003	71.2008	74.1847	76.5053	8.4246	26.0716	14.0496	26.1948
MM_RS02020	28.0397	27.0634	87.1502	72.9895	6.8823	15.0603	24.8323	31.1063
MM_RS02025	58.7494	54.8254	167.6217	105.6443	25.4337	29.4924	99.5693	111.8887
MM_RS02030	168.0586	126.2846	37.9354	44.1217	119.2363	159.9103	80.9224	58.3669
MM_RS02035	71.9591	101.5047	97.6938	68.489	41.4631	80.311	65.1923	53.608
MM_RS02040	678.0022	760.635	554.6075	379.5452	62.0702	154.1053	106.4925	48.5711
MM_RS02045	135.7159	220.8903	100.1156	49.4782	51.927	81.8106	90.82	79.2233
MM_RS02050	137.6563	212.2323	200.052	138.9261	37.0377	40.6384	24.494	31.1506
MM_RS02055	408.061	590.3168	389.7849	413.0249	87.0093	133.6553	66.5479	68.3005
MM_RS02060	519.7616	794.4654	612.2805	729.7278	67.4616	149.0076	111.8204	128.3781
MM_RS02065	157.2641	221.1424	64.0078	40.5811	66.2517	127.6528	43.9684	60.6953
MM_RS02070	39.7772	42.4657	69.1517	91.602	33.9147	31.9954	18.3119	29.5643
MM_RS02075	1093583.0057	2888293.67	609061.2645	1768951.1064	593938.3663	1897754.9407	598809.9141	1276934.6849
MM_RS02080	1066552.1099	706451.7829	2970039.5769	1541229.3558	72697727.538	50221757.9298	64774104.3219	65212931.4336
MM_RS02090	304.7694	713.0995	882.4196	642.8408	635.6993	529.6852	439.258	720.3569
MM_RS02095	721.3936	975.993	437.3865	276.3376	127.6007	229.9496	153.3917	208.311
MM_RS02100	2779.5842	1508.884	206.0541	86.53	913.2092	826.6252	64.7341	43.1036
MM_RS02105	2735.6016	2035.099	242.8926	189.6676	865.2656	1143.6438	88.4995	71.7205
MM_RS02110	2128.6302	1403.4877	199.465	102.5041	302.5481	503.7031	20.0226	27.4988
MM_RS02115	21.8437	24.2784	27.2845	20.1886	7.7472	8.1371	10.9894	11.3204
MM_RS02120	32.1911	24.5058	17.2004	14.363	9.2799	14.133	5.9769	10.7428
MM_RS02125	0	19.4564	1.987	2.3966	4.3227	6.8274	0	0
MM_RS02130	24.5335	40.898	92.9487	54.1081	5.691	8.2937	22.9089	14.9103
MM_RS02135	34.6076	24.456	130.2932	29.8692	8.3108	8.3665	8.4365	20.08
MM_RS02140	171.5586	180.3832	245.0638	100.2462	35.3181	52.2048	44.7281	60.0356
MM_RS02145	74.9232	69.8969	154.0025	77.6901	56.8321	68.5086	58.5706	157.4653
MM_RS02155	61.3798	78.4496	66.9208	34.6845	16.6082	32.4381	31.1432	39.0672
MM_RS02160	13.723	30.3576	0	5.0766	0	5.5586	2.4059	5.8491
MM_RS02165	43.2583	104.7457	44.8602	33.8175	3.4959	16.5233	25.3307	19.9579
MM_RS02170	62.8157	60.6983	72.9296	30.829	19.3495	23.9844	21.9926	26.514
MM_RS02175	58.6758	60.7921	34.6772	30.4517	11.4272	33.9165	19.1875	25.9348
MM_RS02180	62.1756	51.6953	26.9807	26.0674	74.9112	88.496	73.0562	123.1135
MM_RS02185	201.4331	163.0031	312.0497	172.827	34.7396	82.098	50.3434	104.1214
MM_RS02190	53.7394	56.8542	78.2131	29.9617	23.6709	37.8338	30.6573	42.5971
MM_RS02195	183.4619	110.8898	77.2942	31.3813	13.7525	27.8831	10.7464	22.4848
MM_RS02200	89.8866	115.2811	33.0144	45.742	201.3302	363.9311	316.518	231.5024
MM_RS02205	413.1618	612.3895	308.0397	1364.4252	58.7313	134.9405	110.3294	146.6909
MM_RS02210	48.2074	71.057	133.8351	87.4572	13.8287	25.3114	26.5236	45.859
MM_RS02215	2188.0033	3905.8353	3282.7088	4085.396	99.0721	351.1964	183.4528	304.0084
MM_RS02220	35.8255	60.9217	26.6652	7.7434	12.9707	13.4893	6.6833	16.2908
MM_RS02225	9.0378	10.1845	7.5719	2.2465	2.8056	5.157	4.0156	7.7861
MM_RS02230	7.9633	12.7302	7.371	3.0113	1.2971	5.0912	3.7593	6.109
MM_RS02235	45.3185	69.355	25.7302	9.815	10.2438	10.7594	4.3985	13.1583
MM_RS02240	1.0097	6.0391	7.5946	0.6545	2.3682	1.8655	0.9533	0
MM_RS02245	8.786	11.167	4.7221	0.7119	6.4398	11.1605	1.0369	4.5956
MM_RS02250	7.7876	22.2873	6.7612	1.165	0.7025	0	1.1312	3.008
MM_RS02255	5.1102	9.679	5.0353	1.6564	2.9965	0.7868	0	4.2767
MM_RS02260	46.6848	49.603	33.6451	56.1891	30.7461	36.5565	22.2275	38.5086
MM_RS02265	59.8114	60.1315	25.5195	28.6364	28.263	37.0995	28.5489	32.6199
MM_RS02270	19.8917	13.2973	13.2065	11.125	11.8926	34.2306	16.5715	30.683
MM_RS02275	41.2593	28.9327	30.5865	12.9122	13.348	21.0297	13.433	21.4321
MM_RS02280	178.7058	271.232	238.2701	86.7595	312.7609	457.3352	307.0745	606.9967
MM_RS02285	63.2524	75.4696	182.073	111.1752	31.3539	46.3858	65.2618	50.7524
MM_RS02290	59.7067	62.5688	119.9565	69.1248	19.189	33.9687	50.3391	60.4673
MM_RS02295	39.0235	63.3532	175.0295	148.4709	16.0721	25.3215	67.11	46.6549
MM_RS02300	361.3743	357.3918	597.2008	136.4999	38.3756	64.4034	60.4483	80.9657
MM_RS02305	12.0883	69.2037	46.175	29.3863	3.5441	14.3582	6.5219	13.3684
MM_RS02310	49.1774	35.5167	87.4645	79.314	3.9006	9.8764	12.5612	16.701
MM_RS02315	29.2163	43.166	91.6182	56.1891	13.9299	17.2012	19.7017	42.7177
MM_RS02320	4.6209	5.5437	34.8863	36.9801	2.1958	2.7676	20.507	29.8772
MM_RS02325	171.6035	110.494	55.9963	36.3243	25.6693	32.3534	18.1862	17.5853
MM_RS02330	15.6501	15.601	23.6762	9.7695	7.4774	7.4967	2.7363	3.3956
MM_RS02335	22.7937	19.2894	19.6623	6.68	13.8973	46.1701	2.9188	25.4402
MM_RS02340	400.5806	424.6992	1014.2203	564.138	696.1466	761.8121	760.5927	1967.7983
MM_RS02345	9492.7689	6328.7072	3455.9574	1361.0261	1596.286	2950.8963	948.7118	1069.2851
MM_RS02350	101.4068	217.7068	240.8442	106.1351	75.0751	218.2425	110.7217	175.4222
MM_RS02355	853.7337	909.0927	369.1271	345.3564	115.4082	125.1829	139.1279	65.9721
MM_RS02360	377.2171	297.8561	315.6129	426.7556	171.4574	378.3308	244.8093	237.2742
MM_RS02365	176.8152	162.4991	120.7757	121.178	71.1646	104.0647	94.1729	92.8128
MM_RS02370	103.1063	112.3262	683.0807	242.4633	86.9865	145.794	367.544	330.1865
MM_RS02375	135.2028	178.4454	866.6165	440.6903	35.5947	86.6882	98.9969	127.5824
MM_RS02380	172.6622	382.7434	355.3628	185.1345	39.3461	112.6394	69.5354	71.9073
MM_RS02385	941.7062	829.8852	236.6656	103.6423	1135.0136	895.3502	181.9925	600.0305
MM_RS02390	92.4991	75.193	178.4169	58.4624	39.1284	36.9268	59.8848	50.3161
MM_RS02395	64.1124	87.1845	140.4318	106.2557	13.477	45.8183	11.9923	30.3708
MM_RS02400	486.079	493.6778	416.5111	729.5851	117.1859	146.6417	135.87	151.7394
MM_RS02405	3180.0633	3215.7273	2722.3446	2771.0798	570.527	855.9001	638.3285	580.7706
MM_RS02410	146.874	190.0164	178.7073	80.8535	16.1902	25.0576	28.3165	34.6608
MM_RS02415	71.6797	69.9633	92.9735	42.1299	22.4165	25.6048	28.8757	26.3948
MM_RS02420	130.8084	124.0625	89.3855	41.1867	30.6805	75.958	19.4076	31.2774
MM_RS02425	53.5085	50.3927	51.5061	26.052	30.8158	19.9912	43.7815	49.1557
MM_RS02430	17351.3435	43256.212	29509.5935	60537.6408	4969.231	9575.6354	10052.353	9908.9672
MM_RS02435	23.0369	35.3455	22.0712	8.4409	63.4298	64.7714	19.8593	98.0733
MM_RS02440	75.8568	75.9162	65.7069	37.2391	19.0013	34.699	25.0327	22.1885
MM_RS02445	122.3711	146.3845	89.3401	49.5226	146.8282	193.4256	74.1318	92.3478
MM_RS02450	1181.6935	1882.8247	1024.4275	910.4271	61.1784	160.0847	60.3899	82.7604
MM_RS02455	221.9484	343.661	163.3333	69.7159	58.7313	115.6633	37.1517	88.8128
MM_RS02460	443.333	493.5017	219.5206	216.8758	144.4212	263.5606	48.4468	109.9323
MM_RS02465	169.1305	200.3491	138.4172	76.1785	57.3145	135.4478	83.4729	85.0182
MM_RS02470	21.4269	18.409	69.5483	18.2479	15.2741	51.2334	43.2379	75.5957
MM_RS02475	68.181	43.9289	164.8944	66.0949	17.0815	41.2265	77.5388	73.6567
MM_RS02480	63.4903	225.3636	147.9747	113.4731	41.0562	56.4612	146.7822	104.2826
MM_RS02485	424.5081	451.6476	228.1559	807.8166	22.9419	65.0606	83.1165	55.6639
MM_RS02490	213.3794	174.3281	107.0855	401.8833	3.947	46.0166	47.6654	38.3064
MM_RS02500	21.6693	84.9652	80.2307	12.4865	5.6472	30.028	7.9564	21.1573
MM_RS02505	57.624	95.183	68.6048	176.4843	21.334	53.2418	38.1044	65.3751
MM_RS02510	7.8676	9.2641	58.9657	15.4794	0.7568	1.1924	6.0933	7.0213
MM_RS02515	37.7147	66.9209	84.7358	28.056	9.0635	28.5588	7.5888	14.2293
MM_RS02520	40.572	57.6751	33.8541	12.0987	14.5916	10.7761	7.3422	11.0636
MM_RS02525	88.6613	80.965	81.1526	86.7355	36.5495	65.526	121.2541	97.5841
MM_RS02530	56.412	68.5896	65.2599	51.0762	48.7318	80.1225	62.9265	72.4873
MM_RS02535	95.4946	98.0671	79.7739	82.6247	47.5032	76.411	83.175	53.5749
MM_RS02540	206.566	302.9962	340.9242	305.1789	67.4731	111.6518	120.6016	81.7641
MM_RS02545	408.9884	591.2316	373.621	262.0377	124.4544	245.6468	207.1491	191.5962
MM_RS02550	236.4899	313.0571	228.7401	146.8245	29.0597	71.4863	73.4709	75.31
MM_RS02555	181.2113	165.5343	79.6858	86.1457	170.0116	252.6329	125.4686	165.4408
MM_RS02560	707.0927	868.657	584.168	577.9455	122.6257	188.1117	98.7249	130.1104
MM_RS02565	65.1043	216.4269	49.7948	35.7113	23.4925	27.7592	4.7284	16.7647
MM_RS02570	190.8535	306.0391	93.4046	51.1905	39.3389	58.9656	14.6793	34.2416
MM_RS02575	69775.6081	65099.0201	36829.2826	7951.5223	7501.0676	13228.2847	14040.6055	4961.2439
MM_RS02580	203.6595	237.6337	558.0603	133.1059	32.3022	66.3136	141.0641	101.9851
MM_RS02585	148.0573	177.7231	328.017	236.4095	36.0069	67.7591	83.7456	97.3561
MM_RS02590	174.505	197.969	105.0273	93.2267	88.2953	71.1376	40.7346	72.2127
MM_RS02595	444.5897	383.3219	159.5781	99.3822	110.8703	118.0237	113.3852	151.8229
MM_RS02600	1359.3688	1669.168	743.4989	943.4239	196.9296	103.4203	150.9965	140.5324
MM_RS02605	1605.0774	1965.331	1174.3834	883.1155	94.9082	523.3444	241.9642	180.6084
MM_RS02610	109.356	100.1172	55.1012	40.8831	16.7595	26.9785	13.7863	16.1199
MM_RS02615	36.066	50.4852	36.2517	20.708	11.4804	26.1789	11.6751	16.3852
MM_RS02620	53.9927	77.8631	25.2338	9.638	6.4237	23.1327	12.5598	8.5133
MM_RS02625	151.3618	188.5005	46.8688	30.6882	15.3403	35.1018	18.2314	15.6387
MM_RS02630	145.4279	177.1348	266.3494	436.7832	81.7984	119.2118	86.5996	77.9277
MM_RS02635	87.2877	98.4898	146.4273	200.0474	6.721	9.3671	9.9896	16.9713
MM_RS02640	198.5332	333.2332	483.0477	594.2226	24.1218	48.7438	43.0623	53.8864
MM_RS02645	32.2275	66.5641	75.1408	44.7895	12.2357	33.4138	26.4878	40.9415
MM_RS02650	127.0417	151.9717	334.472	69.2265	127.3951	142.8782	15.6455	130.974
MM_RS02655	15.2418	31.9073	9.3621	10.5864	61.2848	29.1673	22.6141	61.0453
MM_RS02660	64.9188	108.86	51.0907	37.575	4.0786	16.0643	2.1891	5.8211
MM_RS02665	36.169	72.3884	27.6638	18.036	9.7885	15.4218	5.2538	6.9853
MM_RS02670	7.3647	12.2011	14.9302	3.6725	6.6438	13.6074	4.2791	7.5858
MM_RS02675	17.5257	22.1205	9.9727	5.0494	8.8661	11.8536	4.5424	7.9567
MM_RS02680	24.1134	33.8683	16.2858	15.6292	6.9446	10.1596	5.1917	8.4956
MM_RS02685	147.8062	241.1128	44.8602	21.4178	18.3535	36.948	29.5525	42.2027
MM_RS02690	3.0537	4.1095	0.4103	0.4949	3.5812	1.4105	0.7208	1.9167
MM_RS02695	272.5795	264.0216	97.2894	101.5686	62.9264	162.5895	25.6685	57.4789
MM_RS02700	0	59.7515	0	0	30.1707	35.3397	34.4751	0
MM_RS02705	24.7758	44.1351	79.3719	63.602	16.2712	12.5124	27.1353	42.2987
MM_RS02710	40.8276	62.2282	171.508	126.6921	7.1624	39.4948	122.5349	60.0564
MM_RS02715	44.5065	30.1014	137.0396	146.685	11.7072	27.2827	47.9124	70.665
MM_RS02720	58.8359	67.713	164.404	253.0667	16.6776	37.6099	75.823	103.379
MM_RS02725	182.0045	160.5161	601.8738	529.8082	23.1118	40.1609	101.792	96.5327
MM_RS02730	68.2557	53.5392	242.3287	450.0578	13.7223	23.4209	50.8193	52.5528
MM_RS02735	241.3044	229.9636	331.9728	383.9304	656.6671	1007.3898	2501.7504	2149.1806
MM_RS02740	1542.5943	2401.8536	2346.02	14304.5705	306.3452	862.1455	720.9357	1131.874
MM_RS02745	84.057	59.7695	57.8972	23.6246	19.9907	21.3135	18.0368	27.0557
MM_RS02750	10.7315	13.1048	22.5903	8.6959	4.1951	7.4355	8.8658	17.5879
MM_RS02755	8.1025	13.3737	6.3216	3.5583	4.2914	6.5196	12.586	6.1249
MM_RS02760	0	21.3766	0	14.7335	49.1834	39.0796	14.1489	14.0861
MM_RS02765	232.7027	143.3491	82.6701	51.0157	990.0321	822.8537	337.7399	263.4423
MM_RS02770	32.861	33.4137	15.7187	12.7814	5.0099	10.0181	0.6205	5.2252
MM_RS02775	29.5929	43.2554	7.9525	8.1162	10.6784	16.8237	6.4478	4.7627
MM_RS02780	60.2817	62.4038	43.614	24.7995	27.1904	19.2772	4.3782	19.4036
MM_RS02785	41.2908	54.7984	28.754	24.6704	23.2855	34.1385	15.6225	27.6949
MM_RS02790	7.1542	0	3.8451	2.3189	0	3.3046	6.7548	17.962
MM_RS02795	55.5324	55.5705	134.5805	66.4721	16.6095	24.0747	71.6749	59.7384
MM_RS02800	73.9331	71.4416	152.4664	53.2918	18.5645	34.3999	66.7479	29.8079
MM_RS02810	91.2175	82.373	48.2634	15.073	8.3902	16.5233	8.4436	16.4653
MM_RS02815	32.1944	62.2578	122.6605	69.1037	3.3561	6.6093	18.9136	11.9748
MM_RS02820	771.4562	684.9737	471.9885	227.97	101.4842	176.8968	112.9949	115.5653
MM_RS02825	24.5276	33.4178	20.2658	8.3061	8.1571	11.8369	13.8257	11.0294
MM_RS02830	65.322	65.117	114.1008	45.8742	9.5758	20.1154	23.1281	47.834
MM_RS02835	49.1585	47.3197	107.7469	56.2658	30.6267	63.1536	21.0312	54.6395
MM_RS02840	6110.6912	7135.6886	3396.9407	3766.704	1206.4678	2059.6423	887.2879	758.7023
MM_RS02845	31.2982	14.04	8.4108	0	4.5881	18.0713	0	3.2741
MM_RS02850	6.9556	3.2002	6.614	3.1216	20.0791	5.9314	1.0103	8.9555
MM_RS02855	231.7261	543.1049	98.0525	37.1023	12.5852	29.7417	40.5288	32.9303
MM_RS02875	53.0511	49.8626	44.8058	19.6518	53.3274	56.0113	21.4667	82.4534
MM_RS02880	116.7318	125.8142	88.6952	49.4095	33.0162	58.3603	36.9542	32.7555
MM_RS02885	393.0715	379.6474	123.6262	75.4996	126.3405	193.6687	57.7305	65.7916
MM_RS02890	185.7976	121.8272	81.3509	30.2844	162.1685	134.6528	42.3439	50.0438
MM_RS02900	154.2964	153.4607	52.6001	34.3013	26.884	41.541	5.8273	13.2819
MM_RS02905	60.3908	53.7407	48.2906	21.9615	15.5465	16.3289	20.8606	18.4904
MM_RS02910	106.7866	206.9989	47.4981	45.3544	21.592	27.2144	0	15.4084
MM_RS02915	471.1978	497.5223	409.5022	207.6162	499.2521	611.7746	303.6907	450.6168
MM_RS02920	1191.2539	1504.4385	1023.5858	383.6599	106.7798	189.2595	53.7297	111.125
MM_RS02925	12.8778	13.6932	20.7638	7.8843	7.5512	11.8968	31.7479	13.771
MM_RS02930	13.3192	6.3732	38.6561	12.088	0	7.3828	0	2.2293
MM_RS02935	84.0763	251.4373	111.0043	202.6091	5.8946	10.9753	4.7457	9.1777
MM_RS02940	9.6308	14.6224	23.0937	17.7692	1.7376	10.266	9.0931	9.9199
MM_RS02945	9.0281	9.9578	17.3948	6.1838	2.597	5.193	10.7756	11.262
MM_RS02950	15.0507	15.5498	42.6539	13.3053	8.0234	11.3767	17.4408	17.1769
MM_RS02955	30.9323	50.7618	132.9121	38.5688	5.4606	10.0369	16.608	11.6902
MM_RS02960	6.7473	8.2206	53.1875	6.804	2.0515	1.6269	5.1909	4.1828
MM_RS02965	60.5274	66.4534	158.6445	69.8747	9.7237	11.4897	13.3084	10.4085
MM_RS02970	126.5184	156.0173	84.2899	181.1196	30.1384	31.6552	19.9091	23.7132
MM_RS02975	218.8379	310.2361	41.2789	62.7472	37.0155	70.9531	21.854	22.0124
MM_RS02980	0	6.5117	7.8018	3.5288	6.3838	8.3814	8.5659	16.7039
MM_RS02990	32.0019	80.8898	154.7977	24.385	19.7527	39.4189	29.685	31.9506
MM_RS02995	14.6173	42.9541	72.0723	4.5319	3.7266	10.5682	2.4002	1.5956
MM_RS03000	17.1297	14.057	11.4671	5.3196	2.7496	5.1983	2.435	2.1584
MM_RS03005	7.4906	7.0404	8.0518	2.0811	5.0198	3.9543	18.1862	4.4777
MM_RS03010	123.9609	178.1519	205.2019	129.3772	7.2687	25.194	29.2599	12.449
MM_RS03015	4.9323	2.1661	28.2027	3.4966	0	1.2348	2.9599	1.8644
MM_RS03020	2.2491	11.6587	76.9615	2.43	0.8792	4.1556	15.5726	1.2548
MM_RS03030	15.1309	103.5127	1256.7344	42.6046	5.84	28.7949	51.1259	7.5725
MM_RS03035	7.7234	7.5237	8.739	2.1081	41.9509	43.5615	16.5034	29.2565
MM_RS03040	11.9239	39.9745	425.3704	15.9426	3.4959	7.5732	18.9981	6.8605
MM_RS03045	7.9633	9.5471	61.8214	9.4641	0	2.4105	3.7593	1.481
MM_RS03050	17.6315	23.8165	29.0151	8.1907	5.3882	10.2576	3.2878	9.9332
MM_RS03055	122.2866	72.0982	15.3359	11.3249	15.7072	15.0631	8.797	7.7975
MM_RS03060	146.9929	273.209	193.2674	154.9121	40.8974	95.0657	139.801	51.6719
MM_RS03065	53.6253	70.3162	39.0827	30.254	26.0502	73.1705	26.6926	32.6731
MM_RS03070	35.6443	48.4002	20.8336	14.4417	36.0539	54.3329	23.5579	28.7117
MM_RS03075	994.5868	992.2207	907.6392	754.5689	187.4219	261.9433	223.2085	210.1747
MM_RS03080	1066.5231	1038.5664	1631.5805	645.2888	517.5241	578.3164	591.0505	514.1942
MM_RS03085	789.5083	976.4949	1193.0558	1197.141	176.1938	299.5679	345.1735	360.4404
MM_RS03090	267.9373	274.6581	167.8968	215.1985	94.2187	190.2604	97.4174	140.2744
MM_RS03095	51.9901	79.3269	121.1794	59.8399	24.8861	42.6386	56.6006	50.1697
MM_RS03100	1569.676	2121.817	1449.3025	1369.456	5855.9854	11775.93	6440.9504	12807.5277
MM_RS03105	89.6406	216.8385	565.9945	410.8531	14.7697	31.4823	35.6729	53.0096
MM_RS03110	271.4592	353.867	830.1628	959.2502	47.8521	83.1229	80.0141	144.4727
MM_RS03115	166.934	249.6153	488.7888	302.1034	130.514	581.5292	584.4833	1136.5632
MM_RS03120	251.2645	278.251	697.4981	449.4701	26.3278	69.398	61.9584	177.0407
MM_RS03125	444.6333	685.0573	1332.1646	1293.9982	110.9449	332.1062	151.8453	482.9507
MM_RS03130	72.034	149.2583	208.7841	185.6722	44.2496	132.2998	162.7413	279.8896
MM_RS03135	344.3015	879.8938	3226.0491	2417.6942	36.707	173.4949	254.6064	280.0828
MM_RS03140	2391.3538	4256.6695	16287.0263	9747.8859	358.9749	1237.1663	1047.6523	2225.4838
MM_RS03145	5.8611	10.2854	7.3584	4.1622	2.5601	4.3893	3.3948	4.0837
MM_RS03150	65.6341	157.4486	138.2532	42.7169	9.4451	23.4483	13.5953	14.5016
MM_RS03155	128.1098	261.3011	445.1124	104.0077	26.1028	53.9762	49.9109	49.6731
MM_RS03160	266.4983	381.9114	137.4643	82.3216	52.4386	80.9643	21.9533	58.377
MM_RS03165	18.4112	23.176	15.3548	13.0731	2.9563	10.8677	9.5203	11.9547
MM_RS03170	179.6744	183.8513	57.5279	28.1754	50.9714	59.9292	60.0238	24.9733
MM_RS03175	387.8716	401.7433	183.0427	98.1231	66.5669	104.8756	223.302	118.7584
MM_RS03180	175.0378	182.7859	421.6707	77.1574	31.3942	55.1683	43.9399	63.419
MM_RS03185	16.2932	23.0809	50.2372	20.5685	7.0397	17.4287	33.196	30.142
MM_RS03190	269.7037	361.6252	213.8142	109.313	273.6016	385.3624	188.1494	276.0544
MM_RS03195	31.3959	44.4269	41.9792	39.9605	23.7978	41.3841	44.8258	61.5217
MM_RS03200	31.1975	62.3629	53.6116	48.6973	10.5909	21.995	6.2012	18.2075
MM_RS03205	54.9876	57.4284	40.4651	44.694	11.905	24.6175	16.7731	10.6195
MM_RS03210	46.6323	73.3668	32.8097	34.4435	25.5209	30.0255	15.4767	22.7061
MM_RS03215	62.5964	135.2144	54.6699	53.2593	77.9976	115.656	22.163	121.1434
MM_RS03220	41.9706	25.5288	22.5575	9.223	17.5193	13.1436	20.8211	20.2414
MM_RS03225	1142.4549	2232.9983	2195.3439	584.3672	139.4868	381.6888	233.4649	314.3376
MM_RS03230	403.7592	436.3678	460.7624	218.062	83.1437	114.2697	154.2903	95.9424
MM_RS03235	63.273	51.8121	35.2473	23.5632	25.2608	22.2088	17.7951	11.5885
MM_RS03240	574.6474	496.1569	343.7249	456.6364	65.2175	42.8123	39.3795	11.6351
MM_RS03245	67.4597	82.7394	54.2195	33.2823	25.3516	24.9633	20.4104	19.599
MM_RS03260	8.1834	7.597	12.3528	3.9209	2.1279	1.6763	10.8502	6.0742
MM_RS03265	34.3237	39.0475	82.4223	29.8147	2.9965	6.2946	10.454	6.4151
MM_RS03270	289.7787	206.5365	816.1654	428.7192	187.0875	188.4192	1074.3773	1583.5178
MM_RS03275	322.9078	265.0206	1024.9866	1321.5486	52.4033	90.3498	256.7189	552.8249
MM_RS03280	355.8567	461.8578	1996.9684	6391.1521	81.5712	122.7109	307.6005	545.3025
MM_RS03285	42520.9368	69225.7064	46445.03	53464.7944	1908.1446	3373.6976	2611.592	5477.0025
MM_RS03290	1886.1412	2591.6575	1342.5003	1171.6327	885.8714	1643.9942	564.4401	1210.0498
MM_RS03295	1848.1001	2416.2678	2059.3055	1211.5426	305.2604	399.1761	319.4912	501.0301
MM_RS03300	1225.4477	2252.2083	1481.4047	2175.3904	157.9515	364.5145	334.9286	342.9137
MM_RS03305	706.1717	1217.6384	535.3705	498.3638	114.629	247.5336	144.1334	193.9334
MM_RS03310	313.5863	340.3073	238.7843	265.7468	117.9615	176.8637	156.3702	167.0872
MM_RS03315	607.8171	554.7324	670.2709	586.7249	126.3215	252.6499	614.1642	376.971
MM_RS03320	272.0407	389.7558	333.9589	445.3896	48.0364	74.253	78.8067	117.7149
MM_RS03325	191.0055	370.101	317.7908	386.0315	49.354	108.8595	78.4756	112.7037
MM_RS03330	936.8635	1361.9202	696.9338	876.8049	480.227	1576.2364	673.6675	1308.4851
MM_RS03335	82.0072	136.8234	139.186	201.455	80.9882	187.4069	236.3604	440.6838
MM_RS03340	4.9347	1.8799	2.8155	5.773	0.6162	2.4197	1.9784	4.8225
MM_RS03345	109.0351	147.3417	141.0788	70.6827	61.5672	89.5371	57.1929	216.2974
MM_RS03355	135.8938	197.4714	152.78	62.0991	40.2341	63.8	38.2816	34.6778
MM_RS03360	170.8942	128.9983	107.5661	97.75	300.0868	295.4901	106.1302	169.7882
MM_RS03365	424.7694	401.1024	196.967	112.0497	191.4117	188.2455	46.9012	70.4184
MM_RS03370	777.5059	785.3442	206.9599	170.5086	352.8812	362.5412	104.303	83.6473
MM_RS03375	24.6463	10.903	53.283	62.9684	5.4573	9.6466	16.7579	21.3989
MM_RS03380	56.3706	35.107	111.2421	138.4491	16.4462	17.5511	37.3408	41.2566
MM_RS03385	167.8061	130.3253	82.1543	55.7232	249.8271	234.7792	155.6139	112.5985
MM_RS03390	82.2483	130.9787	86.6243	42.7038	16.264	60.8567	33.0988	70.9275
MM_RS03395	49.8879	68.0415	90.3106	48.0565	16.4216	22.0673	40.0514	40.3262
MM_RS03400	30.766	24.7911	82.6774	44.3206	7.5168	12.2374	40.3447	43.9858
MM_RS03405	237.2987	86.7848	190.134	75.4996	21.0568	24.6569	45.3597	50.359
MM_RS03410	127.7171	100.4733	256.9878	150.4966	104.7719	73.8153	106.3297	151.1137
MM_RS03415	22.0479	16.9331	57.9796	14.0375	9.6962	11.2754	29.7384	32.9494
MM_RS03420	56.5422	37.6873	195.7205	121.3068	15.3933	13.9915	61.3294	53.5163
MM_RS03425	78.182	111.1823	242.1273	103.845	25.0057	26.2641	84.1408	79.1563
MM_RS03430	39.988	46.1591	132.0219	97.2094	22.8896	21.1096	72.8138	47.4096
MM_RS03435	136.394	124.9729	256.6833	195.1116	25.2817	33.3202	60.6707	75.2884
MM_RS03440	122.4255	120.3024	140.0499	113.3471	23.1453	39.599	40.4709	49.2927
MM_RS03445	36.3075	50.9215	40.7106	18.6673	63.12	94.2656	49.0572	59.7241
MM_RS03450	6.9556	13.3128	5.8543	1.8036	6.5257	10.2812	24.9555	6.9853
MM_RS03455	193.9874	247.2482	437.9666	443.243	37.3399	69.7968	54.0098	56.4543
MM_RS03460	189.9143	205.7013	523.9262	567.3618	34.9591	45.1638	42.2179	49.8949
MM_RS03465	7.8316	14.4597	6.5282	2.4227	2.7393	6.4737	7.4984	1.5639
MM_RS03470	315747.3428	534996.1871	170116.5352	386507.4056	135405.9883	192045.4234	62832.0308	183453.3569
MM_RS03475	823.3226	2257.2313	449.4821	272.5022	319.7948	526.4694	311.3739	497.9712
MM_RS03480	271.4271	302.3965	156.6635	90.4555	19.054	48.5609	12.6331	17.5965
MM_RS03485	198.9966	195.3283	729.3697	912.0804	20.022	48.9345	60.345	130.0581
MM_RS03490	130.7898	163.81	393.5277	260.8782	51.1277	84.682	196.3132	125.3608
MM_RS03495	55.4286	58.3082	145.0333	72.3367	30.2209	46.2653	62.2038	84.8406
MM_RS03500	329.3866	530.0555	248.8384	214.6166	288.4008	347.5073	257.0475	221.7475
MM_RS03505	79.1709	74.5702	47.9938	23.5728	32.3886	48.0513	39.1136	38.5218
MM_RS03510	297.8011	374.6629	229.2613	493.7361	256.4787	237.6287	46.6021	71.5319
MM_RS03515	2097.109	2949.131	2992.4362	2043.3753	438.3253	927.0071	509.3465	477.6698
MM_RS03520	731.4347	797.3503	1398.9285	504.3442	293.1412	318.1755	523.4426	347.4257
MM_RS03525	325.5214	408.4386	518.3928	496.4591	95.7244	116.865	124.6579	86.817
MM_RS03530	1258.5262	1850.1468	921.736	925.7553	172.829	272.2906	224.1066	224.8387
MM_RS03535	263.2894	274.2097	293.9099	208.8731	71.2549	105.4577	180.7919	191.0679
MM_RS03540	92.5395	118.5192	219.6685	179.38	35.1111	48.6121	92.084	102.1217
MM_RS03545	303.97	268.6737	222.7852	137.0982	179.5669	287.5952	195.6856	174.868
MM_RS03550	216.8137	220.6422	170.758	79.4167	18.9456	48.5189	5.0843	36.0531
MM_RS03555	86.8443	74.4517	89.072	66.6186	14.4282	22.0629	12.9826	22.4094
MM_RS03570	359.8506	292.3036	90.0591	175.2877	97.6208	191.5303	54.706	125.2088
MM_RS03575	332.1436	250.0279	64.89	176.4102	21.8422	106.1043	16.608	49.351
MM_RS03580	371.6158	412.0399	167.7262	228.6128	133.9391	223.3975	33.1675	107.9335
MM_RS03585	39.5977	40.452	102.484	1.708	4.2235	11.4098	26.3632	0
MM_RS03590	474.5974	545.9595	214.0421	535.4283	106.6117	123.2029	79.0874	82.5779
MM_RS03595	308.5358	207.9006	257.8384	289.3529	110.3963	114.2698	109.3766	89.6482
MM_RS03600	73.4783	64.827	229.228	172.7023	35.1425	30.7171	90.6923	88.6329
MM_RS03605	31.1213	40.2318	144.9624	89.5102	31.8827	67.083	129.3556	132.6205
MM_RS03610	227.5384	316.5293	454.6479	277.3627	57.4545	100.5768	49.3399	143.0464
MM_RS03615	164.5673	265.5042	454.9048	283.0612	27.9095	97.5013	60.5705	143.7467
MM_RS03620	1876.4528	1835.8262	2219.3238	1298.5937	584.5769	740.676	927.3252	870.7737
MM_RS03625	146.919	99.8536	424.3404	516.3732	39.9533	31.473	116.8028	71.1002
MM_RS03630	53.7584	66.8461	216.6974	48.6056	26.5452	31.3663	54.0961	47.3578
MM_RS03635	1320.5236	1768.7026	488.688	797.187	604.0075	1661.2213	237.1095	367.7963
MM_RS03640	70.4763	69.4151	39.5557	28.3336	41.6675	44.2855	94.7811	38.7022
MM_RS03645	594.4181	597.5739	316.1988	326.2244	75.5524	115.6633	58.5312	76.2955
MM_RS03650	3854.3384	5289.8235	1162.2029	517.6274	12482.3032	20814.1253	5244.7565	3695.2419
MM_RS03655	242.4176	220.7041	733.8606	288.7921	58.7781	92.6044	108.5949	116.1428
MM_RS03660	32.0048	29.2648	20.6686	9.6559	9.6784	18.0375	9.3124	14.6556
MM_RS03665	30.155	56.8484	24.6184	12.6197	16.5629	33.1474	16.9386	29.3893
MM_RS03670	26.006	24.8883	26.1573	31.5497	20.0418	21.6225	13.3293	36.0664
MM_RS03675	269.4047	432.3067	157.4111	190.586	140.2734	254.0461	94.9903	163.7175
MM_RS03680	1443.8711	2120.1089	1561.6577	1558.9448	104.8773	280.8965	147.3788	223.1661
MM_RS03685	1298.2916	1245.808	1002.4206	766.367	169.0749	342.0829	140.4193	240.6746
MM_RS03690	193.8401	143.4505	201.8512	86.39	123.1343	410.3783	251.6488	682.6887
MM_RS03695	169.1692	250.1494	208.7282	395.6417	44.6276	63.8697	47.7229	46.6766
MM_RS03700	1480.705	1719.5981	145.3469	172.3342	451.252	557.1114	45.7079	67.0587
MM_RS03710	439670.925	1194926.9932	237994.0682	838270.4532	203480.9166	390721.9955	70106.967	406902.8726
MM_RS03715	49816.5812	127563.4022	80246.4228	74578.4404	75761.5697	184181.3977	67440.6329	102416.2826
MM_RS03720	439889.5034	1197271.8118	205708.7876	921467.7774	174570.4199	414034.2725	185565.1686	341081.3334
MM_RS03725	84.8068	49.1929	108.2515	28.9123	170.0601	88.5409	61.951	291.1532
MM_RS03730	4.8154	7.0813	8.7348	0.7804	2.1177	5.5607	11.3664	6.5487
MM_RS03735	231.0038	299.0468	256.5243	149.3688	35.156	60.8182	46.6181	31.9749
MM_RS03740	199.4474	229.0052	433.2135	686.4175	44.2641	85.1784	60.0214	75.1324
MM_RS03745	84.8321	105.6952	141.4982	102.4008	51.1912	94.8547	87.829	126.3226
MM_RS03750	262.6277	299.5383	384.3014	300.5534	117.5773	125.6031	181.9327	183.3636
MM_RS03755	189.4407	265.1663	138.9929	67.8568	55.3615	56.8836	44.571	61.8369
MM_RS03760	96.985	118.4773	46.3469	39.7624	23.2725	33.3324	18.3958	20.5331
MM_RS03765	6449.5044	11587.0518	18.0242	81.8868	355.9273	1238.733	2.6386	7.4842
MM_RS03770	14573.8119	27815.4352	15.6209	208.7026	938.6517	2565.2461	0	9.3553
MM_RS03775	1924.1346	3959.0296	5.3124	86.5017	527.4223	1155.1108	7.777	5.5147
MM_RS03780	2366.3612	3898.7547	10.7128	61.1656	194.555	656.3797	4.1606	5.6403
MM_RS03785	1623.6073	3037.6805	20.5012	86.3469	899.3678	2767.1088	15.6839	46.3397
MM_RS03790	2335.6145	5250.3637	120.3984	88.0091	235.6502	922.6883	14.5938	33.2016
MM_RS03795	790.5745	1578.4946	15.0945	28.7686	170.8378	566.9198	10.1606	13.8388
MM_RS03800	562.6439	1070.3723	11.7912	26.2048	75.0602	293.0482	6.3611	2.3493
MM_RS03805	361.0427	420.1373	13.3016	16.5155	122.0723	378.5955	4.8109	3.6551
MM_RS03810	202.1678	400.4437	10.9148	13.444	120.255	385.6621	2.5383	15.1062
MM_RS03815	24.6738	34.5402	26.3736	7.7254	8.7143	13.8589	4.5007	7.6267
MM_RS03820	889.2317	943.729	77.1938	136.3789	218.002	426.1528	36.3351	53.2484
MM_RS03825	7298.1011	10584.0716	121.1224	131.108	1827.4463	4356.0567	14.5489	9.6719
MM_RS03830	4764.7964	5232.1969	45.0535	86.5263	1647.1761	3304.0476	26.8351	7.8283
MM_RS03835	125.2005	163.21	22.4508	16.6486	18.8241	41.5201	36.3723	10.7573
MM_RS03850	5.471	15.1854	8.7187	4.0446	2.9268	2.3056	0.3927	0.6962
MM_RS03855	236.8937	231.5431	339.615	292.6483	47.1762	49.5505	42.2013	48.6284
MM_RS03860	385.2324	550.3431	427.0342	575.4185	15.0593	35.5887	21.2172	9.4033
MM_RS03865	92.9509	315.9666	90.3393	54.7751	12.7507	6.9184	0	12.9916
MM_RS03875	74.4531	81.9301	33.356	17.1562	17.309	15.0456	4.3248	10.6483
MM_RS03880	21.2134	30.6265	27.0502	15.9089	4.878	8.0695	5.1054	5.9178
MM_RS03885	67.817	90.4855	98.3353	71.0168	4.0786	8.0322	6.5672	11.6421
MM_RS03890	10.4093	10.3491	64.0267	41.2371	4.0691	12.0204	21.8402	27.1022
MM_RS03895	33.6755	54.1055	85.0545	61.877	9.6273	22.5954	21.8676	54.2865
MM_RS03900	812.4426	470.7041	36.5708	18.5261	126.0807	187.3242	29.5525	38.7227
MM_RS03905	59.4528	57.461	1019.9834	761.826	8.4604	11.6093	118.4298	68.9439
MM_RS03910	266.0511	307.271	77.8958	64.4004	44.6868	67.2607	35.977	26.1948
MM_RS03915	11.3828	9.2402	7.9664	2.8621	9.616	9.9057	6.8484	12.4046
MM_RS03920	40.907	65.5101	103.1344	80.3654	11.8849	25.7463	61.9955	28.6243
MM_RS03925	39.9941	67.2325	61.0732	45.8742	11.1717	21.3726	48.1835	38.1533
MM_RS03930	217.2283	461.4682	43.1348	33.991	56.4724	102.8118	4.0414	36.7175
MM_RS03935	467.0943	766.1269	699.8924	24.0811	111.3313	230.691	93.5289	16.1199
MM_RS03940	500.8021	1024.3314	1245.6061	33.7682	31.0804	180.6711	31.9254	9.9426
MM_RS03945	201.1717	243.9202	497.8171	16.1536	45.6165	111.733	30.4133	9.1555
MM_RS03950	604.5149	503.8693	2781.9992	113.8692	109.5733	105.3054	125.2674	29.7135
MM_RS03955	366.1779	379.245	575.2215	295.8469	74.7298	113.1759	101.6861	83.3727
MM_RS03965	33.9035	36.3052	28.8402	28.6835	7.7278	8.2617	4.444	3.9391
MM_RS03970	1849.6986	7589.1977	14239.213	7369.9539	238.0855	1021.1099	1991.3479	1189.314
MM_RS03975	126.556	155.2652	220.8189	89.3662	67.8484	74.7427	96.8725	76.0311
MM_RS03980	513.0104	634.3179	482.9064	429.6817	23.0319	22.6791	25.4963	12.327
MM_RS03985	969.7305	2546.0758	573.8022	1074.2911	109.4537	321.7542	133.255	186.6975
MM_RS03990	261.9937	280.1238	343.9279	357.7145	274.6231	397.3248	778.2165	763.5299
MM_RS03995	121510.5959	189084.8519	166934.2007	163381.1529	224813.6416	357573.1196	206482.8247	271355.8461
MM_RS04000	23.0254	40.168	43.0554	26.4321	6.1882	15.9536	27.6276	34.9264
MM_RS04005	10.2688	8.5042	4.8823	2.8164	12.5059	21.8921	10.0684	15.2046
MM_RS04010	3684.7213	3239.8045	2557.9634	1458.6634	1176.6648	1077.9174	827.4707	509.3433
MM_RS04015	400.9284	571.9238	435.0742	179.0523	92.4681	139.9437	116.8565	79.9841
MM_RS04020	49.3749	42.7159	57.8127	20.0047	99.2641	74.9368	111.5504	68.623
MM_RS04025	84.3401	114.9901	164.1431	65.2014	116.111	72.1081	74.1904	172.7322
MM_RS04030	84.306	0	52.5786	28.9587	219.3672	348.3515	178.6218	290.8194
MM_RS04035	219.1912	376.2393	854.9647	528.7541	37.827	82.4087	119.2451	197.3492
MM_RS04040	55.974	38.2617	47.2745	36.2855	9.3776	7.3872	22.6495	0
MM_RS04045	1804.5139	4485.6944	3636.7421	2325.803	665.3025	899.6585	991.5752	889.155
MM_RS04050	117.3743	237.8087	112.0575	104.7496	31.6197	49.5715	29.2375	36.1486
MM_RS04055	412.4253	535.2963	284.9939	132.8831	688.0772	661.095	199.3347	1046.7647
MM_RS04060	60.7886	45.1586	29.5965	29.0747	24.3698	25.4363	24.1979	23.7673
MM_RS04070	232.4035	191.8917	718.7438	1557.2979	189.959	566.75	463.9746	1501.6168
MM_RS04075	502.0206	392.8575	968.5864	2695.1348	141.4695	403.5551	230.9555	945.3072
MM_RS04080	610.3822	510.3193	986.7114	1867.1887	125.7338	352.4559	158.2094	746.9231
MM_RS04085	1620.3839	1538.0141	2789.9566	3755.3082	378.365	1305.6604	504.6662	2508.6557
MM_RS04090	397.4384	285.0911	488.9895	631.0288	159.5753	397.1973	231.4789	883.0426
MM_RS04095	990.3811	1319.9805	1217.7524	1592.9069	280.5076	502.3584	292.8788	682.6286
MM_RS04100	5225.607	9079.4808	12076.3428	36270.7146	402.5545	1025.9459	850.2678	2321.8174
MM_RS04105	1374.9106	1295.8777	1009.4656	1242.186	430.696	785.1608	453.3357	885.9081
MM_RS04110	1996.9486	3306.1118	1289.7295	1570.4867	672.9626	1540.2492	1810.5847	2567.0902
MM_RS04115	7.3093	4.354	4.0278	1.5459	1.4431	4.8039	0	3.1015
MM_RS04120	149.5855	139.9732	146.7084	92.2511	11.5243	18.1564	11.6836	12.4882
MM_RS04130	448.3808	567.1137	248.6456	142.1986	76.9953	243.5511	86.4952	59.6304
MM_RS04135	260.157	338.4394	96.1289	63.2432	97.2498	309.4368	53.7319	93.893
MM_RS04140	451803.1689	388498.7717	282466.7805	291382.1088	466448.7223	641324.9298	247833.7144	610391.4382
MM_RS04145	15225.1608	78010.5159	12641.9292	74500.2711	17859.8123	45646.2684	12264.1111	51265.0414
MM_RS04150	130.5842	93.2294	15.506	11.1157	40.5373	63.3634	12.335	13.2113
MM_RS04155	53.3967	56.1634	53.9724	43.1174	81.0614	56.6268	52.9483	39.2922
MM_RS04160	54.1076	41.6299	22.5903	15.073	27.7925	34.2859	18.1537	24.698
MM_RS04170	204.9987	266.622	137.5383	49.9459	14.5215	15.2523	0	8.0599
MM_RS04175	373.813	361.0507	197.5449	77.104	28.3169	29.7379	17.7315	23.9495
MM_RS04180	235651.7667	237460.672	536386.4838	241425.0813	426696.2771	1124359.1097	307481.5405	870327.4327
MM_RS04185	96.3081	119.1286	212.0382	230.1079	65.3466	86.1119	93.2041	78.2965
MM_RS04190	5970.1274	6294.5917	1045.0361	382.9597	477.1618	860.1918	144.0596	239.0126
MM_RS04195	475.297	580.8744	859.3924	336.243	222.3398	161.9286	307.3463	236.5016
MM_RS04200	327.9272	389.2004	691.939	351.7265	94.9758	118.8448	185.0245	211.9757
MM_RS04205	503.0858	957.0062	3592.6255	2174.3328	114.526	238.2663	627.6956	560.5687
MM_RS04210	333.2803	386.0247	1467.1166	557.8466	142.6922	190.6	707.5957	475.1958
MM_RS04215	194.8485	284.1647	1159.0854	428.3854	86.5411	138.6427	503.3715	519.0386
MM_RS04220	1348.506	3073.1129	11972.426	9472.109	420.3861	283.8491	870.298	342.8514
MM_RS04225	2144.0592	3731.1243	16110.9641	14651.789	245.9372	543.6174	437.3774	518.657
MM_RS04230	259.2388	478.3803	1266.2439	924.7706	136.4639	276.2311	300.3927	378.4378
MM_RS04235	4838.5409	6847.1428	17718.6972	17386.6571	542.3058	1271.1776	1480.1997	1755.654
MM_RS04240	3002.1204	2168.432	6527.1526	3963.8525	505.2153	825.8109	634.2671	1349.7363
MM_RS04245	167.629	191.779	427.6674	426.434	35.315	69.7128	84.025	134.797
MM_RS04250	912.2182	989.5596	441.5569	293.8394	1674.4674	3088.2622	310.2768	1322.9576
MM_RS04255	15.5504	20.7483	33.0022	11.1146	5.6113	10.3139	15.8115	12.3466
MM_RS04260	35.1363	73.2684	35.0974	16.0573	20.5982	38.6931	35.2929	59.9277
MM_RS04265	1154.4654	1810.7619	589.572	694.5966	107.5875	153.3211	95.5303	62.1365
MM_RS04275	91.0308	33.9165	107.1798	50.032	59.6847	64.4687	165.5806	35.0967
MM_RS04280	116.7028	210.0834	490.2072	799.5018	45.8423	53.9064	97.3495	129.9072
MM_RS04285	157.9912	264.7705	378.9081	181.8901	62.4894	112.5651	120.6728	128.4792
MM_RS04290	122.0548	96.5228	174.6503	162.1203	39.4739	54.9255	58.808	73.9773
MM_RS04295	656.9346	836.9453	468.6567	416.3139	468.1228	874.9586	514.5616	721.1274
MM_RS04300	37.1883	54.8392	86.6112	32.1434	15.9912	11.4518	10.5336	15.5613
MM_RS04305	59.4172	76.1373	58.1661	31.6395	27.3747	29.4059	12.0214	24.8629
MM_RS04310	790.704	672.9812	68.7622	265.2986	723.1289	1133.8615	98.6316	848.0566
MM_RS04315	2223.7147	2317.712	522.6426	1303.3216	574.4831	728.5989	177.889	539.8326
MM_RS04320	1526.4835	1709.8643	491.1612	1095.6884	449.2692	559.0391	138.417	435.2366
MM_RS04325	676.3627	392.3797	237.5834	394.9285	115.658	246.8345	50.1898	155.12
MM_RS04330	23.7222	46.9014	52.7697	19.2226	10.0461	16.4364	20.5312	15.9926
MM_RS04335	715.1866	570.3538	377.9314	172.3305	297.6791	568.8098	385.3973	223.9117
MM_RS04340	663.4002	884.9996	362.6681	240.3242	287.9358	890.7574	405.2918	389.1799
MM_RS04345	107.8817	76.1822	64.9632	38.359	46.9681	54.3317	49.0555	55.2582
MM_RS04350	185.1925	277.697	152.8049	118.3614	36.707	72.2895	44.3288	39.2922
MM_RS04355	33.3784	62.8468	43.9704	24.7383	5.211	9.4173	12.3393	9.8436
MM_RS04360	11.7638	20.6058	9.9355	5.4471	1.9708	1.5525	5.5535	9.1418
MM_RS04365	10.909	6.3156	4.459	2.4446	0.8845	2.7871	3.2045	5.3652
MM_RS04370	88.2657	80.7131	26.4159	30.7304	46.2142	65.8246	34.7354	50.7467
MM_RS04375	64.5746	107.677	69.8526	79.9261	12.6705	22.3107	23.102	18.6156
MM_RS04380	1010.9943	836.8352	800.7555	306.3869	2040.9119	2053.0231	862.9337	1021.5971
MM_RS04385	97.6357	89.0226	71.9849	50.5848	13.9999	20.9808	15.6697	14.133
MM_RS04390	6.1574	7.1418	5.222	2.0563	2.1882	2.9304	2.114	4.06
MM_RS04395	36.1067	43.9212	67.2904	24.4872	13.0947	14.9225	22.8794	22.2681
MM_RS04400	137.902	173.6454	156.0353	95.2773	102.1414	266.5284	119.9233	133.6314
MM_RS04405	1612.6448	2434.9512	1924.8438	2134.583	185.1197	445.4701	240.9602	549.2272
MM_RS04410	115.8804	99.7844	75.8059	53.9738	76.511	78.9265	39.0123	59.5395
MM_RS04415	283.9915	320.4476	377.2348	81.1621	119.9658	105.7924	56.2219	60.0564
MM_RS04420	555.0557	400.6412	682.9959	125.8013	80.7555	73.2534	80.7769	29.6874
MM_RS04425	141.3094	151.4171	211.3564	34.3169	46.3169	56.6657	36.4944	16.8772
MM_RS04430	175.2808	213.4223	107.6644	71.6932	29.3656	75.1811	15.7613	19.2095
MM_RS04435	15.789	20.5697	9.9865	3.1547	5.7071	12.2611	8.3541	11.4776
MM_RS04440	454.5569	678.6837	173.3784	185.7223	17.1961	43.7645	13.8444	11.3275
MM_RS04445	442.4995	569.434	396.376	104.3103	193.9468	140.3931	16.8805	44.8877
MM_RS04450	281.7012	272.4967	211.2166	80.0349	59.1391	43.3737	36.1198	36.3817
MM_RS04455	20.6141	28.8309	13.5232	17.6867	6.7548	10.082	14.0249	10.9092
MM_RS04460	142.36	99.5927	154.3918	142.5487	234.776	290.626	307.8263	452.093
MM_RS04465	186.2885	153.1591	164.7634	164.4657	85.6183	115.6633	111.9721	115.5612
MM_RS04470	65.9301	117.4927	427.0066	324.6484	10.934	29.531	45.9007	51.8323
MM_RS04475	172.979	123.278	240.4829	126.1517	43.3532	179.1331	83.9644	143.0134
MM_RS04480	1194.6218	1369.7638	662.6219	330.2847	71.3748	443.3759	172.3897	128.0635
MM_RS04485	3451.2827	4453.5132	3707.311	2560.4347	368.4557	944.9471	432.6936	717.6386
MM_RS04490	2044.4363	5914.9618	980.0419	738.4603	440.4161	1094.7753	527.923	593.6564
MM_RS04495	67.4205	127.7157	236.3445	170.8056	31.7149	74.2558	114.3683	90.3721
MM_RS04500	119.4923	106.2102	57.8819	42.1846	38.8269	81.9135	56.4103	55.0967
MM_RS04505	160.7159	144.1904	132.2668	92.7925	33.2362	75.3422	35.5646	69.4179
MM_RS04510	150.9267	131.3045	106.6197	111.5516	81.1243	122.001	36.7045	85.6414
MM_RS04515	49.1345	51.1666	64.9699	59.7055	20.9755	29.0583	28.1453	37.8513
MM_RS04520	108.4176	134.9127	352.507	203.6668	36.6086	75.0416	67.5034	89.3292
MM_RS04525	202.718	187.2598	245.3018	400.4147	34.9785	68.2445	93.9787	89.3961
MM_RS04530	138.7506	164.3168	288.2703	239.5576	37.0397	57.4822	39.9986	57.1379
MM_RS04535	114.3564	120.8767	202.9304	116.9501	79.7728	91.9842	181.5037	281.3363
MM_RS04540	69.3882	60.449	462.9244	347.1391	38.9183	73.8573	111.089	183.048
MM_RS04545	89.9535	93.7704	393.0855	408.1906	28.4184	22.7256	82.8511	80.8121
MM_RS04550	85.1364	71.8505	348.7877	296.5122	11.7463	22.7471	64.2275	48.897
MM_RS04555	47.6652	37.2522	150.2929	86.106	58.8803	59.2994	153.0131	177.1141
MM_RS04560	5.62	9.0738	7.5504	7.2853	1.9759	2.5939	8.4841	8.9311
MM_RS04565	87.4049	94.4935	79.3422	36.745	27.0281	32.8	61.7515	53.1715
MM_RS04575	324.4993	296.0997	213.5435	171.4342	165.5563	283.257	186.3618	159.3071
MM_RS04580	59.4582	52.0433	59.2362	37.6041	13.6057	10.7178	20.5384	42.4781
MM_RS04585	74.4527	144.7272	56.6884	8.0441	36.3808	28.6588	23.4319	20.7696
MM_RS04590	43.7303	60.1613	44.4309	36.8919	13.348	18.816	14.14	13.0347
MM_RS04600	0	0	38.0704	0	0	9.5745	20.4221	23.8565
MM_RS04605	851.8892	915.1449	583.1234	356.5317	948.8106	937.1179	437.3384	868.6645
MM_RS04610	27.5933	36.5599	57.5121	16.3712	7.7806	10.4789	9.0931	9.3137
MM_RS04615	128.7765	447.1637	49.9866	148.4093	46.1456	79.3112	40.5288	32.9303
MM_RS04620	88.0915	128.612	34.1153	22.2624	31.549	78.9448	16.5119	19.6253
MM_RS04625	88.3353	100.2726	100.9353	88.1689	21.1264	39.1133	42.5216	43.3439
MM_RS04630	41.7335	42.0585	113.994	77.4561	21.4543	17.4287	50.1988	47.8444
MM_RS04635	87.742	101.2902	194.4094	133.9684	30.7172	40.1676	100.4044	109.3825
MM_RS04640	5.3797	3.5102	8.4113	5.0726	1.1471	7.229	9.6969	7.7766
MM_RS04645	6.886	8.6117	7.4019	3.6523	1.4683	4.6265	3.5463	6.2868
MM_RS04650	375.6016	505.1177	330.103	619.4353	236.1718	373.1777	218.5772	256.0171
MM_RS04655	2297.2661	2576.1424	1496.8165	1421.2806	747.7994	874.8716	574.5561	738.3278
MM_RS04660	4988.7598	5259.2018	3148.4065	6837.9073	2349.2511	3325.319	1848.1695	1805.4261
MM_RS04665	64.2922	67.1937	24.0062	17.5486	15.8733	60.6451	20.4472	36.2479
MM_RS04670	11.6795	12.6538	6.7074	3.1317	7.0817	14.8763	10.2626	9.7704
MM_RS04675	1336.2333	1314.0662	404.7047	370.2917	242.9121	490.5636	58.259	76.9238
MM_RS04680	1080.1499	1031.7841	750.9844	540.9531	278.4195	352.9912	389.2012	477.9315
MM_RS04685	1.4615	1.2445	0	0.9474	0.5713	1.8002	2.2998	1.2231
MM_RS04690	99.5369	90.7138	47.1573	32.7193	41.2699	56.2126	38.2561	33.6748
MM_RS04695	86.0073	94.0941	162.9594	196.5534	21.0667	23.6355	48.312	27.3337
MM_RS04700	19.0703	29.2595	45.4543	17.7374	3.8895	17.6176	18.7884	20.8171
MM_RS04710	71.3412	76.4792	86.1155	34.311	8.5072	14.6441	19.2789	14.84
MM_RS04715	132.6367	206.0022	374.724	504.4723	106.9826	97.1765	151.1683	129.7081
MM_RS04720	82.745	125.4122	44.4721	30.0496	25.9109	45.625	19.2245	26.8293
MM_RS04725	1546.5875	3467.4131	895.8837	709.7706	207.2869	435.4382	194.699	326.6645
MM_RS04730	415.9889	414.2808	264.8196	91.6346	132.619	162.3017	114.3969	216.3183
MM_RS04735	242.8552	235.8251	156.287	129.5976	39.0752	69.0249	24.3093	45.2072
MM_RS04740	324.2521	279.1777	168.3806	119.312	83.9018	116.7293	85.5253	69.048
MM_RS04745	417.6775	471.3961	401.3973	580.2758	133.8905	168.5176	84.7818	122.1708
MM_RS04750	656.827	797.279	397.5411	412.1193	64.1602	136.8143	43.4596	133.1752
MM_RS04755	703.926	762.6231	787.5312	1340.0029	73.4141	127.4656	103.7354	202.0742
MM_RS04760	300.2691	295.096	307.9384	496.602	48.528	69.594	77.1371	86.132
MM_RS04765	263.7445	241.2489	313.6606	377.6477	95.4784	99.5463	113.3654	125.1052
MM_RS04770	139.3899	118.8169	250.3197	270.5403	47.9639	60.916	89.0516	108.2718
MM_RS04775	254.698	200.9622	754.832	381.9575	64.4475	85.2023	140.7693	124.3753
MM_RS04780	234.2113	285.1192	344.1808	219.6974	101.2608	114.6662	190.5628	154.459
MM_RS04785	97.4126	107.7826	219.5787	161.3749	17.1729	56.1407	91.2499	69.2401
MM_RS04790	82.1629	77.2247	41.3555	28.7449	35.1776	62.6509	9.8508	39.2922
MM_RS04795	29.5013	36.047	59.4966	31.7185	24.4714	35.2308	25.3631	37.5358
MM_RS04800	1204.4609	1294.6103	4465.8569	4417.6842	146.8282	200.5806	176.567	246.6953
MM_RS04805	36.7324	27.2308	231.0669	139.0726	16.9884	13.3825	77.667	86.5944
MM_RS04815	19836.7656	27487.211	24053.9691	55172.316	2044.5905	2415.9259	1405.192	4101.3705
MM_RS04820	29.9275	10.3269	31.4739	0	35.063	43.21	22.3446	40.2871
MM_RS04825	88.8755	65.4252	95.5377	106.3646	0	56.8422	0	22.8859
MM_RS04830	93.0978	73.9245	191.5184	80.1216	16.9417	31.1401	15.1551	13.4332
MM_RS04835	9.109	7.3167	6.8749	2.0103	3.8639	3.5809	4.2087	5.3525
MM_RS04840	441.905	283.7176	2375.0609	494.9745	124.0802	114.0147	241.415	212.5099
MM_RS04845	27.7506	10.0361	62.0874	18.4079	15.8938	16.6937	21.3266	27.545
MM_RS04850	70.8924	51.4317	91.3225	91.8648	39.5307	23.514	35.0733	48.3596
MM_RS04855	92.744	70.7731	52.276	40.8454	33.4787	55.3827	32.5367	37.8843
MM_RS04860	3.0474	5.0624	3.2736	3.2904	0.7937	2.1882	2.5559	2.2655
MM_RS04865	16.7294	19.5352	7.2253	2.099	2.5315	3.9884	0.5095	3.6131
MM_RS04870	50.5618	60.0181	49.605	32.777	12.2357	17.0529	9.0931	14.1049
MM_RS04875	2.7127	3.6194	4.2617	1.488	0.4894	3.4699	2.9553	2.0956
MM_RS04880	4.7632	5.3776	2.9994	0.9437	1.1382	2.6898	0.2291	1.6245
MM_RS04885	86.2036	75.2938	63.9809	64.7523	8.0234	18.3292	10.9813	15.4592
MM_RS04890	203114.5236	287917.4893	282325.4882	317440.2807	132674.4029	340738.7308	131136.9952	197206.0974
MM_RS04895	549188.8443	50409.8738	59550.0639	16624.0427	458785.29	419336.8897	884192.5041	251190.0053
MM_RS04900	98.7891	112.9929	24.7049	36.383	44.6739	90.5599	16.7844	33.1553
MM_RS04905	81.5843	80.1396	334.0901	128.5575	19.8715	30.4377	51.8465	20.7458
MM_RS04910	4266.2435	10023.7702	36532.7049	10442.3917	830.1294	1042.7545	3341.6496	1777.1849
MM_RS04915	335.7651	844.9099	1837.2273	436.5537	247.6799	607.5242	1291.3558	1116.5863
MM_RS04920	197.6228	232.8964	434.0156	360.2434	65.5037	115.4446	146.366	200.051
MM_RS04925	59.3808	47.9103	35.3754	32.0011	12.5853	11.3403	11.4833	8.9811
MM_RS04930	144.0168	114.7028	43.9526	44.5688	28.0077	49.4745	17.0824	42.3962
MM_RS04935	129.7853	95.346	36.0145	33.1507	31.02	55.0622	28.3038	42.7971
MM_RS04940	372.5627	381.7707	788.8281	462.6642	96.674	115.0907	138.692	121.1185
MM_RS04945	163.8804	179.501	219.8935	72.1441	22.2829	39.4948	28.5114	27.2596
MM_RS04950	102.1103	169.7538	97.9018	36.2568	19.2562	51.6692	33.4283	47.2365
MM_RS04955	38.0892	37.3368	28.2429	12.3458	22.748	30.3005	21.9771	25.9734
MM_RS04960	43.5629	60.1128	26.5784	18.9008	8.4476	32.0055	23.642	20.9558
MM_RS04965	481.8184	1018.4299	112.7566	147.4079	246.0364	246.9567	193.609	375.506
MM_RS04975	21.965	22.6624	15.642	3.9157	24.4714	35.0034	6.74	14.2463
MM_RS04980	17.8572	28.4323	11.0548	7.2466	54.0118	47.5046	9.7101	26.9432
MM_RS04990	2522.7896	3869.2562	10.6967	39.4216	1001.2285	1351.8897	5.9105	19.7085
MM_RS04995	2868.2305	4858.6047	62.1925	84.8513	1081.1894	1621.0383	7.1642	7.9378
MM_RS05000	5002.6365	4029.2736	53.5428	57.5989	1251.9867	1613.0673	15.2529	20.2798
MM_RS05005	400.6417	471.7729	104.9728	43.8275	111.5894	62.4582	54.3766	106.8748
MM_RS05010	600.0177	422.4621	306.992	163.8556	69.2586	102.5693	78.0633	83.0326
MM_RS05015	1582.8073	1858.8779	2285.758	3814.2197	112.8406	133.3345	227.1175	173.1289
MM_RS05020	228.9704	257.0363	70.3213	22.6669	33.0694	55.2266	13.8444	16.0473
MM_RS05025	6145.3101	7632.207	537.3074	317.3071	551.8969	1224.9263	80.4577	40.2794
MM_RS05030	430.3002	669.4712	132.3356	97.8683	262.5239	418.4135	191.6947	187.3461
MM_RS05035	193.0002	160.2182	661.2774	500.4547	114.1455	125.2699	220.7112	162.2163
MM_RS05040	150.5763	143.8312	610.6515	531.1291	28.1367	57.3221	88.7878	114.0108
MM_RS05045	195.3887	134.2628	951.9189	818.9994	37.0778	57.8316	70.4484	105.3084
MM_RS05050	174.1743	187.8263	682.7107	536.6017	21.4021	33.3267	101.7809	66.4268
MM_RS05055	104.5779	87.9212	68.38	26.9445	53.5002	51.0417	53.6013	47.087
MM_RS05060	133.632	125.2902	47.3524	46.4564	43.999	53.3928	31.0451	29.6345
MM_RS05070	13.3335	20.9088	11.5792	6.5878	4.2904	6.7595	2.6866	5.4431
MM_RS05075	139.4684	133.1281	64.6063	63.5885	33.8834	75.7907	20.5436	28.9561
MM_RS05080	246.5487	377.5145	161.4966	86.1567	21.4595	92.5306	36.3723	68.5095
MM_RS05085	8.6551	7.616	8.4797	3.1343	1.7906	5.6421	9.13	5.1112
MM_RS05090	333.8681	378.0464	389.2704	348.648	53.6791	113.1759	64.8249	130.129
MM_RS05100	123.3315	152.6509	182.0441	226.8191	83.9018	79.5185	181.5369	188.0412
MM_RS05105	206.0073	165.7939	304.8167	241.2228	29.8336	31.7959	56.0438	56.7728
MM_RS05110	43.3863	68.9539	124.5869	65.0904	20.3524	33.2102	25.7487	18.6735
MM_RS05115	0	37.4876	0	0	0	5.6416	0	0
MM_RS05120	259.2042	539.988	108.8209	56.433	97.4664	127.4103	115.4396	74.4915
MM_RS05125	314.3875	325.0394	277.6646	305.0268	122.6257	151.8875	164.325	160.623
MM_RS05130	130.87	157.9641	133.3108	154.6674	108.5975	194.6635	134.2688	404.0918
MM_RS05135	101.7587	98.7839	74.4488	78.3991	89.9713	86.1322	66.9019	94.5242
MM_RS05140	768.5922	881.974	522.4339	1168.9598	150.9068	184.7399	132.9864	167.3557
MM_RS05145	81.7281	138.3285	92.5241	243.4863	24.4714	28.9158	50.896	65.487
MM_RS05150	298.0125	799.472	301.9294	221.7669	165.4402	387.7163	101.5608	231.6948
MM_RS05155	604.0113	859.0655	331.2078	356.9727	285.3933	327.4622	108.4872	139.7056
MM_RS05160	719.9031	632.6456	698.4262	515.6592	302.5167	401.8302	199.7343	245.6891
MM_RS05165	167.1839	117.4836	204.6912	179.3342	177.6006	142.6745	106.8846	143.6793
MM_RS05170	17.8858	15.1183	6.1797	4.1409	0	0	2.4125	7.4842
MM_RS05175	231.0828	199.9615	278.5566	856.8041	47.6813	59.024	120.0381	120.4421
MM_RS05180	221.9991	162.9433	300.0023	539.2019	66.6165	58.9026	132.4391	83.9204
MM_RS05185	156.5007	144.2629	162.2882	190.9697	79.8918	149.6819	272.9263	201.854
MM_RS05190	134.5906	126.6798	164.8611	347.6443	234.9251	297.8329	258.0921	378.0783
MM_RS05195	480.0435	408.9571	329.8267	633.3167	34.9953	67.7199	63.6987	83.6062
MM_RS05200	360.0538	274.0874	343.9279	529.9408	11.5159	25.7029	47.9021	34.2416
MM_RS05205	180.8452	170.2931	95.7017	179.1578	25.0152	67.6844	110.3294	86.9279
MM_RS05210	46.4395	37.9487	90.1792	28.6454	15.7718	15.6781	39.6049	21.9742
MM_RS05215	123.9186	115.0933	489.8637	386.9743	22.0493	28.0276	53.2551	45.7738
MM_RS05220	31.9776	36.8743	34.3734	31.2702	7.6274	8.0113	1.0235	6.3503
MM_RS05225	421.4339	581.0241	598.4024	263.7768	52.4386	180.7239	72.8259	148.749
MM_RS05230	1238.895	1022.1157	439.3242	410.2723	405.8916	743.6361	172.3639	348.624
MM_RS05235	124.2867	162.9998	113.9814	77.2972	192.7744	99.9268	184.1504	98.3641
MM_RS05240	201.9821	230.4399	154.2655	68.9138	24.934	98.2084	80.2967	186.8303
MM_RS05245	1090.7109	1484.9901	1046.829	1482.1042	109.3305	246.6852	237.8751	166.3571
MM_RS05250	1246.5094	2192.62	2393.5432	2306.639	352.1697	811.3231	1546.0343	1887.2299
MM_RS05255	710.1046	880.839	1140.0141	723.3671	419.1018	644.5701	1294.5728	1175.9684
MM_RS05260	1655.5535	6587.8373	6950.1246	12385.9068	391.9788	984.1705	1805.8704	1905.6716
MM_RS05265	684.0217	1032.4027	3435.0827	1757.3575	358.1175	882.2851	1684.4939	1877.7198
MM_RS05270	435.4407	448.2556	2139.7818	1372.0786	117.2655	220.847	667.3857	671.2173
MM_RS05275	1440.3662	1870.2288	16881.3381	16949.8763	640.7049	740.2449	19740.8762	6084.8268
MM_RS05280	98.8626	73.9097	97.1962	66.3154	19.2488	20.8053	15.8575	28.4309
MM_RS05285	29.5417	24.4006	20.4139	8.2074	1.6498	3.8988	10.6256	0
MM_RS05290	122.2616	144.8472	39.8055	104.7868	43.4281	66.7915	22.1991	25.5799
MM_RS05295	83.1163	79.4626	18.6603	13.6407	6.1693	9.7196	17.8805	0.8805
MM_RS05300	35.1586	42.9221	27.8677	15.5766	11.1233	22.198	11.3434	17.9924
MM_RS05305	67.5831	121.2679	45.404	10.9528	29.7216	7.8044	39.8811	77.7696
MM_RS05310	118.3088	118.1665	54.3261	34.2519	17.5116	30.7728	17.3519	7.6902
MM_RS05325	45.6567	63.5159	32.4066	6.722	4.9543	14.5466	8.34	3.8569
MM_RS05330	2359.3199	2698.019	869.0915	480.1199	299.0801	1019.912	43.0422	61.8911
MM_RS05335	189.268	174.8426	260.2239	176.2739	133.0631	157.2298	217.9499	311.8818
MM_RS05340	1080.9282	818.9406	590.0334	316.7745	296.3409	416.9385	328.1654	517.3003
MM_RS05345	1534.2681	1434.8618	901.9015	509.3831	366.5774	491.9677	275.2355	397.5628
MM_RS05350	42.3819	45.5819	118.9073	131.8254	30.0952	30.173	123.9455	159.1212
MM_RS05355	126.0791	105.3639	201.1624	225.2604	43.7909	53.9762	122.3578	147.4262
MM_RS05360	271.7274	215.0482	284.3393	262.0109	95.1906	161.1684	124.614	215.5139
MM_RS05365	1254.7437	1492.7377	413.3543	449.2159	258.6973	530.8648	146.7884	284.7845
MM_RS05370	1974.7464	2572.3988	635.9397	816.7783	402.5545	779.7189	392.7246	726.6241
MM_RS05375	41.8993	56.768	324.2166	75.8918	14.0631	16.7111	132.7945	48.6475
MM_RS05380	34.9794	74.8846	355.2764	62.804	21.8494	40.6198	64.0305	68.6054
MM_RS05385	314.1392	415.536	385.2696	209.2709	21.5924	75.9749	56.7872	53.4168
MM_RS05390	46784.8403	205234.2397	80449.5845	151924.4785	76354.467	120597.3543	49655.4041	119622.5354
MM_RS05395	221.3691	409.9828	375.46	335.2348	43.6229	103.9293	117.3535	170.0764
MM_RS05400	42.8464	33.8881	122.3187	64.569	38.5016	38.5544	95.6188	130.3919
MM_RS05405	39.6286	40.9902	98.108	41.2631	9.2539	22.3551	53.1449	56.7921
MM_RS05410	100.329	179.0894	147.2805	68.296	19.771	26.1355	65.8947	61.457
MM_RS05415	994.0221	1329.7686	77.4857	113.1351	222.467	383.7918	141.4939	69.8528
MM_RS05420	190.7819	245.1564	45.5784	40.5811	57.14	92.3027	42.2179	27.0981
MM_RS05440	240561.642	687712.2976	399083.1526	593292.6374	148861.1062	184064.6055	197308.6128	159505.2133
MM_RS05445	440.0052	492.7553	1176.6099	991.9813	90.6347	116.6152	317.6592	118.5773
MM_RS05450	100.5213	111.8604	67.6307	53.7887	24.7602	36.669	16.5454	13.9588
MM_RS05455	169.1447	260.3143	646.6271	336.4996	25.1705	40.0232	108.4531	115.4234
MM_RS05460	424.1511	633.9699	235.981	758.8844	106.005	207.5187	56.1089	110.0906
MM_RS05465	70.8371	140.3101	193.725	73.9002	24.3426	43.2215	54.1278	68.9337
MM_RS05470	720.0812	646.7619	140.7524	49.2876	89.1649	273.1527	31.9048	155.5392
MM_RS05475	4482.8219	6779.7788	3489.4233	8605.2068	296.9714	502.0454	275.8236	431.0826
MM_RS05480	318.364	366.9609	159.5725	60.2913	12.5852	52.8741	13.5096	5.9873
MM_RS05490	17788.2874	27938.2	42093.6518	21569.4861	17259.1916	36767.9153	23198.984	21527.0369
MM_RS05495	79.7868	89.1033	42.1629	20.3761	36.5562	46.1177	32.9193	30.5053
MM_RS05500	7.8383	4.5623	7.9701	13.733	1.7391	4.056	10.0009	8.51
MM_RS05505	49.2641	69.7269	66.4491	54.7844	12.8475	19.5088	27.3361	21.6107
MM_RS05510	50.0122	44.9851	38.2165	48.7414	8.3788	22.9441	26.9827	27.9032
MM_RS05515	24.2938	36.2668	13.7744	7.3493	8.0929	25.5006	17.2196	21.8634
MM_RS05520	109.3706	138.9251	72.3177	27.054	25.3152	19.9419	40.0827	27.0981
MM_RS05525	85.7739	100.5988	94.34	79.8026	36.6456	82.1461	37.1914	53.7059
MM_RS05530	47.4244	40.2783	66.0158	96.5337	15.0165	41.1831	18.8062	49.2145
MM_RS05535	72.7422	56.6977	60.5236	118.674	11.4838	21.9728	7.9247	30.4386
MM_RS05540	80.853	60.3885	86.7652	139.0098	19.9788	31.976	54.1264	72.1913
MM_RS05545	36.3896	31.3713	83.4289	98.9782	19.6965	36.2035	44.6892	57.5287
MM_RS05550	36.215	43.9362	75.0759	75.1253	41.2575	56.3978	42.0085	109.9749
MM_RS05555	201.3988	301.1502	154.6455	23.314	8.4353	33.2245	40.7473	6.0196
MM_RS05560	118.1137	195.3357	74.2732	29.4787	83.1103	129.8484	81.4088	70.6765
MM_RS05565	467.8222	695.8026	866.3618	716.9319	108.0819	221.6879	152.688	304.1507
MM_RS05570	13.537	13.0522	8.9126	3.7625	9.8858	15.3196	10.9599	12.8372
MM_RS05575	973.4514	988.7368	4645.1144	11099.0578	66.3258	122.7754	242.1269	399.2449
MM_RS05580	106.0221	99.896	457.4754	854.1762	17.979	21.0082	91.6731	152.2499
MM_RS05585	299.3064	618.0071	436.3852	343.0065	38.892	96.0418	49.9578	53.3251
MM_RS05590	33.7916	116.215	122.5908	49.2876	89.1649	132.6742	319.0484	296.9384
MM_RS05595	1956.4345	1899.7018	1037.7976	1978.1081	1763.3301	3533.4908	2220.1192	3641.6956
MM_RS05600	2208.6514	1601.6918	1056.2071	3487.6052	613.1681	1500.4496	966.8192	1386.2419
MM_RS05605	849.6367	566.5406	317.3936	1073.019	522.5059	755.4008	715.7825	1618.6579
MM_RS05610	68.1438	58.5971	55.1184	59.2108	30.8287	34.1639	96.3349	87.9996
MM_RS05615	187.1436	217.4843	186.1841	274.3851	45.3277	62.3088	40.1779	68.6346
MM_RS05620	180.7767	177.657	179.5957	167.6652	52.7346	78.7842	58.1265	111.0633
MM_RS05625	119.2949	118.7193	172.0345	115.6177	27.7034	46.92	82.524	116.1467
MM_RS05630	238.634	343.4667	508.9416	184.4247	34.4667	89.5983	97.676	281.8708
MM_RS05635	448.7525	759.312	216.9921	280.8756	311.8037	382.0787	217.8254	316.6922
MM_RS05640	118807.5	317194.4583	194883.3997	456515.9793	102648.9098	120578.3649	86652.2978	123020.3955
MM_RS05645	610.7482	576.9369	210.2576	243.9568	133.2093	143.4895	65.4439	64.3861
MM_RS05650	270.4332	296.115	115.3547	78.3794	143.4721	179.7738	62.1447	83.8234
MM_RS05655	302.7633	348.748	156.1344	82.4303	160.5933	245.5884	58.1815	126.8811
MM_RS05660	294.463	375.3622	261.3022	262.1477	100.2076	176.4498	145.8212	108.2208
MM_RS05665	1215.8202	1347.1199	530.9312	306.3518	123.912	300.1896	82.6787	99.9339
MM_RS05670	203.5881	209.8758	187.597	167.2431	22.9883	68.3465	70.4484	58.7399
MM_RS05675	265.7888	314.0718	247.1694	386.5402	67.2621	96.9245	53.8219	89.8525
MM_RS05690	10.6052	23.023	14.883	4.9652	4.4912	14.4239	7.5098	10.1081
MM_RS05695	7.825	14.0409	10.5141	6.3408	0	14.4579	7.3881	8.1859
MM_RS05700	16.6934	17.2794	17.0469	4.3286	5.8731	10.7952	3.1523	20.9558
MM_RS05710	218.6601	531.5751	70.1335	30.8645	39.2921	83.0821	18.3142	16.2334
MM_RS05715	150.0801	199.2122	87.1322	55.6689	37.6483	35.5887	28.037	20.1498
MM_RS05720	1322.1961	994.7642	4013.9559	3620.4912	95.3043	161.6424	219.6358	153.4494
MM_RS05725	435.0719	388.4638	329.7221	408.8541	214.7362	309.3992	236.4202	277.6649
MM_RS05730	466.372	549.2784	383.5543	273.5163	165.1817	235.9531	177.3152	221.608
MM_RS05735	162.2273	329.3988	348.4855	402.4751	18.5506	41.1951	22.6704	40.1893
MM_RS05740	49.4159	63.5609	141.9046	72.5122	15.9813	33.5712	38.5992	57.2603
MM_RS05745	155.0779	112.3269	110.1113	68.25	72.8579	117.4157	94.4785	114.3046
MM_RS05750	113.2767	146.2046	165.6129	135.0286	94.3896	122.548	56.2905	104.7792
MM_RS05755	91.4601	102.2125	156.8066	59.027	43.1586	58.1821	55.1647	71.1228
MM_RS05760	85.9565	125.0192	1526.2908	1082.6272	37.9514	50.9703	297.5288	407.1293
MM_RS05765	172.319	229.0824	853.7901	225.1594	48.1533	90.7894	548.4694	569.5256
MM_RS05770	1389.8914	1753.0253	1554.4794	3797.0994	342.8147	677.6747	273.9142	491.5852
MM_RS05775	1444.843	703.2265	575.4475	132.4715	580.5621	372.2496	375.0114	346.8553
MM_RS05780	98.1104	90.2118	30.3003	64.55	19.7488	40.5836	1.3826	17.1568
MM_RS05785	101.2769	148.3483	147.0056	65.6534	37.4085	53.7797	39.1524	51.3885
MM_RS05790	1566.5335	1595.0471	2678.4795	1639.0786	293.6564	383.6635	579.5178	656.7866
MM_RS05795	53.0955	61.5543	53.5503	65.0147	34.593	32.095	47.6554	89.4189
MM_RS05800	664.578	705.3889	495.7653	349.2164	91.2716	144.4228	98.4019	101.3809
MM_RS05805	181.0563	317.9715	201.3531	106.1351	117.4626	184.1715	160.0383	150.7208
MM_RS05810	118.4503	163.2862	169.1973	91.5637	33.3941	54.4912	46.7293	69.4115
MM_RS05815	37.7589	28.8246	14.9534	14.8153	8.7398	15.6054	20.1708	20.3737
MM_RS05820	22.6884	18.0663	44.9508	15.4603	10.7951	14.4329	15.775	17.0743
MM_RS05825	103.7625	69.2981	36.1456	19.5341	19.2957	21.2664	14.3595	20.4804
MM_RS05830	204.6271	186.7533	107.3054	73.007	90.9475	168.7721	99.0801	159.5033
MM_RS05835	6395.8772	5056.1067	483.4566	1102.4239	43615.285	36316.5973	1108.0358	30386.4006
MM_RS05840	209.3047	217.2242	208.8052	85.1892	108.1597	156.7193	122.2708	186.7629
MM_RS05845	21.2525	24.7162	32.0053	21.1431	25.4173	20.6056	14.9004	37.157
MM_RS05850	46.5195	61.6063	163.2869	42.6287	10.4396	17.5087	10.3027	15.3804
MM_RS05855	139.209	233.2943	306.5705	90.8107	44.6645	69.9641	57.0384	56.4196
MM_RS05860	23.9821	26.7897	19.5236	12.803	14.0624	17.268	20.9781	19.7752
MM_RS05865	8.7012	11.2761	30.9171	12.2213	2.8345	10.2713	19.1692	9.3047
MM_RS05870	8.3605	15.728	21.9815	7.8457	5.8731	9.6386	16.9434	11.5257
MM_RS05875	34.9117	50.8862	54.5655	23.152	17.4123	30.028	27.2793	43.9938
MM_RS05885	156.5007	279.1153	105.5233	38.7365	43.3811	97.2623	99.4039	57.1523
MM_RS05890	88.4124	134.9767	429.5538	291.3677	10.8762	23.561	28.7707	43.5194
MM_RS05895	217.9786	222.267	142.6231	110.2641	66.6869	86.6323	43.328	37.1528
MM_RS05900	111.0787	220.4602	199.0989	103.0485	17.0475	46.3576	41.1743	47.0918
MM_RS05905	30.8752	23.039	65.0066	23.504	7.9726	10.4673	24.8723	30.1062
MM_RS05910	8.1482	7.7031	7.1839	2.6762	5.3985	10.2702	4.4528	6.6615
MM_RS05915	89.2734	128.7147	156.0353	64.2239	90.6505	145.1658	24.3273	52.8452
MM_RS05920	39.1785	115.7422	157.1095	44.962	12.0966	38.7735	32.5749	46.7339
MM_RS05925	472.74	355.3144	445.0451	227.2539	151.3849	254.0604	138.5912	234.8499
MM_RS05930	555.1106	291.8968	197.3789	191.64	89.8765	147.169	69.2451	64.9975
MM_RS05935	188.7565	242.3745	387.5609	118.3356	62.2058	79.9048	146.1835	107.1787
MM_RS05940	70.5676	46.2991	343.9958	115.8405	21.3568	16.1228	73.4335	75.8855
MM_RS05945	27.5739	35.6018	274.1676	154.3529	8.7398	12.3925	68.9559	57.6909
MM_RS05950	35.7329	32.0572	41.6779	10.0496	6.5844	11.0713	6.3414	7.3157
MM_RS05955	70.8035	53.3448	99.8061	87.6394	11.7825	17.958	76.0327	86.7878
MM_RS05960	83.8207	46.2	240.9903	103.5849	28.1213	17.0554	58.9047	74.2334
MM_RS05965	979.3945	736.3684	637.4163	545.8722	198.1119	381.7826	242.8553	141.3543
MM_RS05970	100.675	154.0501	322.9931	142.1165	50.3411	81.2003	141.8521	168.0744
MM_RS05975	45.0934	75.5192	234.6604	117.2724	38.5735	58.8118	202.8606	165.1604
MM_RS05980	238.8218	280.9258	315.0583	289.9317	76.3846	274.1153	112.0604	322.8168
MM_RS05985	191.5178	270.5053	503.9195	295.6806	42.4905	85.5388	46.7519	139.1394
MM_RS05990	214.6975	206.4132	487.6623	613.1905	82.0675	116.1031	104.2766	263.3424
MM_RS05995	228.8757	267.7212	538.1639	732.1736	58.2487	98.2866	70.4821	190.1255
MM_RS06000	93.377	74.1332	317.997	171.2819	28.4817	46.42	60.0934	92.5141
MM_RS06005	216.959	181.1774	183.5998	77.0413	101.4508	141.4513	69.4126	76.0979
MM_RS06010	148.9816	202.4812	103.0022	86.6031	51.677	114.3709	54.8125	47.9994
MM_RS06015	342.7001	383.0273	240.2105	209.7002	83.3165	105.1729	66.8025	77.0005
MM_RS06020	1160.1463	1314.55	248.6813	123.0665	387.02	685.8078	100.8641	114.4599
MM_RS06025	118.8128	252.1624	67.9769	16.5637	22.4737	17.7036	30.1556	17.1068
MM_RS06030	174.7304	174.4564	113.1363	65.1081	33.8834	33.0466	40.2694	24.1798
MM_RS06035	367.2549	490.9959	296.7853	218.9953	90.6729	159.8994	112.4033	141.1762
MM_RS06040	207.8801	343.3387	48.2458	47.4722	99.7324	362.2661	69.1418	270.8443
MM_RS06045	177.0693	207.7009	55.7548	34.7838	56.6337	56.1793	35.463	32.9306
MM_RS06050	19.4189	23.9016	38.303	66.9173	13.7839	16.9954	79.6109	50.4651
MM_RS06055	294.3147	278.2895	359.5508	199.8768	96.4245	150.1896	194.0763	175.9352
MM_RS06060	76.9169	121.0959	149.5894	118.8768	24.0165	36.9873	77.7814	72.8391
MM_RS06065	55.2021	43.9096	115.9227	139.0823	16.0176	39.4307	19.8808	79.5369
MM_RS06070	309.7404	316.5575	443.3448	735.906	66.7401	120.9207	37.6123	238.1345
MM_RS06075	176.3724	127.7443	94.998	66.5741	35.9873	69.1712	56.7872	117.4486
MM_RS06080	25.8015	21.757	38.6464	17.5486	1.4881	5.0798	13.9775	12.0354
MM_RS06085	116.3788	147.9431	89.3556	83.1417	10.7435	20.3743	5.1256	5.3951
MM_RS06095	25.0971	11.5994	57.1737	23.4797	14.7163	10.8023	35.8131	18.8555
MM_RS06100	8.8169	10.7302	40.6178	22.6993	8.5674	8.378	28.066	43.008
MM_RS06105	15.5478	10.3023	130.4846	29.7064	54.7007	63.5014	76.4889	159.5657
MM_RS06115	25.8566	30.2141	108.9809	41.2427	5.5859	12.2578	24.7342	41.2853
MM_RS06120	78.5773	103.0728	179.406	203.5417	23.2392	36.163	77.7466	89.2738
MM_RS06125	16.6472	10.3718	59.2741	39.1197	9.3547	6.0875	46.4982	51.664
MM_RS06130	24.4958	29.6582	79.1757	74.5456	6.3838	4.7145	37.9043	35.8755
MM_RS06135	283.6361	367.0164	288.0022	321.6971	30.9674	48.7889	51.1527	52.1991
MM_RS06140	95.8495	103.6863	81.591	83.8378	33.3456	61.8565	58.4555	54.1167
MM_RS06145	223.4234	221.0008	172.3286	105.9066	79.9796	122.2457	51.4166	76.6677
MM_RS06155	1937.3136	1131.1513	2190.4742	508.3311	162.2838	362.2087	189.7583	361.2125
MM_RS06160	183.2572	158.7061	49.3823	52.3626	39.0752	50.8359	10.963	25.3498
MM_RS06165	108.9195	110.1383	58.6653	58.0921	40.4783	42.7796	22.6704	36.4215
MM_RS06170	64.8795	108.1012	112.0826	39.0544	27.174	51.3748	8.751	34.9053
MM_RS06175	0.8384	18.0207	0	0	0	0	4.5995	0
MM_RS06180	144.744	186.2982	359.1001	116.7942	23.6358	53.6001	34.0214	14.3113
MM_RS06185	25.8361	27.2081	24.8919	16.8263	5.9686	18.3369	5.2858	20.4447
MM_RS06190	25.8555	12.3776	15.2932	13.0798	3.6404	6.6913	2.4424	9.0924
MM_RS06195	20.204	25.5274	14.5415	6.8843	37.3292	21.5643	12.0214	27.9707
MM_RS06200	70.2344	100.4549	81.733	18.6079	42.9741	42.3158	23.642	41.9117
MM_RS06205	13.0251	0	41.7268	0	0	11.2944	0	0
MM_RS06210	91.9441	93.6057	160.8657	39.3129	66.5315	63.2534	99.7398	109.6907
MM_RS06215	4413.9506	7982.3533	23031.2756	25721.2615	271.9504	554.0372	1502.4148	1164.4115
MM_RS06220	436.1324	675.8179	1365.5468	797.5351	192.3328	248.5326	649.6671	534.2873
MM_RS06225	393.7381	326.4828	1229.4617	701.635	160.5505	158.3614	568.948	412.7517
MM_RS06230	25.0401	23.9631	17.0469	4.3286	9.7885	9.2531	18.9136	5.5882
MM_RS06235	83.0963	74.8846	87.0815	23.8712	69.0956	96.521	13.9071	42.1171
MM_RS06240	45.4676	44.5366	56.6655	7.2619	29.3656	39.569	28.6193	22.0588
MM_RS06245	96.101	98.9494	201.7296	28.6539	5.6472	11.1215	16.6707	18.1349
MM_RS06250	39.6185	19.9683	47.5378	14.7649	16.6221	9.4567	18.5865	9.2258
MM_RS06255	41.8924	33.0264	185.1526	32.7673	20.0635	39.5123	22.761	35.1433
MM_RS06260	35.5721	48.6688	50.5753	28.9495	3.7408	7.3671	23.3408	16.0172
MM_RS06265	11.2022	8.6346	28.3324	18.7954	2.3183	3.0438	3.733	9.9264
MM_RS06270	201.2569	226.7225	93.0743	44.7529	63.1224	65.9389	53.0288	33.2943
MM_RS06275	883.4243	720.6843	380.4728	347.4041	278.5619	222.6788	220.9535	201.7244
MM_RS06280	1615.5147	1340.1154	500.6497	358.1787	238.6667	252.3156	122.7742	152.921
MM_RS06285	89.7381	179.0313	78.5087	70.0945	26.696	55.7287	62.329	59.0574
MM_RS06290	310.1735	348.2121	251.2169	310.896	63.6256	79.3579	37.7616	57.6286
MM_RS06295	44.4637	41.2915	20.7531	9.8608	2.7445	14.0525	1.1048	10.7717
MM_RS06300	39.5269	37.836	45.6951	29.6093	18.0285	53.5301	23.7258	25.1124
MM_RS06305	118.9645	256.7105	585.1096	348.7434	24.089	60.9943	49.8699	54.8454
MM_RS06310	102.0153	103.1239	412.8041	320.5493	10.3818	13.2409	52.1398	40.9239
MM_RS06315	518.8351	424.2991	591.2125	215.4303	102.7193	107.0956	134.2633	53.0364
MM_RS06320	14592.1754	14485.7783	5063.913	5857.8803	3155.1226	4103.923	4825.599	2665.7247
MM_RS06325	391.894	366.3482	857.7629	760.9324	96.066	166.8303	126.1201	199.8205
MM_RS06330	4054.456	5083.2251	1742.703	2107.4635	522.6088	1003.7219	312.5555	584.2772
MM_RS06335	262.1021	234.6272	117.7592	191.3378	70.3266	95.3952	31.2097	37.9457
MM_RS06340	115.5697	95.7105	100.9332	43.7027	47.7843	41.4061	31.4761	29.1398
MM_RS06345	426.82	604.1824	318.0993	464.8375	123.4692	131.4355	83.2844	159.5501
MM_RS06350	162.8195	133.2453	223.511	229.5783	82.7201	73.5792	122.6499	108.9605
MM_RS06355	156.9217	157.4927	295.4132	330.6537	43.1267	68.205	69.7069	116.9956
MM_RS06360	57.846	58.8009	38.9257	15.1202	20.4111	42.0122	18.0231	25.8424
MM_RS06365	240.6198	293.688	100.4096	28.5336	113.5624	155.4225	122.8277	110.5044
MM_RS06370	14.4001	21.7895	32.6777	12.7059	4.2219	8.1297	9.8194	10.7122
MM_RS06375	17.7314	24.8541	22.0786	5.0277	6.4968	16.3771	4.1844	15.2996
MM_RS06380	40.6353	45.3249	71.4221	37.0213	3.8639	13.1897	15.554	4.5956
MM_RS06385	49.0635	48.11	19.6372	23.6854	4.5705	12.6014	16.0987	14.2695
MM_RS06395	3606.6171	3815.338	798.1572	761.4915	3196.2894	3456.7767	463.4035	503.6445
MM_RS06400	263.0702	280.3714	263.954	95.6553	34.9591	77.7973	58.4014	22.4527
MM_RS06405	129.1439	152.2791	160.1896	55.8123	15.0297	30.6614	26.0621	16.2256
MM_RS06410	112.9969	99.5381	114.6606	43.0716	23.853	29.229	27.7388	34.8003
MM_RS06415	1776.4601	1680.3755	3151.2752	5371.6541	60.8731	291.2672	79.6387	150.2304
MM_RS06420	4015.2252	3385.4458	5917.1447	8809.5551	306.9373	560.2985	339.7798	383.8394
MM_RS06425	2824.5879	2746.7889	3025.0341	1881.2032	382.5015	660.091	411.853	464.4988
MM_RS06430	1701.0717	1334.926	1978.6665	1197.9795	525.4265	903.3206	530.48	581.0483
MM_RS06435	3386.268	3292.8425	4117.9875	3488.7056	380.9906	545.8706	332.8305	348.0846
MM_RS06440	343.7827	317.7423	252.6172	118.1559	97.7503	162.312	59.1051	68.888
MM_RS06445	48.7009	61.3601	110.6668	80.1345	14.2435	21.7065	39.5463	43.6976
MM_RS06450	414.7009	512.1926	403.7162	182.6033	55.0571	79.5135	88.652	140.7882
MM_RS06455	70.3512	62.0472	91.0097	100.2288	31.2301	38.1872	52.5378	49.5622
MM_RS06460	111.6571	128.7017	177.7243	303.2336	22.0823	34.4854	31.19	36.2166
MM_RS06465	35.5121	24.368	52.4422	16.3161	4.5741	8.6477	6.7487	10.9519
MM_RS06470	57.2478	48.9386	73.6742	182.8618	14.2959	10.1632	12.4091	43.0248
MM_RS06475	51.0569	62.8783	46.7506	64.1317	8.5069	18.9789	18.5509	27.7276
MM_RS06480	157.2885	140.8418	149.3294	246.4276	48.0956	37.1571	94.4952	117.7353
MM_RS06485	1302.3889	1099.3831	1218.1853	214.7997	511.3672	579.3134	244.5726	177.0407
MM_RS06490	1819.915	1333.5434	1775.3855	299.9751	772.9036	991.0029	346.1192	222.9701
MM_RS06495	1440.7059	633.3157	976.1132	178.9728	508.0423	340.0648	190.1128	97.0178
MM_RS06500	1002.296	577.0598	887.0414	76.2296	253.0961	209.5997	71.1873	65.4146
MM_RS06505	10.7699	16.5068	6.1502	3.9272	3.1576	6.8403	3.8132	6.1966
MM_RS06520	401.1527	577.2814	357.7355	206.218	118.3615	264.3732	205.0583	198.8666
MM_RS06525	75.8358	76.5962	86.9005	46.8421	16.7804	17.8452	6.7549	16.7647
MM_RS06530	58.1918	57.807	38.2259	14.0986	13.0974	22.8068	9.4346	23.1203
MM_RS06535	226.1925	285.3879	127.9459	149.6048	20.8189	22.4421	22.0541	15.6387
MM_RS06540	407.0239	730.5061	96.2539	102.0243	127.2893	165.4481	40.9918	49.9597
MM_RS06545	299529.4511	1832614.0213	237907.3711	1123339.889	791943.8425	6708271.6864	1078466.5563	4330947.0642
MM_RS06550	298196.1982	1831790.1901	238265.588	1119750.1254	727290.4608	6657902.1034	1078201.2102	4296777.903
MM_RS06555	249.131	228.0045	242.5181	269.8537	37.266	63.1157	39.3034	54.5171
MM_RS06560	27.2873	53.7633	32.7824	34.3378	22.589	14.8286	7.5776	6.7166
MM_RS06565	53.4393	79.1393	58.6738	31.1781	8.9529	17.6316	7.2079	11.5002
MM_RS06570	90.3232	240.341	301.8448	80.5824	23.073	42.1345	51.5058	47.1506
MM_RS06575	656.1493	1339.602	3496.5208	519.6629	297.735	422.4922	624.4339	184.3338
MM_RS06580	574.4087	1109.0986	1921.7519	334.2113	111.7846	154.1012	453.5554	72.4907
MM_RS06585	310.6608	534.6425	774.8606	115.225	174.2158	215.745	561.0386	146.5823
MM_RS06590	201.3973	199.3645	399.6449	87.4871	104.2417	93.6322	454.418	96.161
MM_RS06595	135.8201	132.651	268.6837	60.248	56.5792	50.859	311.8735	71.339
MM_RS06600	439.256	493.6081	418.8383	353.216	138.614	208.7377	250.7487	193.6828
MM_RS06605	435.3707	509.8925	335.4367	520.8242	146.0904	220.2833	164.5437	203.7666
MM_RS06610	151.2618	99.1247	1196.0547	199.3867	33.9487	40.783	119.5767	91.4547
MM_RS06615	130.6758	179.8977	578.3429	348.0742	22.6877	65.4189	81.3341	84.6176
MM_RS06620	24.077	57.5378	32.3511	13.527	10.3533	14.0872	4.5465	13.4332
MM_RS06625	231961.4105	282285.0525	129336.2326	142614.891	64738.8559	178954.109	52346.3736	155801.3451
MM_RS06630	280941.8941	252211.0144	138603.4675	157195.3655	143276.8954	266151.0552	111718.8752	212931.6074
MM_RS06635	459.6779	421.4307	110.5132	97.1576	92.1695	191.6464	35.3767	95.6015
MM_RS06640	233.3035	253.3766	105.0834	101.1747	36.2042	60.2083	29.1477	40.1893
MM_RS06645	149.7726	155.3365	45.2794	29.5824	15.0945	24.8622	9.9429	16.6472
MM_RS06650	15217.3618	20240.2066	55324.8808	29811.7517	261867.6568	311235.3889	566242.7868	216612.095
MM_RS06655	74.9268	393.5969	2028.215	48.6256	19.4491	54.3374	652.8977	20.1873
MM_RS06660	10711.6394	8421.2637	39128.1648	3355.5135	6009.2184	2287.7973	23745.7312	6784.9361
MM_RS06665	293.8877	385.1665	901.2857	460.7296	13.5195	39.1323	34.4252	57.2135
MM_RS06675	59.5906	75.6046	248.1327	87.7955	23.2949	63.3924	57.9684	191.4235
MM_RS06680	75.841	139.1881	183.8172	81.657	8.9529	13.4	5.7663	15.3335
MM_RS06685	34.0667	37.164	79.896	40.0899	2.7992	7.4169	6.351	8.1717
MM_RS06690	202.0281	325.1829	143.7564	68.25	33.37	76.2326	45.6721	28.5761
MM_RS06695	187.7991	397.3006	293.0612	76.6524	20.3926	64.2568	95.2239	32.0156
MM_RS06700	96.147	97.2684	524.5855	526.5932	20.4169	19.5053	137.0957	101.3692
MM_RS06705	75.0588	80.5883	332.6485	345.2688	39.3225	59.3617	237.0011	170.6845
MM_RS06710	115.6079	130.3604	297.7569	74.9406	28.9052	48.3609	33.9803	31.0322
MM_RS06715	398.7869	361.0568	448.1031	116.633	210.9976	267.3107	152.3597	203.3492
MM_RS06720	4533.4241	3056.3358	4880.8892	5834.2341	11271.625	14931.3213	6902.9201	46775.381
MM_RS06725	317.1242	243.9686	404.5921	462.0921	143.4136	197.1562	244.1676	221.742
MM_RS06735	103.6016	97.0963	92.9246	47.4826	27.6343	35.9317	25.7328	27.3234
MM_RS06740	98.3072	119.3727	106.5984	66.9654	25.6828	32.4468	22.6277	39.7677
MM_RS06745	1210.0077	1090.984	790.0214	376.0168	222.1009	288.4261	258.8652	191.6531
MM_RS06750	383.1778	624.3825	517.5934	402.4521	76.6207	127.6284	51.632	77.8016
MM_RS06755	122.9695	92.3011	68.9901	42.6565	13.2282	28.7617	0	8.5419
MM_RS06760	248.8554	561.1721	284.5297	196.8933	48.9427	69.9691	52.5378	85.3756
MM_RS06765	246.3248	267.5462	150.2294	74.3671	67.6093	75.3156	31.3394	43.3737
MM_RS06770	298.4534	301.9114	319.1547	126.8872	61.5231	92.0419	91.9874	61.9821
MM_RS06775	203.9905	235.6282	571.0986	142.3835	58.8579	85.7504	136.0435	82.6491
MM_RS06780	1372.4111	1460.7857	570.5181	252.0297	400.4405	615.395	238.6826	200.033
MM_RS06785	543.5107	717.0024	361.9208	595.8209	67.2391	139.4445	64.0765	102.8207
MM_RS06790	96.8095	123.1191	31.666	28.6454	35.4115	54.77	20.1653	24.9621
MM_RS06795	31.1693	32.1866	111.3141	45.9744	0	18.8113	26.1624	19.4642
MM_RS06800	107.39	177.6332	215.7361	165.2903	50.2435	75.3156	59.3014	58.4814
MM_RS06805	208.6676	272.5549	347.3631	147.7004	84.6577	159.4278	142.7041	177.4639
MM_RS06810	327.4476	237.9746	382.3897	131.108	70.5905	92.8643	110.822	132.989
MM_RS06815	118.3714	205.5922	197.6222	69.3567	22.6916	50.4712	46.2094	76.203
MM_RS06820	108.7326	143.2099	209.2382	148.106	18.2196	27.0162	37.1024	33.6517
MM_RS06825	116.6252	105.0436	124.814	83.8304	17.2976	34.8574	24.2897	20.9558
MM_RS06830	20.7706	20.0152	58.7627	13.6517	6.7663	11.9927	17.1595	15.6927
MM_RS06835	477.1253	365.7818	146.3418	66.046	92.5565	137.868	31.8388	47.1356
MM_RS06840	258.3503	108.1554	131.3762	64.4144	27.9673	39.656	36.0259	31.9327
MM_RS06845	224.1712	193.4291	196.9293	143.9181	68.1816	88.1839	82.4662	65.6284
MM_RS06850	227.0586	384.5514	44.48	31.6395	39.8178	92.1385	0	42.622
MM_RS06855	308.9626	337.5845	934.7373	1690.3317	24.8661	32.6469	76.2646	83.2319
MM_RS06860	328.936	269.6042	340.7333	98.1324	105.4493	164.0315	63.4036	140.0231
MM_RS06865	70.6653	87.3246	67.7031	35.3528	10.8094	21.9973	27.5582	27.6411
MM_RS06870	241.5433	202.828	265.3994	67.5812	11.6995	16.5892	16.0125	19.62
MM_RS06875	247.8475	634.9756	172.502	138.6121	25.8566	39.0603	19.5613	18.3616
MM_RS06880	61.9885	84.953	34.0232	19.5635	16.2611	24.8687	32.3441	25.5975
MM_RS06885	330.3903	270.1399	273.8339	145.4154	85.6498	112.4504	220.0021	190.6399
MM_RS06890	95.9329	121.5659	39.3255	29.5135	36.2303	85.6209	12.2816	55.7915
MM_RS06895	111.5067	167.236	91.7398	61.7593	35.56	49.5183	38.7877	54.3542
MM_RS06900	175.2808	222.3136	105.9821	60.3643	86.2616	91.8077	247.5024	186.6379
MM_RS06905	11.3538	10.9439	19.1531	17.1728	4.4381	6.7009	7.7417	17.9471
MM_RS06910	11.268	15.5415	174.9546	21.1021	0	2.3133	20.0957	8.3823
MM_RS06915	31.187	39.7277	221.5527	52.0717	3.6839	7.8767	17.3714	12.3932
MM_RS06920	589.9694	617.3412	495.65	232.0048	103.1379	175.4696	96.298	95.5791
MM_RS06925	96.8217	77.1714	163.59	56.2724	61.3416	104.354	37.3019	83.3577
MM_RS06930	422.2449	775.2757	1184.1762	254.6262	93.567	105.4577	178.4741	126.3514
MM_RS06935	28.7021	26.1948	29.1234	34.6463	4.3526	12.1149	5.6068	9.1112
MM_RS06940	25.7715	33.2483	28.6643	34.22	16.9417	19.4731	26.2498	19.8457
MM_RS06945	190.5887	219.4991	748.093	324.3198	34.4779	54.7879	70.8303	44.1176
MM_RS06950	297.5729	428.4404	637.5992	256.8217	174.2805	250.3307	143.6604	159.395
MM_RS06955	1557.8949	1721.1178	4248.1096	757.0695	185.3405	333.717	213.1658	188.9461
MM_RS06960	390.6633	572.8046	1128.2498	202.6001	83.9018	158.2761	116.4325	89.0229
MM_RS06965	115.1479	118.0662	128.6864	32.5833	23.5783	36.3031	28.474	28.298
MM_RS06970	673.4601	944.267	499.2342	334.7937	192.1722	290.0086	171.2308	123.2696
MM_RS06975	29.6476	21.6639	58.1757	24.1586	14.2409	17.4075	55.3492	41.351
MM_RS06980	184.7994	174.5101	154.1665	81.1632	46.2609	51.0978	58.7002	40.1893
MM_RS06985	96.1201	91.6913	340.1282	205.5663	17.6515	39.8185	40.3723	45.8051
MM_RS06990	47.9771	58.8433	187.895	111.9101	15.2475	30.2504	40.4642	49.3671
MM_RS06995	2914.149	2824.1326	416.1166	192.1769	197.4586	672.7082	131.7975	177.0407
MM_RS07005	6.4039	7.9821	5.7241	1.6877	7.4941	8.0899	4.9161	16.0437
MM_RS07010	70.399	81.9447	25.602	42.3573	42.5159	60.363	21.8908	37.3959
MM_RS07015	193.5303	220.3389	300.1829	271.5491	119.9512	141.5405	185.9305	146.6909
MM_RS07020	1842.4301	2287.653	1816.5631	617.7765	208.6192	365.5836	443.8877	319.0165
MM_RS07025	146667.0225	997543.1167	203139.347	529845.35	137982.356	181737.3532	117209.4578	173386.0746
MM_RS07030	10860.4871	8163.7636	14306.1815	30454.4613	1697.0898	2625.2031	6489.5514	8536.0549
MM_RS07035	15310.1323	6850.9817	18538.2156	17504.3145	1406.9619	1972.3998	4801.0882	3875.9987
MM_RS07040	5641.3519	5221.6193	19394.9733	20464.1608	830.1863	1634.0493	4920.4125	4485.59
MM_RS07045	2431.8375	2884.4901	8186.1339	7800.4804	980.7262	2010.8347	6191.4373	6581.2756
MM_RS07050	319.0594	553.1797	619.3596	244.359	126.3038	238.7887	299.974	305.0787
MM_RS07055	249.1796	320.3599	241.2601	153.2182	108.1515	190.1391	104.3709	125.735
MM_RS07060	267.4472	193.7155	255.2606	121.9337	191.6349	167.2502	283.0383	126.9156
MM_RS07065	1130.8291	1064.4332	639.84	328.9964	366.0217	387.472	243.1751	87.5655
MM_RS07070	351.3692	563.4461	227.9185	35.9993	74.5982	159.5034	79.1245	20.2798
MM_RS07075	289.8087	257.9656	237.2969	311.6188	70.4512	125.9329	64.883	84.6691
MM_RS07080	174.3783	267.1718	102.8045	69.0442	14.275	40.9641	11.9031	20.3737
MM_RS07085	485.6189	258.0726	197.1541	115.2957	85.7641	99.9893	36.4573	62.182
MM_RS07090	1058.7446	814.0268	305.5609	361.7978	325.19	316.2498	106.3098	89.871
MM_RS07095	5347.8005	3001.7734	1122.7749	716.5386	830.6202	561.7877	344.4947	164.6514
MM_RS07100	407.4311	379.9822	122.821	73.6763	37.0634	76.9217	14.3459	14.2418
MM_RS07105	498.8274	745.3024	639.4317	487.2287	143.1228	270.0026	216.6564	235.0095
MM_RS07110	199.4514	198.574	307.9108	144.4126	49.6178	72.9875	69.7032	72.2615
MM_RS07115	2589.7048	3993.3782	4255.3273	3138.9948	189.8163	859.7801	725.8925	846.6017
MM_RS07120	98.5333	114.8951	245.8401	137.1259	33.3941	101.8839	177.5285	168.7058
MM_RS07125	35.7284	29.9633	166.8961	104.598	7.81	14.2382	42.3975	50.3195
MM_RS07130	283.7756	199.729	309.6905	104.8294	59.4665	119.7992	63.1963	64.3489
MM_RS07135	216.1864	240.2581	114.6931	62.9253	67.7669	102.3175	49.2941	51.9654
MM_RS07140	126.0213	172.7678	77.2762	32.4451	91.745	92.7582	34.896	28.3535
MM_RS07145	116.3128	71.7244	84.7358	45.0901	18.5801	22.8471	30.6471	23.2843
MM_RS07150	1671.4057	996.4727	5538.4509	4593.2874	198.3058	211.5163	250.7844	272.8016
MM_RS07155	68.7886	74.8846	78.5832	58.586	34.0911	45.2017	57.3387	57.0866
MM_RS07160	43.7208	76.0732	83.6678	57.1141	18.6449	18.3592	35.6507	23.2843
MM_RS07165	46.1716	50.4823	100.4201	22.6123	23.3756	52.365	24.1125	80.7999
MM_RS07170	91.9281	94.5487	277.9499	243.3207	9.8884	24.794	13.2685	19.6728
MM_RS07175	36.3587	29.3027	28.0028	9.5781	12.7677	10.7761	13.216	23.4289
MM_RS07180	1499.3528	1800.8829	2747.411	948.2109	125.3411	380.8425	322.9154	598.0081
MM_RS07185	222.1308	500.6155	171.2875	137.1901	57.784	90.292	71.6887	83.8234
MM_RS07190	31.4723	35.7837	49.3737	28.9794	12.4309	21.0039	17.5502	34.8407
MM_RS07195	91.6649	133.8382	221.2675	310.484	18.4496	30.4802	22.0741	43.338
MM_RS07200	17.2499	16.3082	13.159	5.7715	11.0937	6.6828	6.3045	12.5735
MM_RS07205	80.1989	89.9406	48.4916	12.9974	35.2698	55.5673	66.256	58.728
MM_RS07210	21.2935	15.792	22.4603	3.3127	1.9977	2.3605	4.0208	5.7023
MM_RS07215	435.3303	578.8097	249.0973	162.6965	121.9078	89.6656	65.612	47.1026
MM_RS07220	286.9254	298.2529	335.5067	134.4158	144.7674	254.865	216.9259	202.5731
MM_RS07225	189.4274	188.9017	150.4541	144.2188	24.0949	72.0671	31.5227	30.3591
MM_RS07230	69.1584	80.5901	100.6149	142.9999	33.5607	38.5544	54.0389	38.918
MM_RS07235	198.9066	275.5559	285.5118	223.2496	78.2169	124.6713	89.4862	235.6716
MM_RS07240	763.34	1035.394	804.3929	433.9688	50.1913	165.8234	34.9805	146.477
MM_RS07245	705.6757	1093.3149	1271.1737	1196.7721	72.0793	161.9286	161.1956	150.501
MM_RS07250	138.1523	155.7944	107.5097	99.8201	162.0173	328.3773	296.2046	498.6044
MM_RS07255	190.274	195.8475	245.2979	109.907	56.0113	50.1208	81.2694	55.8822
MM_RS07260	285.8352	288.6433	316.5603	219.495	116.3544	105.4791	202.9645	86.3275
MM_RS07265	279.4881	234.4886	414.6166	266.8512	172.0411	223.7325	242.9874	203.2081
MM_RS07270	108.9372	106.3578	254.5326	124.6838	80.8619	155.894	135.342	270.2999
MM_RS07275	113.3519	88.2986	184.4672	130.8323	103.2892	147.7717	126.7869	118.0005
MM_RS07280	170.0701	145.2183	219.9107	232.2268	50.9231	72.8745	37.5812	47.5443
MM_RS07285	325.8458	285.5828	296.4703	137.554	162.5598	203.9128	210.7057	210.579
MM_RS07290	115.9264	201.079	461.6858	123.9977	25.8309	117.8052	71.145	69.8528
MM_RS07295	32.3727	60.6514	90.1272	51.4881	22.8704	22.3399	55.9749	67.8943
MM_RS07300	127.7045	66.148	105.4214	43.2865	35.2388	45.4942	52.0124	92.9042
MM_RS07305	60.4091	67.2668	28.0199	26.4855	30.7772	39.7263	37.008	52.5488
MM_RS07310	404.4248	400.7855	97.3046	84.6655	108.8007	138.9623	41.6712	55.7817
MM_RS07315	36.8237	82.2262	9.2359	11.1399	31.6688	22.6791	6.9535	30.8174
MM_RS07320	93.5965	112.6904	56.1841	41.763	22.8083	17.9671	18.3627	34.5873
MM_RS07325	90.1444	179.723	192.0015	275.9512	17.6194	27.7592	29.9466	61.4705
MM_RS07330	190.4468	180.2875	399.0915	299.7854	41.8771	54.1662	55.359	93.711
MM_RS07335	151.5329	213.1467	359.3585	221.8047	40.9592	78.2026	51.6995	88.9261
MM_RS07340	273.7862	265.3595	287.9171	128.0402	74.6799	88.4093	82.8829	79.4877
MM_RS07345	1956.1488	3356.6596	1961.7691	1353.222	460.2499	765.157	914.9916	504.7536
MM_RS07350	235.0988	322.8358	133.8328	82.9657	22.8399	56.8356	9.1941	50.0612
MM_RS07355	29.3152	40.182	157.5576	114.0229	5.7299	5.6421	36.328	16.3558
MM_RS07360	1629.7656	2411.8	1066.2021	384.8203	222.7738	350.9782	114.1339	148.1361
MM_RS07365	700.6415	837.4112	508.4864	238.0235	105.8857	199.0743	85.2477	62.4645
MM_RS07370	113.2767	113.6885	191.7238	116.9121	41.9509	46.3571	81.1522	91.0581
MM_RS07375	53.2768	47.9437	234.4095	239.5616	22.152	36.4664	84.1418	102.7525
MM_RS07380	45.0207	70.2684	148.8681	84.4975	62.8545	80.4097	193.1035	212.0702
MM_RS07390	48.4932	58.0693	91.4579	28.5782	9.306	14.6615	22.4766	19.1849
MM_RS07395	340.5089	438.3381	631.0893	115.2671	33.0363	69.398	92.5979	55.0091
MM_RS07400	1.6202	8.1592	0	2.2504	11.6397	3.6888	0	0
MM_RS07405	86.25	108.7462	171.6627	134.3033	10.1235	35.8864	93.7291	28.8973
MM_RS07410	130.0959	122.0001	839.4457	436.2463	11.0121	28.9158	41.3735	57.6286
MM_RS07415	48.1081	102.2291	83.0288	73.0265	13.3162	26.5004	20.313	28.0078
MM_RS07430	1460.2576	1369.8526	245.1176	514.9039	92.884	368.3588	202.1463	268.3842
MM_RS07435	700.6913	650.8988	458.5017	320.4504	256.6962	291.1524	277.1823	290.4913
MM_RS07440	114.5077	91.429	76.4333	76.8779	41.8655	61.2474	121.0991	49.7221
MM_RS07445	315.088	461.1268	774.3984	309.7687	57.5077	110.844	126.0908	110.0182
MM_RS07450	179.357	228.8379	117.9926	47.9423	136.5844	254.4592	84.6714	49.2219
MM_RS07455	329.8361	239.3051	127.4753	69.8196	110.8051	225.2201	72.3211	39.6989
MM_RS07460	376.4363	302.7833	128.9729	49.7794	170.8101	184.6757	61.0752	35.9742
MM_RS07465	1053.5393	846.4731	264.8411	126.0518	442.6598	730.8205	212.4863	121.3369
MM_RS07475	59.1048	152.0503	113.0613	35.8432	5.9626	35.2274	18.6016	11.1694
MM_RS07480	245.478	449.945	214.9396	160.9127	11.7692	66.3807	18.5025	14.578
MM_RS07485	374.8628	530.6848	386.8482	335.6704	28.6079	58.5456	27.7283	24.5778
MM_RS07490	39.3229	41.894	61.3582	19.9243	20.6726	25.8885	18.7771	18.1567
MM_RS07495	261.7852	219.9625	195.5622	82.0075	29.0597	28.9158	36.9407	44.7494
MM_RS07510	219.0315	538.3223	217.1942	122.9485	798.0767	1923.9039	589.8801	1090.3261
MM_RS07515	267.3674	686.1409	307.3085	205.1958	133.4551	245.6913	132.6568	206.1137
MM_RS07520	4626.2218	9964.0579	1393.7733	2021.8204	12870.0292	15213.7282	6280.3505	11696.8851
MM_RS07525	8136.4976	12482.7981	3092.39	9798.9557	800.9057	1110.3332	525.4593	884.4412
MM_RS07530	138.6824	117.756	105.5233	78.3952	56.7291	104.4913	40.9705	59.5336
MM_RS07535	89.0486	85.2692	90.4381	103.2382	13.3124	23.4411	15.4461	18.7205
MM_RS07540	461.8526	707.8699	111.1851	62.3748	457.0045	546.6716	195.321	318.0739
MM_RS07545	67.9914	40.6668	54.814	3.673	6.6447	36.6404	16.0488	9.4836
MM_RS07550	90.7247	62.0953	57.0077	43.408	54.9368	75.506	56.8471	46.2677
MM_RS07560	30.3742	31.837	22.6673	8.7047	120.2128	54.8614	41.9628	72.9656
MM_RS07565	9455.343	8438.4568	7860.5195	6757.0468	3249.2919	1514.9532	7213.6343	1948.5899
MM_RS07570	9.1919	10.0017	4.5996	1.2328	7.4343	16.105	3.8905	11.1411
MM_RS07585	37.9396	68.0769	39.7624	35.6621	6.674	24.5346	3.5821	28.5761
MM_RS07590	44.0924	45.2563	18.1391	7.0576	19.7899	21.624	10.7931	15.9447
MM_RS07595	110.5043	141.6536	224.092	273.3496	48.3903	82.2436	48.5649	114.0035
MM_RS07600	69.6202	116.4601	208.5092	122.1071	18.765	50.841	67.5865	80.8162
MM_RS07605	83.958	81.9255	69.6652	18.1421	34.5478	62.5942	68.1446	59.1694
MM_RS07610	159.5963	278.0152	107.2207	63.3243	58.0859	68.6353	61.0536	90.9622
MM_RS07615	142.1284	117.7059	129.8417	39.095	23.5752	50.5009	25.6399	28.3347
MM_RS07620	872.3122	852.5497	2026.6235	1037.6018	236.0767	510.2791	397.8967	554.7134
MM_RS07625	920.8298	767.567	2608.5819	2743.8028	144.46	249.9819	420.4085	420.8068
MM_RS07630	66.4645	81.6614	51.9215	24.7995	17.2206	22.8471	4.743	12.9357
MM_RS07635	127.1267	176.2662	81.7835	55.5648	45.1779	80.0746	49.1027	55.6136
MM_RS07640	43.459	44.2066	26.8196	20.4466	14.9652	26.0242	8.5248	14.7094
MM_RS07645	58.0778	65.4884	31.2145	31.4773	30.1472	30.7849	21.5745	30.2784
MM_RS07650	20.3028	18.2152	9.0933	0	0	3.126	0	5.6637
MM_RS07660	132.1561	92.8669	49.5331	36.072	27.1904	38.5544	33.9307	47.0536
MM_RS07665	216.5631	323.6856	676.5396	291.7449	19.8416	59.3947	95.846	56.6374
MM_RS07670	225.5798	162.7841	414.6379	550.6437	50.5611	75.4383	95.8351	141.8163
MM_RS07675	59.848	93.2351	96.2907	70.2312	14.8311	27.2607	25.4729	34.2208
MM_RS07680	70.1673	85.9066	41.4094	10.4054	9.1431	25.4205	2.598	9.979
MM_RS07685	334.1241	532.2481	648.5457	194.4403	106.2928	138.367	125.4623	71.9955
MM_RS07690	678.0772	1249.1809	637.1915	269.3433	81.86	284.5521	255.2501	155.7779
MM_RS07695	43.7258	99.1254	110.535	38.7457	18.0768	27.3175	49.0067	45.2815
MM_RS07700	66.0507	68.104	27.287	7.0298	64.1651	119.3062	21.8735	63.9401
MM_RS07705	283.7162	613.7755	663.2369	399.8582	65.5227	173.1362	171.6692	91.4685
MM_RS07710	122.5969	170.3694	61.5368	34.3958	48.033	116.5232	30.761	48.2997
MM_RS07715	255.5263	231.8018	238.8803	87.4337	88.0969	154.0424	91.3442	127.6401
MM_RS07720	45.6417	46.1309	145.608	78.9905	7.366	15.0865	30.4421	28.7354
MM_RS07725	236.7923	206.7466	315.9715	77.6333	108.5252	135.7786	238.99	216.3918
MM_RS07730	159.3461	167.4695	177.7074	201.7985	125.4714	119.3435	106.9264	143.357
MM_RS07735	287.4037	343.8021	283.8722	352.2501	77.8724	92.2497	92.3666	98.4161
MM_RS07740	136.5825	252.7128	140.0576	149.5836	32.012	31.6057	26.4598	20.103
MM_RS07745	70.3744	124.1507	32.804	17.2469	13.7651	19.5182	4.4329	16.3717
MM_RS07750	1332073.985	1881487.2848	2100968.4442	2252103.2315	555507.0431	866409.6778	501555.8708	1051698.0307
MM_RS07755	42477.221	81373.5437	119060.8203	55906.7275	153369.5475	160533.3261	124327.2099	175481.8076
MM_RS07760	1287.8794	1617.8503	790.3122	920.2248	105.5985	191.8883	65.3712	84.664
MM_RS07765	224.3176	297.6662	197.6651	172.4695	80.7555	119.0368	102.9413	123.5521
MM_RS07770	367.3396	430.4062	374.0244	257.494	126.7045	223.1068	108.6093	171.7953
MM_RS07775	810.2767	618.0615	685.697	309.7878	68.2441	162.0915	39.9583	110.6822
MM_RS07780	148.0798	146.348	65.5844	53.9707	81.9853	121.5345	44.4038	50.528
MM_RS07785	22.2591	24.32	34.274	14.6016	6.5181	9.9989	13.2572	15.4231
MM_RS07790	31.421	49.4412	28.3191	17.5486	23.2431	19.2028	35.6	21.0367
MM_RS07795	20.1519	23.5527	25.0298	10.2551	2.6503	9.1863	14.0828	13.6175
MM_RS07800	20.8724	20.8314	12.1031	12.4302	10.5822	4.168	8.5196	6.6077
MM_RS07805	124.1023	154.3673	131.0389	150.2211	27.0473	75.0797	40.4403	83.6395
MM_RS07810	30.9431	38.1954	24.0505	7.715	5.5828	10.5548	9.8883	5.976
MM_RS07815	58.9911	69.8443	48.5266	7.804	39.5307	67.841	35.2357	66.4945
MM_RS07825	19.9477	32.969	9.1428	5.9581	3.1138	6.4153	4.6281	4.4441
MM_RS07830	14.0198	14.8563	8.7253	6.3782	2.5962	5.6809	6.2705	6.7932
MM_RS07835	240.5743	240.3273	284.0274	97.4417	45.6704	80.0228	82.8158	70.665
MM_RS07840	264.603	368.3226	271.4984	361.7739	1579.7685	2457.8001	1571.6529	3663.8897
MM_RS07845	27.2994	41.6651	35.9219	15.256	3.3119	6.9572	1.7776	3.1513
MM_RS07850	188.3859	205.0606	62.2127	60.6819	42.539	69.1818	22.0953	32.3151
MM_RS07855	149.0219	158.2281	20.2466	23.7022	40.93	93.1448	11.5072	27.8175
MM_RS07860	260.6462	328.6288	219.9159	323.2245	83.1658	112.7644	96.2864	98.2141
MM_RS07865	104.7832	142.8067	107.4573	79.9135	23.4925	36.3983	30.9165	39.0101
MM_RS07870	160.0196	130.9372	96.7546	85.9644	58.6444	83.1544	49.6622	67.5795
MM_RS07875	231.9505	376.846	463.2628	342.5895	81.9147	126.6208	70.9261	83.8234
MM_RS07880	128.4353	143.1175	145.3778	119.3013	48.8025	76.5565	28.4517	43.5329
MM_RS07885	197.3671	233.4383	153.7032	123.3751	38.1832	81.2434	19.015	37.9228
MM_RS07890	405.8789	276.7377	496.1005	605.0025	52.3015	88.0704	108.9387	186.6165
MM_RS07895	105.298	150.2796	209.7693	174.7825	32.9783	45.5604	42.9612	29.447
MM_RS07900	228.7696	259.1571	60.2441	24.6461	98.398	221.0319	36.5152	46.0809
MM_RS07905	32.9017	37.4702	37.9814	25.247	14.8509	18.3207	21.4312	28.1944
MM_RS07910	68.4064	48.4935	68.476	53.9926	15.2003	19.6169	15.8829	21.002
MM_RS07915	96.3081	87.9383	78.6778	58.6864	14.3063	29.0641	35.7661	26.8665
MM_RS07920	84.4155	95.3213	42.0564	15.0642	253.0562	216.4305	48.3587	63.8994
MM_RS07925	21114.0762	34310.4771	19619.6718	26550.1501	46987.0114	62864.7305	61967.3519	42791.6378
MM_RS07930	137.682	182.0824	75.1254	56.7023	56.3177	76.8448	42.9119	29.4243
MM_RS07935	273.1648	316.5575	339.9468	88.0135	81.995	159.9758	84.4358	125.1907
MM_RS07940	120.0376	225.1471	178.9775	83.6723	40.8697	84.6607	114.5541	74.5337
MM_RS07945	124.906	107.9597	167.2898	94.2992	28.3238	34.1091	40.6265	20.2124
MM_RS07950	253.847	141.296	98.9804	45.1728	102.3756	126.6283	73.3843	116.3145
MM_RS07955	679.9876	540.1787	899.4713	2354.005	276.059	290.6744	358.1722	595.7109
MM_RS07960	2606.2823	2636.145	4319.7588	8710.766	1489.2847	1353.6664	2592.7313	3183.7977
MM_RS07965	1875.7976	1417.8456	3155.5736	8098.4876	563.0395	790.0412	901.8746	1736.9261
MM_RS07970	787.849	908.5907	1178.4598	2595.4876	215.2455	359.1011	436.9441	695.6022
MM_RS07975	1907.7166	1404.3804	2087.1377	4981.1522	388.2237	656.7321	506.9009	1308.8519
MM_RS07980	721.3033	672.9307	855.9441	2102.0241	216.2012	298.7084	271.6663	589.2628
MM_RS07985	622.2654	442.974	797.7743	1162.5159	152.6721	193.3476	193.4882	445.1812
MM_RS07990	1324.1832	1454.5605	1453.7329	963.1236	249.3085	303.8996	216.0232	396.1064
MM_RS07995	77.3967	105.5192	63.314	30.6202	162.1784	71.5009	58.0304	99.064
MM_RS08000	116.6948	94.177	120.096	157.3719	39.0712	41.1683	30.2538	32.3217
MM_RS08005	130.3812	295.9232	133.1883	70.5271	37.4665	52.6467	44.8383	56.364
MM_RS08010	77.4266	87.3036	359.4715	575.8772	13.5236	29.6768	33.441	112.7066
MM_RS08015	41.6664	60.5984	227.9622	218.6458	15.5727	35.4	61.6125	108.5893
MM_RS08020	68.4147	163.7027	223.1838	210.2088	30.3988	59.475	78.2202	145.8969
MM_RS08025	36.5971	80.2609	112.4955	46.6162	19.5771	27.8778	41.8282	44.061
MM_RS08030	142.1394	185.4724	111.2268	35.8068	57.8676	83.0054	47.284	61.0185
MM_RS08035	188.2606	201.4137	197.23	96.5549	93.6663	117.6575	67.2575	74.068
MM_RS08040	447.8327	600.5167	643.1393	608.7158	64.9432	91.196	65.9249	94.7043
MM_RS08045	288.6541	289.135	89.7195	60.871	36.7067	93.1723	29.5523	72.7627
MM_RS08050	183.3105	206.102	210.9563	111.9832	73.7239	101.9984	94.7676	109.2003
MM_RS08055	8.3933	5.8569	4.5111	1.8137	17.2257	8.4001	13.2078	9.9511
MM_RS08060	362.5498	295.2086	171.4901	235.3388	60.6588	78.5974	14.1487	55.4237
MM_RS08065	29.2135	17.8891	19.4394	9.9198	36.707	25.7029	19.7017	27.359
MM_RS08070	20.7565	26.4015	28.7754	10.6792	1.449	3.0438	5.4439	7.5827
MM_RS08075	198.3697	321.9064	236.8267	235.5804	34.3235	76.6081	87.5062	69.3992
MM_RS08080	223.8434	348.4528	459.4767	647.6572	27.1904	62.3102	49.7517	55.3883
MM_RS08085	191.8573	372.4836	427.2568	543.862	23.6023	78.0457	90.5909	76.7728
MM_RS08090	350.979	486.3992	797.347	1118.9504	46.0758	134.5372	131.0698	136.3445
MM_RS08095	154.9357	382.8474	496.2655	990.1777	36.707	128.6754	93.0905	138.8324
MM_RS08100	112.8109	179.801	263.3782	501.1337	34.7952	94.5788	109.2828	115.6937
MM_RS08105	181.9775	205.5373	89.1979	63.2309	22.195	61.8664	10.9963	46.2978
MM_RS08110	27.3859	25.8616	8.4108	2.5362	0	10.8428	14.7753	3.2741
MM_RS08115	186.5488	587.4695	57.8696	98.612	53.5923	98.8921	17.1405	28.8143
MM_RS08120	86.2395	97.6668	91.7945	55.054	10.7811	31.9489	20.2528	19.4171
MM_RS08125	22.9712	4.5156	38.1483	111.7587	19.6452	9.4552	20.8559	44.5957
MM_RS08130	340.072	384.2621	149.407	52.3864	470.5176	705.5459	100.4786	206.2245
MM_RS08135	44.7145	47.5948	28.358	22.3196	8.3902	10.3271	7.5992	11.6006
MM_RS08140	76.6314	86.4623	94.2646	90.9575	17.7206	29.9129	24.4573	22.5817
MM_RS08145	136.9015	181.2627	129.235	156.256	34.9918	47.022	28.1716	37.7009
MM_RS08150	48.1857	58.561	50.2463	39.2461	11.1087	31.9596	20.2201	32.3988
MM_RS08155	45.9172	43.7682	51.0054	31.8719	10.0567	41.7233	10.7954	26.3144
MM_RS08160	70.1797	149.7692	89.6197	67.6957	19.7527	75.7257	36.5762	32.8903
MM_RS08165	101.2636	142.8611	68.9672	42.0647	52.8223	85.3369	49.0139	54.3063
MM_RS08170	186.9191	192.9159	73.9245	60.0142	45.4961	67.606	47.4505	31.7289
MM_RS08175	213.5042	146.5459	62.9951	37.9908	40.6121	61.523	10.0604	20.0641
MM_RS08180	191.3064	151.5664	37.1442	17.531	41.1119	54.5931	16.0766	15.9264
MM_RS08185	274.3788	314.404	103.4093	347.9228	5.3981	23.813	3.4768	12.327
MM_RS08190	104.5979	84.9447	55.3654	41.0947	20.4444	29.2818	37.4083	31.8317
MM_RS08195	29.5885	27.2713	29.958	18.6784	12.0681	15.2105	14.25	19.8076
MM_RS08200	31.1961	32.2178	48.8469	42.4685	5.1219	11.5279	14.5308	16.0128
MM_RS08205	231.7272	295.4814	384.7648	240.5875	38.7414	85.4236	64.2322	94.997
MM_RS08210	53.0511	86.1263	162.9303	24.5648	133.3186	91.0183	50.089	443.9796
MM_RS08215	2997.8864	4074.7727	2520.3251	3784.2856	437.5184	997.7417	464.4821	556.7056
MM_RS08220	174.1813	220.5613	287.2066	175.2364	73.4141	103.5712	186.9869	119.0673
MM_RS08225	295.0498	601.0038	390.1349	205.2924	178.677	363.5739	378.0985	325.8941
MM_RS08230	126.0979	153.4654	196.7126	100.3922	57.8104	149.1129	69.1962	90.5409
MM_RS08235	204.6818	270.7944	420.3749	162.3242	19.7971	79.2748	34.5333	84.7652
MM_RS08240	1251.0578	1256.7431	178.9308	454.9997	123.4692	212.9256	206.8677	121.4486
MM_RS08245	31.8189	16.5491	88.4811	205.8199	3.2448	3.8341	288.0147	57.8891
MM_RS08250	36.4508	8.5312	68.9938	341.0863	41.8182	41.7266	285.7991	147.2214
MM_RS08255	53.8653	25.7812	157.2714	524.7224	6.8292	5.3797	133.33	37.7692
MM_RS08260	6.6855	5.4528	4.8998	9.0618	7.8403	8.9836	11.4767	11.6986
MM_RS08270	70.6259	64.3163	46.5855	17.6892	7.5297	11.8629	9.0931	6.7166
MM_RS08275	31.5684	8.2908	58.927	279.9512	8.2853	7.3529	244.4416	78.5844
MM_RS08285	16.2897	15.6816	14.3931	70.3257	8.9017	18.9095	35.5113	11.9911
MM_RS08290	284.3239	406.7231	351.8718	369.4567	27.5303	110.844	24.6271	39.2922
MM_RS08295	594.9019	821.4061	386.5974	388.234	44.8901	93.562	54.9639	49.3864
MM_RS08300	62.8942	38.6728	28.1166	14.4796	38.6027	73.3077	21.6441	41.8133
MM_RS08305	406.1753	432.8944	120.7573	156.9763	52.9264	68.591	42.6106	31.6774
MM_RS08310	486.4947	560.6994	190.3352	101.2594	29.3656	59.4696	27.0195	18.96
MM_RS08315	44.2989	108.7476	32.0381	17.317	7.8518	11.7519	12.0107	15.2025
MM_RS08320	20.2187	12.7908	25.0771	13.611	4.1039	6.1064	2.2027	7.1588
MM_RS08325	64.415	84.7877	42.7857	27.6796	19.9449	33.0944	19.4739	43.6075
MM_RS08330	153.5591	401.4619	335.354	298.1825	19.9495	58.4602	18.6309	56.3758
MM_RS08335	28.3818	30.0991	5.172	9.1994	1.3421	9.7267	1.7317	3.6395
MM_RS08340	26.0834	11.9607	3.2711	1.6909	1.0196	5.6225	1.6418	2.9105
MM_RS08345	61.287	73.8372	55.9968	50.5135	9.2409	11.3237	10.7464	15.3872
MM_RS08350	45.5601	45.7079	42.9963	65.8134	6.7314	11.2681	5.4194	7.2054
MM_RS08355	76.6012	118.9343	111.4399	77.1224	34.5478	64.897	66.8609	63.0572
MM_RS08360	83.7076	131.1868	101.553	57.5386	35.5434	57.665	54.5061	46.1995
MM_RS08365	315.7788	398.926	369.2925	415.7827	148.3316	205.2727	185.1824	190.6052
MM_RS08370	16801.6734	24469.7977	14784.557	59599.4606	2045.6487	5427.0699	3880.7063	7869.5558
MM_RS08375	16.8958	38.0175	36.3232	5.4764	9.9072	15.6087	0	14.1399
MM_RS08380	2076.5596	1703.0223	916.3089	451.7513	60.9476	117.8456	40.1468	69.1938
MM_RS08385	112.514	131.4151	124.245	156.2238	26.8705	30.6167	23.5648	29.4477
MM_RS08390	615.7362	691.1343	363.6261	271.5809	93.1794	62.2802	54.5585	34.2547
MM_RS08400	45.4776	0	0	0	0	0	0	0
MM_RS08405	655.1768	1416.3023	454.6991	860.4759	132.573	236.9413	78.0416	126.1419
MM_RS08410	148.7311	163.7588	137.9211	62.1667	60.3974	77.1088	45.6911	46.0731
MM_RS08415	680.5712	897.0812	1240.6263	845.5006	100.3551	179.8617	139.3578	160.5333
MM_RS08420	208.3255	217.9019	254.8204	189.6	55.3615	46.4549	64.9187	71.2842
MM_RS08425	30.0061	29.6908	33.6965	36.4314	7.1733	7.5932	7.5799	12.3176
MM_RS08435	76.7524	81.4466	39.1948	10.0407	42.3834	57.8316	29.8572	22.6842
MM_RS08440	51.8923	37.9354	50.025	48.0565	14.4896	30.4377	17.8871	45.4962
MM_RS08445	437.7515	391.5941	110.8594	30.9467	78.1675	121.488	35.7182	35.4289
MM_RS08455	69.6737	55.4237	75.8441	33.9322	19.4941	21.8911	39.0694	27.5267
MM_RS08460	159.5963	399.3949	156.0246	70.4594	70.9939	163.9622	107.818	67.9338
MM_RS08465	304.0125	561.1534	216.1048	144.8082	167.6599	214.6193	134.9816	261.7236
MM_RS08470	94.0856	116.0831	30.6589	48.9854	101.6503	169.6554	49.6622	86.7993
MM_RS08475	62.9744	69.5837	22.4301	17.954	21.3568	42.7604	8.5971	14.2881
MM_RS08480	25.9036	14.9769	11.1377	1.1195	4.0504	3.1907	8.1524	2.8905
MM_RS08485	9.8196	5.5826	4.486	1.2731	0	0.4536	0.9271	3.6981
MM_RS08490	8.409	10.0591	10.5455	1.8171	46.0208	28.4842	23.8185	22.6761
MM_RS08495	1.108	6.2956	3.8707	0.3591	7.1465	10.7475	2.0922	14.836
MM_RS08500	11.4563	9.5571	9.6757	2.9176	1.4395	4.5358	5.7946	11.6421
MM_RS08505	29.4956	20.1279	26.8383	12.3151	28.432	14.0401	22.0363	22.258
MM_RS08510	16.0685	9.0102	26.2684	10.4165	7.0666	5.6397	22.1249	13.1674
MM_RS08515	20.3592	19.3114	20.9554	8.706	5.5886	6.4035	4.0903	9.0639
MM_RS08520	50.2488	37.444	15.6056	7.2528	10.934	19.4413	6.7908	5.7963
MM_RS08525	13.9028	85.9266	14.9443	3.0042	0	12.8437	0	7.7567
MM_RS08530	2139.4034	1735.1859	9182.8905	23707.7542	151.6814	287.9754	837.8804	1583.0117
MM_RS08535	2032.3929	1605.5494	6096.7701	13092.9814	451.725	400.6709	2260.9916	2394.6643
MM_RS08545	404.6336	726.4155	676.1531	225.0582	81.5712	236.9141	209.0092	282.4483
MM_RS08550	83.077	167.2656	318.806	128.1906	24.7001	70.8243	93.9052	108.2065
MM_RS08555	80.404	101.628	113.5909	58.8366	12.1234	20.1615	27.1124	22.1094
MM_RS08560	1392.6132	883.8127	1091.2856	578.8761	199.4722	265.1626	170.6305	275.7972
MM_RS08565	78.1769	73.1285	80.5587	40.7716	13.7867	7.0593	12.7645	6.395
MM_RS08570	15.885	17.9235	27.6785	5.2686	4.7657	11.4412	12.9721	18.9477
MM_RS08575	55.7178	70.0613	36.6624	27.0566	12.422	20.1579	14.2012	15.4243
MM_RS08580	8.2151	11.8739	4.4101	2.2307	0.9313	1.9562	2.7491	1.3291
MM_RS08585	9.3239	8.5542	6.5368	2.087	5.0341	7.5984	3.7152	9.2804
MM_RS08590	16.9854	12.6696	26.9106	26.0181	6.0705	9.72	19.6851	21.5177
MM_RS08595	40.9921	29.3255	23.9155	14.0077	13.4158	10.8618	12.3011	15.9562
MM_RS08600	39.3826	30.9718	21.629	24.4982	11.6718	21.0686	13.7549	24.2634
MM_RS08605	712.8782	825.3518	193.0937	56.4606	274.5049	286.6438	23.1281	159.4466
MM_RS08610	166.3182	193.6473	77.6036	58.3503	44.7435	42.0905	23.7819	27.8998
MM_RS08615	109.0108	104.2522	49.8876	23.7889	29.1125	55.8374	15.2858	26.1948
MM_RS08620	129.6127	137.4738	102.6057	57.5618	36.4467	83.6713	25.1511	49.0456
MM_RS08625	32.2089	35.7053	55.4383	29.3467	8.4613	11.0224	16.9635	18.9431
MM_RS08630	15.4421	22.8192	74.8901	52.8986	19.3468	8.7088	32.8207	32.0501
MM_RS08635	8.5325	14.4993	66.2173	38.4549	2.6757	5.0059	14.2714	23.8677
MM_RS08640	27.6088	31.5533	64.2929	91.8271	5.5592	3.0912	12.6372	14.235
MM_RS08645	44.9326	55.6437	20.867	13.2914	22.5102	32.6436	7.8258	10.2224
MM_RS08650	69.4333	70.3297	27.6527	18.0812	15.9863	15.3414	13.0194	8.6551
MM_RS08655	26.0157	37.9286	18.6615	16.5135	1.2712	4.0057	0.5117	4.0823
MM_RS08660	102.7508	79.2372	54.2963	22.3895	14.1765	24.728	21.1963	13.0071
MM_RS08665	182.484	280.2528	374.2492	312.1836	122.1109	228.4568	245.7761	1219.967
MM_RS08675	159.6869	129.5907	108.3897	35.478	25.4971	36.7075	20.5275	30.7436
MM_RS08680	63.7017	45.537	67.8821	126.5034	7.1046	8.3101	8.8398	10.2936
MM_RS08690	51850.1931	60169.5458	25290.3722	54731.6503	200755.9591	274741.7855	173768.9679	256580.1504
MM_RS08695	160.6231	167.6684	87.9697	121.9411	37.9605	51.9074	16.7224	36.8005
MM_RS08700	0	22.6371	0	0	0	0	11.8553	0
MM_RS08705	349.0179	480.5949	352.1215	226.2533	165.936	179.0404	148.1675	139.2271
MM_RS08710	374.7382	412.6546	369.4002	262.7973	92.6537	163.9228	83.1547	104.7792
MM_RS08715	148.859	179.609	107.7149	85.9963	20.5998	42.8137	30.6993	37.533
MM_RS08720	57.5427	64.0494	71.0066	56.2698	17.5987	39.823	21.5306	32.3818
MM_RS08730	11.3819	20.2035	17.3652	5.7123	12.9174	14.2459	4.5065	14.4417
MM_RS08735	2725679.8258	2748832.7209	2485866.203	3269131.7209	48299307.7628	38595975.6877	31293964.3494	36032761.7423
MM_RS08740	181.8606	213.1751	147.3509	103.6742	30.0087	65.8521	25.8854	40.535
MM_RS08745	50.005	62.0645	56.9845	83.3557	6.6139	11.8095	7.4547	9.1249
MM_RS08755	688.6029	889.6772	487.0336	1013.5341	241.7293	426.6846	828.9123	594.1389
MM_RS08760	549.9049	661.0569	409.0187	1072.8937	156.3654	326.4617	293.5859	358.4919
MM_RS08770	868.8797	1226.7624	770.7947	2359.5355	123.9687	590.0898	353.9225	794.3493
MM_RS08775	44.5043	76.3239	75.3646	111.5979	82.5909	263.6666	110.822	383.9575
MM_RS08780	109.5531	371.3027	342.0587	500.4861	27.5303	130.1212	93.583	268.4858
MM_RS08785	29.2745	27.4733	70.2665	26.7654	10.8193	29.648	41.3747	38.647
MM_RS08795	745.0959	892.2224	362.7108	541.9055	194.2788	255.3055	143.4379	169.3078
MM_RS08800	43.5552	43.4438	97.626	91.64	7.8228	14.6949	11.8695	15.0298
MM_RS08805	61.647	59.2995	175.5694	129.365	27.5769	36.9888	73.8063	61.6974
MM_RS08810	1825.8242	2119.6301	1018.6899	606.4557	624.0141	1397.5849	689.5525	721.8055
MM_RS08815	62.6003	106.3361	103.627	33.2765	11.7463	19.6628	14.1852	15.7169
MM_RS08820	36.238	65.3548	53.9001	19.1261	8.6053	29.3748	17.3202	19.4462
MM_RS08825	56.0521	63.9182	43.6401	32.9403	20.8877	20.8097	26.7086	17.9747
MM_RS08830	2006.3297	3696.7344	562.3541	610.6482	221.9902	517.1264	101.3229	175.8794
MM_RS08835	277.6186	400.263	494.4369	164.0886	102.1414	321.8456	246.6993	366.7272
MM_RS08840	246.4886	284.1602	296.4976	188.412	48.5057	130.6375	93.9348	76.7133
MM_RS08845	279.0183	230.3592	92.2837	76.5243	88.0969	424.0987	31.5227	108.7708
MM_RS08850	310.1062	617.064	178.7693	166.9032	159.6946	267.7104	68.245	104.7792
MM_RS08855	527.8547	613.8696	302.3915	489.9816	76.1331	122.089	48.8894	42.0313
MM_RS08860	410.5675	637.5309	13.943	8.0431	67.4616	192.8086	3.1949	0
MM_RS08865	158.2869	99.5778	115.0816	44.7314	90.0991	110.4058	68.5081	45.2456
MM_RS08870	245.111	220.1153	215.1248	154.5359	37.8194	56.6633	33.4332	31.7513
MM_RS08875	37.9986	37.2966	28.5394	27.7909	3.9992	10.3512	19.7783	15.0849
MM_RS08880	141.8415	259.2528	160.3467	106.5895	46.9293	97.7281	90.1539	137.6056
MM_RS08885	40.6151	31.1579	59.3179	45.4462	12.6326	17.9449	37.5138	23.0544
MM_RS08890	22.9534	21.2173	65.0472	55.4608	4.8943	5.7832	30.5376	45.4043
MM_RS08895	20.1472	8.6074	29.3904	7.4632	0	10.6357	4.0762	19.2697
MM_RS08900	123.0338	133.9358	60.0011	29.966	42.4069	77.3053	40.5668	61.3067
MM_RS08910	51.8323	63.3135	39.4325	26.5019	9.4176	17.535	10.6837	17.4123
MM_RS08915	22.095	15.6047	45.6737	16.4006	15.2154	13.7837	20.8246	17.9156
MM_RS08925	23.3425	37.448	100.3651	24.0735	2.4886	4.901	10.0178	8.8796
MM_RS08930	33.6768	63.3054	67.2282	34.3061	16.9261	0	27.2541	33.3736
MM_RS08935	275.3865	305.9386	144.2945	114.0785	109.7124	157.1822	83.5005	81.1128
MM_RS08940	43.8064	58.6153	32.9775	20.7386	12.0427	16.0542	16.7806	21.7015
MM_RS08950	22.6057	12.4808	10.2805	4.509	18.3535	14.4579	4.9254	27.6501
MM_RS08955	167.7393	120.6369	154.8115	64.7814	29.7495	46.4921	25.8826	36.2961
MM_RS08960	596.2676	235.5419	436.5361	124.5356	61.7104	79.9837	77.5021	115.409
MM_RS08965	0	0	0	0	0	0	45.9068	0
MM_RS08970	85.6213	75.7496	0	26.721	42.192	30.9964	34.9019	0.0096
MM_RS08975	89.7216	141.6017	0	27.7231	0	2.8391	0	1.2632
MM_RS08985	1.9953	2.0121	0	0	0	2.0382	0	0.5904
MM_RS08990	11.5387	13.2874	0	0.6243	0	0	0	0
MM_RS09005	0	20.4313	12.8964	0	59.6227	42.4978	0	98.895
MM_RS09010	2.9347	2.7568	0	0	0	0	0	0
MM_RS09020	102.1053	138.8636	179.6584	91.4059	35.6379	58.3931	0	67.1401
MM_RS09025	61.8016	75.318	77.3451	37.3159	45.5674	57.8316	36.0065	71.6593
MM_RS09030	112.8038	128.0898	179.272	89.7055	30.5929	44.3521	67.5486	65.9137
MM_RS09035	238.9805	184.8838	241.0214	188.5912	33.1031	59.7243	54.1617	64.0106
MM_RS09040	68.1091	103.6403	170.4686	224.6567	22.3179	49.3497	66.8281	66.2204
MM_RS09045	68.4617	81.6208	224.5551	218.8641	45.6432	48.9511	96.9588	110.2732
MM_RS09050	48.1923	62.701	141.7901	79.2297	54.7692	63.7984	115.8647	140.5372
MM_RS09055	83.467	91.4751	163.0987	147.2512	35.6583	39.1052	85.5616	93.8023
MM_RS09060	715.2482	678.1855	388.2129	228.9188	312.4805	425.8781	298.2532	284.7845
MM_RS09065	717.4954	682.6018	305.3941	237.2431	172.2408	151.252	265.9727	128.959
MM_RS09070	43.8921	40.5437	143.9908	150.5117	10.1275	24.1519	30.798	27.7002
MM_RS09075	206.699	252.6669	219.3545	239.4045	50.7896	73.8354	50.2319	57.332
MM_RS09080	105.0569	117.5169	112.9277	85.7827	36.707	73.0053	79.2944	102.7044
MM_RS09085	99.6388	107.641	160.6554	89.6165	41.6013	52.0485	80.2844	101.7231
MM_RS09090	184.6312	239.9782	548.4012	866.414	86.4242	132.9884	163.1	190.7689
MM_RS09095	72.2702	40.7908	86.4379	43.5504	51.3302	40.4351	89.3784	89.4457
MM_RS09100	621.1247	781.9117	2933.6794	1882.5392	228.8232	606.8566	1889.8264	1732.2586
MM_RS09105	726.4383	1018.7595	4999.4425	3010.133	296.8834	602.4658	1604.2799	1492.2399
MM_RS09110	624.5297	1014.0253	3815.752	1829.4893	219.3786	568.7911	1115.3471	1323.9159
MM_RS09115	2725.2472	3158.4918	14037.2075	7257.7874	859.2572	2071.9013	3450.4661	5339.1624
MM_RS09120	17729.382	57535.8582	47222.1158	44048.4855	59813.0921	153613.7093	51670.8644	116313.7912
MM_RS09125	1473.6551	1534.987	6411.6725	3223.3489	423.2377	703.8521	2318.9587	2491.7464
MM_RS09130	598.6721	1177.5977	5448.4594	3022.7734	104.3449	174.3756	634.2536	564.8503
MM_RS09135	353.2033	299.8818	536.1612	229.3388	213.5071	300.3001	956.5258	919.9421
MM_RS09140	208.1707	319.7453	285.4494	97.9098	73.9967	135.3995	129.4682	98.5423
MM_RS09145	202.9317	232.9634	341.8727	151.9385	18.0926	62.4911	64.4273	50.652
MM_RS09150	222.1874	200.0082	239.1359	163.0947	84.5656	204.2408	103.6209	150.8688
MM_RS09155	167.6681	134.5288	563.0062	542.6441	50.5414	71.781	94.7463	124.2608
MM_RS09160	301.7158	273.3838	613.2812	321.9629	48.5829	76.9671	110.822	146.3827
MM_RS09165	106.4205	121.6874	62.2435	26.3777	33.0363	31.8074	29.5525	26.1948
MM_RS09170	648.4488	715.951	225.9029	761.4786	197.4161	247.8499	139.0707	134.2759
MM_RS09175	22.3072	2.6702	6.3663	1.3805	11.6791	25.837	11.239	27.541
MM_RS09180	405.5898	530.5764	1432.0328	973.6537	78.9531	157.6345	149.0721	183.8342
MM_RS09185	2223.1555	2908.3552	1953.2354	1574.9835	1440.5036	2325.7695	1399.352	1786.91
MM_RS09190	1435.0194	1130.6225	1509.8246	1479.7993	318.1278	634.1399	439.5938	387.8285
MM_RS09195	113.2767	147.0947	121.7633	82.1283	60.3044	66.7818	99.212	54.8843
MM_RS09200	37.5602	26.2096	8.4113	0	22.0242	28.9158	8.8658	31.4338
MM_RS09205	20.5032	44.369	40.5619	12.7258	0.5116	8.8662	3.2951	6.2064
MM_RS09210	53031.652	48426.5861	38879.5495	27619.5922	51834.6803	152813.9324	29677.5005	36648.5514
MM_RS09215	219.399	264.5908	237.118	121.3567	104.8773	236.8343	77.6809	241.4911
MM_RS09220	5.0422	7.3427	3.8857	0.7817	0.4714	2.4135	0.1941	3.1955
MM_RS09225	569.7995	424.4371	126.9673	85.9015	349.9227	441.5466	113.8959	192.3501
MM_RS09230	98.3213	78.6923	57.0374	27.054	15.7612	33.3267	15.3606	24.2709
MM_RS09235	102.2348	108.1174	43.002	38.9002	16.5073	37.6419	13.2899	17.9799
MM_RS09240	7.8245	32.76	2.1027	0	4.5881	18.0713	7.3877	6.5483
MM_RS09245	6.6371	8.3572	8.3483	2.683	1.6988	4.7795	2.7354	8.6594
MM_RS09250	110.0337	102.6328	100.8554	57.0641	61.0331	81.3214	64.2996	91.5885
MM_RS09255	709.5212	564.936	574.5508	122.6539	122.0394	43.6982	151.8453	134.5928
MM_RS09260	9.9614	9.8133	7.9782	2.659	13.2855	12.6309	8.4831	11.2789
MM_RS09265	41.0249	22.8019	18.1375	8.5319	9.4983	18.3939	6.6911	12.9915
MM_RS09275	0	46.5537	0	0	56.8434	87.1558	58.4781	0
MM_RS09280	303.4521	404.8844	451.928	389.6469	72.1698	129.8761	79.1407	103.8912
MM_RS09285	328.9602	547.7272	102.1103	170.8269	52.2056	135.8584	54.0389	70.8507
MM_RS09290	297.5545	125.1318	106.6157	100.1351	89.6224	174.7467	125.8861	157.8492
MM_RS09295	94.3069	134.2092	92.6333	73.2567	27.6495	67.5954	44.5207	67.3581
MM_RS09300	423.3048	506.3717	326.6799	394.025	108.1959	426.1542	374.0502	540.4735
MM_RS09305	35.5508	94.2991	44.0294	31.062	29.0031	58.5456	59.8347	94.4306
MM_RS09310	52.8957	76.9116	53.0431	41.1883	3.1123	5.0476	3.3901	2.4823
MM_RS09315	257.989	179.4745	124.7928	72.7999	127.2511	155.2692	94.2099	79.3782
MM_RS09320	1351.0011	895.132	480.421	128.3494	290.2418	367.1636	65.9777	138.8933
MM_RS09325	5505.912	3205.9221	5891.8076	1315.5811	1014.1389	599.8351	599.2977	635.9853
MM_RS09330	2018.8908	941.0908	2196.3974	1638.9079	341.5941	210.9014	417.9831	364.8984
MM_RS09335	11.7661	12.9226	10.4211	12.9285	12.9936	14.33	31.2587	26.8902
MM_RS09340	30.3829	42.013	21.2495	12.8151	10.0461	9.1313	12.4432	4.9632
MM_RS09345	65.6226	71.7029	36.9374	23.7548	15.22	23.2737	9.3703	15.9724
MM_RS09350	314.9973	291.9413	417.9796	483.9143	60.4336	146.5068	46.9414	90.6929
MM_RS09355	95.4217	111.2688	37.9816	24.529	46.985	42.6669	29.4212	19.5588
MM_RS09365	1437.6327	1295.4612	928.4872	259.8611	65.6863	119.7216	68.4374	55.1469
MM_RS09370	14337.8102	17444.5649	13825.8048	20416.3076	24431.4452	58982.6074	12033.1326	33228.5074
MM_RS09375	71.4572	112.8702	264.2869	144.847	18.2657	33.7582	128.3909	125.5846
MM_RS09380	575.0346	288.9423	1700.1349	665.7645	30.5005	43.5833	113.0705	71.8775
MM_RS09385	1006.7232	1043.9362	2519.8502	1465.3651	243.3728	345.4054	939.2035	674.6058
MM_RS09390	2144.4568	2522.518	10041.6698	7640.0811	356.2774	594.3303	1105.1615	635.6146
MM_RS09395	1435.4212	1889.9214	7530.7019	6519.3933	58.0484	244.7758	453.5969	389.8761
MM_RS09400	128.5699	215.3673	119.5082	67.2124	68.061	144.5791	46.1758	108.5993
MM_RS09405	113.195	123.7134	70.0556	56.9247	17.2976	28.5197	18.7841	20.6688
MM_RS09410	61.4923	70.2457	154.5293	73.9796	25.9873	34.2896	65.9047	50.0715
MM_RS09415	87.5913	78.0523	97.0098	75.4919	17.6998	20.4391	30.9289	23.97
MM_RS09420	66.6067	58.4381	109.0951	84.1282	17.073	21.903	47.127	55.3485
MM_RS09425	236.7489	335.7857	1133.5541	2201.0904	56.6226	96.8988	138.6454	223.7705
MM_RS09430	70.5077	91.8321	49.9364	28.6203	45.594	54.1791	55.3721	35.294
MM_RS09435	490.9454	660.5538	376.2136	105.3095	145.008	220.8117	96.2289	91.79
MM_RS09440	13.9763	51.882	52.9894	15.9651	5.928	19.4492	66.0484	70.9717
MM_RS09445	278.0188	216.3944	53.4364	24.468	89.6084	157.3361	36.5061	61.6348
MM_RS09450	230.6326	333.4411	294.6604	234.3734	51.5187	138.3901	77.1476	123.1615
MM_RS09455	28.972	47.0349	119.5653	73.7837	14.5615	35.3681	74.2477	65.8117
MM_RS09460	2359.0417	1982.4786	1790.2744	4028.2034	355.4788	487.0032	273.7497	386.0286
MM_RS09465	12287.4182	23663.8018	10313.5619	11794.4805	965.7617	1806.1554	822.276	887.5111
MM_RS09470	91.5989	43.4991	101.4301	51.0247	12.9554	11.9065	46.9364	34.6696
MM_RS09475	357.4275	454.7058	279.6158	239.9232	166.4426	192.6985	92.0415	69.5862
MM_RS09480	463.1354	544.4177	568.1781	272.3683	159.0639	266.4944	118.2101	121.7704
MM_RS09485	200.5023	307.1353	168.7132	94.101	95.2255	217.9163	76.6652	99.0847
MM_RS09490	279.7917	281.6744	240.2641	148.3823	139.6219	233.4553	171.876	173.5606
MM_RS09505	0	6.7277	100.9278	0	0	0	0	3.7681
MM_RS09510	146.2592	196.7323	341.4172	448.0388	26.0065	31.1565	36.6408	59.9291
MM_RS09515	352.5473	443.1452	686.5307	665.221	41.8182	65.1521	84.5427	149.874
MM_RS09520	186.4689	250.1464	591.295	428.2596	71.8521	76.2885	135.8159	211.7877
MM_RS09525	64.3285	54.3258	188.97	149.5026	29.9512	36.3665	81.0428	132.9024
MM_RS09530	160.974	207.4819	211.4836	113.1472	62.9264	110.5353	40.7621	43.8731
MM_RS09535	583.5618	371.7258	301.4211	112.9981	337.7404	251.6726	164.5782	164.9067
MM_RS09540	103.3123	91.7347	145.1664	50.2297	13.348	25.2983	34.7906	28.2098
MM_RS09545	104.8043	102.6989	85.747	50.0886	78.8677	60.8058	62.8202	96.9956
MM_RS09550	1517.9075	2034.3645	2606.3747	2468.8739	268.4858	363.5131	640.0233	819.2735
MM_RS09555	496.2894	310.4182	1229.3548	2206.482	244.7137	280.1621	959.8003	731.9991
MM_RS09560	298.3173	176.5797	265.838	217.4343	93.3537	81.3927	296.9846	168.8109
MM_RS09565	381.1485	217.0705	363.2821	173.6253	83.6363	83.4532	135.4179	79.5791
MM_RS09570	127.9063	127.2702	186.1776	83.1696	19.7154	33.105	20.8852	31.1005
MM_RS09580	145.0857	129.5138	34.0409	18.6195	65.6408	76.2017	21.9036	27.4275
MM_RS09590	271.6472	210.8754	268.5492	238.3215	147.2731	149.3108	171.5838	166.6942
MM_RS09595	173.7054	121.2535	170.0061	169.3117	143.9111	178.8568	154.6125	188.0474
MM_RS09600	96.7808	46.4009	139.5343	111.5357	58.5511	71.6687	221.1907	268.0547
MM_RS09605	12.5201	13.0063	23.3745	11.1064	10.8189	17.0451	34.2187	39.7058
MM_RS09610	24.6296	18.8394	29.7842	52.334	3.2094	13.9049	13.5651	58.4015
MM_RS09615	54.3235	57.3728	33.2961	61.6581	54.7866	44.8221	48.078	102.4334
MM_RS09620	36.6888	18.3783	36.2332	52.027	20.9755	35.165	35.5063	74.8423
MM_RS09625	203.8039	205.5342	245.3817	168.7317	215.2744	272.2	257.7513	285.1885
MM_RS09630	384.7987	312.4405	144.1072	320.7212	110.5158	181.3716	72.2395	101.3992
MM_RS09635	12.3304	17.0192	5.8624	5.8412	11.1233	12.7054	17.4629	20.2414
MM_RS09640	143.5489	202.0593	230.8751	116.1458	20.2522	30.91	10.1905	32.5177
MM_RS09645	12.7683	16.1225	22.1124	15.4047	5.8232	5.5702	2.679	4.7492
MM_RS09650	173.2202	314.9352	247.779	43.2359	93.3114	140.5255	129.2578	66.5886
MM_RS09655	1090.1081	1578.3862	702.4868	1178.2499	353.1471	447.6966	425.964	552.8006
MM_RS09660	588.8286	340.1008	766.361	231.0865	55.0606	117.2697	167.4643	146.9819
MM_RS09665	16.3491	18.0148	14.5567	10.932	1.1986	3.3047	0.4825	3.4214
MM_RS09675	1005.6212	1819.4123	502.3556	81.1495	78.2962	254.4196	70.915	80.3182
MM_RS09680	420.6738	398.1961	110.5242	87.6589	223.5459	315.4716	84.8157	141.0278
MM_RS09685	220.3148	198.8353	142.5147	144.6381	61.8212	82.0001	67.221	88.515
MM_RS09695	82175.4626	337809.3637	162973.2529	369420.9443	82881.9712	184207.676	58490.7238	200431.4158
MM_RS09700	260.2151	387.6026	176.8109	169.0411	57.7187	120.4493	44.8383	59.2544
MM_RS09705	218.8944	313.1537	93.5072	112.7837	45.7646	130.6845	42.9855	72.1207
MM_RS09710	259.9719	423.8322	86.192	123.1111	63.1031	171.8691	41.5064	59.159
MM_RS09715	437.216	651.8502	317.3768	252.7529	108.0979	178.0486	97.7328	104.3667
MM_RS09720	1000.0088	891.9015	1326.1996	3638.3777	242.4113	319.4342	670.3356	993.5739
MM_RS09725	69.7546	111.0934	95.1676	66.6689	19.9267	42.9606	43.9066	41.1633
MM_RS09730	91.0549	171.3831	319.7462	166.0134	39.0173	84.9276	53.3185	99.2838
MM_RS09735	68.5219	132.5659	132.7618	96.5171	59.5249	85.2259	74.2807	128.8501
MM_RS09740	421.5305	466.6846	760.8585	653.5525	140.2292	212.6991	227.5655	220.5465
MM_RS09745	672.5889	498.0695	1172.102	305.7735	191.2181	250.1554	371.1247	224.1787
MM_RS09750	62.043	71.5832	97.441	85.9788	24.3988	41.5289	39.6372	25.8062
MM_RS09755	786.9748	766.3189	457.1463	122.3873	37.2897	29.3748	16.8872	3.3263
MM_RS09760	149.3132	161.3447	180.4375	192.3842	23.9276	41.9815	16.637	17.8513
MM_RS09765	0	0	7.7275	0	0	0	0	0
MM_RS09770	164.3468	193.2676	169.7673	180.0442	30.078	126.2631	16.8872	49.4241
MM_RS09775	22.3936	42.0084	26.8067	11.2175	9.5498	8.4632	4.3248	7.2408
MM_RS09780	17.9886	24.5312	23.5903	9.7954	7.5946	10.6357	12.2286	5.4196
MM_RS09785	41.6649	90.7238	0	0	35.0526	43.011	22.3266	8.6707
MM_RS09790	2.3772	6.6353	7.2401	1.0274	5.5758	12.4448	12.7188	13.2632
MM_RS09795	10.7343	15.906	15.5942	6.1838	7.4579	9.914	8.2559	10.9769
MM_RS09800	5.5241	6.2242	5.593	1.6865	3.051	2.4034	3.0704	5.1709
MM_RS09805	14.0673	17.8065	13.3131	6.2428	13.9534	24.9813	32.9354	30.5512
MM_RS09810	5.7785	9.6094	3.2782	0.8324	1.5059	2.9657	2.4248	1.0747
MM_RS09825	16.2475	23.8059	12.7034	4.7029	4.1167	10.1611	1.9886	6.463
MM_RS09830	29.4657	34.6618	16.2213	5.044	0.2765	1.7426	2.2262	1.1839
MM_RS09835	172998.1365	351520.5959	207098.514	221040.1808	153731.8378	268211.7086	112107.1699	225488.0902
MM_RS09840	181.7815	219.8943	131.3454	157.6418	38.1189	32.2523	37.509	44.3297
MM_RS09845	27.372	24.7144	20.6534	8.7055	11.1454	10.4975	10.1434	7.2619
MM_RS09850	9.7243	7.9974	1.6333	0	2.851	2.8074	0	3.5605
MM_RS09855	375.5942	799.4874	283.0093	150.3857	129.5517	207.5094	121.6845	110.9405
MM_RS09860	11.1125	12.8766	13.1395	8.1642	2.6064	3.422	2.7979	9.2999
MM_RS09865	4.4714	11.5893	5.6075	2.8986	1.748	11.0155	4.2218	2.4947
MM_RS09870	96.646	131.5315	94.4424	58.3798	27.0473	27.3939	19.7017	18.3823
MM_RS09875	39.0534	74.8846	41.3619	15.6367	18.8587	53.0565	28.1969	44.2187
MM_RS09880	113.7025	236.8798	190.8845	96.8976	32.9614	70.8142	98.9105	81.2573
MM_RS09885	172.0146	173.7199	101.813	76.2218	48.5171	28.1615	18.5025	17.3113
MM_RS09890	362.2469	319.5075	118.4308	53.0259	52.8582	80.1932	20.4898	34.9264
MM_RS09895	57.3438	71.4599	57.5306	29.7388	17.9332	22.9561	3.6095	11.9976
MM_RS09905	8.8566	59.1204	10.961	6.6546	2.5966	19.8971	3.2308	4.2114
MM_RS09910	24.5486	27.3268	11.3525	7.6775	32.7387	37.6859	11.182	24.7789
MM_RS09915	100.6919	105.0975	62.053	36.9441	33.9367	61.9235	24.5342	31.6315
MM_RS09920	69.2285	92.5045	46.7073	28.6454	44.9122	13.6074	59.8004	25.8866
MM_RS09925	224.4806	256.2457	132.2148	249.193	71.1199	131.9284	58.1815	40.5201
MM_RS09930	33.4222	20.3077	71.6056	38.8615	4.3551	6.3713	6.5116	11.9875
MM_RS09935	53.2107	78.9005	31.9954	34.7959	12.0825	36.6233	19.455	45.8719
MM_RS09940	27.6227	36.2947	197.7925	161.2702	7.9452	9.7638	27.8894	28.3493
MM_RS09945	109.3281	95.563	53.0232	50.6487	50.3849	94.5531	28.6368	43.2858
MM_RS09950	30.4419	29.2925	23.8162	13.8614	11.7133	20.5335	19.2589	21.5445
MM_RS09955	95.8983	142.7762	38.6561	17.2685	62.4801	137.8116	0	53.5043
MM_RS09960	4418.4939	4652.3508	1705.754	590.0356	734.141	835.3458	279.5763	242.8216
MM_RS09965	3124.5222	3030.8411	1107.3375	220.704	544.8099	804.5699	299.673	301.47
MM_RS09970	169.3865	168.8222	85.7621	106.6247	54.7007	83.9126	118.2101	176.6865
MM_RS09975	3988.2413	3167.4302	315.0648	237.0243	361.0899	790.9049	113.5587	152.4259
MM_RS09980	3978.0257	2173.4735	1160.3007	307.1359	387.8936	557.4432	227.8871	175.8103
MM_RS09985	199.3934	185.8247	101.3507	56.1121	409.6688	442.6619	195.5575	315.6311
MM_RS09990	109.1813	181.5202	60.3887	38.5	84.7086	65.2459	37.8879	49.703
MM_RS09995	228.1432	302.8665	233.2728	81.1621	371.9648	375.2733	317.8538	530.8812
MM_RS10000	6.7843	6.455	13.4249	13.8935	5.063	10.8256	5.2408	8.9037
MM_RS10005	117.3755	138.0281	43.1078	67.8464	26.3832	33.4339	22.1644	21.2833
MM_RS10010	1729.6681	721.6212	1366.6802	354.1132	103.7004	141.239	53.058	60.8618
MM_RS10015	0	23.808	0	7.4791	49.8484	0	9.2816	60.2813
MM_RS10020	31.479	27.3841	52.6786	42.3589	8.6699	14.7608	54.0389	35.126
MM_RS10025	78.036	84.1169	69.5947	112.8487	16.0908	15.4482	28.7429	22.2476
MM_RS10030	23.9848	39.3164	25.2661	10.2619	9.5635	22.6009	21.7398	12.8465
MM_RS10035	72.4845	130.2274	116.1642	42.7169	34.7751	122.3596	47.9062	147.2423
MM_RS10040	78.2186	96.2592	67.5742	40.7523	40.8889	72.2285	39.4034	85.7686
MM_RS10045	122.1387	185.0361	124.8493	338.3835	44.2743	68.6862	52.7399	58.9987
MM_RS10050	42.2863	69.0892	46.3474	22.5749	15.558	9.9578	13.3084	9.7146
MM_RS10060	323.7233	346.2692	170.1252	418.0584	59.0849	103.8961	51.2665	36.1613
MM_RS10065	46.0903	23.8643	59.8957	39.6892	29.0429	31.7756	81.1883	85.2051
MM_RS10070	94.392	77.629	151.8434	106.2331	41.5116	39.3618	164.0088	221.0786
MM_RS10075	28.2711	50.9505	54.5376	36.6539	2.9602	6.063	20.9728	27.4623
MM_RS10080	17.6494	27.0508	16.0074	13.9442	10.9959	39.7433	9.8942	24.9254
MM_RS10085	5.8758	16.4992	6.8019	2.637	6.3608	5.4282	8.535	6.4305
MM_RS10090	25.9144	61.9812	44.0867	13.9935	5.063	3.9884	14.2667	10.8392
MM_RS10095	6.4573	12.445	8.6764	1.6279	0.8414	1.3257	0	0.9007
MM_RS10100	15.6315	9.768	8.2244	2.1042	1.6314	1.2851	3.9403	2.7165
MM_RS10105	9.2172	10.4581	20.0048	5.9751	3.1528	4.6123	4.3513	8.0352
MM_RS10110	43.2721	54.527	54.2663	46.7524	4.7364	3.7311	3.2685	3.38
MM_RS10115	7.9553	9.487	7.126	3.438	1.1107	3.6746	1.7884	1.7437
MM_RS10120	1818.894	563.7966	533.5969	1773.5787	1119.8761	952.1916	1173.5143	8620.0167
MM_RS10125	24.4478	37.4163	15.5576	6.1758	6.0047	11.5412	15.3658	8.6319
MM_RS10130	26.5145	41.4156	11.8747	7.6388	2.5911	6.124	3.4768	4.9308
MM_RS10135	20.5553	48.5091	16.4722	10.1755	7.8893	4.8337	5.6459	4.6916
MM_RS10140	116.8427	171.4549	142.8048	65.8315	154.9853	343.1344	73.553	93.1371
MM_RS10145	543.639	713.625	160.3133	121.6309	902.7248	534.1026	158.9822	293.9164
MM_RS10150	735.7716	957.2863	207.2467	102.6462	118.0384	123.6009	28.9731	33.8992
MM_RS10155	64.935	148.3824	33.6451	15.03	8.1571	14.9934	6.5672	1.9404
MM_RS10160	47.4244	94.173	68.3098	29.5135	75.6388	47.3168	14.3285	73.0279
MM_RS10165	219.1366	264.3593	91.4989	148.3801	41.1809	76.0898	34.7166	50.7741
MM_RS10170	164.1192	222.0545	131.7608	68.0714	108.937	175.6996	99.144	153.6352
MM_RS10175	291.4734	390.5804	563.2491	431.8551	37.8028	66.4632	68.3678	74.2838
MM_RS10180	142.5569	193.2844	130.0717	65.2644	49.195	141.7638	75.557	161.4896
MM_RS10185	1074.628	1239.7444	919.6247	863.4666	154.9839	250.6014	128.0598	136.7938
MM_RS10190	138.2971	180.536	242.8186	109.4745	14.2275	34.0714	30.2398	25.5856
MM_RS10195	148.9886	186.4626	99.926	51.5379	30.0998	49.7352	27.1883	43.4834
MM_RS10200	201.4648	235.6774	239.4439	191.1841	66.3336	81.6101	202.2173	141.4785
MM_RS10205	197.3605	248.3424	444.1818	217.8983	61.4798	96.2911	227.6855	155.8784
MM_RS10210	292.1364	301.1019	270.2844	144.2233	74.2944	97.6342	61.2311	78.3959
MM_RS10215	127.1531	186.1894	110.9518	48.9451	68.3704	105.0682	91.1391	121.5759
MM_RS10220	701.5261	758.6941	624.1793	474.1055	121.76	220.1284	207.0032	302.9473
MM_RS10225	45.9783	50.3361	214.5721	115.876	10.6141	23.6901	61.9535	72.3776
MM_RS10230	396.1558	523.188	774.0666	637.1501	38.9544	80.2561	55.4864	62.0122
MM_RS10235	5348.4861	5857.1821	8581.6754	12896.2657	790.2672	1297.8538	1161.3189	1171.837
MM_RS10240	375.6016	479.6803	361.8615	527.2699	139.6408	227.4304	114.0769	127.4936
MM_RS10245	148.6371	118.7861	391.4767	732.0582	65.0962	55.2677	139.7558	158.4592
MM_RS10250	156.7647	127.0833	280.0972	661.7117	42.9536	28.9696	71.4233	66.7141
MM_RS10255	167.8012	106.0399	218.1252	332.6592	33.9421	38.7547	52.8107	50.3484
MM_RS10260	109.1492	95.0458	224.3008	469.2835	11.2945	8.8972	27.2793	34.9264
MM_RS10265	57364.1468	93574.0286	79230.6605	69920.8923	184069.7526	384121.1289	261559.2422	248766.3121
MM_RS10270	21.0596	13.4266	12.1894	5.8509	37.9962	32.4969	34.305	27.5021
MM_RS10275	4.5513	4.9369	12.4381	8.5624	2.2617	3.4207	4.8799	4.6482
MM_RS10280	183.9461	204.6316	107.3986	30.3333	175.0073	140.1979	42.9855	86.7868
MM_RS10285	311.3182	390.3027	220.2803	93.413	102.5027	132.0307	56.8747	85.998
MM_RS10290	196.7757	125.825	226.2432	186.2155	66.4591	76.703	74.2293	74.2646
MM_RS10295	1515.1742	1304.2893	1349.4324	862.369	29.325	64.3999	23.6093	54.4097
MM_RS10310	25.1743	47.9208	29.9646	4.348	2.6219	2.0654	0	11.2263
MM_RS10315	3.2804	4.5781	2.9384	1.4177	1.2823	1.0102	3.0972	2.2878
MM_RS10320	78.1769	28.1267	33.4872	4.1915	97.1961	133.0399	68.8171	121.5045
MM_RS10335	108.9829	100.7364	62.0604	61.3972	25.8661	28.1667	15.3122	58.09
MM_RS10340	97.8509	93.424	55.5308	92.5878	13.5424	38.1801	20.6581	57.9846
MM_RS10345	29.2808	17.5133	41.5137	71.0168	8.2887	15.8571	19.0661	65.487
MM_RS10350	32.2368	23.6534	37.9456	79.6365	10.2117	13.9144	21.7755	70.3124
MM_RS10355	17.1327	16.2528	26.0661	72.6187	12.0554	17.0451	16.6738	65.294
MM_RS10360	39.0141	30.5458	53.6177	129.3181	15.5603	21.2894	25.7142	88.7492
MM_RS10365	87.1343	87.9689	98.8124	191.6543	35.6543	39.3653	35.0336	86.7484
MM_RS10370	87.3938	70.1326	62.1367	107.8017	68.7554	37.4577	59.2344	134.5851
MM_RS10375	150.579	165.4246	64.1076	94.8719	127.9786	145.3606	64.6961	198.2309
MM_RS10380	71.2306	60.9675	91.3318	200.3049	27.655	35.2605	67.024	140.7907
MM_RS10385	58.8573	59.8591	124.3247	291.4515	15.071	17.2718	47.2473	81.9657
MM_RS10390	85.8275	103.0081	143.2582	76.8469	56.1402	78.5045	104.303	125.7587
MM_RS10395	54.8349	372.7384	2230.1784	81.9218	19.3953	109.6186	85.95	19.3721
MM_RS10400	13.3417	41.9748	235.7959	3.6145	4.9494	21.335	46.3216	3.5722
MM_RS10405	10.6252	19.3831	175.3163	6.1991	4.3612	8.8343	15.5496	5.7799
MM_RS10410	16.7733	46.5753	98.198	17.0868	9.8354	25.457	7.3528	11.0294
MM_RS10415	125.2005	133.178	96.7037	20.4188	52.7526	137.8263	29.7295	33.2533
MM_RS10420	134.884	195.5831	136.5645	82.1592	50.506	57.1212	63.026	57.9246
MM_RS10425	974.3049	1116.5122	579.8091	555.3197	49.6787	208.6739	75.5478	51.9957
MM_RS10430	681.2555	944.3171	613.1941	705.6912	74.4481	193.3151	81.0266	61.9821
MM_RS10435	1813.3864	1920.4272	945.3192	1214.8134	317.3384	902.9197	331.7509	371.7971
MM_RS10440	5882.1567	3533.6314	17558.6595	6210.5983	6350.6076	17020.138	24485.7702	1355.7847
MM_RS10445	43.2588	34.6238	44.7536	52.7201	23.8319	62.7935	24.0054	14.3616
MM_RS10450	23830.5479	14037.4071	37151.9881	15712.4688	276133.9856	347233.2967	324475.914	236977.7967
MM_RS10455	3830.0784	2327.6607	6649.0948	1684.971	1538.594	1871.7901	1348.5941	1857.986
MM_RS10460	1717.6635	2296.3094	3905.1946	3726.3373	203.4987	389.6026	292.4145	384.1904
MM_RS10465	149.1025	177.9097	258.7615	385.643	36.0396	44.1623	44.4183	61.5975
MM_RS10470	45.1543	45.0652	26.1439	31.1343	29.3656	44.3692	63.7559	44.8318
MM_RS10475	176.3388	133.3452	509.8894	253.7745	14.476	32.5812	28.3038	50.176
MM_RS10480	169.5512	210.5653	144.9591	63.2789	16.9226	50.9703	13.6242	28.5923
MM_RS10485	3.667	16.9195	18.0191	5.0939	11.0582	10.1629	17.8057	20.1667
MM_RS10490	439.7669	512.4914	177.0574	121.2359	134.8984	188.6757	41.3735	74.0003
MM_RS10495	2.504	7.4885	6.0561	2.4349	1.4683	5.7832	7.0926	1.0478
MM_RS10500	15.7911	6.0717	7.8808	0	0	5.2101	4.2598	3.7758
MM_RS10510	103.8248	151.5956	97.6529	60.3767	32.2306	125.537	33.1565	76.6677
MM_RS10515	127.3219	149.7692	87.4393	142.1483	25.7157	42.4752	17.3642	30.1906
MM_RS10520	178.2747	170.793	183.5853	50.2852	78.202	85.4902	88.6576	95.668
MM_RS10525	169.6252	131.6434	56.8492	39.6352	41.8892	53.636	21.4401	37.5972
MM_RS10530	230.7618	468.8852	366.3579	170.8118	84.4502	143.6341	229.4667	158.8809
MM_RS10535	80.2675	80.1944	272.9087	159.8585	15.2404	19.9117	52.9701	37.1369
MM_RS10540	98.5344	112.7091	158.1757	120.1621	88.0969	118.9679	205.1022	172.0053
MM_RS10545	341.7797	382.5836	649.3029	348.1123	133.6067	166.0946	160.2279	291.4947
MM_RS10550	154.938	158.8506	422.9817	378.0607	34.2081	77.6921	72.9648	85.9158
MM_RS10555	792.3982	1320.3843	565.238	548.2369	228.2942	380.5695	170.07	225.7823
MM_RS10560	253.4606	457.4152	255.0469	196.8495	57.991	84.5605	87.4159	34.3394
MM_RS10565	1748.6108	1551.6587	743.5759	807.0869	145.1877	122.1249	72.6431	56.7798
MM_RS10570	1016.4586	1097.8841	319.3435	486.9726	59.7267	56.8514	36.0641	28.4147
MM_RS10575	1270.0853	2447.5434	5110.5161	7896.2185	92.7336	488.5251	256.6403	663.142
MM_RS10580	2842.2718	2230.1147	1933.7088	536.0971	640.1194	979.0794	883.465	1553.3056
MM_RS10585	170.0722	176.9174	563.9469	195.3553	62.8117	99.5242	168.3807	219.9145
MM_RS10590	335.3302	302.0551	341.0919	165.1229	65.8195	127.6284	108.6989	112.0053
MM_RS10595	104.0993	144.3001	211.3216	69.7629	39.5941	58.4814	35.1974	70.049
MM_RS10600	45.9721	45.0478	40.4793	38.6788	20.6477	21.6869	8.3116	26.1948
MM_RS10605	25.5511	19.878	6.8664	4.9824	8.9895	4.7209	9.6498	4.2874
MM_RS10610	12.1907	14.363	11.4082	2.4512	5.4198	7.7626	9.5203	3.5192
MM_RS10615	16.325	23.5098	13.9569	13.447	6.9504	13.688	2.0984	6.8199
MM_RS10625	12.3746	13.216	7.2453	2.2312	1.3267	2.6341	2.7345	0.9524
MM_RS10635	79.7002	103.6667	60.7454	26.5997	23.0759	37.2626	13.9753	19.1838
MM_RS10640	76.9061	86.8128	62.2689	20.5243	18.6419	37.4735	16.9685	18.6256
MM_RS10645	160.4683	256.2951	258.7357	83.4484	43.4281	65.1624	239.7501	106.255
MM_RS10650	105.3348	127.7291	388.0983	159.3293	33.0499	30.7297	102.9431	64.1821
MM_RS10655	107.0269	154.6004	288.394	147.4881	34.7336	59.0753	110.5836	97.4559
MM_RS10660	67.5546	74.3983	260.4219	122.7972	6.674	21.7807	46.8235	51.7092
MM_RS10665	65.5812	54.7857	140.6978	80.4594	25.4248	25.536	99.7877	68.0384
MM_RS10670	272.3828	128.6266	262.2752	253.3992	20.1749	45.0292	55.0444	50.39
MM_RS10675	234.2524	153.0252	157.7341	173.3785	124.2093	159.1925	248.2836	133.6967
MM_RS10680	309.2201	376.3386	158.9675	243.4863	109.7106	164.0504	208.6527	151.6603
MM_RS10685	66.4047	77.8415	170.828	82.7315	35.693	46.6487	35.5936	57.3102
MM_RS10690	13.6436	13.9209	9.0583	5.2027	51.7664	58.5731	34.0991	98.0626
MM_RS10695	7.0519	16.3726	3.3645	4.5654	12.8475	15.9037	12.5598	11.7877
MM_RS10700	26.121	17.7784	11.1344	5.2551	106.7272	150.6119	104.6032	122.8706
MM_RS10705	5.1594	3.4974	2.9578	1.5608	0.4034	1.5888	4.2218	2.3028
MM_RS10710	410.8522	668.872	3043.7398	1824.9654	212.402	533.3986	690.8979	871.8036
MM_RS10715	166.7444	170.1922	327.887	426.1003	47.3855	64.6663	179.4644	164.3128
MM_RS10720	142.7368	143.4271	257.7632	226.5665	156.3936	278.7975	162.4908	435.4992
MM_RS10725	826.064	965.0587	844.6346	1928.4573	145.1738	341.1252	177.1487	291.3157
MM_RS10730	108.1777	120.2403	146.0906	163.7481	26.4033	39.569	37.848	46.8749
MM_RS10735	39.0465	38.924	38.4742	16.8748	15.2639	42.0841	49.1552	49.0165
MM_RS10740	35.9826	36.4046	32.3614	20.4088	26.3	21.2261	19.0955	28.748
MM_RS10745	124.6366	170.0082	257.3397	106.0226	29.1011	41.6805	41.0008	39.1742
MM_RS10750	34.8598	66.0746	292.6465	152.4574	9.7885	11.3395	51.4562	36.9809
MM_RS10760	29.2135	65.524	61.4023	31.1121	19.5771	22.6507	25.6122	32.3069
MM_RS10765	61.9087	68.454	46.4135	32.8246	16.6758	31.7193	13.4255	15.0928
MM_RS10770	200.3841	282.9847	136.953	93.8693	19.2805	43.2277	12.5374	20.1091
MM_RS10775	400.3809	519.0422	174.5495	528.3991	99.4149	101.2054	240.1143	178.9978
MM_RS10780	156.1142	184.9002	61.475	71.1421	18.1269	39.9824	24.8095	27.165
MM_RS10785	43.6014	96.1604	33.6439	24.572	15.491	25.9977	18.4364	18.7449
MM_RS10790	51.4216	73.6138	43.6585	22.7061	10.4877	27.5389	12.6654	10.6027
MM_RS10795	96.7034	114.5622	141.6108	98.0353	43.7132	69.101	27.3471	52.4189
MM_RS10800	77.6097	79.6978	160.1586	125.3029	48.0841	39.9072	43.5511	54.5342
MM_RS10805	149.1335	300.613	21.0695	376.715	22.1327	89.5833	12.4837	31.557
MM_RS10810	0	37.637	0	22.2204	0	9.496	3.3847	0
MM_RS10815	285.6782	373.0658	56.5057	252.5204	72.0696	189.8669	26.3678	122.756
MM_RS10820	205.215	303.33	60.3848	313.6543	23.67	58.7361	19.9795	29.2078
MM_RS10825	26.9026	27.2308	12.4103	23.4766	8.4942	12.4266	7.8155	2.6056
MM_RS10830	36.9451	40.1834	13.2555	19.8274	6.4071	12.9575	1.7502	9.3028
MM_RS10840	30.474	48.5292	22.1012	16.1848	12.9174	20.0121	18.0262	18.4362
MM_RS10845	311.0363	314.4363	160.2292	87.7133	40.1638	74.1697	42.4072	30.0712
MM_RS10850	18.4052	20.5219	112.7203	88.5271	2.9312	4.6181	13.5159	7.4163
MM_RS10855	53.0651	70.9117	428.2373	333.7859	2.9171	4.5959	18.0055	29.8378
MM_RS10860	207.6497	263.6181	144.9749	101.6176	29.8431	77.1088	31.7149	63.0379
MM_RS10865	64.023	93.3221	87.9361	57.4898	18.9097	26.2871	51.0453	42.8642
MM_RS10870	19.9595	17.3645	42.9097	25.8778	4.2559	6.7051	11.9923	16.7039
MM_RS10880	27.2013	33.8764	23.4314	6.522	10.9605	16.8676	9.8508	24.3237
MM_RS10885	21.1607	21.0942	75.82	55.2512	3.4467	8.1453	26.6389	28.0395
MM_RS10890	18.179	13.6792	50.2707	29.8418	10.3158	7.3136	20.7629	36.8077
MM_RS10900	160.5135	160.3298	207.0469	207.5877	29.1774	43.7444	31.8258	53.7329
MM_RS10910	27.4358	35.2407	96.1866	44.6026	10.1413	13.1988	22.3641	27.0601
MM_RS10920	42.0028	30.5804	56.437	42.9374	11.841	21.2671	27.8366	65.9095
MM_RS10925	44.6475	42.389	177.3132	83.8396	18.1643	16.4552	69.4637	83.1752
MM_RS10930	45.3256	64.0142	227.6472	63.817	14.2092	32.6469	86.2743	103.0892
MM_RS10935	25.2974	40.0068	87.5695	72.2676	8.5482	13.4676	32.3863	60.6428
MM_RS10940	23.5526	28.9158	153.2352	76.3406	8.7225	22.9036	57.3495	80.9186
MM_RS10945	46.7877	82.4619	149.0164	144.9123	7.1128	25.2138	43.7664	69.6111
MM_RS10950	162.4825	268.2469	157.9077	164.1278	31.9759	73.5104	102.9741	246.3475
MM_RS10955	306.1673	294.6332	312.9437	280.346	32.6997	52.5283	49.5553	102.949
MM_RS10960	169.6265	198.2728	121.1919	95.5618	59.5996	84.571	48.3009	80.556
MM_RS10970	2337.7444	1613.9299	2274.3625	9758.2822	841.0319	331.2596	1146.1651	1072.9389
MM_RS10975	166.6054	472.1579	117.0956	783.5019	21.9664	101.0915	9.3079	109.7294
MM_RS10980	9.6373	59.6215	10.715	9.8222	2.8056	19.1544	0.7529	6.0065
MM_RS10985	32.4048	38.7638	25.3328	6.6839	15.5465	58.512	29.2048	25.8866
MM_RS10995	36.2423	33.501	51.3531	21.3584	3.8639	15.2189	31.1079	22.0588
MM_RS11000	151.7187	192.6752	1894.1733	1278.585	33.1383	68.6751	286.4953	299.7849
MM_RS11005	141.1575	250.3494	2778.0311	2439.2395	35.2676	113.3954	201.6525	314.8512
MM_RS11010	125.1955	233.7212	3066.6794	2483.9519	13.3475	115.6586	82.3855	311.1499
MM_RS11015	132.4873	156.5048	1944.2961	2389.7731	27.9673	92.4082	203.2713	263.8883
MM_RS11020	141.0305	252.7673	3081.4278	2138.2017	43.8797	180.807	429.3608	516.6698
MM_RS11025	155.8869	208.5022	2915.9101	1998.8158	20.1529	56.6977	130.9582	305.0924
MM_RS11030	79.5848	70.5308	1016.9171	1312.1207	24.4714	55.1418	77.8904	222.9604
MM_RS11035	307.646	576.5595	4942.0475	7294.8394	128.2809	517.8952	361.4725	1190.0658
MM_RS11040	57.4691	57.698	460.0004	420.4463	79.4316	96.7021	364.3197	542.7906
MM_RS11045	221.1876	388.1517	2820.5823	2494.382	31.8128	50.1208	49.2542	110.0182
MM_RS11050	215.7069	208.4137	2404.6124	1621.2864	37.1493	51.5607	56.9687	154.0128
MM_RS11055	323.279	318.5389	3976.1497	3334.9145	21.9147	74.2317	114.6814	186.1004
MM_RS11060	146.7404	168.6916	1870.0173	1397.21	14.2092	46.0166	40.0389	113.7925
MM_RS11065	177.0077	193.0215	2132.9844	1728.1931	20.2522	68.7997	104.9624	205.9453
MM_RS11070	994.3246	1340.8291	33347.1429	11567.2407	169.6129	517.7457	1570.3691	1452.4647
MM_RS11075	97.3782	113.7136	1119.0117	670.3389	14.5016	51.4059	150.3165	219.9069
MM_RS11080	158.7188	215.7519	2324.957	1377.1995	33.5277	86.5198	229.9047	369.6148
MM_RS11085	175.2808	204.9473	3001.1444	1850.496	57.1857	133.9259	335.9655	485.2931
MM_RS11090	211.9732	315.8498	3539.7328	2857.549	52.3348	152.3091	283.2361	540.4946
MM_RS11095	139.9411	263.5883	2431.5999	2297.2122	49.3343	113.8127	351.7933	471.9255
MM_RS11100	81.2465	128.7079	1264.2153	1130.6896	43.1308	67.9522	244.5471	341.1872
MM_RS11105	102.3274	112.3269	1556.0866	1391.4619	48.0015	72.2895	197.7746	447.3266
MM_RS11110	162.2475	252.6326	3647.7222	2784.4845	177.4846	270.7283	1044.4057	1362.1295
MM_RS11115	279.86	297.6747	555.6773	644.7062	106.6331	149.6819	241.2342	310.5447
MM_RS11120	415.5753	525.0943	1035.2967	961.7221	191.9381	275.2228	389.5236	591.4344
MM_RS11125	43.8202	9.9852	10.6543	4.0581	19.5771	6.747	0.9851	8.7316
MM_RS11130	296.9873	419.702	236.2983	383.1606	116.0967	139.8719	126.4573	207.1217
MM_RS11135	11.3819	14.1827	7.1368	0	2.2247	3.5049	4.4777	7.144
MM_RS11140	355.6652	337.2191	579.8961	361.8693	47.6958	78.0911	61.7403	105.4466
MM_RS11145	151.0052	198.3584	573.2511	330.2244	75.0953	177.4681	363.654	255.1493
MM_RS11150	44.6078	43.5315	223.0599	151.6524	9.6531	38.0208	69.5354	72.5116
MM_RS11155	220744.0953	399400.4161	280706.2478	325245.9639	249861.2156	508635.0818	183166.8913	226192.8536
MM_RS11160	1174.4475	1738.9532	5320.0968	2639.564	191.0066	574.2221	514.6847	715.8366
MM_RS11165	929.4299	1287.5743	3195.4944	2731.3435	131.2817	229.2854	239.897	261.3316
MM_RS11170	1294.1524	1666.0205	5861.2415	4241.5105	108.691	333.4707	173.4772	430.0029
MM_RS11175	575.8071	701.9135	2108.9441	1122.0567	77.1355	225.4634	301.7898	353.9316
MM_RS11180	14625522.7438	18227734.0434	14923826.5196	40337872.8865	11384728.1492	14954315.0173	18731175.8935	15637986.9904
MM_RS11185	25909.6258	48595.218	20014.3569	69536.1977	51707.3774	139776.1379	56806.1926	115467.8956
MM_RS11190	18.909	20.376	15.2442	5.7575	4.3679	5.5582	5.6806	2.1579
MM_RS11195	14.8753	15.1215	17.9885	7.2323	2.9075	11.4518	19.8967	19.7109
MM_RS11200	223.703	276.6253	148.3444	119.2837	25.5837	20.1534	5.3732	11.1129
MM_RS11205	5.6909	19.3645	13.0563	4.9189	2.2247	5.2574	1.7911	4.7627
MM_RS11210	188.3923	167.8344	245.4492	115.2353	33.0347	65.7459	96.4594	65.2142
MM_RS11215	469.2777	839.4718	590.2994	546.8415	47.3276	147.1068	95.8117	97.3966
MM_RS11230	15.5907	38.0266	0	0	0	0	0	0
MM_RS11235	157.6072	141.7626	82.9616	12.4024	9.7303	20.066	0	41.7927
MM_RS11240	807.69	941.151	1476.6499	884.3649	120.5811	226.6917	100.1477	185.6772
MM_RS11245	671.9173	791.8106	1315.7782	806.6663	120.7253	226.6622	74.846	138.6509
MM_RS11250	117.4103	140.9494	160.5874	85.6767	31.6106	74.5824	13.1106	50.7866
MM_RS11255	427.0233	171.1648	253.54	206.5286	582.0689	575.2182	257.5291	581.8987
MM_RS11260	137.583	136.6026	47.325	21.4054	17.7485	20.3364	10.3921	18.4227
MM_RS11265	78.4911	199.0294	156.0616	35.2743	39.5307	100.3886	23.1874	40.2997
MM_RS11270	13.7933	12.6923	11.4051	4.8147	7.0511	7.195	11.0196	11.2475
MM_RS11275	5.7221	2.8749	7.7501	0.8903	3.7579	2.9603	1.7288	2.2986
MM_RS11280	4.5321	7.1191	7.0031	2.2035	1.3288	2.6168	3.2093	4.7411
MM_RS11285	34.221	40.467	39.8567	34.1735	8.0958	17.8278	19.4054	32.6943
MM_RS11290	131.2102	182.1193	165.6669	68.7962	21.1433	50.8918	22.6963	16.7647
MM_RS11295	18.354	33.7306	56.7211	8.4986	14.6059	26.0394	12.9969	9.8745
MM_RS11300	292.7309	428.4901	429.075	315.3135	88.6598	76.493	67.6026	40.5057
MM_RS11305	38.9224	70.2285	98.1461	20.3957	46.4068	47.9433	85.1358	44.5176
MM_RS11310	45.2109	84.6105	61.6821	27.0538	16.3141	9.6385	3.2836	5.821
MM_RS11315	18.4118	18.1705	32.6556	8.3549	6.4777	3.4019	0	3.8522
MM_RS11320	5.6902	6.765	13.688	7.4338	5.2911	7.5549	8.0759	9.7217
MM_RS11325	26.1857	34.3128	48.3786	19.097	5.758	10.5836	11.5892	21.2298
MM_RS11330	9.808	8.5582	21.4842	8.1162	8.3902	9.914	70.3632	40.1224
MM_RS11335	19.1974	30.9523	32.7479	27.054	54.8159	87.9041	70.138	57.2793
MM_RS11340	77.1913	91.2139	151.7825	115.9459	24.2874	26.0895	63.1046	63.0251
MM_RS11350	88.2471	121.3988	72.9225	35.7542	22.6387	34.648	23.4337	21.6944
MM_RS11355	19.1749	33.2002	13.943	5.8495	1.3228	3.126	1.065	7.5517
MM_RS11360	35.5395	33.8209	37.4926	9.2437	13.1601	2.051	0	13.7786
MM_RS11365	109.9913	143.9682	87.3114	47.8685	51.1831	93.671	79.5005	128.7603
MM_RS11370	29.0626	31.788	69.5369	38.236	7.6218	18.4653	20.4928	29.8636
MM_RS11375	13.7154	10.849	10.2243	0.8604	2.5941	6.948	4.5947	0.7405
MM_RS11380	66.8104	100.198	121.4283	57.5513	42.0463	92.5306	102.0905	101.4453
MM_RS11385	269.0873	396.9164	125.8577	172.8452	23.7916	64.7929	15.3235	29.5904
MM_RS11390	121.4695	103.4591	164.0924	76.1785	30.5892	29.6768	51.5873	48.2536
MM_RS11395	79.826	71.7721	261.528	96.4254	24.5444	19.3348	42.6968	56.2993
MM_RS11400	151.5166	145.4764	265.3035	173.1803	35.538	22.1013	44.4229	113.4552
MM_RS11405	11.3441	9.8726	41.6438	15.6199	3.3244	8.2928	15.1666	24.5144
MM_RS11410	60.5136	32.45	110.642	100.0999	13.124	36.6267	61.0752	137.9593
MM_RS11415	36.4991	33.5077	56.6481	42.3694	21.2214	22.3485	38.0677	46.5291
MM_RS11420	17.7276	16.1089	50.7285	35.1545	3.5569	3.8106	13.6308	14.5188
MM_RS11425	231.6745	417.3014	359.4564	177.5855	78.4339	166.0806	59.1051	86.8682
MM_RS11430	275.9049	352.2349	330.2206	189.3782	100.6045	117.8052	112.7374	68.8826
MM_RS11435	942.2707	1009.3118	595.9675	465.7183	213.6822	250.0862	157.288	165.5578
MM_RS11440	73.5044	103.7829	37.0022	46.9696	60.5544	76.425	13.3674	35.7783
MM_RS11445	697.8718	646.4929	279.1239	225.7379	206.0277	324.3314	140.8289	166.8352
MM_RS11450	104.911	116.9142	161.6512	105.6248	41.4419	48.1561	48.9145	70.6557
MM_RS11455	26.4996	33.0974	27.1843	13.0859	6.3838	12.153	10.7074	21.0697
MM_RS11460	19.1174	52.9125	31.6304	10.449	7.4733	9.35	24.0667	15.9992
MM_RS11470	61.2206	58.7251	166.9685	109.881	10.9718	15.7607	24.1616	43.2934
MM_RS11475	55.2355	45.4682	126.9938	32.624	17.9937	19.8442	24.9168	46.7397
MM_RS11480	158.5318	145.9015	297.0792	91.5232	45.2981	73.2124	71.0518	66.8803
MM_RS11485	393.4874	427.0445	117.1733	55.1526	164.9691	241.1512	141.9434	132.6933
MM_RS11490	17.6615	28.6371	37.7587	8.1417	2.7617	6.5265	4.8173	8.2115
MM_RS11495	35.1591	66.1651	80.1952	26.1275	9.0511	17.4287	15.3835	14.3533
MM_RS11500	8.3077	17.9167	25.5052	8.1817	2.9602	0.9328	6.6732	5.915
MM_RS11505	21.8556	28.4045	39.5075	15.3716	5.5617	12.2673	9.8508	11.9067
MM_RS11510	53.6049	59.0762	147.0124	60.217	16.7927	36.6324	71.4114	79.2758
MM_RS11515	85.6433	116.2689	144.2818	64.2326	16.6645	30.1576	53.3033	65.5673
MM_RS11520	243.3601	307.4948	103.0382	64.4224	64.2373	143.8562	21.4256	45.8409
MM_RS11525	142.7911	136.2337	49.2767	45.9314	31.3952	54.9588	11.7444	21.0488
MM_RS11535	229.5343	225.4307	185.0481	179.233	33.6481	71.0847	54.1796	46.9323
MM_RS11540	157.728	184.2177	52.0135	64.2716	21.429	44.0771	16.2938	27.7523
MM_RS11545	37.4577	49.9392	87.0058	79.9324	15.0165	15.3341	33.1346	30.5606
MM_RS11550	36.3045	74.6095	156.6015	12.1938	26.6794	25.4452	19.9237	23.759
MM_RS11555	52.2092	100.9518	34.2459	28.6241	14.9529	17.0939	17.9426	18.7106
MM_RS11560	35.6134	51.8069	8.3994	15.7868	3.7571	38.1167	8.875	19.115
MM_RS11565	34.6709	57.6202	24.8456	14.3594	3.3883	7.1177	9.0931	12.0899
MM_RS11570	103.7763	188.3982	165.9129	55.2457	5.8601	60.895	15.4189	25.3236
MM_RS11575	53.4223	76.1961	22.97	39.0715	6.4257	20.5005	3.104	4.8148
MM_RS11580	42.6048	61.7613	16.5767	25.755	13.7939	25.5956	15.5475	12.6873
MM_RS11585	94.8489	160.0204	42.8211	47.9594	8.8987	40.3069	21.4927	14.2881
MM_RS11590	395.6943	505.912	172.4649	153.4471	68.8257	59.6389	42.4818	37.655
MM_RS11605	15.6501	9.8806	5.1402	2.8181	1.0196	6.4257	0.8209	5.0934
MM_RS11610	43.2511	23.6	26.1005	6.8865	6.2291	5.6079	9.3135	5.0802
MM_RS11615	34.9397	24.381	28.168	34.9186	8.5365	8.0695	2.7491	10.9653
MM_RS11620	57.2525	55.4759	87.9169	56.2833	4.4432	7.5559	0.594	5.2653
MM_RS11625	32.3552	46.2963	58.9735	50.1564	52.7922	59.781	136.8049	141.2753
MM_RS11630	5.5088	4.4931	6.729	4.5451	6.4604	5.0892	4.7284	6.2868
MM_RS11635	62.5718	82.5466	43.5857	21.2128	16.685	13.1436	8.0598	10.7161
MM_RS11640	45.7463	57.6035	38.6285	28.0946	2.8236	15.5701	0	6.045
MM_RS11645	923.98	837.0793	466.9956	277.5744	82.2238	124.9163	111.1175	41.9117
MM_RS11650	30.1578	61.7661	42.0284	15.6992	22.5065	27.0162	10.3542	22.1795
MM_RS11655	46.3425	217.2835	211.7116	189.2638	5.4348	17.1249	30.6285	34.9053
MM_RS11660	81.3123	53.7343	86.1787	64.0753	2.5759	12.1751	16.5909	12.8676
MM_RS11665	151.3618	169.3291	146.6324	53.3005	49.308	74.2317	123.5031	82.885
MM_RS11670	27.8161	31.9651	49.2703	16.9748	14.7885	18.5838	25.016	30.4686
MM_RS11675	17.3406	20.1375	14.2321	7.9383	11.6373	21.6505	13.954	22.4401
MM_RS11680	94.4495	63.0607	48.4017	29.9018	18.0315	22.321	16.5909	23.897
MM_RS11685	25.4899	35.8729	39.0847	17.982	2.6376	4.8482	3.5392	4.3919
MM_RS11690	21.1021	25.2803	28.9572	12.8014	7.2219	7.7425	13.66	12.7035
MM_RS11695	165.3786	197.8315	417.9677	199.9281	68.1435	94.9718	130.8241	93.5011
MM_RS11700	132.8659	94.7519	137.327	94.4131	29.9649	66.0933	166.4591	74.8423
MM_RS11705	102.4406	132.2133	139.6782	68.8648	46.7181	45.5643	34.0302	44.4518
MM_RS11710	178.17	184.3313	119.9146	83.2432	48.9427	68.2117	86.3843	71.1961
MM_RS11715	33.3572	56.203	43.9256	30.8115	20.3928	20.8836	27.3634	39.2922
MM_RS11720	69.4388	91.9493	31.261	28.1835	28.5499	34.2706	14.229	22.7992
MM_RS11725	904.6967	1457.254	7704.0969	4088.7325	116.3544	392.8187	548.6733	830.3257
MM_RS11730	882.1099	1088.9754	5106.4794	5661.1112	87.3884	226.9853	280.4717	423.0495
MM_RS11735	215.6308	247.789	1877.4074	1208.7314	47.4335	92.7344	188.6848	270.9488
MM_RS11740	314.7908	441.819	2180.6842	2163.5498	52.4386	127.9484	146.0739	257.4574
MM_RS11745	345.9816	401.8001	2716.9336	1427.7549	33.1548	135.5623	272.0103	285.0445
MM_RS11750	253.1228	326.3991	1478.1909	347.5855	36.707	155.894	160.6115	325.7266
MM_RS11755	309.1687	853.0149	2252.1629	1565.2692	116.8633	313.9432	320.856	521.7576
MM_RS11760	29.3767	40.1595	940.1746	681.2629	10.2534	33.2774	73.9639	196.0951
MM_RS11765	9.3411	15.302	387.7083	360.3949	3.8871	9.743	69.5605	104.6531
MM_RS11770	21.685	22.7047	658.0842	505.6911	5.5557	7.9193	69.8611	79.1036
MM_RS11775	24.4167	35.3008	771.3248	401.2641	3.6555	5.0393	32.3729	41.303
MM_RS11780	1126.52	1277.8792	16516.7358	2249.5805	75.9264	199.369	1426.313	848.8581
MM_RS11785	2466254.7305	1821167.907	6640208.7509	2693643.1218	31560115.9665	12474139.6427	16788113.4741	19211042.2495
MM_RS11790	27.2475	53.9357	55.0717	53.336	8.7079	17.7892	26.0463	36.6278
MM_RS11795	160.8248	333.8431	579.6353	619.402	11.0945	157.3135	35.7283	482.9507
MM_RS11810	137.3056	141.3339	364.6047	421.9779	23.9306	38.3414	55.1865	41.6801
MM_RS11815	106.2681	115.5528	237.3606	181.1843	31.0524	52.2448	46.9137	60.1865
MM_RS11825	416.5899	494.3269	2283.8626	669.1043	48.0688	85.3705	143.5408	89.8107
MM_RS11830	271.8656	406.9566	457.8269	241.4982	28.0701	41.3933	53.8899	34.9264
MM_RS11835	49.8807	35.5878	190.0748	85.0424	22.8139	22.1189	64.992	53.4332
MM_RS11840	74.0533	91.1593	135.2198	65.161	33.8298	62.3648	60.6494	68.9402
MM_RS11850	50.4163	62.3201	44.69	41.3951	18.2303	29.8861	33.7176	30.9415
MM_RS11855	23.6146	52.2241	43.9296	17.4427	7.7278	22.8283	26.9602	21.5992
MM_RS11860	157.787	293.3834	303.27	127.8581	28.1588	95.5938	42.1022	50.715
MM_RS11865	654.078	914.4996	518.3387	183.4755	230.4758	326.6611	184.8376	179.7122
MM_RS11870	34.3142	48.0741	48.017	15.8316	16.2653	27.7021	15.4695	24.8365
MM_RS11875	31.797	24.1636	31.6841	15.8889	17.0911	24.479	100.6975	43.7966
MM_RS11880	20.5861	24.7173	40.7943	29.1791	5.6188	9.2018	7.0236	8.8635
MM_RS11890	41.0509	46.5211	48.5837	37.6504	5.2231	8.5338	7.943	9.3873
MM_RS11895	69.4662	89.1509	104.403	37.1899	20.8586	43.6556	26.1774	44.2174
MM_RS11900	21.9101	31.1811	35.0871	10.4351	10.4877	10.3271	7.5992	9.3553
MM_RS11910	5.2517	4.9002	4.9677	3.9492	1.4781	2.1347	1.5867	2.9887
MM_RS11915	12.0234	28.687	9.6886	3.3453	4.878	6.9171	5.1054	8.5866
MM_RS11920	52.4684	82.8966	84.599	36.5933	21.2179	39.4459	50.2222	35.4311
MM_RS11925	17.9846	31.857	23.7932	7.1746	5.6784	5.1122	9.7964	5.7889
MM_RS11930	53.7185	64.9013	33.7026	31.0775	21.083	41.7179	17.3779	19.7021
MM_RS11935	146.596	169.5722	276.0994	119.4234	51.0725	101.8226	65.8481	61.2865
MM_RS11940	203.9077	261.8708	365.867	216.0895	63.8711	93.5919	93.7173	81.5573
MM_RS11950	461.3964	504.9488	669.015	114.1443	312.668	330.8615	565.1479	66.5828
MM_RS11955	173.4827	217.8761	268.0872	348.6085	14.058	36.9138	58.1619	20.6214
MM_RS11960	85.4686	128.1819	150.2612	90.7106	17.2739	27.2149	33.163	18.9646
MM_RS11965	32.5521	64.4007	19.7389	21.1021	18.5982	52.434	14.1852	36.3235
MM_RS11970	79.8034	108.8899	44.6889	44.6082	39.2289	92.7072	65.4216	97.1807
MM_RS11975	100.2822	116.3643	61.2482	42.8178	27.169	68.9881	26.2948	31.5575
MM_RS11985	317.3726	331.2526	432.4113	274.4548	113.3758	143.0129	70.015	104.251
MM_RS11990	184.8482	261.2952	356.2968	421.3972	38.0225	65.2701	17.8465	70.3275
MM_RS11995	302.2686	328.7478	290.1134	262.5966	42.0729	95.3571	22.6634	51.174
MM_RS12000	1319.9825	1998.2566	1120.1514	1343.7659	101.3035	112.3841	147.2674	120.0203
MM_RS12005	151.8389	129.4911	157.0787	166.518	46.8601	46.0544	36.6487	26.1152
MM_RS12010	378.1255	431.4373	365.5083	423.3342	36.707	57.8316	25.5226	35.7202
MM_RS12015	85.562	99.563	91.164	112.6492	18.8735	25.2377	10.4414	17.691
MM_RS12020	164.9473	152.5241	142.2322	195.4405	23.5711	34.815	20.5583	37.4962
MM_RS12025	216.1782	167.8228	269.9606	155.5722	30.6619	71.6759	41.1427	86.9899
MM_RS12030	160.0073	130.1935	332.5422	306.4627	36.5547	46.5533	29.4299	61.7371
MM_RS12035	156.7932	154.6682	335.8223	301.8927	43.9112	59.4531	76.2289	88.132
MM_RS12040	277.7887	264.4537	489.957	486.9726	41.2954	88.5764	53.564	116.2394
MM_RS12045	227.3058	236.4882	413.5409	601.7553	60.3469	56.8958	75.7463	117.3256
MM_RS12050	150.579	186.1995	314.6273	467.2305	113.0974	156.3017	210.8613	291.6826
MM_RS12060	1874.1296	2176.5093	579.1797	755.9486	183.1562	500.1724	98.305	117.6332
MM_RS12065	3754.9748	5752.9669	755.4936	696.085	5403.4078	5969.937	835.6387	2434.4878
MM_RS12070	102.8627	122.8872	70.9016	49.3373	49.854	73.3505	55.0266	58.8737
MM_RS12075	60.9084	54.6455	74.5649	100.9042	51.5883	53.1426	63.8974	76.4605
MM_RS12080	623.7104	1100.0247	674.736	269.5497	37.5104	206.8406	211.3951	287.7569
MM_RS12085	23.8477	20.4572	15.3469	8.7468	9.1998	15.3638	6.5179	7.8781
MM_RS12090	4.6343	0	2.4907	0	21.7392	47.0936	61.2571	31.0269
MM_RS12095	80.1846	76.1467	41.2058	17.3267	14.8478	38.3378	5.9769	10.5956
MM_RS12100	133.6887	204.3461	68.4307	56.4008	92.0787	141.1484	68.1211	106.5551
MM_RS12105	21183.0218	39689.559	22212.8082	94843.5436	2637.6448	4102.3758	2986.7707	4147.658
MM_RS12110	32868.6086	31194.0797	64756.2673	38482.1096	5437.773	16368.268	6537.6949	14533.6325
MM_RS12115	1653.9254	1952.6496	5196.676	7194.2916	285.9286	533.6744	524.6869	830.3236
MM_RS12120	36094.3985	100511.1569	118514.683	360098.9087	3451.6305	7557.3168	11346.2332	17430.0015
MM_RS12125	6219.1524	5439.7664	36149.4294	24300.5161	591.2999	653.5521	3860.4237	6619.6656
MM_RS12135	117.0655	111.0519	34.5287	22.498	36.7812	52.3406	23.642	24.131
MM_RS12140	12.3655	19.7847	11.4051	6.8136	9.7885	11.9947	11.3832	16.0403
MM_RS12145	59.3773	64.2849	45.0921	20.0813	7.5685	27.4253	10.9679	28.0851
MM_RS12150	15.3755	19.0496	10.0345	9.2553	2.5759	10.1459	0	10.1103
MM_RS12155	12.8883	20.373	15.833	6.5646	5.3981	1.7009	2.6076	3.0817
MM_RS12160	68.7559	37.7787	115.2695	24.3025	21.8147	22.2487	16.3401	17.6163
MM_RS12165	1284.122	1919.3244	653.0078	716.3438	227.2645	501.3751	213.2921	231.8809
MM_RS12170	22.8541	27.9331	26.7025	16.7477	5.2439	7.3437	7.5054	8.7316
MM_RS12175	150.7985	208.1463	248.992	187.6728	68.1552	66.2827	77.5648	55.542
MM_RS12180	44.3012	50.6983	71.3589	17.7424	4.0975	15.6011	10.4465	5.8481
MM_RS12185	2504.526	2802.1626	1666.4717	416.1645	137.1605	246.5579	119.183	140.568
MM_RS12190	107.6104	114.493	147.3712	83.8451	78.8747	46.8388	68.386	131.6234
MM_RS12195	3272.2867	2636.2777	596.4362	1892.5527	1264.7247	2003.0775	209.5543	545.3281
MM_RS12200	306.6435	427.6612	160.0577	222.5617	34.4129	49.6991	19.8556	26.1948
MM_RS12205	220.5914	285.2746	80.1074	72.1441	16.3142	38.5544	22.5162	23.2843
MM_RS12210	224.5342	259.5079	276.2931	77.0479	35.8613	60.2302	39.2218	42.974
MM_RS12215	82.5185	83.3942	126.9338	36.8919	33.37	36.8019	32.2391	40.4829
MM_RS12220	416.2918	550.4017	926.0818	546.8297	77.0848	133.0128	112.2996	149.3103
MM_RS12230	42.5682	52.1197	134.8496	67.5269	16.4448	21.282	50.5939	33.9485
MM_RS12235	324.5342	385.9513	395.2334	174.4519	41.3482	78.4383	84.2417	62.0245
MM_RS12240	290.0988	366.2039	300.3442	190.0381	96.6917	314.5477	126.8596	158.4466
MM_RS12245	400.0974	603.6837	263.3096	234.6643	47.8788	85.4902	30.8374	63.7786
MM_RS12250	209.8648	300.3501	105.3478	210.5558	37.9106	75.8448	31.9749	52.3896
MM_RS12255	163.3823	224.6537	305.229	69.9376	36.9674	72.5972	38.565	28.9815
MM_RS12260	506.3415	730.1238	700.3965	377.1069	25.9635	71.9369	39.6436	34.5005
MM_RS12265	495.4364	570.1926	620.9927	457.9862	94.3896	122.2726	50.6615	70.3517
MM_RS12270	312.484	318.7273	420.4249	267.6337	101.9303	187.3554	64.4782	155.8699
MM_RS12275	297.9456	459.7345	679.7165	466.4253	57.6161	136.8926	78.5573	103.4529
MM_RS12280	164.2038	116.8759	296.8317	104.1707	54.4316	67.0198	138.0959	98.5773
MM_RS12285	104.1845	112.4529	117.1428	33.7659	79.5786	78.5804	65.8728	55.9889
MM_RS12290	116.5361	196.4062	485.4646	192.093	47.2492	64.035	112.0746	83.0257
MM_RS12295	219.877	153.3738	352.5786	265.6214	53.3921	46.3609	39.5662	42.4312
MM_RS12300	75.4618	90.8473	412.3056	324.6484	16.0176	12.6178	79.5232	91.4437
MM_RS12305	253.4228	303.9771	515.6483	321.3669	84.6934	120.9632	280.0719	170.8663
MM_RS12310	94.6499	125.1885	41.4256	27.7852	73.4141	120.3523	54.8452	76.9325
MM_RS12315	871.0986	918.9227	664.3485	320.5215	185.4017	387.1779	382.6802	280.5951
MM_RS12320	331.2635	455.3588	165.8466	138.9594	51.1674	62.5049	49.5527	30.1637
MM_RS12325	30.9137	26.2105	10.7997	2.004	7.2508	7.1397	11.6751	18.11
MM_RS12330	220.3377	245.5941	245.64	116.9326	62.9264	119.5304	122.5217	141.0857
MM_RS12335	166.5347	165.176	194.7875	94.7538	33.7213	55.8947	89.3646	77.2057
MM_RS12340	35.9327	51.7542	56.0319	24.756	12.8498	24.2646	18.1042	27.105
MM_RS12345	241.4582	370.857	208.2793	194.2093	48.9427	70.2241	39.4034	74.8423
MM_RS12355	1980.4253	2261.374	1631.5445	1043.9203	299.1147	549.7948	637.4506	606.8778
MM_RS12360	775.3897	968.9895	1389.3904	1024.6716	281.9769	414.0219	756.276	690.5901
MM_RS12365	1357538.9917	1128096.6654	2318259.637	811963.1524	15215685.9852	11749023.7757	15171085.8247	15964534.5425
MM_RS12370	1354683.9479	1128253.114	2310617.4272	810246.4412	15204501.8676	11775563.8537	15099539.3078	16074200.9731
MM_RS12375	107.4556	166.8688	52.1897	28.1192	15.0297	52.3672	15.358	16.0881
MM_RS12380	355.5695	579.9062	73.7501	62.3325	42.2865	150.8249	31.2075	19.2794
MM_RS12385	463.1993	748.5143	148.9677	157.4436	126.8805	267.9112	81.0884	50.8727
MM_RS12390	470.8246	598.0237	191.7614	182.1384	84.7881	122.1795	171.4879	43.781
MM_RS12395	10.9437	8.4694	9.9034	3.2851	4.0203	6.747	2.9553	5.7379
MM_RS12400	0	17.3422	10.4932	8.8751	0	0	0	0
MM_RS12405	45.6614	63.3383	26.1244	12.413	3.4548	13.6074	1.3907	2.4654
MM_RS12410	84.7918	82.5134	208.654	216.6505	29.0104	47.5712	54.3385	69.9232
MM_RS12415	191.4832	314.2216	211.1066	133.6788	178.497	215.4512	148.3421	222.9126
MM_RS12420	590.1051	896.5203	640.4336	329.7565	169.4171	244.2679	138.0496	224.2128
MM_RS12425	150.1614	165.6407	68.355	71.1453	39.4949	34.0401	19.0782	11.6053
MM_RS12430	146.5113	189.176	96.6402	81.1621	27.335	38.1443	16.977	32.3255
MM_RS12435	178.2523	188.6736	78.3152	45.8543	28.2043	37.2475	14.0249	14.2073
MM_RS12440	110.6919	143.7919	36.1506	17.2685	107.7781	136.5811	40.8705	59.635
MM_RS12445	363.096	330.4226	208.164	88.7528	129.9271	104.0137	118.2101	59.5508
MM_RS12450	212.4092	269.5845	122.0506	96.8348	74.933	138.7959	80.709	76.5972
MM_RS12455	10275.7457	12206.5657	3690.0268	3514.1746	1152.4217	1689.3779	737.3282	991.2232
MM_RS12460	195.2716	347.3612	81.6898	109.5521	106.3447	229.8986	56.916	93.5683
MM_RS12465	293.327	323.2874	273.0061	175.0783	54.1167	115.9937	58.4296	55.3833
MM_RS12470	19.6596	27.8496	57.8362	36.8919	13.348	30.5886	26.3775	42.4312
MM_RS12475	97.9202	121.4133	116.3588	37.33	29.977	55.7679	70.4629	69.2821
MM_RS12480	59.1744	45.6233	18.7475	9.7395	24.8366	31.6492	13.5265	17.2026
MM_RS12485	44.3257	37.2097	68.962	29.2385	14.5916	13.6497	22.761	25.3813
MM_RS12490	183.9293	338.465	276.9595	164.3768	185.8187	305.7153	241.4834	492.5823
MM_RS12495	122.1792	116.6627	33.0764	37.2959	32.7621	48.2052	15.1309	17.1863
MM_RS12500	119.2386	155.7124	55.5411	51.5315	44.2815	53.2418	16.8872	26.6106
MM_RS12515	59.6593	45.2323	178.3869	20.6991	26.6065	31.0505	47.6014	33.7544
MM_RS12520	594.6654	625.5888	565.6232	309.4112	68.8214	140.9558	84.9582	78.5795
MM_RS12525	1516.6726	1378.4395	633.652	457.0313	284.8649	399.5435	290.8731	228.0755
MM_RS12530	51.657	49.6248	105.9624	104.0077	17.9685	18.7797	38.8523	29.3089
MM_RS12535	58.3	59.4237	177.478	140.5119	24.3184	41.5665	52.0863	61.8852
MM_RS12540	223.1641	188.5636	307.8097	422.0429	35.8913	67.8162	39.8075	95.1073
MM_RS12545	91.0228	122.2707	145.6505	340.1941	9.3169	26.0956	19.8637	40.5081
MM_RS12550	17.7648	16.8268	12.322	6.5419	12.4324	9.7936	8.8426	15.5209
MM_RS12555	99.5819	146.0563	82.1696	50.6259	18.4141	40.8448	12.8744	21.7858
MM_RS12560	213.1579	231.763	219.758	354.9558	50.1818	62.2239	164.5963	149.874
MM_RS12565	27.9465	27.4131	20.6277	8.6959	8.7398	11.704	3.1663	9.0434
MM_RS12570	11.231	10.8928	8.048	3.5053	7.8048	6.9167	2.3563	6.9621
MM_RS12575	38.9413	46.8792	11.5205	11.6848	22.2813	40.0546	18.8584	15.9003
MM_RS12580	40.1587	53.4549	107.9183	348.3845	19.8541	39.6456	75.4612	165.0767
MM_RS12585	87.5296	88.0875	283.1549	912.535	23.3886	35.3131	82.6425	221.6126
MM_RS12595	219.4157	183.2469	360.6197	51.8747	145.0265	210.3531	166.1261	210.1618
MM_RS12600	15.383	14.81	14.1927	4.7091	4.5101	4.7371	0.4034	4.6489
MM_RS12610	416.3295	704.6368	1705.2264	814.2287	83.7333	191.8436	140.5229	179.6816
MM_RS12615	80.8061	98.962	346.3204	291.1014	15.6617	16.9639	62.2573	78.2351
MM_RS12625	29.2996	32.1162	35.3385	9.2835	6.4851	13.2299	7.4969	12.3409
MM_RS12630	204.8895	51.3236	92.7154	0	56.7896	68.6194	57.9997	36.4365
MM_RS12640	840.2878	1128.4932	695.5932	791.8024	150.2428	195.0137	228.173	203.4666
MM_RS12650	721.1965	707.3808	32.8115	27.5012	143.1878	218.8999	3.9078	8.6594
MM_RS12655	175.0371	112.8058	26.6299	8.7101	212.0056	210.1816	7.5706	15.8447
MM_RS12660	122.1394	141.725	104.6418	46.5315	24.5372	69.533	26.0175	67.5645
MM_RS12665	10.1318	26.8372	47.0643	32.8402	10.1846	8.6915	21.1822	30.8887
MM_RS12670	89.9472	104.5985	189.7826	89.4241	18.4617	24.2408	41.055	49.5662
MM_RS12675	33.3751	37.8952	92.5693	44.5767	11.2806	11.0889	58.4579	40.6146
MM_RS12680	308.8734	366.2698	273.0751	75.7911	85.2899	191.7603	49.4318	116.3357
MM_RS12695	137.3555	150.4417	103.9608	47.2191	28.4875	52.5007	34.3191	39.3639
MM_RS12705	12.3865	0	10.4957	0	0	44.4683	0	0
MM_RS12710	38.5345	33.6021	42.7034	14.0473	12.2357	25.9501	34.0991	25.5231
MM_RS12715	15.2195	24.5514	12.588	1.5918	14.0119	36.5752	13.6199	27.6945
MM_RS12720	68.4921	75.7656	56.9988	21.4841	34.5478	56.4709	26.4234	31.4338
MM_RS12725	26.8723	20.091	183.8172	272.3879	13.6085	16.9263	70.3494	78.2011
MM_RS12730	56.1397	77.5458	161.8816	481.196	9.4054	19.3458	61.4188	68.6099
MM_RS12735	136.5393	116.9636	351.2191	475.8206	68.3704	98.0048	197.3928	452.5101
MM_RS12740	216.6932	156.3936	417.1994	555.3501	16.9417	68.5082	92.2948	116.4661
MM_RS12745	475.0761	501.9866	717.1977	896.8705	153.6943	230.0784	201.9777	244.9873
MM_RS12750	1416.6598	1834.5952	2108.6158	4511.2629	508.9633	586.578	719.1942	968.5472
MM_RS12755	1438.5782	1865.7856	1846.667	5898.571	487.6999	575.5284	624.1957	683.7356
MM_RS12765	204.3503	276.2983	1680.7089	1786.4992	40.5043	95.7213	308.4333	475.7216
MM_RS12770	89.5327	80.4665	629.5734	262.8035	31.9663	51.2162	210.6844	282.4399
MM_RS12775	473.2505	422.3558	2943.2748	1395.1766	158.5745	225.5434	748.2699	650.6788
MM_RS12780	3860.0222	3824.7038	23324.9117	10310.3445	901.1722	1130.8784	2708.0675	2849.0488
MM_RS12785	661.1513	949.6929	4409.5999	3357.8966	293.0499	322.2265	1469.6595	1564.0853
MM_RS12790	488.5854	575.873	3760.6711	2885.2557	142.6922	275.3112	795.837	695.0845
MM_RS12795	151.284	117.9597	81.7096	32.3682	41.9509	57.1432	20.4053	27.4422
MM_RS12805	19.9758	25.4259	15.2726	15.5029	4.2894	11.1765	9.2974	12.4793
MM_RS12810	11.4773	11.8181	25.3997	13.8935	5.8767	11.3954	15.1402	16.0653
MM_RS12815	23.7449	44.8201	24.5294	5.5974	6.148	8.8314	5.2408	6.1938
MM_RS12820	92.3196	188.3461	96.5173	49.1892	35.5947	49.0693	29.851	58.2107
MM_RS12825	289.7498	347.6784	451.8059	104.3513	46.146	52.8746	48.9728	32.9306
MM_RS12830	59.3623	35.3449	22.4343	3.4984	12.6576	14.9565	8.1524	3.6122
MM_RS12835	279.571	295.4736	159.2288	105.4943	29.3611	73.242	0	17.4605
MM_RS12850	26.4822	28.5424	22.147	8.1587	9.3786	15.3814	10.3975	10.5328
MM_RS12855	60.9467	54.7936	355.3253	459.2587	17.9059	32.4421	44.6892	93.279
MM_RS12860	29.6082	19.7314	142.4613	194.6794	7.2753	16.1512	37.5397	52.1536
MM_RS12865	19.6475	9.7384	103.6511	122.1071	6.255	4.668	16.4328	24.4328
MM_RS12870	35.3697	22.5004	135.8766	135.2267	12.491	13.1815	34.9128	59.7056
MM_RS12875	77.9551	94.6654	326.2941	355.2756	27.7034	32.7349	171.7392	144.3185
MM_RS12890	96.4188	77.4668	423.8511	333.0445	43.8797	62.4848	84.2417	169.8146
MM_RS12895	56.7184	47.2426	167.3224	142.9869	28.0846	29.498	34.511	82.6279
MM_RS12900	113.6436	88.7094	383.8649	269.4582	47.4368	56.2301	86.2024	145.7237
MM_RS12905	220.5367	162.8224	530.9138	233.8064	64.6583	49.8732	76.9992	131.6949
MM_RS12910	145.6036	132.5784	330.9683	254.9091	64.1694	53.9762	88.4387	99.3462
MM_RS12915	147.1106	146.0249	216.1699	48.6973	60.5666	40.4821	75.3589	69.4162
MM_RS12920	2749.1468	4027.5072	3836.4493	3938.1556	338.4096	869.8948	3541.8578	1868.409
MM_RS12925	115.5621	224.2554	188.2695	152.6107	32.021	62.1382	59.7338	98.6485
MM_RS12930	55.2231	66.3119	138.4321	158.4984	46.4709	69.7095	116.22	134.7665
MM_RS12935	75.7915	85.1987	160.3028	172.9969	24.2469	52.3491	49.8868	126.5681
MM_RS12940	58.0097	82.9504	193.4343	305.0241	27.1742	35.5621	86.4522	123.5456
MM_RS12945	77.9551	98.9056	281.434	107.7057	93.2682	154.2177	211.1426	326.8584
MM_RS12950	27.6759	37.0482	182.7461	19.6498	13.91	20.6976	64.7045	39.7058
MM_RS12955	1646.6829	1268.2393	1491.2075	906.6213	701.0295	1531.6648	319.4676	783.437
MM_RS12960	302.5097	392.837	517.4581	477.2241	27.0689	77.2165	41.2745	46.8287
MM_RS12965	35.1852	53.8397	98.3351	46.1883	20.2877	31.1505	39.8648	49.0769
MM_RS12970	141.5168	123.7206	77.4359	48.3724	77.646	91.603	65.4748	64.4602
MM_RS12975	63.0401	91.019	139.3483	62.9149	27.1649	50.1117	76.1306	94.473
MM_RS12980	153.1265	253.7463	471.6824	131.4454	55.5666	87.2547	117.9138	121.4638
MM_RS12985	633.7357	496.8812	2083.0285	814.0082	194.3314	191.1846	429.7285	232.3633
MM_RS12990	1336.4755	992.8114	5396.7943	1828.2832	260.942	162.9432	368.5252	161.0291
MM_RS12995	1037.5259	806.6015	3360.7266	347.4753	379.918	343.3753	568.1473	256.709
MM_RS13005	578.3072	1363.0777	1187.192	200.9728	80.4059	274.0118	130.8755	198.332
MM_RS13015	37.6998	60.757	60.0359	36.2061	10.9166	20.2088	21.0933	32.3296
MM_RS13020	59.0064	95.3071	189.5261	157.3611	11.0913	12.4825	17.8599	11.684
MM_RS13025	39.8365	62.1202	113.9346	97.3023	10.8453	19.7153	12.7613	39.8875
MM_RS13030	1193.4754	1920.3031	8188.1924	8434.7086	253.3233	1079.9412	1895.5206	1456.842
MM_RS13035	798.1534	1291.759	3551.2421	2177.1735	113.7919	271.8087	694.4843	631.2946
MM_RS13040	37083.9011	77166.5597	25399.388	34833.5627	66665.4854	198200.7468	56588.3256	115277.759
MM_RS13045	20.553	25.7219	32.5568	29.5946	7.1874	13.5191	25.9802	42.5819
MM_RS13050	405.4804	477.2854	413.682	222.2735	55.0606	77.547	92.6875	92.8725
MM_RS13055	71.0865	96.5132	64.266	54.2601	11.5483	49.7092	22.2474	28.2551
MM_RS13060	10.6085	7.3302	17.0806	7.9238	2.8669	2.7424	9.3975	10.9602
MM_RS13065	174.0593	234.5166	207.7791	92.6436	22.2033	58.678	47.8607	29.1337
MM_RS13070	201.8859	205.9326	62.2435	33.4794	40.3778	66.5064	44.3288	35.363
MM_RS13075	171.5247	199.193	113.0476	60.8716	54.3264	56.675	21.2778	44.0073
MM_RS13080	1001.6101	1544.6634	834.0859	1213.6566	78.536	80.6953	30.2398	43.8611
MM_RS13085	257.8021	325.7295	170.0487	205.1042	33.2714	45.0118	12.2286	30.4531
MM_RS13090	81.9841	111.7567	101.7893	47.3789	43.9739	84.5457	79.2068	66.4843
MM_RS13095	218.0691	328.9746	301.6969	233.2296	103.2638	181.7566	133.1487	127.8076
MM_RS13100	402.674	973.0642	463.5745	349.6577	92.1944	145.924	105.8393	104.7792
MM_RS13105	128.5244	211.5768	152.8421	66.7945	46.7771	119.7575	55.7924	77.5799
MM_RS13110	81.256	113.5667	108.7339	63.9622	43.7567	49.7888	57.1479	40.2463
MM_RS13115	12.4047	17.3544	0	0	0	0	0	0
MM_RS13120	421.5731	811.726	504.9336	778.1649	127.7742	93.5901	203.935	104.7792
MM_RS13125	38.6058	33.9449	49.9131	31.8851	12.5046	22.2429	29.5525	43.1782
MM_RS13130	131.1272	239.7193	113.0794	104.6943	8.6881	33.5355	6.2952	12.3999
MM_RS13135	112.0622	202.0035	447.7675	120.2402	53.4745	82.8206	128.4258	118.3617
MM_RS13140	40.6407	66.8472	177.0332	71.8136	31.5181	128.0774	84.48	127.8196
MM_RS13145	1150.2799	2681.8041	5555.6499	3566.06	238.5958	467.4724	1147.6231	611.212
MM_RS13150	432.6783	793.9968	839.1488	477.4241	140.3505	386.1112	243.3737	249.621
MM_RS13155	141.98	152.1083	256.6741	152.7019	101.4174	203.9012	230.3269	270.0495
MM_RS13160	20.6916	14.4603	90.32	82.4642	4.7111	8.6593	22.697	10.0857
MM_RS13165	19.6393	17.1305	39.5825	25.4626	8.637	9.0716	44.8117	34.9264
MM_RS13170	31.6239	101.7089	103.4105	24.368	18.2657	54.0961	23.4723	26.9468
MM_RS13175	130.9577	126.8996	149.5026	94.0703	25.8024	66.2973	55.3955	106.9712
MM_RS13180	161.3696	198.0281	130.0945	104.6089	75.0455	38.5544	28.8958	39.5833
MM_RS13185	60.2817	61.2049	92.2125	35.2132	13.9836	15.2994	18.1381	17.186
MM_RS13190	94.6216	52.4537	183.8853	76.2999	7.4429	9.5942	10.3502	26.0741
MM_RS13195	16.4738	27.0964	8.4113	5.8736	0	4.5657	0	8.272
MM_RS13200	140.1054	89.1483	94.5268	25.1216	66.4223	41.3083	22.5162	27.4422
MM_RS13205	191.9443	142.2586	150.2581	81.1495	29.3611	42.4033	3.9397	27.9368
MM_RS13210	19.5626	44.9312	36.5891	20.7978	26.6126	15.7794	11.821	17.6815
MM_RS13215	65.0713	60.5974	46.4834	51.7942	9.6597	16.7407	10.8878	17.2334
MM_RS13220	124.2966	90.8347	28.4222	17.8732	10.6013	25.0534	20.0573	7.5653
MM_RS13225	49.5924	86.0686	112.2672	32.6757	19.0686	17.2744	13.8168	12.2469
MM_RS13230	3.6823	8.8098	7.9163	2.3871	0	17.009	6.9534	40.0618
MM_RS13235	43.0837	45.6833	93.4147	72.8072	13.8191	17.3495	44.8503	27.4275
MM_RS13240	116.7083	118.277	112.8024	106.8005	48.9427	88.5407	90.0321	75.7415
MM_RS13245	30.8619	30.7562	27.6371	4.9277	4.7195	8.2617	9.7101	8.2327
MM_RS13250	215.3906	234.9095	102.2648	80.6687	40.1658	61.1715	17.9651	41.0836
MM_RS13255	93.411	69.5628	83.6858	49.8508	19.3783	19.9622	45.0038	43.0818
MM_RS13260	167.7331	272.996	84.3257	75.2529	50.1818	100.2903	38.5305	76.2633
MM_RS13265	32.3408	33.1048	62.3015	43.1927	11.0848	14.6011	18.7255	20.1
MM_RS13270	233.5773	251.7994	149.7208	434.2173	47.2603	131.9284	35.463	84.8057
MM_RS13275	29.9776	35.8602	16.1117	6.8588	16.544	24.4359	21.6441	60.5063
MM_RS13280	82.9031	40.2252	29.0985	18.6453	11.4089	27.3528	5.9904	14.1594
MM_RS13285	465.8625	628.3339	651.6198	1357.8609	44.3899	84.9991	63.7785	160.8239
MM_RS13290	76874.2582	41584.2043	6991.2151	1864.3387	10561.9557	19882.6656	482.3322	1480.521
MM_RS13295	563.5258	778.6272	319.1685	1308.1623	243.5802	380.106	137.6214	396.8374
MM_RS13300	262.2572	258.4085	138.6587	260.7025	427.6927	514.7892	347.4661	616.7684
MM_RS13305	499.8005	315.7134	493.372	323.3498	332.419	557.9596	235.9474	570.4179
MM_RS13310	108.827	98.223	97.8349	160.9392	95.2128	197.7723	102.4757	277.5039
MM_RS13315	216.8761	199.5028	187.5265	284.2891	168.4914	292.0024	246.1096	511.8721
MM_RS13320	358.2947	414.1158	293.0131	580.0635	107.8997	176.3282	125.364	272.6675
MM_RS13325	103.941	211.9501	947.4705	102.1773	28.8413	70.2241	508.7256	34.6146
MM_RS13330	57.9609	23.5748	8457.3854	33.066	10.8762	10.7096	4034.4669	9.7018
MM_RS13335	7.2932	11.3054	6956.3728	35.4592	5.7021	3.3688	3767.8035	9.1555
MM_RS13340	4.4714	5.5922	4700.048	4.4797	2.1452	3.0042	2599.087	4.5926
MM_RS13345	35.7712	12.8372	17952.8632	34.7834	8.3901	6.6093	4643.924	8.981
MM_RS13350	34.1442	40.8445	11267.6001	83.6182	0	3.5048	2471.5659	15.875
MM_RS13355	7.9737	4.4354	13.4544	14.6685	49.8118	0	12.367	14.2859
MM_RS13360	129.36	126.8809	41.8049	30.1999	71.219	72.2415	25.5271	40.38
MM_RS13365	204.8736	228.367	157.3813	73.113	33.9768	65.0008	84.994	62.3479
MM_RS13370	1047.3506	2433.7489	1071.4676	781.9657	344.4815	591.6621	400.0957	332.4724
MM_RS13380	73.0836	83.8421	75.3393	31.0668	31.6137	75.8176	41.2887	47.6269
MM_RS13385	71.8062	68.2771	75.8664	35.8068	23.7516	34.5856	49.8337	43.1444
MM_RS13390	9.2051	7.5743	14.4395	9.8873	2.9116	10.9765	10.1142	12.4062
MM_RS13395	0	11.8788	0	0	0	6.9328	0	0
MM_RS13405	114.5214	59.9351	15.3877	0	0	13.2247	0	11.9802
MM_RS13410	8.7349	8.7075	3.9122	1.8875	5.1219	6.7246	4.1236	4.8735
MM_RS13415	378.468	554.0863	193.4075	104.5731	29.1047	45.8541	11.716	31.1544
MM_RS13420	43.0929	39.8131	52.1872	54.0349	23.8101	40.723	46.7982	69.3617
MM_RS13425	46.438	271.7548	123.5693	66.1102	8.5427	58.0419	45.5646	19.4318
MM_RS13430	52.2038	67.0657	26.5567	29.3821	55.3329	86.49	35.428	80.5276
MM_RS13435	170.9828	244.7943	227.4812	218.0474	30.6805	52.6527	97.9203	107.9069
MM_RS13440	69.3351	87.037	59.6436	106.9864	20.022	40.5573	33.9662	59.7042
MM_RS13445	63.9096	66.5437	41.7664	47.6237	12.6991	30.011	17.6413	19.7233
MM_RS13450	339.539	208.4284	86.4419	34.754	157.1812	247.6376	379.6356	216.8567
MM_RS13455	187.8008	243.3749	62.7023	42.4256	90.0991	73.6039	104.7771	107.1605
MM_RS13460	43.4382	67.8531	32.9585	12.0087	14.2333	21.8344	3.0156	9.088
MM_RS13465	65.7986	103.2479	41.5418	38.5106	5.2439	7.6715	4.2218	27.264
MM_RS13470	32.5521	52.7936	24.2245	11.7685	22.0242	44.5304	28.3704	32.4815
MM_RS13475	67709.72	136924.0709	43376.6033	63917.2437	36530.9355	320351.6248	16288.5659	73359.798
MM_RS13480	202.7493	192.0074	317.828	131.4337	9.9072	15.6087	15.9524	28.2798
MM_RS13485	110.6423	93.9697	100.1529	22.6499	6.8292	15.9831	13.7454	9.7469
MM_RS13490	79.136	102.3725	68.1847	36.3453	24.7186	71.2673	27.0649	33.5152
MM_RS13495	393.21	297.303	138.5687	67.837	142.4453	129.4738	105.8598	111.0347
MM_RS13500	496.4091	646.3722	177.0796	125.3029	103.0373	280.0269	105.7669	121.3233
MM_RS13505	394.4998	493.1079	314.8675	205.2023	49.8662	109.1163	118.2101	164.0882
MM_RS13510	31.6488	35.9681	12.4159	20.7033	652.8352	1389.4262	293.9433	1346.4927
MM_RS13515	27.1013	33.673	15.8965	15.8229	5.0514	13.2641	7.3204	6.008
MM_RS13520	42.9448	58.9661	37.9114	21.7592	16.6734	24.2329	10.9581	16.3907
MM_RS13530	72.4977	87.8345	174.5499	128.1507	66.2383	44.3521	109.3221	133.1405
MM_RS13535	120.6146	105.2081	120.9566	107.4541	44.2036	45.6137	81.9979	91.3129
MM_RS13540	10.737	17.5494	8.4499	4.3502	4.7219	6.9079	5.2498	4.9742
MM_RS13545	1228.1355	1840.0211	2642.6078	5151.8612	460.4612	816.7243	991.5174	1709.2551
MM_RS13550	434.3692	684.9341	1506.4773	1231.5107	1137.1694	1882.4787	4115.6415	3113.4389
MM_RS13555	108.7268	167.505	420.741	157.1982	74.9597	105.3145	189.7583	242.0951
MM_RS13560	74.7466	99.4735	201.8707	124.7728	72.3184	103.579	119.9744	256.4744
MM_RS13565	767.4793	1135.9991	1180.6226	1070.934	85.1604	233.0615	181.4525	184.9353
MM_RS13570	750.0328	761.179	1069.2083	404.9137	120.0584	228.7704	242.2981	206.6639
MM_RS13575	556.0102	609.4221	969.4963	639.6805	148.9158	254.8977	363.5941	399.75
MM_RS13580	280.0747	472.9319	639.8906	840.5031	86.9726	152.9152	227.6343	261.476
MM_RS13585	287.3266	268.1306	619.2429	805.2627	87.285	171.0964	184.1245	259.7751
MM_RS13590	1755.5897	2531.0989	5564.1546	7728.436	159.8796	573.1758	567.4085	835.9051
MM_RS13595	282.8605	330.0469	376.3269	69.1381	99.245	169.2111	58.0105	43.658
MM_RS13600	174.5149	201.9533	175.3553	90.9963	35.5933	59.5817	21.4919	53.975
MM_RS13605	22.9501	16.7163	32.9544	21.3021	4.7364	4.2399	12.653	12.4444
MM_RS13610	16.496	13.0711	18.0395	11.4248	4.3055	7.2941	9.3184	9.2036
MM_RS13615	326.5688	392.6874	72.2139	64.3358	19.6965	111.4317	19.2841	38.3339
MM_RS13620	94.3593	137.1097	73.6049	58.3129	21.0985	46.1296	25.6526	23.0453
MM_RS13625	216.2467	353.9855	271.1891	290.2043	22.2458	35.0481	35.8198	41.275
MM_RS13630	41.2593	62.1253	38.9977	15.2179	15.8508	17.0866	16.1196	14.2881
MM_RS13635	70.0251	85.191	15.9433	19.7956	42.2067	48.5625	28.2139	16.4288
MM_RS13640	114.8248	168.5106	51.6759	69.5035	85.1766	118.2194	82.2899	40.5223
MM_RS13645	82.0615	75.6815	62.5834	53.1969	28.9092	42.5497	24.4995	17.3727
MM_RS13650	59.285	66.253	64.7747	35.6506	12.8074	18.3764	13.2572	10.4453
MM_RS13655	14.4286	12.6509	10.8057	4.0623	2.2966	4.1007	2.9583	2.6222
MM_RS13660	98.4066	120.3558	63.101	28.4225	41.7061	53.1061	27.1377	43.624
MM_RS13665	129.3407	129.765	39.4536	22.2072	33.957	63.2946	18.4824	50.8537
MM_RS13670	12.6465	18.532	19.3714	17.2162	4.4493	9.9307	10.7464	17.4632
MM_RS13675	7.0075	9.5003	12.052	10.5995	9.4617	15.0837	12.7914	17.5935
MM_RS13685	110.9938	180.4401	83.1796	40.0174	22.4321	39.3576	31.1943	29.833
MM_RS13690	225.8519	305.4116	262.5639	144.8187	77.7326	88.4484	48.6747	73.9618
MM_RS13695	48.9167	51.3073	54.41	35.4268	30.2062	37.0371	18.8206	40.4871
MM_RS13700	103.0981	111.1626	124.7492	54.692	29.226	28.0144	50.6007	51.8871
MM_RS13705	12.1539	51.3358	0	28.9085	9.8943	11.4176	12.1118	49.4509
MM_RS13710	58.064	116.7107	134.5805	65.8707	9.9304	13.1135	16.5608	21.2595
MM_RS13715	149.0483	215.1755	390.1231	376.0994	16.6056	65.7491	56.9942	48.9593
MM_RS13720	61.1444	94.3856	28.794	21.1399	59.4142	86.613	26.9409	44.8357
MM_RS13725	2.122	5.0769	3.4215	2.7513	0	1.9604	16.0285	1.7759
MM_RS13730	396.8621	641.4642	337.7208	290.9585	70.6438	122.2102	91.4455	68.2053
MM_RS13735	45.109	44.0498	319.876	355.681	8.637	21.6869	93.4381	73.1913
MM_RS13740	33.7216	57.9231	58.8067	19.3022	6.7314	20.879	11.5162	15.0113
MM_RS13745	3.4491	23.5175	35.4063	5.3661	2.4269	3.1863	9.4438	2.5978
MM_RS13755	78824.105	68872.9876	58123.9593	80264.294	51577.2089	98900.5407	50437.1938	51761.7822
MM_RS13760	496.3759	666.7753	1666.6227	1828.1969	85.279	348.7423	205.3751	263.5355
MM_RS13765	163.7238	209.0284	50.2828	31.2162	606.6747	613.9051	102.622	402.9969
MM_RS13775	46.0085	100.9091	75.9418	28.9865	16.7804	23.1327	26.1751	29.9369
MM_RS13780	573.6648	378.2273	269.7125	73.1789	55.3615	92.9098	68.7944	69.5665
MM_RS13785	75.5781	76.5805	17.6563	13.9608	33.8176	52.27	35.4975	20.4671
MM_RS13790	32.3098	90.1836	20.983	20.0723	15.788	22.3864	22.8794	18.0265
MM_RS13795	29.6368	39.2511	7.1516	9.018	4.6105	10.3371	4.5685	5.568
MM_RS13800	110.1765	75.0843	27.0955	30.3005	26.6248	38.5544	11.9786	23.75
MM_RS13805	24.8744	45.716	17.5872	19.5988	18.3535	23.987	17.127	16.3717
MM_RS13810	22.026	33.2387	17.8138	19.1633	9.5166	12.8381	9.8508	11.157
MM_RS13815	8.723	16.8797	11.5827	7.3179	4.2123	10.4287	9.6894	10.3062
MM_RS13820	8.3761	7.3743	10.9257	9.7166	1.551	2.0363	2.5249	8.8546
MM_RS13825	10.7755	9.8252	9.9281	7.6505	1.2035	8.5325	5.3291	9.0179
MM_RS13830	6.0581	4.2949	9.5299	7.0088	2.5359	4.5946	4.2874	9.2293
MM_RS13835	5.0882	6.108	13.6735	10.0953	2.5315	4.9855	7.5701	11.7425
MM_RS13840	1365.824	1267.8998	500.0888	472.2159	467.1806	813.586	364.0334	538.184
MM_RS13845	8.8921	8.5096	11.6611	2.0752	3.337	3.2859	9.7389	7.4417
MM_RS13850	529.7758	594.1275	172.8737	73.5923	133.1339	218.4909	44.6604	229.5995
MM_RS13855	60.1926	115.207	16.8226	14.0473	48.0015	64.5045	18.1862	38.2847
MM_RS13860	48.9157	68.1921	32.098	20.6548	21.0862	27.1143	14.8543	23.3457
MM_RS13865	12.9518	17.4908	6.7826	5.3821	3.8946	6.136	2.822	3.891
MM_RS13870	83.0136	115.9264	100.6811	82.7976	39.9432	53.3158	40.7929	45.9234
MM_RS13875	988.6491	2109.254	859.316	599.5502	74.8021	127.6709	30.1113	97.8635
MM_RS13885	67.7214	70.2008	49.4781	17.0509	12.9554	18.4672	14.9004	28.6162
MM_RS13890	314.6932	236.7972	365.5496	89.9364	35.715	56.2686	57.5076	48.1418
MM_RS13895	522.1778	429.2165	236.3364	53.4482	28.6494	67.7053	2.8832	46.0006
MM_RS13900	7.8282	1.712	9.3322	3.5545	0	0	6.0399	2.2944
MM_RS13905	3.463	23.1287	2.3459	1.8124	0	1.9586	0	2.3783
MM_RS13915	1.2275	4.8393	0.3347	0.7817	0	0.5692	0	0
MM_RS13925	2.3712	2.8033	0	0	0	0	0	0
MM_RS13930	1.3319	2.1908	0.179	0	0	0	0.9432	0
MM_RS13950	2.4196	3.7992	0	0.3921	0	0.2794	0	0
MM_RS13955	4.1142	6.9429	0.6684	0.2687	0.4862	0.383	0	0
MM_RS13965	6.2294	5.4658	1.016	0	1.5295	0.6488	0.6157	0
MM_RS13980	0.5665	0.3388	0.7347	0	1.9931	4.8688	1.0698	10.329
MM_RS13985	6.2185	5.7383	4.8759	0.456	22.2717	10.3967	22.5795	32.9142
MM_RS13990	14.4699	23.1692	8.7128	2.6303	4.0786	3.2011	0.5473	3.8807
MM_RS14000	37.8179	54.2965	61.9978	15.6169	14.4354	24.0424	33.5371	40.1752
MM_RS14005	34.262	26.3942	86.7454	77.2182	6.0083	13.3116	22.0699	35.373
MM_RS14010	34.1724	29.7547	81.6983	95.6758	11.4008	14.696	20.0262	31.3105
MM_RS14015	68.0879	62.9585	40.6612	27.8875	21.5719	25.4898	13.7258	15.6424
MM_RS14020	530.5107	757.7215	659.2162	1440.2835	57.2381	186.2375	96.1709	131.418
MM_RS14025	318.077	345.56	212.7826	127.2271	43.6516	53.1426	102.2358	53.8055
MM_RS14030	54.7047	107.9417	53.3472	61.7856	10.5822	23.4453	15.4419	15.5753
MM_RS14035	895.0506	1338.3627	691.5145	371.2735	334.2684	393.7473	266.6015	202.8704
MM_RS14040	136.7479	191.5027	170.3636	97.9917	57.4545	79.6877	37.5584	49.4109
MM_RS14045	54.2748	80.6614	51.1406	33.8562	21.8145	27.7592	33.7743	41.9117
MM_RS14050	107.6285	152.3934	212.4955	144.5255	15.4556	31.4523	29.0341	56.0661
MM_RS14055	96.4442	88.9089	254.8945	163.1846	27.4979	38.0095	61.4024	75.5299
MM_RS14060	58.8607	70.9529	172.6986	82.1287	26.0273	46.3545	73.3404	98.9245
MM_RS14065	251.2102	404.4343	262.8525	253.1284	71.5787	109.1572	80.5306	67.4516
MM_RS14070	123.4495	196.2944	86.2757	83.481	39.329	87.5736	35.0409	42.6601
MM_RS14075	24.5584	27.4437	25.8433	19.0773	6.6602	16.2167	11.9429	17.2832
MM_RS14080	79.4458	107.2274	45.2965	30.949	17.1395	24.3028	14.7188	16.308
MM_RS14085	32.9166	36.6984	49.9148	12.1934	12.408	16.2906	14.4294	25.5799
MM_RS14090	74.4248	62.8346	121.5586	61.1722	23.5197	39.6254	44.7666	54.9121
MM_RS14095	7439.2412	7512.8392	1666.6069	1200.4442	573.6543	1248.0874	379.372	363.0721
MM_RS14100	191.0795	188.5487	66.6894	53.625	17.0426	16.5233	33.7743	9.3553
MM_RS14105	94.3578	135.7744	72.6307	67.2147	35.3475	85.2174	68.7995	69.7141
MM_RS14110	167.922	435.2272	300.8377	336.9371	28.1328	81.2588	158.5463	80.3042
MM_RS14115	7.993	14.9539	37.8392	0	7.4406	0	8.3865	8.0772
MM_RS14125	43.5908	53.6428	45.8454	23.3713	9.9935	13.3797	12.0686	7.6802
MM_RS14130	21.8809	22.5217	31.1864	31.3257	11.7761	11.8852	8.2954	19.4327
MM_RS14135	14.0863	23.9753	2.9226	21.0709	0	21.1308	0	14.5018
MM_RS14140	52.1953	35.0958	74.2576	22.5573	68.0131	31.5159	14.8165	44.5383
MM_RS14145	70.6653	57.8862	39.2182	10.4565	44.1385	32.6412	36.2608	19.2845
MM_RS14150	63.3927	91.18	34.4969	49.8274	36.2424	64.42	38.9046	29.8422
MM_RS14155	31.0736	41.2341	34.2852	28.9125	4.4668	12.7127	9.9765	11.1052
MM_RS14160	0	5.8733	6.5971	11.1399	2.879	18.1433	9.2714	18.4904
MM_RS14170	76.6153	108.9548	117.0047	50.2721	19.7232	21.579	7.9395	17.9845
MM_RS14175	46.6973	54.5008	35.9184	21.9357	0.9921	7.8151	4.7923	8.4956
MM_RS14180	168.4542	92.685	93.7651	51.8905	397.1582	243.6513	35.8506	131.4034
MM_RS14185	16.4921	17.6199	37.8861	13.186	4.1128	7.7757	8.278	14.088
MM_RS14190	24.5491	30.8348	50.8708	32.5356	4.7983	9.3236	4.8932	10.5007
MM_RS14195	19.0885	13.746	25.2071	4.6378	5.1273	4.7734	10.8828	4.6322
MM_RS14205	113.9027	137.0007	51.2687	10.3063	27.9673	84.4525	3.7527	19.9579
MM_RS14210	14.2737	13.4158	15.7814	11.1036	10.0436	15.8236	28.4936	32.4235
MM_RS14215	39.0042	51.9782	42.581	20.541	13.142	27.8449	12.0399	21.0205
MM_RS14220	5.1417	5.9067	2.7428	0.8822	5.1869	3.7716	3.8547	2.8473
MM_RS14225	5.4583	3.6728	3.3003	2.6538	0.8002	2.5213	1.9326	2.5695
MM_RS14235	13.7482	13.4865	14.136	7.2893	7.6825	10.1529	8.025	8.694
MM_RS14240	42.1907	57.1271	56.0997	59.3176	78.0728	64.7929	105.0182	79.5588
MM_RS14245	11.7094	16.7009	23.2369	5.2551	14.7885	9.9853	39.1199	15.0761
MM_RS14250	44.4296	66.3411	67.2902	25.857	6.4968	24.5657	13.5994	23.1812
MM_RS14255	75.7611	71.2782	21.8477	20.1613	23.3803	27.2582	16.9409	20.0215
MM_RS14260	43.2987	60.4279	18.0999	12.475	16.9261	62.2228	13.627	68.4463
MM_RS14265	31.4559	38.2154	41.5124	17.363	4.7482	6.0421	8.2335	7.8193
MM_RS14275	56.207	46.095	70.9666	20.0919	19.9193	21.1915	22.1541	16.1199
MM_RS14280	55.7592	99.5971	67.2902	26.641	2.2417	7.0634	4.5118	10.3979
MM_RS14285	45.3907	68.6948	97.0962	29.9592	76.8631	73.745	30.1475	165.959
MM_RS14290	114.9801	160.7268	307.6125	99.3822	20.9755	11.8024	60.3113	49.1821
MM_RS14295	121.0966	182.8718	297.2905	62.5347	83.0422	88.1695	207.3521	206.123
MM_RS14305	22.3572	20.0584	27.6371	11.5946	15.7316	6.1962	4.2218	5.6132
MM_RS14310	42.8976	44.6194	65.8431	20.2777	33.2476	39.725	35.0668	40.0958
MM_RS14315	67.2668	62.9418	90.6358	18.2201	43.9486	36.1939	50.6615	39.2031
MM_RS14320	45.2109	29.1215	28.0373	9.0179	8.157	22.4899	0	2.9105
MM_RS14325	211.2971	185.4787	292.9506	145.4675	22.589	48.0447	37.2816	40.2997
MM_RS14330	46.0958	102.3153	56.2056	17.0868	9.0158	12.5363	13.4801	8.272
MM_RS14335	42.7002	25.6454	44.2456	11.1181	8.0454	17.4287	4.8579	12.918
MM_RS14340	33.3868	22.822	30.1204	6.1838	12.5853	19.828	9.0065	2.9937
MM_RS14345	52.7747	69.5687	86.44	59.027	6.9642	9.1433	15.4187	8.2829
MM_RS14350	130.3232	165.095	296.3378	84.4829	23.5132	0	9.4651	0
MM_RS14355	394.5851	275.4669	155.0079	43.4797	104.8773	161.1024	71.7704	43.0343
MM_RS14360	171.9085	156.4553	25.4341	16.9088	44.5728	56.1105	8.4436	14.3448
MM_RS14365	11.494	10.3734	2.6475	2.528	3.1291	8.1533	2.1317	3.9507
MM_RS14370	8.6168	13.4276	5.3368	4.4779	11.645	15.9536	16.7125	8.3101
MM_RS14375	335.7651	647.4606	1203.5776	1420.3368	23.359	126.1781	91.3442	195.2703
MM_RS14385	698.6637	626.5921	223.4997	172.4695	2126.3869	1146.3056	482.3394	1020.6616
MM_RS14390	18.9547	30.1328	12.6002	12.9342	14.0393	23.9621	15.5416	12.106
MM_RS14395	627.9973	269.3095	152.8407	72.9714	222.3336	465.2218	302.0606	302.4479
MM_RS14405	406.9017	413.5671	126.9338	186.3039	543.9317	851.7023	491.6466	157.1688
MM_RS14410	72.2483	68.1769	54.2663	40.7265	24.7345	40.6272	25.8452	46.5685
MM_RS14415	38.7984	29.1655	13.7538	8.3836	10.3264	10.4224	4.6764	10.8233
MM_RS14420	84.1512	80.4122	52.9497	51.8905	6.6193	14.2209	5.8136	7.3002
MM_RS14425	1760.2416	2132.4149	974.8728	770.3797	513.4586	858.477	362.7629	433.7135
MM_RS14430	534.0066	662.1439	697.3715	875.1962	51.8519	99.4866	86.7976	72.9058
MM_RS14435	114.8629	89.5815	146.9273	72.5991	31.6556	79.5848	56.3938	63.4443
MM_RS14440	99.7172	87.4758	148.2767	93.0132	29.2357	59.367	47.0748	44.508
MM_RS14445	51.698	58.898	327.1865	203.8172	5.7741	13.9192	16.6025	54.4499
MM_RS14450	276.1119	224.0453	275.169	144.9323	283.1687	513.2558	464.3968	551.9618
MM_RS14455	5.6589	11.6878	7.0977	7.2268	2.8159	4.9117	2.5909	5.5978
MM_RS14460	36.0524	29.5965	116.8128	37.9972	9.8985	16.678	32.0982	29.8205
MM_RS14465	199.8078	217.3418	551.2362	159.8648	14.8311	15.1881	25.0749	21.5203
MM_RS14470	42.9259	52.9541	39.4129	27.827	8.3902	21.4803	20.2646	20.2074
MM_RS14475	23.649	24.9674	14.2057	6.3126	7.3414	19.2772	1.9702	22.1201
MM_RS14480	107.7249	197.0308	45.8396	38.9862	46.1643	73.7416	43.3754	34.3163
MM_RS14485	84.4209	121.0772	61.5225	30.6116	62.9264	74.0245	70.2506	63.4663
MM_RS14490	135.9634	161.8984	73.4506	43.4389	9.306	17.9197	10.8221	6.6409
MM_RS14495	70.0081	169.003	219.1541	102.8424	44.7524	101.4034	111.328	184.7989
MM_RS14500	43.548	72.5167	259.3235	160.7202	11.607	38.8592	48.1251	40.1723
MM_RS14505	10.9149	6.9124	2.9963	1.6649	1.5059	11.8629	2.4248	6.448
MM_RS14510	21.477	27.4438	11.2309	11.9811	10.4877	19.0018	5.0661	28.939
MM_RS14525	369.4313	434.3306	151.9638	155.5607	41.6013	104.0969	54.1796	63.7407
MM_RS14530	148.674	199.0671	47.5908	41.6397	48.9427	53.9762	25.0126	36.4449
MM_RS14535	55.5467	94.9368	55.4092	88.0209	8.272	17.9197	16.6493	19.9228
MM_RS14540	223.6825	364.2823	253.3898	274.3448	58.8842	146.9887	54.1796	132.6112
MM_RS14545	5.0157	5.6022	6.6407	7.7538	5.2035	8.0948	4.7357	5.8121
MM_RS14550	25.2732	46.4583	38.6581	12.6371	6.7354	9.8923	7.2585	7.3529
MM_RS14555	14.9048	7.1319	1.6021	0	6.9918	5.5078	0	0
MM_RS14560	276.1722	409.6547	886.6304	427.2862	25.9103	102.0538	24.3369	77.042
MM_RS14565	190.1851	309.0335	425.3063	159.2196	41.7217	94.811	58.7821	79.0138
MM_RS14570	192.2584	201.2376	146.4552	116.0895	29.0929	54.4298	21.5926	22.0588
MM_RS14575	16.6033	14.1413	21.0823	8.0117	4.4111	9.4318	8.6248	21.5854
MM_RS14580	38.0709	78.4199	22.0108	14.7912	10.2917	61.0745	16.0191	24.9707
MM_RS14585	64.2216	124.7506	82.1025	38.7945	14.7752	25.4605	8.1781	9.8848
MM_RS14590	120.1521	190.7055	279.202	323.0121	25.7541	65.7602	40.9922	49.2209
MM_RS14595	47.6461	72.9421	50.6931	38.6486	14.6193	38.5544	13.305	24.4938
MM_RS14600	161.0767	193.5534	166.4599	127.2014	24.042	33.8197	24.195	39.8283
MM_RS14605	19.5118	22.6923	16.3128	18.6216	6.3562	12.5177	4.6056	5.4431
MM_RS14610	337.8527	443.2697	189.6976	233.6979	86.3261	123.8004	58.214	72.1344
MM_RS14615	40.628	33.7229	225.9348	93.5245	8.7513	33.7032	163.6153	45.1036
MM_RS14620	85.1026	100.2421	116.4157	108.1203	14.8654	19.9545	165.2422	26.7997
MM_RS14625	79.1809	88.2424	85.4768	157.0596	35.715	41.8889	184.6633	43.6108
MM_RS14630	290.4216	595.2753	263.7106	340.0589	21.0408	36.3925	168.2929	42.7604
MM_RS14635	251.529	340.34	171.8629	449.6819	35.715	35.4284	210.8613	45.3099
MM_RS14640	254.6855	409.1108	205.8625	660.0726	33.1815	46.396	115.5387	47.6538
MM_RS14645	607.0503	1545.4391	97.54	169.0257	196.669	314.0948	309.6237	107.663
MM_RS14650	40.8252	90.0908	31.8051	36.4595	22.3684	79.0667	34.1701	44.613
MM_RS14655	11.9618	8.1085	4.286	4.1356	12.1577	19.8911	9.0352	23.3584
MM_RS14665	5.4043	11.3135	5.3251	8.7585	9.5069	34.9486	14.4574	23.368
MM_RS14675	807.8978	977.6373	1119.8072	932.5985	37.3996	99.2958	45.7228	114.664
MM_RS14680	11.2395	14.597	8.3031	3.5428	9.6138	9.4091	3.7527	11.2263
MM_RS14685	20.7248	28.6571	41.3142	36.1052	4.8583	9.3611	13.9071	19.2609
MM_RS14690	71.8925	153.8644	118.0208	26.3143	43.0161	83.5848	72.9578	70.3985
MM_RS14695	111.8364	182.1631	37.8035	41.949	14.0229	47.4349	12.6179	16.4821
MM_RS14700	462.2539	500.6702	366.7977	248.2606	57.5797	107.7256	27.8141	61.6348
MM_RS14705	6802.5113	6422.6624	1556.0866	830.897	414.7897	725.787	362.0184	377.2051
MM_RS14715	580.9645	715.6516	792.924	584.1958	159.2253	245.0596	250.1438	236.6517
MM_RS14720	31.554	17.3022	0	0	0	0	9.2599	44.0561
MM_RS14730	36.8848	41.3549	27.2234	14.6496	37.7732	53.7522	35.8064	44.5638
MM_RS14735	18.0655	20.3318	20.2275	11.8734	9.7101	15.2981	13.9767	16.3783
MM_RS14740	10.3328	19.9788	21.4399	5.4523	4.2273	10.2121	7.4874	7.6422
MM_RS14745	43.7594	55.2546	47.0378	24.4274	4.2765	8.9836	2.2953	5.0864
MM_RS14750	65.0934	64.0257	48.6478	17.346	14.3342	30.518	29.9424	40.3635
MM_RS14755	12.3516	9.4025	19.0102	10.5547	3.9505	4.668	28.0948	9.3972
MM_RS14760	264.6739	573.8017	404.5932	160.2695	78.0606	219.6138	103.2468	273.2217
MM_RS14765	41.9376	46.9308	27.311	10.3189	11.8468	14.7054	11.5609	9.9912
MM_RS14770	18.7876	41.9505	34.8227	14.2036	4.7719	7.229	4.7284	9.6921
MM_RS14775	657.0447	631.5638	312.2963	153.5679	36.6926	33.0337	37.9812	26.1845
MM_RS14780	91.6101	142.4634	167.8161	158.8981	8.0576	24.6842	15.8575	13.4168
MM_RS14785	30.592	34.901	74.9023	21.6677	9.3013	15.7009	13.9071	31.2915
MM_RS14790	127.7966	112.3751	51.8531	25.3035	95.0065	136.0744	43.8073	45.3016
MM_RS14795	25.7108	72.2101	91.3225	16.6672	19.6645	18.5887	9.499	10.2908
MM_RS14800	8.3578	20.1234	74.2978	8.9939	4.7048	9.5743	7.1021	10.7717
MM_RS14805	83.75	177.9368	37.6578	39.4641	16.1646	68.9735	5.4225	12.4966
MM_RS14810	107.3219	222.5142	35.5677	15.073	25.1705	74.355	5.0661	10.4779
MM_RS14815	56.569	77.3724	96.1289	30.1999	25.3657	40.3477	27.4907	24.0192
MM_RS14820	34.8119	26.6662	28.5573	22.9629	4.2974	12.4126	11.5327	15.3335
MM_RS14825	6.3907	8.2719	11.0849	12.2402	3.7474	4.0254	12.3421	12.6416
MM_RS14830	23.1349	47.2969	11.7026	23.8193	38.303	158.4084	29.5525	92.2512
MM_RS14835	31.5677	72.7741	36.2332	14.2207	6.2747	14.3343	11.6189	9.851
MM_RS14840	254.5348	2046.5044	127.8764	100.0844	19.574	169.6131	66.9753	24.4447
MM_RS14845	22.8582	64.012	24.8499	19.8696	11.5757	18.7173	11.772	3.0434
MM_RS14855	62.8689	89.2772	70.7558	130.2774	6.3016	29.2881	13.1908	9.8933
MM_RS14860	19.83	7.6605	36.6329	1.6588	3.7444	1.3935	1.899	1.6832
MM_RS14865	23.0269	20.5665	19.4397	9.0385	5.6729	7.0975	3.2239	12.6211
MM_RS14870	8.5871	7.3482	8.9551	11.9038	1.6314	2.8273	0.7881	10.0122
MM_RS14880	179.3237	272.4161	378.858	419.3375	42.0602	79.2173	75.4205	40.9294
MM_RS14885	5.0757	5.0598	3.6373	2.1936	1.9842	9.3781	0	1.4159
MM_RS14890	220.4789	287.764	77.024	79.1203	47.0958	95.2949	32.7122	48.1062
MM_RS14895	101.5139	101.87	44.2539	31.4412	23.81	33.3444	18.1042	47.1978
MM_RS14900	256.363	379.7718	153.8062	104.3513	52.4386	68.8472	39.4034	47.4001
MM_RS14905	63.9914	199.6922	209.3474	82.9657	6.5257	15.4218	26.2689	16.299
MM_RS14910	18.8355	16.2479	17.6333	11.0009	6.6338	13.2386	7.8332	8.8368
MM_RS14915	60.3485	70.4933	44.5374	21.0204	22.1827	35.7807	19.5599	34.6751
MM_RS14925	18.5208	79.7587	38.6222	109.4968	1.7376	2.7376	3.4973	3.72
MM_RS14930	68.0778	160.0674	39.7433	21.0514	21.5654	102.2897	34.3548	37.3276
MM_RS14935	32.7706	30.1649	17.3871	11.1666	13.7959	22.1235	25.3874	21.7997
MM_RS14940	60.2257	65.7875	44.8602	41.4372	17.3468	34.6502	34.4156	32.2738
MM_RS14945	84.6576	123.0025	88.6795	89.0712	17.7148	35.6919	30.1696	30.8746
MM_RS14955	16.4738	12.8092	7.9686	1.0679	13.5236	6.0875	6.2216	4.136
MM_RS14960	1.9462	3.9292	3.5617	0.6538	1.1827	2.2627	0.5441	1.3263
MM_RS14965	24.9609	19.6691	33.2192	7.9621	6.505	5.1243	2.2445	5.6369
MM_RS14970	16.881	13.0438	9.0728	4.1037	11.5483	14.2955	9.9615	6.4751
MM_RS14975	29.1464	50.4902	14.7555	10.5622	8.5482	12.6778	4.0483	8.9708
MM_RS14980	159.7954	139.4233	40.7283	27.766	43.4689	66.202	3.8885	24.1268
MM_RS14985	118.1213	144.332	73.9214	36.9753	52.4217	78.2923	36.8571	55.1826
MM_RS14990	7109.403	12218.1475	17181.84	1497.8337	1160.3036	1893.7265	1465.5532	317.3224
MM_RS14995	30.9902	37.4423	63.959	27.3219	5.815	21.7584	11.704	22.3045
MM_RS15000	25.4855	33.7975	121.4696	58.1781	10.3949	9.2121	5.2305	20.3995
MM_RS15010	46.8331	80.8604	138.6078	156.657	6.9569	12.9797	15.9186	29.7876
MM_RS15015	77.9174	149.7692	103.2279	94.5452	21.868	39.99	50.9309	80.8137
MM_RS15020	234.2792	389.2555	272.8171	80.1552	76.3193	168.3366	61.444	27.2314
MM_RS15025	97.7175	116.893	65.649	53.4482	8.9529	22.5684	4.3248	8.9446
MM_RS15030	18.5121	19.6757	25.6593	12.948	1.7139	2.7003	11.0391	3.2616
MM_RS15040	16.7933	29.8581	5.6776	2.2827	0	0.7229	0.3694	1.6372
MM_RS15045	97.7757	83.7994	35.5677	34.0108	65.0239	93.0814	74.8664	42.4106
MM_RS15050	630.5237	662.4259	292.8533	316.0562	146.365	259.0565	44.6898	54.8686
MM_RS15065	9.1509	14.4779	12.6602	4.0446	2.9268	2.6898	0.7854	9.7469
MM_RS15080	0	19.7153	12.639	0	0	0	0	0
MM_RS15085	70.2307	74.4132	38.9934	20.4903	51.1332	47.1695	24.9029	51.7483
MM_RS15090	14.5392	36.5582	19.2071	9.865	9.7345	17.2536	11.1026	17.3667
MM_RS15095	474.883	320.0271	49.5331	40.0174	42.8249	67.4775	10.6717	10.1869
MM_RS15100	65.322	81.9937	38.5655	31.4383	18.281	22.6298	14.2506	17.6012
MM_RS15105	308.1259	407.252	458.7611	422.2452	37.5075	107.7362	81.0163	73.4434
MM_RS15110	37.5414	70.8258	40.6324	21.6928	13.0813	14.0729	15.4827	14.7441
MM_RS15115	112.9925	204.9671	88.7918	104.8273	24.3917	50.6552	33.562	35.1539
MM_RS15120	13.6774	30.2055	20.3567	8.8664	6.1693	15.5514	8.9403	13.2075
MM_RS15125	26.8287	67.6193	50.2492	15.8108	26.696	21.7807	9.2112	22.4527
MM_RS15130	117.8479	116.9061	147.1671	164.6598	27.4643	26.6275	33.1669	44.4746
MM_RS15140	159.2368	275.3079	116.8135	63.5713	29.1271	61.9839	25.4555	35.5268
MM_RS15145	27.1842	33.9371	9.7935	7.7003	10.1444	12.0942	9.2249	10.2543
MM_RS15150	1313.1062	3698.0984	437.0597	192.7832	55.9346	129.5181	115.4012	12.4737
MM_RS15155	279.6145	655.2401	163.7396	224.5485	44.0485	107.9524	49.2542	41.9117
MM_RS15160	131.9421	232.1422	243.7977	224.1323	16.9417	27.5812	13.6396	26.5978
MM_RS15165	12.5201	12.0209	2.8443	2.563	11.5917	22.5239	8.0881	8.272
MM_RS15170	37.5141	51.2613	31.5936	20.8911	20.8061	16.4937	15.9027	14.4717
MM_RS15175	25.255	32.7821	17.6168	10.4501	14.4938	14.3959	18.7716	14.84
MM_RS15180	2350.5107	3846.7288	1007.9558	914.2408	287.3848	406.5709	217.2054	179.9707
MM_RS15185	5.3941	8.3922	29.7295	12.2443	2.5318	7.979	10.4455	12.1962
MM_RS15190	14.1736	31.0842	45.7066	20.6734	5.5407	21.8233	39.0316	43.4932
MM_RS15210	558.1504	623.6193	288.1695	950.5596	164.2485	239.1681	130.2315	155.0969
MM_RS15215	292.1346	222.1576	87.4773	40.5811	198.2181	370.1225	98.5084	186.8562
MM_RS15225	46.7703	77.9607	150.6296	47.811	20.6741	50.852	45.9382	51.1852
MM_RS15230	43.0665	76.5753	33.5625	43.0682	15.8733	34.3864	20.9119	19.0508
MM_RS15235	39.723	65.524	13.458	10.1453	3.6707	17.3495	0	6.5487
MM_RS15240	17.4759	28.085	33.9255	25.5322	4.2825	13.2531	11.0822	12.6608
MM_RS15245	78.7344	61.7659	97.7991	51.8768	22.7054	9.5392	35.3412	19.4436
MM_RS15250	79.7981	118.4987	31.7965	31.2162	8.0675	25.4205	12.9901	4.6057
MM_RS15255	64.0987	63.576	67.4896	54.5472	14.7067	27.2769	12.4432	21.2104
MM_RS15260	12.1045	16.2591	10.2923	9.0608	4.8731	5.8416	4.9467	8.1646
MM_RS15265	129.9251	104.3241	72.3687	35.7317	60.0241	57.4679	10.4084	30.9725
MM_RS15270	80.5889	85.2135	77.3451	56.9068	27.0029	41.2133	29.8922	49.3787
MM_RS15275	80043.3857	110360.7262	24641.0496	181817.4799	62932.3558	155371.5972	34636.6429	107243.8549
MM_RS15280	197.0979	259.1218	116.592	116.5199	12.3568	54.9687	33.9415	24.898
MM_RS15285	658.7474	829.4908	224.6459	147.3404	239.4429	544.5071	203.6851	236.9622
MM_RS15290	9.6308	14.3061	15.707	5.1668	1.1684	6.7496	0.9407	5.0027
MM_RS15295	6.1073	6.2621	10.7852	3.6763	0.5116	1.209	2.4713	2.1905
MM_RS15300	6.218	8.9469	21.4967	2.8325	2.5621	2.7945	5.5535	4.7819
MM_RS15305	12.6189	8.2338	3.0618	3.5006	5.3946	6.6578	11.2677	6.5278
MM_RS15310	87.1396	134.7881	77.2955	103.2382	12.9209	16.6555	16.0766	12.5735
MM_RS15315	613.5205	679.5375	988.168	918.9674	204.6136	256.5546	487.1521	731.667
MM_RS15320	36344.4146	79451.6481	72838.5249	65703.9732	140470.6096	245434.7014	129769.3165	164183.8184
MM_RS15325	1153.6335	1170.5173	892.3967	541.0807	693.938	837.1818	790.8819	644.891
MM_RS15330	1865.6932	2609.9118	1645.8529	433.7516	349.0178	783.0972	437.9587	458.6237
MM_RS15335	515.546	725.3107	428.0941	140.681	132.8446	158.6239	78.8067	46.9012
MM_RS15340	37.8798	70.9497	48.3185	60.0217	8.7321	25.2217	7.8112	22.3867
MM_RS15345	57.8405	286.3756	340.4094	62.7472	12.3385	25.7569	27.8141	22.8929
MM_RS15350	456.6612	686.3257	333.8877	347.0646	34.9591	78.7612	55.1647	102.7834
MM_RS15355	159.1491	129.9843	99.5717	79.898	69.7278	92.5782	47.8631	78.0715
MM_RS15360	399.2356	357.4679	131.089	109.4923	184.9204	330.0768	113.7493	152.2264
MM_RS15365	44.7561	49.083	44.9283	31.5877	96.3159	49.6135	86.5036	188.1749
MM_RS15375	119.5096	134.4345	30.5865	25.8243	38.7093	45.7396	30.6272	26.6711
MM_RS15380	206.8058	277.9159	95.171	61.6293	93.2146	200.1311	62.7838	86.9537
MM_RS15400	23.6864	30.0351	147.0035	29.3999	6.9383	30.0682	17.9307	12.2649
MM_RS15405	92.4136	100.7907	197.7277	330.2469	18.0367	76.1385	55.1911	148.6737
MM_RS15415	8.9843	12.3074	24.6108	9.9574	8.497	6.9612	7.3881	6.5487
MM_RS15420	33.1458	27.8981	16.4613	18.4804	12.1297	21.3845	10.4966	23.7142
MM_RS15425	69.5011	75.1794	23.3132	15.3377	27.7471	48.7243	20.0119	22.2759
MM_RS15435	79.91	90.3303	191.3337	181.7098	23.574	69.9253	60.3352	66.149
MM_RS15440	143.5226	149.7975	229.7826	148.9622	112.807	256.0108	273.9015	499.6179
MM_RS15450	1158.7393	928.3213	977.0149	186.0673	660.7518	864.2337	60.2526	266.9005
MM_RS15455	89.868	115.3516	82.0974	105.7687	20.8216	39.0257	21.9657	30.9982
MM_RS15460	61.232	127.8768	82.4075	31.1307	10.0567	19.33	7.4489	9.7603
MM_RS15465	60.7558	73.5474	48.465	30.9189	13.1097	7.5732	9.1472	6.8605
MM_RS15470	28.7759	34.122	19.2645	10.7998	4.7364	8.8613	2.8599	7.6049
MM_RS15475	9.0898	8.6918	26.7658	21.1467	2.633	3.8105	22.445	19.8948
MM_RS15485	11.8803	14.1907	63.1972	54.7005	4.287	8.724	20.7083	29.5727
MM_RS15490	30.3885	33.2017	66.4192	52.7948	10.4538	15.7212	21.8057	34.9264
MM_RS15500	43.7001	47.4081	63.3439	77.8668	12.3645	24.5241	31.4634	34.1911
MM_RS15505	35.4528	44.1614	34.5383	10.7737	6.4968	13.3064	2.0922	12.9815
MM_RS15510	55.8601	120.8558	85.3281	6.2375	56.4203	40.0004	13.627	16.1131
MM_RS15515	162.1989	171.8532	201.7487	45.0628	27.174	29.9686	21.8775	15.5135
MM_RS15520	81.0369	133.3995	225.7682	38.3055	10.2917	16.755	32.0383	22.033
MM_RS15525	172.6276	1897.2462	568.2796	303.0815	50.612	671.1345	156.1979	78.2548
MM_RS15540	63.4276	65.7384	33.2005	13.5866	37.5156	58.5959	16.1432	30.4644
MM_RS15550	63.2003	76.5139	28.163	27.2269	19.2331	21.4328	10.9524	5.3561
MM_RS15555	21.8801	31.327	11.3331	4.2717	0.7728	3.3481	0.6222	4.4118
MM_RS15560	478.1965	569.9559	342.0587	94.6891	53.0213	83.5346	11.4926	50.9343
MM_RS15565	118.3214	106.1551	112.3969	74.9189	11.2945	21.6074	38.9704	18.4227
MM_RS15570	7.2243	6.5042	1.294	0.7804	0	0	0	1.0075
MM_RS15575	22.823	37.53	53.2714	30.0131	3.8237	6.6265	2.4627	6.5503
MM_RS15580	80.6494	116.7912	134.9834	43.7401	15.8258	59.5631	63.706	58.9775
MM_RS15585	111.7359	146.2731	133.6979	54.2554	19.768	29.2124	22.9729	22.3608
MM_RS15590	33.5695	76.1086	75.4638	27.1973	10.483	21.0793	31.576	27.6687
MM_RS15595	72.4301	68.0769	26.1375	6.0369	20.6288	23.8974	16.608	28.5761
MM_RS15610	81.0018	117.0331	50.8239	38.1939	27.6382	70.4866	30.0393	38.7067
MM_RS15615	59.8433	88.9281	37.768	35.8084	15.2584	36.2556	16.3118	28.7384
MM_RS15620	2441.44	1576.4821	2342.8461	1336.2421	435.9174	718.0015	1164.5268	1364.5027
MM_RS15625	721.3737	1558.9386	467.7383	427.2087	39.6289	77.7315	31.9048	77.7696
MM_RS15630	83.366	86.1263	81.4652	44.2166	0	0	21.4667	6.3426
MM_RS15640	52.0636	90.3323	457.7068	114.1131	4.3612	13.0413	66.7126	65.3573
MM_RS15645	18697.9136	22670.7809	29053.5209	28858.9413	39637.6462	44187.3253	24378.5815	51201.3655
MM_RS15650	11.4162	12.5461	5.9892	5.9491	3.8437	9.0835	4.9512	9.8745
MM_RS15655	24.7315	17.5674	13.015	8.35	7.2508	7.6157	5.353	8.6238
MM_RS15660	25.1726	54.2814	43.08	21.042	7.7687	11.6275	8.7563	10.5334
MM_RS15665	109.0883	161.3454	173.2391	142.2155	17.398	38.416	28.4383	39.3157
MM_RS15670	146.8699	138.3334	47.9831	28.0946	48.0015	48.9345	25.006	42.3147
MM_RS15675	18275.1103	29986.8883	19385.7906	20576.3083	110967.1477	280013.2249	93084.7783	160187.3957
MM_RS15680	58.6525	82.2459	105.1789	59.9576	21.1644	26.0503	53.2478	69.8528
MM_RS15685	86.7618	90.9316	77.5215	89.7055	28.7646	40.2454	62.5615	92.8307
MM_RS15690	62.619	64.3099	229.9891	180.5681	23.6956	29.3325	110.7155	240.358
MM_RS15695	63.8019	53.385	196.4565	215.8103	24.7526	27.4756	234.6086	267.769
MM_RS15700	23.1262	28.7635	139.2951	206.7824	10.2873	14.7342	50.0699	120.4627
MM_RS15705	39.1107	83.8454	65.1758	55.9583	27.9544	46.6074	81.7201	55.5853
MM_RS15710	256.7006	307.719	174.163	138.794	77.7326	119.5511	78.4756	82.7668
MM_RS15715	95.9751	182.6759	192.3884	259.3913	33.0046	57.3316	75.6272	109.0066
MM_RS15720	155.5191	166.519	94.0829	94.8109	46.3384	87.6494	26.6786	82.8621
MM_RS15725	85.2459	102.7985	126.6214	157.6698	36.3123	44.3583	42.7929	97.6437
MM_RS15730	140.94	184.923	224.5571	241.1674	45.307	64.1105	88.4887	97.5943
MM_RS15735	87.2805	79.2867	199.6493	123.3329	32.0903	49.604	129.4218	114.9331
MM_RS15740	675.7497	994.5491	647.9563	452.255	120.3098	307.6291	159.7859	393.6192
MM_RS15745	218.199	328.8717	1518.7341	2119.9161	52.1812	96.777	231.5	416.9921
MM_RS15750	72.6468	82.8727	112.9811	76.9036	19.4865	34.2706	27.3638	41.7176
MM_RS15755	7.4696	9.6668	11.5667	4.7118	2.3183	9.5371	1.2443	8.4559
MM_RS15760	17.2023	21.0999	26.3284	7.8311	4.8239	3.3226	7.6125	8.8662
MM_RS15765	70.4253	105.7901	76.1688	52.4172	21.4124	33.7351	13.9554	27.6501
MM_RS15770	105.1066	124.963	74.7669	44.0881	23.565	57.1177	13.1345	28.4585
MM_RS15780	33.8889	19.7065	19.7525	18.3072	6.6238	19.1323	1.7776	5.5147
MM_RS15785	123.2237	187.6056	52.0614	39.7267	29.3656	44.439	24.2642	22.6102
MM_RS15790	169.915	103.4248	101.622	79.5057	59.9299	84.9771	149.572	111.1942
MM_RS15795	4.8622	15.9948	21.559	4.7279	17.1062	14.5983	13.7721	24.4146
MM_RS15800	81.3127	75.741	137.6743	18.991	0	32.8178	39.8287	46.9603
MM_RS15805	90.3507	337.092	119.004	60.7035	71.1482	135.3142	125.507	248.7193
MM_RS15810	41.195	39.1453	35.2097	17.2797	26.5238	26.8637	29.7432	41.9117
MM_RS15815	11.3467	7.6805	45.7229	8.3243	0	2.9657	1.5155	4.03
MM_RS15820	8.5106	9.3757	53.0962	25.4607	4.4078	7.2985	18.6124	19.835
MM_RS15825	95.1938	52.8397	673.1804	163.3304	24.2691	27.7209	93.2981	93.9549
MM_RS15830	75.2255	49.3987	424.3808	139.118	20.3585	28.6728	77.4823	109.1817
MM_RS15835	102.4368	61.2692	500.3946	216.1863	65.4053	93.5821	227.8231	401.9711
MM_RS15840	64.4558	43.8979	245.1287	145.732	48.8222	52.4188	175.5682	233.3015
MM_RS15845	195.6258	149.7692	79.9072	49.0354	33.6481	36.1448	73.8813	65.487
MM_RS15855	56.6946	76.2975	26.239	18.8868	18.469	29.8251	20.8169	32.9494
MM_RS15870	4.4741	6.3951	5.3758	1.7887	2.4269	1.5932	0	0.5773
MM_RS15875	6.7412	7.747	10.9654	2.6626	3.0884	5.3436	3.8757	7.6515
MM_RS15880	9.1972	10.8245	17.0617	4.0389	4.1752	5.4817	4.762	6.9522
MM_RS15885	6.4205	23.0424	26.7436	2.0811	1.8824	10.38	12.1241	8.0599
MM_RS15895	54.5627	82.9871	82.8073	100.2379	15.3014	25.3895	21.4927	20.677
MM_RS15900	148.1482	147.1626	206.4592	201.455	60.7411	127.5962	48.9022	79.4676
MM_RS15905	214.4405	319.3354	244.4426	430.0659	32.0659	42.5428	41.4415	37.3351
MM_RS15910	120.5722	140.9799	48.0193	46.4872	23.4374	51.5869	28.8588	41.8133
MM_RS15920	2.8308	4.3772	4.0186	1.7532	0.9328	0.8818	1.6522	1.5976
MM_RS15935	2.7141	4.0936	5.0737	3.3658	2.0758	5.9957	2.6739	4.6415
MM_RS15940	12.4623	19.5525	9.7909	6.5488	18.8391	30.1398	9.6945	29.6597
MM_RS15945	16.2598	25.2857	26.5083	44.2702	1.9069	13.0184	9.2112	17.2364
MM_RS15950	63.256	68.8844	100.2295	73.7837	14.3748	33.971	9.9197	24.1798
MM_RS15955	119.791	188.8253	74.8314	46.1784	49.9975	179.4775	60.1241	135.942
MM_RS15960	4.7669	4.7799	6.4804	3.5446	2.9596	4.4038	4.6331	5.3974
MM_RS15965	15.9652	18.0922	10.3871	6.2642	0.9854	4.2694	0.3967	0.7032
MM_RS15970	6.5039	0.6484	1.4565	0.3514	3.8137	2.0028	2.5587	0.9072
MM_RS15975	10.338	10.1348	6.0713	1.2205	1.104	3.4786	4.444	7.8781
MM_RS15980	4.441	5.7211	5.5546	4.0415	1.6025	4.8127	2.6609	3.5736
MM_RS15985	35.3389	67.1473	26.5905	16.3633	11.841	24.252	2.8599	10.1399
MM_RS15990	83.077	161.6667	96.2187	25.0313	28.8167	47.5625	32.0383	20.5641
MM_RS15995	83.8293	96.0343	200.0276	83.4711	21.5125	41.9547	43.5511	43.9685
MM_RS16000	80.9377	62.0249	210.7068	169.7026	13.348	19.8614	45.3736	52.9188
MM_RS16005	69.5566	88.3516	29.8864	38.7013	9.2018	23.3217	9.3409	8.2796
MM_RS16010	138.7765	258.0432	119.1767	71.3835	229.9719	294.0355	78.332	212.0832
MM_RS16015	75.5275	103.4219	44.4225	34.5764	82.8445	74.0997	70.7338	73.2601
MM_RS16020	118.0911	131.8588	137.5388	87.3776	8.2926	28.0512	8.2472	16.709
MM_RS16025	40.763	41.3274	12.9103	7.7859	16.6462	24.8811	12.0272	14.0112
MM_RS16030	138.5197	187.8743	186.1219	96.7038	28.116	51.6793	40.2417	69.1097
MM_RS16040	1668.3312	3240.2621	1038.632	1634.2775	195.6526	449.5297	144.3917	232.7019
MM_RS16045	36.4055	89.1306	21.8549	9.018	8.7846	12.8139	9.0931	9.851
MM_RS16050	55.1677	59.5063	15.0184	16.4677	5.9582	17.7686	5.8248	10.0224
MM_RS16055	108.0161	194.4715	124.7791	97.9856	40.7171	71.9251	86.7536	93.6262
MM_RS16060	9.9415	8.176	7.5138	3.6251	6.9224	6.6011	4.3999	3.64
MM_RS16070	27.0097	28.8611	24.7735	27.4578	0	2.3018	1.7643	3.1277
MM_RS16075	69.7839	99.3931	50.7435	18.6274	31.2913	46.7709	24.5464	42.9423
MM_RS16080	12.6885	14.5089	20.1211	8.5538	6.8376	5.9533	9.2714	11.5565
MM_RS16090	2084.3571	3374.2432	71.2778	139.7792	113.6559	473.791	24.5177	16.6871
MM_RS16095	171.6232	670.0698	42.3399	23.7103	87.437	219.6303	35.8615	40.028
MM_RS16100	217.9721	310.8324	59.1272	44.1735	48.6218	89.876	37.5947	22.6735
MM_RS16105	93.7436	87.4281	96.0187	31.6276	18.5113	44.7411	24.0485	26.42
MM_RS16110	1123.5946	3594.4599	186.3422	424.5402	4295.6659	6913.1047	1270.0008	1657.6606
MM_RS16115	183.7018	2404.7566	50.0095	61.2663	53.7037	360.4914	35.877	35.47
MM_RS16125	143.8254	274.3705	55.9825	48.5184	48.9427	84.1187	30.2852	31.4626
MM_RS16130	61.646	61.1619	39.6726	35.0305	31.4632	58.0074	31.7982	58.2814
MM_RS16135	119.7273	151.7739	99.6484	125.513	24.8725	31.602	29.714	33.2087
MM_RS16140	91.3626	87.4445	137.8132	104.9258	52.9111	90.655	71.352	177.928
MM_RS16145	21.291	42.9717	37.1942	14.3832	5.5758	23.4255	14.9633	26.0843
MM_RS16150	632.8482	3339.8588	733.6145	900.9372	822.2068	3393.207	550.65	1313.6775
MM_RS16155	509.6398	3262.3248	725.9429	2378.5271	32.8204	552.4622	127.945	151.6217
MM_RS16160	55.0244	164.1379	54.0036	40.9233	15.8986	64.8304	23.3408	44.7147
MM_RS16165	33.3868	51.0034	38.1311	16.7735	6.852	13.8796	3.9403	8.3823
MM_RS16170	259.4362	372.8789	415.5345	171.5282	381.4506	401.8404	537.4294	465.5653
MM_RS16175	663.8747	782.4178	674.091	258.7329	256.0349	353.164	351.2649	250.2023
MM_RS16180	153.6775	161.0753	74.547	107.4204	15.8344	38.5544	17.6156	17.8741
MM_RS16185	26.2044	42.4491	55.9448	46.0076	8.1097	11.0956	26.1162	18.2754
MM_RS16190	39.1653	35.5237	28.6258	12.4865	19.2006	29.6572	17.2769	20.4185
MM_RS16195	1692.0164	1015.8852	804.4608	202.4975	175.5344	384.7694	92.166	217.8513
MM_RS16200	32.7073	45.3144	53.6663	31.2931	10.0815	12.218	12.9032	14.5732
MM_RS16205	86.8615	111.3286	96.7037	52.2865	116.4187	223.539	480.3542	659.4349
MM_RS16210	32.2286	38.8957	30.4284	20.343	4.9322	8.3684	4.2763	2.9782
MM_RS16215	187.2919	211.2689	30.0891	33.6526	9.5498	23.5088	0	6.8149
MM_RS16220	695.5585	653.16	2339.4571	421.1411	243.0822	418.9581	161.5538	344.6071
MM_RS16225	420.0267	211.19	291.4407	86.0579	121.6352	102.0193	30.8994	38.4846
MM_RS16230	87.9217	113.2011	30.6208	23.7103	9.0737	19.9903	1.9923	8.8297
MM_RS16235	65.8105	180.491	87.1322	23.9324	20.7065	68.2117	30.3103	41.643
MM_RS16240	44.7893	53.3684	175.3337	54.1843	5.7904	9.1227	11.3215	10.6255
MM_RS16245	50.0837	42.4926	38.1833	27.5574	7.5121	9.1455	11.5461	10.7216
MM_RS16250	135.2475	186.3249	113.8119	47.0941	10.8762	46.4081	10.9454	10.9953
MM_RS16255	38.5891	44.2286	28.7009	12.218	17.3668	30.2631	23.3031	29.6687
MM_RS16260	8.517	2.0682	4.9717	0.6228	0	1.5736	2.4125	2.1433
MM_RS16265	203.0812	173.3549	153.125	47.9304	65.8993	84.6983	39.0931	70.1278
MM_RS16270	239.9677	107.6466	364.4888	289.14	27.5303	33.7351	91.1203	157.1688
MM_RS16275	26.2244	36.4303	33.1905	18.097	9.9208	9.3781	9.5846	4.2478
MM_RS16280	84.5104	172.2345	373.4608	105.5107	3.6707	28.9158	17.7315	39.2922
MM_RS16285	28.6263	84.7063	113.1085	23.8592	5.5337	22.6677	15.4445	22.6407
MM_RS16290	61.8377	89.8101	64.751	26.3394	32.136	51.0664	41.9311	59.309
MM_RS16295	14.4116	105.5926	52.2831	18.1009	7.3942	26.6275	16.1582	15.0761
MM_RS16300	32.8651	51.5314	85.795	27.3922	9.1768	35.4219	16.2539	24.8851
MM_RS16305	121.1124	115.0936	87.8893	58.3042	19.7769	21.2443	22.1945	30.3646
MM_RS16310	22.3799	31.2557	68.2162	71.1099	18.1851	21.2226	21.6899	38.9317
MM_RS16315	49.5128	51.6074	125.2067	61.7918	9.4964	10.3579	36.4628	37.0116
MM_RS16320	104.7275	176.1436	18.198	5.1045	14.7752	48.0112	15.6127	15.8157
MM_RS16325	94.9101	94.2096	40.6997	17.1848	5.9205	14.9243	7.6265	11.8299
MM_RS16330	2159.7093	3323.7234	1242.2812	822.5467	513.8987	567.1949	186.4082	274.0379
MM_RS16335	130.1356	96.7013	46.0965	21.7284	60.1186	62.8407	42.8163	27.2261
MM_RS16340	67.8631	64.0957	47.1925	55.3052	18.3535	31.7311	28.2449	25.0357
MM_RS16350	220.4116	535.5854	122.5021	105.5424	171.8405	70.1901	87.1076	131.712
MM_RS16355	108.2616	117.0556	90.0502	92.1429	23.7516	57.4914	31.6386	30.8174
MM_RS16360	2.8455	1.7019	1.5293	5.5338	10.011	10.5148	10.7464	4.7627
MM_RS16365	31.5218	83.973	28.1179	39.3772	58.65	73.922	0	46.3906
MM_RS16370	27.0706	32.9946	17.1931	17.3292	1.9842	7.9714	3.1949	5.2421
MM_RS16375	73.4509	80.6428	74.0932	39.0648	12.908	22.37	18.9656	10.8233
MM_RS16380	116.8139	144.3947	101.7403	39.9985	29.5061	48.1469	17.5336	19.0508
MM_RS16385	688.1742	683.261	434.4495	229.0328	104.5899	181.8132	77.7272	106.2145
MM_RS16390	0	60.6339	9.0808	5.4764	9.9072	15.6087	0	28.2798
MM_RS16395	41.7748	63.7938	30.2943	14.6313	8.4901	31.8664	4.0208	17.4632
MM_RS16405	24.077	13.4408	12.0777	1.0405	7.5297	8.8972	7.5776	12.0899
MM_RS16410	11.771	19.2012	6.3264	6.2432	5.0198	11.8629	3.031	17.0154
MM_RS16415	83.7808	61.9346	40.4753	29.2916	64.0303	135.6652	42.6623	116.5964
MM_RS16420	2117.6776	1762.997	844.0118	919.4507	983.7489	968.2668	697.4396	660.1089
MM_RS16425	22.5208	25.9786	38.5858	9.8978	4.4765	8.1105	7.2079	4.1528
MM_RS16430	3.1432	5.7128	3.8848	1.6734	0.3027	2.6233	0.4875	2.3764
MM_RS16440	0	12.0739	9.6021	39.8127	0	0	0	8.7388
MM_RS16450	60.575	101.4467	36.8975	7.8536	14.2078	44.7685	0	3.3796
MM_RS16455	30.4712	56.5054	22.1497	10.1453	12.2357	18.7953	16.7464	17.4632
MM_RS16465	57.5246	103.0331	100.026	35.0971	23.81	15.6302	41.5333	22.655
MM_RS16470	794.5419	1072.3856	758.3092	793.9319	325.6574	702.8768	184.8927	437.9233
MM_RS16475	97.1216	93.6103	108.3307	28.9933	170.3768	88.3326	0	290.6148
MM_RS16485	165.6909	220.9242	116.541	82.5436	112.989	367.1694	98.0892	181.9145
MM_RS16490	16.2165	17.2591	14.0989	9.7395	3.9154	6.8296	9.0065	7.584
MM_RS16495	10.6102	15.2282	13.6861	4.1269	18.0424	29.4059	33.0588	49.7257
MM_RS16500	100.6514	132.1493	129.3028	33.4197	43.1848	104.3237	62.5818	86.2887
MM_RS16505	237.97	335.5014	496.3709	124.8817	73.0918	130.8586	26.748	85.3521
MM_RS16510	193.0807	266.4812	166.71	130.1518	31.7466	46.8905	37.2735	18.8791
MM_RS16515	19.3167	19.6895	13.0735	6.0292	14.2633	29.742	14.8607	32.3319
MM_RS16520	180.2208	241.1082	80.869	72.7911	75.0602	114.6259	57.2497	70.9491
MM_RS16525	7169.2266	13433.5493	380.8378	211.3629	800.6769	1903.2469	151.2095	235.0019
MM_RS16530	167.5795	224.6316	579.6929	171.9434	28.278	61.6871	58.6672	38.8071
MM_RS16535	57.4247	77.0061	220.5267	158.33	20.5213	36.2017	36.068	34.8576
MM_RS16540	204.8653	149.7631	687.1483	255.7733	40.0424	73.6009	207.7548	146.0499
MM_RS16545	91.6497	91.3076	322.8541	182.7491	20.4198	32.5542	51.668	64.8798
MM_RS16550	60.2504	66.9075	344.5299	291.9581	9.8565	19.2772	29.2789	51.9045
MM_RS16560	153.5223	311.3378	158.2808	113.0669	24.5431	61.7238	24.9593	43.0179
MM_RS16565	5.6456	7.1508	5.7116	4.7363	5.063	9.5108	7.2118	3.891
MM_RS16570	262.2722	287.7828	97.2187	160.6727	68.2922	128.1058	34.707	45.0794
MM_RS16575	2103.2046	1274.24	2952.2301	1826.9465	141.3663	418.3619	175.3752	88.7299
MM_RS16580	102.1936	68.4842	99.7851	35.0315	14.4318	25.7029	35.362	30.0009
MM_RS16585	86.3278	194.1645	241.7564	123.7068	17.7615	48.0376	50.5253	42.2497
MM_RS16590	41.7335	55.3495	113.1256	63.5182	12.7677	40.2307	35.977	56.1859
MM_RS16595	42.6501	63.5836	39.9948	27.5655	12.467	29.4625	60.2225	26.69
MM_RS16600	38.4434	101.2851	119.974	34.7838	14.5215	25.4205	31.1763	26.4838
MM_RS16605	98.9202	127.8642	490.3934	251.7174	53.6754	71.744	167.5572	191.2715
MM_RS16610	217.5218	500.8062	1243.5387	363.6981	60.9476	210.5944	364.667	525.8729
MM_RS16625	31.6585	19.8177	5.4799	0.9329	0	2.6589	4.0762	0
MM_RS16630	227.6111	391.385	214.7396	249.6576	92.698	192.4168	66.1868	156.2031
MM_RS16635	23.8493	43.7103	37.5189	17.9672	5.0437	5.739	7.2189	6.7986
MM_RS16640	6.5078	15.5696	10.493	8.4374	0	6.012	0	0
MM_RS16645	50.0802	35.0775	23.7287	17.9411	3.8639	11.5663	6.2216	4.4118
MM_RS16650	19.9097	19.137	38.0011	20.3155	6.6987	14.547	15.0131	27.9067
MM_RS16655	4.6514	7.8763	2.8494	4.0978	0.7174	1.8838	1.1551	0.512
MM_RS16660	5.5812	3.9711	6.7591	4.5291	0.3277	1.8072	0.5277	2.1049
MM_RS16665	16.931	13.5157	25.7028	26.5726	4.7027	3.4301	3.5056	9.3282
MM_RS16670	17.6339	48.5168	38.8577	19.4332	0	8.1453	14.9844	17.7092
MM_RS16675	38.2096	49.2226	92.5488	57.2967	7.8499	14.0539	21.2577	20.8795
MM_RS16680	40.0132	86.5897	58.9828	25.05	3.6254	22.8471	17.5126	25.8714
MM_RS16685	2.7316	4.8054	31.0759	12.3957	10.1445	7.1501	10.7464	11.4305
MM_RS16695	337.6021	627.0219	51.7726	28.5854	70.182	129.7271	2.2983	8.1275
MM_RS16700	57.118	97.3042	104.8412	201.1696	8.0741	29.917	13.2415	26.2481
MM_RS16705	27.6199	33.683	13.8624	5.5734	3.1508	9.0123	5.0734	1.7988
MM_RS16715	26.7162	42.0973	12.6194	4.0581	3.6707	1.4458	2.9553	1.3097
MM_RS16720	18.6469	45.6079	49.2507	19.6861	9.372	22.1483	41.7508	30.765
MM_RS16725	61.501	72.3461	45.6205	11.005	39.8178	43.1287	32.057	39.0702
MM_RS16730	28.2142	29.5319	27.4847	10.2882	14.476	11.4034	14.9844	10.3303
MM_RS16735	61.3646	71.6311	30.5865	13.7943	22.6336	43.888	21.96	35.6166
MM_RS16740	10.7232	14.7342	13.863	14.2785	9.8565	17.6708	14.7763	32.0159
MM_RS16745	26.2897	24.1753	50.8918	31.1462	2.0564	3.8878	3.3112	7.631
MM_RS16750	86.406	118.5444	38.8577	13.7175	12.408	8.1453	29.9688	5.9031
MM_RS16760	23.8932	44.9282	25.9401	7.4347	14.5707	22.0731	5.8654	11.5977
MM_RS16765	7.6542	7.5212	5.8769	3.8986	15.3881	23.2337	5.6782	8.2359
MM_RS16770	31.9181	40.3872	11.1551	4.7742	4.7111	11.7519	12.0107	11.2063
MM_RS16775	12.9925	12.0098	13.3311	3.8284	4.1555	4.3647	0	0.9885
MM_RS16790	179.9273	274.1494	576.3455	138.4203	77.9396	173.4949	113.757	105.4969
MM_RS16795	187.1052	236.4194	537.948	239.8791	87.2812	160.0009	197.6736	143.7803
MM_RS16800	690.5038	1244.55	851.8276	273.381	141.3046	308.2489	157.5182	178.4048
MM_RS16810	69.8684	102.3595	210.1233	153.5189	9.6962	32.1893	66.3538	162.6054
MM_RS16815	76.038	64.6897	189.54	80.7372	6.9186	10.9002	4.9512	17.5546
MM_RS16830	23.1693	22.6755	37.6046	11.678	11.1368	9.0375	4.2522	12.9791
MM_RS16835	75.6962	109.449	41.4094	28.7189	20.3301	10.6766	5.4559	11.2839
MM_RS16840	11.0462	16.1514	11.9872	7.5592	2.5191	6.8037	1.4487	7.7044
MM_RS16845	9.2594	9.0907	3.5465	0	3.6517	1.7799	0	4.3585
MM_RS16850	11.9757	16.2845	1.8408	3.5288	1.2768	5.0288	0	1.8222
MM_RS16855	134.4366	256.2649	220.5556	95.4653	162.4738	396.2889	127.415	367.586
MM_RS16860	26.0377	58.7069	28.9548	17.5091	11.2665	13.0299	13.5307	22.8669
MM_RS16865	0	9.2117	9.6382	39.9365	0	5.0014	0	8.7354
MM_RS16875	20.9964	22.791	49.3183	12.3508	9.1198	14.7273	21.2925	27.0083
MM_RS16880	47.8038	36.0808	50.4677	16.2324	14.0154	15.2465	7.5225	20.0033
MM_RS16885	9.4955	4.8431	17.4159	5.6704	1.6498	1.6245	1.6603	4.4128
MM_RS16890	30.6583	37.9423	12.3594	12.5884	2.9965	4.7209	0	5.132
MM_RS16895	5.3767	8.4381	2.0641	0	0	0	0	1.2856
MM_RS16900	10.2623	33.4476	8.2966	3.9916	0	0	1.9379	1.7177
MM_RS16905	11.3441	10.8568	6.0809	2.9917	2.2696	5.2262	3.2329	7.9737
MM_RS16910	12.583	13.9216	8.7917	6.1177	4.0581	9.0089	3.8611	8.951
MM_RS16915	618.1855	1390.6418	501.5225	815.4255	107.827	198.7962	75.7283	165.3547
MM_RS16920	31.9139	34.8203	14.1366	9.5485	14.8062	31.7507	4.6357	12.327
MM_RS16925	32.8917	42.9711	66.72	40.5811	18.6646	21.5643	31.0552	45.2859
MM_RS16930	17.5281	25.6659	25.2235	8.6573	10.278	22.3616	11.427	21.6544
MM_RS16935	38.4143	33.2563	41.0496	15.355	19.8416	16.9699	22.8205	14.1594
MM_RS16940	32.8395	54.0151	10.4796	5.9874	150.4387	231.3265	42.6332	97.9084
MM_RS16945	18.1518	14.5941	7.5045	5.1292	9.8249	9.4594	1.3183	5.0637
MM_RS16950	104.2773	233.4863	171.8489	87.4053	22.589	46.2653	20.611	26.8665
MM_RS16955	93.4036	309.0475	162.351	99.1981	37.2897	58.7496	28.1453	56.5475
MM_RS16960	148.0645	138.4137	176.7502	144.0295	19.8579	23.7015	14.0496	23.6183
MM_RS16975	137.1264	170.2826	68.4006	65.6261	39.2511	73.2916	33.5007	39.4219
MM_RS16980	43.8202	82.9971	30.8414	5.4108	39.1542	47.2292	2.9553	27.068
MM_RS16990	290.1048	393.1736	497.0301	234.8782	51.1674	68.2571	216.7185	107.9543
MM_RS16995	385.5268	430.3925	432.7686	198.9267	69.0956	138.3423	259.5987	265.0297
MM_RS17000	18.0877	24.1793	39.645	21.6188	9.6118	13.5767	30.9534	31.4574
MM_RS17010	99.7752	184.5638	135.8219	55.6897	31.6245	63.3479	42.5556	58.6763
MM_RS17015	91.8784	91.4941	59.8135	47.1873	23.5229	45.4285	35.127	29.5115
MM_RS17020	27.0571	24.4221	20.0945	11.7996	19.6156	30.6769	23.6885	33.9658
MM_RS17025	47.7865	114.3276	77.5636	76.8252	5.6041	9.7122	11.7308	11.1978
MM_RS17030	82.1241	87.5138	144.4075	50.425	25.0771	47.525	45.3529	49.2773
MM_RS17035	73.4869	99.579	39.9047	26.8041	18.3111	31.7874	14.4691	15.2445
MM_RS17045	19.3448	25.7114	35.2335	13.2367	6.9318	17.8707	16.7422	17.9878
MM_RS17050	39.2335	46.5093	23.6945	8.9727	11.5593	11.237	9.9003	10.1796
MM_RS17055	48.9915	86.2801	53.3933	29.9947	12.7677	30.173	20.5583	18.2225
MM_RS17060	235.2252	258.6922	215.3287	162.3242	35.1498	53.6257	69.135	66.6777
MM_RS17065	55.8321	51.5555	61.601	22.9525	62.4983	45.5234	139.9222	77.2861
MM_RS17070	905.166	1298.277	299.1687	303.8095	77.3824	212.5703	67.0922	90.6198
MM_RS17075	402.6431	645.4183	328.9347	156.6097	491.0853	312.456	212.8907	390.8833
MM_RS17085	326.7219	392.8004	537.8605	400.2515	87.4935	180.6248	191.889	144.2508
MM_RS17090	28.5639	32.1348	72.4914	38.4246	9.2211	19.7428	14.0862	25.9839
MM_RS17095	20.3393	23.7365	42.5359	15.921	8.6734	19.5212	11.9706	24.5369
MM_RS17100	51.4896	70.0565	50.6397	50.0185	13.8136	29.0992	9.7467	16.614
MM_RS17105	297.8909	318.905	92.8141	89.5582	50.6304	75.7794	16.3048	32.5177
MM_RS17110	173.5144	135.8173	29.8757	23.2373	68.2355	138.22	23.0534	29.999
MM_RS17120	21.3484	37.4988	52.1372	22.7514	17.4715	23.8194	31.1079	32.6086
MM_RS17125	430.8424	611.3921	317.828	334.0605	49.5361	171.696	183.4528	169.6791
MM_RS17135	25.1071	52.6815	102.023	37.5429	24.3405	35.2556	34.4516	58.5531
MM_RS17140	19.9897	34.8406	55.0823	21.3212	11.9327	20.816	26.4214	24.3319
MM_RS17145	58.6604	113.1647	95.5239	77.1891	5.1339	11.3237	11.573	12.4563
MM_RS17150	30.0165	41.5763	136.4909	54.5348	10.19	18.2434	26.849	13.8824
MM_RS17155	57.8204	67.8499	331.6201	162.1855	19.3261	32.2275	85.8791	61.972
MM_RS17160	86.0639	52.817	104.0122	76.6132	17.5414	29.8541	18.4812	38.3263
MM_RS17165	34.5381	28.7273	22.9135	8.0462	34.8084	43.8723	12.7382	34.7759
MM_RS17170	131.1155	258.8548	49.2909	26.841	26.5909	44.626	2.7924	14.0256
MM_RS17175	25.0401	36.654	32.2285	30.7562	6.1822	16.4364	19.9091	35.8455
MM_RS17180	138.6728	158.5001	114.3623	301.3553	34.8964	131.2234	64.671	70.9491
MM_RS17185	76.6955	137.1324	59.2995	42.1028	10.0944	31.0845	7.3881	5.8938
MM_RS17190	308.9364	330.1734	248.6243	72.2027	103.9239	90.8738	66.781	40.8231
MM_RS17195	108.1545	106.1744	64.1311	25.1488	18.612	36.3823	23.864	30.4991
MM_RS17200	88.5565	116.0455	52.5192	15.8365	8.9529	32.4421	10.0911	20.4447
MM_RS17205	97.614	260.6153	191.2259	97.6697	26.5452	50.3168	34.7284	45.5819
MM_RS17210	69.0762	107.5928	49.5009	22.3895	21.9398	11.9652	19.0223	27.7002
MM_RS17220	1323.5485	980.1383	455.9257	276.6137	401.5302	937.1085	332.9182	367.7963
MM_RS17225	150.6539	269.8572	117.6211	122.0731	31.0369	59.2422	10.5716	39.1857
MM_RS17230	7.3972	9.7733	8.0107	5.7257	5.4381	5.6098	1.7721	6.6526
MM_RS17235	3.5495	4.634	6.4169	5.2295	1.1353	2.6829	4.57	6.2111
MM_RS17240	9.8343	16.0936	9.4442	15.6629	13.5236	19.7845	17.6278	47.794
MM_RS17245	3.3072	6.782	9.3952	18.9889	4.4325	9.6022	6.6911	15.8157
MM_RS17250	14.7752	15.8141	19.6437	55.2843	5.1679	8.1419	2.9369	17.5717
MM_RS17255	26.9248	33.0136	28.4597	42.7628	18.9456	34.4088	31.3532	66.8484
MM_RS17260	48.8496	47.1465	45.1668	57.0774	20.2933	26.8	19.7017	55.797
MM_RS17265	51.3643	38.564	29.9068	16.1284	31.0598	41.0259	22.9853	21.9409
MM_RS17270	72.9369	94.5313	54.1817	34.1814	18.7962	33.6904	8.7725	21.1891
MM_RS17275	123.1648	146.7172	51.4256	50.1489	74.011	65.8246	19.2212	38.3339
MM_RS17280	14.9696	28.4887	8.777	7.9398	51.0707	35.2019	5.1396	18.2225
MM_RS17285	42.6359	56.1873	44.0114	22.8131	5.5557	15.005	1.9169	8.4956
MM_RS17290	18.7426	15.6244	18.938	9.72	2.6376	1.3852	1.4157	7.529
MM_RS17295	28.2284	37.9085	37.3338	25.6159	7.317	20.7502	8.2472	18.1014
MM_RS17300	153.1188	265.2896	266.3765	105.4174	41.8545	80.0337	63.5889	66.2397
MM_RS17305	414.8436	354.3047	89.3855	72.6825	87.6586	101.8527	29.9936	42.2245
MM_RS17315	2120.1029	5399.4703	55.8951	65.7173	165.1513	518.6211	0	3.1738
MM_RS17330	356.0168	446.9394	67.286	5.0723	73.4095	137.3415	77.5705	42.5639
MM_RS17335	91.4191	136.8466	36.3248	34.4759	14.293	59.8788	26.1527	44.508
MM_RS17340	64.2471	97.5786	52.3506	15.3069	16.7436	30.4377	20.7386	13.3272
MM_RS17345	233.0771	283.7483	149.3515	221.7111	50.1365	55.0106	44.6892	47.7043
MM_RS17350	7.1928	38.7193	15.4634	13.9884	0	26.5796	13.5824	12.0392
MM_RS17355	112.9894	183.5372	230.2131	140.0487	8.7778	16.9789	11.8853	9.6807
MM_RS17370	204.8736	719.3458	2342.9236	276.689	42.2687	136.693	120.0012	96.8414
MM_RS17375	594.4206	803.4913	434.0523	243.4863	64.8161	164.6378	52.1828	106.6671
MM_RS17380	90.1444	193.0495	103.627	56.8135	26.4291	62.4582	20.0957	55.533
MM_RS17400	225.1808	308.6969	240.1148	220.7142	38.0274	81.5468	55.2781	52.7665
MM_RS17405	668.7182	372.2753	307.424	258.7639	60.4587	86.6341	39.4034	82.1798
MM_RS17410	32.418	20.9169	55.8749	32.9721	17.0426	22.7196	26.3862	42.0988
MM_RS17415	6.0338	17.9903	30.8076	39.1143	33.6113	25.0836	24.2117	36.6096
MM_RS17420	33.9189	30.7433	52.5454	41.0661	35.6833	33.6391	22.6059	82.2371
MM_RS17425	13.5323	15.6941	14.2244	9.8774	2.5286	4.2016	6.5144	11.1877
MM_RS17430	26.6299	20.4437	30.732	18.3201	1.9269	3.3394	1.8616	6.0502
MM_RS17435	16.9214	24.411	16.5572	7.681	2.3159	5.8379	6.3393	10.2465
MM_RS17440	21.962	11.5513	6.4427	3.4537	1.562	9.2285	6.9165	6.688
MM_RS17445	5.8573	6.8193	3.9351	0.4746	0	2.0292	2.0739	5.5147
MM_RS17450	49.1217	67.3603	58.5972	34.1735	15.4556	22.1365	32.2391	32.5868
MM_RS17465	62.1829	54.6646	133.5609	27.054	11.1233	43.8118	44.7766	55.5647
MM_RS17470	18.5605	26.8984	25.1527	6.0159	4.2005	5.8659	4.7618	5.5864
MM_RS17475	144.1384	209.1023	160.5918	45.6963	208.5207	237.1583	51.6548	297.6081
MM_RS17505	30.9319	33.0373	29.291	20.0518	10.3643	16.3289	2.0861	10.4779
MM_RS17510	172.2922	192.4532	149.7855	120.1823	34.5893	90.0839	45.4654	41.8109
MM_RS17515	93.2249	203.6123	185.1692	85.2494	30.1051	36.1968	73.1372	70.8579
MM_RS17520	50.5468	69.5864	112.638	57.4729	13.2237	10.4169	34.5085	23.1035
MM_RS17525	162.6928	130.3066	107.327	92.1907	61.6293	86.366	57.8575	79.6211
MM_RS17530	29.5485	32.2724	67.543	30.4891	6.727	9.2969	25.4893	18.5784
MM_RS17535	30.5551	32.9166	58.1793	50.2975	6.5862	11.1999	15.1707	28.827
MM_RS17540	25.1595	39.2932	38.8099	14.5564	12.984	20.5517	13.2864	22.2925
MM_RS17545	64.4755	74.244	79.7304	47.2877	12.3385	40.4983	16.8872	39.0354
MM_RS17555	27.3528	31.5997	29.2056	14.9361	4.0786	4.4177	3.2836	6.5487
MM_RS17560	20.2672	24.9185	22.4617	6.2085	7.5558	9.3303	5.0967	9.0352
MM_RS17565	6.7312	7.8991	8.3208	2.1818	0.7894	0.6218	1.2711	5.6333
MM_RS17570	58.9537	60.361	23.8469	10.8347	32.4305	46.8829	13.7721	20.8541
MM_RS17575	14.2555	17.6047	70.6214	40.9828	7.2687	4.867	22.2375	24.898
MM_RS17580	10.4334	16.849	21.8693	8.1162	17.13	38.5544	4.9254	15.7169
MM_RS17585	1.6583	1.9837	1.3369	3.225	0	0	0.3914	2.0817
MM_RS17590	3.9746	4.6675	7.2097	2.4692	1.748	3.6718	2.8145	4.0193
MM_RS17595	64.5177	75.1811	100.2605	42.3252	11.3592	25.8502	19.3065	23.4177
MM_RS17625	6601.7904	5883.4994	5688.7527	3636.9397	4845.3304	17293.222	5003.1626	9718.9781
MM_RS17630	30.2905	44.6892	161.7136	132.3008	0	1.8655	15.2529	8.4499
MM_RS17635	16.1057	28.8993	60.5932	31.3219	0	0	0	26.9575
MM_RS17665	61.7073	46.6087	46.2827	16.9006	19.1776	32.9545	27.8154	26.4764
MM_RS17670	177.8898	273.5973	279.9966	98.8442	14.9014	70.4309	35.9909	95.7049
MM_RS17675	15.5017	21.0728	7.0137	0	24.5858	5.9797	0	4.8487
MM_RS17685	364.1153	479.8796	455.9068	250.9324	21.5528	59.4233	16.2674	31.2415
MM_RS17695	24.8436	16.8009	21.726	10.9187	2.9629	7.391	12.3246	13.3911
MM_RS17705	4838.7228	3727.7929	922.7018	389.3372	491.7087	1025.9312	358.4232	165.9624
MM_RS17725	20.5637	24.9615	37.7085	21.1727	2.8373	3.9113	9.137	7.5927
MM_RS17730	1033.3713	797.3573	393.8844	259.0285	664.7547	1139.7617	629.5129	529.9982
MM_RS17740	297.8156	229.7627	178.622	125.9094	101.2352	183.4195	85.5788	75.8554
MM_RS17755	48.6534	56.0795	34.1575	31.8551	7.4927	23.3928	0	6.4135
MM_RS17760	2334.2473	2320.8781	3547.8083	761.5089	791.0236	1407.2831	701.2464	1452.4476
MM_RS17770	5419.8653	5027.1202	1756.6292	1020.9338	405.7095	821.818	516.3915	410.8447
MM_RS17790	2862.7225	3871.1755	333.8094	476.3944	168.0293	581.7583	35.2642	74.5111
MM_RS17800	759.6456	240.0864	76.5523	55.9597	5.0618	15.9495	20.3759	21.673
MM_RS17805	15.5182	17.4314	4.9185	2.1112	3.2663	4.0433	5.2593	4.3288
MM_RS17810	11.1198	17.1579	11.0695	3.2038	4.8299	5.7071	6.6104	8.9614
MM_RS17815	91.3132	54.616	114.5134	39.4629	178.4784	787.3351	57.4765	433.042
MM_RS17840	4216.2151	7585.7904	10642.1565	7015.5573	9909.1015	10975.5003	20032.9697	14885.4643
MM_RS17850	156.918	149.513	75.723	39.1742	37.1953	74.0245	24.9029	38.2793
MM_RS17855	14.4583	113.4485	16.5494	0	0	13.8595	0	13.6814
MM_RS17890	3.6506	4.0155	2.3961	0	4.5593	7.3762	0	12.1807
MM_RS17910	274.3482	407.4017	127.113	67.4596	632.386	1109.9339	205.4378	839.2258
MM_RS17915	282.2039	252.1498	2848.3012	1213.067	54.7866	39.7053	462.2544	149.0414
MM_RS17920	39.0465	15.5718	17.9899	4.8214	8.7397	0	14.0443	9.3427
MM_RS17925	103.3725	76.6411	67.616	28.1107	9.3027	10.2595	10.1109	14.0669
MM_RS17935	0	7.7927	25.0304	7.2571	3.7787	9.8123	0	15.3886
MM_RS17940	0	8.6258	0	7.4897	0	9.8383	21.1569	16.1634
MM_RS17950	0	0	0	0	14.8909	0	0	0
MM_RS17955	4421.0796	4151.3032	13873.6603	4406.8527	446.0039	1361.4333	2760.3801	2068.7956
MM_RS17970	36.9964	34.5646	26.133	9.5933	8.2609	9.7652	3.3267	7.6656
MM_RS17985	32.902	45.5907	33.9114	14.0267	50.7506	73.8536	44.7577	60.5452
MM_RS18005	33.5085	30.837	12.6391	2.0491	0	1.7837	0	0
MM_RS18010	0	13.8407	2.0522	0	0	0	0	4.5569
MM_RS18030	6930.2969	6819.9217	5119.2442	1936.4709	1501.379	2948.8772	1627.7795	3242.8027
MM_RS18035	0	2.8153	0	3.2677	0	30.04	11.3132	33.3288
MM_RS18040	199.5813	337.5832	196.971	128.3494	64.8776	53.7969	173.1915	87.7221
MM_RS18045	68.2085	86.3031	61.0989	53.9689	8.8879	7.0014	14.3112	19.0277
MM_RS18050	14.5898	43.3809	22.9555	14.1543	13.8471	22.7397	6.262	16.5487
MM_RS18060	0	18.6156	3.1303	3.9294	0	0	0	4.0822
MM_RS18090	39.2794	46.8355	15.602	5.7827	21.6407	24.7327	47.4952	25.9591
MM_RS18095	21.8237	11.0573	13.6466	4.3361	5.2133	7.0646	7.8167	3.8242
MM_RS18105	19.14	0	0	0	0	0	0	0
MM_RS18120	212.6247	354.2718	840.7538	118.1447	17.811	0	28.679	114.3924
MM_RS18135	40.3473	24.4953	39.7566	22.9232	12.5933	19.6088	0	11.3075
MM_RS18145	67.8975	53.9676	66.68	73.1146	13.227	10.4195	0	37.756
MM_RS18170	170.9417	191.7059	585.6984	581.7741	0	59.22	40.3493	160.942
MM_RS18175	495.7698	693.4938	361.0053	409.5082	909.6271	1721.2089	1366.518	2670.1161
MM_RS18185	1557.5896	2347.2009	6349.2292	3147.1734	1423.3668	5849.1928	6589.1563	9784.9591
MM_RS18190	134.8805	177.4835	28.9971	52.4623	47.4541	124.6058	25.4699	101.5922
MM_RS18200	68106.847	201488.9379	359.8775	657.3002	10679.502	23011.294	54.1889	48.032
MM_RS18205	76.5245	228.8532	349.5953	285.2435	22.4359	35.3476	0	32.0213
MM_RS18210	0	0	0	7.7598	0	22.1168	79.1131	20.0355
MM_RS18215	153.0491	22.8853	41.1289	37.2057	0	88.369	162.5667	112.0747
MM_RS18220	5194.4093	8467.4691	4302.083	3449.56	264.4283	562.416	340.6222	339.6612
MM_RS18225	166301.5513	160411.5898	55719.3179	39101.1345	11176.0298	15753.0557	11217.1628	10729.5878
MM_RS18230	1379.2448	7076.593	807.3348	784.1023	378.7735	351.5459	369.8652	60.0966
MM_RS18245	1319.74	1394.8947	174.8976	339.8683	3413.4587	3423.802	972.9461	711.1025
MM_RS18255	522.9234	2104.2274	2018.4515	1510.0404	111.501	351.3376	740.5898	397.8453
MM_RS18260	1579.4981	5377.6644	7770.8506	5346.0462	356.2206	603.3141	1735.0801	533.8312
MM_RS18270	1397.9649	1415.8392	872.5351	599.288	4442.3947	3145.3633	915.4222	5227.0086
MM_RS18275	7647.2603	14922.1298	1272.8659	1699.3413	848.0643	4225.4728	34.1385	726.2324
MM_RS18280	310.2251	1170.802	211.6355	34.9749	47.4541	74.7635	25.4699	22.576
MM_RS18285	2286.3123	3948.9171	566.1489	814.7767	884.3944	1669.8152	576.3957	591.0484
MM_RS18290	144.629	97.3182	398.3779	35.1588	0	16.7015	119.4846	30.2597
MM_RS18295	3493.4038	3404.4558	6633.0912	16656.7828	12875.8736	28547.1921	30105.4344	78801.6889
MM_RS18300	4596.565	6092.8146	39070.7106	42407.1869	168.4561	431.2768	1412.7346	1913.394
MM_RS18305	534.752	664.3167	552.707	213.3272	482.4056	190.0065	194.1903	172.1266
MM_RS18310	518.5999	1523.9583	363.5563	116.9342	132.2141	312.4533	42.5778	339.6612
MM_RS18320	515.5694	436.5849	231.6064	116.3967	5657.3169	2908.3536	700.7164	2143.8027
MM_RS18330	68.2788	183.7742	55.0456	11.0655	0	0	0	57.1419
MM_RS18335	30.375	45.4195	24.488	0	35.6221	28.0611	14.3395	63.5513
MM_RS18340	29.6667	17.8199	141.8604	70.2456	8.1571	12.8515	61.8702	61.5808
MM_RS18350	51.2091	173.5645	55.0456	0	20.0184	0	16.1166	0
MM_RS18365	12063.1879	19718.9943	6457.5079	6066.0156	1643.2468	2276.465	1763.9516	2372.2574
MM_RS18375	746.1143	2093.7436	380.4419	285.2435	134.6156	318.1285	343.1964	352.2348
MM_RS18385	2761.3819	4554.9966	919.6291	331.9664	540.4964	332.5135	209.5162	71.4274
MM_RS18395	118.985	172.834	85.2662	44.0759	19.9341	73.2808	37.4472	52.1596
MM_RS18410	32307.7164	30430.5784	92424.3771	32321.9219	99262.2245	291277.5597	111421.286	102691.202
MM_RS18415	462.4247	404.7572	181.8546	124.2949	145.4967	197.9703	106.4892	132.146
MM_RS18420	559.0822	965.1903	348.2884	214.1625	149.0137	328.6778	23.9939	244.5793
MM_RS18435	0	0	17.9197	4.411	21.5454	12.276	0	16.5141
MM_RS18445	266.6609	339.4119	103.2346	94.8648	91.5293	184.7608	62.943	111.583
MM_RS18460	59.525	42.2468	61.7174	38.3238	12.1601	13.7252	22.0639	23.4426
MM_RS18465	9.39	25.2135	15.4212	12.1743	1.5295	7.4699	1.2314	6.1121
MM_RS18475	726.9832	858.1995	267.3376	223.234	358.9749	1590.6424	270.9446	736.491
MM_RS18480	357.8794	453.7941	146.1828	120.6388	83.9402	145.4718	0	83.8617
MM_RS18485	31.3001	29.7096	0	0	0	13.4968	19.2734	0
MM_RS18495	41.6473	108.5733	19.5858	13.4991	30.526	62.5216	24.5762	39.2111
MM_RS18500	127.0641	144.3986	61.4627	90.6072	134.1124	140.8619	59.9848	148.8744
MM_RS18505	87.2279	141.044	93.0017	21.1085	6.3645	45.1222	46.1158	22.709
MM_RS18510	258.1872	245.2651	171.4158	59.0723	89.0552	112.2445	286.7901	305.0464
MM_RS18520	128.4525	151.7142	143.3195	54.8108	36.2303	49.57	49.1263	36.7408
MM_RS18540	2184.9212	3861.055	3651.3606	907.3749	220.2023	315.3879	483.4989	314.2804
MM_RS18545	42.9455	68.4972	38.4691	18.5598	16.788	66.1235	13.5159	107.8222
MM_RS18550	53.9522	72.6069	14.4986	34.9749	79.0901	12.4606	50.9398	79.0162
MM_RS18555	51.2091	40.8387	55.0456	11.0655	40.0368	31.5388	0	71.4274
MM_RS18565	17.1508	50.265	33.9263	3.3354	0	7.9221	1.6193	4.306
MM_RS18570	21.3677	25.5608	34.4528	41.5553	50.1177	98.7	121.048	125.1771
MM_RS18575	314.9339	351.0482	330.8347	278.3973	33.5761	66.1235	27.0318	59.9012
MM_RS18580	3639.8938	3911.0424	4267.4952	3341.0068	963.2826	937.368	288.9231	525.6707
MM_RS18585	873.2258	3382.0501	830.9336	389.7563	402.913	806.707	243.2863	790.6959
MM_RS18590	2933.626	5943.7662	1955.7873	2033.0618	182.4941	364.1745	135.6225	300.5331
MM_RS18600	12217.8814	31775.7887	3617.0282	2220.1719	487.637	781.8628	768.2348	181.5581
MM_RS18615	113.4459	375.0258	179.2234	191.6055	8.8879	21.0042	42.9406	107.8236
MM_RS18620	20.4395	35.2354	18.832	9.0862	3.2872	14.2421	8.0348	11.729
MM_RS18640	269.7609	448.0006	227.6636	192.3618	47.4541	49.8423	165.5544	56.4401
MM_RS18660	161.0572	163.7629	311.6224	83.5252	0	14.8789	0	13.4787
MM_RS18675	64.4229	57.7987	60.5932	52.2032	18.8879	89.2731	91.2389	134.7873
MM_RS18680	0	10.2097	73.3942	22.1311	60.0552	157.694	112.8164	128.5693
MM_RS18700	138.8093	170.9322	71.6787	51.1674	2693.9782	3208.3985	236.4202	3168.4317
MM_RS18705	6.8259	8.8231	9.4678	3.9543	4.3331	6.3681	8.9745	13.9494
MM_RS18715	10.3973	20.4702	60.2546	10.9527	9.6531	7.6022	8.9987	7.2512
MM_RS18720	283.2406	271.3032	60.6715	83.8232	91.4667	119.4555	58.1361	79.0138
MM_RS18725	691.8707	992.937	65.8189	143.5333	83.6249	311.8748	11.8612	41.5402
MM_RS18730	128.8366	179.8052	46.163	27.8397	83.9402	79.3482	67.5795	107.8222
MM_RS18735	33.5359	53.489	22.8306	7.2466	18.3535	35.1121	18.9981	31.808
MM_RS18745	168.3838	420.1179	126.6993	93.5622	321.5957	422.226	18.1694	511.3341
MM_RS18750	592.3118	663.1242	204.0665	187.0624	374.0316	715.5586	301.1296	355.8874
MM_RS18760	922.0101	421.7124	446.9605	292.9899	2692.6041	2822.549	1809.3383	1997.139
MM_RS18775	18.5482	11.094	5.9814	4.2084	14.139	11.1379	0.8756	5.433
MM_RS18790	402.6431	578.1214	354.9032	156.6097	151.1032	193.4251	577.8462	444.7983
MM_RS18795	67.6435	296.6972	96.9483	14.6168	52.8857	62.4907	149.0222	56.6102
MM_RS18800	0	42.9576	45.0346	0	28.076	33.1751	0	30.0533
MM_RS18810	257.6916	96.3311	51.9371	52.2032	94.4395	104.152	0	80.8724
MM_RS18815	4.4697	18.7138	19.2182	2.8975	5.2418	49.5505	42.2013	123.4413
MM_RS18850	60.6853	350.8702	54.3598	26.2264	0	56.0626	0	50.787
MM_RS18860	393.1504	448.9227	936.4541	283.8241	10.4787	57.7821	67.4908	67.3004
MM_RS18865	1913.0351	4981.8632	4082.5514	2013.9297	160.1471	678.0841	789.7148	1585.6877
MM_RS18870	4173.1006	3919.399	8541.1273	4350.32	2380.8548	2281.868	3365.0584	4408.013
MM_RS18875	12696.6132	13348.0987	8096.3529	4476.4424	1175.528	1445.1478	1988.875	991.4007
MM_RS18880	956.5568	1041.3622	1131.0435	2182.7327	336.5389	777.6474	433.5113	1056.7045
MM_RS18885	2523.3587	5308.0784	846.6889	384.4586	44.8719	106.0428	54.1889	48.032
MM_RS18890	409.6727	2552.4194	1321.0953	840.9816	60.0552	94.6164	0	214.2821
MM_RS18895	744.3892	565.102	423.1606	649.5938	369.3369	343.8423	351.4135	179.7036
MM_RS18900	43451.4761	63678.0863	26504.1511	4745.4775	3384.0957	8979.5592	4430.9071	838.8775
MM_RS18905	1663.8608	2312.5489	1582.6436	1195.0058	1151.1166	2510.252	1378.829	3726.6103
MM_RS18910	938.8333	622.7903	697.2447	276.6387	80.0735	331.1573	306.2159	228.5676
MM_RS18915	3344.5465	10986.1477	2380.5507	1664.1826	1272.0964	2555.3254	1041.223	2662.852
MM_RS18920	5280.249	5831.7054	2769.1772	2347.2668	1850.3769	2335.9396	496.5741	1168.1007
MM_RS18925	668.2492	890.2215	726.4766	551.3418	124.6772	98.2139	129.0555	76.2616
MM_RS18930	334.1246	471.563	546.8981	1476.8083	71.2441	56.1222	14.3395	177.9437
MM_RS18935	1424.4683	2992.7247	598.3165	232.7933	112.3041	375.9849	146.9244	130.231
MM_RS18995	3.5898	49.7724	518.5049	2.7987	14.3638	6.858	116.602	13.6918
MM_RS19020	52.1053	68.0692	59.8498	35.6918	6.1916	10.4515	5.6969	11.5787
MM_RS19040	53.6363	66.9339	33.6319	20.2826	15.7254	20.646	67.5221	63.591
MM_RS19050	42.7151	55.4059	24.5045	22.0498	24.6128	36.7716	21.1822	33.917
MM_RS19055	572.4036	543.8696	512.3113	260.4397	44.8719	70.6952	54.1889	64.0427
MM_RS19060	18.969	61.2667	14.2731	7.3781	48.9408	52.5721	3.582	19.05
MM_RS19065	127.9406	71.7407	34.3815	15.5509	18.7552	59.0973	0	33.4601
MM_RS19070	290.6955	265.1086	68.4531	67.1686	106.3239	177.4833	74.7305	69.8528
MM_RS19075	331.2267	480.5884	99.6577	66.7789	46.4646	185.9397	73.3202	80.9055
MM_RS19080	128.2063	153.3647	447.887	55.4071	75.1766	98.7	0	35.7649
MM_RS19085	153.9561	767.3649	441.3077	99.8031	0	94.8189	193.8135	42.9482
MM_RS19090	167.5831	100.5207	83.6356	31.0391	98.266	232.226	180.83	160.2843
MM_RS19095	4.3162	18.071	6.9593	11.1919	35.4323	43.8612	24.4511	25.2851
MM_RS19100	92.3939	138.3814	65.4716	21.0583	4.762	20.6318	3.8338	1.6991
MM_RS19105	146.5286	152.5607	93.3371	17.5904	159.1116	255.6925	92.2315	18.1672
MM_RS19120	141.5991	108.8908	86.9757	78.6793	308.3961	56.0626	19.099	406.2959
MM_RS19125	134.8805	185.5509	123.2378	26.2312	189.8163	137.0664	305.6389	620.8413
MM_RS19130	82.3194	82.9347	75.5335	55.596	56.8959	69.6871	51.1259	64.1773
MM_RS19135	356.8215	308.8989	171.5901	253.6316	55.0606	80.9643	20.6868	78.5844
MM_RS19145	634.6972	563.7145	203.7399	119.4887	697.4339	853.0166	1223.1462	1116.1895
MM_RS19150	116.741	100.1834	162.315	39.4843	1010.4359	1099.5826	727.2317	880.3576
MM_RS19155	77.0185	38.979	15.9209	15.3624	13.8959	5.4732	0	4.9582
MM_RS19165	145.4974	195.8051	175.9477	165.0595	42.6578	33.6035	0	30.4414
MM_RS19170	173.6635	201.2503	119.5882	189.9763	305.4943	541.4465	486.7776	1003.7365
MM_RS19175	11.6671	11.653	26.6613	8.1864	3.9493	6.9998	5.2235	11.3737
MM_RS19180	22.7628	29.4988	10.1951	9.8374	4.4492	17.524	17.9099	34.925
MM_RS19185	1038.1211	4476.8353	9186.1076	1387.7199	461.4692	1639.9895	744.7005	1460.7629
MM_RS19190	34.1456	11.4581	12.9143	9.018	11.8649	0	0	0
MM_RS19200	194.3226	178.0226	77.6167	74.3388	96.5164	104.3396	48.772	57.1442
MM_RS19205	0	15.7727	0	0	0	33.8812	8.3583	10.5838
MM_RS19215	41.233	32.1425	21.0586	14.2977	14.3628	39.4225	8.6053	17.5822
MM_RS19220	55.6442	31.2016	37.3831	18.0359	101.9631	89.9595	144.4777	69.8521
MM_RS19225	15.9346	20.4231	8.8982	10.3297	5.3392	6.3089	0	5.7152
MM_RS19230	0	62.067	31.1831	27.8397	0	13.2247	0	11.9922
MM_RS19235	102.0866	95.6219	79.1954	24.3486	12.4239	24.0224	9.0931	11.2839
MM_RS19265	28.4666	23.4756	18.2139	11.0069	8.1694	14.871	8.7991	10.7143
MM_RS19270	2.8892	5.1843	1.0352	1.873	0	1.7794	0	2.418
MM_RS19275	7.9161	14.0155	3.3985	1.6396	0.7416	2.3366	2.3881	3.1751
MM_RS19280	123.3178	566.9838	47.0526	47.5988	34.2231	123.4901	7.9992	14.9685
MM_RS19285	158.7061	290.0319	61.2878	82.6863	28.2627	73.8507	22.7541	17.7092
MM_RS19295	17.6634	36.7974	25.0505	14.3395	12.51	14.7829	15.9578	27.4388
MM_RS19300	7.4906	8.0922	11.7902	3.8153	3.1374	4.9429	6.5672	9.6271
MM_RS19310	33.3453	99.722	35.8435	43.2327	39.1055	0	62.967	27.9064
MM_RS19315	3.0987	4.5131	3.494	3.3685	2.7877	3.6772	3.3109	6.2482
MM_RS19320	18.7404	28.6892	20.2965	7.5589	1.2832	13.553	4.1865	5.7341
MM_RS19325	100.0217	215.369	75.3145	38.9039	17.595	23.1006	14.1656	20.9268
MM_RS19330	118.3214	90.5198	57.6773	14.2703	37.1104	59.7382	23.3822	26.4827
MM_RS19335	701.9865	876.9243	217.185	373.9054	29.3656	70.1956	15.4896	26.7368
MM_RS19340	6.4205	24.9101	17.2539	9.1568	7.5297	17.7943	26.673	15.0425
MM_RS19345	24.5165	38.4553	50.9223	34.5487	25.7941	17.9747	29.5525	41.7736
MM_RS19350	42.5225	25.4335	17.1406	0	0	9.8208	0	0
MM_RS19355	210.4425	354.7225	185.1415	86.8132	0	159.0642	18.063	0
MM_RS19360	75.7872	81.5934	40.7326	63.8685	0	21.0042	78.7113	38.0554
MM_RS19365	52.6532	330.6742	438.634	273.0624	0	72.9634	0	418.6174
MM_RS19370	39995.4269	50295.7026	20675.3692	51169.5568	2700.3786	5780.466	2953.874	3351.3702
MM_RS19375	163056.935	566490.0138	22851.3231	7388.1545	14987.7654	56247.2069	2716.2727	1852.0405
MM_RS19385	26.3266	365.5052	155.6443	85.332	0	0	0	0
MM_RS19390	1119.1146	2368.9074	981.254	161.3917	97.3232	76.6659	156.708	46.301
MM_RS19400	78.9798	78.7319	99.0464	0	185.2462	0	0	0
MM_RS19405	638.7289	434.1303	468.1241	263.493	476.6781	724.1806	191.8847	971.9025
MM_RS19410	100.1137	14.9699	53.8071	0	29.3519	92.4875	590.7748	20.9461
MM_RS19415	117.9774	192.9718	172.1077	113.9391	56.4724	64.5045	65.9249	76.5694
MM_RS19420	152.1887	291.2852	65.4362	315.7035	142.7827	421.7866	258.6445	815.138
MM_RS19425	58.0663	382.0347	46.8124	37.6419	0	26.8215	0	24.2976
MM_RS19445	175.199	225.6418	282.4872	389.3964	176.1116	184.9749	236.3099	209.4606
MM_RS19450	184.2862	457.3539	183.9433	102.3984	216.1206	778.2767	422.5636	749.1048
MM_RS19455	87.0994	243.113	93.6248	0	34.0484	0	109.6484	48.5951
MM_RS19460	1234.0432	1033.3433	397.949	239.9931	192.9623	266.0091	0	68.8506
MM_RS19465	158.3388	149.7662	676.8473	520.3821	56.1391	91.8484	180.7884	200.3092
MM_RS19470	937.6721	450.9008	2282.1411	1281.3251	140.5802	135.3506	357.1454	541.7307
MM_RS19475	363.9391	645.6261	274.2971	155.6534	76.4311	169.5338	98.7783	88.9905
MM_RS19485	650.7391	314.4733	1708.3747	421.8461	528.3349	485.5591	1063.3947	1466.2245
MM_RS19490	150.1706	359.2783	67.2588	162.2485	0	0	0	0
MM_RS19495	14.2273	14.4663	45.8797	23.0574	1.6685	5.2574	10.7464	34.5295
MM_RS19520	27.7315	46.3918	170.7568	97.3491	29.3519	24.1161	0	0
MM_RS19525	73.7789	119.3032	28.8387	21.7398	26.2193	22.7196	0	11.2263
MM_RS19530	498.6979	652.7311	167.9429	218.251	98.708	209.9434	77.4823	80.1253
MM_RS19535	98.0032	120.7992	89.3929	47.6901	30.0087	37.1473	33.6511	35.9461
MM_RS19545	230.2371	545.8634	123.3871	72.7495	100.2354	109.9518	111.4247	0
MM_RS19550	35.8638	42.9015	0	69.7469	42.0591	66.2637	67.7228	60.0282
MM_RS19555	59.1352	136.4263	81.7272	60.2404	49.5361	54.6305	143.5718	183.819
MM_RS19560	254.6205	239.3174	156.398	70.7398	0	134.414	103.0303	213.0896
MM_RS19565	2489.7834	2269.2297	1083.2708	589.2451	463.4728	912.7468	820.9035	562.2621
MM_RS19575	662.9064	360.7796	93.6715	244.4349	37.7315	79.7796	43.0476	66.5106
MM_RS19580	591.467	503.6676	684.2709	662.8661	105.8094	259.3139	227.1633	318.8093
MM_RS19590	550.8824	669.593	141.8702	92.6601	150.4989	417.3516	70.9261	137.9593
MM_RS19595	13.2001	8.8522	24.0783	7.5198	4.691	3.3258	8.3087	15.7336
MM_RS19600	7.3647	19.0882	7.9165	1.5914	25.9109	72.573	13.9071	16.436
MM_RS19605	609.2853	562.3944	628.285	444.7991	74.5069	129.1234	215.9454	127.6066
MM_RS19610	45.9952	43.192	219.7104	134.7668	20.4877	40.8856	36.2878	74.0765
MM_RS19615	696.9136	729.4629	898.9511	858.3802	449.5158	579.443	1283.1043	845.699
MM_RS19620	495.6474	1274.7573	479.5028	803.2671	174.3803	457.891	1076.339	497.7634
MM_RS19630	39.2225	73.9824	47.8328	25.4243	7.0761	11.1483	2.8484	13.8864
MM_RS19635	1441.5575	1792.5104	1345.6687	590.2102	355.9112	841.1025	573.082	507.969
MM_RS19640	17.0697	61.2581	9.1743	11.0655	60.0552	141.9246	80.5831	42.8564
MM_RS19655	1.2275	9.5441	15.833	0.7957	0	1.134	0	4.109
