ORF_ID	ORF_type	transcript_id	transcript_type	gene_id	gene_name	gene_type	chrom	strand	start_codon	coordinate
unassigned_transcript_1_522_2123_1602	annotated	unassigned_transcript_1	assumed_protein_coding	MM_RS00005	MM_RS00005	assumed_protein_coding	NC_003901.1	+	ATG	522-2123
unassigned_transcript_2_2677_4281_1605	annotated	unassigned_transcript_2	assumed_protein_coding	MM_RS00010	MM_RS00010	assumed_protein_coding	NC_003901.1	+	ATG	2677-4281
unassigned_transcript_4_5630_6484_855	annotated	unassigned_transcript_4	assumed_protein_coding	MM_RS00020	MM_RS00020	assumed_protein_coding	NC_003901.1	+	ATG	5630-6484
unassigned_transcript_5_6523_7497_975	annotated	unassigned_transcript_5	assumed_protein_coding	MM_RS00025	MM_RS00025	assumed_protein_coding	NC_003901.1	+	ATG	6523-7497
unassigned_transcript_6_7490_8098_609	annotated	unassigned_transcript_6	assumed_protein_coding	MM_RS00030	MM_RS00030	assumed_protein_coding	NC_003901.1	+	ATG	7490-8098
unassigned_transcript_8_9611_10900_1290	annotated	unassigned_transcript_8	assumed_protein_coding	MM_RS00040	MM_RS00040	assumed_protein_coding	NC_003901.1	-	ATG	9611-10900
unassigned_transcript_9_11090_11707_618	annotated	unassigned_transcript_9	assumed_protein_coding	MM_RS00045	MM_RS00045	assumed_protein_coding	NC_003901.1	-	ATG	11090-11707
unassigned_transcript_10_12435_12587_153	annotated	unassigned_transcript_10	assumed_protein_coding	MM_RS18865	MM_RS18865	assumed_protein_coding	NC_003901.1	+	ATG	12435-12587
unassigned_transcript_11_12748_13152_405	annotated	unassigned_transcript_11	assumed_protein_coding	MM_RS00050	MM_RS00050	assumed_protein_coding	NC_003901.1	+	ATG	12748-13152
unassigned_transcript_12_13767_13940_174	annotated	unassigned_transcript_12	assumed_protein_coding	MM_RS18145	MM_RS18145	assumed_protein_coding	NC_003901.1	+	ATG	13767-13940
unassigned_transcript_13_14436_14798_363	annotated	unassigned_transcript_13	assumed_protein_coding	MM_RS00055	MM_RS00055	assumed_protein_coding	NC_003901.1	+	ATG	14436-14798
unassigned_transcript_14_15146_15634_489	annotated	unassigned_transcript_14	assumed_protein_coding	MM_RS00060	MM_RS00060	assumed_protein_coding	NC_003901.1	+	ATG	15146-15634
unassigned_transcript_17_17606_17791_186	annotated	unassigned_transcript_17	assumed_protein_coding	MM_RS00075	MM_RS00075	assumed_protein_coding	NC_003901.1	+	ATG	17606-17791
unassigned_transcript_18_18338_18517_180	annotated	unassigned_transcript_18	assumed_protein_coding	MM_RS00080	MM_RS00080	assumed_protein_coding	NC_003901.1	+	ATG	18338-18517
unassigned_transcript_20_19763_20581_819	annotated	unassigned_transcript_20	assumed_protein_coding	MM_RS00090	MM_RS00090	assumed_protein_coding	NC_003901.1	-	ATG	19763-20581
unassigned_transcript_21_21940_22134_195	annotated	unassigned_transcript_21	assumed_protein_coding	MM_RS00095	MM_RS00095	assumed_protein_coding	NC_003901.1	+	ATG	21940-22134
unassigned_transcript_22_22685_23977_1293	annotated	unassigned_transcript_22	assumed_protein_coding	MM_RS00105	MM_RS00105	assumed_protein_coding	NC_003901.1	-	ATG	22685-23977
unassigned_transcript_24_26001_26183_183	annotated	unassigned_transcript_24	assumed_protein_coding	MM_RS00115	MM_RS00115	assumed_protein_coding	NC_003901.1	+	ATG	26001-26183
unassigned_transcript_25_26685_26954_270	annotated	unassigned_transcript_25	assumed_protein_coding	MM_RS00120	MM_RS00120	assumed_protein_coding	NC_003901.1	+	ATG	26685-26954
unassigned_transcript_26_26958_27179_222	annotated	unassigned_transcript_26	assumed_protein_coding	MM_RS00125	MM_RS00125	assumed_protein_coding	NC_003901.1	+	ATG	26958-27179
unassigned_transcript_28_27707_28063_357	annotated	unassigned_transcript_28	assumed_protein_coding	MM_RS00135	MM_RS00135	assumed_protein_coding	NC_003901.1	+	ATG	27707-28063
unassigned_transcript_29_28376_28522_147	annotated	unassigned_transcript_29	assumed_protein_coding	MM_RS19055	MM_RS19055	assumed_protein_coding	NC_003901.1	-	ATG	28376-28522
unassigned_transcript_30_28930_29472_543	annotated	unassigned_transcript_30	assumed_protein_coding	MM_RS00145	MM_RS00145	assumed_protein_coding	NC_003901.1	-	ATG	28930-29472
unassigned_transcript_31_29823_30167_345	annotated	unassigned_transcript_31	assumed_protein_coding	MM_RS00150	MM_RS00150	assumed_protein_coding	NC_003901.1	-	ATG	29823-30167
unassigned_transcript_32_30530_33124_2595	annotated	unassigned_transcript_32	assumed_protein_coding	MM_RS00155	MM_RS00155	assumed_protein_coding	NC_003901.1	+	ATG	30530-33124
unassigned_transcript_34_34529_35647_1119	annotated	unassigned_transcript_34	assumed_protein_coding	MM_RS00165	MM_RS00165	assumed_protein_coding	NC_003901.1	-	ATG	34529-35647
unassigned_transcript_35_36332_36601_270	annotated	unassigned_transcript_35	assumed_protein_coding	MM_RS00170	MM_RS00170	assumed_protein_coding	NC_003901.1	+	ATG	36332-36601
unassigned_transcript_36_36605_36826_222	annotated	unassigned_transcript_36	assumed_protein_coding	MM_RS00175	MM_RS00175	assumed_protein_coding	NC_003901.1	+	ATG	36605-36826
unassigned_transcript_37_36990_37334_345	annotated	unassigned_transcript_37	assumed_protein_coding	MM_RS00180	MM_RS00180	assumed_protein_coding	NC_003901.1	-	ATG	36990-37334
unassigned_transcript_38_37839_38918_1080	annotated	unassigned_transcript_38	assumed_protein_coding	MM_RS00185	MM_RS00185	assumed_protein_coding	NC_003901.1	-	ATG	37839-38918
unassigned_transcript_40_42333_44345_2013	annotated	unassigned_transcript_40	assumed_protein_coding	MM_RS00195	MM_RS00195	assumed_protein_coding	NC_003901.1	+	ATG	42333-44345
unassigned_transcript_41_44606_45787_1182	annotated	unassigned_transcript_41	assumed_protein_coding	MM_RS00200	MM_RS00200	assumed_protein_coding	NC_003901.1	-	ATG	44606-45787
unassigned_transcript_42_46172_49390_3219	annotated	unassigned_transcript_42	assumed_protein_coding	MM_RS00205	MM_RS00205	assumed_protein_coding	NC_003901.1	-	ATG	46172-49390
unassigned_transcript_43_49393_50496_1104	annotated	unassigned_transcript_43	assumed_protein_coding	MM_RS00210	MM_RS00210	assumed_protein_coding	NC_003901.1	-	ATG	49393-50496
unassigned_transcript_49_58247_59086_840	annotated	unassigned_transcript_49	assumed_protein_coding	MM_RS00240	MM_RS00240	assumed_protein_coding	NC_003901.1	+	ATG	58247-59086
unassigned_transcript_50_59399_60478_1080	annotated	unassigned_transcript_50	assumed_protein_coding	MM_RS00245	MM_RS00245	assumed_protein_coding	NC_003901.1	+	ATG	59399-60478
unassigned_transcript_51_60576_61067_492	annotated	unassigned_transcript_51	assumed_protein_coding	MM_RS00250	MM_RS00250	assumed_protein_coding	NC_003901.1	+	ATG	60576-61067
unassigned_transcript_54_65092_65484_393	annotated	unassigned_transcript_54	assumed_protein_coding	MM_RS00265	MM_RS00265	assumed_protein_coding	NC_003901.1	-	ATG	65092-65484
unassigned_transcript_55_66151_68049_1899	annotated	unassigned_transcript_55	assumed_protein_coding	MM_RS00270	MM_RS00270	assumed_protein_coding	NC_003901.1	-	ATG	66151-68049
unassigned_transcript_56_68755_69168_414	annotated	unassigned_transcript_56	assumed_protein_coding	MM_RS00275	MM_RS00275	assumed_protein_coding	NC_003901.1	+	ATG	68755-69168
unassigned_transcript_58_71412_71879_468	annotated	unassigned_transcript_58	assumed_protein_coding	MM_RS00285	MM_RS00285	assumed_protein_coding	NC_003901.1	+	ATG	71412-71879
unassigned_transcript_59_72310_73809_1500	annotated	unassigned_transcript_59	assumed_protein_coding	MM_RS00290	MM_RS00290	assumed_protein_coding	NC_003901.1	-	ATG	72310-73809
unassigned_transcript_60_73809_76187_2379	annotated	unassigned_transcript_60	assumed_protein_coding	MM_RS00295	MM_RS00295	assumed_protein_coding	NC_003901.1	-	ATG	73809-76187
unassigned_transcript_61_77008_77286_279	annotated	unassigned_transcript_61	assumed_protein_coding	MM_RS00300	MM_RS00300	assumed_protein_coding	NC_003901.1	+	ATG	77008-77286
unassigned_transcript_62_77762_78223_462	annotated	unassigned_transcript_62	assumed_protein_coding	MM_RS00305	MM_RS00305	assumed_protein_coding	NC_003901.1	+	ATG	77762-78223
unassigned_transcript_63_78236_79477_1242	annotated	unassigned_transcript_63	assumed_protein_coding	MM_RS00310	MM_RS00310	assumed_protein_coding	NC_003901.1	+	ATG	78236-79477
unassigned_transcript_64_79480_79875_396	annotated	unassigned_transcript_64	assumed_protein_coding	MM_RS00315	MM_RS00315	assumed_protein_coding	NC_003901.1	+	ATG	79480-79875
unassigned_transcript_65_80012_80293_282	annotated	unassigned_transcript_65	assumed_protein_coding	MM_RS00320	MM_RS00320	assumed_protein_coding	NC_003901.1	+	ATG	80012-80293
unassigned_transcript_68_83345_85348_2004	annotated	unassigned_transcript_68	assumed_protein_coding	MM_RS00335	MM_RS00335	assumed_protein_coding	NC_003901.1	-	ATG	83345-85348
unassigned_transcript_69_85910_89065_3156	annotated	unassigned_transcript_69	assumed_protein_coding	MM_RS00340	MM_RS00340	assumed_protein_coding	NC_003901.1	-	ATG	85910-89065
unassigned_transcript_70_89716_91257_1542	annotated	unassigned_transcript_70	assumed_protein_coding	MM_RS00345	MM_RS00345	assumed_protein_coding	NC_003901.1	-	ATG	89716-91257
unassigned_transcript_71_91257_92966_1710	annotated	unassigned_transcript_71	assumed_protein_coding	MM_RS00350	MM_RS00350	assumed_protein_coding	NC_003901.1	-	ATG	91257-92966
unassigned_transcript_72_93526_94458_933	annotated	unassigned_transcript_72	assumed_protein_coding	MM_RS00355	MM_RS00355	assumed_protein_coding	NC_003901.1	-	ATG	93526-94458
unassigned_transcript_73_94881_95570_690	annotated	unassigned_transcript_73	assumed_protein_coding	MM_RS00360	MM_RS00360	assumed_protein_coding	NC_003901.1	+	ATG	94881-95570
unassigned_transcript_74_95590_96255_666	annotated	unassigned_transcript_74	assumed_protein_coding	MM_RS00365	MM_RS00365	assumed_protein_coding	NC_003901.1	+	ATG	95590-96255
unassigned_transcript_75_96458_98092_1635	annotated	unassigned_transcript_75	assumed_protein_coding	MM_RS00370	MM_RS00370	assumed_protein_coding	NC_003901.1	-	ATG	96458-98092
unassigned_transcript_76_98572_99273_702	annotated	unassigned_transcript_76	assumed_protein_coding	MM_RS00375	MM_RS00375	assumed_protein_coding	NC_003901.1	-	ATG	98572-99273
unassigned_transcript_77_99389_100720_1332	annotated	unassigned_transcript_77	assumed_protein_coding	MM_RS00380	MM_RS00380	assumed_protein_coding	NC_003901.1	-	ATG	99389-100720
unassigned_transcript_78_101238_101645_408	annotated	unassigned_transcript_78	assumed_protein_coding	MM_RS00385	MM_RS00385	assumed_protein_coding	NC_003901.1	+	ATG	101238-101645
unassigned_transcript_79_101875_102132_258	annotated	unassigned_transcript_79	assumed_protein_coding	MM_RS00390	MM_RS00390	assumed_protein_coding	NC_003901.1	+	ATG	101875-102132
unassigned_transcript_82_105080_105973_894	annotated	unassigned_transcript_82	assumed_protein_coding	MM_RS00405	MM_RS00405	assumed_protein_coding	NC_003901.1	+	ATG	105080-105973
unassigned_transcript_84_107745_109103_1359	annotated	unassigned_transcript_84	assumed_protein_coding	MM_RS00415	MM_RS00415	assumed_protein_coding	NC_003901.1	-	ATG	107745-109103
unassigned_transcript_85_109133_109408_276	annotated	unassigned_transcript_85	assumed_protein_coding	MM_RS00420	MM_RS00420	assumed_protein_coding	NC_003901.1	-	ATG	109133-109408
unassigned_transcript_86_109847_110353_507	annotated	unassigned_transcript_86	assumed_protein_coding	MM_RS00425	MM_RS00425	assumed_protein_coding	NC_003901.1	-	ATG	109847-110353
unassigned_transcript_87_110612_111025_414	annotated	unassigned_transcript_87	assumed_protein_coding	MM_RS00430	MM_RS00430	assumed_protein_coding	NC_003901.1	-	ATG	110612-111025
unassigned_transcript_88_111387_111917_531	annotated	unassigned_transcript_88	assumed_protein_coding	MM_RS00435	MM_RS00435	assumed_protein_coding	NC_003901.1	-	ATG	111387-111917
unassigned_transcript_89_112012_113529_1518	annotated	unassigned_transcript_89	assumed_protein_coding	MM_RS00440	MM_RS00440	assumed_protein_coding	NC_003901.1	-	ATG	112012-113529
unassigned_transcript_90_113891_114763_873	annotated	unassigned_transcript_90	assumed_protein_coding	MM_RS00445	MM_RS00445	assumed_protein_coding	NC_003901.1	-	ATG	113891-114763
unassigned_transcript_91_115139_115342_204	annotated	unassigned_transcript_91	assumed_protein_coding	MM_RS00450	MM_RS00450	assumed_protein_coding	NC_003901.1	-	ATG	115139-115342
unassigned_transcript_92_115987_116205_219	annotated	unassigned_transcript_92	assumed_protein_coding	MM_RS00455	MM_RS00455	assumed_protein_coding	NC_003901.1	-	ATG	115987-116205
unassigned_transcript_93_117274_118440_1167	annotated	unassigned_transcript_93	assumed_protein_coding	MM_RS00460	MM_RS00460	assumed_protein_coding	NC_003901.1	-	ATG	117274-118440
unassigned_transcript_94_118502_119647_1146	annotated	unassigned_transcript_94	assumed_protein_coding	MM_RS00465	MM_RS00465	assumed_protein_coding	NC_003901.1	-	ATG	118502-119647
unassigned_transcript_95_120251_121705_1455	annotated	unassigned_transcript_95	assumed_protein_coding	MM_RS00470	MM_RS00470	assumed_protein_coding	NC_003901.1	+	ATG	120251-121705
unassigned_transcript_96_122048_122293_246	annotated	unassigned_transcript_96	assumed_protein_coding	MM_RS19060	MM_RS19060	assumed_protein_coding	NC_003901.1	-	ATG	122048-122293
unassigned_transcript_100_125739_126716_978	annotated	unassigned_transcript_100	assumed_protein_coding	MM_RS00490	MM_RS00490	assumed_protein_coding	NC_003901.1	-	ATG	125739-126716
unassigned_transcript_101_126938_127636_699	annotated	unassigned_transcript_101	assumed_protein_coding	MM_RS00495	MM_RS00495	assumed_protein_coding	NC_003901.1	+	ATG	126938-127636
unassigned_transcript_104_129031_129381_351	annotated	unassigned_transcript_104	assumed_protein_coding	MM_RS00505	MM_RS00505	assumed_protein_coding	NC_003901.1	-	ATG	129031-129381
unassigned_transcript_106_130957_132141_1185	annotated	unassigned_transcript_106	assumed_protein_coding	MM_RS00515	MM_RS00515	assumed_protein_coding	NC_003901.1	-	ATG	130957-132141
unassigned_transcript_107_133007_133243_237	annotated	unassigned_transcript_107	assumed_protein_coding	MM_RS00520	MM_RS00520	assumed_protein_coding	NC_003901.1	-	ATG	133007-133243
unassigned_transcript_108_133816_134217_402	annotated	unassigned_transcript_108	assumed_protein_coding	MM_RS00525	MM_RS00525	assumed_protein_coding	NC_003901.1	+	ATG	133816-134217
unassigned_transcript_111_135686_136873_1188	annotated	unassigned_transcript_111	assumed_protein_coding	MM_RS00540	MM_RS00540	assumed_protein_coding	NC_003901.1	+	ATG	135686-136873
unassigned_transcript_113_137429_138400_972	annotated	unassigned_transcript_113	assumed_protein_coding	MM_RS00550	MM_RS00550	assumed_protein_coding	NC_003901.1	+	ATG	137429-138400
unassigned_transcript_114_138677_139021_345	annotated	unassigned_transcript_114	assumed_protein_coding	MM_RS00555	MM_RS00555	assumed_protein_coding	NC_003901.1	+	ATG	138677-139021
unassigned_transcript_115_139146_140378_1233	annotated	unassigned_transcript_115	assumed_protein_coding	MM_RS00560	MM_RS00560	assumed_protein_coding	NC_003901.1	+	ATG	139146-140378
unassigned_transcript_116_140519_140941_423	annotated	unassigned_transcript_116	assumed_protein_coding	MM_RS00565	MM_RS00565	assumed_protein_coding	NC_003901.1	+	ATG	140519-140941
unassigned_transcript_117_140925_142238_1314	annotated	unassigned_transcript_117	assumed_protein_coding	MM_RS00570	MM_RS00570	assumed_protein_coding	NC_003901.1	+	ATG	140925-142238
unassigned_transcript_118_142503_143900_1398	annotated	unassigned_transcript_118	assumed_protein_coding	MM_RS00575	MM_RS00575	assumed_protein_coding	NC_003901.1	-	ATG	142503-143900
unassigned_transcript_119_143893_144324_432	annotated	unassigned_transcript_119	assumed_protein_coding	MM_RS00580	MM_RS00580	assumed_protein_coding	NC_003901.1	-	ATG	143893-144324
unassigned_transcript_120_144524_144706_183	annotated	unassigned_transcript_120	assumed_protein_coding	MM_RS00585	MM_RS00585	assumed_protein_coding	NC_003901.1	+	ATG	144524-144706
unassigned_transcript_122_145678_145806_129	annotated	unassigned_transcript_122	assumed_protein_coding	MM_RS19365	MM_RS19365	assumed_protein_coding	NC_003901.1	-	ATG	145678-145806
unassigned_transcript_123_145907_146119_213	annotated	unassigned_transcript_123	assumed_protein_coding	MM_RS00595	MM_RS00595	assumed_protein_coding	NC_003901.1	+	ATG	145907-146119
unassigned_transcript_124_146237_146368_132	annotated	unassigned_transcript_124	assumed_protein_coding	MM_RS19370	MM_RS19370	assumed_protein_coding	NC_003901.1	-	ATG	146237-146368
unassigned_transcript_125_146553_148154_1602	annotated	unassigned_transcript_125	assumed_protein_coding	MM_RS00600	MM_RS00600	assumed_protein_coding	NC_003901.1	-	ATG	146553-148154
unassigned_transcript_128_150349_152220_1872	annotated	unassigned_transcript_128	assumed_protein_coding	MM_RS00615	MM_RS00615	assumed_protein_coding	NC_003901.1	+	ATG	150349-152220
unassigned_transcript_129_152239_152778_540	annotated	unassigned_transcript_129	assumed_protein_coding	MM_RS00620	MM_RS00620	assumed_protein_coding	NC_003901.1	+	ATG	152239-152778
unassigned_transcript_130_153174_153632_459	annotated	unassigned_transcript_130	assumed_protein_coding	MM_RS00625	MM_RS00625	assumed_protein_coding	NC_003901.1	+	ATG	153174-153632
unassigned_transcript_131_153778_154713_936	annotated	unassigned_transcript_131	assumed_protein_coding	MM_RS00630	MM_RS00630	assumed_protein_coding	NC_003901.1	+	ATG	153778-154713
unassigned_transcript_132_155445_155888_444	annotated	unassigned_transcript_132	assumed_protein_coding	MM_RS00635	MM_RS00635	assumed_protein_coding	NC_003901.1	+	ATG	155445-155888
unassigned_transcript_133_156031_157338_1308	annotated	unassigned_transcript_133	assumed_protein_coding	MM_RS00640	MM_RS00640	assumed_protein_coding	NC_003901.1	-	ATG	156031-157338
unassigned_transcript_134_157344_158681_1338	annotated	unassigned_transcript_134	assumed_protein_coding	MM_RS00645	MM_RS00645	assumed_protein_coding	NC_003901.1	-	ATG	157344-158681
unassigned_transcript_135_158687_160753_2067	annotated	unassigned_transcript_135	assumed_protein_coding	MM_RS00650	MM_RS00650	assumed_protein_coding	NC_003901.1	-	ATG	158687-160753
unassigned_transcript_136_161203_161964_762	annotated	unassigned_transcript_136	assumed_protein_coding	MM_RS00655	MM_RS00655	assumed_protein_coding	NC_003901.1	+	ATG	161203-161964
unassigned_transcript_137_161978_162415_438	annotated	unassigned_transcript_137	assumed_protein_coding	MM_RS00660	MM_RS00660	assumed_protein_coding	NC_003901.1	-	ATG	161978-162415
unassigned_transcript_138_162643_163410_768	annotated	unassigned_transcript_138	assumed_protein_coding	MM_RS00665	MM_RS00665	assumed_protein_coding	NC_003901.1	+	ATG	162643-163410
unassigned_transcript_139_163735_163941_207	annotated	unassigned_transcript_139	assumed_protein_coding	MM_RS00670	MM_RS00670	assumed_protein_coding	NC_003901.1	-	ATG	163735-163941
unassigned_transcript_140_164134_164589_456	annotated	unassigned_transcript_140	assumed_protein_coding	MM_RS00675	MM_RS00675	assumed_protein_coding	NC_003901.1	+	ATG	164134-164589
unassigned_transcript_141_164917_166164_1248	annotated	unassigned_transcript_141	assumed_protein_coding	MM_RS00680	MM_RS00680	assumed_protein_coding	NC_003901.1	+	ATG	164917-166164
unassigned_transcript_142_166296_167450_1155	annotated	unassigned_transcript_142	assumed_protein_coding	MM_RS00685	MM_RS00685	assumed_protein_coding	NC_003901.1	+	ATG	166296-167450
unassigned_transcript_143_167525_168838_1314	annotated	unassigned_transcript_143	assumed_protein_coding	MM_RS00690	MM_RS00690	assumed_protein_coding	NC_003901.1	-	ATG	167525-168838
unassigned_transcript_151_171521_171646_126	annotated	unassigned_transcript_151	assumed_protein_coding	MM_RS19375	MM_RS19375	assumed_protein_coding	NC_003901.1	+	ATG	171521-171646
unassigned_transcript_153_172684_173076_393	annotated	unassigned_transcript_153	assumed_protein_coding	MM_RS00740	MM_RS00740	assumed_protein_coding	NC_003901.1	-	ATG	172684-173076
unassigned_transcript_154_174141_175199_1059	annotated	unassigned_transcript_154	assumed_protein_coding	MM_RS00745	MM_RS00745	assumed_protein_coding	NC_003901.1	-	ATG	174141-175199
unassigned_transcript_155_175263_176249_987	annotated	unassigned_transcript_155	assumed_protein_coding	MM_RS00750	MM_RS00750	assumed_protein_coding	NC_003901.1	-	ATG	175263-176249
unassigned_transcript_157_177146_177706_561	annotated	unassigned_transcript_157	assumed_protein_coding	MM_RS00760	MM_RS00760	assumed_protein_coding	NC_003901.1	+	ATG	177146-177706
unassigned_transcript_158_177873_178181_309	annotated	unassigned_transcript_158	assumed_protein_coding	MM_RS00765	MM_RS00765	assumed_protein_coding	NC_003901.1	-	ATG	177873-178181
unassigned_transcript_159_178648_179946_1299	annotated	unassigned_transcript_159	assumed_protein_coding	MM_RS00770	MM_RS00770	assumed_protein_coding	NC_003901.1	+	ATG	178648-179946
unassigned_transcript_160_180118_181023_906	annotated	unassigned_transcript_160	assumed_protein_coding	MM_RS00775	MM_RS00775	assumed_protein_coding	NC_003901.1	+	ATG	180118-181023
unassigned_transcript_162_182613_183395_783	annotated	unassigned_transcript_162	assumed_protein_coding	MM_RS00785	MM_RS00785	assumed_protein_coding	NC_003901.1	+	ATG	182613-183395
unassigned_transcript_163_183762_184424_663	annotated	unassigned_transcript_163	assumed_protein_coding	MM_RS00790	MM_RS00790	assumed_protein_coding	NC_003901.1	+	ATG	183762-184424
unassigned_transcript_165_185332_185541_210	annotated	unassigned_transcript_165	assumed_protein_coding	MM_RS00800	MM_RS00800	assumed_protein_coding	NC_003901.1	+	ATG	185332-185541
unassigned_transcript_167_189186_191105_1920	annotated	unassigned_transcript_167	assumed_protein_coding	MM_RS00815	MM_RS00815	assumed_protein_coding	NC_003901.1	-	ATG	189186-191105
unassigned_transcript_169_191547_191696_150	annotated	unassigned_transcript_169	assumed_protein_coding	MM_RS18165	MM_RS18165	assumed_protein_coding	NC_003901.1	-	ATG	191547-191696
unassigned_transcript_170_191933_193066_1134	annotated	unassigned_transcript_170	assumed_protein_coding	MM_RS00825	MM_RS00825	assumed_protein_coding	NC_003901.1	-	ATG	191933-193066
unassigned_transcript_171_193892_194461_570	annotated	unassigned_transcript_171	assumed_protein_coding	MM_RS00830	MM_RS00830	assumed_protein_coding	NC_003901.1	+	ATG	193892-194461
unassigned_transcript_172_194588_198223_3636	annotated	unassigned_transcript_172	assumed_protein_coding	MM_RS00835	MM_RS00835	assumed_protein_coding	NC_003901.1	+	ATG	194588-198223
unassigned_transcript_173_198320_200656_2337	annotated	unassigned_transcript_173	assumed_protein_coding	MM_RS00840	MM_RS00840	assumed_protein_coding	NC_003901.1	-	ATG	198320-200656
unassigned_transcript_174_200894_204388_3495	annotated	unassigned_transcript_174	assumed_protein_coding	MM_RS00845	MM_RS00845	assumed_protein_coding	NC_003901.1	+	ATG	200894-204388
unassigned_transcript_175_204388_204546_159	annotated	unassigned_transcript_175	assumed_protein_coding	MM_RS00850	MM_RS00850	assumed_protein_coding	NC_003901.1	+	ATG	204388-204546
unassigned_transcript_176_204546_204686_141	annotated	unassigned_transcript_176	assumed_protein_coding	MM_RS18170	MM_RS18170	assumed_protein_coding	NC_003901.1	+	ATG	204546-204686
unassigned_transcript_179_206166_206288_123	annotated	unassigned_transcript_179	assumed_protein_coding	MM_RS19380	MM_RS19380	assumed_protein_coding	NC_003901.1	-	ATG	206166-206288
unassigned_transcript_181_207714_207938_225	annotated	unassigned_transcript_181	assumed_protein_coding	MM_RS00870	MM_RS00870	assumed_protein_coding	NC_003901.1	-	ATG	207714-207938
unassigned_transcript_182_207937_208128_192	annotated	unassigned_transcript_182	assumed_protein_coding	MM_RS18175	MM_RS18175	assumed_protein_coding	NC_003901.1	+	ATG	207937-208128
unassigned_transcript_183_208431_209813_1383	annotated	unassigned_transcript_183	assumed_protein_coding	MM_RS00880	MM_RS00880	assumed_protein_coding	NC_003901.1	+	ATG	208431-209813
unassigned_transcript_184_210040_212739_2700	annotated	unassigned_transcript_184	assumed_protein_coding	MM_RS00885	MM_RS00885	assumed_protein_coding	NC_003901.1	+	ATG	210040-212739
unassigned_transcript_185_212816_214861_2046	annotated	unassigned_transcript_185	assumed_protein_coding	MM_RS00890	MM_RS00890	assumed_protein_coding	NC_003901.1	+	ATG	212816-214861
unassigned_transcript_186_215013_215330_318	annotated	unassigned_transcript_186	assumed_protein_coding	MM_RS00895	MM_RS00895	assumed_protein_coding	NC_003901.1	-	ATG	215013-215330
unassigned_transcript_187_215609_217054_1446	annotated	unassigned_transcript_187	assumed_protein_coding	MM_RS00900	MM_RS00900	assumed_protein_coding	NC_003901.1	+	ATG	215609-217054
unassigned_transcript_188_217859_218947_1089	annotated	unassigned_transcript_188	assumed_protein_coding	MM_RS00905	MM_RS00905	assumed_protein_coding	NC_003901.1	+	ATG	217859-218947
unassigned_transcript_189_219157_223908_4752	annotated	unassigned_transcript_189	assumed_protein_coding	MM_RS00910	MM_RS00910	assumed_protein_coding	NC_003901.1	-	ATG	219157-223908
unassigned_transcript_190_223962_226253_2292	annotated	unassigned_transcript_190	assumed_protein_coding	MM_RS00915	MM_RS00915	assumed_protein_coding	NC_003901.1	-	ATG	223962-226253
unassigned_transcript_191_226261_227354_1094	annotated	unassigned_transcript_191	assumed_protein_coding	MM_RS17665	MM_RS17665	assumed_protein_coding	NC_003901.1	-	ATG	226261-227354
unassigned_transcript_193_229545_229859_315	annotated	unassigned_transcript_193	assumed_protein_coding	MM_RS18735	MM_RS18735	assumed_protein_coding	NC_003901.1	+	ATG	229545-229859
unassigned_transcript_194_230669_231268_600	annotated	unassigned_transcript_194	assumed_protein_coding	MM_RS00940	MM_RS00940	assumed_protein_coding	NC_003901.1	+	ATG	230669-231268
unassigned_transcript_199_238003_238782_780	annotated	unassigned_transcript_199	assumed_protein_coding	MM_RS00970	MM_RS00970	assumed_protein_coding	NC_003901.1	+	ATG	238003-238782
unassigned_transcript_200_238799_240184_1386	annotated	unassigned_transcript_200	assumed_protein_coding	MM_RS00975	MM_RS00975	assumed_protein_coding	NC_003901.1	+	ATG	238799-240184
unassigned_transcript_201_240529_241545_1017	annotated	unassigned_transcript_201	assumed_protein_coding	MM_RS00980	MM_RS00980	assumed_protein_coding	NC_003901.1	-	ATG	240529-241545
unassigned_transcript_202_242083_242604_522	annotated	unassigned_transcript_202	assumed_protein_coding	MM_RS00985	MM_RS00985	assumed_protein_coding	NC_003901.1	+	ATG	242083-242604
unassigned_transcript_204_249408_249800_393	annotated	unassigned_transcript_204	assumed_protein_coding	MM_RS00995	MM_RS00995	assumed_protein_coding	NC_003901.1	+	ATG	249408-249800
unassigned_transcript_205_249860_250354_495	annotated	unassigned_transcript_205	assumed_protein_coding	MM_RS01000	MM_RS01000	assumed_protein_coding	NC_003901.1	-	ATG	249860-250354
unassigned_transcript_206_250785_251756_972	annotated	unassigned_transcript_206	assumed_protein_coding	MM_RS01010	MM_RS01010	assumed_protein_coding	NC_003901.1	+	ATG	250785-251756
unassigned_transcript_207_251929_253212_1284	annotated	unassigned_transcript_207	assumed_protein_coding	MM_RS01015	MM_RS01015	assumed_protein_coding	NC_003901.1	-	ATG	251929-253212
unassigned_transcript_208_254024_256519_2496	annotated	unassigned_transcript_208	assumed_protein_coding	MM_RS01020	MM_RS01020	assumed_protein_coding	NC_003901.1	+	ATG	254024-256519
unassigned_transcript_211_258228_258392_165	annotated	unassigned_transcript_211	assumed_protein_coding	MM_RS18190	MM_RS18190	assumed_protein_coding	NC_003901.1	+	ATG	258228-258392
unassigned_transcript_212_258697_259461_765	annotated	unassigned_transcript_212	assumed_protein_coding	MM_RS01030	MM_RS01030	assumed_protein_coding	NC_003901.1	+	ATG	258697-259461
unassigned_transcript_213_259624_259953_330	annotated	unassigned_transcript_213	assumed_protein_coding	MM_RS01035	MM_RS01035	assumed_protein_coding	NC_003901.1	-	ATG	259624-259953
unassigned_transcript_214_260231_260539_309	annotated	unassigned_transcript_214	assumed_protein_coding	MM_RS01040	MM_RS01040	assumed_protein_coding	NC_003901.1	+	ATG	260231-260539
unassigned_transcript_215_260539_260883_345	annotated	unassigned_transcript_215	assumed_protein_coding	MM_RS01045	MM_RS01045	assumed_protein_coding	NC_003901.1	+	ATG	260539-260883
unassigned_transcript_216_260893_261219_327	annotated	unassigned_transcript_216	assumed_protein_coding	MM_RS01050	MM_RS01050	assumed_protein_coding	NC_003901.1	-	ATG	260893-261219
unassigned_transcript_217_261351_264074_2724	annotated	unassigned_transcript_217	assumed_protein_coding	MM_RS01055	MM_RS01055	assumed_protein_coding	NC_003901.1	+	ATG	261351-264074
unassigned_transcript_218_264153_264371_219	annotated	unassigned_transcript_218	assumed_protein_coding	MM_RS01060	MM_RS01060	assumed_protein_coding	NC_003901.1	+	ATG	264153-264371
unassigned_transcript_219_264383_266008_1626	annotated	unassigned_transcript_219	assumed_protein_coding	MM_RS01065	MM_RS01065	assumed_protein_coding	NC_003901.1	-	ATG	264383-266008
unassigned_transcript_220_266080_266586_507	annotated	unassigned_transcript_220	assumed_protein_coding	MM_RS01070	MM_RS01070	assumed_protein_coding	NC_003901.1	+	ATG	266080-266586
unassigned_transcript_225_273320_274663_1344	annotated	unassigned_transcript_225	assumed_protein_coding	MM_RS01090	MM_RS01090	assumed_protein_coding	NC_003901.1	+	ATG	273320-274663
unassigned_transcript_226_275377_276738_1362	annotated	unassigned_transcript_226	assumed_protein_coding	MM_RS01095	MM_RS01095	assumed_protein_coding	NC_003901.1	-	ATG	275377-276738
unassigned_transcript_227_277049_277177_129	annotated	unassigned_transcript_227	assumed_protein_coding	MM_RS19385	MM_RS19385	assumed_protein_coding	NC_003901.1	-	ATG	277049-277177
unassigned_transcript_228_277460_277795_336	annotated	unassigned_transcript_228	assumed_protein_coding	MM_RS01100	MM_RS01100	assumed_protein_coding	NC_003901.1	+	ATG	277460-277795
unassigned_transcript_229_277773_278141_369	annotated	unassigned_transcript_229	assumed_protein_coding	MM_RS01105	MM_RS01105	assumed_protein_coding	NC_003901.1	+	ATG	277773-278141
unassigned_transcript_230_278175_278378_204	annotated	unassigned_transcript_230	assumed_protein_coding	MM_RS01110	MM_RS01110	assumed_protein_coding	NC_003901.1	-	ATG	278175-278378
unassigned_transcript_231_278848_279864_1017	annotated	unassigned_transcript_231	assumed_protein_coding	MM_RS01115	MM_RS01115	assumed_protein_coding	NC_003901.1	+	ATG	278848-279864
unassigned_transcript_232_280837_281286_450	annotated	unassigned_transcript_232	assumed_protein_coding	MM_RS01120	MM_RS01120	assumed_protein_coding	NC_003901.1	+	ATG	280837-281286
unassigned_transcript_233_281690_281869_180	annotated	unassigned_transcript_233	assumed_protein_coding	MM_RS01125	MM_RS01125	assumed_protein_coding	NC_003901.1	+	ATG	281690-281869
unassigned_transcript_236_282912_283532_621	annotated	unassigned_transcript_236	assumed_protein_coding	MM_RS01135	MM_RS01135	assumed_protein_coding	NC_003901.1	-	ATG	282912-283532
unassigned_transcript_237_283528_283896_369	annotated	unassigned_transcript_237	assumed_protein_coding	MM_RS01140	MM_RS01140	assumed_protein_coding	NC_003901.1	-	ATG	283528-283896
unassigned_transcript_238_284319_284774_456	annotated	unassigned_transcript_238	assumed_protein_coding	MM_RS01145	MM_RS01145	assumed_protein_coding	NC_003901.1	-	ATG	284319-284774
unassigned_transcript_240_286021_288192_2172	annotated	unassigned_transcript_240	assumed_protein_coding	MM_RS01165	MM_RS01165	assumed_protein_coding	NC_003901.1	+	ATG	286021-288192
unassigned_transcript_241_288322_288558_237	annotated	unassigned_transcript_241	assumed_protein_coding	MM_RS01170	MM_RS01170	assumed_protein_coding	NC_003901.1	-	ATG	288322-288558
unassigned_transcript_245_292856_293968_1113	annotated	unassigned_transcript_245	assumed_protein_coding	MM_RS01190	MM_RS01190	assumed_protein_coding	NC_003901.1	-	ATG	292856-293968
unassigned_transcript_246_293968_294783_816	annotated	unassigned_transcript_246	assumed_protein_coding	MM_RS01195	MM_RS01195	assumed_protein_coding	NC_003901.1	-	ATG	293968-294783
unassigned_transcript_247_294836_295441_606	annotated	unassigned_transcript_247	assumed_protein_coding	MM_RS01200	MM_RS01200	assumed_protein_coding	NC_003901.1	-	ATG	294836-295441
unassigned_transcript_248_295624_297885_2262	annotated	unassigned_transcript_248	assumed_protein_coding	MM_RS01205	MM_RS01205	assumed_protein_coding	NC_003901.1	-	ATG	295624-297885
unassigned_transcript_249_298722_299852_1131	annotated	unassigned_transcript_249	assumed_protein_coding	MM_RS01210	MM_RS01210	assumed_protein_coding	NC_003901.1	+	ATG	298722-299852
unassigned_transcript_251_300662_302383_1722	annotated	unassigned_transcript_251	assumed_protein_coding	MM_RS01220	MM_RS01220	assumed_protein_coding	NC_003901.1	-	ATG	300662-302383
unassigned_transcript_253_302791_303570_780	annotated	unassigned_transcript_253	assumed_protein_coding	MM_RS01230	MM_RS01230	assumed_protein_coding	NC_003901.1	-	ATG	302791-303570
unassigned_transcript_254_304128_304814_687	annotated	unassigned_transcript_254	assumed_protein_coding	MM_RS01235	MM_RS01235	assumed_protein_coding	NC_003901.1	-	ATG	304128-304814
unassigned_transcript_255_305497_305703_207	annotated	unassigned_transcript_255	assumed_protein_coding	MM_RS01240	MM_RS01240	assumed_protein_coding	NC_003901.1	+	ATG	305497-305703
unassigned_transcript_257_306104_306661_558	annotated	unassigned_transcript_257	assumed_protein_coding	MM_RS01245	MM_RS01245	assumed_protein_coding	NC_003901.1	+	ATG	306104-306661
unassigned_transcript_259_307255_307464_210	annotated	unassigned_transcript_259	assumed_protein_coding	MM_RS01255	MM_RS01255	assumed_protein_coding	NC_003901.1	-	ATG	307255-307464
unassigned_transcript_260_308205_308390_186	annotated	unassigned_transcript_260	assumed_protein_coding	MM_RS01260	MM_RS01260	assumed_protein_coding	NC_003901.1	-	ATG	308205-308390
unassigned_transcript_261_308476_308700_225	annotated	unassigned_transcript_261	assumed_protein_coding	MM_RS18745	MM_RS18745	assumed_protein_coding	NC_003901.1	-	ATG	308476-308700
unassigned_transcript_262_309343_310389_1047	annotated	unassigned_transcript_262	assumed_protein_coding	MM_RS01270	MM_RS01270	assumed_protein_coding	NC_003901.1	+	ATG	309343-310389
unassigned_transcript_263_311030_311698_669	annotated	unassigned_transcript_263	assumed_protein_coding	MM_RS01275	MM_RS01275	assumed_protein_coding	NC_003901.1	-	ATG	311030-311698
unassigned_transcript_264_312030_312398_369	annotated	unassigned_transcript_264	assumed_protein_coding	MM_RS01280	MM_RS01280	assumed_protein_coding	NC_003901.1	+	ATG	312030-312398
unassigned_transcript_265_312631_313383_753	annotated	unassigned_transcript_265	assumed_protein_coding	MM_RS01285	MM_RS01285	assumed_protein_coding	NC_003901.1	-	ATG	312631-313383
unassigned_transcript_266_313697_317020_3324	annotated	unassigned_transcript_266	assumed_protein_coding	MM_RS01290	MM_RS01290	assumed_protein_coding	NC_003901.1	-	ATG	313697-317020
unassigned_transcript_268_318992_319876_885	annotated	unassigned_transcript_268	assumed_protein_coding	MM_RS01300	MM_RS01300	assumed_protein_coding	NC_003901.1	+	ATG	318992-319876
unassigned_transcript_269_320094_320453_360	annotated	unassigned_transcript_269	assumed_protein_coding	MM_RS01305	MM_RS01305	assumed_protein_coding	NC_003901.1	-	ATG	320094-320453
unassigned_transcript_270_320656_321378_723	annotated	unassigned_transcript_270	assumed_protein_coding	MM_RS01310	MM_RS01310	assumed_protein_coding	NC_003901.1	+	ATG	320656-321378
unassigned_transcript_271_321499_322308_810	annotated	unassigned_transcript_271	assumed_protein_coding	MM_RS01315	MM_RS01315	assumed_protein_coding	NC_003901.1	-	ATG	321499-322308
unassigned_transcript_272_322786_323169_384	annotated	unassigned_transcript_272	assumed_protein_coding	MM_RS01320	MM_RS01320	assumed_protein_coding	NC_003901.1	-	ATG	322786-323169
unassigned_transcript_273_323175_324674_1500	annotated	unassigned_transcript_273	assumed_protein_coding	MM_RS01325	MM_RS01325	assumed_protein_coding	NC_003901.1	-	ATG	323175-324674
unassigned_transcript_274_325004_325456_453	annotated	unassigned_transcript_274	assumed_protein_coding	MM_RS01330	MM_RS01330	assumed_protein_coding	NC_003901.1	+	ATG	325004-325456
unassigned_transcript_275_325486_326625_1140	annotated	unassigned_transcript_275	assumed_protein_coding	MM_RS01335	MM_RS01335	assumed_protein_coding	NC_003901.1	-	ATG	325486-326625
unassigned_transcript_276_326682_327083_402	annotated	unassigned_transcript_276	assumed_protein_coding	MM_RS01340	MM_RS01340	assumed_protein_coding	NC_003901.1	-	ATG	326682-327083
unassigned_transcript_277_327136_327597_462	annotated	unassigned_transcript_277	assumed_protein_coding	MM_RS01345	MM_RS01345	assumed_protein_coding	NC_003901.1	-	ATG	327136-327597
unassigned_transcript_278_327687_328835_1149	annotated	unassigned_transcript_278	assumed_protein_coding	MM_RS01350	MM_RS01350	assumed_protein_coding	NC_003901.1	-	ATG	327687-328835
unassigned_transcript_279_329163_329723_561	annotated	unassigned_transcript_279	assumed_protein_coding	MM_RS01355	MM_RS01355	assumed_protein_coding	NC_003901.1	-	ATG	329163-329723
unassigned_transcript_281_332706_333359_654	annotated	unassigned_transcript_281	assumed_protein_coding	MM_RS01365	MM_RS01365	assumed_protein_coding	NC_003901.1	-	ATG	332706-333359
unassigned_transcript_282_333457_334887_1431	annotated	unassigned_transcript_282	assumed_protein_coding	MM_RS01370	MM_RS01370	assumed_protein_coding	NC_003901.1	-	ATG	333457-334887
unassigned_transcript_286_337565_339379_1815	annotated	unassigned_transcript_286	assumed_protein_coding	MM_RS01400	MM_RS01400	assumed_protein_coding	NC_003901.1	-	ATG	337565-339379
unassigned_transcript_287_339782_340636_855	annotated	unassigned_transcript_287	assumed_protein_coding	MM_RS01405	MM_RS01405	assumed_protein_coding	NC_003901.1	+	ATG	339782-340636
unassigned_transcript_289_341401_342330_930	annotated	unassigned_transcript_289	assumed_protein_coding	MM_RS01415	MM_RS01415	assumed_protein_coding	NC_003901.1	+	ATG	341401-342330
unassigned_transcript_290_342877_343230_354	annotated	unassigned_transcript_290	assumed_protein_coding	MM_RS01420	MM_RS01420	assumed_protein_coding	NC_003901.1	+	ATG	342877-343230
unassigned_transcript_291_343324_344526_1203	annotated	unassigned_transcript_291	assumed_protein_coding	MM_RS17675	MM_RS17675	assumed_protein_coding	NC_003901.1	+	ATG	343324-344526
unassigned_transcript_293_345355_347013_1659	annotated	unassigned_transcript_293	assumed_protein_coding	MM_RS01430	MM_RS01430	assumed_protein_coding	NC_003901.1	-	ATG	345355-347013
unassigned_transcript_294_348419_350182_1764	annotated	unassigned_transcript_294	assumed_protein_coding	MM_RS01435	MM_RS01435	assumed_protein_coding	NC_003901.1	+	ATG	348419-350182
unassigned_transcript_298_353475_353765_291	annotated	unassigned_transcript_298	assumed_protein_coding	MM_RS01455	MM_RS01455	assumed_protein_coding	NC_003901.1	-	ATG	353475-353765
unassigned_transcript_300_357397_358194_798	annotated	unassigned_transcript_300	assumed_protein_coding	MM_RS01465	MM_RS01465	assumed_protein_coding	NC_003901.1	-	ATG	357397-358194
unassigned_transcript_301_358483_358770_288	annotated	unassigned_transcript_301	assumed_protein_coding	MM_RS01470	MM_RS01470	assumed_protein_coding	NC_003901.1	-	ATG	358483-358770
unassigned_transcript_302_359097_359222_126	annotated	unassigned_transcript_302	assumed_protein_coding	MM_RS19390	MM_RS19390	assumed_protein_coding	NC_003901.1	+	ATG	359097-359222
unassigned_transcript_303_359321_359563_243	annotated	unassigned_transcript_303	assumed_protein_coding	MM_RS01475	MM_RS01475	assumed_protein_coding	NC_003901.1	-	ATG	359321-359563
unassigned_transcript_304_360219_360743_525	annotated	unassigned_transcript_304	assumed_protein_coding	MM_RS01480	MM_RS01480	assumed_protein_coding	NC_003901.1	+	ATG	360219-360743
unassigned_transcript_306_361370_361657_288	annotated	unassigned_transcript_306	assumed_protein_coding	MM_RS01490	MM_RS01490	assumed_protein_coding	NC_003901.1	-	ATG	361370-361657
unassigned_transcript_307_361956_362618_663	annotated	unassigned_transcript_307	assumed_protein_coding	MM_RS01500	MM_RS01500	assumed_protein_coding	NC_003901.1	+	ATG	361956-362618
unassigned_transcript_308_362817_365843_3027	annotated	unassigned_transcript_308	assumed_protein_coding	MM_RS01505	MM_RS01505	assumed_protein_coding	NC_003901.1	-	ATG	362817-365843
unassigned_transcript_309_365843_366310_468	annotated	unassigned_transcript_309	assumed_protein_coding	MM_RS01510	MM_RS01510	assumed_protein_coding	NC_003901.1	-	ATG	365843-366310
unassigned_transcript_310_366313_368112_1800	annotated	unassigned_transcript_310	assumed_protein_coding	MM_RS01515	MM_RS01515	assumed_protein_coding	NC_003901.1	-	ATG	366313-368112
unassigned_transcript_311_368118_371927_3810	annotated	unassigned_transcript_311	assumed_protein_coding	MM_RS01520	MM_RS01520	assumed_protein_coding	NC_003901.1	-	ATG	368118-371927
unassigned_transcript_312_372166_372837_672	annotated	unassigned_transcript_312	assumed_protein_coding	MM_RS01525	MM_RS01525	assumed_protein_coding	NC_003901.1	-	ATG	372166-372837
unassigned_transcript_313_372837_373808_972	annotated	unassigned_transcript_313	assumed_protein_coding	MM_RS01530	MM_RS01530	assumed_protein_coding	NC_003901.1	-	ATG	372837-373808
unassigned_transcript_314_374329_377322_2994	annotated	unassigned_transcript_314	assumed_protein_coding	MM_RS01535	MM_RS01535	assumed_protein_coding	NC_003901.1	+	ATG	374329-377322
unassigned_transcript_315_377774_378103_330	annotated	unassigned_transcript_315	assumed_protein_coding	MM_RS01540	MM_RS01540	assumed_protein_coding	NC_003901.1	+	ATG	377774-378103
unassigned_transcript_316_378214_378543_330	annotated	unassigned_transcript_316	assumed_protein_coding	MM_RS01545	MM_RS01545	assumed_protein_coding	NC_003901.1	+	ATG	378214-378543
unassigned_transcript_317_378966_380180_1215	annotated	unassigned_transcript_317	assumed_protein_coding	MM_RS01550	MM_RS01550	assumed_protein_coding	NC_003901.1	+	ATG	378966-380180
unassigned_transcript_318_380475_383372_2898	annotated	unassigned_transcript_318	assumed_protein_coding	MM_RS01555	MM_RS01555	assumed_protein_coding	NC_003901.1	+	ATG	380475-383372
unassigned_transcript_319_383736_384641_906	annotated	unassigned_transcript_319	assumed_protein_coding	MM_RS01560	MM_RS01560	assumed_protein_coding	NC_003901.1	-	ATG	383736-384641
unassigned_transcript_320_384741_385388_648	annotated	unassigned_transcript_320	assumed_protein_coding	MM_RS01565	MM_RS01565	assumed_protein_coding	NC_003901.1	-	ATG	384741-385388
unassigned_transcript_322_386031_386525_495	annotated	unassigned_transcript_322	assumed_protein_coding	MM_RS01570	MM_RS01570	assumed_protein_coding	NC_003901.1	+	ATG	386031-386525
unassigned_transcript_323_386961_387995_1035	annotated	unassigned_transcript_323	assumed_protein_coding	MM_RS01575	MM_RS01575	assumed_protein_coding	NC_003901.1	+	ATG	386961-387995
unassigned_transcript_324_388062_388580_519	annotated	unassigned_transcript_324	assumed_protein_coding	MM_RS01580	MM_RS01580	assumed_protein_coding	NC_003901.1	+	ATG	388062-388580
unassigned_transcript_325_388583_389368_786	annotated	unassigned_transcript_325	assumed_protein_coding	MM_RS01585	MM_RS01585	assumed_protein_coding	NC_003901.1	+	ATG	388583-389368
unassigned_transcript_326_389639_390184_546	annotated	unassigned_transcript_326	assumed_protein_coding	MM_RS01590	MM_RS01590	assumed_protein_coding	NC_003901.1	+	ATG	389639-390184
unassigned_transcript_328_390890_391456_567	annotated	unassigned_transcript_328	assumed_protein_coding	MM_RS01600	MM_RS01600	assumed_protein_coding	NC_003901.1	-	ATG	390890-391456
unassigned_transcript_329_391460_392722_1263	annotated	unassigned_transcript_329	assumed_protein_coding	MM_RS01605	MM_RS01605	assumed_protein_coding	NC_003901.1	-	ATG	391460-392722
unassigned_transcript_330_393474_395309_1836	annotated	unassigned_transcript_330	assumed_protein_coding	MM_RS01610	MM_RS01610	assumed_protein_coding	NC_003901.1	-	ATG	393474-395309
unassigned_transcript_331_395577_396194_618	annotated	unassigned_transcript_331	assumed_protein_coding	MM_RS01615	MM_RS01615	assumed_protein_coding	NC_003901.1	-	ATG	395577-396194
unassigned_transcript_332_396188_396847_660	annotated	unassigned_transcript_332	assumed_protein_coding	MM_RS01620	MM_RS01620	assumed_protein_coding	NC_003901.1	-	ATG	396188-396847
unassigned_transcript_333_396922_397062_141	annotated	unassigned_transcript_333	assumed_protein_coding	MM_RS18765	MM_RS18765	assumed_protein_coding	NC_003901.1	+	ATG	396922-397062
unassigned_transcript_334_397086_398207_1122	annotated	unassigned_transcript_334	assumed_protein_coding	MM_RS01625	MM_RS01625	assumed_protein_coding	NC_003901.1	-	ATG	397086-398207
unassigned_transcript_335_398235_399152_918	annotated	unassigned_transcript_335	assumed_protein_coding	MM_RS01630	MM_RS01630	assumed_protein_coding	NC_003901.1	-	ATG	398235-399152
unassigned_transcript_336_399691_400905_1215	annotated	unassigned_transcript_336	assumed_protein_coding	MM_RS01635	MM_RS01635	assumed_protein_coding	NC_003901.1	+	ATG	399691-400905
unassigned_transcript_337_400931_402784_1854	annotated	unassigned_transcript_337	assumed_protein_coding	MM_RS01640	MM_RS01640	assumed_protein_coding	NC_003901.1	+	ATG	400931-402784
unassigned_transcript_338_402873_404174_1302	annotated	unassigned_transcript_338	assumed_protein_coding	MM_RS01645	MM_RS01645	assumed_protein_coding	NC_003901.1	+	ATG	402873-404174
unassigned_transcript_339_404174_405364_1191	annotated	unassigned_transcript_339	assumed_protein_coding	MM_RS01650	MM_RS01650	assumed_protein_coding	NC_003901.1	+	ATG	404174-405364
unassigned_transcript_340_405548_406030_483	annotated	unassigned_transcript_340	assumed_protein_coding	MM_RS01655	MM_RS01655	assumed_protein_coding	NC_003901.1	-	ATG	405548-406030
unassigned_transcript_341_406408_406602_195	annotated	unassigned_transcript_341	assumed_protein_coding	MM_RS01660	MM_RS01660	assumed_protein_coding	NC_003901.1	-	ATG	406408-406602
unassigned_transcript_343_408712_408969_258	annotated	unassigned_transcript_343	assumed_protein_coding	MM_RS01670	MM_RS01670	assumed_protein_coding	NC_003901.1	+	ATG	408712-408969
unassigned_transcript_344_409245_410159_915	annotated	unassigned_transcript_344	assumed_protein_coding	MM_RS01675	MM_RS01675	assumed_protein_coding	NC_003901.1	-	ATG	409245-410159
unassigned_transcript_345_410613_411377_765	annotated	unassigned_transcript_345	assumed_protein_coding	MM_RS01680	MM_RS01680	assumed_protein_coding	NC_003901.1	+	ATG	410613-411377
unassigned_transcript_346_411408_412196_789	annotated	unassigned_transcript_346	assumed_protein_coding	MM_RS01685	MM_RS01685	assumed_protein_coding	NC_003901.1	+	ATG	411408-412196
unassigned_transcript_347_412310_413506_1197	annotated	unassigned_transcript_347	assumed_protein_coding	MM_RS01690	MM_RS01690	assumed_protein_coding	NC_003901.1	+	ATG	412310-413506
unassigned_transcript_350_416242_417003_762	annotated	unassigned_transcript_350	assumed_protein_coding	MM_RS01705	MM_RS01705	assumed_protein_coding	NC_003901.1	+	ATG	416242-417003
unassigned_transcript_351_417424_418074_651	annotated	unassigned_transcript_351	assumed_protein_coding	MM_RS01710	MM_RS01710	assumed_protein_coding	NC_003901.1	+	ATG	417424-418074
unassigned_transcript_353_418656_421262_2607	annotated	unassigned_transcript_353	assumed_protein_coding	MM_RS01720	MM_RS01720	assumed_protein_coding	NC_003901.1	+	ATG	418656-421262
unassigned_transcript_354_421447_421623_177	annotated	unassigned_transcript_354	assumed_protein_coding	MM_RS01725	MM_RS01725	assumed_protein_coding	NC_003901.1	-	ATG	421447-421623
unassigned_transcript_355_421727_422695_969	annotated	unassigned_transcript_355	assumed_protein_coding	MM_RS01730	MM_RS01730	assumed_protein_coding	NC_003901.1	-	ATG	421727-422695
unassigned_transcript_356_422700_424322_1623	annotated	unassigned_transcript_356	assumed_protein_coding	MM_RS01735	MM_RS01735	assumed_protein_coding	NC_003901.1	-	ATG	422700-424322
unassigned_transcript_357_424338_426188_1851	annotated	unassigned_transcript_357	assumed_protein_coding	MM_RS01740	MM_RS01740	assumed_protein_coding	NC_003901.1	-	ATG	424338-426188
unassigned_transcript_358_426229_426942_714	annotated	unassigned_transcript_358	assumed_protein_coding	MM_RS01745	MM_RS01745	assumed_protein_coding	NC_003901.1	-	ATG	426229-426942
unassigned_transcript_359_426947_427417_471	annotated	unassigned_transcript_359	assumed_protein_coding	MM_RS01750	MM_RS01750	assumed_protein_coding	NC_003901.1	-	ATG	426947-427417
unassigned_transcript_360_427425_427895_471	annotated	unassigned_transcript_360	assumed_protein_coding	MM_RS01755	MM_RS01755	assumed_protein_coding	NC_003901.1	-	ATG	427425-427895
unassigned_transcript_361_427914_428582_669	annotated	unassigned_transcript_361	assumed_protein_coding	MM_RS01760	MM_RS01760	assumed_protein_coding	NC_003901.1	-	ATG	427914-428582
unassigned_transcript_362_428662_429255_594	annotated	unassigned_transcript_362	assumed_protein_coding	MM_RS01765	MM_RS01765	assumed_protein_coding	NC_003901.1	-	ATG	428662-429255
unassigned_transcript_363_429270_429914_645	annotated	unassigned_transcript_363	assumed_protein_coding	MM_RS01770	MM_RS01770	assumed_protein_coding	NC_003901.1	-	ATG	429270-429914
unassigned_transcript_365_431474_432136_663	annotated	unassigned_transcript_365	assumed_protein_coding	MM_RS01780	MM_RS01780	assumed_protein_coding	NC_003901.1	-	ATG	431474-432136
unassigned_transcript_366_432136_432735_600	annotated	unassigned_transcript_366	assumed_protein_coding	MM_RS01785	MM_RS01785	assumed_protein_coding	NC_003901.1	-	ATG	432136-432735
unassigned_transcript_367_432731_435373_2643	annotated	unassigned_transcript_367	assumed_protein_coding	MM_RS01790	MM_RS01790	assumed_protein_coding	NC_003901.1	-	ATG	432731-435373
unassigned_transcript_368_435366_436415_1050	annotated	unassigned_transcript_368	assumed_protein_coding	MM_RS01795	MM_RS01795	assumed_protein_coding	NC_003901.1	-	ATG	435366-436415
unassigned_transcript_369_436432_436791_360	annotated	unassigned_transcript_369	assumed_protein_coding	MM_RS01800	MM_RS01800	assumed_protein_coding	NC_003901.1	-	ATG	436432-436791
unassigned_transcript_370_436820_437617_798	annotated	unassigned_transcript_370	assumed_protein_coding	MM_RS01805	MM_RS01805	assumed_protein_coding	NC_003901.1	-	ATG	436820-437617
unassigned_transcript_371_437617_438093_477	annotated	unassigned_transcript_371	assumed_protein_coding	MM_RS01810	MM_RS01810	assumed_protein_coding	NC_003901.1	-	ATG	437617-438093
unassigned_transcript_372_438180_440174_1995	annotated	unassigned_transcript_372	assumed_protein_coding	MM_RS01815	MM_RS01815	assumed_protein_coding	NC_003901.1	-	ATG	438180-440174
unassigned_transcript_373_440699_441064_366	annotated	unassigned_transcript_373	assumed_protein_coding	MM_RS01820	MM_RS01820	assumed_protein_coding	NC_003901.1	+	ATG	440699-441064
unassigned_transcript_374_441695_442948_1254	annotated	unassigned_transcript_374	assumed_protein_coding	MM_RS01825	MM_RS01825	assumed_protein_coding	NC_003901.1	+	ATG	441695-442948
unassigned_transcript_375_443363_443770_408	annotated	unassigned_transcript_375	assumed_protein_coding	MM_RS01830	MM_RS01830	assumed_protein_coding	NC_003901.1	+	ATG	443363-443770
unassigned_transcript_376_443961_445256_1296	annotated	unassigned_transcript_376	assumed_protein_coding	MM_RS01835	MM_RS01835	assumed_protein_coding	NC_003901.1	-	ATG	443961-445256
unassigned_transcript_377_445720_447063_1344	annotated	unassigned_transcript_377	assumed_protein_coding	MM_RS01840	MM_RS01840	assumed_protein_coding	NC_003901.1	-	ATG	445720-447063
unassigned_transcript_378_447635_447850_216	annotated	unassigned_transcript_378	assumed_protein_coding	MM_RS01845	MM_RS01845	assumed_protein_coding	NC_003901.1	+	ATG	447635-447850
unassigned_transcript_379_447995_448162_168	annotated	unassigned_transcript_379	assumed_protein_coding	MM_RS01850	MM_RS01850	assumed_protein_coding	NC_003901.1	+	ATG	447995-448162
unassigned_transcript_382_451181_451327_147	annotated	unassigned_transcript_382	assumed_protein_coding	MM_RS18200	MM_RS18200	assumed_protein_coding	NC_003901.1	-	ATG	451181-451327
unassigned_transcript_383_451473_452906_1434	annotated	unassigned_transcript_383	assumed_protein_coding	MM_RS01870	MM_RS01870	assumed_protein_coding	NC_003901.1	-	ATG	451473-452906
unassigned_transcript_384_452991_453317_327	annotated	unassigned_transcript_384	assumed_protein_coding	MM_RS01875	MM_RS01875	assumed_protein_coding	NC_003901.1	-	ATG	452991-453317
unassigned_transcript_385_453361_453816_456	annotated	unassigned_transcript_385	assumed_protein_coding	MM_RS01880	MM_RS01880	assumed_protein_coding	NC_003901.1	-	ATG	453361-453816
unassigned_transcript_386_454212_454619_408	annotated	unassigned_transcript_386	assumed_protein_coding	MM_RS01885	MM_RS01885	assumed_protein_coding	NC_003901.1	-	ATG	454212-454619
unassigned_transcript_387_454928_456394_1467	annotated	unassigned_transcript_387	assumed_protein_coding	MM_RS01890	MM_RS01890	assumed_protein_coding	NC_003901.1	-	ATG	454928-456394
unassigned_transcript_388_457434_458207_774	annotated	unassigned_transcript_388	assumed_protein_coding	MM_RS01900	MM_RS01900	assumed_protein_coding	NC_003901.1	+	ATG	457434-458207
unassigned_transcript_389_458507_459499_993	annotated	unassigned_transcript_389	assumed_protein_coding	MM_RS01905	MM_RS01905	assumed_protein_coding	NC_003901.1	+	ATG	458507-459499
unassigned_transcript_390_460062_461021_960	annotated	unassigned_transcript_390	assumed_protein_coding	MM_RS01915	MM_RS01915	assumed_protein_coding	NC_003901.1	-	ATG	460062-461021
unassigned_transcript_391_461765_462094_330	annotated	unassigned_transcript_391	assumed_protein_coding	MM_RS01920	MM_RS01920	assumed_protein_coding	NC_003901.1	+	ATG	461765-462094
unassigned_transcript_394_464319_465440_1122	annotated	unassigned_transcript_394	assumed_protein_coding	MM_RS01935	MM_RS01935	assumed_protein_coding	NC_003901.1	+	ATG	464319-465440
unassigned_transcript_395_465618_467021_1404	annotated	unassigned_transcript_395	assumed_protein_coding	MM_RS01940	MM_RS01940	assumed_protein_coding	NC_003901.1	-	ATG	465618-467021
unassigned_transcript_396_467231_467584_354	annotated	unassigned_transcript_396	assumed_protein_coding	MM_RS01945	MM_RS01945	assumed_protein_coding	NC_003901.1	-	ATG	467231-467584
unassigned_transcript_398_468463_468816_354	annotated	unassigned_transcript_398	assumed_protein_coding	MM_RS01955	MM_RS01955	assumed_protein_coding	NC_003901.1	-	ATG	468463-468816
unassigned_transcript_400_470083_470418_336	annotated	unassigned_transcript_400	assumed_protein_coding	MM_RS01965	MM_RS01965	assumed_protein_coding	NC_003901.1	+	ATG	470083-470418
unassigned_transcript_402_471016_471474_459	annotated	unassigned_transcript_402	assumed_protein_coding	MM_RS01975	MM_RS01975	assumed_protein_coding	NC_003901.1	+	ATG	471016-471474
unassigned_transcript_403_471552_471917_366	annotated	unassigned_transcript_403	assumed_protein_coding	MM_RS01980	MM_RS01980	assumed_protein_coding	NC_003901.1	+	ATG	471552-471917
unassigned_transcript_404_472180_472731_552	annotated	unassigned_transcript_404	assumed_protein_coding	MM_RS01985	MM_RS01985	assumed_protein_coding	NC_003901.1	-	ATG	472180-472731
unassigned_transcript_405_472902_473261_360	annotated	unassigned_transcript_405	assumed_protein_coding	MM_RS01990	MM_RS01990	assumed_protein_coding	NC_003901.1	+	ATG	472902-473261
unassigned_transcript_406_473430_474269_840	annotated	unassigned_transcript_406	assumed_protein_coding	MM_RS01995	MM_RS01995	assumed_protein_coding	NC_003901.1	+	ATG	473430-474269
unassigned_transcript_407_474484_475437_954	annotated	unassigned_transcript_407	assumed_protein_coding	MM_RS02000	MM_RS02000	assumed_protein_coding	NC_003901.1	+	ATG	474484-475437
unassigned_transcript_409_476651_477622_972	annotated	unassigned_transcript_409	assumed_protein_coding	MM_RS02010	MM_RS02010	assumed_protein_coding	NC_003901.1	+	ATG	476651-477622
unassigned_transcript_410_477648_477794_147	annotated	unassigned_transcript_410	assumed_protein_coding	MM_RS18205	MM_RS18205	assumed_protein_coding	NC_003901.1	+	ATG	477648-477794
unassigned_transcript_411_477794_478672_879	annotated	unassigned_transcript_411	assumed_protein_coding	MM_RS02015	MM_RS02015	assumed_protein_coding	NC_003901.1	+	ATG	477794-478672
unassigned_transcript_412_478678_480552_1875	annotated	unassigned_transcript_412	assumed_protein_coding	MM_RS02020	MM_RS02020	assumed_protein_coding	NC_003901.1	+	ATG	478678-480552
unassigned_transcript_414_483171_483764_594	annotated	unassigned_transcript_414	assumed_protein_coding	MM_RS02030	MM_RS02030	assumed_protein_coding	NC_003901.1	-	ATG	483171-483764
unassigned_transcript_415_483867_484916_1050	annotated	unassigned_transcript_415	assumed_protein_coding	MM_RS02035	MM_RS02035	assumed_protein_coding	NC_003901.1	-	ATG	483867-484916
unassigned_transcript_416_485273_486448_1176	annotated	unassigned_transcript_416	assumed_protein_coding	MM_RS02040	MM_RS02040	assumed_protein_coding	NC_003901.1	-	ATG	485273-486448
unassigned_transcript_417_486590_486982_393	annotated	unassigned_transcript_417	assumed_protein_coding	MM_RS02045	MM_RS02045	assumed_protein_coding	NC_003901.1	-	ATG	486590-486982
unassigned_transcript_418_487171_487650_480	annotated	unassigned_transcript_418	assumed_protein_coding	MM_RS02050	MM_RS02050	assumed_protein_coding	NC_003901.1	-	ATG	487171-487650
unassigned_transcript_419_487782_488333_552	annotated	unassigned_transcript_419	assumed_protein_coding	MM_RS02055	MM_RS02055	assumed_protein_coding	NC_003901.1	-	ATG	487782-488333
unassigned_transcript_420_488342_488821_480	annotated	unassigned_transcript_420	assumed_protein_coding	MM_RS02060	MM_RS02060	assumed_protein_coding	NC_003901.1	-	ATG	488342-488821
unassigned_transcript_421_489010_489648_639	annotated	unassigned_transcript_421	assumed_protein_coding	MM_RS02065	MM_RS02065	assumed_protein_coding	NC_003901.1	-	ATG	489010-489648
unassigned_transcript_423_490131_492446_2316	annotated	unassigned_transcript_423	assumed_protein_coding	MM_RS02070	MM_RS02070	assumed_protein_coding	NC_003901.1	+	ATG	490131-492446
unassigned_transcript_427_493831_494241_411	annotated	unassigned_transcript_427	assumed_protein_coding	MM_RS02090	MM_RS02090	assumed_protein_coding	NC_003901.1	-	ATG	493831-494241
unassigned_transcript_428_495245_495643_399	annotated	unassigned_transcript_428	assumed_protein_coding	MM_RS02095	MM_RS02095	assumed_protein_coding	NC_003901.1	-	ATG	495245-495643
unassigned_transcript_429_496300_498714_2415	annotated	unassigned_transcript_429	assumed_protein_coding	MM_RS02100	MM_RS02100	assumed_protein_coding	NC_003901.1	+	ATG	496300-498714
unassigned_transcript_430_498714_499421_708	annotated	unassigned_transcript_430	assumed_protein_coding	MM_RS02105	MM_RS02105	assumed_protein_coding	NC_003901.1	+	ATG	498714-499421
unassigned_transcript_432_500542_501882_1341	annotated	unassigned_transcript_432	assumed_protein_coding	MM_RS02115	MM_RS02115	assumed_protein_coding	NC_003901.1	-	ATG	500542-501882
unassigned_transcript_433_501997_504279_2283	annotated	unassigned_transcript_433	assumed_protein_coding	MM_RS02120	MM_RS02120	assumed_protein_coding	NC_003901.1	-	ATG	501997-504279
unassigned_transcript_434_504926_505174_249	annotated	unassigned_transcript_434	assumed_protein_coding	MM_RS02125	MM_RS02125	assumed_protein_coding	NC_003901.1	+	ATG	504926-505174
unassigned_transcript_436_506269_507033_765	annotated	unassigned_transcript_436	assumed_protein_coding	MM_RS02135	MM_RS02135	assumed_protein_coding	NC_003901.1	-	ATG	506269-507033
unassigned_transcript_437_507433_508689_1257	annotated	unassigned_transcript_437	assumed_protein_coding	MM_RS02140	MM_RS02140	assumed_protein_coding	NC_003901.1	-	ATG	507433-508689
unassigned_transcript_438_508775_510205_1431	annotated	unassigned_transcript_438	assumed_protein_coding	MM_RS02145	MM_RS02145	assumed_protein_coding	NC_003901.1	-	ATG	508775-510205
unassigned_transcript_439_510618_511823_1206	annotated	unassigned_transcript_439	assumed_protein_coding	MM_RS02155	MM_RS02155	assumed_protein_coding	NC_003901.1	-	ATG	510618-511823
unassigned_transcript_440_512355_512654_300	annotated	unassigned_transcript_440	assumed_protein_coding	MM_RS02160	MM_RS02160	assumed_protein_coding	NC_003901.1	+	ATG	512355-512654
unassigned_transcript_441_512755_513153_399	annotated	unassigned_transcript_441	assumed_protein_coding	MM_RS02165	MM_RS02165	assumed_protein_coding	NC_003901.1	-	ATG	512755-513153
unassigned_transcript_442_513580_514113_534	annotated	unassigned_transcript_442	assumed_protein_coding	MM_RS02170	MM_RS02170	assumed_protein_coding	NC_003901.1	-	ATG	513580-514113
unassigned_transcript_443_514143_515348_1206	annotated	unassigned_transcript_443	assumed_protein_coding	MM_RS02175	MM_RS02175	assumed_protein_coding	NC_003901.1	-	ATG	514143-515348
unassigned_transcript_444_515777_516076_300	annotated	unassigned_transcript_444	assumed_protein_coding	MM_RS02180	MM_RS02180	assumed_protein_coding	NC_003901.1	+	ATG	515777-516076
unassigned_transcript_445_516079_516288_210	annotated	unassigned_transcript_445	assumed_protein_coding	MM_RS02185	MM_RS02185	assumed_protein_coding	NC_003901.1	-	ATG	516079-516288
unassigned_transcript_446_516270_517700_1431	annotated	unassigned_transcript_446	assumed_protein_coding	MM_RS02190	MM_RS02190	assumed_protein_coding	NC_003901.1	-	ATG	516270-517700
unassigned_transcript_447_517887_519122_1236	annotated	unassigned_transcript_447	assumed_protein_coding	MM_RS02195	MM_RS02195	assumed_protein_coding	NC_003901.1	-	ATG	517887-519122
unassigned_transcript_448_519541_519840_300	annotated	unassigned_transcript_448	assumed_protein_coding	MM_RS02200	MM_RS02200	assumed_protein_coding	NC_003901.1	+	ATG	519541-519840
unassigned_transcript_449_519962_520378_417	annotated	unassigned_transcript_449	assumed_protein_coding	MM_RS02205	MM_RS02205	assumed_protein_coding	NC_003901.1	-	ATG	519962-520378
unassigned_transcript_452_522696_523691_996	annotated	unassigned_transcript_452	assumed_protein_coding	MM_RS02220	MM_RS02220	assumed_protein_coding	NC_003901.1	-	ATG	522696-523691
unassigned_transcript_453_523921_525480_1560	annotated	unassigned_transcript_453	assumed_protein_coding	MM_RS02225	MM_RS02225	assumed_protein_coding	NC_003901.1	-	ATG	523921-525480
unassigned_transcript_454_525480_527324_1845	annotated	unassigned_transcript_454	assumed_protein_coding	MM_RS02230	MM_RS02230	assumed_protein_coding	NC_003901.1	-	ATG	525480-527324
unassigned_transcript_455_527391_528182_792	annotated	unassigned_transcript_455	assumed_protein_coding	MM_RS02235	MM_RS02235	assumed_protein_coding	NC_003901.1	-	ATG	527391-528182
unassigned_transcript_456_528447_528965_519	annotated	unassigned_transcript_456	assumed_protein_coding	MM_RS02240	MM_RS02240	assumed_protein_coding	NC_003901.1	-	ATG	528447-528965
unassigned_transcript_458_529423_529626_204	annotated	unassigned_transcript_458	assumed_protein_coding	MM_RS18770	MM_RS18770	assumed_protein_coding	NC_003901.1	+	ATG	529423-529626
unassigned_transcript_459_529800_530573_774	annotated	unassigned_transcript_459	assumed_protein_coding	MM_RS02250	MM_RS02250	assumed_protein_coding	NC_003901.1	-	ATG	529800-530573
unassigned_transcript_460_530651_531238_588	annotated	unassigned_transcript_460	assumed_protein_coding	MM_RS02255	MM_RS02255	assumed_protein_coding	NC_003901.1	-	ATG	530651-531238
unassigned_transcript_461_531695_532543_849	annotated	unassigned_transcript_461	assumed_protein_coding	MM_RS02260	MM_RS02260	assumed_protein_coding	NC_003901.1	-	ATG	531695-532543
unassigned_transcript_463_534755_534901_147	annotated	unassigned_transcript_463	assumed_protein_coding	MM_RS18215	MM_RS18215	assumed_protein_coding	NC_003901.1	-	ATG	534755-534901
unassigned_transcript_464_535419_536528_1110	annotated	unassigned_transcript_464	assumed_protein_coding	MM_RS02270	MM_RS02270	assumed_protein_coding	NC_003901.1	-	ATG	535419-536528
unassigned_transcript_465_536556_536966_411	annotated	unassigned_transcript_465	assumed_protein_coding	MM_RS02275	MM_RS02275	assumed_protein_coding	NC_003901.1	+	ATG	536556-536966
unassigned_transcript_466_537165_537572_408	annotated	unassigned_transcript_466	assumed_protein_coding	MM_RS02280	MM_RS02280	assumed_protein_coding	NC_003901.1	-	ATG	537165-537572
unassigned_transcript_467_537680_538978_1299	annotated	unassigned_transcript_467	assumed_protein_coding	MM_RS02285	MM_RS02285	assumed_protein_coding	NC_003901.1	-	ATG	537680-538978
unassigned_transcript_468_539595_541784_2190	annotated	unassigned_transcript_468	assumed_protein_coding	MM_RS02290	MM_RS02290	assumed_protein_coding	NC_003901.1	-	ATG	539595-541784
unassigned_transcript_469_541961_543724_1764	annotated	unassigned_transcript_469	assumed_protein_coding	MM_RS02295	MM_RS02295	assumed_protein_coding	NC_003901.1	-	ATG	541961-543724
unassigned_transcript_472_546056_547783_1728	annotated	unassigned_transcript_472	assumed_protein_coding	MM_RS02310	MM_RS02310	assumed_protein_coding	NC_003901.1	+	ATG	546056-547783
unassigned_transcript_473_547779_549095_1317	annotated	unassigned_transcript_473	assumed_protein_coding	MM_RS02315	MM_RS02315	assumed_protein_coding	NC_003901.1	+	ATG	547779-549095
unassigned_transcript_474_549109_552264_3156	annotated	unassigned_transcript_474	assumed_protein_coding	MM_RS02320	MM_RS02320	assumed_protein_coding	NC_003901.1	+	ATG	549109-552264
unassigned_transcript_475_552346_552921_576	annotated	unassigned_transcript_475	assumed_protein_coding	MM_RS02325	MM_RS02325	assumed_protein_coding	NC_003901.1	+	ATG	552346-552921
unassigned_transcript_476_553033_553827_795	annotated	unassigned_transcript_476	assumed_protein_coding	MM_RS02330	MM_RS02330	assumed_protein_coding	NC_003901.1	+	ATG	553033-553827
unassigned_transcript_477_553883_554758_876	annotated	unassigned_transcript_477	assumed_protein_coding	MM_RS02335	MM_RS02335	assumed_protein_coding	NC_003901.1	+	ATG	553883-554758
unassigned_transcript_478_554905_555309_405	annotated	unassigned_transcript_478	assumed_protein_coding	MM_RS02340	MM_RS02340	assumed_protein_coding	NC_003901.1	-	ATG	554905-555309
unassigned_transcript_479_556057_556320_264	annotated	unassigned_transcript_479	assumed_protein_coding	MM_RS02345	MM_RS02345	assumed_protein_coding	NC_003901.1	-	ATG	556057-556320
unassigned_transcript_480_556591_557400_810	annotated	unassigned_transcript_480	assumed_protein_coding	MM_RS02350	MM_RS02350	assumed_protein_coding	NC_003901.1	-	ATG	556591-557400
unassigned_transcript_481_557740_558615_876	annotated	unassigned_transcript_481	assumed_protein_coding	MM_RS02355	MM_RS02355	assumed_protein_coding	NC_003901.1	-	ATG	557740-558615
unassigned_transcript_482_558810_559421_612	annotated	unassigned_transcript_482	assumed_protein_coding	MM_RS02360	MM_RS02360	assumed_protein_coding	NC_003901.1	-	ATG	558810-559421
unassigned_transcript_483_559427_560650_1224	annotated	unassigned_transcript_483	assumed_protein_coding	MM_RS02365	MM_RS02365	assumed_protein_coding	NC_003901.1	-	ATG	559427-560650
unassigned_transcript_485_562273_563508_1236	annotated	unassigned_transcript_485	assumed_protein_coding	MM_RS02375	MM_RS02375	assumed_protein_coding	NC_003901.1	-	ATG	562273-563508
unassigned_transcript_486_564069_564674_606	annotated	unassigned_transcript_486	assumed_protein_coding	MM_RS02380	MM_RS02380	assumed_protein_coding	NC_003901.1	-	ATG	564069-564674
unassigned_transcript_487_564815_565795_981	annotated	unassigned_transcript_487	assumed_protein_coding	MM_RS02385	MM_RS02385	assumed_protein_coding	NC_003901.1	-	ATG	564815-565795
unassigned_transcript_488_565951_567234_1284	annotated	unassigned_transcript_488	assumed_protein_coding	MM_RS02390	MM_RS02390	assumed_protein_coding	NC_003901.1	+	ATG	565951-567234
unassigned_transcript_489_567496_568263_768	annotated	unassigned_transcript_489	assumed_protein_coding	MM_RS02395	MM_RS02395	assumed_protein_coding	NC_003901.1	-	ATG	567496-568263
unassigned_transcript_490_568898_571273_2376	annotated	unassigned_transcript_490	assumed_protein_coding	MM_RS02400	MM_RS02400	assumed_protein_coding	NC_003901.1	+	ATG	568898-571273
unassigned_transcript_491_571422_571673_252	annotated	unassigned_transcript_491	assumed_protein_coding	MM_RS02405	MM_RS02405	assumed_protein_coding	NC_003901.1	+	ATG	571422-571673
unassigned_transcript_492_571925_572860_936	annotated	unassigned_transcript_492	assumed_protein_coding	MM_RS02410	MM_RS02410	assumed_protein_coding	NC_003901.1	+	ATG	571925-572860
unassigned_transcript_493_572980_573519_540	annotated	unassigned_transcript_493	assumed_protein_coding	MM_RS02415	MM_RS02415	assumed_protein_coding	NC_003901.1	+	ATG	572980-573519
unassigned_transcript_494_573592_573729_138	annotated	unassigned_transcript_494	assumed_protein_coding	MM_RS18220	MM_RS18220	assumed_protein_coding	NC_003901.1	-	ATG	573592-573729
unassigned_transcript_495_574006_574353_348	annotated	unassigned_transcript_495	assumed_protein_coding	MM_RS02420	MM_RS02420	assumed_protein_coding	NC_003901.1	+	ATG	574006-574353
unassigned_transcript_496_574551_574940_390	annotated	unassigned_transcript_496	assumed_protein_coding	MM_RS02425	MM_RS02425	assumed_protein_coding	NC_003901.1	-	ATG	574551-574940
unassigned_transcript_497_575694_575924_231	annotated	unassigned_transcript_497	assumed_protein_coding	MM_RS02430	MM_RS02430	assumed_protein_coding	NC_003901.1	+	ATG	575694-575924
unassigned_transcript_498_576085_576606_522	annotated	unassigned_transcript_498	assumed_protein_coding	MM_RS02435	MM_RS02435	assumed_protein_coding	NC_003901.1	-	ATG	576085-576606
unassigned_transcript_499_576764_577420_657	annotated	unassigned_transcript_499	assumed_protein_coding	MM_RS02440	MM_RS02440	assumed_protein_coding	NC_003901.1	+	ATG	576764-577420
unassigned_transcript_500_577530_578207_678	annotated	unassigned_transcript_500	assumed_protein_coding	MM_RS02445	MM_RS02445	assumed_protein_coding	NC_003901.1	-	ATG	577530-578207
unassigned_transcript_501_578455_579429_975	annotated	unassigned_transcript_501	assumed_protein_coding	MM_RS02450	MM_RS02450	assumed_protein_coding	NC_003901.1	-	ATG	578455-579429
unassigned_transcript_502_579716_580177_462	annotated	unassigned_transcript_502	assumed_protein_coding	MM_RS02455	MM_RS02455	assumed_protein_coding	NC_003901.1	+	ATG	579716-580177
unassigned_transcript_503_580321_580650_330	annotated	unassigned_transcript_503	assumed_protein_coding	MM_RS02460	MM_RS02460	assumed_protein_coding	NC_003901.1	+	ATG	580321-580650
unassigned_transcript_504_580792_581622_831	annotated	unassigned_transcript_504	assumed_protein_coding	MM_RS02465	MM_RS02465	assumed_protein_coding	NC_003901.1	+	ATG	580792-581622
unassigned_transcript_505_581771_582811_1041	annotated	unassigned_transcript_505	assumed_protein_coding	MM_RS02470	MM_RS02470	assumed_protein_coding	NC_003901.1	-	ATG	581771-582811
unassigned_transcript_506_582944_584302_1359	annotated	unassigned_transcript_506	assumed_protein_coding	MM_RS02475	MM_RS02475	assumed_protein_coding	NC_003901.1	-	ATG	582944-584302
unassigned_transcript_507_584316_585095_780	annotated	unassigned_transcript_507	assumed_protein_coding	MM_RS02480	MM_RS02480	assumed_protein_coding	NC_003901.1	-	ATG	584316-585095
unassigned_transcript_508_585212_585550_339	annotated	unassigned_transcript_508	assumed_protein_coding	MM_RS02485	MM_RS02485	assumed_protein_coding	NC_003901.1	-	ATG	585212-585550
unassigned_transcript_509_585550_586254_705	annotated	unassigned_transcript_509	assumed_protein_coding	MM_RS02490	MM_RS02490	assumed_protein_coding	NC_003901.1	-	ATG	585550-586254
unassigned_transcript_510_587051_587509_459	annotated	unassigned_transcript_510	assumed_protein_coding	MM_RS02500	MM_RS02500	assumed_protein_coding	NC_003901.1	-	ATG	587051-587509
unassigned_transcript_512_591118_591846_729	annotated	unassigned_transcript_512	assumed_protein_coding	MM_RS02510	MM_RS02510	assumed_protein_coding	NC_003901.1	-	ATG	591118-591846
unassigned_transcript_513_592432_593793_1362	annotated	unassigned_transcript_513	assumed_protein_coding	MM_RS02515	MM_RS02515	assumed_protein_coding	NC_003901.1	+	ATG	592432-593793
unassigned_transcript_514_593913_594542_630	annotated	unassigned_transcript_514	assumed_protein_coding	MM_RS02520	MM_RS02520	assumed_protein_coding	NC_003901.1	-	ATG	593913-594542
unassigned_transcript_515_594783_595628_846	annotated	unassigned_transcript_515	assumed_protein_coding	MM_RS02525	MM_RS02525	assumed_protein_coding	NC_003901.1	-	ATG	594783-595628
unassigned_transcript_516_595618_597156_1539	annotated	unassigned_transcript_516	assumed_protein_coding	MM_RS02530	MM_RS02530	assumed_protein_coding	NC_003901.1	-	ATG	595618-597156
unassigned_transcript_518_599153_600337_1185	annotated	unassigned_transcript_518	assumed_protein_coding	MM_RS02540	MM_RS02540	assumed_protein_coding	NC_003901.1	-	ATG	599153-600337
unassigned_transcript_519_600358_600819_462	annotated	unassigned_transcript_519	assumed_protein_coding	MM_RS02545	MM_RS02545	assumed_protein_coding	NC_003901.1	-	ATG	600358-600819
unassigned_transcript_520_600896_601906_1011	annotated	unassigned_transcript_520	assumed_protein_coding	MM_RS02550	MM_RS02550	assumed_protein_coding	NC_003901.1	-	ATG	600896-601906
unassigned_transcript_521_602036_602524_489	annotated	unassigned_transcript_521	assumed_protein_coding	MM_RS02555	MM_RS02555	assumed_protein_coding	NC_003901.1	-	ATG	602036-602524
unassigned_transcript_523_603463_603630_168	annotated	unassigned_transcript_523	assumed_protein_coding	MM_RS18225	MM_RS18225	assumed_protein_coding	NC_003901.1	+	ATG	603463-603630
unassigned_transcript_525_605000_606064_1065	annotated	unassigned_transcript_525	assumed_protein_coding	MM_RS02570	MM_RS02570	assumed_protein_coding	NC_003901.1	+	ATG	605000-606064
unassigned_transcript_526_606785_607240_456	annotated	unassigned_transcript_526	assumed_protein_coding	MM_RS02575	MM_RS02575	assumed_protein_coding	NC_003901.1	+	ATG	606785-607240
unassigned_transcript_527_607685_608281_597	annotated	unassigned_transcript_527	assumed_protein_coding	MM_RS02580	MM_RS02580	assumed_protein_coding	NC_003901.1	-	ATG	607685-608281
unassigned_transcript_529_609943_610533_591	annotated	unassigned_transcript_529	assumed_protein_coding	MM_RS02590	MM_RS02590	assumed_protein_coding	NC_003901.1	+	ATG	609943-610533
unassigned_transcript_530_610856_611149_294	annotated	unassigned_transcript_530	assumed_protein_coding	MM_RS02595	MM_RS02595	assumed_protein_coding	NC_003901.1	+	ATG	610856-611149
unassigned_transcript_531_611176_611367_192	annotated	unassigned_transcript_531	assumed_protein_coding	MM_RS02600	MM_RS02600	assumed_protein_coding	NC_003901.1	+	ATG	611176-611367
unassigned_transcript_532_611512_611676_165	annotated	unassigned_transcript_532	assumed_protein_coding	MM_RS02605	MM_RS02605	assumed_protein_coding	NC_003901.1	+	ATG	611512-611676
unassigned_transcript_533_611806_613161_1356	annotated	unassigned_transcript_533	assumed_protein_coding	MM_RS02610	MM_RS02610	assumed_protein_coding	NC_003901.1	-	ATG	611806-613161
unassigned_transcript_536_615027_615776_750	annotated	unassigned_transcript_536	assumed_protein_coding	MM_RS02625	MM_RS02625	assumed_protein_coding	NC_003901.1	-	ATG	615027-615776
unassigned_transcript_537_616161_617384_1224	annotated	unassigned_transcript_537	assumed_protein_coding	MM_RS02630	MM_RS02630	assumed_protein_coding	NC_003901.1	-	ATG	616161-617384
unassigned_transcript_539_618833_619399_567	annotated	unassigned_transcript_539	assumed_protein_coding	MM_RS02640	MM_RS02640	assumed_protein_coding	NC_003901.1	+	ATG	618833-619399
unassigned_transcript_541_621816_622166_351	annotated	unassigned_transcript_541	assumed_protein_coding	MM_RS02650	MM_RS02650	assumed_protein_coding	NC_003901.1	+	ATG	621816-622166
unassigned_transcript_542_622633_623124_492	annotated	unassigned_transcript_542	assumed_protein_coding	MM_RS02655	MM_RS02655	assumed_protein_coding	NC_003901.1	+	ATG	622633-623124
unassigned_transcript_543_623181_623651_471	annotated	unassigned_transcript_543	assumed_protein_coding	MM_RS02660	MM_RS02660	assumed_protein_coding	NC_003901.1	+	ATG	623181-623651
unassigned_transcript_544_623772_624188_417	annotated	unassigned_transcript_544	assumed_protein_coding	MM_RS02665	MM_RS02665	assumed_protein_coding	NC_003901.1	+	ATG	623772-624188
unassigned_transcript_545_624322_625131_810	annotated	unassigned_transcript_545	assumed_protein_coding	MM_RS02670	MM_RS02670	assumed_protein_coding	NC_003901.1	+	ATG	624322-625131
unassigned_transcript_546_625546_628971_3426	annotated	unassigned_transcript_546	assumed_protein_coding	MM_RS02675	MM_RS02675	assumed_protein_coding	NC_003901.1	+	ATG	625546-628971
unassigned_transcript_547_629118_630152_1035	annotated	unassigned_transcript_547	assumed_protein_coding	MM_RS02680	MM_RS02680	assumed_protein_coding	NC_003901.1	+	ATG	629118-630152
unassigned_transcript_548_630207_630569_363	annotated	unassigned_transcript_548	assumed_protein_coding	MM_RS02685	MM_RS02685	assumed_protein_coding	NC_003901.1	-	ATG	630207-630569
unassigned_transcript_549_630621_631259_639	annotated	unassigned_transcript_549	assumed_protein_coding	MM_RS02690	MM_RS02690	assumed_protein_coding	NC_003901.1	-	ATG	630621-631259
unassigned_transcript_550_631620_632291_672	annotated	unassigned_transcript_550	assumed_protein_coding	MM_RS02695	MM_RS02695	assumed_protein_coding	NC_003901.1	-	ATG	631620-632291
unassigned_transcript_551_632890_634515_1626	annotated	unassigned_transcript_551	assumed_protein_coding	MM_RS02700	MM_RS02700	assumed_protein_coding	NC_003901.1	-	ATG	632890-634515
unassigned_transcript_553_635935_636327_393	annotated	unassigned_transcript_553	assumed_protein_coding	MM_RS02710	MM_RS02710	assumed_protein_coding	NC_003901.1	-	ATG	635935-636327
unassigned_transcript_555_637718_639211_1494	annotated	unassigned_transcript_555	assumed_protein_coding	MM_RS02720	MM_RS02720	assumed_protein_coding	NC_003901.1	-	ATG	637718-639211
unassigned_transcript_557_640251_641360_1110	annotated	unassigned_transcript_557	assumed_protein_coding	MM_RS02730	MM_RS02730	assumed_protein_coding	NC_003901.1	-	ATG	640251-641360
unassigned_transcript_558_641774_643222_1449	annotated	unassigned_transcript_558	assumed_protein_coding	MM_RS02735	MM_RS02735	assumed_protein_coding	NC_003901.1	-	ATG	641774-643222
unassigned_transcript_559_643252_643641_390	annotated	unassigned_transcript_559	assumed_protein_coding	MM_RS02740	MM_RS02740	assumed_protein_coding	NC_003901.1	-	ATG	643252-643641
unassigned_transcript_560_644147_646849_2703	annotated	unassigned_transcript_560	assumed_protein_coding	MM_RS02745	MM_RS02745	assumed_protein_coding	NC_003901.1	-	ATG	644147-646849
unassigned_transcript_561_647465_648451_987	annotated	unassigned_transcript_561	assumed_protein_coding	MM_RS02750	MM_RS02750	assumed_protein_coding	NC_003901.1	-	ATG	647465-648451
unassigned_transcript_562_648447_650030_1584	annotated	unassigned_transcript_562	assumed_protein_coding	MM_RS02755	MM_RS02755	assumed_protein_coding	NC_003901.1	-	ATG	648447-650030
unassigned_transcript_564_651558_651809_252	annotated	unassigned_transcript_564	assumed_protein_coding	MM_RS02765	MM_RS02765	assumed_protein_coding	NC_003901.1	-	ATG	651558-651809
unassigned_transcript_565_651918_653207_1290	annotated	unassigned_transcript_565	assumed_protein_coding	MM_RS02770	MM_RS02770	assumed_protein_coding	NC_003901.1	-	ATG	651918-653207
unassigned_transcript_566_653368_653844_477	annotated	unassigned_transcript_566	assumed_protein_coding	MM_RS02775	MM_RS02775	assumed_protein_coding	NC_003901.1	-	ATG	653368-653844
unassigned_transcript_569_655838_656089_252	annotated	unassigned_transcript_569	assumed_protein_coding	MM_RS02790	MM_RS02790	assumed_protein_coding	NC_003901.1	-	ATG	655838-656089
unassigned_transcript_570_656508_657317_810	annotated	unassigned_transcript_570	assumed_protein_coding	MM_RS02795	MM_RS02795	assumed_protein_coding	NC_003901.1	-	ATG	656508-657317
unassigned_transcript_571_657375_659609_2235	annotated	unassigned_transcript_571	assumed_protein_coding	MM_RS02800	MM_RS02800	assumed_protein_coding	NC_003901.1	-	ATG	657375-659609
unassigned_transcript_573_662142_662813_672	annotated	unassigned_transcript_573	assumed_protein_coding	MM_RS02815	MM_RS02815	assumed_protein_coding	NC_003901.1	-	ATG	662142-662813
unassigned_transcript_575_664118_665290_1173	annotated	unassigned_transcript_575	assumed_protein_coding	MM_RS02825	MM_RS02825	assumed_protein_coding	NC_003901.1	-	ATG	664118-665290
unassigned_transcript_576_665575_665859_285	annotated	unassigned_transcript_576	assumed_protein_coding	MM_RS02830	MM_RS02830	assumed_protein_coding	NC_003901.1	-	ATG	665575-665859
unassigned_transcript_577_666428_667063_636	annotated	unassigned_transcript_577	assumed_protein_coding	MM_RS02835	MM_RS02835	assumed_protein_coding	NC_003901.1	-	ATG	666428-667063
unassigned_transcript_578_667426_667821_396	annotated	unassigned_transcript_578	assumed_protein_coding	MM_RS02840	MM_RS02840	assumed_protein_coding	NC_003901.1	+	ATG	667426-667821
unassigned_transcript_579_668394_668636_243	annotated	unassigned_transcript_579	assumed_protein_coding	MM_RS02845	MM_RS02845	assumed_protein_coding	NC_003901.1	+	ATG	668394-668636
unassigned_transcript_581_668799_669647_849	annotated	unassigned_transcript_581	assumed_protein_coding	MM_RS02850	MM_RS02850	assumed_protein_coding	NC_003901.1	-	ATG	668799-669647
unassigned_transcript_585_671847_672041_195	annotated	unassigned_transcript_585	assumed_protein_coding	MM_RS02875	MM_RS02875	assumed_protein_coding	NC_003901.1	-	ATG	671847-672041
unassigned_transcript_587_672428_674215_1788	annotated	unassigned_transcript_587	assumed_protein_coding	MM_RS02880	MM_RS02880	assumed_protein_coding	NC_003901.1	+	ATG	672428-674215
unassigned_transcript_588_674599_674874_276	annotated	unassigned_transcript_588	assumed_protein_coding	MM_RS02885	MM_RS02885	assumed_protein_coding	NC_003901.1	+	ATG	674599-674874
unassigned_transcript_589_674890_675237_348	annotated	unassigned_transcript_589	assumed_protein_coding	MM_RS02890	MM_RS02890	assumed_protein_coding	NC_003901.1	+	ATG	674890-675237
unassigned_transcript_590_675992_676564_573	annotated	unassigned_transcript_590	assumed_protein_coding	MM_RS02900	MM_RS02900	assumed_protein_coding	NC_003901.1	+	ATG	675992-676564
unassigned_transcript_592_677315_677563_249	annotated	unassigned_transcript_592	assumed_protein_coding	MM_RS02910	MM_RS02910	assumed_protein_coding	NC_003901.1	-	ATG	677315-677563
unassigned_transcript_593_678343_678525_183	annotated	unassigned_transcript_593	assumed_protein_coding	MM_RS02915	MM_RS02915	assumed_protein_coding	NC_003901.1	-	ATG	678343-678525
unassigned_transcript_594_678613_678858_246	annotated	unassigned_transcript_594	assumed_protein_coding	MM_RS02920	MM_RS02920	assumed_protein_coding	NC_003901.1	-	ATG	678613-678858
unassigned_transcript_595_682645_683316_672	annotated	unassigned_transcript_595	assumed_protein_coding	MM_RS02925	MM_RS02925	assumed_protein_coding	NC_003901.1	-	ATG	682645-683316
unassigned_transcript_600_687684_688379_696	annotated	unassigned_transcript_600	assumed_protein_coding	MM_RS02950	MM_RS02950	assumed_protein_coding	NC_003901.1	-	ATG	687684-688379
unassigned_transcript_601_688400_689272_873	annotated	unassigned_transcript_601	assumed_protein_coding	MM_RS02955	MM_RS02955	assumed_protein_coding	NC_003901.1	-	ATG	688400-689272
unassigned_transcript_602_689276_690925_1650	annotated	unassigned_transcript_602	assumed_protein_coding	MM_RS02960	MM_RS02960	assumed_protein_coding	NC_003901.1	-	ATG	689276-690925
unassigned_transcript_603_691202_691801_600	annotated	unassigned_transcript_603	assumed_protein_coding	MM_RS02965	MM_RS02965	assumed_protein_coding	NC_003901.1	+	ATG	691202-691801
unassigned_transcript_606_693485_693988_504	annotated	unassigned_transcript_606	assumed_protein_coding	MM_RS02975	MM_RS02975	assumed_protein_coding	NC_003901.1	+	ATG	693485-693988
unassigned_transcript_609_695637_696452_816	annotated	unassigned_transcript_609	assumed_protein_coding	MM_RS02990	MM_RS02990	assumed_protein_coding	NC_003901.1	-	ATG	695637-696452
unassigned_transcript_611_697921_699669_1749	annotated	unassigned_transcript_611	assumed_protein_coding	MM_RS03000	MM_RS03000	assumed_protein_coding	NC_003901.1	-	ATG	697921-699669
unassigned_transcript_612_700164_700661_498	annotated	unassigned_transcript_612	assumed_protein_coding	MM_RS03005	MM_RS03005	assumed_protein_coding	NC_003901.1	+	ATG	700164-700661
unassigned_transcript_613_700824_701273_450	annotated	unassigned_transcript_613	assumed_protein_coding	MM_RS03010	MM_RS03010	assumed_protein_coding	NC_003901.1	+	ATG	700824-701273
unassigned_transcript_614_702091_703080_990	annotated	unassigned_transcript_614	assumed_protein_coding	MM_RS03015	MM_RS03015	assumed_protein_coding	NC_003901.1	-	ATG	702091-703080
unassigned_transcript_615_703313_703960_648	annotated	unassigned_transcript_615	assumed_protein_coding	MM_RS03020	MM_RS03020	assumed_protein_coding	NC_003901.1	-	ATG	703313-703960
unassigned_transcript_616_704077_704400_324	annotated	unassigned_transcript_616	assumed_protein_coding	MM_RS18995	MM_RS18995	assumed_protein_coding	NC_003901.1	-	ATG	704077-704400
unassigned_transcript_617_704449_705393_945	annotated	unassigned_transcript_617	assumed_protein_coding	MM_RS03030	MM_RS03030	assumed_protein_coding	NC_003901.1	-	ATG	704449-705393
unassigned_transcript_618_706213_707283_1071	annotated	unassigned_transcript_618	assumed_protein_coding	MM_RS03035	MM_RS03035	assumed_protein_coding	NC_003901.1	-	ATG	706213-707283
unassigned_transcript_619_707649_708299_651	annotated	unassigned_transcript_619	assumed_protein_coding	MM_RS03040	MM_RS03040	assumed_protein_coding	NC_003901.1	-	ATG	707649-708299
unassigned_transcript_620_708696_709691_996	annotated	unassigned_transcript_620	assumed_protein_coding	MM_RS03045	MM_RS03045	assumed_protein_coding	NC_003901.1	-	ATG	708696-709691
unassigned_transcript_621_710372_711499_1128	annotated	unassigned_transcript_621	assumed_protein_coding	MM_RS03050	MM_RS03050	assumed_protein_coding	NC_003901.1	+	ATG	710372-711499
unassigned_transcript_622_711677_711847_171	annotated	unassigned_transcript_622	assumed_protein_coding	MM_RS19090	MM_RS19090	assumed_protein_coding	NC_003901.1	+	ATG	711677-711847
unassigned_transcript_623_711909_712700_792	annotated	unassigned_transcript_623	assumed_protein_coding	MM_RS03055	MM_RS03055	assumed_protein_coding	NC_003901.1	+	ATG	711909-712700
unassigned_transcript_624_712965_713768_804	annotated	unassigned_transcript_624	assumed_protein_coding	MM_RS03060	MM_RS03060	assumed_protein_coding	NC_003901.1	+	ATG	712965-713768
unassigned_transcript_626_716166_717155_990	annotated	unassigned_transcript_626	assumed_protein_coding	MM_RS03070	MM_RS03070	assumed_protein_coding	NC_003901.1	+	ATG	716166-717155
unassigned_transcript_627_717595_718761_1167	annotated	unassigned_transcript_627	assumed_protein_coding	MM_RS03075	MM_RS03075	assumed_protein_coding	NC_003901.1	+	ATG	717595-718761
unassigned_transcript_629_719625_720071_447	annotated	unassigned_transcript_629	assumed_protein_coding	MM_RS03085	MM_RS03085	assumed_protein_coding	NC_003901.1	-	ATG	719625-720071
unassigned_transcript_630_720371_721438_1068	annotated	unassigned_transcript_630	assumed_protein_coding	MM_RS03090	MM_RS03090	assumed_protein_coding	NC_003901.1	-	ATG	720371-721438
unassigned_transcript_631_722397_723251_855	annotated	unassigned_transcript_631	assumed_protein_coding	MM_RS03095	MM_RS03095	assumed_protein_coding	NC_003901.1	+	ATG	722397-723251
unassigned_transcript_632_723321_724058_738	annotated	unassigned_transcript_632	assumed_protein_coding	MM_RS03100	MM_RS03100	assumed_protein_coding	NC_003901.1	+	ATG	723321-724058
unassigned_transcript_633_724369_725529_1161	annotated	unassigned_transcript_633	assumed_protein_coding	MM_RS03105	MM_RS03105	assumed_protein_coding	NC_003901.1	+	ATG	724369-725529
unassigned_transcript_636_727461_728042_582	annotated	unassigned_transcript_636	assumed_protein_coding	MM_RS03120	MM_RS03120	assumed_protein_coding	NC_003901.1	+	ATG	727461-728042
unassigned_transcript_637_728074_728256_183	annotated	unassigned_transcript_637	assumed_protein_coding	MM_RS03125	MM_RS03125	assumed_protein_coding	NC_003901.1	+	ATG	728074-728256
unassigned_transcript_639_728829_729131_303	annotated	unassigned_transcript_639	assumed_protein_coding	MM_RS03135	MM_RS03135	assumed_protein_coding	NC_003901.1	+	ATG	728829-729131
unassigned_transcript_640_729156_729302_147	annotated	unassigned_transcript_640	assumed_protein_coding	MM_RS03140	MM_RS03140	assumed_protein_coding	NC_003901.1	+	ATG	729156-729302
unassigned_transcript_641_729992_730126_135	annotated	unassigned_transcript_641	assumed_protein_coding	MM_RS18255	MM_RS18255	assumed_protein_coding	NC_003901.1	+	ATG	729992-730126
unassigned_transcript_642_730131_730289_159	annotated	unassigned_transcript_642	assumed_protein_coding	MM_RS18260	MM_RS18260	assumed_protein_coding	NC_003901.1	+	ATG	730131-730289
unassigned_transcript_643_730598_733669_3072	annotated	unassigned_transcript_643	assumed_protein_coding	MM_RS03145	MM_RS03145	assumed_protein_coding	NC_003901.1	+	ATG	730598-733669
unassigned_transcript_645_735435_735986_552	annotated	unassigned_transcript_645	assumed_protein_coding	MM_RS03155	MM_RS03155	assumed_protein_coding	NC_003901.1	+	ATG	735435-735986
unassigned_transcript_646_736059_736415_357	annotated	unassigned_transcript_646	assumed_protein_coding	MM_RS03160	MM_RS03160	assumed_protein_coding	NC_003901.1	-	ATG	736059-736415
unassigned_transcript_647_736710_737303_594	annotated	unassigned_transcript_647	assumed_protein_coding	MM_RS03165	MM_RS03165	assumed_protein_coding	NC_003901.1	+	ATG	736710-737303
unassigned_transcript_648_737374_738099_726	annotated	unassigned_transcript_648	assumed_protein_coding	MM_RS03170	MM_RS03170	assumed_protein_coding	NC_003901.1	-	ATG	737374-738099
unassigned_transcript_649_738210_738392_183	annotated	unassigned_transcript_649	assumed_protein_coding	MM_RS03175	MM_RS03175	assumed_protein_coding	NC_003901.1	-	ATG	738210-738392
unassigned_transcript_650_738541_739599_1059	annotated	unassigned_transcript_650	assumed_protein_coding	MM_RS03180	MM_RS03180	assumed_protein_coding	NC_003901.1	+	ATG	738541-739599
unassigned_transcript_651_739817_740401_585	annotated	unassigned_transcript_651	assumed_protein_coding	MM_RS03185	MM_RS03185	assumed_protein_coding	NC_003901.1	+	ATG	739817-740401
unassigned_transcript_652_740972_741532_561	annotated	unassigned_transcript_652	assumed_protein_coding	MM_RS03190	MM_RS03190	assumed_protein_coding	NC_003901.1	-	ATG	740972-741532
unassigned_transcript_653_741780_742907_1128	annotated	unassigned_transcript_653	assumed_protein_coding	MM_RS03195	MM_RS03195	assumed_protein_coding	NC_003901.1	-	ATG	741780-742907
unassigned_transcript_654_742976_744037_1062	annotated	unassigned_transcript_654	assumed_protein_coding	MM_RS03200	MM_RS03200	assumed_protein_coding	NC_003901.1	-	ATG	742976-744037
unassigned_transcript_655_744276_745310_1035	annotated	unassigned_transcript_655	assumed_protein_coding	MM_RS03205	MM_RS03205	assumed_protein_coding	NC_003901.1	-	ATG	744276-745310
unassigned_transcript_656_745294_746769_1476	annotated	unassigned_transcript_656	assumed_protein_coding	MM_RS03210	MM_RS03210	assumed_protein_coding	NC_003901.1	-	ATG	745294-746769
unassigned_transcript_657_746778_747020_243	annotated	unassigned_transcript_657	assumed_protein_coding	MM_RS03215	MM_RS03215	assumed_protein_coding	NC_003901.1	-	ATG	746778-747020
unassigned_transcript_658_747525_748199_675	annotated	unassigned_transcript_658	assumed_protein_coding	MM_RS03220	MM_RS03220	assumed_protein_coding	NC_003901.1	-	ATG	747525-748199
unassigned_transcript_660_749815_750708_894	annotated	unassigned_transcript_660	assumed_protein_coding	MM_RS03230	MM_RS03230	assumed_protein_coding	NC_003901.1	+	ATG	749815-750708
unassigned_transcript_661_750850_750978_129	annotated	unassigned_transcript_661	assumed_protein_coding	MM_RS19400	MM_RS19400	assumed_protein_coding	NC_003901.1	-	ATG	750850-750978
unassigned_transcript_662_751091_751213_123	annotated	unassigned_transcript_662	assumed_protein_coding	MM_RS19405	MM_RS19405	assumed_protein_coding	NC_003901.1	+	ATG	751091-751213
unassigned_transcript_664_753412_753639_228	annotated	unassigned_transcript_664	assumed_protein_coding	MM_RS03240	MM_RS03240	assumed_protein_coding	NC_003901.1	+	ATG	753412-753639
unassigned_transcript_666_754286_755324_1038	annotated	unassigned_transcript_666	assumed_protein_coding	MM_RS17695	MM_RS17695	assumed_protein_coding	NC_003901.1	+	ATG	754286-754759,754761-755324
unassigned_transcript_667_755464_756231_768	annotated	unassigned_transcript_667	assumed_protein_coding	MM_RS03260	MM_RS03260	assumed_protein_coding	NC_003901.1	+	ATG	755464-756231
unassigned_transcript_668_756258_756425_168	annotated	unassigned_transcript_668	assumed_protein_coding	MM_RS18265	MM_RS18265	assumed_protein_coding	NC_003901.1	-	ATG	756258-756425
unassigned_transcript_669_756418_757005_588	annotated	unassigned_transcript_669	assumed_protein_coding	MM_RS03265	MM_RS03265	assumed_protein_coding	NC_003901.1	+	ATG	756418-757005
unassigned_transcript_670_757066_757584_519	annotated	unassigned_transcript_670	assumed_protein_coding	MM_RS03270	MM_RS03270	assumed_protein_coding	NC_003901.1	-	ATG	757066-757584
unassigned_transcript_672_758818_759801_984	annotated	unassigned_transcript_672	assumed_protein_coding	MM_RS03280	MM_RS03280	assumed_protein_coding	NC_003901.1	-	ATG	758818-759801
unassigned_transcript_673_760338_760475_138	annotated	unassigned_transcript_673	assumed_protein_coding	MM_RS18270	MM_RS18270	assumed_protein_coding	NC_003901.1	+	ATG	760338-760475
unassigned_transcript_675_760739_760966_228	annotated	unassigned_transcript_675	assumed_protein_coding	MM_RS03290	MM_RS03290	assumed_protein_coding	NC_003901.1	+	ATG	760739-760966
unassigned_transcript_676_760981_761199_219	annotated	unassigned_transcript_676	assumed_protein_coding	MM_RS03295	MM_RS03295	assumed_protein_coding	NC_003901.1	+	ATG	760981-761199
unassigned_transcript_678_761946_762434_489	annotated	unassigned_transcript_678	assumed_protein_coding	MM_RS03305	MM_RS03305	assumed_protein_coding	NC_003901.1	+	ATG	761946-762434
unassigned_transcript_680_764022_764705_684	annotated	unassigned_transcript_680	assumed_protein_coding	MM_RS03315	MM_RS03315	assumed_protein_coding	NC_003901.1	+	ATG	764022-764705
unassigned_transcript_682_765497_766000_504	annotated	unassigned_transcript_682	assumed_protein_coding	MM_RS03325	MM_RS03325	assumed_protein_coding	NC_003901.1	+	ATG	765497-766000
unassigned_transcript_683_766027_766233_207	annotated	unassigned_transcript_683	assumed_protein_coding	MM_RS03330	MM_RS03330	assumed_protein_coding	NC_003901.1	+	ATG	766027-766233
unassigned_transcript_686_767689_768552_864	annotated	unassigned_transcript_686	assumed_protein_coding	MM_RS03340	MM_RS03340	assumed_protein_coding	NC_003901.1	-	ATG	767689-768552
unassigned_transcript_687_768615_768854_240	annotated	unassigned_transcript_687	assumed_protein_coding	MM_RS03345	MM_RS03345	assumed_protein_coding	NC_003901.1	+	ATG	768615-768854
unassigned_transcript_688_769274_770263_990	annotated	unassigned_transcript_688	assumed_protein_coding	MM_RS03355	MM_RS03355	assumed_protein_coding	NC_003901.1	-	ATG	769274-770263
unassigned_transcript_689_770332_770889_558	annotated	unassigned_transcript_689	assumed_protein_coding	MM_RS03360	MM_RS03360	assumed_protein_coding	NC_003901.1	-	ATG	770332-770889
unassigned_transcript_690_770975_771862_888	annotated	unassigned_transcript_690	assumed_protein_coding	MM_RS03365	MM_RS03365	assumed_protein_coding	NC_003901.1	-	ATG	770975-771862
unassigned_transcript_691_771984_772487_504	annotated	unassigned_transcript_691	assumed_protein_coding	MM_RS03370	MM_RS03370	assumed_protein_coding	NC_003901.1	-	ATG	771984-772487
unassigned_transcript_692_772655_775174_2520	annotated	unassigned_transcript_692	assumed_protein_coding	MM_RS03375	MM_RS03375	assumed_protein_coding	NC_003901.1	-	ATG	772655-775174
unassigned_transcript_693_775510_778029_2520	annotated	unassigned_transcript_693	assumed_protein_coding	MM_RS03380	MM_RS03380	assumed_protein_coding	NC_003901.1	-	ATG	775510-778029
unassigned_transcript_694_778094_779245_1152	annotated	unassigned_transcript_694	assumed_protein_coding	MM_RS03385	MM_RS03385	assumed_protein_coding	NC_003901.1	-	ATG	778094-779245
unassigned_transcript_696_780497_781555_1059	annotated	unassigned_transcript_696	assumed_protein_coding	MM_RS03395	MM_RS03395	assumed_protein_coding	NC_003901.1	+	ATG	780497-781555
unassigned_transcript_697_781558_782583_1026	annotated	unassigned_transcript_697	assumed_protein_coding	MM_RS03400	MM_RS03400	assumed_protein_coding	NC_003901.1	-	ATG	781558-782583
unassigned_transcript_698_782583_783503_921	annotated	unassigned_transcript_698	assumed_protein_coding	MM_RS03405	MM_RS03405	assumed_protein_coding	NC_003901.1	-	ATG	782583-783503
unassigned_transcript_699_783759_784502_744	annotated	unassigned_transcript_699	assumed_protein_coding	MM_RS03410	MM_RS03410	assumed_protein_coding	NC_003901.1	-	ATG	783759-784502
unassigned_transcript_701_786169_787431_1263	annotated	unassigned_transcript_701	assumed_protein_coding	MM_RS03420	MM_RS03420	assumed_protein_coding	NC_003901.1	-	ATG	786169-787431
unassigned_transcript_702_787435_788268_834	annotated	unassigned_transcript_702	assumed_protein_coding	MM_RS03425	MM_RS03425	assumed_protein_coding	NC_003901.1	-	ATG	787435-788268
unassigned_transcript_703_788390_789325_936	annotated	unassigned_transcript_703	assumed_protein_coding	MM_RS03430	MM_RS03430	assumed_protein_coding	NC_003901.1	-	ATG	788390-789325
unassigned_transcript_704_789346_790398_1053	annotated	unassigned_transcript_704	assumed_protein_coding	MM_RS03435	MM_RS03435	assumed_protein_coding	NC_003901.1	-	ATG	789346-790398
unassigned_transcript_706_792181_792927_747	annotated	unassigned_transcript_706	assumed_protein_coding	MM_RS03445	MM_RS03445	assumed_protein_coding	NC_003901.1	-	ATG	792181-792927
unassigned_transcript_707_792970_793386_417	annotated	unassigned_transcript_707	assumed_protein_coding	MM_RS03450	MM_RS03450	assumed_protein_coding	NC_003901.1	-	ATG	792970-793386
unassigned_transcript_709_793665_793835_171	annotated	unassigned_transcript_709	assumed_protein_coding	MM_RS18285	MM_RS18285	assumed_protein_coding	NC_003901.1	-	ATG	793665-793835
unassigned_transcript_710_794499_795341_843	annotated	unassigned_transcript_710	assumed_protein_coding	MM_RS03455	MM_RS03455	assumed_protein_coding	NC_003901.1	+	ATG	794499-795341
unassigned_transcript_711_795363_796769_1407	annotated	unassigned_transcript_711	assumed_protein_coding	MM_RS03460	MM_RS03460	assumed_protein_coding	NC_003901.1	+	ATG	795363-796769
unassigned_transcript_712_796891_797841_951	annotated	unassigned_transcript_712	assumed_protein_coding	MM_RS03465	MM_RS03465	assumed_protein_coding	NC_003901.1	-	ATG	796891-797841
unassigned_transcript_714_799088_799525_438	annotated	unassigned_transcript_714	assumed_protein_coding	MM_RS03475	MM_RS03475	assumed_protein_coding	NC_003901.1	+	ATG	799088-799525
unassigned_transcript_715_800329_800868_540	annotated	unassigned_transcript_715	assumed_protein_coding	MM_RS03480	MM_RS03480	assumed_protein_coding	NC_003901.1	-	ATG	800329-800868
unassigned_transcript_716_801131_802135_1005	annotated	unassigned_transcript_716	assumed_protein_coding	MM_RS03485	MM_RS03485	assumed_protein_coding	NC_003901.1	-	ATG	801131-802135
unassigned_transcript_717_802532_803014_483	annotated	unassigned_transcript_717	assumed_protein_coding	MM_RS03490	MM_RS03490	assumed_protein_coding	NC_003901.1	-	ATG	802532-803014
unassigned_transcript_718_803014_804705_1692	annotated	unassigned_transcript_718	assumed_protein_coding	MM_RS03495	MM_RS03495	assumed_protein_coding	NC_003901.1	-	ATG	803014-804705
unassigned_transcript_721_808946_810028_1083	annotated	unassigned_transcript_721	assumed_protein_coding	MM_RS03510	MM_RS03510	assumed_protein_coding	NC_003901.1	-	ATG	808946-810028
unassigned_transcript_722_810703_811053_351	annotated	unassigned_transcript_722	assumed_protein_coding	MM_RS03515	MM_RS03515	assumed_protein_coding	NC_003901.1	+	ATG	810703-811053
unassigned_transcript_723_811179_812180_1002	annotated	unassigned_transcript_723	assumed_protein_coding	MM_RS03520	MM_RS03520	assumed_protein_coding	NC_003901.1	+	ATG	811179-812180
unassigned_transcript_724_812587_813888_1302	annotated	unassigned_transcript_724	assumed_protein_coding	MM_RS03525	MM_RS03525	assumed_protein_coding	NC_003901.1	+	ATG	812587-813888
unassigned_transcript_725_814261_814695_435	annotated	unassigned_transcript_725	assumed_protein_coding	MM_RS03530	MM_RS03530	assumed_protein_coding	NC_003901.1	+	ATG	814261-814695
unassigned_transcript_726_815015_815365_351	annotated	unassigned_transcript_726	assumed_protein_coding	MM_RS03535	MM_RS03535	assumed_protein_coding	NC_003901.1	+	ATG	815015-815365
unassigned_transcript_728_816411_817001_591	annotated	unassigned_transcript_728	assumed_protein_coding	MM_RS03545	MM_RS03545	assumed_protein_coding	NC_003901.1	-	ATG	816411-817001
unassigned_transcript_730_817857_818522_666	annotated	unassigned_transcript_730	assumed_protein_coding	MM_RS03555	MM_RS03555	assumed_protein_coding	NC_003901.1	-	ATG	817857-818522
unassigned_transcript_731_819935_822355_2421	annotated	unassigned_transcript_731	assumed_protein_coding	MM_RS03570	MM_RS03570	assumed_protein_coding	NC_003901.1	+	ATG	819935-822355
unassigned_transcript_732_822361_822870_510	annotated	unassigned_transcript_732	assumed_protein_coding	MM_RS03575	MM_RS03575	assumed_protein_coding	NC_003901.1	+	ATG	822361-822870
unassigned_transcript_733_822897_824303_1407	annotated	unassigned_transcript_733	assumed_protein_coding	MM_RS03580	MM_RS03580	assumed_protein_coding	NC_003901.1	+	ATG	822897-824303
unassigned_transcript_735_825461_826768_1308	annotated	unassigned_transcript_735	assumed_protein_coding	MM_RS03590	MM_RS03590	assumed_protein_coding	NC_003901.1	+	ATG	825461-826768
unassigned_transcript_736_826775_828184_1410	annotated	unassigned_transcript_736	assumed_protein_coding	MM_RS03595	MM_RS03595	assumed_protein_coding	NC_003901.1	+	ATG	826775-828184
unassigned_transcript_737_828728_829789_1062	annotated	unassigned_transcript_737	assumed_protein_coding	MM_RS03600	MM_RS03600	assumed_protein_coding	NC_003901.1	+	ATG	828728-829789
unassigned_transcript_738_829810_831006_1197	annotated	unassigned_transcript_738	assumed_protein_coding	MM_RS03605	MM_RS03605	assumed_protein_coding	NC_003901.1	+	ATG	829810-831006
unassigned_transcript_741_832393_833022_630	annotated	unassigned_transcript_741	assumed_protein_coding	MM_RS03620	MM_RS03620	assumed_protein_coding	NC_003901.1	+	ATG	832393-833022
unassigned_transcript_742_833137_835047_1911	annotated	unassigned_transcript_742	assumed_protein_coding	MM_RS03625	MM_RS03625	assumed_protein_coding	NC_003901.1	+	ATG	833137-835047
unassigned_transcript_745_838235_839713_1479	annotated	unassigned_transcript_745	assumed_protein_coding	MM_RS03640	MM_RS03640	assumed_protein_coding	NC_003901.1	+	ATG	838235-839713
unassigned_transcript_746_839754_840209_456	annotated	unassigned_transcript_746	assumed_protein_coding	MM_RS03645	MM_RS03645	assumed_protein_coding	NC_003901.1	+	ATG	839754-840209
unassigned_transcript_748_840965_842992_2028	annotated	unassigned_transcript_748	assumed_protein_coding	MM_RS03655	MM_RS03655	assumed_protein_coding	NC_003901.1	-	ATG	840965-842992
unassigned_transcript_749_843903_845915_2013	annotated	unassigned_transcript_749	assumed_protein_coding	MM_RS03660	MM_RS03660	assumed_protein_coding	NC_003901.1	+	ATG	843903-845915
unassigned_transcript_750_846843_847973_1131	annotated	unassigned_transcript_750	assumed_protein_coding	MM_RS03665	MM_RS03665	assumed_protein_coding	NC_003901.1	+	ATG	846843-847973
unassigned_transcript_751_848096_849253_1158	annotated	unassigned_transcript_751	assumed_protein_coding	MM_RS03670	MM_RS03670	assumed_protein_coding	NC_003901.1	+	ATG	848096-849253
unassigned_transcript_753_850069_850446_378	annotated	unassigned_transcript_753	assumed_protein_coding	MM_RS03680	MM_RS03680	assumed_protein_coding	NC_003901.1	+	ATG	850069-850446
unassigned_transcript_755_851235_851474_240	annotated	unassigned_transcript_755	assumed_protein_coding	MM_RS03690	MM_RS03690	assumed_protein_coding	NC_003901.1	+	ATG	851235-851474
unassigned_transcript_756_851567_853006_1440	annotated	unassigned_transcript_756	assumed_protein_coding	MM_RS03695	MM_RS03695	assumed_protein_coding	NC_003901.1	+	ATG	851567-853006
unassigned_transcript_757_853539_854585_1047	annotated	unassigned_transcript_757	assumed_protein_coding	MM_RS03700	MM_RS03700	assumed_protein_coding	NC_003901.1	+	ATG	853539-854585
unassigned_transcript_758_854845_855057_213	annotated	unassigned_transcript_758	assumed_protein_coding	MM_RS17705	MM_RS17705	assumed_protein_coding	NC_003901.1	-	ATG	854845-855057
unassigned_transcript_762_856718_858145_1428	annotated	unassigned_transcript_762	assumed_protein_coding	MM_RS03725	MM_RS03725	assumed_protein_coding	NC_003901.1	+	ATG	856718-858145
unassigned_transcript_763_858330_859100_771	annotated	unassigned_transcript_763	assumed_protein_coding	MM_RS03730	MM_RS03730	assumed_protein_coding	NC_003901.1	+	ATG	858330-859100
unassigned_transcript_765_860248_861168_921	annotated	unassigned_transcript_765	assumed_protein_coding	MM_RS03740	MM_RS03740	assumed_protein_coding	NC_003901.1	+	ATG	860248-861168
unassigned_transcript_766_861276_862706_1431	annotated	unassigned_transcript_766	assumed_protein_coding	MM_RS03745	MM_RS03745	assumed_protein_coding	NC_003901.1	+	ATG	861276-862706
unassigned_transcript_767_862919_863833_915	annotated	unassigned_transcript_767	assumed_protein_coding	MM_RS03750	MM_RS03750	assumed_protein_coding	NC_003901.1	+	ATG	862919-863833
unassigned_transcript_768_864118_864447_330	annotated	unassigned_transcript_768	assumed_protein_coding	MM_RS03755	MM_RS03755	assumed_protein_coding	NC_003901.1	+	ATG	864118-864447
unassigned_transcript_769_864711_865898_1188	annotated	unassigned_transcript_769	assumed_protein_coding	MM_RS03760	MM_RS03760	assumed_protein_coding	NC_003901.1	-	ATG	864711-865898
unassigned_transcript_770_866092_866910_819	annotated	unassigned_transcript_770	assumed_protein_coding	MM_RS03765	MM_RS03765	assumed_protein_coding	NC_003901.1	+	ATG	866092-866910
unassigned_transcript_771_866983_867297_315	annotated	unassigned_transcript_771	assumed_protein_coding	MM_RS03770	MM_RS03770	assumed_protein_coding	NC_003901.1	+	ATG	866983-867297
unassigned_transcript_773_867704_869299_1596	annotated	unassigned_transcript_773	assumed_protein_coding	MM_RS03780	MM_RS03780	assumed_protein_coding	NC_003901.1	+	ATG	867704-869299
unassigned_transcript_774_869316_870683_1368	annotated	unassigned_transcript_774	assumed_protein_coding	MM_RS03785	MM_RS03785	assumed_protein_coding	NC_003901.1	+	ATG	869316-870683
unassigned_transcript_775_870852_872456_1605	annotated	unassigned_transcript_775	assumed_protein_coding	MM_RS03790	MM_RS03790	assumed_protein_coding	NC_003901.1	+	ATG	870852-872456
unassigned_transcript_776_872472_874049_1578	annotated	unassigned_transcript_776	assumed_protein_coding	MM_RS03795	MM_RS03795	assumed_protein_coding	NC_003901.1	+	ATG	872472-874049
unassigned_transcript_778_874974_875636_663	annotated	unassigned_transcript_778	assumed_protein_coding	MM_RS03805	MM_RS03805	assumed_protein_coding	NC_003901.1	+	ATG	874974-875636
unassigned_transcript_779_875654_876778_1125	annotated	unassigned_transcript_779	assumed_protein_coding	MM_RS03810	MM_RS03810	assumed_protein_coding	NC_003901.1	+	ATG	875654-876778
unassigned_transcript_780_877043_879868_2826	annotated	unassigned_transcript_780	assumed_protein_coding	MM_RS03815	MM_RS03815	assumed_protein_coding	NC_003901.1	-	ATG	877043-879868
unassigned_transcript_781_880283_881161_879	annotated	unassigned_transcript_781	assumed_protein_coding	MM_RS03820	MM_RS03820	assumed_protein_coding	NC_003901.1	-	ATG	880283-881161
unassigned_transcript_782_881365_881706_342	annotated	unassigned_transcript_782	assumed_protein_coding	MM_RS03825	MM_RS03825	assumed_protein_coding	NC_003901.1	+	ATG	881365-881706
unassigned_transcript_783_881720_882910_1191	annotated	unassigned_transcript_783	assumed_protein_coding	MM_RS03830	MM_RS03830	assumed_protein_coding	NC_003901.1	+	ATG	881720-882910
unassigned_transcript_784_883249_883512_264	annotated	unassigned_transcript_784	assumed_protein_coding	MM_RS03835	MM_RS03835	assumed_protein_coding	NC_003901.1	+	ATG	883249-883512
unassigned_transcript_786_883863_883973_111	annotated	unassigned_transcript_786	assumed_protein_coding	MM_RS19560	MM_RS19560	assumed_protein_coding	NC_003901.1	-	ATG	883863-883973
unassigned_transcript_787_884159_885208_1050	annotated	unassigned_transcript_787	assumed_protein_coding	MM_RS03850	MM_RS03850	assumed_protein_coding	NC_003901.1	+	ATG	884159-885208
unassigned_transcript_788_885328_885558_231	annotated	unassigned_transcript_788	assumed_protein_coding	MM_RS03855	MM_RS03855	assumed_protein_coding	NC_003901.1	+	ATG	885328-885558
unassigned_transcript_789_885592_885972_381	annotated	unassigned_transcript_789	assumed_protein_coding	MM_RS03860	MM_RS03860	assumed_protein_coding	NC_003901.1	+	ATG	885592-885972
unassigned_transcript_790_886165_887595_1431	annotated	unassigned_transcript_790	assumed_protein_coding	MM_RS03865	MM_RS03865	assumed_protein_coding	NC_003901.1	-	ATG	886165-887595
unassigned_transcript_792_888808_889857_1050	annotated	unassigned_transcript_792	assumed_protein_coding	MM_RS03880	MM_RS03880	assumed_protein_coding	NC_003901.1	+	ATG	888808-889857
unassigned_transcript_793_889948_890310_363	annotated	unassigned_transcript_793	assumed_protein_coding	MM_RS03885	MM_RS03885	assumed_protein_coding	NC_003901.1	-	ATG	889948-890310
unassigned_transcript_795_892200_892895_696	annotated	unassigned_transcript_795	assumed_protein_coding	MM_RS03895	MM_RS03895	assumed_protein_coding	NC_003901.1	-	ATG	892200-892895
unassigned_transcript_796_893515_893646_132	annotated	unassigned_transcript_796	assumed_protein_coding	MM_RS19410	MM_RS19410	assumed_protein_coding	NC_003901.1	-	ATG	893515-893646
unassigned_transcript_797_893723_893872_150	annotated	unassigned_transcript_797	assumed_protein_coding	MM_RS18290	MM_RS18290	assumed_protein_coding	NC_003901.1	-	ATG	893723-893872
unassigned_transcript_798_894073_894495_423	annotated	unassigned_transcript_798	assumed_protein_coding	MM_RS03900	MM_RS03900	assumed_protein_coding	NC_003901.1	+	ATG	894073-894495
unassigned_transcript_799_895027_896787_1761	annotated	unassigned_transcript_799	assumed_protein_coding	MM_RS03905	MM_RS03905	assumed_protein_coding	NC_003901.1	+	ATG	895027-896787
unassigned_transcript_800_896888_897586_699	annotated	unassigned_transcript_800	assumed_protein_coding	MM_RS03910	MM_RS03910	assumed_protein_coding	NC_003901.1	-	ATG	896888-897586
unassigned_transcript_801_897993_899330_1338	annotated	unassigned_transcript_801	assumed_protein_coding	MM_RS03915	MM_RS03915	assumed_protein_coding	NC_003901.1	-	ATG	897993-899330
unassigned_transcript_802_899690_901615_1926	annotated	unassigned_transcript_802	assumed_protein_coding	MM_RS03920	MM_RS03920	assumed_protein_coding	NC_003901.1	+	ATG	899690-901615
unassigned_transcript_803_901679_902377_699	annotated	unassigned_transcript_803	assumed_protein_coding	MM_RS03925	MM_RS03925	assumed_protein_coding	NC_003901.1	+	ATG	901679-902377
unassigned_transcript_805_903166_903858_693	annotated	unassigned_transcript_805	assumed_protein_coding	MM_RS03935	MM_RS03935	assumed_protein_coding	NC_003901.1	+	ATG	903166-903858
unassigned_transcript_806_903977_904534_558	annotated	unassigned_transcript_806	assumed_protein_coding	MM_RS03940	MM_RS03940	assumed_protein_coding	NC_003901.1	+	ATG	903977-904534
unassigned_transcript_807_904538_905302_765	annotated	unassigned_transcript_807	assumed_protein_coding	MM_RS03945	MM_RS03945	assumed_protein_coding	NC_003901.1	+	ATG	904538-905302
unassigned_transcript_808_905327_905674_348	annotated	unassigned_transcript_808	assumed_protein_coding	MM_RS03950	MM_RS03950	assumed_protein_coding	NC_003901.1	+	ATG	905327-905674
unassigned_transcript_811_908751_908924_174	annotated	unassigned_transcript_811	assumed_protein_coding	MM_RS03970	MM_RS03970	assumed_protein_coding	NC_003901.1	-	ATG	908751-908924
unassigned_transcript_813_910512_910811_300	annotated	unassigned_transcript_813	assumed_protein_coding	MM_RS03980	MM_RS03980	assumed_protein_coding	NC_003901.1	-	ATG	910512-910811
unassigned_transcript_814_911725_912036_312	annotated	unassigned_transcript_814	assumed_protein_coding	MM_RS03985	MM_RS03985	assumed_protein_coding	NC_003901.1	+	ATG	911725-912036
unassigned_transcript_817_913009_913938_930	annotated	unassigned_transcript_817	assumed_protein_coding	MM_RS04000	MM_RS04000	assumed_protein_coding	NC_003901.1	-	ATG	913009-913938
unassigned_transcript_818_914180_915277_1098	annotated	unassigned_transcript_818	assumed_protein_coding	MM_RS04005	MM_RS04005	assumed_protein_coding	NC_003901.1	-	ATG	914180-915277
unassigned_transcript_819_915820_916182_363	annotated	unassigned_transcript_819	assumed_protein_coding	MM_RS04010	MM_RS04010	assumed_protein_coding	NC_003901.1	-	ATG	915820-916182
unassigned_transcript_820_916716_917648_933	annotated	unassigned_transcript_820	assumed_protein_coding	MM_RS04015	MM_RS04015	assumed_protein_coding	NC_003901.1	+	ATG	916716-917648
unassigned_transcript_821_918228_918800_573	annotated	unassigned_transcript_821	assumed_protein_coding	MM_RS04020	MM_RS04020	assumed_protein_coding	NC_003901.1	+	ATG	918228-918800
unassigned_transcript_823_920658_922085_1428	annotated	unassigned_transcript_823	assumed_protein_coding	MM_RS04030	MM_RS04030	assumed_protein_coding	NC_003901.1	-	ATG	920658-922085
unassigned_transcript_824_922435_922839_405	annotated	unassigned_transcript_824	assumed_protein_coding	MM_RS04035	MM_RS04035	assumed_protein_coding	NC_003901.1	+	ATG	922435-922839
unassigned_transcript_827_925805_927358_1554	annotated	unassigned_transcript_827	assumed_protein_coding	MM_RS04050	MM_RS04050	assumed_protein_coding	NC_003901.1	+	ATG	925805-927358
unassigned_transcript_828_927404_927856_453	annotated	unassigned_transcript_828	assumed_protein_coding	MM_RS04055	MM_RS04055	assumed_protein_coding	NC_003901.1	-	ATG	927404-927856
unassigned_transcript_829_928002_930317_2316	annotated	unassigned_transcript_829	assumed_protein_coding	MM_RS04060	MM_RS04060	assumed_protein_coding	NC_003901.1	-	ATG	928002-930317
unassigned_transcript_830_930818_930982_165	annotated	unassigned_transcript_830	assumed_protein_coding	MM_RS18295	MM_RS18295	assumed_protein_coding	NC_003901.1	-	ATG	930818-930982
unassigned_transcript_831_930999_931625_627	annotated	unassigned_transcript_831	assumed_protein_coding	MM_RS04070	MM_RS04070	assumed_protein_coding	NC_003901.1	-	ATG	930999-931625
unassigned_transcript_832_931634_933013_1380	annotated	unassigned_transcript_832	assumed_protein_coding	MM_RS04075	MM_RS04075	assumed_protein_coding	NC_003901.1	-	ATG	931634-933013
unassigned_transcript_834_934745_935047_303	annotated	unassigned_transcript_834	assumed_protein_coding	MM_RS04085	MM_RS04085	assumed_protein_coding	NC_003901.1	-	ATG	934745-935047
unassigned_transcript_835_935050_936129_1080	annotated	unassigned_transcript_835	assumed_protein_coding	MM_RS04090	MM_RS04090	assumed_protein_coding	NC_003901.1	-	ATG	935050-936129
unassigned_transcript_836_936139_936687_549	annotated	unassigned_transcript_836	assumed_protein_coding	MM_RS04095	MM_RS04095	assumed_protein_coding	NC_003901.1	-	ATG	936139-936687
unassigned_transcript_837_936899_937138_240	annotated	unassigned_transcript_837	assumed_protein_coding	MM_RS04100	MM_RS04100	assumed_protein_coding	NC_003901.1	-	ATG	936899-937138
unassigned_transcript_838_937146_939092_1947	annotated	unassigned_transcript_838	assumed_protein_coding	MM_RS04105	MM_RS04105	assumed_protein_coding	NC_003901.1	-	ATG	937146-939092
unassigned_transcript_839_939088_939414_327	annotated	unassigned_transcript_839	assumed_protein_coding	MM_RS04110	MM_RS04110	assumed_protein_coding	NC_003901.1	-	ATG	939088-939414
unassigned_transcript_841_941404_942582_1179	annotated	unassigned_transcript_841	assumed_protein_coding	MM_RS04120	MM_RS04120	assumed_protein_coding	NC_003901.1	-	ATG	941404-942582
unassigned_transcript_842_942868_943752_885	annotated	unassigned_transcript_842	assumed_protein_coding	MM_RS04130	MM_RS04130	assumed_protein_coding	NC_003901.1	-	ATG	942868-943752
unassigned_transcript_843_943731_944108_378	annotated	unassigned_transcript_843	assumed_protein_coding	MM_RS04135	MM_RS04135	assumed_protein_coding	NC_003901.1	-	ATG	943731-944108
unassigned_transcript_844_944137_944238_102	annotated	unassigned_transcript_844	assumed_protein_coding	MM_RS19565	MM_RS19565	assumed_protein_coding	NC_003901.1	-	ATG	944137-944238
unassigned_transcript_847_945751_947277_1527	annotated	unassigned_transcript_847	assumed_protein_coding	MM_RS04150	MM_RS04150	assumed_protein_coding	NC_003901.1	-	ATG	945751-947277
unassigned_transcript_848_947433_947867_435	annotated	unassigned_transcript_848	assumed_protein_coding	MM_RS04155	MM_RS04155	assumed_protein_coding	NC_003901.1	-	ATG	947433-947867
unassigned_transcript_849_947886_948872_987	annotated	unassigned_transcript_849	assumed_protein_coding	MM_RS04160	MM_RS04160	assumed_protein_coding	NC_003901.1	-	ATG	947886-948872
unassigned_transcript_850_949124_949891_768	annotated	unassigned_transcript_850	assumed_protein_coding	MM_RS17725	MM_RS17725	assumed_protein_coding	NC_003901.1	-	ATG	949124-949891
unassigned_transcript_851_950201_950620_420	annotated	unassigned_transcript_851	assumed_protein_coding	MM_RS04170	MM_RS04170	assumed_protein_coding	NC_003901.1	-	ATG	950201-950620
unassigned_transcript_854_952055_953293_1239	annotated	unassigned_transcript_854	assumed_protein_coding	MM_RS04185	MM_RS04185	assumed_protein_coding	NC_003901.1	-	ATG	952055-953293
unassigned_transcript_855_954184_954426_243	annotated	unassigned_transcript_855	assumed_protein_coding	MM_RS04190	MM_RS04190	assumed_protein_coding	NC_003901.1	+	ATG	954184-954426
unassigned_transcript_857_954914_956187_1274	annotated	unassigned_transcript_857	assumed_protein_coding	MM_RS04200	MM_RS04200	assumed_protein_coding	NC_003901.1	+	ATG	954914-956187
unassigned_transcript_858_956480_956926_447	annotated	unassigned_transcript_858	assumed_protein_coding	MM_RS04205	MM_RS04205	assumed_protein_coding	NC_003901.1	+	ATG	956480-956926
unassigned_transcript_860_957384_957983_600	annotated	unassigned_transcript_860	assumed_protein_coding	MM_RS04215	MM_RS04215	assumed_protein_coding	NC_003901.1	+	ATG	957384-957983
unassigned_transcript_862_958427_958693_267	annotated	unassigned_transcript_862	assumed_protein_coding	MM_RS04225	MM_RS04225	assumed_protein_coding	NC_003901.1	+	ATG	958427-958693
unassigned_transcript_863_958725_959381_657	annotated	unassigned_transcript_863	assumed_protein_coding	MM_RS04230	MM_RS04230	assumed_protein_coding	NC_003901.1	+	ATG	958725-959381
unassigned_transcript_864_959437_959610_174	annotated	unassigned_transcript_864	assumed_protein_coding	MM_RS04235	MM_RS04235	assumed_protein_coding	NC_003901.1	+	ATG	959437-959610
unassigned_transcript_865_959619_960044_426	annotated	unassigned_transcript_865	assumed_protein_coding	MM_RS04240	MM_RS04240	assumed_protein_coding	NC_003901.1	+	ATG	959619-960044
unassigned_transcript_867_961784_961996_213	annotated	unassigned_transcript_867	assumed_protein_coding	MM_RS04250	MM_RS04250	assumed_protein_coding	NC_003901.1	-	ATG	961784-961996
unassigned_transcript_868_962206_963294_1089	annotated	unassigned_transcript_868	assumed_protein_coding	MM_RS04255	MM_RS04255	assumed_protein_coding	NC_003901.1	-	ATG	962206-963294
unassigned_transcript_869_963333_964313_981	annotated	unassigned_transcript_869	assumed_protein_coding	MM_RS04260	MM_RS04260	assumed_protein_coding	NC_003901.1	-	ATG	963333-964313
unassigned_transcript_871_965530_966984_1455	annotated	unassigned_transcript_871	assumed_protein_coding	MM_RS04275	MM_RS04275	assumed_protein_coding	NC_003901.1	+	ATG	965530-966984
unassigned_transcript_872_967656_968465_810	annotated	unassigned_transcript_872	assumed_protein_coding	MM_RS04280	MM_RS04280	assumed_protein_coding	NC_003901.1	-	ATG	967656-968465
unassigned_transcript_874_969944_971284_1341	annotated	unassigned_transcript_874	assumed_protein_coding	MM_RS04290	MM_RS04290	assumed_protein_coding	NC_003901.1	-	ATG	969944-971284
unassigned_transcript_875_972172_972573_402	annotated	unassigned_transcript_875	assumed_protein_coding	MM_RS04295	MM_RS04295	assumed_protein_coding	NC_003901.1	+	ATG	972172-972573
unassigned_transcript_877_973221_973544_324	annotated	unassigned_transcript_877	assumed_protein_coding	MM_RS04305	MM_RS04305	assumed_protein_coding	NC_003901.1	-	ATG	973221-973544
unassigned_transcript_878_974188_975294_1107	annotated	unassigned_transcript_878	assumed_protein_coding	MM_RS04310	MM_RS04310	assumed_protein_coding	NC_003901.1	+	ATG	974188-975294
unassigned_transcript_879_975317_975772_456	annotated	unassigned_transcript_879	assumed_protein_coding	MM_RS04315	MM_RS04315	assumed_protein_coding	NC_003901.1	+	ATG	975317-975772
unassigned_transcript_880_975846_976694_849	annotated	unassigned_transcript_880	assumed_protein_coding	MM_RS04320	MM_RS04320	assumed_protein_coding	NC_003901.1	+	ATG	975846-976694
unassigned_transcript_881_976865_977548_684	annotated	unassigned_transcript_881	assumed_protein_coding	MM_RS04325	MM_RS04325	assumed_protein_coding	NC_003901.1	+	ATG	976865-977548
unassigned_transcript_883_978824_978994_171	annotated	unassigned_transcript_883	assumed_protein_coding	MM_RS18300	MM_RS18300	assumed_protein_coding	NC_003901.1	+	ATG	978824-978994
unassigned_transcript_884_979248_979613_366	annotated	unassigned_transcript_884	assumed_protein_coding	MM_RS04335	MM_RS04335	assumed_protein_coding	NC_003901.1	-	ATG	979248-979613
unassigned_transcript_885_979620_979997_378	annotated	unassigned_transcript_885	assumed_protein_coding	MM_RS04340	MM_RS04340	assumed_protein_coding	NC_003901.1	-	ATG	979620-979997
unassigned_transcript_887_981351_981641_291	annotated	unassigned_transcript_887	assumed_protein_coding	MM_RS04350	MM_RS04350	assumed_protein_coding	NC_003901.1	-	ATG	981351-981641
unassigned_transcript_888_981722_983305_1584	annotated	unassigned_transcript_888	assumed_protein_coding	MM_RS04355	MM_RS04355	assumed_protein_coding	NC_003901.1	+	ATG	981722-983305
unassigned_transcript_889_983548_984141_594	annotated	unassigned_transcript_889	assumed_protein_coding	MM_RS04360	MM_RS04360	assumed_protein_coding	NC_003901.1	+	ATG	983548-984141
unassigned_transcript_892_988734_990062_1329	annotated	unassigned_transcript_892	assumed_protein_coding	MM_RS04375	MM_RS04375	assumed_protein_coding	NC_003901.1	+	ATG	988734-990062
unassigned_transcript_893_990527_990793_267	annotated	unassigned_transcript_893	assumed_protein_coding	MM_RS04380	MM_RS04380	assumed_protein_coding	NC_003901.1	+	ATG	990527-990793
unassigned_transcript_894_990961_992397_1437	annotated	unassigned_transcript_894	assumed_protein_coding	MM_RS04385	MM_RS04385	assumed_protein_coding	NC_003901.1	-	ATG	990961-992397
unassigned_transcript_897_997358_997711_354	annotated	unassigned_transcript_897	assumed_protein_coding	MM_RS04400	MM_RS04400	assumed_protein_coding	NC_003901.1	+	ATG	997358-997711
unassigned_transcript_898_997815_998234_420	annotated	unassigned_transcript_898	assumed_protein_coding	MM_RS04405	MM_RS04405	assumed_protein_coding	NC_003901.1	-	ATG	997815-998234
unassigned_transcript_900_1000226_1000618_393	annotated	unassigned_transcript_900	assumed_protein_coding	MM_RS04415	MM_RS04415	assumed_protein_coding	NC_003901.1	-	ATG	1000226-1000618
unassigned_transcript_902_1001008_1001601_594	annotated	unassigned_transcript_902	assumed_protein_coding	MM_RS04425	MM_RS04425	assumed_protein_coding	NC_003901.1	-	ATG	1001008-1001601
unassigned_transcript_903_1001832_1002158_327	annotated	unassigned_transcript_903	assumed_protein_coding	MM_RS04430	MM_RS04430	assumed_protein_coding	NC_003901.1	-	ATG	1001832-1002158
unassigned_transcript_905_1003540_1004019_480	annotated	unassigned_transcript_905	assumed_protein_coding	MM_RS04440	MM_RS04440	assumed_protein_coding	NC_003901.1	+	ATG	1003540-1004019
unassigned_transcript_906_1004288_1004518_231	annotated	unassigned_transcript_906	assumed_protein_coding	MM_RS04445	MM_RS04445	assumed_protein_coding	NC_003901.1	-	ATG	1004288-1004518
unassigned_transcript_907_1004838_1005200_363	annotated	unassigned_transcript_907	assumed_protein_coding	MM_RS04450	MM_RS04450	assumed_protein_coding	NC_003901.1	-	ATG	1004838-1005200
unassigned_transcript_908_1005510_1006895_1386	annotated	unassigned_transcript_908	assumed_protein_coding	MM_RS04455	MM_RS04455	assumed_protein_coding	NC_003901.1	-	ATG	1005510-1006895
unassigned_transcript_909_1007118_1007855_738	annotated	unassigned_transcript_909	assumed_protein_coding	MM_RS04460	MM_RS04460	assumed_protein_coding	NC_003901.1	-	ATG	1007118-1007855
unassigned_transcript_910_1007855_1009138_1284	annotated	unassigned_transcript_910	assumed_protein_coding	MM_RS04465	MM_RS04465	assumed_protein_coding	NC_003901.1	-	ATG	1007855-1009138
unassigned_transcript_911_1009614_1010324_711	annotated	unassigned_transcript_911	assumed_protein_coding	MM_RS04470	MM_RS04470	assumed_protein_coding	NC_003901.1	+	ATG	1009614-1010324
unassigned_transcript_913_1011800_1012162_363	annotated	unassigned_transcript_913	assumed_protein_coding	MM_RS04480	MM_RS04480	assumed_protein_coding	NC_003901.1	-	ATG	1011800-1012162
unassigned_transcript_914_1012364_1012669_306	annotated	unassigned_transcript_914	assumed_protein_coding	MM_RS04485	MM_RS04485	assumed_protein_coding	NC_003901.1	-	ATG	1012364-1012669
unassigned_transcript_916_1013858_1016004_2147	annotated	unassigned_transcript_916	assumed_protein_coding	MM_RS04495	MM_RS04495	assumed_protein_coding	NC_003901.1	+	ATG	1013858-1016004
unassigned_transcript_917_1016498_1017631_1134	annotated	unassigned_transcript_917	assumed_protein_coding	MM_RS04500	MM_RS04500	assumed_protein_coding	NC_003901.1	+	ATG	1016498-1017631
unassigned_transcript_918_1017631_1018824_1194	annotated	unassigned_transcript_918	assumed_protein_coding	MM_RS04505	MM_RS04505	assumed_protein_coding	NC_003901.1	+	ATG	1017631-1018824
unassigned_transcript_919_1018878_1019681_804	annotated	unassigned_transcript_919	assumed_protein_coding	MM_RS04510	MM_RS04510	assumed_protein_coding	NC_003901.1	+	ATG	1018878-1019681
unassigned_transcript_921_1021871_1023136_1266	annotated	unassigned_transcript_921	assumed_protein_coding	MM_RS04520	MM_RS04520	assumed_protein_coding	NC_003901.1	-	ATG	1021871-1023136
unassigned_transcript_922_1023261_1024490_1230	annotated	unassigned_transcript_922	assumed_protein_coding	MM_RS04525	MM_RS04525	assumed_protein_coding	NC_003901.1	-	ATG	1023261-1024490
unassigned_transcript_923_1024823_1026955_2133	annotated	unassigned_transcript_923	assumed_protein_coding	MM_RS04530	MM_RS04530	assumed_protein_coding	NC_003901.1	+	ATG	1024823-1026955
unassigned_transcript_924_1027186_1027713_528	annotated	unassigned_transcript_924	assumed_protein_coding	MM_RS04535	MM_RS04535	assumed_protein_coding	NC_003901.1	-	ATG	1027186-1027713
unassigned_transcript_925_1027830_1028225_396	annotated	unassigned_transcript_925	assumed_protein_coding	MM_RS04540	MM_RS04540	assumed_protein_coding	NC_003901.1	-	ATG	1027830-1028225
unassigned_transcript_926_1028235_1029404_1170	annotated	unassigned_transcript_926	assumed_protein_coding	MM_RS04545	MM_RS04545	assumed_protein_coding	NC_003901.1	-	ATG	1028235-1029404
unassigned_transcript_927_1029425_1030471_1047	annotated	unassigned_transcript_927	assumed_protein_coding	MM_RS04550	MM_RS04550	assumed_protein_coding	NC_003901.1	-	ATG	1029425-1030471
unassigned_transcript_928_1030515_1031252_738	annotated	unassigned_transcript_928	assumed_protein_coding	MM_RS04555	MM_RS04555	assumed_protein_coding	NC_003901.1	-	ATG	1030515-1031252
unassigned_transcript_929_1031394_1032209_816	annotated	unassigned_transcript_929	assumed_protein_coding	MM_RS04560	MM_RS04560	assumed_protein_coding	NC_003901.1	+	ATG	1031394-1032209
unassigned_transcript_930_1032667_1033416_750	annotated	unassigned_transcript_930	assumed_protein_coding	MM_RS04565	MM_RS04565	assumed_protein_coding	NC_003901.1	+	ATG	1032667-1033416
unassigned_transcript_931_1033935_1034168_234	annotated	unassigned_transcript_931	assumed_protein_coding	MM_RS19095	MM_RS19095	assumed_protein_coding	NC_003901.1	+	ATG	1033935-1034168
unassigned_transcript_933_1035461_1036195_735	annotated	unassigned_transcript_933	assumed_protein_coding	MM_RS04575	MM_RS04575	assumed_protein_coding	NC_003901.1	+	ATG	1035461-1036195
unassigned_transcript_935_1037063_1037269_207	annotated	unassigned_transcript_935	assumed_protein_coding	MM_RS04585	MM_RS04585	assumed_protein_coding	NC_003901.1	+	ATG	1037063-1037269
unassigned_transcript_936_1038621_1039394_774	annotated	unassigned_transcript_936	assumed_protein_coding	MM_RS04590	MM_RS04590	assumed_protein_coding	NC_003901.1	+	ATG	1038621-1039394
unassigned_transcript_937_1039987_1041288_1302	annotated	unassigned_transcript_937	assumed_protein_coding	MM_RS04600	MM_RS04600	assumed_protein_coding	NC_003901.1	-	ATG	1039987-1041288
unassigned_transcript_938_1041342_1042397_1056	annotated	unassigned_transcript_938	assumed_protein_coding	MM_RS04605	MM_RS04605	assumed_protein_coding	NC_003901.1	+	ATG	1041342-1042397
unassigned_transcript_939_1042702_1044603_1902	annotated	unassigned_transcript_939	assumed_protein_coding	MM_RS04610	MM_RS04610	assumed_protein_coding	NC_003901.1	+	ATG	1042702-1044603
unassigned_transcript_940_1044770_1045021_252	annotated	unassigned_transcript_940	assumed_protein_coding	MM_RS04615	MM_RS04615	assumed_protein_coding	NC_003901.1	-	ATG	1044770-1045021
unassigned_transcript_941_1045586_1046677_1092	annotated	unassigned_transcript_941	assumed_protein_coding	MM_RS04620	MM_RS04620	assumed_protein_coding	NC_003901.1	-	ATG	1045586-1046677
unassigned_transcript_942_1046973_1047953_981	annotated	unassigned_transcript_942	assumed_protein_coding	MM_RS04625	MM_RS04625	assumed_protein_coding	NC_003901.1	+	ATG	1046973-1047953
unassigned_transcript_943_1048009_1048812_804	annotated	unassigned_transcript_943	assumed_protein_coding	MM_RS04630	MM_RS04630	assumed_protein_coding	NC_003901.1	+	ATG	1048009-1048812
unassigned_transcript_944_1048890_1050470_1581	annotated	unassigned_transcript_944	assumed_protein_coding	MM_RS04635	MM_RS04635	assumed_protein_coding	NC_003901.1	-	ATG	1048890-1050470
unassigned_transcript_946_1051868_1052614_747	annotated	unassigned_transcript_946	assumed_protein_coding	MM_RS04645	MM_RS04645	assumed_protein_coding	NC_003901.1	-	ATG	1051868-1052614
unassigned_transcript_948_1054360_1055022_663	annotated	unassigned_transcript_948	assumed_protein_coding	MM_RS04655	MM_RS04655	assumed_protein_coding	NC_003901.1	+	ATG	1054360-1055022
unassigned_transcript_949_1055022_1055324_303	annotated	unassigned_transcript_949	assumed_protein_coding	MM_RS04660	MM_RS04660	assumed_protein_coding	NC_003901.1	+	ATG	1055022-1055324
unassigned_transcript_950_1055484_1056185_702	annotated	unassigned_transcript_950	assumed_protein_coding	MM_RS04665	MM_RS04665	assumed_protein_coding	NC_003901.1	-	ATG	1055484-1056185
unassigned_transcript_952_1056607_1057686_1080	annotated	unassigned_transcript_952	assumed_protein_coding	MM_RS04670	MM_RS04670	assumed_protein_coding	NC_003901.1	-	ATG	1056607-1057686
unassigned_transcript_955_1061543_1062460_918	annotated	unassigned_transcript_955	assumed_protein_coding	MM_RS04685	MM_RS04685	assumed_protein_coding	NC_003901.1	-	ATG	1061543-1062460
unassigned_transcript_957_1066418_1067254_837	annotated	unassigned_transcript_957	assumed_protein_coding	MM_RS04695	MM_RS04695	assumed_protein_coding	NC_003901.1	-	ATG	1066418-1067254
unassigned_transcript_958_1067612_1068211_600	annotated	unassigned_transcript_958	assumed_protein_coding	MM_RS04700	MM_RS04700	assumed_protein_coding	NC_003901.1	-	ATG	1067612-1068211
unassigned_transcript_959_1068457_1070001_1545	annotated	unassigned_transcript_959	assumed_protein_coding	MM_RS04710	MM_RS04710	assumed_protein_coding	NC_003901.1	+	ATG	1068457-1070001
unassigned_transcript_960_1070316_1071269_954	annotated	unassigned_transcript_960	assumed_protein_coding	MM_RS04715	MM_RS04715	assumed_protein_coding	NC_003901.1	+	ATG	1070316-1071269
unassigned_transcript_962_1071815_1072828_1014	annotated	unassigned_transcript_962	assumed_protein_coding	MM_RS04720	MM_RS04720	assumed_protein_coding	NC_003901.1	-	ATG	1071815-1072828
unassigned_transcript_963_1073439_1073738_300	annotated	unassigned_transcript_963	assumed_protein_coding	MM_RS04725	MM_RS04725	assumed_protein_coding	NC_003901.1	-	ATG	1073439-1073738
unassigned_transcript_964_1074710_1075042_333	annotated	unassigned_transcript_964	assumed_protein_coding	MM_RS04730	MM_RS04730	assumed_protein_coding	NC_003901.1	-	ATG	1074710-1075042
unassigned_transcript_966_1076614_1077411_798	annotated	unassigned_transcript_966	assumed_protein_coding	MM_RS04740	MM_RS04740	assumed_protein_coding	NC_003901.1	+	ATG	1076614-1077411
unassigned_transcript_967_1077662_1079272_1611	annotated	unassigned_transcript_967	assumed_protein_coding	MM_RS04745	MM_RS04745	assumed_protein_coding	NC_003901.1	+	ATG	1077662-1079272
unassigned_transcript_969_1081063_1081503_441	annotated	unassigned_transcript_969	assumed_protein_coding	MM_RS04755	MM_RS04755	assumed_protein_coding	NC_003901.1	+	ATG	1081063-1081503
unassigned_transcript_971_1082012_1083256_1245	annotated	unassigned_transcript_971	assumed_protein_coding	MM_RS04765	MM_RS04765	assumed_protein_coding	NC_003901.1	+	ATG	1082012-1083256
unassigned_transcript_972_1083267_1083863_597	annotated	unassigned_transcript_972	assumed_protein_coding	MM_RS04770	MM_RS04770	assumed_protein_coding	NC_003901.1	+	ATG	1083267-1083863
unassigned_transcript_973_1083868_1084800_933	annotated	unassigned_transcript_973	assumed_protein_coding	MM_RS04775	MM_RS04775	assumed_protein_coding	NC_003901.1	+	ATG	1083868-1084800
unassigned_transcript_974_1084945_1085439_495	annotated	unassigned_transcript_974	assumed_protein_coding	MM_RS04780	MM_RS04780	assumed_protein_coding	NC_003901.1	+	ATG	1084945-1085439
unassigned_transcript_976_1086584_1087018_435	annotated	unassigned_transcript_976	assumed_protein_coding	MM_RS04790	MM_RS04790	assumed_protein_coding	NC_003901.1	-	ATG	1086584-1087018
unassigned_transcript_977_1087175_1088887_1713	annotated	unassigned_transcript_977	assumed_protein_coding	MM_RS04795	MM_RS04795	assumed_protein_coding	NC_003901.1	+	ATG	1087175-1088887
unassigned_transcript_978_1089329_1089712_384	annotated	unassigned_transcript_978	assumed_protein_coding	MM_RS04800	MM_RS04800	assumed_protein_coding	NC_003901.1	+	ATG	1089329-1089712
unassigned_transcript_979_1089822_1090694_873	annotated	unassigned_transcript_979	assumed_protein_coding	MM_RS04805	MM_RS04805	assumed_protein_coding	NC_003901.1	+	ATG	1089822-1090694
unassigned_transcript_980_1090984_1091157_174	annotated	unassigned_transcript_980	assumed_protein_coding	MM_RS18870	MM_RS18870	assumed_protein_coding	NC_003901.1	-	ATG	1090984-1091157
unassigned_transcript_981_1091377_1091553_177	annotated	unassigned_transcript_981	assumed_protein_coding	MM_RS04815	MM_RS04815	assumed_protein_coding	NC_003901.1	-	ATG	1091377-1091553
unassigned_transcript_982_1091939_1093564_1626	annotated	unassigned_transcript_982	assumed_protein_coding	MM_RS04820	MM_RS04820	assumed_protein_coding	NC_003901.1	-	ATG	1091939-1093564
unassigned_transcript_983_1093792_1093992_201	annotated	unassigned_transcript_983	assumed_protein_coding	MM_RS04825	MM_RS04825	assumed_protein_coding	NC_003901.1	-	ATG	1093792-1093992
unassigned_transcript_984_1093997_1094377_381	annotated	unassigned_transcript_984	assumed_protein_coding	MM_RS04830	MM_RS04830	assumed_protein_coding	NC_003901.1	-	ATG	1093997-1094377
unassigned_transcript_985_1095109_1097193_2085	annotated	unassigned_transcript_985	assumed_protein_coding	MM_RS04835	MM_RS04835	assumed_protein_coding	NC_003901.1	+	ATG	1095109-1097193
unassigned_transcript_986_1097426_1097785_360	annotated	unassigned_transcript_986	assumed_protein_coding	MM_RS04840	MM_RS04840	assumed_protein_coding	NC_003901.1	-	ATG	1097426-1097785
unassigned_transcript_987_1097778_1098506_729	annotated	unassigned_transcript_987	assumed_protein_coding	MM_RS04845	MM_RS04845	assumed_protein_coding	NC_003901.1	-	ATG	1097778-1098506
unassigned_transcript_988_1098506_1099198_693	annotated	unassigned_transcript_988	assumed_protein_coding	MM_RS04850	MM_RS04850	assumed_protein_coding	NC_003901.1	-	ATG	1098506-1099198
unassigned_transcript_989_1099529_1101517_1989	annotated	unassigned_transcript_989	assumed_protein_coding	MM_RS04855	MM_RS04855	assumed_protein_coding	NC_003901.1	-	ATG	1099529-1101517
unassigned_transcript_992_1104806_1105420_615	annotated	unassigned_transcript_992	assumed_protein_coding	MM_RS04870	MM_RS04870	assumed_protein_coding	NC_003901.1	-	ATG	1104806-1105420
unassigned_transcript_993_1105542_1107488_1947	annotated	unassigned_transcript_993	assumed_protein_coding	MM_RS04875	MM_RS04875	assumed_protein_coding	NC_003901.1	-	ATG	1105542-1107488
unassigned_transcript_994_1107504_1109198_1695	annotated	unassigned_transcript_994	assumed_protein_coding	MM_RS04880	MM_RS04880	assumed_protein_coding	NC_003901.1	-	ATG	1107504-1109198
unassigned_transcript_995_1110370_1111065_696	annotated	unassigned_transcript_995	assumed_protein_coding	MM_RS04885	MM_RS04885	assumed_protein_coding	NC_003901.1	-	ATG	1110370-1111065
unassigned_transcript_998_1112100_1113725_1626	annotated	unassigned_transcript_998	assumed_protein_coding	MM_RS04900	MM_RS04900	assumed_protein_coding	NC_003901.1	+	ATG	1112100-1113725
unassigned_transcript_999_1115099_1116442_1344	annotated	unassigned_transcript_999	assumed_protein_coding	MM_RS04905	MM_RS04905	assumed_protein_coding	NC_003901.1	-	ATG	1115099-1116442
unassigned_transcript_1000_1116966_1117112_147	annotated	unassigned_transcript_1000	assumed_protein_coding	MM_RS04910	MM_RS04910	assumed_protein_coding	NC_003901.1	+	ATG	1116966-1117112
unassigned_transcript_1002_1118361_1120094_1734	annotated	unassigned_transcript_1002	assumed_protein_coding	MM_RS04920	MM_RS04920	assumed_protein_coding	NC_003901.1	+	ATG	1118361-1120094
unassigned_transcript_1003_1120254_1120925_672	annotated	unassigned_transcript_1003	assumed_protein_coding	MM_RS04925	MM_RS04925	assumed_protein_coding	NC_003901.1	-	ATG	1120254-1120925
unassigned_transcript_1004_1121119_1121784_666	annotated	unassigned_transcript_1004	assumed_protein_coding	MM_RS04930	MM_RS04930	assumed_protein_coding	NC_003901.1	-	ATG	1121119-1121784
unassigned_transcript_1005_1121917_1123128_1212	annotated	unassigned_transcript_1005	assumed_protein_coding	MM_RS04935	MM_RS04935	assumed_protein_coding	NC_003901.1	-	ATG	1121917-1123128
unassigned_transcript_1007_1125186_1126439_1254	annotated	unassigned_transcript_1007	assumed_protein_coding	MM_RS04945	MM_RS04945	assumed_protein_coding	NC_003901.1	-	ATG	1125186-1126439
unassigned_transcript_1008_1126591_1127469_879	annotated	unassigned_transcript_1008	assumed_protein_coding	MM_RS04950	MM_RS04950	assumed_protein_coding	NC_003901.1	-	ATG	1126591-1127469
unassigned_transcript_1009_1127893_1129104_1212	annotated	unassigned_transcript_1009	assumed_protein_coding	MM_RS04955	MM_RS04955	assumed_protein_coding	NC_003901.1	-	ATG	1127893-1129104
unassigned_transcript_1010_1129154_1130395_1242	annotated	unassigned_transcript_1010	assumed_protein_coding	MM_RS04960	MM_RS04960	assumed_protein_coding	NC_003901.1	-	ATG	1129154-1130395
unassigned_transcript_1012_1135002_1135832_831	annotated	unassigned_transcript_1012	assumed_protein_coding	MM_RS04975	MM_RS04975	assumed_protein_coding	NC_003901.1	-	ATG	1135002-1135832
unassigned_transcript_1013_1135832_1136818_987	annotated	unassigned_transcript_1013	assumed_protein_coding	MM_RS04980	MM_RS04980	assumed_protein_coding	NC_003901.1	-	ATG	1135832-1136818
unassigned_transcript_1014_1137526_1138932_1407	annotated	unassigned_transcript_1014	assumed_protein_coding	MM_RS04990	MM_RS04990	assumed_protein_coding	NC_003901.1	+	ATG	1137526-1138932
unassigned_transcript_1015_1138938_1139282_345	annotated	unassigned_transcript_1015	assumed_protein_coding	MM_RS04995	MM_RS04995	assumed_protein_coding	NC_003901.1	+	ATG	1138938-1139282
unassigned_transcript_1016_1139362_1139787_426	annotated	unassigned_transcript_1016	assumed_protein_coding	MM_RS05000	MM_RS05000	assumed_protein_coding	NC_003901.1	+	ATG	1139362-1139787
unassigned_transcript_1017_1140024_1140320_297	annotated	unassigned_transcript_1017	assumed_protein_coding	MM_RS05005	MM_RS05005	assumed_protein_coding	NC_003901.1	+	ATG	1140024-1140320
unassigned_transcript_1018_1140391_1140696_306	annotated	unassigned_transcript_1018	assumed_protein_coding	MM_RS05010	MM_RS05010	assumed_protein_coding	NC_003901.1	+	ATG	1140391-1140696
unassigned_transcript_1019_1140845_1141069_225	annotated	unassigned_transcript_1019	assumed_protein_coding	MM_RS05015	MM_RS05015	assumed_protein_coding	NC_003901.1	+	ATG	1140845-1141069
unassigned_transcript_1020_1141315_1141794_480	annotated	unassigned_transcript_1020	assumed_protein_coding	MM_RS05020	MM_RS05020	assumed_protein_coding	NC_003901.1	-	ATG	1141315-1141794
unassigned_transcript_1021_1142131_1143471_1341	annotated	unassigned_transcript_1021	assumed_protein_coding	MM_RS05025	MM_RS05025	assumed_protein_coding	NC_003901.1	+	ATG	1142131-1143471
unassigned_transcript_1022_1143742_1143960_219	annotated	unassigned_transcript_1022	assumed_protein_coding	MM_RS05030	MM_RS05030	assumed_protein_coding	NC_003901.1	+	ATG	1143742-1143960
unassigned_transcript_1023_1144270_1145319_1050	annotated	unassigned_transcript_1023	assumed_protein_coding	MM_RS05035	MM_RS05035	assumed_protein_coding	NC_003901.1	+	ATG	1144270-1145319
unassigned_transcript_1024_1145319_1146827_1509	annotated	unassigned_transcript_1024	assumed_protein_coding	MM_RS05040	MM_RS05040	assumed_protein_coding	NC_003901.1	+	ATG	1145319-1146827
unassigned_transcript_1025_1146833_1147573_741	annotated	unassigned_transcript_1025	assumed_protein_coding	MM_RS05045	MM_RS05045	assumed_protein_coding	NC_003901.1	+	ATG	1146833-1147573
unassigned_transcript_1026_1147583_1148614_1032	annotated	unassigned_transcript_1026	assumed_protein_coding	MM_RS05050	MM_RS05050	assumed_protein_coding	NC_003901.1	+	ATG	1147583-1148614
unassigned_transcript_1028_1149722_1150759_1038	annotated	unassigned_transcript_1028	assumed_protein_coding	MM_RS05060	MM_RS05060	assumed_protein_coding	NC_003901.1	-	ATG	1149722-1150759
unassigned_transcript_1029_1151091_1151228_138	annotated	unassigned_transcript_1029	assumed_protein_coding	MM_RS18310	MM_RS18310	assumed_protein_coding	NC_003901.1	+	ATG	1151091-1151228
unassigned_transcript_1030_1151247_1151480_234	annotated	unassigned_transcript_1030	assumed_protein_coding	MM_RS17740	MM_RS17740	assumed_protein_coding	NC_003901.1	+	ATG	1151247-1151480
unassigned_transcript_1031_1152319_1153389_1071	annotated	unassigned_transcript_1031	assumed_protein_coding	MM_RS05070	MM_RS05070	assumed_protein_coding	NC_003901.1	+	ATG	1152319-1153389
unassigned_transcript_1032_1154011_1155210_1200	annotated	unassigned_transcript_1032	assumed_protein_coding	MM_RS05075	MM_RS05075	assumed_protein_coding	NC_003901.1	-	ATG	1154011-1155210
unassigned_transcript_1033_1155475_1156011_537	annotated	unassigned_transcript_1033	assumed_protein_coding	MM_RS05080	MM_RS05080	assumed_protein_coding	NC_003901.1	+	ATG	1155475-1156011
unassigned_transcript_1036_1159538_1160020_483	annotated	unassigned_transcript_1036	assumed_protein_coding	MM_RS05100	MM_RS05100	assumed_protein_coding	NC_003901.1	+	ATG	1159538-1160020
unassigned_transcript_1037_1160037_1160936_900	annotated	unassigned_transcript_1037	assumed_protein_coding	MM_RS05105	MM_RS05105	assumed_protein_coding	NC_003901.1	+	ATG	1160037-1160936
unassigned_transcript_1038_1160986_1161435_450	annotated	unassigned_transcript_1038	assumed_protein_coding	MM_RS05110	MM_RS05110	assumed_protein_coding	NC_003901.1	-	ATG	1160986-1161435
unassigned_transcript_1039_1161473_1161850_378	annotated	unassigned_transcript_1039	assumed_protein_coding	MM_RS05115	MM_RS05115	assumed_protein_coding	NC_003901.1	-	ATG	1161473-1161850
unassigned_transcript_1041_1162685_1163377_693	annotated	unassigned_transcript_1041	assumed_protein_coding	MM_RS05125	MM_RS05125	assumed_protein_coding	NC_003901.1	-	ATG	1162685-1163377
unassigned_transcript_1042_1163589_1164530_942	annotated	unassigned_transcript_1042	assumed_protein_coding	MM_RS05130	MM_RS05130	assumed_protein_coding	NC_003901.1	-	ATG	1163589-1164530
unassigned_transcript_1043_1164530_1165381_852	annotated	unassigned_transcript_1043	assumed_protein_coding	MM_RS05135	MM_RS05135	assumed_protein_coding	NC_003901.1	-	ATG	1164530-1165381
unassigned_transcript_1044_1165430_1165792_363	annotated	unassigned_transcript_1044	assumed_protein_coding	MM_RS05140	MM_RS05140	assumed_protein_coding	NC_003901.1	-	ATG	1165430-1165792
unassigned_transcript_1045_1165890_1166252_363	annotated	unassigned_transcript_1045	assumed_protein_coding	MM_RS05145	MM_RS05145	assumed_protein_coding	NC_003901.1	-	ATG	1165890-1166252
unassigned_transcript_1046_1166462_1166821_360	annotated	unassigned_transcript_1046	assumed_protein_coding	MM_RS05150	MM_RS05150	assumed_protein_coding	NC_003901.1	+	ATG	1166462-1166821
unassigned_transcript_1047_1166874_1167713_840	annotated	unassigned_transcript_1047	assumed_protein_coding	MM_RS05155	MM_RS05155	assumed_protein_coding	NC_003901.1	+	ATG	1166874-1167713
unassigned_transcript_1048_1168022_1168516_495	annotated	unassigned_transcript_1048	assumed_protein_coding	MM_RS05160	MM_RS05160	assumed_protein_coding	NC_003901.1	+	ATG	1168022-1168516
unassigned_transcript_1049_1168801_1169448_648	annotated	unassigned_transcript_1049	assumed_protein_coding	MM_RS05165	MM_RS05165	assumed_protein_coding	NC_003901.1	+	ATG	1168801-1169448
unassigned_transcript_1051_1170177_1170905_729	annotated	unassigned_transcript_1051	assumed_protein_coding	MM_RS05175	MM_RS05175	assumed_protein_coding	NC_003901.1	-	ATG	1170177-1170905
unassigned_transcript_1052_1170898_1171692_795	annotated	unassigned_transcript_1052	assumed_protein_coding	MM_RS05180	MM_RS05180	assumed_protein_coding	NC_003901.1	-	ATG	1170898-1171692
unassigned_transcript_1053_1171664_1172014_351	annotated	unassigned_transcript_1053	assumed_protein_coding	MM_RS05185	MM_RS05185	assumed_protein_coding	NC_003901.1	-	ATG	1171664-1172014
unassigned_transcript_1055_1172633_1173358_726	annotated	unassigned_transcript_1055	assumed_protein_coding	MM_RS05195	MM_RS05195	assumed_protein_coding	NC_003901.1	-	ATG	1172633-1173358
unassigned_transcript_1056_1173540_1174145_606	annotated	unassigned_transcript_1056	assumed_protein_coding	MM_RS05200	MM_RS05200	assumed_protein_coding	NC_003901.1	-	ATG	1173540-1174145
unassigned_transcript_1057_1174239_1174790_552	annotated	unassigned_transcript_1057	assumed_protein_coding	MM_RS05205	MM_RS05205	assumed_protein_coding	NC_003901.1	-	ATG	1174239-1174790
unassigned_transcript_1058_1175568_1176887_1320	annotated	unassigned_transcript_1058	assumed_protein_coding	MM_RS05210	MM_RS05210	assumed_protein_coding	NC_003901.1	+	ATG	1175568-1176887
unassigned_transcript_1059_1177059_1178084_1026	annotated	unassigned_transcript_1059	assumed_protein_coding	MM_RS05215	MM_RS05215	assumed_protein_coding	NC_003901.1	-	ATG	1177059-1178084
unassigned_transcript_1060_1178389_1179228_840	annotated	unassigned_transcript_1060	assumed_protein_coding	MM_RS05220	MM_RS05220	assumed_protein_coding	NC_003901.1	+	ATG	1178389-1179228
unassigned_transcript_1061_1179582_1180064_483	annotated	unassigned_transcript_1061	assumed_protein_coding	MM_RS05225	MM_RS05225	assumed_protein_coding	NC_003901.1	-	ATG	1179582-1180064
unassigned_transcript_1062_1180122_1181414_1293	annotated	unassigned_transcript_1062	assumed_protein_coding	MM_RS05230	MM_RS05230	assumed_protein_coding	NC_003901.1	+	ATG	1180122-1181414
unassigned_transcript_1065_1182688_1183809_1122	annotated	unassigned_transcript_1065	assumed_protein_coding	MM_RS05245	MM_RS05245	assumed_protein_coding	NC_003901.1	+	ATG	1182688-1183809
unassigned_transcript_1067_1184449_1184904_456	annotated	unassigned_transcript_1067	assumed_protein_coding	MM_RS05255	MM_RS05255	assumed_protein_coding	NC_003901.1	+	ATG	1184449-1184904
unassigned_transcript_1068_1185028_1185510_483	annotated	unassigned_transcript_1068	assumed_protein_coding	MM_RS05260	MM_RS05260	assumed_protein_coding	NC_003901.1	+	ATG	1185028-1185510
unassigned_transcript_1069_1185755_1186393_639	annotated	unassigned_transcript_1069	assumed_protein_coding	MM_RS05265	MM_RS05265	assumed_protein_coding	NC_003901.1	+	ATG	1185755-1186393
unassigned_transcript_1070_1186397_1187437_1041	annotated	unassigned_transcript_1070	assumed_protein_coding	MM_RS05270	MM_RS05270	assumed_protein_coding	NC_003901.1	+	ATG	1186397-1187437
unassigned_transcript_1071_1187483_1187794_312	annotated	unassigned_transcript_1071	assumed_protein_coding	MM_RS05275	MM_RS05275	assumed_protein_coding	NC_003901.1	+	ATG	1187483-1187794
unassigned_transcript_1073_1190055_1190468_414	annotated	unassigned_transcript_1073	assumed_protein_coding	MM_RS05285	MM_RS05285	assumed_protein_coding	NC_003901.1	+	ATG	1190055-1190468
unassigned_transcript_1074_1190666_1191451_786	annotated	unassigned_transcript_1074	assumed_protein_coding	MM_RS05290	MM_RS05290	assumed_protein_coding	NC_003901.1	-	ATG	1190666-1191451
unassigned_transcript_1075_1191574_1192077_504	annotated	unassigned_transcript_1075	assumed_protein_coding	MM_RS05295	MM_RS05295	assumed_protein_coding	NC_003901.1	+	ATG	1191574-1192077
unassigned_transcript_1076_1192186_1192926_741	annotated	unassigned_transcript_1076	assumed_protein_coding	MM_RS05300	MM_RS05300	assumed_protein_coding	NC_003901.1	-	ATG	1192186-1192926
unassigned_transcript_1077_1193004_1193192_189	annotated	unassigned_transcript_1077	assumed_protein_coding	MM_RS05305	MM_RS05305	assumed_protein_coding	NC_003901.1	+	ATG	1193004-1193192
unassigned_transcript_1078_1193215_1193688_474	annotated	unassigned_transcript_1078	assumed_protein_coding	MM_RS05310	MM_RS05310	assumed_protein_coding	NC_003901.1	-	ATG	1193215-1193688
unassigned_transcript_1079_1194657_1195358_702	annotated	unassigned_transcript_1079	assumed_protein_coding	MM_RS19100	MM_RS19100	assumed_protein_coding	NC_003901.1	+	ATG	1194657-1195358
unassigned_transcript_1080_1195438_1195653_216	annotated	unassigned_transcript_1080	assumed_protein_coding	MM_RS19105	MM_RS19105	assumed_protein_coding	NC_003901.1	+	ATG	1195438-1195653
unassigned_transcript_1081_1195791_1196915_1125	annotated	unassigned_transcript_1081	assumed_protein_coding	MM_RS05325	MM_RS05325	assumed_protein_coding	NC_003901.1	+	ATG	1195791-1196915
unassigned_transcript_1082_1197059_1198342_1284	annotated	unassigned_transcript_1082	assumed_protein_coding	MM_RS05330	MM_RS05330	assumed_protein_coding	NC_003901.1	-	ATG	1197059-1198342
unassigned_transcript_1084_1199801_1200349_549	annotated	unassigned_transcript_1084	assumed_protein_coding	MM_RS05340	MM_RS05340	assumed_protein_coding	NC_003901.1	-	ATG	1199801-1200349
unassigned_transcript_1085_1200432_1200980_549	annotated	unassigned_transcript_1085	assumed_protein_coding	MM_RS05345	MM_RS05345	assumed_protein_coding	NC_003901.1	-	ATG	1200432-1200980
unassigned_transcript_1086_1201178_1202290_1113	annotated	unassigned_transcript_1086	assumed_protein_coding	MM_RS05350	MM_RS05350	assumed_protein_coding	NC_003901.1	-	ATG	1201178-1202290
unassigned_transcript_1087_1202338_1203339_1002	annotated	unassigned_transcript_1087	assumed_protein_coding	MM_RS05355	MM_RS05355	assumed_protein_coding	NC_003901.1	-	ATG	1202338-1203339
unassigned_transcript_1089_1206914_1207879_966	annotated	unassigned_transcript_1089	assumed_protein_coding	MM_RS05365	MM_RS05365	assumed_protein_coding	NC_003901.1	-	ATG	1206914-1207879
unassigned_transcript_1090_1208685_1208924_240	annotated	unassigned_transcript_1090	assumed_protein_coding	MM_RS05370	MM_RS05370	assumed_protein_coding	NC_003901.1	-	ATG	1208685-1208924
unassigned_transcript_1092_1211162_1211812_651	annotated	unassigned_transcript_1092	assumed_protein_coding	MM_RS05380	MM_RS05380	assumed_protein_coding	NC_003901.1	-	ATG	1211162-1211812
unassigned_transcript_1095_1213256_1213816_561	annotated	unassigned_transcript_1095	assumed_protein_coding	MM_RS05395	MM_RS05395	assumed_protein_coding	NC_003901.1	+	ATG	1213256-1213816
unassigned_transcript_1096_1213905_1214726_822	annotated	unassigned_transcript_1096	assumed_protein_coding	MM_RS05400	MM_RS05400	assumed_protein_coding	NC_003901.1	+	ATG	1213905-1214726
unassigned_transcript_1097_1214705_1215565_861	annotated	unassigned_transcript_1097	assumed_protein_coding	MM_RS05405	MM_RS05405	assumed_protein_coding	NC_003901.1	+	ATG	1214705-1215565
unassigned_transcript_1098_1215639_1216409_771	annotated	unassigned_transcript_1098	assumed_protein_coding	MM_RS05410	MM_RS05410	assumed_protein_coding	NC_003901.1	+	ATG	1215639-1216409
unassigned_transcript_1099_1216520_1216864_345	annotated	unassigned_transcript_1099	assumed_protein_coding	MM_RS05415	MM_RS05415	assumed_protein_coding	NC_003901.1	+	ATG	1216520-1216864
unassigned_transcript_1101_1218324_1218827_504	annotated	unassigned_transcript_1101	assumed_protein_coding	MM_RS19530	MM_RS19530	assumed_protein_coding	NC_003901.1	+	ATG	1218324-1218827
unassigned_transcript_1102_1219177_1220305_1131	annotated	unassigned_transcript_1102	assumed_protein_coding	MM_RS17755	MM_RS17755	assumed_protein_coding	NC_003901.1	+	ATG	1219177-1219610,1219609-1220305
unassigned_transcript_1104_1220902_1221777_876	annotated	unassigned_transcript_1104	assumed_protein_coding	MM_RS05445	MM_RS05445	assumed_protein_coding	NC_003901.1	+	ATG	1220902-1221777
unassigned_transcript_1106_1222283_1224208_1926	annotated	unassigned_transcript_1106	assumed_protein_coding	MM_RS05450	MM_RS05450	assumed_protein_coding	NC_003901.1	+	ATG	1222283-1224208
unassigned_transcript_1107_1224590_1225681_1092	annotated	unassigned_transcript_1107	assumed_protein_coding	MM_RS05455	MM_RS05455	assumed_protein_coding	NC_003901.1	+	ATG	1224590-1225681
unassigned_transcript_1108_1225917_1228016_2100	annotated	unassigned_transcript_1108	assumed_protein_coding	MM_RS05460	MM_RS05460	assumed_protein_coding	NC_003901.1	-	ATG	1225917-1228016
unassigned_transcript_1109_1228210_1229496_1287	annotated	unassigned_transcript_1109	assumed_protein_coding	MM_RS05465	MM_RS05465	assumed_protein_coding	NC_003901.1	-	ATG	1228210-1229496
unassigned_transcript_1110_1229654_1229842_189	annotated	unassigned_transcript_1110	assumed_protein_coding	MM_RS05470	MM_RS05470	assumed_protein_coding	NC_003901.1	+	ATG	1229654-1229842
unassigned_transcript_1111_1230101_1230382_282	annotated	unassigned_transcript_1111	assumed_protein_coding	MM_RS05475	MM_RS05475	assumed_protein_coding	NC_003901.1	-	ATG	1230101-1230382
unassigned_transcript_1112_1230607_1230858_252	annotated	unassigned_transcript_1112	assumed_protein_coding	MM_RS05480	MM_RS05480	assumed_protein_coding	NC_003901.1	+	ATG	1230607-1230858
unassigned_transcript_1115_1235168_1237087_1920	annotated	unassigned_transcript_1115	assumed_protein_coding	MM_RS05500	MM_RS05500	assumed_protein_coding	NC_003901.1	+	ATG	1235168-1237087
unassigned_transcript_1118_1239714_1240622_909	annotated	unassigned_transcript_1118	assumed_protein_coding	MM_RS05515	MM_RS05515	assumed_protein_coding	NC_003901.1	-	ATG	1239714-1240622
unassigned_transcript_1119_1240733_1241401_669	annotated	unassigned_transcript_1119	assumed_protein_coding	MM_RS05520	MM_RS05520	assumed_protein_coding	NC_003901.1	+	ATG	1240733-1241401
unassigned_transcript_1121_1244201_1245139_939	annotated	unassigned_transcript_1121	assumed_protein_coding	MM_RS05530	MM_RS05530	assumed_protein_coding	NC_003901.1	+	ATG	1244201-1245139
unassigned_transcript_1122_1245139_1245822_684	annotated	unassigned_transcript_1122	assumed_protein_coding	MM_RS05535	MM_RS05535	assumed_protein_coding	NC_003901.1	+	ATG	1245139-1245822
unassigned_transcript_1124_1247372_1248994_1623	annotated	unassigned_transcript_1124	assumed_protein_coding	MM_RS05545	MM_RS05545	assumed_protein_coding	NC_003901.1	+	ATG	1247372-1248994
unassigned_transcript_1125_1249083_1249592_510	annotated	unassigned_transcript_1125	assumed_protein_coding	MM_RS05550	MM_RS05550	assumed_protein_coding	NC_003901.1	+	ATG	1249083-1249592
unassigned_transcript_1127_1250650_1251432_783	annotated	unassigned_transcript_1127	assumed_protein_coding	MM_RS05560	MM_RS05560	assumed_protein_coding	NC_003901.1	+	ATG	1250650-1251432
unassigned_transcript_1128_1251835_1252197_363	annotated	unassigned_transcript_1128	assumed_protein_coding	MM_RS05565	MM_RS05565	assumed_protein_coding	NC_003901.1	-	ATG	1251835-1252197
unassigned_transcript_1129_1252442_1255306_2865	annotated	unassigned_transcript_1129	assumed_protein_coding	MM_RS05570	MM_RS05570	assumed_protein_coding	NC_003901.1	-	ATG	1252442-1255306
unassigned_transcript_1130_1255833_1256849_1017	annotated	unassigned_transcript_1130	assumed_protein_coding	MM_RS05575	MM_RS05575	assumed_protein_coding	NC_003901.1	+	ATG	1255833-1256849
unassigned_transcript_1131_1257153_1258769_1617	annotated	unassigned_transcript_1131	assumed_protein_coding	MM_RS05580	MM_RS05580	assumed_protein_coding	NC_003901.1	+	ATG	1257153-1258769
unassigned_transcript_1133_1261011_1261199_189	annotated	unassigned_transcript_1133	assumed_protein_coding	MM_RS05590	MM_RS05590	assumed_protein_coding	NC_003901.1	+	ATG	1261011-1261199
unassigned_transcript_1134_1262243_1263016_774	annotated	unassigned_transcript_1134	assumed_protein_coding	MM_RS05595	MM_RS05595	assumed_protein_coding	NC_003901.1	+	ATG	1262243-1263016
unassigned_transcript_1135_1263032_1264414_1383	annotated	unassigned_transcript_1135	assumed_protein_coding	MM_RS05600	MM_RS05600	assumed_protein_coding	NC_003901.1	+	ATG	1263032-1264414
unassigned_transcript_1136_1264473_1265054_582	annotated	unassigned_transcript_1136	assumed_protein_coding	MM_RS05605	MM_RS05605	assumed_protein_coding	NC_003901.1	+	ATG	1264473-1265054
unassigned_transcript_1137_1265444_1266433_990	annotated	unassigned_transcript_1137	assumed_protein_coding	MM_RS05610	MM_RS05610	assumed_protein_coding	NC_003901.1	+	ATG	1265444-1266433
unassigned_transcript_1138_1266832_1268844_2013	annotated	unassigned_transcript_1138	assumed_protein_coding	MM_RS05615	MM_RS05615	assumed_protein_coding	NC_003901.1	+	ATG	1266832-1268844
unassigned_transcript_1139_1268995_1270920_1926	annotated	unassigned_transcript_1139	assumed_protein_coding	MM_RS05620	MM_RS05620	assumed_protein_coding	NC_003901.1	+	ATG	1268995-1270920
unassigned_transcript_1140_1271052_1271834_783	annotated	unassigned_transcript_1140	assumed_protein_coding	MM_RS05625	MM_RS05625	assumed_protein_coding	NC_003901.1	+	ATG	1271052-1271834
unassigned_transcript_1141_1272189_1272974_786	annotated	unassigned_transcript_1141	assumed_protein_coding	MM_RS05630	MM_RS05630	assumed_protein_coding	NC_003901.1	+	ATG	1272189-1272974
unassigned_transcript_1142_1273164_1273577_414	annotated	unassigned_transcript_1142	assumed_protein_coding	MM_RS05635	MM_RS05635	assumed_protein_coding	NC_003901.1	-	ATG	1273164-1273577
unassigned_transcript_1144_1274097_1275278_1182	annotated	unassigned_transcript_1144	assumed_protein_coding	MM_RS05645	MM_RS05645	assumed_protein_coding	NC_003901.1	+	ATG	1274097-1275278
unassigned_transcript_1145_1275386_1276057_672	annotated	unassigned_transcript_1145	assumed_protein_coding	MM_RS05650	MM_RS05650	assumed_protein_coding	NC_003901.1	+	ATG	1275386-1276057
unassigned_transcript_1146_1276063_1276593_531	annotated	unassigned_transcript_1146	assumed_protein_coding	MM_RS05655	MM_RS05655	assumed_protein_coding	NC_003901.1	+	ATG	1276063-1276593
unassigned_transcript_1147_1277375_1278343_969	annotated	unassigned_transcript_1147	assumed_protein_coding	MM_RS05660	MM_RS05660	assumed_protein_coding	NC_003901.1	+	ATG	1277375-1278343
unassigned_transcript_1148_1278487_1279152_666	annotated	unassigned_transcript_1148	assumed_protein_coding	MM_RS05665	MM_RS05665	assumed_protein_coding	NC_003901.1	+	ATG	1278487-1279152
unassigned_transcript_1149_1279667_1280407_741	annotated	unassigned_transcript_1149	assumed_protein_coding	MM_RS05670	MM_RS05670	assumed_protein_coding	NC_003901.1	+	ATG	1279667-1280407
unassigned_transcript_1150_1280392_1281612_1221	annotated	unassigned_transcript_1150	assumed_protein_coding	MM_RS05675	MM_RS05675	assumed_protein_coding	NC_003901.1	+	ATG	1280392-1281612
unassigned_transcript_1151_1282330_1282632_303	annotated	unassigned_transcript_1151	assumed_protein_coding	MM_RS19415	MM_RS19415	assumed_protein_coding	NC_003901.1	+	ATG	1282330-1282632
unassigned_transcript_1152_1282724_1284145_1422	annotated	unassigned_transcript_1152	assumed_protein_coding	MM_RS05690	MM_RS05690	assumed_protein_coding	NC_003901.1	+	ATG	1282724-1284145
unassigned_transcript_1153_1284308_1284646_339	annotated	unassigned_transcript_1153	assumed_protein_coding	MM_RS05695	MM_RS05695	assumed_protein_coding	NC_003901.1	+	ATG	1284308-1284646
unassigned_transcript_1154_1284655_1285026_372	annotated	unassigned_transcript_1154	assumed_protein_coding	MM_RS05700	MM_RS05700	assumed_protein_coding	NC_003901.1	+	ATG	1284655-1285026
unassigned_transcript_1155_1285062_1287515_2454	annotated	unassigned_transcript_1155	assumed_protein_coding	MM_RS17470	MM_RS17470	assumed_protein_coding	NC_003901.1	+	ATG	1285062-1287515
unassigned_transcript_1156_1287691_1287861_171	annotated	unassigned_transcript_1156	assumed_protein_coding	MM_RS18320	MM_RS18320	assumed_protein_coding	NC_003901.1	-	ATG	1287691-1287861
unassigned_transcript_1157_1288279_1288638_360	annotated	unassigned_transcript_1157	assumed_protein_coding	MM_RS05710	MM_RS05710	assumed_protein_coding	NC_003901.1	+	ATG	1288279-1288638
unassigned_transcript_1160_1291931_1292317_387	annotated	unassigned_transcript_1160	assumed_protein_coding	MM_RS05725	MM_RS05725	assumed_protein_coding	NC_003901.1	-	ATG	1291931-1292317
unassigned_transcript_1162_1293731_1294315_585	annotated	unassigned_transcript_1162	assumed_protein_coding	MM_RS05735	MM_RS05735	assumed_protein_coding	NC_003901.1	+	ATG	1293731-1294315
unassigned_transcript_1163_1294441_1295910_1470	annotated	unassigned_transcript_1163	assumed_protein_coding	MM_RS05740	MM_RS05740	assumed_protein_coding	NC_003901.1	+	ATG	1294441-1295910
unassigned_transcript_1165_1297177_1298331_1155	annotated	unassigned_transcript_1165	assumed_protein_coding	MM_RS05750	MM_RS05750	assumed_protein_coding	NC_003901.1	+	ATG	1297177-1298331
unassigned_transcript_1166_1298496_1299632_1137	annotated	unassigned_transcript_1166	assumed_protein_coding	MM_RS05755	MM_RS05755	assumed_protein_coding	NC_003901.1	+	ATG	1298496-1299632
unassigned_transcript_1167_1299936_1300790_855	annotated	unassigned_transcript_1167	assumed_protein_coding	MM_RS05760	MM_RS05760	assumed_protein_coding	NC_003901.1	-	ATG	1299936-1300790
unassigned_transcript_1169_1301941_1302768_828	annotated	unassigned_transcript_1169	assumed_protein_coding	MM_RS05770	MM_RS05770	assumed_protein_coding	NC_003901.1	+	ATG	1301941-1302768
unassigned_transcript_1171_1303475_1304134_660	annotated	unassigned_transcript_1171	assumed_protein_coding	MM_RS05780	MM_RS05780	assumed_protein_coding	NC_003901.1	-	ATG	1303475-1304134
unassigned_transcript_1172_1304292_1304909_618	annotated	unassigned_transcript_1172	assumed_protein_coding	MM_RS05785	MM_RS05785	assumed_protein_coding	NC_003901.1	+	ATG	1304292-1304909
unassigned_transcript_1173_1305067_1305336_270	annotated	unassigned_transcript_1173	assumed_protein_coding	MM_RS05790	MM_RS05790	assumed_protein_coding	NC_003901.1	-	ATG	1305067-1305336
unassigned_transcript_1174_1305504_1306223_720	annotated	unassigned_transcript_1174	assumed_protein_coding	MM_RS05795	MM_RS05795	assumed_protein_coding	NC_003901.1	-	ATG	1305504-1306223
unassigned_transcript_1175_1306336_1307037_702	annotated	unassigned_transcript_1175	assumed_protein_coding	MM_RS05800	MM_RS05800	assumed_protein_coding	NC_003901.1	+	ATG	1306336-1307037
unassigned_transcript_1176_1307149_1307685_537	annotated	unassigned_transcript_1176	assumed_protein_coding	MM_RS05805	MM_RS05805	assumed_protein_coding	NC_003901.1	+	ATG	1307149-1307685
unassigned_transcript_1178_1310725_1311627_903	annotated	unassigned_transcript_1178	assumed_protein_coding	MM_RS05815	MM_RS05815	assumed_protein_coding	NC_003901.1	-	ATG	1310725-1311627
unassigned_transcript_1179_1311673_1311816_144	annotated	unassigned_transcript_1179	assumed_protein_coding	MM_RS19120	MM_RS19120	assumed_protein_coding	NC_003901.1	+	ATG	1311673-1311816
unassigned_transcript_1181_1313609_1315486_1878	annotated	unassigned_transcript_1181	assumed_protein_coding	MM_RS05820	MM_RS05820	assumed_protein_coding	NC_003901.1	+	ATG	1313609-1315486
unassigned_transcript_1182_1316062_1317669_1608	annotated	unassigned_transcript_1182	assumed_protein_coding	MM_RS05825	MM_RS05825	assumed_protein_coding	NC_003901.1	+	ATG	1316062-1317669
unassigned_transcript_1183_1318036_1320129_2094	annotated	unassigned_transcript_1183	assumed_protein_coding	MM_RS05830	MM_RS05830	assumed_protein_coding	NC_003901.1	+	ATG	1318036-1320129
unassigned_transcript_1185_1322687_1322842_156	annotated	unassigned_transcript_1185	assumed_protein_coding	MM_RS18790	MM_RS18790	assumed_protein_coding	NC_003901.1	+	ATG	1322687-1322842
unassigned_transcript_1188_1324836_1326767_1932	annotated	unassigned_transcript_1188	assumed_protein_coding	MM_RS05845	MM_RS05845	assumed_protein_coding	NC_003901.1	+	ATG	1324836-1326767
unassigned_transcript_1189_1326888_1328342_1455	annotated	unassigned_transcript_1189	assumed_protein_coding	MM_RS05850	MM_RS05850	assumed_protein_coding	NC_003901.1	+	ATG	1326888-1328342
unassigned_transcript_1190_1328505_1329509_1005	annotated	unassigned_transcript_1190	assumed_protein_coding	MM_RS05855	MM_RS05855	assumed_protein_coding	NC_003901.1	-	ATG	1328505-1329509
unassigned_transcript_1191_1329588_1330799_1212	annotated	unassigned_transcript_1191	assumed_protein_coding	MM_RS05860	MM_RS05860	assumed_protein_coding	NC_003901.1	-	ATG	1329588-1330799
unassigned_transcript_1192_1330847_1331770_924	annotated	unassigned_transcript_1192	assumed_protein_coding	MM_RS05865	MM_RS05865	assumed_protein_coding	NC_003901.1	-	ATG	1330847-1331770
unassigned_transcript_1193_1331763_1332809_1047	annotated	unassigned_transcript_1193	assumed_protein_coding	MM_RS05870	MM_RS05870	assumed_protein_coding	NC_003901.1	-	ATG	1331763-1332809
unassigned_transcript_1195_1334459_1334737_279	annotated	unassigned_transcript_1195	assumed_protein_coding	MM_RS05885	MM_RS05885	assumed_protein_coding	NC_003901.1	-	ATG	1334459-1334737
unassigned_transcript_1196_1334983_1336263_1281	annotated	unassigned_transcript_1196	assumed_protein_coding	MM_RS05890	MM_RS05890	assumed_protein_coding	NC_003901.1	+	ATG	1334983-1336263
unassigned_transcript_1198_1337476_1338423_948	annotated	unassigned_transcript_1198	assumed_protein_coding	MM_RS05900	MM_RS05900	assumed_protein_coding	NC_003901.1	+	ATG	1337476-1338423
unassigned_transcript_1199_1338697_1340169_1473	annotated	unassigned_transcript_1199	assumed_protein_coding	MM_RS05905	MM_RS05905	assumed_protein_coding	NC_003901.1	-	ATG	1338697-1340169
unassigned_transcript_1200_1340818_1344138_3321	annotated	unassigned_transcript_1200	assumed_protein_coding	MM_RS05910	MM_RS05910	assumed_protein_coding	NC_003901.1	-	ATG	1340818-1344138
unassigned_transcript_1201_1344904_1346085_1182	annotated	unassigned_transcript_1201	assumed_protein_coding	MM_RS05915	MM_RS05915	assumed_protein_coding	NC_003901.1	-	ATG	1344904-1346085
unassigned_transcript_1202_1346281_1347483_1203	annotated	unassigned_transcript_1202	assumed_protein_coding	MM_RS05920	MM_RS05920	assumed_protein_coding	NC_003901.1	+	ATG	1346281-1347483
unassigned_transcript_1203_1348068_1349084_1017	annotated	unassigned_transcript_1203	assumed_protein_coding	MM_RS05925	MM_RS05925	assumed_protein_coding	NC_003901.1	-	ATG	1348068-1349084
unassigned_transcript_1204_1349109_1350005_897	annotated	unassigned_transcript_1204	assumed_protein_coding	MM_RS05930	MM_RS05930	assumed_protein_coding	NC_003901.1	-	ATG	1349109-1350005
unassigned_transcript_1205_1350918_1351850_933	annotated	unassigned_transcript_1205	assumed_protein_coding	MM_RS05935	MM_RS05935	assumed_protein_coding	NC_003901.1	+	ATG	1350918-1351850
unassigned_transcript_1206_1351948_1353084_1137	annotated	unassigned_transcript_1206	assumed_protein_coding	MM_RS05940	MM_RS05940	assumed_protein_coding	NC_003901.1	+	ATG	1351948-1353084
unassigned_transcript_1207_1353245_1354399_1155	annotated	unassigned_transcript_1207	assumed_protein_coding	MM_RS05945	MM_RS05945	assumed_protein_coding	NC_003901.1	+	ATG	1353245-1354399
unassigned_transcript_1208_1355385_1358615_3231	annotated	unassigned_transcript_1208	assumed_protein_coding	MM_RS05950	MM_RS05950	assumed_protein_coding	NC_003901.1	+	ATG	1355385-1358615
unassigned_transcript_1210_1358733_1360337_1605	annotated	unassigned_transcript_1210	assumed_protein_coding	MM_RS05955	MM_RS05955	assumed_protein_coding	NC_003901.1	-	ATG	1358733-1360337
unassigned_transcript_1211_1360798_1362714_1917	annotated	unassigned_transcript_1211	assumed_protein_coding	MM_RS05960	MM_RS05960	assumed_protein_coding	NC_003901.1	-	ATG	1360798-1362714
unassigned_transcript_1212_1363149_1364042_894	annotated	unassigned_transcript_1212	assumed_protein_coding	MM_RS05965	MM_RS05965	assumed_protein_coding	NC_003901.1	-	ATG	1363149-1364042
unassigned_transcript_1213_1364946_1365827_882	annotated	unassigned_transcript_1213	assumed_protein_coding	MM_RS05970	MM_RS05970	assumed_protein_coding	NC_003901.1	+	ATG	1364946-1365827
unassigned_transcript_1214_1365833_1366687_855	annotated	unassigned_transcript_1214	assumed_protein_coding	MM_RS05975	MM_RS05975	assumed_protein_coding	NC_003901.1	+	ATG	1365833-1366687
unassigned_transcript_1215_1367006_1367200_195	annotated	unassigned_transcript_1215	assumed_protein_coding	MM_RS17760	MM_RS17760	assumed_protein_coding	NC_003901.1	-	ATG	1367006-1367200
unassigned_transcript_1216_1368204_1368869_666	annotated	unassigned_transcript_1216	assumed_protein_coding	MM_RS05980	MM_RS05980	assumed_protein_coding	NC_003901.1	+	ATG	1368204-1368869
unassigned_transcript_1217_1368934_1370013_1080	annotated	unassigned_transcript_1217	assumed_protein_coding	MM_RS05985	MM_RS05985	assumed_protein_coding	NC_003901.1	+	ATG	1368934-1370013
unassigned_transcript_1219_1371096_1372520_1425	annotated	unassigned_transcript_1219	assumed_protein_coding	MM_RS05995	MM_RS05995	assumed_protein_coding	NC_003901.1	+	ATG	1371096-1372520
unassigned_transcript_1220_1372578_1373621_1044	annotated	unassigned_transcript_1220	assumed_protein_coding	MM_RS06000	MM_RS06000	assumed_protein_coding	NC_003901.1	+	ATG	1372578-1373621
unassigned_transcript_1221_1374221_1375726_1506	annotated	unassigned_transcript_1221	assumed_protein_coding	MM_RS06005	MM_RS06005	assumed_protein_coding	NC_003901.1	+	ATG	1374221-1375726
unassigned_transcript_1224_1379079_1379777_699	annotated	unassigned_transcript_1224	assumed_protein_coding	MM_RS06020	MM_RS06020	assumed_protein_coding	NC_003901.1	-	ATG	1379079-1379777
unassigned_transcript_1225_1380226_1380666_441	annotated	unassigned_transcript_1225	assumed_protein_coding	MM_RS06025	MM_RS06025	assumed_protein_coding	NC_003901.1	+	ATG	1380226-1380666
unassigned_transcript_1226_1380666_1381085_420	annotated	unassigned_transcript_1226	assumed_protein_coding	MM_RS06030	MM_RS06030	assumed_protein_coding	NC_003901.1	+	ATG	1380666-1381085
unassigned_transcript_1227_1381249_1382250_1002	annotated	unassigned_transcript_1227	assumed_protein_coding	MM_RS06035	MM_RS06035	assumed_protein_coding	NC_003901.1	-	ATG	1381249-1382250
unassigned_transcript_1228_1382825_1382983_159	annotated	unassigned_transcript_1228	assumed_protein_coding	MM_RS18335	MM_RS18335	assumed_protein_coding	NC_003901.1	+	ATG	1382825-1382983
unassigned_transcript_1229_1383102_1383407_306	annotated	unassigned_transcript_1229	assumed_protein_coding	MM_RS06040	MM_RS06040	assumed_protein_coding	NC_003901.1	+	ATG	1383102-1383407
unassigned_transcript_1230_1383407_1383763_357	annotated	unassigned_transcript_1230	assumed_protein_coding	MM_RS06045	MM_RS06045	assumed_protein_coding	NC_003901.1	+	ATG	1383407-1383763
unassigned_transcript_1232_1385394_1385942_549	annotated	unassigned_transcript_1232	assumed_protein_coding	MM_RS06055	MM_RS06055	assumed_protein_coding	NC_003901.1	+	ATG	1385394-1385942
unassigned_transcript_1234_1387096_1387902_807	annotated	unassigned_transcript_1234	assumed_protein_coding	MM_RS06065	MM_RS06065	assumed_protein_coding	NC_003901.1	+	ATG	1387096-1387902
unassigned_transcript_1235_1387902_1388183_282	annotated	unassigned_transcript_1235	assumed_protein_coding	MM_RS06070	MM_RS06070	assumed_protein_coding	NC_003901.1	+	ATG	1387902-1388183
unassigned_transcript_1236_1388406_1389470_1065	annotated	unassigned_transcript_1236	assumed_protein_coding	MM_RS06075	MM_RS06075	assumed_protein_coding	NC_003901.1	+	ATG	1388406-1389470
unassigned_transcript_1237_1389509_1390543_1035	annotated	unassigned_transcript_1237	assumed_protein_coding	MM_RS06080	MM_RS06080	assumed_protein_coding	NC_003901.1	+	ATG	1389509-1390543
unassigned_transcript_1239_1392104_1392607_504	annotated	unassigned_transcript_1239	assumed_protein_coding	MM_RS17475	MM_RS17475	assumed_protein_coding	NC_003901.1	-	ATG	1392104-1392607
unassigned_transcript_1241_1394924_1396561_1638	annotated	unassigned_transcript_1241	assumed_protein_coding	MM_RS06100	MM_RS06100	assumed_protein_coding	NC_003901.1	-	ATG	1394924-1396561
unassigned_transcript_1242_1396571_1397635_1065	annotated	unassigned_transcript_1242	assumed_protein_coding	MM_RS06105	MM_RS06105	assumed_protein_coding	NC_003901.1	-	ATG	1396571-1397635
unassigned_transcript_1243_1397652_1398824_1173	annotated	unassigned_transcript_1243	assumed_protein_coding	MM_RS18340	MM_RS18340	assumed_protein_coding	NC_003901.1	-	ATG	1397652-1398824
unassigned_transcript_1244_1398829_1400079_1251	annotated	unassigned_transcript_1244	assumed_protein_coding	MM_RS06115	MM_RS06115	assumed_protein_coding	NC_003901.1	-	ATG	1398829-1400079
unassigned_transcript_1245_1400106_1402259_2154	annotated	unassigned_transcript_1245	assumed_protein_coding	MM_RS06120	MM_RS06120	assumed_protein_coding	NC_003901.1	-	ATG	1400106-1402259
unassigned_transcript_1248_1405015_1405986_972	annotated	unassigned_transcript_1248	assumed_protein_coding	MM_RS06135	MM_RS06135	assumed_protein_coding	NC_003901.1	-	ATG	1405015-1405986
unassigned_transcript_1249_1406216_1407181_966	annotated	unassigned_transcript_1249	assumed_protein_coding	MM_RS06140	MM_RS06140	assumed_protein_coding	NC_003901.1	-	ATG	1406216-1407181
unassigned_transcript_1250_1408105_1408989_885	annotated	unassigned_transcript_1250	assumed_protein_coding	MM_RS06145	MM_RS06145	assumed_protein_coding	NC_003901.1	+	ATG	1408105-1408989
unassigned_transcript_1252_1411167_1411427_261	annotated	unassigned_transcript_1252	assumed_protein_coding	MM_RS17770	MM_RS17770	assumed_protein_coding	NC_003901.1	-	ATG	1411167-1411427
unassigned_transcript_1254_1412038_1412175_138	annotated	unassigned_transcript_1254	assumed_protein_coding	MM_RS18795	MM_RS18795	assumed_protein_coding	NC_003901.1	+	ATG	1412038-1412175
unassigned_transcript_1255_1412743_1413003_261	annotated	unassigned_transcript_1255	assumed_protein_coding	MM_RS06155	MM_RS06155	assumed_protein_coding	NC_003901.1	-	ATG	1412743-1413003
unassigned_transcript_1258_1416590_1416817_228	annotated	unassigned_transcript_1258	assumed_protein_coding	MM_RS06170	MM_RS06170	assumed_protein_coding	NC_003901.1	-	ATG	1416590-1416817
unassigned_transcript_1259_1416813_1418420_1608	annotated	unassigned_transcript_1259	assumed_protein_coding	MM_RS06175	MM_RS06175	assumed_protein_coding	NC_003901.1	-	ATG	1416813-1418420
unassigned_transcript_1260_1418446_1419207_762	annotated	unassigned_transcript_1260	assumed_protein_coding	MM_RS06180	MM_RS06180	assumed_protein_coding	NC_003901.1	-	ATG	1418446-1419207
unassigned_transcript_1261_1419752_1420636_885	annotated	unassigned_transcript_1261	assumed_protein_coding	MM_RS06185	MM_RS06185	assumed_protein_coding	NC_003901.1	+	ATG	1419752-1420636
unassigned_transcript_1262_1420642_1421514_873	annotated	unassigned_transcript_1262	assumed_protein_coding	MM_RS06190	MM_RS06190	assumed_protein_coding	NC_003901.1	+	ATG	1420642-1421514
unassigned_transcript_1263_1421611_1422465_855	annotated	unassigned_transcript_1263	assumed_protein_coding	MM_RS06195	MM_RS06195	assumed_protein_coding	NC_003901.1	+	ATG	1421611-1422465
unassigned_transcript_1264_1422584_1423345_762	annotated	unassigned_transcript_1264	assumed_protein_coding	MM_RS06200	MM_RS06200	assumed_protein_coding	NC_003901.1	+	ATG	1422584-1423345
unassigned_transcript_1265_1423727_1425028_1302	annotated	unassigned_transcript_1265	assumed_protein_coding	MM_RS06205	MM_RS06205	assumed_protein_coding	NC_003901.1	-	ATG	1423727-1425028
unassigned_transcript_1266_1425436_1425774_339	annotated	unassigned_transcript_1266	assumed_protein_coding	MM_RS06210	MM_RS06210	assumed_protein_coding	NC_003901.1	+	ATG	1425436-1425774
unassigned_transcript_1267_1426124_1426315_192	annotated	unassigned_transcript_1267	assumed_protein_coding	MM_RS06215	MM_RS06215	assumed_protein_coding	NC_003901.1	+	ATG	1426124-1426315
unassigned_transcript_1268_1426372_1427244_873	annotated	unassigned_transcript_1268	assumed_protein_coding	MM_RS06220	MM_RS06220	assumed_protein_coding	NC_003901.1	+	ATG	1426372-1427244
unassigned_transcript_1269_1427244_1428032_789	annotated	unassigned_transcript_1269	assumed_protein_coding	MM_RS06225	MM_RS06225	assumed_protein_coding	NC_003901.1	+	ATG	1427244-1428032
unassigned_transcript_1270_1428366_1428737_372	annotated	unassigned_transcript_1270	assumed_protein_coding	MM_RS06230	MM_RS06230	assumed_protein_coding	NC_003901.1	-	ATG	1428366-1428737
unassigned_transcript_1271_1429466_1429918_453	annotated	unassigned_transcript_1271	assumed_protein_coding	MM_RS06235	MM_RS06235	assumed_protein_coding	NC_003901.1	+	ATG	1429466-1429918
unassigned_transcript_1272_1429957_1430673_717	annotated	unassigned_transcript_1272	assumed_protein_coding	MM_RS06240	MM_RS06240	assumed_protein_coding	NC_003901.1	+	ATG	1429957-1430673
unassigned_transcript_1274_1431291_1431914_624	annotated	unassigned_transcript_1274	assumed_protein_coding	MM_RS06250	MM_RS06250	assumed_protein_coding	NC_003901.1	+	ATG	1431291-1431914
unassigned_transcript_1275_1431914_1432543_630	annotated	unassigned_transcript_1275	assumed_protein_coding	MM_RS06255	MM_RS06255	assumed_protein_coding	NC_003901.1	+	ATG	1431914-1432543
unassigned_transcript_1277_1433164_1433880_717	annotated	unassigned_transcript_1277	assumed_protein_coding	MM_RS06265	MM_RS06265	assumed_protein_coding	NC_003901.1	+	ATG	1433164-1433880
unassigned_transcript_1278_1433992_1434459_468	annotated	unassigned_transcript_1278	assumed_protein_coding	MM_RS06270	MM_RS06270	assumed_protein_coding	NC_003901.1	-	ATG	1433992-1434459
unassigned_transcript_1279_1434750_1435217_468	annotated	unassigned_transcript_1279	assumed_protein_coding	MM_RS06275	MM_RS06275	assumed_protein_coding	NC_003901.1	-	ATG	1434750-1435217
unassigned_transcript_1280_1435217_1436140_924	annotated	unassigned_transcript_1280	assumed_protein_coding	MM_RS06280	MM_RS06280	assumed_protein_coding	NC_003901.1	-	ATG	1435217-1436140
unassigned_transcript_1281_1436247_1436723_477	annotated	unassigned_transcript_1281	assumed_protein_coding	MM_RS06285	MM_RS06285	assumed_protein_coding	NC_003901.1	-	ATG	1436247-1436723
unassigned_transcript_1284_1439476_1442163_2688	annotated	unassigned_transcript_1284	assumed_protein_coding	MM_RS06300	MM_RS06300	assumed_protein_coding	NC_003901.1	-	ATG	1439476-1442163
unassigned_transcript_1285_1442401_1442571_171	annotated	unassigned_transcript_1285	assumed_protein_coding	MM_RS18800	MM_RS18800	assumed_protein_coding	NC_003901.1	+	ATG	1442401-1442571
unassigned_transcript_1286_1443646_1444560_915	annotated	unassigned_transcript_1286	assumed_protein_coding	MM_RS06305	MM_RS06305	assumed_protein_coding	NC_003901.1	+	ATG	1443646-1444560
unassigned_transcript_1287_1444746_1445783_1038	annotated	unassigned_transcript_1287	assumed_protein_coding	MM_RS06310	MM_RS06310	assumed_protein_coding	NC_003901.1	+	ATG	1444746-1445783
unassigned_transcript_1288_1446198_1447073_876	annotated	unassigned_transcript_1288	assumed_protein_coding	MM_RS06315	MM_RS06315	assumed_protein_coding	NC_003901.1	-	ATG	1446198-1447073
unassigned_transcript_1289_1447304_1447585_282	annotated	unassigned_transcript_1289	assumed_protein_coding	MM_RS06320	MM_RS06320	assumed_protein_coding	NC_003901.1	-	ATG	1447304-1447585
unassigned_transcript_1290_1447990_1448943_954	annotated	unassigned_transcript_1290	assumed_protein_coding	MM_RS06325	MM_RS06325	assumed_protein_coding	NC_003901.1	+	ATG	1447990-1448943
unassigned_transcript_1291_1449203_1449526_324	annotated	unassigned_transcript_1291	assumed_protein_coding	MM_RS06330	MM_RS06330	assumed_protein_coding	NC_003901.1	+	ATG	1449203-1449526
unassigned_transcript_1292_1449677_1451107_1431	annotated	unassigned_transcript_1292	assumed_protein_coding	MM_RS06335	MM_RS06335	assumed_protein_coding	NC_003901.1	-	ATG	1449677-1451107
unassigned_transcript_1293_1451901_1453061_1161	annotated	unassigned_transcript_1293	assumed_protein_coding	MM_RS06340	MM_RS06340	assumed_protein_coding	NC_003901.1	+	ATG	1451901-1453061
unassigned_transcript_1294_1453229_1453507_279	annotated	unassigned_transcript_1294	assumed_protein_coding	MM_RS06345	MM_RS06345	assumed_protein_coding	NC_003901.1	+	ATG	1453229-1453507
unassigned_transcript_1295_1453523_1454947_1425	annotated	unassigned_transcript_1295	assumed_protein_coding	MM_RS06350	MM_RS06350	assumed_protein_coding	NC_003901.1	+	ATG	1453523-1454947
unassigned_transcript_1296_1454951_1456435_1485	annotated	unassigned_transcript_1296	assumed_protein_coding	MM_RS06355	MM_RS06355	assumed_protein_coding	NC_003901.1	+	ATG	1454951-1456435
unassigned_transcript_1298_1457723_1458253_531	annotated	unassigned_transcript_1298	assumed_protein_coding	MM_RS06365	MM_RS06365	assumed_protein_coding	NC_003901.1	+	ATG	1457723-1458253
unassigned_transcript_1299_1459085_1460170_1086	annotated	unassigned_transcript_1299	assumed_protein_coding	MM_RS06370	MM_RS06370	assumed_protein_coding	NC_003901.1	-	ATG	1459085-1460170
unassigned_transcript_1302_1461900_1462817_918	annotated	unassigned_transcript_1302	assumed_protein_coding	MM_RS06385	MM_RS06385	assumed_protein_coding	NC_003901.1	+	ATG	1461900-1462817
unassigned_transcript_1303_1463250_1464110_861	annotated	unassigned_transcript_1303	assumed_protein_coding	MM_RS06395	MM_RS06395	assumed_protein_coding	NC_003901.1	+	ATG	1463250-1464110
unassigned_transcript_1304_1464649_1465299_651	annotated	unassigned_transcript_1304	assumed_protein_coding	MM_RS06400	MM_RS06400	assumed_protein_coding	NC_003901.1	+	ATG	1464649-1465299
unassigned_transcript_1305_1465406_1466695_1290	annotated	unassigned_transcript_1305	assumed_protein_coding	MM_RS06405	MM_RS06405	assumed_protein_coding	NC_003901.1	+	ATG	1465406-1466695
unassigned_transcript_1306_1466831_1467808_978	annotated	unassigned_transcript_1306	assumed_protein_coding	MM_RS06410	MM_RS06410	assumed_protein_coding	NC_003901.1	+	ATG	1466831-1467808
unassigned_transcript_1307_1468160_1469869_1710	annotated	unassigned_transcript_1307	assumed_protein_coding	MM_RS06415	MM_RS06415	assumed_protein_coding	NC_003901.1	-	ATG	1468160-1469869
unassigned_transcript_1308_1469883_1470626_744	annotated	unassigned_transcript_1308	assumed_protein_coding	MM_RS06420	MM_RS06420	assumed_protein_coding	NC_003901.1	-	ATG	1469883-1470626
unassigned_transcript_1309_1470631_1471248_618	annotated	unassigned_transcript_1309	assumed_protein_coding	MM_RS06425	MM_RS06425	assumed_protein_coding	NC_003901.1	-	ATG	1470631-1471248
unassigned_transcript_1310_1471258_1471767_510	annotated	unassigned_transcript_1310	assumed_protein_coding	MM_RS06430	MM_RS06430	assumed_protein_coding	NC_003901.1	-	ATG	1471258-1471767
unassigned_transcript_1312_1473516_1474748_1233	annotated	unassigned_transcript_1312	assumed_protein_coding	MM_RS06440	MM_RS06440	assumed_protein_coding	NC_003901.1	+	ATG	1473516-1474748
unassigned_transcript_1313_1475114_1478569_3456	annotated	unassigned_transcript_1313	assumed_protein_coding	MM_RS06445	MM_RS06445	assumed_protein_coding	NC_003901.1	-	ATG	1475114-1478569
unassigned_transcript_1316_1480217_1481500_1284	annotated	unassigned_transcript_1316	assumed_protein_coding	MM_RS06460	MM_RS06460	assumed_protein_coding	NC_003901.1	-	ATG	1480217-1481500
unassigned_transcript_1317_1481693_1482802_1110	annotated	unassigned_transcript_1317	assumed_protein_coding	MM_RS06465	MM_RS06465	assumed_protein_coding	NC_003901.1	-	ATG	1481693-1482802
unassigned_transcript_1318_1483358_1484467_1110	annotated	unassigned_transcript_1318	assumed_protein_coding	MM_RS06470	MM_RS06470	assumed_protein_coding	NC_003901.1	-	ATG	1483358-1484467
unassigned_transcript_1319_1485119_1486228_1110	annotated	unassigned_transcript_1319	assumed_protein_coding	MM_RS06475	MM_RS06475	assumed_protein_coding	NC_003901.1	-	ATG	1485119-1486228
unassigned_transcript_1320_1487137_1488246_1110	annotated	unassigned_transcript_1320	assumed_protein_coding	MM_RS06480	MM_RS06480	assumed_protein_coding	NC_003901.1	-	ATG	1487137-1488246
unassigned_transcript_1321_1489372_1489866_495	annotated	unassigned_transcript_1321	assumed_protein_coding	MM_RS06485	MM_RS06485	assumed_protein_coding	NC_003901.1	-	ATG	1489372-1489866
unassigned_transcript_1322_1489903_1490424_522	annotated	unassigned_transcript_1322	assumed_protein_coding	MM_RS06490	MM_RS06490	assumed_protein_coding	NC_003901.1	-	ATG	1489903-1490424
unassigned_transcript_1323_1490614_1492866_2253	annotated	unassigned_transcript_1323	assumed_protein_coding	MM_RS06495	MM_RS06495	assumed_protein_coding	NC_003901.1	-	ATG	1490614-1492866
unassigned_transcript_1324_1492866_1493555_690	annotated	unassigned_transcript_1324	assumed_protein_coding	MM_RS06500	MM_RS06500	assumed_protein_coding	NC_003901.1	-	ATG	1492866-1493555
unassigned_transcript_1325_1494290_1494994_705	annotated	unassigned_transcript_1325	assumed_protein_coding	MM_RS06505	MM_RS06505	assumed_protein_coding	NC_003901.1	-	ATG	1494290-1494994
unassigned_transcript_1326_1495272_1496702_1431	annotated	unassigned_transcript_1326	assumed_protein_coding	MM_RS06515	MM_RS06515	assumed_protein_coding	NC_003901.1	+	ATG	1495272-1496702
unassigned_transcript_1327_1496858_1497298_441	annotated	unassigned_transcript_1327	assumed_protein_coding	MM_RS06520	MM_RS06520	assumed_protein_coding	NC_003901.1	-	ATG	1496858-1497298
unassigned_transcript_1329_1498792_1499577_786	annotated	unassigned_transcript_1329	assumed_protein_coding	MM_RS06530	MM_RS06530	assumed_protein_coding	NC_003901.1	+	ATG	1498792-1499577
unassigned_transcript_1330_1499821_1500369_549	annotated	unassigned_transcript_1330	assumed_protein_coding	MM_RS06535	MM_RS06535	assumed_protein_coding	NC_003901.1	+	ATG	1499821-1500369
unassigned_transcript_1335_1501802_1503130_1329	annotated	unassigned_transcript_1335	assumed_protein_coding	MM_RS06555	MM_RS06555	assumed_protein_coding	NC_003901.1	+	ATG	1501802-1503130
unassigned_transcript_1336_1503434_1503814_381	annotated	unassigned_transcript_1336	assumed_protein_coding	MM_RS06560	MM_RS06560	assumed_protein_coding	NC_003901.1	-	ATG	1503434-1503814
unassigned_transcript_1337_1504035_1504673_639	annotated	unassigned_transcript_1337	assumed_protein_coding	MM_RS06565	MM_RS06565	assumed_protein_coding	NC_003901.1	+	ATG	1504035-1504673
unassigned_transcript_1338_1504887_1505453_567	annotated	unassigned_transcript_1338	assumed_protein_coding	MM_RS06570	MM_RS06570	assumed_protein_coding	NC_003901.1	-	ATG	1504887-1505453
unassigned_transcript_1339_1505921_1506715_795	annotated	unassigned_transcript_1339	assumed_protein_coding	MM_RS06575	MM_RS06575	assumed_protein_coding	NC_003901.1	+	ATG	1505921-1506715
unassigned_transcript_1341_1508062_1508787_726	annotated	unassigned_transcript_1341	assumed_protein_coding	MM_RS06585	MM_RS06585	assumed_protein_coding	NC_003901.1	+	ATG	1508062-1508787
unassigned_transcript_1342_1508787_1509626_840	annotated	unassigned_transcript_1342	assumed_protein_coding	MM_RS06590	MM_RS06590	assumed_protein_coding	NC_003901.1	+	ATG	1508787-1509626
unassigned_transcript_1344_1511218_1512651_1434	annotated	unassigned_transcript_1344	assumed_protein_coding	MM_RS06600	MM_RS06600	assumed_protein_coding	NC_003901.1	+	ATG	1511218-1512651
unassigned_transcript_1345_1512804_1513547_744	annotated	unassigned_transcript_1345	assumed_protein_coding	MM_RS06605	MM_RS06605	assumed_protein_coding	NC_003901.1	-	ATG	1512804-1513547
unassigned_transcript_1347_1514608_1515783_1176	annotated	unassigned_transcript_1347	assumed_protein_coding	MM_RS06615	MM_RS06615	assumed_protein_coding	NC_003901.1	-	ATG	1514608-1515783
unassigned_transcript_1348_1516089_1516703_615	annotated	unassigned_transcript_1348	assumed_protein_coding	MM_RS06620	MM_RS06620	assumed_protein_coding	NC_003901.1	-	ATG	1516089-1516703
unassigned_transcript_1351_1517267_1517824_558	annotated	unassigned_transcript_1351	assumed_protein_coding	MM_RS06635	MM_RS06635	assumed_protein_coding	NC_003901.1	-	ATG	1517267-1517824
unassigned_transcript_1352_1517998_1518363_366	annotated	unassigned_transcript_1352	assumed_protein_coding	MM_RS06640	MM_RS06640	assumed_protein_coding	NC_003901.1	-	ATG	1517998-1518363
unassigned_transcript_1353_1518554_1519021_468	annotated	unassigned_transcript_1353	assumed_protein_coding	MM_RS06645	MM_RS06645	assumed_protein_coding	NC_003901.1	+	ATG	1518554-1519021
unassigned_transcript_1357_1524905_1526452_1548	annotated	unassigned_transcript_1357	assumed_protein_coding	MM_RS06665	MM_RS06665	assumed_protein_coding	NC_003901.1	+	ATG	1524905-1526452
unassigned_transcript_1358_1526654_1527424_771	annotated	unassigned_transcript_1358	assumed_protein_coding	MM_RS06675	MM_RS06675	assumed_protein_coding	NC_003901.1	+	ATG	1526654-1527424
unassigned_transcript_1359_1527580_1528218_639	annotated	unassigned_transcript_1359	assumed_protein_coding	MM_RS06680	MM_RS06680	assumed_protein_coding	NC_003901.1	+	ATG	1527580-1528218
unassigned_transcript_1360_1528486_1530363_1878	annotated	unassigned_transcript_1360	assumed_protein_coding	MM_RS06685	MM_RS06685	assumed_protein_coding	NC_003901.1	+	ATG	1528486-1530363
unassigned_transcript_1361_1530462_1530740_279	annotated	unassigned_transcript_1361	assumed_protein_coding	MM_RS06690	MM_RS06690	assumed_protein_coding	NC_003901.1	-	ATG	1530462-1530740
unassigned_transcript_1362_1530768_1531022_255	annotated	unassigned_transcript_1362	assumed_protein_coding	MM_RS06695	MM_RS06695	assumed_protein_coding	NC_003901.1	-	ATG	1530768-1531022
unassigned_transcript_1363_1531299_1532459_1161	annotated	unassigned_transcript_1363	assumed_protein_coding	MM_RS06700	MM_RS06700	assumed_protein_coding	NC_003901.1	-	ATG	1531299-1532459
unassigned_transcript_1364_1532468_1533835_1368	annotated	unassigned_transcript_1364	assumed_protein_coding	MM_RS06705	MM_RS06705	assumed_protein_coding	NC_003901.1	-	ATG	1532468-1533835
unassigned_transcript_1365_1534111_1535979_1869	annotated	unassigned_transcript_1365	assumed_protein_coding	MM_RS06710	MM_RS06710	assumed_protein_coding	NC_003901.1	+	ATG	1534111-1535979
unassigned_transcript_1366_1536030_1536581_552	annotated	unassigned_transcript_1366	assumed_protein_coding	MM_RS06715	MM_RS06715	assumed_protein_coding	NC_003901.1	+	ATG	1536030-1536581
unassigned_transcript_1367_1536571_1536846_276	annotated	unassigned_transcript_1367	assumed_protein_coding	MM_RS06720	MM_RS06720	assumed_protein_coding	NC_003901.1	-	ATG	1536571-1536846
unassigned_transcript_1368_1537327_1538892_1566	annotated	unassigned_transcript_1368	assumed_protein_coding	MM_RS06725	MM_RS06725	assumed_protein_coding	NC_003901.1	-	ATG	1537327-1538892
unassigned_transcript_1369_1540374_1541843_1470	annotated	unassigned_transcript_1369	assumed_protein_coding	MM_RS06735	MM_RS06735	assumed_protein_coding	NC_003901.1	+	ATG	1540374-1541843
unassigned_transcript_1370_1542052_1543107_1056	annotated	unassigned_transcript_1370	assumed_protein_coding	MM_RS06740	MM_RS06740	assumed_protein_coding	NC_003901.1	+	ATG	1542052-1543107
unassigned_transcript_1371_1543228_1543848_621	annotated	unassigned_transcript_1371	assumed_protein_coding	MM_RS06745	MM_RS06745	assumed_protein_coding	NC_003901.1	-	ATG	1543228-1543848
unassigned_transcript_1372_1544636_1546087_1452	annotated	unassigned_transcript_1372	assumed_protein_coding	MM_RS06750	MM_RS06750	assumed_protein_coding	NC_003901.1	+	ATG	1544636-1546087
unassigned_transcript_1373_1546227_1547852_1626	annotated	unassigned_transcript_1373	assumed_protein_coding	MM_RS06755	MM_RS06755	assumed_protein_coding	NC_003901.1	-	ATG	1546227-1547852
unassigned_transcript_1374_1548908_1549540_633	annotated	unassigned_transcript_1374	assumed_protein_coding	MM_RS06760	MM_RS06760	assumed_protein_coding	NC_003901.1	+	ATG	1548908-1549540
unassigned_transcript_1375_1549630_1550421_792	annotated	unassigned_transcript_1375	assumed_protein_coding	MM_RS06765	MM_RS06765	assumed_protein_coding	NC_003901.1	+	ATG	1549630-1550421
unassigned_transcript_1377_1552197_1553039_843	annotated	unassigned_transcript_1377	assumed_protein_coding	MM_RS06775	MM_RS06775	assumed_protein_coding	NC_003901.1	+	ATG	1552197-1553039
unassigned_transcript_1378_1553357_1554130_774	annotated	unassigned_transcript_1378	assumed_protein_coding	MM_RS06780	MM_RS06780	assumed_protein_coding	NC_003901.1	+	ATG	1553357-1554130
unassigned_transcript_1380_1555307_1556473_1167	annotated	unassigned_transcript_1380	assumed_protein_coding	MM_RS06790	MM_RS06790	assumed_protein_coding	NC_003901.1	+	ATG	1555307-1556473
unassigned_transcript_1381_1556599_1558080_1482	annotated	unassigned_transcript_1381	assumed_protein_coding	MM_RS06795	MM_RS06795	assumed_protein_coding	NC_003901.1	+	ATG	1556599-1558080
unassigned_transcript_1382_1558640_1559689_1050	annotated	unassigned_transcript_1382	assumed_protein_coding	MM_RS06800	MM_RS06800	assumed_protein_coding	NC_003901.1	+	ATG	1558640-1559689
unassigned_transcript_1384_1560571_1561341_771	annotated	unassigned_transcript_1384	assumed_protein_coding	MM_RS06810	MM_RS06810	assumed_protein_coding	NC_003901.1	-	ATG	1560571-1561341
unassigned_transcript_1385_1561458_1561934_477	annotated	unassigned_transcript_1385	assumed_protein_coding	MM_RS06815	MM_RS06815	assumed_protein_coding	NC_003901.1	-	ATG	1561458-1561934
unassigned_transcript_1386_1562135_1562692_558	annotated	unassigned_transcript_1386	assumed_protein_coding	MM_RS06820	MM_RS06820	assumed_protein_coding	NC_003901.1	-	ATG	1562135-1562692
unassigned_transcript_1387_1563415_1564656_1242	annotated	unassigned_transcript_1387	assumed_protein_coding	MM_RS06825	MM_RS06825	assumed_protein_coding	NC_003901.1	-	ATG	1563415-1564656
unassigned_transcript_1388_1566296_1567744_1449	annotated	unassigned_transcript_1388	assumed_protein_coding	MM_RS06830	MM_RS06830	assumed_protein_coding	NC_003901.1	+	ATG	1566296-1567744
unassigned_transcript_1389_1568868_1570061_1194	annotated	unassigned_transcript_1389	assumed_protein_coding	MM_RS06835	MM_RS06835	assumed_protein_coding	NC_003901.1	+	ATG	1568868-1570061
unassigned_transcript_1391_1572533_1574068_1536	annotated	unassigned_transcript_1391	assumed_protein_coding	MM_RS06845	MM_RS06845	assumed_protein_coding	NC_003901.1	+	ATG	1572533-1574068
unassigned_transcript_1393_1575020_1575910_891	annotated	unassigned_transcript_1393	assumed_protein_coding	MM_RS06855	MM_RS06855	assumed_protein_coding	NC_003901.1	-	ATG	1575020-1575910
unassigned_transcript_1395_1577466_1578101_636	annotated	unassigned_transcript_1395	assumed_protein_coding	MM_RS06865	MM_RS06865	assumed_protein_coding	NC_003901.1	-	ATG	1577466-1578101
unassigned_transcript_1396_1578319_1579218_900	annotated	unassigned_transcript_1396	assumed_protein_coding	MM_RS06870	MM_RS06870	assumed_protein_coding	NC_003901.1	-	ATG	1578319-1579218
unassigned_transcript_1397_1579271_1581283_2013	annotated	unassigned_transcript_1397	assumed_protein_coding	MM_RS06875	MM_RS06875	assumed_protein_coding	NC_003901.1	-	ATG	1579271-1581283
unassigned_transcript_1398_1581698_1582765_1068	annotated	unassigned_transcript_1398	assumed_protein_coding	MM_RS06880	MM_RS06880	assumed_protein_coding	NC_003901.1	-	ATG	1581698-1582765
unassigned_transcript_1399_1582950_1583312_363	annotated	unassigned_transcript_1399	assumed_protein_coding	MM_RS06885	MM_RS06885	assumed_protein_coding	NC_003901.1	-	ATG	1582950-1583312
unassigned_transcript_1400_1584787_1585164_378	annotated	unassigned_transcript_1400	assumed_protein_coding	MM_RS06890	MM_RS06890	assumed_protein_coding	NC_003901.1	+	ATG	1584787-1585164
unassigned_transcript_1401_1585442_1587508_2067	annotated	unassigned_transcript_1401	assumed_protein_coding	MM_RS06895	MM_RS06895	assumed_protein_coding	NC_003901.1	+	ATG	1585442-1587508
unassigned_transcript_1402_1587697_1588323_627	annotated	unassigned_transcript_1402	assumed_protein_coding	MM_RS06900	MM_RS06900	assumed_protein_coding	NC_003901.1	+	ATG	1587697-1588323
unassigned_transcript_1403_1588399_1589736_1338	annotated	unassigned_transcript_1403	assumed_protein_coding	MM_RS06905	MM_RS06905	assumed_protein_coding	NC_003901.1	+	ATG	1588399-1589736
unassigned_transcript_1404_1590040_1590486_447	annotated	unassigned_transcript_1404	assumed_protein_coding	MM_RS06910	MM_RS06910	assumed_protein_coding	NC_003901.1	+	ATG	1590040-1590486
unassigned_transcript_1405_1590690_1591673_984	annotated	unassigned_transcript_1405	assumed_protein_coding	MM_RS06915	MM_RS06915	assumed_protein_coding	NC_003901.1	+	ATG	1590690-1591673
unassigned_transcript_1406_1591794_1592555_762	annotated	unassigned_transcript_1406	assumed_protein_coding	MM_RS06920	MM_RS06920	assumed_protein_coding	NC_003901.1	+	ATG	1591794-1592555
unassigned_transcript_1407_1592607_1593428_822	annotated	unassigned_transcript_1407	assumed_protein_coding	MM_RS06925	MM_RS06925	assumed_protein_coding	NC_003901.1	+	ATG	1592607-1593428
unassigned_transcript_1408_1594052_1594504_453	annotated	unassigned_transcript_1408	assumed_protein_coding	MM_RS06930	MM_RS06930	assumed_protein_coding	NC_003901.1	+	ATG	1594052-1594504
unassigned_transcript_1409_1595247_1596911_1665	annotated	unassigned_transcript_1409	assumed_protein_coding	MM_RS06935	MM_RS06935	assumed_protein_coding	NC_003901.1	-	ATG	1595247-1596911
unassigned_transcript_1410_1598116_1602396_4281	annotated	unassigned_transcript_1410	assumed_protein_coding	MM_RS06940	MM_RS06940	assumed_protein_coding	NC_003901.1	-	ATG	1598116-1602396
unassigned_transcript_1411_1603174_1604061_888	annotated	unassigned_transcript_1411	assumed_protein_coding	MM_RS06945	MM_RS06945	assumed_protein_coding	NC_003901.1	-	ATG	1603174-1604061
unassigned_transcript_1412_1604061_1605266_1206	annotated	unassigned_transcript_1412	assumed_protein_coding	MM_RS06950	MM_RS06950	assumed_protein_coding	NC_003901.1	-	ATG	1604061-1605266
unassigned_transcript_1413_1605269_1605598_330	annotated	unassigned_transcript_1413	assumed_protein_coding	MM_RS06955	MM_RS06955	assumed_protein_coding	NC_003901.1	-	ATG	1605269-1605598
unassigned_transcript_1414_1605598_1606143_546	annotated	unassigned_transcript_1414	assumed_protein_coding	MM_RS06960	MM_RS06960	assumed_protein_coding	NC_003901.1	-	ATG	1605598-1606143
unassigned_transcript_1415_1606717_1607685_969	annotated	unassigned_transcript_1415	assumed_protein_coding	MM_RS06965	MM_RS06965	assumed_protein_coding	NC_003901.1	-	ATG	1606717-1607685
unassigned_transcript_1416_1608049_1608603_555	annotated	unassigned_transcript_1416	assumed_protein_coding	MM_RS06970	MM_RS06970	assumed_protein_coding	NC_003901.1	-	ATG	1608049-1608603
unassigned_transcript_1417_1609877_1611817_1941	annotated	unassigned_transcript_1417	assumed_protein_coding	MM_RS06975	MM_RS06975	assumed_protein_coding	NC_003901.1	+	ATG	1609877-1611817
unassigned_transcript_1418_1611957_1612979_1023	annotated	unassigned_transcript_1418	assumed_protein_coding	MM_RS06980	MM_RS06980	assumed_protein_coding	NC_003901.1	+	ATG	1611957-1612979
unassigned_transcript_1419_1613824_1615068_1245	annotated	unassigned_transcript_1419	assumed_protein_coding	MM_RS06985	MM_RS06985	assumed_protein_coding	NC_003901.1	+	ATG	1613824-1615068
unassigned_transcript_1421_1617562_1617969_408	annotated	unassigned_transcript_1421	assumed_protein_coding	MM_RS06995	MM_RS06995	assumed_protein_coding	NC_003901.1	+	ATG	1617562-1617969
unassigned_transcript_1422_1618475_1620208_1734	annotated	unassigned_transcript_1422	assumed_protein_coding	MM_RS07005	MM_RS07005	assumed_protein_coding	NC_003901.1	-	ATG	1618475-1620208
unassigned_transcript_1423_1620523_1621560_1038	annotated	unassigned_transcript_1423	assumed_protein_coding	MM_RS07010	MM_RS07010	assumed_protein_coding	NC_003901.1	+	ATG	1620523-1621560
unassigned_transcript_1424_1621804_1622835_1032	annotated	unassigned_transcript_1424	assumed_protein_coding	MM_RS07015	MM_RS07015	assumed_protein_coding	NC_003901.1	+	ATG	1621804-1622835
unassigned_transcript_1425_1623103_1623270_168	annotated	unassigned_transcript_1425	assumed_protein_coding	MM_RS07020	MM_RS07020	assumed_protein_coding	NC_003901.1	-	ATG	1623103-1623270
unassigned_transcript_1427_1624178_1624381_204	annotated	unassigned_transcript_1427	assumed_protein_coding	MM_RS07030	MM_RS07030	assumed_protein_coding	NC_003901.1	+	ATG	1624178-1624381
unassigned_transcript_1428_1624451_1624654_204	annotated	unassigned_transcript_1428	assumed_protein_coding	MM_RS07035	MM_RS07035	assumed_protein_coding	NC_003901.1	+	ATG	1624451-1624654
unassigned_transcript_1429_1624722_1624925_204	annotated	unassigned_transcript_1429	assumed_protein_coding	MM_RS07040	MM_RS07040	assumed_protein_coding	NC_003901.1	+	ATG	1624722-1624925
unassigned_transcript_1430_1624990_1625193_204	annotated	unassigned_transcript_1430	assumed_protein_coding	MM_RS07045	MM_RS07045	assumed_protein_coding	NC_003901.1	+	ATG	1624990-1625193
unassigned_transcript_1431_1625543_1625968_426	annotated	unassigned_transcript_1431	assumed_protein_coding	MM_RS07050	MM_RS07050	assumed_protein_coding	NC_003901.1	+	ATG	1625543-1625968
unassigned_transcript_1432_1626018_1626779_762	annotated	unassigned_transcript_1432	assumed_protein_coding	MM_RS07055	MM_RS07055	assumed_protein_coding	NC_003901.1	-	ATG	1626018-1626779
unassigned_transcript_1433_1626785_1627570_786	annotated	unassigned_transcript_1433	assumed_protein_coding	MM_RS07060	MM_RS07060	assumed_protein_coding	NC_003901.1	-	ATG	1626785-1627570
unassigned_transcript_1435_1629110_1629628_519	annotated	unassigned_transcript_1435	assumed_protein_coding	MM_RS07070	MM_RS07070	assumed_protein_coding	NC_003901.1	+	ATG	1629110-1629628
unassigned_transcript_1436_1629747_1633238_3492	annotated	unassigned_transcript_1436	assumed_protein_coding	MM_RS07075	MM_RS07075	assumed_protein_coding	NC_003901.1	-	ATG	1629747-1633238
unassigned_transcript_1437_1633415_1634425_1011	annotated	unassigned_transcript_1437	assumed_protein_coding	MM_RS07080	MM_RS07080	assumed_protein_coding	NC_003901.1	-	ATG	1633415-1634425
unassigned_transcript_1438_1635234_1636022_789	annotated	unassigned_transcript_1438	assumed_protein_coding	MM_RS07085	MM_RS07085	assumed_protein_coding	NC_003901.1	-	ATG	1635234-1636022
unassigned_transcript_1439_1636069_1638450_2382	annotated	unassigned_transcript_1439	assumed_protein_coding	MM_RS07090	MM_RS07090	assumed_protein_coding	NC_003901.1	-	ATG	1636069-1638450
unassigned_transcript_1440_1638533_1638784_252	annotated	unassigned_transcript_1440	assumed_protein_coding	MM_RS07095	MM_RS07095	assumed_protein_coding	NC_003901.1	-	ATG	1638533-1638784
unassigned_transcript_1442_1640311_1641408_1098	annotated	unassigned_transcript_1442	assumed_protein_coding	MM_RS07105	MM_RS07105	assumed_protein_coding	NC_003901.1	-	ATG	1640311-1641408
unassigned_transcript_1443_1641957_1642973_1017	annotated	unassigned_transcript_1443	assumed_protein_coding	MM_RS07110	MM_RS07110	assumed_protein_coding	NC_003901.1	+	ATG	1641957-1642973
unassigned_transcript_1444_1643373_1643537_165	annotated	unassigned_transcript_1444	assumed_protein_coding	MM_RS07115	MM_RS07115	assumed_protein_coding	NC_003901.1	+	ATG	1643373-1643537
unassigned_transcript_1446_1644605_1646725_2121	annotated	unassigned_transcript_1446	assumed_protein_coding	MM_RS07125	MM_RS07125	assumed_protein_coding	NC_003901.1	+	ATG	1644605-1646725
unassigned_transcript_1447_1647406_1649589_2184	annotated	unassigned_transcript_1447	assumed_protein_coding	MM_RS07130	MM_RS07130	assumed_protein_coding	NC_003901.1	+	ATG	1647406-1649589
unassigned_transcript_1448_1649935_1651563_1629	annotated	unassigned_transcript_1448	assumed_protein_coding	MM_RS07135	MM_RS07135	assumed_protein_coding	NC_003901.1	+	ATG	1649935-1651563
unassigned_transcript_1449_1651681_1654266_2586	annotated	unassigned_transcript_1449	assumed_protein_coding	MM_RS07140	MM_RS07140	assumed_protein_coding	NC_003901.1	-	ATG	1651681-1654266
unassigned_transcript_1451_1656366_1658018_1653	annotated	unassigned_transcript_1451	assumed_protein_coding	MM_RS07150	MM_RS07150	assumed_protein_coding	NC_003901.1	-	ATG	1656366-1658018
unassigned_transcript_1454_1661339_1662088_750	annotated	unassigned_transcript_1454	assumed_protein_coding	MM_RS07165	MM_RS07165	assumed_protein_coding	NC_003901.1	-	ATG	1661339-1662088
unassigned_transcript_1455_1662117_1663733_1617	annotated	unassigned_transcript_1455	assumed_protein_coding	MM_RS07170	MM_RS07170	assumed_protein_coding	NC_003901.1	-	ATG	1662117-1663733
unassigned_transcript_1456_1664100_1664729_630	annotated	unassigned_transcript_1456	assumed_protein_coding	MM_RS07175	MM_RS07175	assumed_protein_coding	NC_003901.1	-	ATG	1664100-1664729
unassigned_transcript_1457_1665563_1665832_270	annotated	unassigned_transcript_1457	assumed_protein_coding	MM_RS07180	MM_RS07180	assumed_protein_coding	NC_003901.1	-	ATG	1665563-1665832
unassigned_transcript_1458_1666078_1666689_612	annotated	unassigned_transcript_1458	assumed_protein_coding	MM_RS07185	MM_RS07185	assumed_protein_coding	NC_003901.1	+	ATG	1666078-1666689
unassigned_transcript_1459_1666822_1669413_2592	annotated	unassigned_transcript_1459	assumed_protein_coding	MM_RS07190	MM_RS07190	assumed_protein_coding	NC_003901.1	-	ATG	1666822-1669413
unassigned_transcript_1460_1669585_1671450_1866	annotated	unassigned_transcript_1460	assumed_protein_coding	MM_RS07195	MM_RS07195	assumed_protein_coding	NC_003901.1	-	ATG	1669585-1671450
unassigned_transcript_1461_1671838_1672659_822	annotated	unassigned_transcript_1461	assumed_protein_coding	MM_RS07200	MM_RS07200	assumed_protein_coding	NC_003901.1	-	ATG	1671838-1672659
unassigned_transcript_1462_1672930_1673052_123	annotated	unassigned_transcript_1462	assumed_protein_coding	MM_RS19425	MM_RS19425	assumed_protein_coding	NC_003901.1	-	ATG	1672930-1673052
unassigned_transcript_1463_1673319_1673498_180	annotated	unassigned_transcript_1463	assumed_protein_coding	MM_RS07205	MM_RS07205	assumed_protein_coding	NC_003901.1	+	ATG	1673319-1673498
unassigned_transcript_1464_1674001_1674588_588	annotated	unassigned_transcript_1464	assumed_protein_coding	MM_RS07210	MM_RS07210	assumed_protein_coding	NC_003901.1	-	ATG	1674001-1674588
unassigned_transcript_1465_1674930_1675730_801	annotated	unassigned_transcript_1465	assumed_protein_coding	MM_RS07215	MM_RS07215	assumed_protein_coding	NC_003901.1	+	ATG	1674930-1675730
unassigned_transcript_1466_1675942_1676100_159	annotated	unassigned_transcript_1466	assumed_protein_coding	MM_RS18875	MM_RS18875	assumed_protein_coding	NC_003901.1	-	ATG	1675942-1676100
unassigned_transcript_1467_1676173_1677174_1002	annotated	unassigned_transcript_1467	assumed_protein_coding	MM_RS07220	MM_RS07220	assumed_protein_coding	NC_003901.1	-	ATG	1676173-1677174
unassigned_transcript_1468_1677549_1678865_1317	annotated	unassigned_transcript_1468	assumed_protein_coding	MM_RS07225	MM_RS07225	assumed_protein_coding	NC_003901.1	+	ATG	1677549-1678865
unassigned_transcript_1469_1679255_1679716_462	annotated	unassigned_transcript_1469	assumed_protein_coding	MM_RS07230	MM_RS07230	assumed_protein_coding	NC_003901.1	+	ATG	1679255-1679716
unassigned_transcript_1470_1679812_1680921_1110	annotated	unassigned_transcript_1470	assumed_protein_coding	MM_RS07235	MM_RS07235	assumed_protein_coding	NC_003901.1	-	ATG	1679812-1680921
unassigned_transcript_1471_1680932_1681666_735	annotated	unassigned_transcript_1471	assumed_protein_coding	MM_RS07240	MM_RS07240	assumed_protein_coding	NC_003901.1	-	ATG	1680932-1681666
unassigned_transcript_1472_1681994_1682305_312	annotated	unassigned_transcript_1472	assumed_protein_coding	MM_RS07245	MM_RS07245	assumed_protein_coding	NC_003901.1	-	ATG	1681994-1682305
unassigned_transcript_1473_1682292_1682699_408	annotated	unassigned_transcript_1473	assumed_protein_coding	MM_RS07250	MM_RS07250	assumed_protein_coding	NC_003901.1	-	ATG	1682292-1682699
unassigned_transcript_1474_1683533_1684399_867	annotated	unassigned_transcript_1474	assumed_protein_coding	MM_RS07255	MM_RS07255	assumed_protein_coding	NC_003901.1	+	ATG	1683533-1684399
unassigned_transcript_1475_1684408_1685031_624	annotated	unassigned_transcript_1475	assumed_protein_coding	MM_RS07260	MM_RS07260	assumed_protein_coding	NC_003901.1	+	ATG	1684408-1685031
unassigned_transcript_1476_1685037_1685777_741	annotated	unassigned_transcript_1476	assumed_protein_coding	MM_RS07265	MM_RS07265	assumed_protein_coding	NC_003901.1	+	ATG	1685037-1685777
unassigned_transcript_1478_1686328_1687425_1098	annotated	unassigned_transcript_1478	assumed_protein_coding	MM_RS07275	MM_RS07275	assumed_protein_coding	NC_003901.1	-	ATG	1686328-1687425
unassigned_transcript_1480_1689237_1690307_1071	annotated	unassigned_transcript_1480	assumed_protein_coding	MM_RS07285	MM_RS07285	assumed_protein_coding	NC_003901.1	-	ATG	1689237-1690307
unassigned_transcript_1481_1690709_1691179_471	annotated	unassigned_transcript_1481	assumed_protein_coding	MM_RS07290	MM_RS07290	assumed_protein_coding	NC_003901.1	-	ATG	1690709-1691179
unassigned_transcript_1485_1695362_1695925_564	annotated	unassigned_transcript_1485	assumed_protein_coding	MM_RS07310	MM_RS07310	assumed_protein_coding	NC_003901.1	+	ATG	1695362-1695925
unassigned_transcript_1486_1695959_1696258_300	annotated	unassigned_transcript_1486	assumed_protein_coding	MM_RS07315	MM_RS07315	assumed_protein_coding	NC_003901.1	-	ATG	1695959-1696258
unassigned_transcript_1487_1696967_1697422_456	annotated	unassigned_transcript_1487	assumed_protein_coding	MM_RS07320	MM_RS07320	assumed_protein_coding	NC_003901.1	+	ATG	1696967-1697422
unassigned_transcript_1488_1697422_1697793_372	annotated	unassigned_transcript_1488	assumed_protein_coding	MM_RS07325	MM_RS07325	assumed_protein_coding	NC_003901.1	+	ATG	1697422-1697793
unassigned_transcript_1489_1697980_1698978_999	annotated	unassigned_transcript_1489	assumed_protein_coding	MM_RS07330	MM_RS07330	assumed_protein_coding	NC_003901.1	-	ATG	1697980-1698978
unassigned_transcript_1490_1699004_1700419_1416	annotated	unassigned_transcript_1490	assumed_protein_coding	MM_RS07335	MM_RS07335	assumed_protein_coding	NC_003901.1	-	ATG	1699004-1700419
unassigned_transcript_1491_1700863_1702053_1191	annotated	unassigned_transcript_1491	assumed_protein_coding	MM_RS07340	MM_RS07340	assumed_protein_coding	NC_003901.1	+	ATG	1700863-1702053
unassigned_transcript_1492_1702111_1702266_156	annotated	unassigned_transcript_1492	assumed_protein_coding	MM_RS18810	MM_RS18810	assumed_protein_coding	NC_003901.1	-	ATG	1702111-1702266
unassigned_transcript_1493_1702391_1702849_459	annotated	unassigned_transcript_1493	assumed_protein_coding	MM_RS07345	MM_RS07345	assumed_protein_coding	NC_003901.1	+	ATG	1702391-1702849
unassigned_transcript_1496_1704892_1705212_321	annotated	unassigned_transcript_1496	assumed_protein_coding	MM_RS07360	MM_RS07360	assumed_protein_coding	NC_003901.1	-	ATG	1704892-1705212
unassigned_transcript_1497_1705267_1705725_459	annotated	unassigned_transcript_1497	assumed_protein_coding	MM_RS07365	MM_RS07365	assumed_protein_coding	NC_003901.1	-	ATG	1705267-1705725
unassigned_transcript_1498_1706127_1707029_903	annotated	unassigned_transcript_1498	assumed_protein_coding	MM_RS07370	MM_RS07370	assumed_protein_coding	NC_003901.1	+	ATG	1706127-1707029
unassigned_transcript_1499_1707029_1708726_1698	annotated	unassigned_transcript_1499	assumed_protein_coding	MM_RS07375	MM_RS07375	assumed_protein_coding	NC_003901.1	+	ATG	1707029-1708726
unassigned_transcript_1500_1708793_1709815_1023	annotated	unassigned_transcript_1500	assumed_protein_coding	MM_RS07380	MM_RS07380	assumed_protein_coding	NC_003901.1	+	ATG	1708793-1709815
unassigned_transcript_1501_1710226_1710548_323	annotated	unassigned_transcript_1501	assumed_protein_coding	MM_RS19575	MM_RS19575	assumed_protein_coding	NC_003901.1	+	ATG	1710226-1710548
unassigned_transcript_1502_1710575_1710937_363	annotated	unassigned_transcript_1502	assumed_protein_coding	MM_RS19145	MM_RS19145	assumed_protein_coding	NC_003901.1	+	ATG	1710575-1710937
unassigned_transcript_1503_1710971_1711543_573	annotated	unassigned_transcript_1503	assumed_protein_coding	MM_RS07390	MM_RS07390	assumed_protein_coding	NC_003901.1	+	ATG	1710971-1711543
unassigned_transcript_1508_1715092_1715325_234	annotated	unassigned_transcript_1508	assumed_protein_coding	MM_RS07405	MM_RS07405	assumed_protein_coding	NC_003901.1	-	ATG	1715092-1715325
unassigned_transcript_1510_1715597_1717000_1404	annotated	unassigned_transcript_1510	assumed_protein_coding	MM_RS07415	MM_RS07415	assumed_protein_coding	NC_003901.1	-	ATG	1715597-1717000
unassigned_transcript_1511_1717295_1718668_1374	annotated	unassigned_transcript_1511	assumed_protein_coding	MM_RS17790	MM_RS17790	assumed_protein_coding	NC_003901.1	-	ATG	1717295-1718668
unassigned_transcript_1512_1718691_1719344_654	annotated	unassigned_transcript_1512	assumed_protein_coding	MM_RS07430	MM_RS07430	assumed_protein_coding	NC_003901.1	-	ATG	1718691-1719344
unassigned_transcript_1513_1720299_1721315_1017	annotated	unassigned_transcript_1513	assumed_protein_coding	MM_RS07435	MM_RS07435	assumed_protein_coding	NC_003901.1	-	ATG	1720299-1721315
unassigned_transcript_1514_1721763_1723382_1620	annotated	unassigned_transcript_1514	assumed_protein_coding	MM_RS07440	MM_RS07440	assumed_protein_coding	NC_003901.1	+	ATG	1721763-1723382
unassigned_transcript_1515_1723759_1724265_507	annotated	unassigned_transcript_1515	assumed_protein_coding	MM_RS07445	MM_RS07445	assumed_protein_coding	NC_003901.1	+	ATG	1723759-1724265
unassigned_transcript_1516_1724412_1725203_792	annotated	unassigned_transcript_1516	assumed_protein_coding	MM_RS07450	MM_RS07450	assumed_protein_coding	NC_003901.1	-	ATG	1724412-1725203
unassigned_transcript_1519_1727620_1728981_1362	annotated	unassigned_transcript_1519	assumed_protein_coding	MM_RS07465	MM_RS07465	assumed_protein_coding	NC_003901.1	-	ATG	1727620-1728981
unassigned_transcript_1521_1729574_1730311_738	annotated	unassigned_transcript_1521	assumed_protein_coding	MM_RS07475	MM_RS07475	assumed_protein_coding	NC_003901.1	-	ATG	1729574-1730311
unassigned_transcript_1522_1730772_1731263_492	annotated	unassigned_transcript_1522	assumed_protein_coding	MM_RS07480	MM_RS07480	assumed_protein_coding	NC_003901.1	+	ATG	1730772-1731263
unassigned_transcript_1523_1731432_1731821_390	annotated	unassigned_transcript_1523	assumed_protein_coding	MM_RS07485	MM_RS07485	assumed_protein_coding	NC_003901.1	+	ATG	1731432-1731821
unassigned_transcript_1524_1732012_1732989_978	annotated	unassigned_transcript_1524	assumed_protein_coding	MM_RS07490	MM_RS07490	assumed_protein_coding	NC_003901.1	+	ATG	1732012-1732989
unassigned_transcript_1525_1733051_1733485_435	annotated	unassigned_transcript_1525	assumed_protein_coding	MM_RS07495	MM_RS07495	assumed_protein_coding	NC_003901.1	-	ATG	1733051-1733485
unassigned_transcript_1526_1733535_1734503_969	annotated	unassigned_transcript_1526	assumed_protein_coding	MM_RS19535	MM_RS19535	assumed_protein_coding	NC_003901.1	-	ATG	1733535-1734503
unassigned_transcript_1527_1734812_1735261_450	annotated	unassigned_transcript_1527	assumed_protein_coding	MM_RS07510	MM_RS07510	assumed_protein_coding	NC_003901.1	-	ATG	1734812-1735261
unassigned_transcript_1528_1735381_1735866_486	annotated	unassigned_transcript_1528	assumed_protein_coding	MM_RS07515	MM_RS07515	assumed_protein_coding	NC_003901.1	-	ATG	1735381-1735866
unassigned_transcript_1529_1735936_1736385_450	annotated	unassigned_transcript_1529	assumed_protein_coding	MM_RS07520	MM_RS07520	assumed_protein_coding	NC_003901.1	-	ATG	1735936-1736385
unassigned_transcript_1530_1736506_1736997_492	annotated	unassigned_transcript_1530	assumed_protein_coding	MM_RS07525	MM_RS07525	assumed_protein_coding	NC_003901.1	-	ATG	1736506-1736997
unassigned_transcript_1532_1738439_1739710_1272	annotated	unassigned_transcript_1532	assumed_protein_coding	MM_RS07535	MM_RS07535	assumed_protein_coding	NC_003901.1	-	ATG	1738439-1739710
unassigned_transcript_1533_1739916_1740140_225	annotated	unassigned_transcript_1533	assumed_protein_coding	MM_RS07540	MM_RS07540	assumed_protein_coding	NC_003901.1	+	ATG	1739916-1740140
unassigned_transcript_1534_1740462_1740695_234	annotated	unassigned_transcript_1534	assumed_protein_coding	MM_RS17800	MM_RS17800	assumed_protein_coding	NC_003901.1	+	ATG	1740462-1740695
unassigned_transcript_1535_1740812_1741024_213	annotated	unassigned_transcript_1535	assumed_protein_coding	MM_RS07545	MM_RS07545	assumed_protein_coding	NC_003901.1	-	ATG	1740812-1741024
unassigned_transcript_1536_1741408_1744224_2817	annotated	unassigned_transcript_1536	assumed_protein_coding	MM_RS07550	MM_RS07550	assumed_protein_coding	NC_003901.1	+	ATG	1741408-1744224
unassigned_transcript_1537_1745132_1747264_2133	annotated	unassigned_transcript_1537	assumed_protein_coding	MM_RS07560	MM_RS07560	assumed_protein_coding	NC_003901.1	+	ATG	1745132-1747264
unassigned_transcript_1538_1747561_1747797_237	annotated	unassigned_transcript_1538	assumed_protein_coding	MM_RS07565	MM_RS07565	assumed_protein_coding	NC_003901.1	-	ATG	1747561-1747797
unassigned_transcript_1540_1749758_1750848_1091	annotated	unassigned_transcript_1540	assumed_protein_coding	MM_RS17805	MM_RS17805	assumed_protein_coding	NC_003901.1	+	ATG	1749758-1750848
unassigned_transcript_1541_1750902_1751246_345	annotated	unassigned_transcript_1541	assumed_protein_coding	MM_RS07585	MM_RS07585	assumed_protein_coding	NC_003901.1	-	ATG	1750902-1751246
unassigned_transcript_1542_1751404_1752240_837	annotated	unassigned_transcript_1542	assumed_protein_coding	MM_RS07590	MM_RS07590	assumed_protein_coding	NC_003901.1	+	ATG	1751404-1752240
unassigned_transcript_1543_1752538_1754013_1476	annotated	unassigned_transcript_1543	assumed_protein_coding	MM_RS07595	MM_RS07595	assumed_protein_coding	NC_003901.1	-	ATG	1752538-1754013
unassigned_transcript_1544_1754235_1755719_1485	annotated	unassigned_transcript_1544	assumed_protein_coding	MM_RS07600	MM_RS07600	assumed_protein_coding	NC_003901.1	-	ATG	1754235-1755719
unassigned_transcript_1545_1755935_1756336_402	annotated	unassigned_transcript_1545	assumed_protein_coding	MM_RS07605	MM_RS07605	assumed_protein_coding	NC_003901.1	+	ATG	1755935-1756336
unassigned_transcript_1546_1756341_1756760_420	annotated	unassigned_transcript_1546	assumed_protein_coding	MM_RS07610	MM_RS07610	assumed_protein_coding	NC_003901.1	+	ATG	1756341-1756760
unassigned_transcript_1547_1756842_1758053_1212	annotated	unassigned_transcript_1547	assumed_protein_coding	MM_RS07615	MM_RS07615	assumed_protein_coding	NC_003901.1	-	ATG	1756842-1758053
unassigned_transcript_1548_1758508_1759113_606	annotated	unassigned_transcript_1548	assumed_protein_coding	MM_RS07620	MM_RS07620	assumed_protein_coding	NC_003901.1	-	ATG	1758508-1759113
unassigned_transcript_1549_1759155_1759673_519	annotated	unassigned_transcript_1549	assumed_protein_coding	MM_RS07625	MM_RS07625	assumed_protein_coding	NC_003901.1	-	ATG	1759155-1759673
unassigned_transcript_1550_1759993_1761111_1119	annotated	unassigned_transcript_1550	assumed_protein_coding	MM_RS07630	MM_RS07630	assumed_protein_coding	NC_003901.1	-	ATG	1759993-1761111
unassigned_transcript_1551_1761355_1761891_537	annotated	unassigned_transcript_1551	assumed_protein_coding	MM_RS07635	MM_RS07635	assumed_protein_coding	NC_003901.1	+	ATG	1761355-1761891
unassigned_transcript_1552_1762442_1765708_3267	annotated	unassigned_transcript_1552	assumed_protein_coding	MM_RS07640	MM_RS07640	assumed_protein_coding	NC_003901.1	+	ATG	1762442-1765708
unassigned_transcript_1553_1765713_1766648_936	annotated	unassigned_transcript_1553	assumed_protein_coding	MM_RS07645	MM_RS07645	assumed_protein_coding	NC_003901.1	+	ATG	1765713-1766648
unassigned_transcript_1554_1766715_1766972_258	annotated	unassigned_transcript_1554	assumed_protein_coding	MM_RS07650	MM_RS07650	assumed_protein_coding	NC_003901.1	-	ATG	1766715-1766972
unassigned_transcript_1555_1767046_1767255_210	annotated	unassigned_transcript_1555	assumed_protein_coding	MM_RS19155	MM_RS19155	assumed_protein_coding	NC_003901.1	-	ATG	1767046-1767255
unassigned_transcript_1556_1767250_1767465_216	annotated	unassigned_transcript_1556	assumed_protein_coding	MM_RS19160	MM_RS19160	assumed_protein_coding	NC_003901.1	+	ATG	1767250-1767465
unassigned_transcript_1558_1767825_1768619_795	annotated	unassigned_transcript_1558	assumed_protein_coding	MM_RS07660	MM_RS07660	assumed_protein_coding	NC_003901.1	-	ATG	1767825-1768619
unassigned_transcript_1559_1769072_1769329_258	annotated	unassigned_transcript_1559	assumed_protein_coding	MM_RS07665	MM_RS07665	assumed_protein_coding	NC_003901.1	+	ATG	1769072-1769329
unassigned_transcript_1560_1769820_1772597_2778	annotated	unassigned_transcript_1560	assumed_protein_coding	MM_RS07670	MM_RS07670	assumed_protein_coding	NC_003901.1	+	ATG	1769820-1772597
unassigned_transcript_1563_1775335_1776459_1125	annotated	unassigned_transcript_1563	assumed_protein_coding	MM_RS07685	MM_RS07685	assumed_protein_coding	NC_003901.1	-	ATG	1775335-1776459
unassigned_transcript_1564_1776558_1777043_486	annotated	unassigned_transcript_1564	assumed_protein_coding	MM_RS07690	MM_RS07690	assumed_protein_coding	NC_003901.1	-	ATG	1776558-1777043
unassigned_transcript_1565_1777271_1778611_1341	annotated	unassigned_transcript_1565	assumed_protein_coding	MM_RS07695	MM_RS07695	assumed_protein_coding	NC_003901.1	-	ATG	1777271-1778611
unassigned_transcript_1567_1780601_1781668_1068	annotated	unassigned_transcript_1567	assumed_protein_coding	MM_RS07705	MM_RS07705	assumed_protein_coding	NC_003901.1	-	ATG	1780601-1781668
unassigned_transcript_1568_1781868_1782821_954	annotated	unassigned_transcript_1568	assumed_protein_coding	MM_RS07710	MM_RS07710	assumed_protein_coding	NC_003901.1	+	ATG	1781868-1782821
unassigned_transcript_1569_1782836_1783642_807	annotated	unassigned_transcript_1569	assumed_protein_coding	MM_RS07715	MM_RS07715	assumed_protein_coding	NC_003901.1	+	ATG	1782836-1783642
unassigned_transcript_1570_1783794_1784837_1044	annotated	unassigned_transcript_1570	assumed_protein_coding	MM_RS07720	MM_RS07720	assumed_protein_coding	NC_003901.1	-	ATG	1783794-1784837
unassigned_transcript_1571_1785341_1785625_285	annotated	unassigned_transcript_1571	assumed_protein_coding	MM_RS07725	MM_RS07725	assumed_protein_coding	NC_003901.1	-	ATG	1785341-1785625
unassigned_transcript_1572_1785691_1786497_807	annotated	unassigned_transcript_1572	assumed_protein_coding	MM_RS07730	MM_RS07730	assumed_protein_coding	NC_003901.1	-	ATG	1785691-1786497
unassigned_transcript_1573_1786561_1787448_888	annotated	unassigned_transcript_1573	assumed_protein_coding	MM_RS07735	MM_RS07735	assumed_protein_coding	NC_003901.1	-	ATG	1786561-1787448
unassigned_transcript_1574_1787669_1788847_1179	annotated	unassigned_transcript_1574	assumed_protein_coding	MM_RS07740	MM_RS07740	assumed_protein_coding	NC_003901.1	-	ATG	1787669-1788847
unassigned_transcript_1575_1789088_1789714_627	annotated	unassigned_transcript_1575	assumed_protein_coding	MM_RS07745	MM_RS07745	assumed_protein_coding	NC_003901.1	-	ATG	1789088-1789714
unassigned_transcript_1578_1790894_1792087_1194	annotated	unassigned_transcript_1578	assumed_protein_coding	MM_RS07760	MM_RS07760	assumed_protein_coding	NC_003901.1	-	ATG	1790894-1792087
unassigned_transcript_1579_1792599_1793465_867	annotated	unassigned_transcript_1579	assumed_protein_coding	MM_RS07765	MM_RS07765	assumed_protein_coding	NC_003901.1	+	ATG	1792599-1793465
unassigned_transcript_1580_1793554_1794291_738	annotated	unassigned_transcript_1580	assumed_protein_coding	MM_RS07770	MM_RS07770	assumed_protein_coding	NC_003901.1	+	ATG	1793554-1794291
unassigned_transcript_1581_1794322_1794894_573	annotated	unassigned_transcript_1581	assumed_protein_coding	MM_RS07775	MM_RS07775	assumed_protein_coding	NC_003901.1	+	ATG	1794322-1794894
unassigned_transcript_1582_1794964_1795701_738	annotated	unassigned_transcript_1582	assumed_protein_coding	MM_RS07780	MM_RS07780	assumed_protein_coding	NC_003901.1	-	ATG	1794964-1795701
unassigned_transcript_1583_1795770_1797200_1431	annotated	unassigned_transcript_1583	assumed_protein_coding	MM_RS07785	MM_RS07785	assumed_protein_coding	NC_003901.1	-	ATG	1795770-1797200
unassigned_transcript_1584_1797240_1798163_924	annotated	unassigned_transcript_1584	assumed_protein_coding	MM_RS07790	MM_RS07790	assumed_protein_coding	NC_003901.1	-	ATG	1797240-1798163
unassigned_transcript_1587_1800234_1800722_489	annotated	unassigned_transcript_1587	assumed_protein_coding	MM_RS07805	MM_RS07805	assumed_protein_coding	NC_003901.1	+	ATG	1800234-1800722
unassigned_transcript_1588_1801586_1802521_936	annotated	unassigned_transcript_1588	assumed_protein_coding	MM_RS07810	MM_RS07810	assumed_protein_coding	NC_003901.1	-	ATG	1801586-1802521
unassigned_transcript_1590_1803195_1804253_1059	annotated	unassigned_transcript_1590	assumed_protein_coding	MM_RS17810	MM_RS17810	assumed_protein_coding	NC_003901.1	-	ATG	1803195-1804253
unassigned_transcript_1591_1804266_1806251_1986	annotated	unassigned_transcript_1591	assumed_protein_coding	MM_RS07825	MM_RS07825	assumed_protein_coding	NC_003901.1	-	ATG	1804266-1806251
unassigned_transcript_1592_1806265_1807938_1674	annotated	unassigned_transcript_1592	assumed_protein_coding	MM_RS07830	MM_RS07830	assumed_protein_coding	NC_003901.1	-	ATG	1806265-1807938
unassigned_transcript_1593_1808375_1809553_1179	annotated	unassigned_transcript_1593	assumed_protein_coding	MM_RS07835	MM_RS07835	assumed_protein_coding	NC_003901.1	-	ATG	1808375-1809553
unassigned_transcript_1594_1809599_1809754_156	annotated	unassigned_transcript_1594	assumed_protein_coding	MM_RS18365	MM_RS18365	assumed_protein_coding	NC_003901.1	-	ATG	1809599-1809754
unassigned_transcript_1596_1810181_1810726_546	annotated	unassigned_transcript_1596	assumed_protein_coding	MM_RS07845	MM_RS07845	assumed_protein_coding	NC_003901.1	-	ATG	1810181-1810726
unassigned_transcript_1597_1811175_1811642_468	annotated	unassigned_transcript_1597	assumed_protein_coding	MM_RS07850	MM_RS07850	assumed_protein_coding	NC_003901.1	-	ATG	1811175-1811642
unassigned_transcript_1598_1811674_1812498_825	annotated	unassigned_transcript_1598	assumed_protein_coding	MM_RS07855	MM_RS07855	assumed_protein_coding	NC_003901.1	-	ATG	1811674-1812498
unassigned_transcript_1599_1812789_1814132_1344	annotated	unassigned_transcript_1599	assumed_protein_coding	MM_RS07860	MM_RS07860	assumed_protein_coding	NC_003901.1	+	ATG	1812789-1814132
unassigned_transcript_1600_1815096_1816217_1122	annotated	unassigned_transcript_1600	assumed_protein_coding	MM_RS07865	MM_RS07865	assumed_protein_coding	NC_003901.1	-	ATG	1815096-1816217
unassigned_transcript_1603_1818036_1819229_1194	annotated	unassigned_transcript_1603	assumed_protein_coding	MM_RS07880	MM_RS07880	assumed_protein_coding	NC_003901.1	-	ATG	1818036-1819229
unassigned_transcript_1604_1819451_1820716_1266	annotated	unassigned_transcript_1604	assumed_protein_coding	MM_RS07885	MM_RS07885	assumed_protein_coding	NC_003901.1	-	ATG	1819451-1820716
unassigned_transcript_1605_1821034_1822098_1065	annotated	unassigned_transcript_1605	assumed_protein_coding	MM_RS07890	MM_RS07890	assumed_protein_coding	NC_003901.1	-	ATG	1821034-1822098
unassigned_transcript_1606_1822535_1825339_2805	annotated	unassigned_transcript_1606	assumed_protein_coding	MM_RS07895	MM_RS07895	assumed_protein_coding	NC_003901.1	-	ATG	1822535-1825339
unassigned_transcript_1607_1826065_1826232_168	annotated	unassigned_transcript_1607	assumed_protein_coding	MM_RS18370	MM_RS18370	assumed_protein_coding	NC_003901.1	+	ATG	1826065-1826232
unassigned_transcript_1609_1827885_1829603_1719	annotated	unassigned_transcript_1609	assumed_protein_coding	MM_RS07905	MM_RS07905	assumed_protein_coding	NC_003901.1	-	ATG	1827885-1829603
unassigned_transcript_1610_1829639_1831147_1509	annotated	unassigned_transcript_1610	assumed_protein_coding	MM_RS07910	MM_RS07910	assumed_protein_coding	NC_003901.1	-	ATG	1829639-1831147
unassigned_transcript_1612_1831830_1832561_732	annotated	unassigned_transcript_1612	assumed_protein_coding	MM_RS07915	MM_RS07915	assumed_protein_coding	NC_003901.1	+	ATG	1831830-1832561
unassigned_transcript_1613_1832698_1833636_939	annotated	unassigned_transcript_1613	assumed_protein_coding	MM_RS07920	MM_RS07920	assumed_protein_coding	NC_003901.1	+	ATG	1832698-1833636
unassigned_transcript_1615_1833999_1834583_585	annotated	unassigned_transcript_1615	assumed_protein_coding	MM_RS07930	MM_RS07930	assumed_protein_coding	NC_003901.1	+	ATG	1833999-1834583
unassigned_transcript_1616_1834796_1835404_609	annotated	unassigned_transcript_1616	assumed_protein_coding	MM_RS07935	MM_RS07935	assumed_protein_coding	NC_003901.1	+	ATG	1834796-1835404
unassigned_transcript_1617_1835547_1835984_438	annotated	unassigned_transcript_1617	assumed_protein_coding	MM_RS07940	MM_RS07940	assumed_protein_coding	NC_003901.1	+	ATG	1835547-1835984
unassigned_transcript_1618_1836245_1837744_1500	annotated	unassigned_transcript_1618	assumed_protein_coding	MM_RS07945	MM_RS07945	assumed_protein_coding	NC_003901.1	+	ATG	1836245-1837744
unassigned_transcript_1619_1837826_1838953_1128	annotated	unassigned_transcript_1619	assumed_protein_coding	MM_RS07950	MM_RS07950	assumed_protein_coding	NC_003901.1	-	ATG	1837826-1838953
unassigned_transcript_1620_1839525_1839740_216	annotated	unassigned_transcript_1620	assumed_protein_coding	MM_RS19170	MM_RS19170	assumed_protein_coding	NC_003901.1	-	ATG	1839525-1839740
unassigned_transcript_1621_1840045_1840992_948	annotated	unassigned_transcript_1621	assumed_protein_coding	MM_RS07955	MM_RS07955	assumed_protein_coding	NC_003901.1	-	ATG	1840045-1840992
unassigned_transcript_1622_1841009_1841224_216	annotated	unassigned_transcript_1622	assumed_protein_coding	MM_RS07960	MM_RS07960	assumed_protein_coding	NC_003901.1	-	ATG	1841009-1841224
unassigned_transcript_1623_1841246_1841467_222	annotated	unassigned_transcript_1623	assumed_protein_coding	MM_RS07965	MM_RS07965	assumed_protein_coding	NC_003901.1	-	ATG	1841246-1841467
unassigned_transcript_1624_1841470_1842189_720	annotated	unassigned_transcript_1624	assumed_protein_coding	MM_RS07970	MM_RS07970	assumed_protein_coding	NC_003901.1	-	ATG	1841470-1842189
unassigned_transcript_1625_1842194_1842517_324	annotated	unassigned_transcript_1625	assumed_protein_coding	MM_RS07975	MM_RS07975	assumed_protein_coding	NC_003901.1	-	ATG	1842194-1842517
unassigned_transcript_1626_1842517_1843317_801	annotated	unassigned_transcript_1626	assumed_protein_coding	MM_RS07980	MM_RS07980	assumed_protein_coding	NC_003901.1	-	ATG	1842517-1843317
unassigned_transcript_1627_1843322_1844071_750	annotated	unassigned_transcript_1627	assumed_protein_coding	MM_RS07985	MM_RS07985	assumed_protein_coding	NC_003901.1	-	ATG	1843322-1844071
unassigned_transcript_1628_1844071_1844982_912	annotated	unassigned_transcript_1628	assumed_protein_coding	MM_RS07990	MM_RS07990	assumed_protein_coding	NC_003901.1	-	ATG	1844071-1844982
unassigned_transcript_1630_1846665_1848581_1917	annotated	unassigned_transcript_1630	assumed_protein_coding	MM_RS08000	MM_RS08000	assumed_protein_coding	NC_003901.1	-	ATG	1846665-1848581
unassigned_transcript_1633_1850369_1851427_1059	annotated	unassigned_transcript_1633	assumed_protein_coding	MM_RS08010	MM_RS08010	assumed_protein_coding	NC_003901.1	-	ATG	1850369-1851427
unassigned_transcript_1634_1851423_1852559_1137	annotated	unassigned_transcript_1634	assumed_protein_coding	MM_RS08015	MM_RS08015	assumed_protein_coding	NC_003901.1	-	ATG	1851423-1852559
unassigned_transcript_1635_1852559_1854922_2364	annotated	unassigned_transcript_1635	assumed_protein_coding	MM_RS08020	MM_RS08020	assumed_protein_coding	NC_003901.1	-	ATG	1852559-1854922
unassigned_transcript_1636_1855170_1855901_732	annotated	unassigned_transcript_1636	assumed_protein_coding	MM_RS08025	MM_RS08025	assumed_protein_coding	NC_003901.1	+	ATG	1855170-1855901
unassigned_transcript_1638_1856756_1857076_321	annotated	unassigned_transcript_1638	assumed_protein_coding	MM_RS08035	MM_RS08035	assumed_protein_coding	NC_003901.1	+	ATG	1856756-1857076
unassigned_transcript_1639_1857290_1857592_303	annotated	unassigned_transcript_1639	assumed_protein_coding	MM_RS08040	MM_RS08040	assumed_protein_coding	NC_003901.1	-	ATG	1857290-1857592
unassigned_transcript_1640_1857908_1858162_255	annotated	unassigned_transcript_1640	assumed_protein_coding	MM_RS08045	MM_RS08045	assumed_protein_coding	NC_003901.1	+	ATG	1857908-1858162
unassigned_transcript_1641_1858415_1859272_858	annotated	unassigned_transcript_1641	assumed_protein_coding	MM_RS08050	MM_RS08050	assumed_protein_coding	NC_003901.1	+	ATG	1858415-1859272
unassigned_transcript_1642_1859477_1860160_684	annotated	unassigned_transcript_1642	assumed_protein_coding	MM_RS08055	MM_RS08055	assumed_protein_coding	NC_003901.1	+	ATG	1859477-1860160
unassigned_transcript_1643_1860479_1861402_924	annotated	unassigned_transcript_1643	assumed_protein_coding	MM_RS08060	MM_RS08060	assumed_protein_coding	NC_003901.1	+	ATG	1860479-1861402
unassigned_transcript_1645_1862224_1863282_1059	annotated	unassigned_transcript_1645	assumed_protein_coding	MM_RS08070	MM_RS08070	assumed_protein_coding	NC_003901.1	+	ATG	1862224-1863282
unassigned_transcript_1647_1864505_1865542_1038	annotated	unassigned_transcript_1647	assumed_protein_coding	MM_RS08080	MM_RS08080	assumed_protein_coding	NC_003901.1	+	ATG	1864505-1865542
unassigned_transcript_1648_1865546_1867297_1752	annotated	unassigned_transcript_1648	assumed_protein_coding	MM_RS08085	MM_RS08085	assumed_protein_coding	NC_003901.1	+	ATG	1865546-1867297
unassigned_transcript_1649_1867305_1868168_864	annotated	unassigned_transcript_1649	assumed_protein_coding	MM_RS08090	MM_RS08090	assumed_protein_coding	NC_003901.1	+	ATG	1867305-1868168
unassigned_transcript_1650_1868182_1868568_387	annotated	unassigned_transcript_1650	assumed_protein_coding	MM_RS08095	MM_RS08095	assumed_protein_coding	NC_003901.1	+	ATG	1868182-1868568
unassigned_transcript_1651_1868574_1869872_1299	annotated	unassigned_transcript_1651	assumed_protein_coding	MM_RS08100	MM_RS08100	assumed_protein_coding	NC_003901.1	+	ATG	1868574-1869872
unassigned_transcript_1652_1870182_1870586_405	annotated	unassigned_transcript_1652	assumed_protein_coding	MM_RS08105	MM_RS08105	assumed_protein_coding	NC_003901.1	-	ATG	1870182-1870586
unassigned_transcript_1654_1871428_1872174_747	annotated	unassigned_transcript_1654	assumed_protein_coding	MM_RS08115	MM_RS08115	assumed_protein_coding	NC_003901.1	+	ATG	1871428-1872174
unassigned_transcript_1655_1872475_1873479_1005	annotated	unassigned_transcript_1655	assumed_protein_coding	MM_RS08120	MM_RS08120	assumed_protein_coding	NC_003901.1	-	ATG	1872475-1873479
unassigned_transcript_1656_1873661_1874962_1302	annotated	unassigned_transcript_1656	assumed_protein_coding	MM_RS08125	MM_RS08125	assumed_protein_coding	NC_003901.1	+	ATG	1873661-1874962
unassigned_transcript_1657_1875272_1876078_807	annotated	unassigned_transcript_1657	assumed_protein_coding	MM_RS08130	MM_RS08130	assumed_protein_coding	NC_003901.1	-	ATG	1875272-1876078
unassigned_transcript_1658_1876669_1877655_987	annotated	unassigned_transcript_1658	assumed_protein_coding	MM_RS08135	MM_RS08135	assumed_protein_coding	NC_003901.1	+	ATG	1876669-1877655
unassigned_transcript_1660_1877843_1878685_843	annotated	unassigned_transcript_1660	assumed_protein_coding	MM_RS08140	MM_RS08140	assumed_protein_coding	NC_003901.1	-	ATG	1877843-1878685
unassigned_transcript_1661_1878712_1879500_789	annotated	unassigned_transcript_1661	assumed_protein_coding	MM_RS08145	MM_RS08145	assumed_protein_coding	NC_003901.1	-	ATG	1878712-1879500
unassigned_transcript_1663_1880733_1881536_804	annotated	unassigned_transcript_1663	assumed_protein_coding	MM_RS08155	MM_RS08155	assumed_protein_coding	NC_003901.1	-	ATG	1880733-1881536
unassigned_transcript_1665_1882531_1883169_639	annotated	unassigned_transcript_1665	assumed_protein_coding	MM_RS08165	MM_RS08165	assumed_protein_coding	NC_003901.1	-	ATG	1882531-1883169
unassigned_transcript_1666_1883267_1883839_573	annotated	unassigned_transcript_1666	assumed_protein_coding	MM_RS08170	MM_RS08170	assumed_protein_coding	NC_003901.1	-	ATG	1883267-1883839
unassigned_transcript_1668_1884262_1884783_522	annotated	unassigned_transcript_1668	assumed_protein_coding	MM_RS08180	MM_RS08180	assumed_protein_coding	NC_003901.1	-	ATG	1884262-1884783
unassigned_transcript_1669_1884938_1885492_555	annotated	unassigned_transcript_1669	assumed_protein_coding	MM_RS08185	MM_RS08185	assumed_protein_coding	NC_003901.1	-	ATG	1884938-1885492
unassigned_transcript_1670_1885649_1886032_384	annotated	unassigned_transcript_1670	assumed_protein_coding	MM_RS08190	MM_RS08190	assumed_protein_coding	NC_003901.1	+	ATG	1885649-1886032
unassigned_transcript_1671_1886322_1888658_2337	annotated	unassigned_transcript_1671	assumed_protein_coding	MM_RS08195	MM_RS08195	assumed_protein_coding	NC_003901.1	+	ATG	1886322-1888658
unassigned_transcript_1674_1894705_1894899_195	annotated	unassigned_transcript_1674	assumed_protein_coding	MM_RS08210	MM_RS08210	assumed_protein_coding	NC_003901.1	+	ATG	1894705-1894899
unassigned_transcript_1675_1894880_1895323_444	annotated	unassigned_transcript_1675	assumed_protein_coding	MM_RS08215	MM_RS08215	assumed_protein_coding	NC_003901.1	+	ATG	1894880-1895323
unassigned_transcript_1677_1896372_1897334_963	annotated	unassigned_transcript_1677	assumed_protein_coding	MM_RS08225	MM_RS08225	assumed_protein_coding	NC_003901.1	+	ATG	1896372-1897334
unassigned_transcript_1679_1898345_1899025_681	annotated	unassigned_transcript_1679	assumed_protein_coding	MM_RS08235	MM_RS08235	assumed_protein_coding	NC_003901.1	+	ATG	1898345-1899025
unassigned_transcript_1680_1899194_1899736_543	annotated	unassigned_transcript_1680	assumed_protein_coding	MM_RS08240	MM_RS08240	assumed_protein_coding	NC_003901.1	-	ATG	1899194-1899736
unassigned_transcript_1681_1900175_1900864_690	annotated	unassigned_transcript_1681	assumed_protein_coding	MM_RS08245	MM_RS08245	assumed_protein_coding	NC_003901.1	+	ATG	1900175-1900864
unassigned_transcript_1683_1901520_1901924_405	annotated	unassigned_transcript_1683	assumed_protein_coding	MM_RS08255	MM_RS08255	assumed_protein_coding	NC_003901.1	+	ATG	1901520-1901924
unassigned_transcript_1684_1902064_1902828_765	annotated	unassigned_transcript_1684	assumed_protein_coding	MM_RS08260	MM_RS08260	assumed_protein_coding	NC_003901.1	+	ATG	1902064-1902828
unassigned_transcript_1685_1903393_1903773_381	annotated	unassigned_transcript_1685	assumed_protein_coding	MM_RS08270	MM_RS08270	assumed_protein_coding	NC_003901.1	-	ATG	1903393-1903773
unassigned_transcript_1686_1904236_1908582_4347	annotated	unassigned_transcript_1686	assumed_protein_coding	MM_RS08275	MM_RS08275	assumed_protein_coding	NC_003901.1	+	ATG	1904236-1908582
unassigned_transcript_1687_1909108_1913658_4551	annotated	unassigned_transcript_1687	assumed_protein_coding	MM_RS08285	MM_RS08285	assumed_protein_coding	NC_003901.1	+	ATG	1909108-1913658
unassigned_transcript_1688_1913764_1914198_435	annotated	unassigned_transcript_1688	assumed_protein_coding	MM_RS08290	MM_RS08290	assumed_protein_coding	NC_003901.1	-	ATG	1913764-1914198
unassigned_transcript_1690_1916206_1916991_786	annotated	unassigned_transcript_1690	assumed_protein_coding	MM_RS08300	MM_RS08300	assumed_protein_coding	NC_003901.1	+	ATG	1916206-1916991
unassigned_transcript_1691_1917092_1918012_921	annotated	unassigned_transcript_1691	assumed_protein_coding	MM_RS08305	MM_RS08305	assumed_protein_coding	NC_003901.1	+	ATG	1917092-1918012
unassigned_transcript_1692_1918075_1918536_462	annotated	unassigned_transcript_1692	assumed_protein_coding	MM_RS08310	MM_RS08310	assumed_protein_coding	NC_003901.1	+	ATG	1918075-1918536
unassigned_transcript_1693_1918611_1919318_708	annotated	unassigned_transcript_1693	assumed_protein_coding	MM_RS08315	MM_RS08315	assumed_protein_coding	NC_003901.1	-	ATG	1918611-1919318
unassigned_transcript_1694_1919314_1920426_1113	annotated	unassigned_transcript_1694	assumed_protein_coding	MM_RS08320	MM_RS08320	assumed_protein_coding	NC_003901.1	-	ATG	1919314-1920426
unassigned_transcript_1696_1921846_1922544_699	annotated	unassigned_transcript_1696	assumed_protein_coding	MM_RS08330	MM_RS08330	assumed_protein_coding	NC_003901.1	-	ATG	1921846-1922544
unassigned_transcript_1698_1924791_1925369_579	annotated	unassigned_transcript_1698	assumed_protein_coding	MM_RS08340	MM_RS08340	assumed_protein_coding	NC_003901.1	+	ATG	1924791-1925369
unassigned_transcript_1699_1925640_1926215_576	annotated	unassigned_transcript_1699	assumed_protein_coding	MM_RS08345	MM_RS08345	assumed_protein_coding	NC_003901.1	+	ATG	1925640-1926215
unassigned_transcript_1700_1926295_1927488_1194	annotated	unassigned_transcript_1700	assumed_protein_coding	MM_RS08350	MM_RS08350	assumed_protein_coding	NC_003901.1	+	ATG	1926295-1927488
unassigned_transcript_1701_1927818_1928627_810	annotated	unassigned_transcript_1701	assumed_protein_coding	MM_RS08355	MM_RS08355	assumed_protein_coding	NC_003901.1	+	ATG	1927818-1928627
unassigned_transcript_1702_1928691_1929878_1188	annotated	unassigned_transcript_1702	assumed_protein_coding	MM_RS08360	MM_RS08360	assumed_protein_coding	NC_003901.1	+	ATG	1928691-1929878
unassigned_transcript_1703_1930099_1931124_1026	annotated	unassigned_transcript_1703	assumed_protein_coding	MM_RS08365	MM_RS08365	assumed_protein_coding	NC_003901.1	-	ATG	1930099-1931124
unassigned_transcript_1704_1931224_1931403_180	annotated	unassigned_transcript_1704	assumed_protein_coding	MM_RS08370	MM_RS08370	assumed_protein_coding	NC_003901.1	-	ATG	1931224-1931403
unassigned_transcript_1705_1931758_1931946_189	annotated	unassigned_transcript_1705	assumed_protein_coding	MM_RS08375	MM_RS08375	assumed_protein_coding	NC_003901.1	+	ATG	1931758-1931946
unassigned_transcript_1706_1932442_1932747_306	annotated	unassigned_transcript_1706	assumed_protein_coding	MM_RS08380	MM_RS08380	assumed_protein_coding	NC_003901.1	-	ATG	1932442-1932747
unassigned_transcript_1707_1932891_1933955_1065	annotated	unassigned_transcript_1707	assumed_protein_coding	MM_RS08385	MM_RS08385	assumed_protein_coding	NC_003901.1	-	ATG	1932891-1933955
unassigned_transcript_1708_1934216_1934518_303	annotated	unassigned_transcript_1708	assumed_protein_coding	MM_RS08390	MM_RS08390	assumed_protein_coding	NC_003901.1	-	ATG	1934216-1934518
unassigned_transcript_1709_1935523_1936953_1431	annotated	unassigned_transcript_1709	assumed_protein_coding	MM_RS08400	MM_RS08400	assumed_protein_coding	NC_003901.1	+	ATG	1935523-1936953
unassigned_transcript_1710_1937059_1937514_456	annotated	unassigned_transcript_1710	assumed_protein_coding	MM_RS08405	MM_RS08405	assumed_protein_coding	NC_003901.1	-	ATG	1937059-1937514
unassigned_transcript_1711_1937814_1938806_993	annotated	unassigned_transcript_1711	assumed_protein_coding	MM_RS08410	MM_RS08410	assumed_protein_coding	NC_003901.1	+	ATG	1937814-1938806
unassigned_transcript_1712_1939870_1940670_801	annotated	unassigned_transcript_1712	assumed_protein_coding	MM_RS08415	MM_RS08415	assumed_protein_coding	NC_003901.1	-	ATG	1939870-1940670
unassigned_transcript_1713_1941051_1941563_513	annotated	unassigned_transcript_1713	assumed_protein_coding	MM_RS08420	MM_RS08420	assumed_protein_coding	NC_003901.1	-	ATG	1941051-1941563
unassigned_transcript_1714_1941959_1944070_2112	annotated	unassigned_transcript_1714	assumed_protein_coding	MM_RS08425	MM_RS08425	assumed_protein_coding	NC_003901.1	+	ATG	1941959-1944070
unassigned_transcript_1717_1946470_1947033_564	annotated	unassigned_transcript_1717	assumed_protein_coding	MM_RS08445	MM_RS08445	assumed_protein_coding	NC_003901.1	+	ATG	1946470-1947033
unassigned_transcript_1718_1947491_1948699_1209	annotated	unassigned_transcript_1718	assumed_protein_coding	MM_RS08455	MM_RS08455	assumed_protein_coding	NC_003901.1	+	ATG	1947491-1948699
unassigned_transcript_1721_1949661_1950314_654	annotated	unassigned_transcript_1721	assumed_protein_coding	MM_RS08470	MM_RS08470	assumed_protein_coding	NC_003901.1	+	ATG	1949661-1950314
unassigned_transcript_1723_1952063_1952644_582	annotated	unassigned_transcript_1723	assumed_protein_coding	MM_RS08480	MM_RS08480	assumed_protein_coding	NC_003901.1	-	ATG	1952063-1952644
unassigned_transcript_1725_1954422_1954970_549	annotated	unassigned_transcript_1725	assumed_protein_coding	MM_RS08490	MM_RS08490	assumed_protein_coding	NC_003901.1	+	ATG	1954422-1954970
unassigned_transcript_1726_1955013_1955837_825	annotated	unassigned_transcript_1726	assumed_protein_coding	MM_RS08495	MM_RS08495	assumed_protein_coding	NC_003901.1	+	ATG	1955013-1955837
unassigned_transcript_1727_1956078_1957142_1065	annotated	unassigned_transcript_1727	assumed_protein_coding	MM_RS08500	MM_RS08500	assumed_protein_coding	NC_003901.1	+	ATG	1956078-1957142
unassigned_transcript_1728_1957242_1959464_2223	annotated	unassigned_transcript_1728	assumed_protein_coding	MM_RS08505	MM_RS08505	assumed_protein_coding	NC_003901.1	+	ATG	1957242-1959464
unassigned_transcript_1729_1959544_1960812_1269	annotated	unassigned_transcript_1729	assumed_protein_coding	MM_RS08510	MM_RS08510	assumed_protein_coding	NC_003901.1	+	ATG	1959544-1960812
unassigned_transcript_1731_1963094_1964650_1557	annotated	unassigned_transcript_1731	assumed_protein_coding	MM_RS08520	MM_RS08520	assumed_protein_coding	NC_003901.1	+	ATG	1963094-1964650
unassigned_transcript_1732_1965157_1965384_228	annotated	unassigned_transcript_1732	assumed_protein_coding	MM_RS08525	MM_RS08525	assumed_protein_coding	NC_003901.1	+	ATG	1965157-1965384
unassigned_transcript_1733_1966068_1967450_1383	annotated	unassigned_transcript_1733	assumed_protein_coding	MM_RS08530	MM_RS08530	assumed_protein_coding	NC_003901.1	-	ATG	1966068-1967450
unassigned_transcript_1734_1967464_1968237_774	annotated	unassigned_transcript_1734	assumed_protein_coding	MM_RS08535	MM_RS08535	assumed_protein_coding	NC_003901.1	-	ATG	1967464-1968237
unassigned_transcript_1735_1969213_1969980_768	annotated	unassigned_transcript_1735	assumed_protein_coding	MM_RS08545	MM_RS08545	assumed_protein_coding	NC_003901.1	+	ATG	1969213-1969980
unassigned_transcript_1736_1970267_1971055_789	annotated	unassigned_transcript_1736	assumed_protein_coding	MM_RS08550	MM_RS08550	assumed_protein_coding	NC_003901.1	+	ATG	1970267-1971055
unassigned_transcript_1737_1971206_1971679_474	annotated	unassigned_transcript_1737	assumed_protein_coding	MM_RS08555	MM_RS08555	assumed_protein_coding	NC_003901.1	+	ATG	1971206-1971679
unassigned_transcript_1738_1971777_1971953_177	annotated	unassigned_transcript_1738	assumed_protein_coding	MM_RS08560	MM_RS08560	assumed_protein_coding	NC_003901.1	-	ATG	1971777-1971953
unassigned_transcript_1739_1972200_1972985_786	annotated	unassigned_transcript_1739	assumed_protein_coding	MM_RS08565	MM_RS08565	assumed_protein_coding	NC_003901.1	-	ATG	1972200-1972985
unassigned_transcript_1740_1972988_1975075_2088	annotated	unassigned_transcript_1740	assumed_protein_coding	MM_RS08570	MM_RS08570	assumed_protein_coding	NC_003901.1	-	ATG	1972988-1975075
unassigned_transcript_1741_1976158_1978077_1920	annotated	unassigned_transcript_1741	assumed_protein_coding	MM_RS08575	MM_RS08575	assumed_protein_coding	NC_003901.1	-	ATG	1976158-1978077
unassigned_transcript_1742_1978132_1979697_1566	annotated	unassigned_transcript_1742	assumed_protein_coding	MM_RS08580	MM_RS08580	assumed_protein_coding	NC_003901.1	-	ATG	1978132-1979697
unassigned_transcript_1743_1980050_1981246_1197	annotated	unassigned_transcript_1743	assumed_protein_coding	MM_RS08585	MM_RS08585	assumed_protein_coding	NC_003901.1	+	ATG	1980050-1981246
unassigned_transcript_1744_1981521_1983515_1995	annotated	unassigned_transcript_1744	assumed_protein_coding	MM_RS08590	MM_RS08590	assumed_protein_coding	NC_003901.1	+	ATG	1981521-1983515
unassigned_transcript_1745_1983981_1985309_1329	annotated	unassigned_transcript_1745	assumed_protein_coding	MM_RS08595	MM_RS08595	assumed_protein_coding	NC_003901.1	-	ATG	1983981-1985309
unassigned_transcript_1746_1985816_1988566_2751	annotated	unassigned_transcript_1746	assumed_protein_coding	MM_RS08600	MM_RS08600	assumed_protein_coding	NC_003901.1	+	ATG	1985816-1988566
unassigned_transcript_1748_1989986_1991146_1161	annotated	unassigned_transcript_1748	assumed_protein_coding	MM_RS08610	MM_RS08610	assumed_protein_coding	NC_003901.1	-	ATG	1989986-1991146
unassigned_transcript_1751_1992485_1995286_2802	annotated	unassigned_transcript_1751	assumed_protein_coding	MM_RS08625	MM_RS08625	assumed_protein_coding	NC_003901.1	+	ATG	1992485-1995286
unassigned_transcript_1753_1996767_1998230_1464	annotated	unassigned_transcript_1753	assumed_protein_coding	MM_RS08635	MM_RS08635	assumed_protein_coding	NC_003901.1	+	ATG	1996767-1998230
unassigned_transcript_1754_1998423_1999916_1494	annotated	unassigned_transcript_1754	assumed_protein_coding	MM_RS08640	MM_RS08640	assumed_protein_coding	NC_003901.1	+	ATG	1998423-1999916
unassigned_transcript_1755_2000106_2001113_1008	annotated	unassigned_transcript_1755	assumed_protein_coding	MM_RS08645	MM_RS08645	assumed_protein_coding	NC_003901.1	-	ATG	2000106-2001113
unassigned_transcript_1756_2001789_2004332_2544	annotated	unassigned_transcript_1756	assumed_protein_coding	MM_RS08650	MM_RS08650	assumed_protein_coding	NC_003901.1	+	ATG	2001789-2004332
unassigned_transcript_1757_2004681_2005520_840	annotated	unassigned_transcript_1757	assumed_protein_coding	MM_RS08655	MM_RS08655	assumed_protein_coding	NC_003901.1	+	ATG	2004681-2005520
unassigned_transcript_1758_2005767_2006348_582	annotated	unassigned_transcript_1758	assumed_protein_coding	MM_RS08660	MM_RS08660	assumed_protein_coding	NC_003901.1	-	ATG	2005767-2006348
unassigned_transcript_1759_2006957_2007160_204	annotated	unassigned_transcript_1759	assumed_protein_coding	MM_RS08665	MM_RS08665	assumed_protein_coding	NC_003901.1	-	ATG	2006957-2007160
unassigned_transcript_1760_2007998_2008645_648	annotated	unassigned_transcript_1760	assumed_protein_coding	MM_RS08675	MM_RS08675	assumed_protein_coding	NC_003901.1	+	ATG	2007998-2008645
unassigned_transcript_1761_2008917_2011109_2193	annotated	unassigned_transcript_1761	assumed_protein_coding	MM_RS08680	MM_RS08680	assumed_protein_coding	NC_003901.1	+	ATG	2008917-2011109
unassigned_transcript_1762_2011424_2014693_3270	annotated	unassigned_transcript_1762	assumed_protein_coding	MM_RS19175	MM_RS19175	assumed_protein_coding	NC_003901.1	+	ATG	2011424-2014693
unassigned_transcript_1764_2015526_2016287_762	annotated	unassigned_transcript_1764	assumed_protein_coding	MM_RS08695	MM_RS08695	assumed_protein_coding	NC_003901.1	+	ATG	2015526-2016287
unassigned_transcript_1766_2017919_2018503_585	annotated	unassigned_transcript_1766	assumed_protein_coding	MM_RS08705	MM_RS08705	assumed_protein_coding	NC_003901.1	-	ATG	2017919-2018503
unassigned_transcript_1767_2018549_2019565_1017	annotated	unassigned_transcript_1767	assumed_protein_coding	MM_RS08710	MM_RS08710	assumed_protein_coding	NC_003901.1	-	ATG	2018549-2019565
unassigned_transcript_1768_2020244_2022400_2157	annotated	unassigned_transcript_1768	assumed_protein_coding	MM_RS08715	MM_RS08715	assumed_protein_coding	NC_003901.1	-	ATG	2020244-2022400
unassigned_transcript_1769_2022533_2025232_2700	annotated	unassigned_transcript_1769	assumed_protein_coding	MM_RS08720	MM_RS08720	assumed_protein_coding	NC_003901.1	-	ATG	2022533-2025232
unassigned_transcript_1770_2025967_2027136_1170	annotated	unassigned_transcript_1770	assumed_protein_coding	MM_RS08730	MM_RS08730	assumed_protein_coding	NC_003901.1	-	ATG	2025967-2027136
unassigned_transcript_1773_2028602_2029747_1146	annotated	unassigned_transcript_1773	assumed_protein_coding	MM_RS08745	MM_RS08745	assumed_protein_coding	NC_003901.1	+	ATG	2028602-2029747
unassigned_transcript_1775_2031368_2032852_1485	annotated	unassigned_transcript_1775	assumed_protein_coding	MM_RS08760	MM_RS08760	assumed_protein_coding	NC_003901.1	+	ATG	2031368-2032852
unassigned_transcript_1776_2032885_2033532_648	annotated	unassigned_transcript_1776	assumed_protein_coding	MM_RS08770	MM_RS08770	assumed_protein_coding	NC_003901.1	+	ATG	2032885-2033532
unassigned_transcript_1777_2034036_2035094_1059	annotated	unassigned_transcript_1777	assumed_protein_coding	MM_RS08775	MM_RS08775	assumed_protein_coding	NC_003901.1	+	ATG	2034036-2035094
unassigned_transcript_1778_2035099_2035389_291	annotated	unassigned_transcript_1778	assumed_protein_coding	MM_RS08780	MM_RS08780	assumed_protein_coding	NC_003901.1	+	ATG	2035099-2035389
unassigned_transcript_1779_2035411_2035557_147	annotated	unassigned_transcript_1779	assumed_protein_coding	MM_RS18880	MM_RS18880	assumed_protein_coding	NC_003901.1	+	ATG	2035411-2035557
unassigned_transcript_1780_2035616_2037016_1401	annotated	unassigned_transcript_1780	assumed_protein_coding	MM_RS08785	MM_RS08785	assumed_protein_coding	NC_003901.1	+	ATG	2035616-2037016
unassigned_transcript_1783_2038964_2040574_1611	annotated	unassigned_transcript_1783	assumed_protein_coding	MM_RS08800	MM_RS08800	assumed_protein_coding	NC_003901.1	+	ATG	2038964-2040574
unassigned_transcript_1784_2040574_2041311_738	annotated	unassigned_transcript_1784	assumed_protein_coding	MM_RS08805	MM_RS08805	assumed_protein_coding	NC_003901.1	+	ATG	2040574-2041311
unassigned_transcript_1785_2041345_2041599_255	annotated	unassigned_transcript_1785	assumed_protein_coding	MM_RS08810	MM_RS08810	assumed_protein_coding	NC_003901.1	-	ATG	2041345-2041599
unassigned_transcript_1786_2041754_2042200_447	annotated	unassigned_transcript_1786	assumed_protein_coding	MM_RS08815	MM_RS08815	assumed_protein_coding	NC_003901.1	-	ATG	2041754-2042200
unassigned_transcript_1787_2042229_2044832_2604	annotated	unassigned_transcript_1787	assumed_protein_coding	MM_RS08820	MM_RS08820	assumed_protein_coding	NC_003901.1	-	ATG	2042229-2044832
unassigned_transcript_1788_2045038_2045901_864	annotated	unassigned_transcript_1788	assumed_protein_coding	MM_RS08825	MM_RS08825	assumed_protein_coding	NC_003901.1	+	ATG	2045038-2045901
unassigned_transcript_1789_2046550_2046948_399	annotated	unassigned_transcript_1789	assumed_protein_coding	MM_RS08830	MM_RS08830	assumed_protein_coding	NC_003901.1	-	ATG	2046550-2046948
unassigned_transcript_1790_2047225_2047509_285	annotated	unassigned_transcript_1790	assumed_protein_coding	MM_RS08835	MM_RS08835	assumed_protein_coding	NC_003901.1	-	ATG	2047225-2047509
unassigned_transcript_1791_2047683_2048501_819	annotated	unassigned_transcript_1791	assumed_protein_coding	MM_RS08840	MM_RS08840	assumed_protein_coding	NC_003901.1	-	ATG	2047683-2048501
unassigned_transcript_1792_2048737_2049198_462	annotated	unassigned_transcript_1792	assumed_protein_coding	MM_RS08845	MM_RS08845	assumed_protein_coding	NC_003901.1	-	ATG	2048737-2049198
unassigned_transcript_1794_2049984_2050616_633	annotated	unassigned_transcript_1794	assumed_protein_coding	MM_RS08855	MM_RS08855	assumed_protein_coding	NC_003901.1	-	ATG	2049984-2050616
unassigned_transcript_1797_2052196_2052936_741	annotated	unassigned_transcript_1797	assumed_protein_coding	MM_RS08870	MM_RS08870	assumed_protein_coding	NC_003901.1	+	ATG	2052196-2052936
unassigned_transcript_1799_2054237_2055331_1095	annotated	unassigned_transcript_1799	assumed_protein_coding	MM_RS08880	MM_RS08880	assumed_protein_coding	NC_003901.1	+	ATG	2054237-2055331
unassigned_transcript_1800_2055906_2058179_2274	annotated	unassigned_transcript_1800	assumed_protein_coding	MM_RS08885	MM_RS08885	assumed_protein_coding	NC_003901.1	+	ATG	2055906-2058179
unassigned_transcript_1801_2058363_2058869_507	annotated	unassigned_transcript_1801	assumed_protein_coding	MM_RS08890	MM_RS08890	assumed_protein_coding	NC_003901.1	+	ATG	2058363-2058869
unassigned_transcript_1802_2059333_2059740_408	annotated	unassigned_transcript_1802	assumed_protein_coding	MM_RS08895	MM_RS08895	assumed_protein_coding	NC_003901.1	+	ATG	2059333-2059740
unassigned_transcript_1803_2059785_2060597_813	annotated	unassigned_transcript_1803	assumed_protein_coding	MM_RS08900	MM_RS08900	assumed_protein_coding	NC_003901.1	-	ATG	2059785-2060597
unassigned_transcript_1804_2061261_2061473_213	annotated	unassigned_transcript_1804	assumed_protein_coding	MM_RS18395	MM_RS18395	assumed_protein_coding	NC_003901.1	+	ATG	2061261-2061473
unassigned_transcript_1805_2061719_2062894_1176	annotated	unassigned_transcript_1805	assumed_protein_coding	MM_RS08910	MM_RS08910	assumed_protein_coding	NC_003901.1	+	ATG	2061719-2062894
unassigned_transcript_1806_2062971_2063696_726	annotated	unassigned_transcript_1806	assumed_protein_coding	MM_RS08915	MM_RS08915	assumed_protein_coding	NC_003901.1	+	ATG	2062971-2063696
unassigned_transcript_1808_2064211_2064711_501	annotated	unassigned_transcript_1808	assumed_protein_coding	MM_RS08925	MM_RS08925	assumed_protein_coding	NC_003901.1	+	ATG	2064211-2064711
unassigned_transcript_1809_2064721_2064945_225	annotated	unassigned_transcript_1809	assumed_protein_coding	MM_RS08930	MM_RS08930	assumed_protein_coding	NC_003901.1	+	ATG	2064721-2064945
unassigned_transcript_1810_2064991_2065803_813	annotated	unassigned_transcript_1810	assumed_protein_coding	MM_RS08935	MM_RS08935	assumed_protein_coding	NC_003901.1	-	ATG	2064991-2065803
unassigned_transcript_1811_2066239_2067336_1098	annotated	unassigned_transcript_1811	assumed_protein_coding	MM_RS08940	MM_RS08940	assumed_protein_coding	NC_003901.1	+	ATG	2066239-2067336
unassigned_transcript_1812_2067511_2068155_645	annotated	unassigned_transcript_1812	assumed_protein_coding	MM_RS19020	MM_RS19020	assumed_protein_coding	NC_003901.1	+	ATG	2067511-2068155
unassigned_transcript_1815_2069622_2070686_1065	annotated	unassigned_transcript_1815	assumed_protein_coding	MM_RS08955	MM_RS08955	assumed_protein_coding	NC_003901.1	+	ATG	2069622-2070686
unassigned_transcript_1816_2070667_2071227_561	annotated	unassigned_transcript_1816	assumed_protein_coding	MM_RS08960	MM_RS08960	assumed_protein_coding	NC_003901.1	+	ATG	2070667-2071227
unassigned_transcript_1817_2071235_2071690_456	annotated	unassigned_transcript_1817	assumed_protein_coding	MM_RS08965	MM_RS08965	assumed_protein_coding	NC_003901.1	+	ATG	2071235-2071690
unassigned_transcript_1818_2071863_2072270_408	annotated	unassigned_transcript_1818	assumed_protein_coding	MM_RS08970	MM_RS08970	assumed_protein_coding	NC_003901.1	+	ATG	2071863-2072270
unassigned_transcript_1819_2072274_2073392_1119	annotated	unassigned_transcript_1819	assumed_protein_coding	MM_RS08975	MM_RS08975	assumed_protein_coding	NC_003901.1	+	ATG	2072274-2073392
unassigned_transcript_1820_2073444_2073851_408	annotated	unassigned_transcript_1820	assumed_protein_coding	MM_RS19030	MM_RS19030	assumed_protein_coding	NC_003901.1	+	ATG	2073444-2073851
unassigned_transcript_1821_2073897_2074709_813	annotated	unassigned_transcript_1821	assumed_protein_coding	MM_RS08985	MM_RS08985	assumed_protein_coding	NC_003901.1	-	ATG	2073897-2074709
unassigned_transcript_1822_2075146_2075682_537	annotated	unassigned_transcript_1822	assumed_protein_coding	MM_RS08990	MM_RS08990	assumed_protein_coding	NC_003901.1	+	ATG	2075146-2075682
unassigned_transcript_1823_2075699_2076316_618	annotated	unassigned_transcript_1823	assumed_protein_coding	MM_RS08995	MM_RS08995	assumed_protein_coding	NC_003901.1	+	ATG	2075699-2076316
unassigned_transcript_1824_2076486_2077940_1455	annotated	unassigned_transcript_1824	assumed_protein_coding	MM_RS09005	MM_RS09005	assumed_protein_coding	NC_003901.1	+	ATG	2076486-2077940
unassigned_transcript_1825_2078638_2079684_1047	annotated	unassigned_transcript_1825	assumed_protein_coding	MM_RS09010	MM_RS09010	assumed_protein_coding	NC_003901.1	+	ATG	2078638-2079684
unassigned_transcript_1826_2079762_2079887_126	annotated	unassigned_transcript_1826	assumed_protein_coding	MM_RS19540	MM_RS19540	assumed_protein_coding	NC_003901.1	+	ATG	2079762-2079887
unassigned_transcript_1828_2080251_2080706_456	annotated	unassigned_transcript_1828	assumed_protein_coding	MM_RS09020	MM_RS09020	assumed_protein_coding	NC_003901.1	+	ATG	2080251-2080706
unassigned_transcript_1829_2080921_2081589_669	annotated	unassigned_transcript_1829	assumed_protein_coding	MM_RS09025	MM_RS09025	assumed_protein_coding	NC_003901.1	+	ATG	2080921-2081589
unassigned_transcript_1831_2083290_2084261_972	annotated	unassigned_transcript_1831	assumed_protein_coding	MM_RS09035	MM_RS09035	assumed_protein_coding	NC_003901.1	+	ATG	2083290-2084261
unassigned_transcript_1832_2084644_2085915_1272	annotated	unassigned_transcript_1832	assumed_protein_coding	MM_RS09040	MM_RS09040	assumed_protein_coding	NC_003901.1	+	ATG	2084644-2085915
unassigned_transcript_1833_2085981_2086928_948	annotated	unassigned_transcript_1833	assumed_protein_coding	MM_RS09045	MM_RS09045	assumed_protein_coding	NC_003901.1	+	ATG	2085981-2086928
unassigned_transcript_1834_2086970_2087872_903	annotated	unassigned_transcript_1834	assumed_protein_coding	MM_RS09050	MM_RS09050	assumed_protein_coding	NC_003901.1	+	ATG	2086970-2087872
unassigned_transcript_1835_2087875_2088651_777	annotated	unassigned_transcript_1835	assumed_protein_coding	MM_RS09055	MM_RS09055	assumed_protein_coding	NC_003901.1	+	ATG	2087875-2088651
unassigned_transcript_1836_2088732_2089463_732	annotated	unassigned_transcript_1836	assumed_protein_coding	MM_RS09060	MM_RS09060	assumed_protein_coding	NC_003901.1	+	ATG	2088732-2089463
unassigned_transcript_1837_2089466_2089768_303	annotated	unassigned_transcript_1837	assumed_protein_coding	MM_RS09065	MM_RS09065	assumed_protein_coding	NC_003901.1	+	ATG	2089466-2089768
unassigned_transcript_1838_2090005_2091717_1713	annotated	unassigned_transcript_1838	assumed_protein_coding	MM_RS09070	MM_RS09070	assumed_protein_coding	NC_003901.1	+	ATG	2090005-2091717
unassigned_transcript_1839_2091797_2092897_1101	annotated	unassigned_transcript_1839	assumed_protein_coding	MM_RS09075	MM_RS09075	assumed_protein_coding	NC_003901.1	-	ATG	2091797-2092897
unassigned_transcript_1840_2093339_2094697_1359	annotated	unassigned_transcript_1840	assumed_protein_coding	MM_RS09080	MM_RS09080	assumed_protein_coding	NC_003901.1	+	ATG	2093339-2094697
unassigned_transcript_1842_2095708_2097276_1569	annotated	unassigned_transcript_1842	assumed_protein_coding	MM_RS09090	MM_RS09090	assumed_protein_coding	NC_003901.1	+	ATG	2095708-2097276
unassigned_transcript_1843_2097514_2098029_516	annotated	unassigned_transcript_1843	assumed_protein_coding	MM_RS09095	MM_RS09095	assumed_protein_coding	NC_003901.1	+	ATG	2097514-2098029
unassigned_transcript_1845_2098591_2099010_420	annotated	unassigned_transcript_1845	assumed_protein_coding	MM_RS09105	MM_RS09105	assumed_protein_coding	NC_003901.1	+	ATG	2098591-2099010
unassigned_transcript_1846_2099027_2099428_402	annotated	unassigned_transcript_1846	assumed_protein_coding	MM_RS09110	MM_RS09110	assumed_protein_coding	NC_003901.1	+	ATG	2099027-2099428
unassigned_transcript_1847_2099440_2099625_186	annotated	unassigned_transcript_1847	assumed_protein_coding	MM_RS09115	MM_RS09115	assumed_protein_coding	NC_003901.1	+	ATG	2099440-2099625
unassigned_transcript_1850_2100069_2100806_738	annotated	unassigned_transcript_1850	assumed_protein_coding	MM_RS09130	MM_RS09130	assumed_protein_coding	NC_003901.1	+	ATG	2100069-2100806
unassigned_transcript_1852_2101873_2102775_903	annotated	unassigned_transcript_1852	assumed_protein_coding	MM_RS09140	MM_RS09140	assumed_protein_coding	NC_003901.1	+	ATG	2101873-2102775
unassigned_transcript_1853_2102912_2103691_780	annotated	unassigned_transcript_1853	assumed_protein_coding	MM_RS09145	MM_RS09145	assumed_protein_coding	NC_003901.1	+	ATG	2102912-2103691
unassigned_transcript_1854_2103698_2104792_1095	annotated	unassigned_transcript_1854	assumed_protein_coding	MM_RS09150	MM_RS09150	assumed_protein_coding	NC_003901.1	+	ATG	2103698-2104792
unassigned_transcript_1855_2106303_2107643_1341	annotated	unassigned_transcript_1855	assumed_protein_coding	MM_RS09155	MM_RS09155	assumed_protein_coding	NC_003901.1	+	ATG	2106303-2107643
unassigned_transcript_1856_2107682_2108644_963	annotated	unassigned_transcript_1856	assumed_protein_coding	MM_RS09160	MM_RS09160	assumed_protein_coding	NC_003901.1	+	ATG	2107682-2108644
unassigned_transcript_1857_2108743_2109009_267	annotated	unassigned_transcript_1857	assumed_protein_coding	MM_RS09165	MM_RS09165	assumed_protein_coding	NC_003901.1	-	ATG	2108743-2109009
unassigned_transcript_1858_2109335_2110195_861	annotated	unassigned_transcript_1858	assumed_protein_coding	MM_RS09170	MM_RS09170	assumed_protein_coding	NC_003901.1	-	ATG	2109335-2110195
unassigned_transcript_1861_2115300_2115557_258	annotated	unassigned_transcript_1861	assumed_protein_coding	MM_RS09185	MM_RS09185	assumed_protein_coding	NC_003901.1	+	ATG	2115300-2115557
unassigned_transcript_1862_2115751_2116761_1011	annotated	unassigned_transcript_1862	assumed_protein_coding	MM_RS09190	MM_RS09190	assumed_protein_coding	NC_003901.1	+	ATG	2115751-2116761
unassigned_transcript_1863_2117165_2117815_651	annotated	unassigned_transcript_1863	assumed_protein_coding	MM_RS09195	MM_RS09195	assumed_protein_coding	NC_003901.1	+	ATG	2117165-2117815
unassigned_transcript_1864_2117847_2118113_267	annotated	unassigned_transcript_1864	assumed_protein_coding	MM_RS09200	MM_RS09200	assumed_protein_coding	NC_003901.1	-	ATG	2117847-2118113
unassigned_transcript_1865_2118302_2119309_1008	annotated	unassigned_transcript_1865	assumed_protein_coding	MM_RS09205	MM_RS09205	assumed_protein_coding	NC_003901.1	+	ATG	2118302-2119309
unassigned_transcript_1867_2119788_2120249_462	annotated	unassigned_transcript_1867	assumed_protein_coding	MM_RS09215	MM_RS09215	assumed_protein_coding	NC_003901.1	-	ATG	2119788-2120249
unassigned_transcript_1869_2122694_2123662_969	annotated	unassigned_transcript_1869	assumed_protein_coding	MM_RS09225	MM_RS09225	assumed_protein_coding	NC_003901.1	-	ATG	2122694-2123662
unassigned_transcript_1870_2123945_2124622_678	annotated	unassigned_transcript_1870	assumed_protein_coding	MM_RS09230	MM_RS09230	assumed_protein_coding	NC_003901.1	-	ATG	2123945-2124622
unassigned_transcript_1871_2124657_2125310_654	annotated	unassigned_transcript_1871	assumed_protein_coding	MM_RS09235	MM_RS09235	assumed_protein_coding	NC_003901.1	-	ATG	2124657-2125310
unassigned_transcript_1874_2128321_2129730_1410	annotated	unassigned_transcript_1874	assumed_protein_coding	MM_RS09250	MM_RS09250	assumed_protein_coding	NC_003901.1	+	ATG	2128321-2129730
unassigned_transcript_1875_2130127_2130309_183	annotated	unassigned_transcript_1875	assumed_protein_coding	MM_RS09255	MM_RS09255	assumed_protein_coding	NC_003901.1	-	ATG	2130127-2130309
unassigned_transcript_1878_2134345_2135775_1431	annotated	unassigned_transcript_1878	assumed_protein_coding	MM_RS09275	MM_RS09275	assumed_protein_coding	NC_003901.1	+	ATG	2134345-2135775
unassigned_transcript_1879_2135879_2136733_855	annotated	unassigned_transcript_1879	assumed_protein_coding	MM_RS09280	MM_RS09280	assumed_protein_coding	NC_003901.1	+	ATG	2135879-2136733
unassigned_transcript_1881_2138403_2139242_840	annotated	unassigned_transcript_1881	assumed_protein_coding	MM_RS09290	MM_RS09290	assumed_protein_coding	NC_003901.1	+	ATG	2138403-2139242
unassigned_transcript_1882_2139329_2139937_609	annotated	unassigned_transcript_1882	assumed_protein_coding	MM_RS09295	MM_RS09295	assumed_protein_coding	NC_003901.1	+	ATG	2139329-2139937
unassigned_transcript_1883_2140066_2140281_216	annotated	unassigned_transcript_1883	assumed_protein_coding	MM_RS09300	MM_RS09300	assumed_protein_coding	NC_003901.1	-	ATG	2140066-2140281
unassigned_transcript_1884_2140869_2141258_390	annotated	unassigned_transcript_1884	assumed_protein_coding	MM_RS09305	MM_RS09305	assumed_protein_coding	NC_003901.1	+	ATG	2140869-2141258
unassigned_transcript_1885_2141417_2143969_2553	annotated	unassigned_transcript_1885	assumed_protein_coding	MM_RS09310	MM_RS09310	assumed_protein_coding	NC_003901.1	+	ATG	2141417-2143969
unassigned_transcript_1886_2144054_2145190_1137	annotated	unassigned_transcript_1886	assumed_protein_coding	MM_RS09315	MM_RS09315	assumed_protein_coding	NC_003901.1	-	ATG	2144054-2145190
unassigned_transcript_1887_2145311_2145715_405	annotated	unassigned_transcript_1887	assumed_protein_coding	MM_RS09320	MM_RS09320	assumed_protein_coding	NC_003901.1	-	ATG	2145311-2145715
unassigned_transcript_1888_2145972_2146247_276	annotated	unassigned_transcript_1888	assumed_protein_coding	MM_RS09325	MM_RS09325	assumed_protein_coding	NC_003901.1	+	ATG	2145972-2146247
unassigned_transcript_1889_2146398_2148005_1608	annotated	unassigned_transcript_1889	assumed_protein_coding	MM_RS09330	MM_RS09330	assumed_protein_coding	NC_003901.1	+	ATG	2146398-2148005
unassigned_transcript_1890_2148274_2149098_825	annotated	unassigned_transcript_1890	assumed_protein_coding	MM_RS09335	MM_RS09335	assumed_protein_coding	NC_003901.1	+	ATG	2148274-2149098
unassigned_transcript_1891_2149379_2150095_717	annotated	unassigned_transcript_1891	assumed_protein_coding	MM_RS09340	MM_RS09340	assumed_protein_coding	NC_003901.1	+	ATG	2149379-2150095
unassigned_transcript_1892_2150204_2150842_639	annotated	unassigned_transcript_1892	assumed_protein_coding	MM_RS09345	MM_RS09345	assumed_protein_coding	NC_003901.1	+	ATG	2150204-2150842
unassigned_transcript_1893_2151057_2152238_1182	annotated	unassigned_transcript_1893	assumed_protein_coding	MM_RS09350	MM_RS09350	assumed_protein_coding	NC_003901.1	+	ATG	2151057-2152238
unassigned_transcript_1896_2153894_2154382_489	annotated	unassigned_transcript_1896	assumed_protein_coding	MM_RS09365	MM_RS09365	assumed_protein_coding	NC_003901.1	-	ATG	2153894-2154382
unassigned_transcript_1898_2154935_2156335_1401	annotated	unassigned_transcript_1898	assumed_protein_coding	MM_RS09375	MM_RS09375	assumed_protein_coding	NC_003901.1	-	ATG	2154935-2156335
unassigned_transcript_1899_2156442_2157209_768	annotated	unassigned_transcript_1899	assumed_protein_coding	MM_RS09380	MM_RS09380	assumed_protein_coding	NC_003901.1	-	ATG	2156442-2157209
unassigned_transcript_1901_2157383_2158186_804	annotated	unassigned_transcript_1901	assumed_protein_coding	MM_RS09385	MM_RS09385	assumed_protein_coding	NC_003901.1	-	ATG	2157383-2158186
unassigned_transcript_1902_2158262_2158447_186	annotated	unassigned_transcript_1902	assumed_protein_coding	MM_RS09390	MM_RS09390	assumed_protein_coding	NC_003901.1	-	ATG	2158262-2158447
unassigned_transcript_1903_2158457_2158732_276	annotated	unassigned_transcript_1903	assumed_protein_coding	MM_RS09395	MM_RS09395	assumed_protein_coding	NC_003901.1	-	ATG	2158457-2158732
unassigned_transcript_1904_2159123_2159845_723	annotated	unassigned_transcript_1904	assumed_protein_coding	MM_RS09400	MM_RS09400	assumed_protein_coding	NC_003901.1	-	ATG	2159123-2159845
unassigned_transcript_1905_2159814_2161055_1242	annotated	unassigned_transcript_1905	assumed_protein_coding	MM_RS09405	MM_RS09405	assumed_protein_coding	NC_003901.1	-	ATG	2159814-2161055
unassigned_transcript_1907_2162571_2164907_2337	annotated	unassigned_transcript_1907	assumed_protein_coding	MM_RS09415	MM_RS09415	assumed_protein_coding	NC_003901.1	+	ATG	2162571-2164907
unassigned_transcript_1908_2164907_2165956_1050	annotated	unassigned_transcript_1908	assumed_protein_coding	MM_RS09420	MM_RS09420	assumed_protein_coding	NC_003901.1	+	ATG	2164907-2165956
unassigned_transcript_1909_2166356_2167630_1275	annotated	unassigned_transcript_1909	assumed_protein_coding	MM_RS09425	MM_RS09425	assumed_protein_coding	NC_003901.1	+	ATG	2166356-2167630
unassigned_transcript_1910_2168261_2168977_717	annotated	unassigned_transcript_1910	assumed_protein_coding	MM_RS09430	MM_RS09430	assumed_protein_coding	NC_003901.1	-	ATG	2168261-2168977
unassigned_transcript_1911_2169141_2170013_873	annotated	unassigned_transcript_1911	assumed_protein_coding	MM_RS09435	MM_RS09435	assumed_protein_coding	NC_003901.1	-	ATG	2169141-2170013
unassigned_transcript_1912_2170157_2171458_1302	annotated	unassigned_transcript_1912	assumed_protein_coding	MM_RS09440	MM_RS09440	assumed_protein_coding	NC_003901.1	+	ATG	2170157-2171458
unassigned_transcript_1913_2172057_2172611_555	annotated	unassigned_transcript_1913	assumed_protein_coding	MM_RS09445	MM_RS09445	assumed_protein_coding	NC_003901.1	+	ATG	2172057-2172611
unassigned_transcript_1914_2172947_2173948_1002	annotated	unassigned_transcript_1914	assumed_protein_coding	MM_RS09450	MM_RS09450	assumed_protein_coding	NC_003901.1	+	ATG	2172947-2173948
unassigned_transcript_1915_2174204_2174713_510	annotated	unassigned_transcript_1915	assumed_protein_coding	MM_RS09455	MM_RS09455	assumed_protein_coding	NC_003901.1	+	ATG	2174204-2174713
unassigned_transcript_1916_2174928_2175188_261	annotated	unassigned_transcript_1916	assumed_protein_coding	MM_RS09460	MM_RS09460	assumed_protein_coding	NC_003901.1	+	ATG	2174928-2175188
unassigned_transcript_1917_2175270_2175479_210	annotated	unassigned_transcript_1917	assumed_protein_coding	MM_RS09465	MM_RS09465	assumed_protein_coding	NC_003901.1	-	ATG	2175270-2175479
unassigned_transcript_1918_2175835_2176797_963	annotated	unassigned_transcript_1918	assumed_protein_coding	MM_RS09470	MM_RS09470	assumed_protein_coding	NC_003901.1	+	ATG	2175835-2176797
unassigned_transcript_1919_2177306_2179024_1719	annotated	unassigned_transcript_1919	assumed_protein_coding	MM_RS09475	MM_RS09475	assumed_protein_coding	NC_003901.1	+	ATG	2177306-2179024
unassigned_transcript_1920_2179050_2180528_1479	annotated	unassigned_transcript_1920	assumed_protein_coding	MM_RS09480	MM_RS09480	assumed_protein_coding	NC_003901.1	+	ATG	2179050-2180528
unassigned_transcript_1921_2180649_2181623_975	annotated	unassigned_transcript_1921	assumed_protein_coding	MM_RS09485	MM_RS09485	assumed_protein_coding	NC_003901.1	+	ATG	2180649-2181623
unassigned_transcript_1924_2182865_2184295_1431	annotated	unassigned_transcript_1924	assumed_protein_coding	MM_RS09505	MM_RS09505	assumed_protein_coding	NC_003901.1	+	ATG	2182865-2184295
unassigned_transcript_1925_2184316_2185275_960	annotated	unassigned_transcript_1925	assumed_protein_coding	MM_RS09510	MM_RS09510	assumed_protein_coding	NC_003901.1	-	ATG	2184316-2185275
unassigned_transcript_1927_2186063_2186350_288	annotated	unassigned_transcript_1927	assumed_protein_coding	MM_RS09520	MM_RS09520	assumed_protein_coding	NC_003901.1	-	ATG	2186063-2186350
unassigned_transcript_1928_2186500_2188602_2103	annotated	unassigned_transcript_1928	assumed_protein_coding	MM_RS09525	MM_RS09525	assumed_protein_coding	NC_003901.1	-	ATG	2186500-2188602
unassigned_transcript_1930_2189521_2189715_195	annotated	unassigned_transcript_1930	assumed_protein_coding	MM_RS09535	MM_RS09535	assumed_protein_coding	NC_003901.1	-	ATG	2189521-2189715
unassigned_transcript_1931_2190407_2191678_1272	annotated	unassigned_transcript_1931	assumed_protein_coding	MM_RS17850	MM_RS17850	assumed_protein_coding	NC_003901.1	+	ATG	2190407-2191678
unassigned_transcript_1932_2191714_2192718_1005	annotated	unassigned_transcript_1932	assumed_protein_coding	MM_RS09540	MM_RS09540	assumed_protein_coding	NC_003901.1	+	ATG	2191714-2192718
unassigned_transcript_1933_2193716_2194387_672	annotated	unassigned_transcript_1933	assumed_protein_coding	MM_RS09545	MM_RS09545	assumed_protein_coding	NC_003901.1	+	ATG	2193716-2194387
unassigned_transcript_1934_2195032_2195808_777	annotated	unassigned_transcript_1934	assumed_protein_coding	MM_RS09550	MM_RS09550	assumed_protein_coding	NC_003901.1	+	ATG	2195032-2195808
unassigned_transcript_1935_2195813_2197039_1227	annotated	unassigned_transcript_1935	assumed_protein_coding	MM_RS09555	MM_RS09555	assumed_protein_coding	NC_003901.1	+	ATG	2195813-2197039
unassigned_transcript_1936_2197153_2197785_633	annotated	unassigned_transcript_1936	assumed_protein_coding	MM_RS09560	MM_RS09560	assumed_protein_coding	NC_003901.1	+	ATG	2197153-2197785
unassigned_transcript_1937_2197781_2198401_621	annotated	unassigned_transcript_1937	assumed_protein_coding	MM_RS09565	MM_RS09565	assumed_protein_coding	NC_003901.1	+	ATG	2197781-2198401
unassigned_transcript_1938_2198571_2199566_996	annotated	unassigned_transcript_1938	assumed_protein_coding	MM_RS09570	MM_RS09570	assumed_protein_coding	NC_003901.1	+	ATG	2198571-2199566
unassigned_transcript_1939_2199946_2201112_1167	annotated	unassigned_transcript_1939	assumed_protein_coding	MM_RS09580	MM_RS09580	assumed_protein_coding	NC_003901.1	+	ATG	2199946-2201112
unassigned_transcript_1941_2201973_2203109_1137	annotated	unassigned_transcript_1941	assumed_protein_coding	MM_RS09590	MM_RS09590	assumed_protein_coding	NC_003901.1	+	ATG	2201973-2203109
unassigned_transcript_1942_2203099_2204151_1053	annotated	unassigned_transcript_1942	assumed_protein_coding	MM_RS09595	MM_RS09595	assumed_protein_coding	NC_003901.1	+	ATG	2203099-2204151
unassigned_transcript_1944_2204860_2205576_717	annotated	unassigned_transcript_1944	assumed_protein_coding	MM_RS09605	MM_RS09605	assumed_protein_coding	NC_003901.1	+	ATG	2204860-2205576
unassigned_transcript_1946_2206509_2207459_951	annotated	unassigned_transcript_1946	assumed_protein_coding	MM_RS09615	MM_RS09615	assumed_protein_coding	NC_003901.1	-	ATG	2206509-2207459
unassigned_transcript_1947_2207459_2208424_966	annotated	unassigned_transcript_1947	assumed_protein_coding	MM_RS09620	MM_RS09620	assumed_protein_coding	NC_003901.1	-	ATG	2207459-2208424
unassigned_transcript_1948_2208424_2209368_945	annotated	unassigned_transcript_1948	assumed_protein_coding	MM_RS09625	MM_RS09625	assumed_protein_coding	NC_003901.1	-	ATG	2208424-2209368
unassigned_transcript_1950_2211997_2212935_939	annotated	unassigned_transcript_1950	assumed_protein_coding	MM_RS09635	MM_RS09635	assumed_protein_coding	NC_003901.1	-	ATG	2211997-2212935
unassigned_transcript_1951_2213349_2213843_495	annotated	unassigned_transcript_1951	assumed_protein_coding	MM_RS09640	MM_RS09640	assumed_protein_coding	NC_003901.1	+	ATG	2213349-2213843
unassigned_transcript_1952_2214090_2215295_1206	annotated	unassigned_transcript_1952	assumed_protein_coding	MM_RS09645	MM_RS09645	assumed_protein_coding	NC_003901.1	-	ATG	2214090-2215295
unassigned_transcript_1953_2215315_2215782_468	annotated	unassigned_transcript_1953	assumed_protein_coding	MM_RS09650	MM_RS09650	assumed_protein_coding	NC_003901.1	-	ATG	2215315-2215782
unassigned_transcript_1954_2216049_2216543_495	annotated	unassigned_transcript_1954	assumed_protein_coding	MM_RS09655	MM_RS09655	assumed_protein_coding	NC_003901.1	+	ATG	2216049-2216543
unassigned_transcript_1956_2217373_2218254_882	annotated	unassigned_transcript_1956	assumed_protein_coding	MM_RS09665	MM_RS09665	assumed_protein_coding	NC_003901.1	-	ATG	2217373-2218254
unassigned_transcript_1957_2218886_2219122_237	annotated	unassigned_transcript_1957	assumed_protein_coding	MM_RS09675	MM_RS09675	assumed_protein_coding	NC_003901.1	-	ATG	2218886-2219122
unassigned_transcript_1958_2219327_2220673_1347	annotated	unassigned_transcript_1958	assumed_protein_coding	MM_RS09680	MM_RS09680	assumed_protein_coding	NC_003901.1	+	ATG	2219327-2220673
unassigned_transcript_1959_2220666_2222822_2157	annotated	unassigned_transcript_1959	assumed_protein_coding	MM_RS09685	MM_RS09685	assumed_protein_coding	NC_003901.1	+	ATG	2220666-2222822
unassigned_transcript_1961_2224586_2225167_582	annotated	unassigned_transcript_1961	assumed_protein_coding	MM_RS09700	MM_RS09700	assumed_protein_coding	NC_003901.1	-	ATG	2224586-2225167
unassigned_transcript_1963_2225556_2226770_1215	annotated	unassigned_transcript_1963	assumed_protein_coding	MM_RS09710	MM_RS09710	assumed_protein_coding	NC_003901.1	-	ATG	2225556-2226770
unassigned_transcript_1964_2226908_2227816_909	annotated	unassigned_transcript_1964	assumed_protein_coding	MM_RS09715	MM_RS09715	assumed_protein_coding	NC_003901.1	+	ATG	2226908-2227816
unassigned_transcript_1965_2228317_2230440_2124	annotated	unassigned_transcript_1965	assumed_protein_coding	MM_RS09720	MM_RS09720	assumed_protein_coding	NC_003901.1	+	ATG	2228317-2230440
unassigned_transcript_1966_2230892_2231458_567	annotated	unassigned_transcript_1966	assumed_protein_coding	MM_RS09725	MM_RS09725	assumed_protein_coding	NC_003901.1	+	ATG	2230892-2231458
unassigned_transcript_1967_2231442_2232446_1005	annotated	unassigned_transcript_1967	assumed_protein_coding	MM_RS09730	MM_RS09730	assumed_protein_coding	NC_003901.1	+	ATG	2231442-2232446
unassigned_transcript_1968_2232533_2233123_591	annotated	unassigned_transcript_1968	assumed_protein_coding	MM_RS09735	MM_RS09735	assumed_protein_coding	NC_003901.1	+	ATG	2232533-2233123
unassigned_transcript_1969_2233429_2234376_948	annotated	unassigned_transcript_1969	assumed_protein_coding	MM_RS09740	MM_RS09740	assumed_protein_coding	NC_003901.1	+	ATG	2233429-2234376
unassigned_transcript_1971_2235058_2236215_1158	annotated	unassigned_transcript_1971	assumed_protein_coding	MM_RS09750	MM_RS09750	assumed_protein_coding	NC_003901.1	+	ATG	2235058-2236215
unassigned_transcript_1972_2236387_2236722_336	annotated	unassigned_transcript_1972	assumed_protein_coding	MM_RS09755	MM_RS09755	assumed_protein_coding	NC_003901.1	-	ATG	2236387-2236722
unassigned_transcript_1973_2236960_2237511_552	annotated	unassigned_transcript_1973	assumed_protein_coding	MM_RS09760	MM_RS09760	assumed_protein_coding	NC_003901.1	+	ATG	2236960-2237511
unassigned_transcript_1975_2238535_2239794_1260	annotated	unassigned_transcript_1975	assumed_protein_coding	MM_RS09770	MM_RS09770	assumed_protein_coding	NC_003901.1	-	ATG	2238535-2239794
unassigned_transcript_1977_2241322_2241990_669	annotated	unassigned_transcript_1977	assumed_protein_coding	MM_RS09780	MM_RS09780	assumed_protein_coding	NC_003901.1	+	ATG	2241322-2241990
unassigned_transcript_1978_2242220_2243845_1626	annotated	unassigned_transcript_1978	assumed_protein_coding	MM_RS09785	MM_RS09785	assumed_protein_coding	NC_003901.1	-	ATG	2242220-2243845
unassigned_transcript_1979_2244086_2244706_621	annotated	unassigned_transcript_1979	assumed_protein_coding	MM_RS09790	MM_RS09790	assumed_protein_coding	NC_003901.1	+	ATG	2244086-2244706
unassigned_transcript_1981_2245855_2247156_1302	annotated	unassigned_transcript_1981	assumed_protein_coding	MM_RS09800	MM_RS09800	assumed_protein_coding	NC_003901.1	-	ATG	2245855-2247156
unassigned_transcript_1982_2247368_2248903_1536	annotated	unassigned_transcript_1982	assumed_protein_coding	MM_RS09805	MM_RS09805	assumed_protein_coding	NC_003901.1	-	ATG	2247368-2248903
unassigned_transcript_1983_2249073_2250389_1317	annotated	unassigned_transcript_1983	assumed_protein_coding	MM_RS09810	MM_RS09810	assumed_protein_coding	NC_003901.1	-	ATG	2249073-2250389
unassigned_transcript_1985_2252877_2254616_1740	annotated	unassigned_transcript_1985	assumed_protein_coding	MM_RS09830	MM_RS09830	assumed_protein_coding	NC_003901.1	-	ATG	2252877-2254616
unassigned_transcript_1987_2255050_2255508_459	annotated	unassigned_transcript_1987	assumed_protein_coding	MM_RS09840	MM_RS09840	assumed_protein_coding	NC_003901.1	-	ATG	2255050-2255508
unassigned_transcript_1988_2256192_2258156_1965	annotated	unassigned_transcript_1988	assumed_protein_coding	MM_RS09845	MM_RS09845	assumed_protein_coding	NC_003901.1	+	ATG	2256192-2258156
unassigned_transcript_1989_2258648_2259412_765	annotated	unassigned_transcript_1989	assumed_protein_coding	MM_RS09850	MM_RS09850	assumed_protein_coding	NC_003901.1	+	ATG	2258648-2259412
unassigned_transcript_1990_2259487_2259735_249	annotated	unassigned_transcript_1990	assumed_protein_coding	MM_RS09855	MM_RS09855	assumed_protein_coding	NC_003901.1	-	ATG	2259487-2259735
unassigned_transcript_1992_2261021_2261419_399	annotated	unassigned_transcript_1992	assumed_protein_coding	MM_RS09865	MM_RS09865	assumed_protein_coding	NC_003901.1	+	ATG	2261021-2261419
unassigned_transcript_1996_2263733_2263906_174	annotated	unassigned_transcript_1996	assumed_protein_coding	MM_RS18415	MM_RS18415	assumed_protein_coding	NC_003901.1	-	ATG	2263733-2263906
unassigned_transcript_1997_2263906_2264397_492	annotated	unassigned_transcript_1997	assumed_protein_coding	MM_RS09885	MM_RS09885	assumed_protein_coding	NC_003901.1	-	ATG	2263906-2264397
unassigned_transcript_1998_2264620_2264991_372	annotated	unassigned_transcript_1998	assumed_protein_coding	MM_RS09890	MM_RS09890	assumed_protein_coding	NC_003901.1	+	ATG	2264620-2264991
unassigned_transcript_1999_2265183_2265722_540	annotated	unassigned_transcript_1999	assumed_protein_coding	MM_RS09895	MM_RS09895	assumed_protein_coding	NC_003901.1	-	ATG	2265183-2265722
unassigned_transcript_2000_2265899_2266555_657	annotated	unassigned_transcript_2000	assumed_protein_coding	MM_RS17505	MM_RS17505	assumed_protein_coding	NC_003901.1	+	ATG	2265899-2266555
unassigned_transcript_2001_2266870_2268882_2013	annotated	unassigned_transcript_2001	assumed_protein_coding	MM_RS09905	MM_RS09905	assumed_protein_coding	NC_003901.1	+	ATG	2266870-2268882
unassigned_transcript_2002_2268979_2269569_591	annotated	unassigned_transcript_2002	assumed_protein_coding	MM_RS09910	MM_RS09910	assumed_protein_coding	NC_003901.1	+	ATG	2268979-2269569
unassigned_transcript_2003_2269793_2271211_1419	annotated	unassigned_transcript_2003	assumed_protein_coding	MM_RS09915	MM_RS09915	assumed_protein_coding	NC_003901.1	+	ATG	2269793-2271211
unassigned_transcript_2004_2271335_2271736_402	annotated	unassigned_transcript_2004	assumed_protein_coding	MM_RS09920	MM_RS09920	assumed_protein_coding	NC_003901.1	+	ATG	2271335-2271736
unassigned_transcript_2005_2271899_2272813_915	annotated	unassigned_transcript_2005	assumed_protein_coding	MM_RS09925	MM_RS09925	assumed_protein_coding	NC_003901.1	+	ATG	2271899-2272813
unassigned_transcript_2006_2273206_2274060_855	annotated	unassigned_transcript_2006	assumed_protein_coding	MM_RS09930	MM_RS09930	assumed_protein_coding	NC_003901.1	+	ATG	2273206-2274060
unassigned_transcript_2008_2276788_2278320_1533	annotated	unassigned_transcript_2008	assumed_protein_coding	MM_RS09940	MM_RS09940	assumed_protein_coding	NC_003901.1	+	ATG	2276788-2278320
unassigned_transcript_2009_2278643_2281534_2892	annotated	unassigned_transcript_2009	assumed_protein_coding	MM_RS09945	MM_RS09945	assumed_protein_coding	NC_003901.1	+	ATG	2278643-2281534
unassigned_transcript_2010_2281768_2284584_2817	annotated	unassigned_transcript_2010	assumed_protein_coding	MM_RS09950	MM_RS09950	assumed_protein_coding	NC_003901.1	-	ATG	2281768-2284584
unassigned_transcript_2011_2284856_2285017_162	annotated	unassigned_transcript_2011	assumed_protein_coding	MM_RS17855	MM_RS17855	assumed_protein_coding	NC_003901.1	+	ATG	2284856-2285017
unassigned_transcript_2012_2285335_2285622_288	annotated	unassigned_transcript_2012	assumed_protein_coding	MM_RS09955	MM_RS09955	assumed_protein_coding	NC_003901.1	+	ATG	2285335-2285622
unassigned_transcript_2013_2285711_2286046_336	annotated	unassigned_transcript_2013	assumed_protein_coding	MM_RS09960	MM_RS09960	assumed_protein_coding	NC_003901.1	-	ATG	2285711-2286046
unassigned_transcript_2014_2286072_2286560_489	annotated	unassigned_transcript_2014	assumed_protein_coding	MM_RS09965	MM_RS09965	assumed_protein_coding	NC_003901.1	-	ATG	2286072-2286560
unassigned_transcript_2015_2286793_2287092_300	annotated	unassigned_transcript_2015	assumed_protein_coding	MM_RS09970	MM_RS09970	assumed_protein_coding	NC_003901.1	+	ATG	2286793-2287092
unassigned_transcript_2016_2287306_2287530_225	annotated	unassigned_transcript_2016	assumed_protein_coding	MM_RS09975	MM_RS09975	assumed_protein_coding	NC_003901.1	+	ATG	2287306-2287530
unassigned_transcript_2017_2287530_2287760_231	annotated	unassigned_transcript_2017	assumed_protein_coding	MM_RS09980	MM_RS09980	assumed_protein_coding	NC_003901.1	+	ATG	2287530-2287760
unassigned_transcript_2018_2288013_2288402_390	annotated	unassigned_transcript_2018	assumed_protein_coding	MM_RS09985	MM_RS09985	assumed_protein_coding	NC_003901.1	-	ATG	2288013-2288402
unassigned_transcript_2019_2288844_2289224_381	annotated	unassigned_transcript_2019	assumed_protein_coding	MM_RS09990	MM_RS09990	assumed_protein_coding	NC_003901.1	-	ATG	2288844-2289224
unassigned_transcript_2020_2289304_2289471_168	annotated	unassigned_transcript_2020	assumed_protein_coding	MM_RS18420	MM_RS18420	assumed_protein_coding	NC_003901.1	-	ATG	2289304-2289471
unassigned_transcript_2022_2290590_2293172_2583	annotated	unassigned_transcript_2022	assumed_protein_coding	MM_RS10000	MM_RS10000	assumed_protein_coding	NC_003901.1	+	ATG	2290590-2293172
unassigned_transcript_2023_2293205_2293735_531	annotated	unassigned_transcript_2023	assumed_protein_coding	MM_RS10005	MM_RS10005	assumed_protein_coding	NC_003901.1	-	ATG	2293205-2293735
unassigned_transcript_2024_2294319_2295374_1056	annotated	unassigned_transcript_2024	assumed_protein_coding	MM_RS10010	MM_RS10010	assumed_protein_coding	NC_003901.1	+	ATG	2294319-2295374
unassigned_transcript_2026_2298295_2300016_1722	annotated	unassigned_transcript_2026	assumed_protein_coding	MM_RS10020	MM_RS10020	assumed_protein_coding	NC_003901.1	+	ATG	2298295-2300016
unassigned_transcript_2027_2300198_2301220_1023	annotated	unassigned_transcript_2027	assumed_protein_coding	MM_RS10025	MM_RS10025	assumed_protein_coding	NC_003901.1	+	ATG	2300198-2301220
unassigned_transcript_2028_2301263_2302192_930	annotated	unassigned_transcript_2028	assumed_protein_coding	MM_RS10030	MM_RS10030	assumed_protein_coding	NC_003901.1	-	ATG	2301263-2302192
unassigned_transcript_2030_2303154_2304011_858	annotated	unassigned_transcript_2030	assumed_protein_coding	MM_RS10040	MM_RS10040	assumed_protein_coding	NC_003901.1	-	ATG	2303154-2304011
unassigned_transcript_2033_2306482_2306889_408	annotated	unassigned_transcript_2033	assumed_protein_coding	MM_RS19185	MM_RS19185	assumed_protein_coding	NC_003901.1	+	ATG	2306482-2306889
unassigned_transcript_2034_2307683_2308534_852	annotated	unassigned_transcript_2034	assumed_protein_coding	MM_RS10060	MM_RS10060	assumed_protein_coding	NC_003901.1	+	ATG	2307683-2308534
unassigned_transcript_2037_2310451_2311341_891	annotated	unassigned_transcript_2037	assumed_protein_coding	MM_RS10075	MM_RS10075	assumed_protein_coding	NC_003901.1	+	ATG	2310451-2311341
unassigned_transcript_2038_2311562_2312389_828	annotated	unassigned_transcript_2038	assumed_protein_coding	MM_RS10080	MM_RS10080	assumed_protein_coding	NC_003901.1	+	ATG	2311562-2312389
unassigned_transcript_2039_2312459_2313436_978	annotated	unassigned_transcript_2039	assumed_protein_coding	MM_RS10085	MM_RS10085	assumed_protein_coding	NC_003901.1	+	ATG	2312459-2313436
unassigned_transcript_2040_2313531_2313851_321	annotated	unassigned_transcript_2040	assumed_protein_coding	MM_RS10090	MM_RS10090	assumed_protein_coding	NC_003901.1	-	ATG	2313531-2313851
unassigned_transcript_2043_2316651_2317775_1125	annotated	unassigned_transcript_2043	assumed_protein_coding	MM_RS10105	MM_RS10105	assumed_protein_coding	NC_003901.1	+	ATG	2316651-2317775
unassigned_transcript_2044_2318104_2318901_798	annotated	unassigned_transcript_2044	assumed_protein_coding	MM_RS10110	MM_RS10110	assumed_protein_coding	NC_003901.1	-	ATG	2318104-2318901
unassigned_transcript_2045_2319473_2321602_2130	annotated	unassigned_transcript_2045	assumed_protein_coding	MM_RS10115	MM_RS10115	assumed_protein_coding	NC_003901.1	+	ATG	2319473-2321602
unassigned_transcript_2046_2322135_2322329_195	annotated	unassigned_transcript_2046	assumed_protein_coding	MM_RS10120	MM_RS10120	assumed_protein_coding	NC_003901.1	-	ATG	2322135-2322329
unassigned_transcript_2047_2322995_2324168_1174	annotated	unassigned_transcript_2047	assumed_protein_coding	MM_RS10125	MM_RS10125	assumed_protein_coding	NC_003901.1	+	ATG	2322995-2324168
unassigned_transcript_2048_2324246_2324902_657	annotated	unassigned_transcript_2048	assumed_protein_coding	MM_RS10130	MM_RS10130	assumed_protein_coding	NC_003901.1	-	ATG	2324246-2324902
unassigned_transcript_2049_2324972_2326123_1152	annotated	unassigned_transcript_2049	assumed_protein_coding	MM_RS10135	MM_RS10135	assumed_protein_coding	NC_003901.1	-	ATG	2324972-2326123
unassigned_transcript_2050_2326432_2326848_417	annotated	unassigned_transcript_2050	assumed_protein_coding	MM_RS10140	MM_RS10140	assumed_protein_coding	NC_003901.1	-	ATG	2326432-2326848
unassigned_transcript_2052_2327244_2327696_453	annotated	unassigned_transcript_2052	assumed_protein_coding	MM_RS10150	MM_RS10150	assumed_protein_coding	NC_003901.1	-	ATG	2327244-2327696
unassigned_transcript_2053_2327857_2328165_309	annotated	unassigned_transcript_2053	assumed_protein_coding	MM_RS10155	MM_RS10155	assumed_protein_coding	NC_003901.1	+	ATG	2327857-2328165
unassigned_transcript_2054_2328444_2328788_345	annotated	unassigned_transcript_2054	assumed_protein_coding	MM_RS10160	MM_RS10160	assumed_protein_coding	NC_003901.1	+	ATG	2328444-2328788
unassigned_transcript_2056_2331604_2332773_1170	annotated	unassigned_transcript_2056	assumed_protein_coding	MM_RS10170	MM_RS10170	assumed_protein_coding	NC_003901.1	-	ATG	2331604-2332773
unassigned_transcript_2057_2332950_2333900_951	annotated	unassigned_transcript_2057	assumed_protein_coding	MM_RS10175	MM_RS10175	assumed_protein_coding	NC_003901.1	-	ATG	2332950-2333900
unassigned_transcript_2058_2333942_2334670_729	annotated	unassigned_transcript_2058	assumed_protein_coding	MM_RS10180	MM_RS10180	assumed_protein_coding	NC_003901.1	-	ATG	2333942-2334670
unassigned_transcript_2059_2334694_2334948_255	annotated	unassigned_transcript_2059	assumed_protein_coding	MM_RS10185	MM_RS10185	assumed_protein_coding	NC_003901.1	-	ATG	2334694-2334948
unassigned_transcript_2060_2335664_2336584_921	annotated	unassigned_transcript_2060	assumed_protein_coding	MM_RS10190	MM_RS10190	assumed_protein_coding	NC_003901.1	-	ATG	2335664-2336584
unassigned_transcript_2061_2337049_2337795_747	annotated	unassigned_transcript_2061	assumed_protein_coding	MM_RS10195	MM_RS10195	assumed_protein_coding	NC_003901.1	+	ATG	2337049-2337795
unassigned_transcript_2062_2338029_2338766_738	annotated	unassigned_transcript_2062	assumed_protein_coding	MM_RS10200	MM_RS10200	assumed_protein_coding	NC_003901.1	+	ATG	2338029-2338766
unassigned_transcript_2063_2338990_2339745_756	annotated	unassigned_transcript_2063	assumed_protein_coding	MM_RS10205	MM_RS10205	assumed_protein_coding	NC_003901.1	+	ATG	2338990-2339745
unassigned_transcript_2064_2339889_2341286_1398	annotated	unassigned_transcript_2064	assumed_protein_coding	MM_RS10210	MM_RS10210	assumed_protein_coding	NC_003901.1	-	ATG	2339889-2341286
unassigned_transcript_2066_2342239_2342631_393	annotated	unassigned_transcript_2066	assumed_protein_coding	MM_RS10220	MM_RS10220	assumed_protein_coding	NC_003901.1	-	ATG	2342239-2342631
unassigned_transcript_2067_2344106_2345746_1641	annotated	unassigned_transcript_2067	assumed_protein_coding	MM_RS10225	MM_RS10225	assumed_protein_coding	NC_003901.1	-	ATG	2344106-2345746
unassigned_transcript_2069_2347826_2349832_2007	annotated	unassigned_transcript_2069	assumed_protein_coding	MM_RS10235	MM_RS10235	assumed_protein_coding	NC_003901.1	+	ATG	2347826-2349832
unassigned_transcript_2070_2350005_2350580_576	annotated	unassigned_transcript_2070	assumed_protein_coding	MM_RS10240	MM_RS10240	assumed_protein_coding	NC_003901.1	+	ATG	2350005-2350580
unassigned_transcript_2071_2350890_2351645_756	annotated	unassigned_transcript_2071	assumed_protein_coding	MM_RS10245	MM_RS10245	assumed_protein_coding	NC_003901.1	-	ATG	2350890-2351645
unassigned_transcript_2072_2351649_2353364_1716	annotated	unassigned_transcript_2072	assumed_protein_coding	MM_RS10250	MM_RS10250	assumed_protein_coding	NC_003901.1	-	ATG	2351649-2353364
unassigned_transcript_2073_2353369_2354670_1302	annotated	unassigned_transcript_2073	assumed_protein_coding	MM_RS10255	MM_RS10255	assumed_protein_coding	NC_003901.1	-	ATG	2353369-2354670
unassigned_transcript_2074_2354749_2355129_381	annotated	unassigned_transcript_2074	assumed_protein_coding	MM_RS10260	MM_RS10260	assumed_protein_coding	NC_003901.1	-	ATG	2354749-2355129
unassigned_transcript_2076_2356481_2358250_1770	annotated	unassigned_transcript_2076	assumed_protein_coding	MM_RS10270	MM_RS10270	assumed_protein_coding	NC_003901.1	+	ATG	2356481-2358250
unassigned_transcript_2077_2358577_2363592_5016	annotated	unassigned_transcript_2077	assumed_protein_coding	MM_RS10275	MM_RS10275	assumed_protein_coding	NC_003901.1	+	ATG	2358577-2363592
unassigned_transcript_2078_2364161_2364604_444	annotated	unassigned_transcript_2078	assumed_protein_coding	MM_RS10280	MM_RS10280	assumed_protein_coding	NC_003901.1	+	ATG	2364161-2364604
unassigned_transcript_2079_2364814_2365278_465	annotated	unassigned_transcript_2079	assumed_protein_coding	MM_RS10285	MM_RS10285	assumed_protein_coding	NC_003901.1	+	ATG	2364814-2365278
unassigned_transcript_2081_2366734_2366955_222	annotated	unassigned_transcript_2081	assumed_protein_coding	MM_RS10295	MM_RS10295	assumed_protein_coding	NC_003901.1	-	ATG	2366734-2366955
unassigned_transcript_2084_2368294_2368608_315	annotated	unassigned_transcript_2084	assumed_protein_coding	MM_RS10310	MM_RS10310	assumed_protein_coding	NC_003901.1	-	ATG	2368294-2368608
unassigned_transcript_2085_2368613_2369446_834	annotated	unassigned_transcript_2085	assumed_protein_coding	MM_RS10315	MM_RS10315	assumed_protein_coding	NC_003901.1	-	ATG	2368613-2369446
unassigned_transcript_2086_2369637_2370422_786	annotated	unassigned_transcript_2086	assumed_protein_coding	MM_RS10320	MM_RS10320	assumed_protein_coding	NC_003901.1	-	ATG	2369637-2370422
unassigned_transcript_2087_2370980_2371705_726	annotated	unassigned_transcript_2087	assumed_protein_coding	MM_RS10335	MM_RS10335	assumed_protein_coding	NC_003901.1	-	ATG	2370980-2371705
unassigned_transcript_2089_2372469_2373359_891	annotated	unassigned_transcript_2089	assumed_protein_coding	MM_RS10345	MM_RS10345	assumed_protein_coding	NC_003901.1	-	ATG	2372469-2373359
unassigned_transcript_2091_2375269_2376840_1572	annotated	unassigned_transcript_2091	assumed_protein_coding	MM_RS10355	MM_RS10355	assumed_protein_coding	NC_003901.1	-	ATG	2375269-2376840
unassigned_transcript_2092_2376855_2380766_3912	annotated	unassigned_transcript_2092	assumed_protein_coding	MM_RS10360	MM_RS10360	assumed_protein_coding	NC_003901.1	-	ATG	2376855-2380766
unassigned_transcript_2093_2380779_2382494_1716	annotated	unassigned_transcript_2093	assumed_protein_coding	MM_RS10365	MM_RS10365	assumed_protein_coding	NC_003901.1	-	ATG	2380779-2382494
unassigned_transcript_2094_2382502_2384019_1518	annotated	unassigned_transcript_2094	assumed_protein_coding	MM_RS10370	MM_RS10370	assumed_protein_coding	NC_003901.1	-	ATG	2382502-2384019
unassigned_transcript_2095_2384076_2384666_591	annotated	unassigned_transcript_2095	assumed_protein_coding	MM_RS10375	MM_RS10375	assumed_protein_coding	NC_003901.1	-	ATG	2384076-2384666
unassigned_transcript_2097_2386798_2388873_2076	annotated	unassigned_transcript_2097	assumed_protein_coding	MM_RS10385	MM_RS10385	assumed_protein_coding	NC_003901.1	+	ATG	2386798-2388873
unassigned_transcript_2098_2388985_2391783_2799	annotated	unassigned_transcript_2098	assumed_protein_coding	MM_RS10390	MM_RS10390	assumed_protein_coding	NC_003901.1	+	ATG	2388985-2391783
unassigned_transcript_2099_2392304_2393209_906	annotated	unassigned_transcript_2099	assumed_protein_coding	MM_RS10395	MM_RS10395	assumed_protein_coding	NC_003901.1	+	ATG	2392304-2393209
unassigned_transcript_2100_2393259_2394146_888	annotated	unassigned_transcript_2100	assumed_protein_coding	MM_RS10400	MM_RS10400	assumed_protein_coding	NC_003901.1	+	ATG	2393259-2394146
unassigned_transcript_2101_2394218_2395071_854	annotated	unassigned_transcript_2101	assumed_protein_coding	MM_RS10405	MM_RS10405	assumed_protein_coding	NC_003901.1	+	ATG	2394218-2395071
unassigned_transcript_2102_2395150_2395923_774	annotated	unassigned_transcript_2102	assumed_protein_coding	MM_RS10410	MM_RS10410	assumed_protein_coding	NC_003901.1	+	ATG	2395150-2395923
unassigned_transcript_2103_2395932_2396579_648	annotated	unassigned_transcript_2103	assumed_protein_coding	MM_RS10415	MM_RS10415	assumed_protein_coding	NC_003901.1	+	ATG	2395932-2396579
unassigned_transcript_2104_2396738_2398105_1368	annotated	unassigned_transcript_2104	assumed_protein_coding	MM_RS10420	MM_RS10420	assumed_protein_coding	NC_003901.1	+	ATG	2396738-2398105
unassigned_transcript_2105_2398184_2398729_546	annotated	unassigned_transcript_2105	assumed_protein_coding	MM_RS10425	MM_RS10425	assumed_protein_coding	NC_003901.1	-	ATG	2398184-2398729
unassigned_transcript_2106_2398729_2399514_786	annotated	unassigned_transcript_2106	assumed_protein_coding	MM_RS10430	MM_RS10430	assumed_protein_coding	NC_003901.1	-	ATG	2398729-2399514
unassigned_transcript_2111_2406274_2406633_360	annotated	unassigned_transcript_2111	assumed_protein_coding	MM_RS10455	MM_RS10455	assumed_protein_coding	NC_003901.1	-	ATG	2406274-2406633
unassigned_transcript_2112_2406715_2407032_318	annotated	unassigned_transcript_2112	assumed_protein_coding	MM_RS10460	MM_RS10460	assumed_protein_coding	NC_003901.1	-	ATG	2406715-2407032
unassigned_transcript_2113_2407325_2408461_1137	annotated	unassigned_transcript_2113	assumed_protein_coding	MM_RS10465	MM_RS10465	assumed_protein_coding	NC_003901.1	-	ATG	2407325-2408461
unassigned_transcript_2114_2408623_2410599_1977	annotated	unassigned_transcript_2114	assumed_protein_coding	MM_RS10470	MM_RS10470	assumed_protein_coding	NC_003901.1	+	ATG	2408623-2410599
unassigned_transcript_2115_2410777_2411136_360	annotated	unassigned_transcript_2115	assumed_protein_coding	MM_RS10475	MM_RS10475	assumed_protein_coding	NC_003901.1	+	ATG	2410777-2411136
unassigned_transcript_2116_2411349_2413265_1917	annotated	unassigned_transcript_2116	assumed_protein_coding	MM_RS10480	MM_RS10480	assumed_protein_coding	NC_003901.1	+	ATG	2411349-2413265
unassigned_transcript_2117_2413384_2414247_864	annotated	unassigned_transcript_2117	assumed_protein_coding	MM_RS10485	MM_RS10485	assumed_protein_coding	NC_003901.1	+	ATG	2413384-2414247
unassigned_transcript_2119_2415606_2416052_447	annotated	unassigned_transcript_2119	assumed_protein_coding	MM_RS10495	MM_RS10495	assumed_protein_coding	NC_003901.1	-	ATG	2415606-2416052
unassigned_transcript_2120_2416106_2416585_480	annotated	unassigned_transcript_2120	assumed_protein_coding	MM_RS10500	MM_RS10500	assumed_protein_coding	NC_003901.1	-	ATG	2416106-2416585
unassigned_transcript_2122_2418771_2419163_393	annotated	unassigned_transcript_2122	assumed_protein_coding	MM_RS10510	MM_RS10510	assumed_protein_coding	NC_003901.1	+	ATG	2418771-2419163
unassigned_transcript_2124_2420226_2420648_423	annotated	unassigned_transcript_2124	assumed_protein_coding	MM_RS10520	MM_RS10520	assumed_protein_coding	NC_003901.1	-	ATG	2420226-2420648
unassigned_transcript_2126_2425969_2426574_606	annotated	unassigned_transcript_2126	assumed_protein_coding	MM_RS10530	MM_RS10530	assumed_protein_coding	NC_003901.1	+	ATG	2425969-2426574
unassigned_transcript_2127_2426807_2428138_1332	annotated	unassigned_transcript_2127	assumed_protein_coding	MM_RS10535	MM_RS10535	assumed_protein_coding	NC_003901.1	+	ATG	2426807-2428138
unassigned_transcript_2128_2428200_2429501_1302	annotated	unassigned_transcript_2128	assumed_protein_coding	MM_RS10540	MM_RS10540	assumed_protein_coding	NC_003901.1	-	ATG	2428200-2429501
unassigned_transcript_2129_2429565_2430344_780	annotated	unassigned_transcript_2129	assumed_protein_coding	MM_RS10545	MM_RS10545	assumed_protein_coding	NC_003901.1	-	ATG	2429565-2430344
unassigned_transcript_2130_2430902_2433031_2130	annotated	unassigned_transcript_2130	assumed_protein_coding	MM_RS10550	MM_RS10550	assumed_protein_coding	NC_003901.1	+	ATG	2430902-2433031
unassigned_transcript_2131_2433234_2433845_612	annotated	unassigned_transcript_2131	assumed_protein_coding	MM_RS10555	MM_RS10555	assumed_protein_coding	NC_003901.1	-	ATG	2433234-2433845
unassigned_transcript_2132_2434012_2434515_504	annotated	unassigned_transcript_2132	assumed_protein_coding	MM_RS10560	MM_RS10560	assumed_protein_coding	NC_003901.1	-	ATG	2434012-2434515
unassigned_transcript_2133_2434956_2435639_684	annotated	unassigned_transcript_2133	assumed_protein_coding	MM_RS10565	MM_RS10565	assumed_protein_coding	NC_003901.1	-	ATG	2434956-2435639
unassigned_transcript_2134_2435924_2436247_324	annotated	unassigned_transcript_2134	assumed_protein_coding	MM_RS10570	MM_RS10570	assumed_protein_coding	NC_003901.1	-	ATG	2435924-2436247
unassigned_transcript_2135_2436779_2437153_375	annotated	unassigned_transcript_2135	assumed_protein_coding	MM_RS10575	MM_RS10575	assumed_protein_coding	NC_003901.1	+	ATG	2436779-2437153
unassigned_transcript_2136_2437227_2437715_489	annotated	unassigned_transcript_2136	assumed_protein_coding	MM_RS10580	MM_RS10580	assumed_protein_coding	NC_003901.1	+	ATG	2437227-2437715
unassigned_transcript_2138_2439125_2439532_408	annotated	unassigned_transcript_2138	assumed_protein_coding	MM_RS10590	MM_RS10590	assumed_protein_coding	NC_003901.1	-	ATG	2439125-2439532
unassigned_transcript_2139_2439948_2440628_681	annotated	unassigned_transcript_2139	assumed_protein_coding	MM_RS10595	MM_RS10595	assumed_protein_coding	NC_003901.1	+	ATG	2439948-2440628
unassigned_transcript_2140_2440811_2441341_531	annotated	unassigned_transcript_2140	assumed_protein_coding	MM_RS10600	MM_RS10600	assumed_protein_coding	NC_003901.1	-	ATG	2440811-2441341
unassigned_transcript_2141_2441886_2442032_147	annotated	unassigned_transcript_2141	assumed_protein_coding	MM_RS18885	MM_RS18885	assumed_protein_coding	NC_003901.1	-	ATG	2441886-2442032
unassigned_transcript_2142_2442061_2442354_294	annotated	unassigned_transcript_2142	assumed_protein_coding	MM_RS10605	MM_RS10605	assumed_protein_coding	NC_003901.1	-	ATG	2442061-2442354
unassigned_transcript_2144_2443496_2444149_654	annotated	unassigned_transcript_2144	assumed_protein_coding	MM_RS10615	MM_RS10615	assumed_protein_coding	NC_003901.1	-	ATG	2443496-2444149
unassigned_transcript_2145_2444171_2445655_1485	annotated	unassigned_transcript_2145	assumed_protein_coding	MM_RS10625	MM_RS10625	assumed_protein_coding	NC_003901.1	-	ATG	2444171-2445655
unassigned_transcript_2146_2446282_2447685_1404	annotated	unassigned_transcript_2146	assumed_protein_coding	MM_RS10635	MM_RS10635	assumed_protein_coding	NC_003901.1	-	ATG	2446282-2447685
unassigned_transcript_2147_2447695_2448342_648	annotated	unassigned_transcript_2147	assumed_protein_coding	MM_RS10640	MM_RS10640	assumed_protein_coding	NC_003901.1	-	ATG	2447695-2448342
unassigned_transcript_2149_2449329_2450288_960	annotated	unassigned_transcript_2149	assumed_protein_coding	MM_RS10650	MM_RS10650	assumed_protein_coding	NC_003901.1	-	ATG	2449329-2450288
unassigned_transcript_2151_2451048_2451656_609	annotated	unassigned_transcript_2151	assumed_protein_coding	MM_RS10660	MM_RS10660	assumed_protein_coding	NC_003901.1	-	ATG	2451048-2451656
unassigned_transcript_2152_2451644_2452483_840	annotated	unassigned_transcript_2152	assumed_protein_coding	MM_RS10665	MM_RS10665	assumed_protein_coding	NC_003901.1	-	ATG	2451644-2452483
unassigned_transcript_2154_2453389_2454372_984	annotated	unassigned_transcript_2154	assumed_protein_coding	MM_RS10675	MM_RS10675	assumed_protein_coding	NC_003901.1	-	ATG	2453389-2454372
unassigned_transcript_2156_2456360_2457592_1233	annotated	unassigned_transcript_2156	assumed_protein_coding	MM_RS10685	MM_RS10685	assumed_protein_coding	NC_003901.1	+	ATG	2456360-2457592
unassigned_transcript_2158_2458408_2459034_627	annotated	unassigned_transcript_2158	assumed_protein_coding	MM_RS10695	MM_RS10695	assumed_protein_coding	NC_003901.1	+	ATG	2458408-2459034
unassigned_transcript_2161_2461208_2461663_456	annotated	unassigned_transcript_2161	assumed_protein_coding	MM_RS10710	MM_RS10710	assumed_protein_coding	NC_003901.1	+	ATG	2461208-2461663
unassigned_transcript_2162_2461885_2462691_807	annotated	unassigned_transcript_2162	assumed_protein_coding	MM_RS10715	MM_RS10715	assumed_protein_coding	NC_003901.1	-	ATG	2461885-2462691
unassigned_transcript_2164_2463780_2464991_1212	annotated	unassigned_transcript_2164	assumed_protein_coding	MM_RS10725	MM_RS10725	assumed_protein_coding	NC_003901.1	-	ATG	2463780-2464991
unassigned_transcript_2165_2465582_2466412_831	annotated	unassigned_transcript_2165	assumed_protein_coding	MM_RS10730	MM_RS10730	assumed_protein_coding	NC_003901.1	-	ATG	2465582-2466412
unassigned_transcript_2167_2466807_2469683_2877	annotated	unassigned_transcript_2167	assumed_protein_coding	MM_RS10740	MM_RS10740	assumed_protein_coding	NC_003901.1	-	ATG	2466807-2469683
unassigned_transcript_2169_2471811_2472722_912	annotated	unassigned_transcript_2169	assumed_protein_coding	MM_RS10750	MM_RS10750	assumed_protein_coding	NC_003901.1	+	ATG	2471811-2472722
unassigned_transcript_2170_2473131_2474525_1395	annotated	unassigned_transcript_2170	assumed_protein_coding	MM_RS17510	MM_RS17510	assumed_protein_coding	NC_003901.1	-	ATG	2473131-2474525
unassigned_transcript_2171_2475021_2475887_867	annotated	unassigned_transcript_2171	assumed_protein_coding	MM_RS10760	MM_RS10760	assumed_protein_coding	NC_003901.1	+	ATG	2475021-2475887
unassigned_transcript_2173_2477551_2478291_741	annotated	unassigned_transcript_2173	assumed_protein_coding	MM_RS10770	MM_RS10770	assumed_protein_coding	NC_003901.1	-	ATG	2477551-2478291
unassigned_transcript_2174_2478733_2479167_435	annotated	unassigned_transcript_2174	assumed_protein_coding	MM_RS10775	MM_RS10775	assumed_protein_coding	NC_003901.1	+	ATG	2478733-2479167
unassigned_transcript_2176_2480111_2480911_801	annotated	unassigned_transcript_2176	assumed_protein_coding	MM_RS10785	MM_RS10785	assumed_protein_coding	NC_003901.1	-	ATG	2480111-2480911
unassigned_transcript_2177_2481069_2481719_651	annotated	unassigned_transcript_2177	assumed_protein_coding	MM_RS10790	MM_RS10790	assumed_protein_coding	NC_003901.1	-	ATG	2481069-2481719
unassigned_transcript_2178_2482032_2482982_951	annotated	unassigned_transcript_2178	assumed_protein_coding	MM_RS10795	MM_RS10795	assumed_protein_coding	NC_003901.1	+	ATG	2482032-2482982
unassigned_transcript_2179_2482990_2483649_660	annotated	unassigned_transcript_2179	assumed_protein_coding	MM_RS10800	MM_RS10800	assumed_protein_coding	NC_003901.1	+	ATG	2482990-2483649
unassigned_transcript_2180_2483972_2485381_1410	annotated	unassigned_transcript_2180	assumed_protein_coding	MM_RS10805	MM_RS10805	assumed_protein_coding	NC_003901.1	-	ATG	2483972-2485381
unassigned_transcript_2181_2485388_2486695_1308	annotated	unassigned_transcript_2181	assumed_protein_coding	MM_RS10810	MM_RS10810	assumed_protein_coding	NC_003901.1	-	ATG	2485388-2486695
unassigned_transcript_2183_2487854_2489263_1410	annotated	unassigned_transcript_2183	assumed_protein_coding	MM_RS10820	MM_RS10820	assumed_protein_coding	NC_003901.1	-	ATG	2487854-2489263
unassigned_transcript_2184_2489292_2489801_510	annotated	unassigned_transcript_2184	assumed_protein_coding	MM_RS10825	MM_RS10825	assumed_protein_coding	NC_003901.1	-	ATG	2489292-2489801
unassigned_transcript_2185_2489807_2492224_2418	annotated	unassigned_transcript_2185	assumed_protein_coding	MM_RS10830	MM_RS10830	assumed_protein_coding	NC_003901.1	-	ATG	2489807-2492224
unassigned_transcript_2186_2494865_2495371_507	annotated	unassigned_transcript_2186	assumed_protein_coding	MM_RS19590	MM_RS19590	assumed_protein_coding	NC_003901.1	+	ATG	2494865-2495371
unassigned_transcript_2188_2496949_2497764_816	annotated	unassigned_transcript_2188	assumed_protein_coding	MM_RS10845	MM_RS10845	assumed_protein_coding	NC_003901.1	+	ATG	2496949-2497764
unassigned_transcript_2189_2498379_2500178_1800	annotated	unassigned_transcript_2189	assumed_protein_coding	MM_RS10850	MM_RS10850	assumed_protein_coding	NC_003901.1	+	ATG	2498379-2500178
unassigned_transcript_2190_2500178_2500777_600	annotated	unassigned_transcript_2190	assumed_protein_coding	MM_RS10855	MM_RS10855	assumed_protein_coding	NC_003901.1	+	ATG	2500178-2500777
unassigned_transcript_2191_2500874_2501389_516	annotated	unassigned_transcript_2191	assumed_protein_coding	MM_RS10860	MM_RS10860	assumed_protein_coding	NC_003901.1	-	ATG	2500874-2501389
unassigned_transcript_2192_2501755_2502693_939	annotated	unassigned_transcript_2192	assumed_protein_coding	MM_RS10865	MM_RS10865	assumed_protein_coding	NC_003901.1	+	ATG	2501755-2502693
unassigned_transcript_2193_2502802_2503362_561	annotated	unassigned_transcript_2193	assumed_protein_coding	MM_RS10870	MM_RS10870	assumed_protein_coding	NC_003901.1	-	ATG	2502802-2503362
unassigned_transcript_2194_2503557_2506130_2574	annotated	unassigned_transcript_2194	assumed_protein_coding	MM_RS18460	MM_RS18460	assumed_protein_coding	NC_003901.1	-	ATG	2503557-2506130
unassigned_transcript_2196_2510273_2511058_786	annotated	unassigned_transcript_2196	assumed_protein_coding	MM_RS10885	MM_RS10885	assumed_protein_coding	NC_003901.1	-	ATG	2510273-2511058
unassigned_transcript_2197_2511152_2512579_1428	annotated	unassigned_transcript_2197	assumed_protein_coding	MM_RS10890	MM_RS10890	assumed_protein_coding	NC_003901.1	-	ATG	2511152-2512579
unassigned_transcript_2198_2512594_2513574_981	annotated	unassigned_transcript_2198	assumed_protein_coding	MM_RS17515	MM_RS17515	assumed_protein_coding	NC_003901.1	-	ATG	2512594-2513574
unassigned_transcript_2200_2514934_2516019_1086	annotated	unassigned_transcript_2200	assumed_protein_coding	MM_RS19595	MM_RS19595	assumed_protein_coding	NC_003901.1	-	ATG	2514934-2516019
unassigned_transcript_2202_2517339_2518451_1113	annotated	unassigned_transcript_2202	assumed_protein_coding	MM_RS17520	MM_RS17520	assumed_protein_coding	NC_003901.1	-	ATG	2517339-2518451
unassigned_transcript_2203_2518489_2519565_1077	annotated	unassigned_transcript_2203	assumed_protein_coding	MM_RS10920	MM_RS10920	assumed_protein_coding	NC_003901.1	-	ATG	2518489-2519565
unassigned_transcript_2204_2519611_2521212_1602	annotated	unassigned_transcript_2204	assumed_protein_coding	MM_RS10925	MM_RS10925	assumed_protein_coding	NC_003901.1	-	ATG	2519611-2521212
unassigned_transcript_2205_2521187_2522077_891	annotated	unassigned_transcript_2205	assumed_protein_coding	MM_RS10930	MM_RS10930	assumed_protein_coding	NC_003901.1	-	ATG	2521187-2522077
unassigned_transcript_2207_2523163_2523612_450	annotated	unassigned_transcript_2207	assumed_protein_coding	MM_RS10940	MM_RS10940	assumed_protein_coding	NC_003901.1	-	ATG	2523163-2523612
unassigned_transcript_2210_2525936_2526769_834	annotated	unassigned_transcript_2210	assumed_protein_coding	MM_RS10955	MM_RS10955	assumed_protein_coding	NC_003901.1	+	ATG	2525936-2526769
unassigned_transcript_2211_2526900_2528162_1263	annotated	unassigned_transcript_2211	assumed_protein_coding	MM_RS10960	MM_RS10960	assumed_protein_coding	NC_003901.1	-	ATG	2526900-2528162
unassigned_transcript_2212_2528662_2531082_2421	annotated	unassigned_transcript_2212	assumed_protein_coding	MM_RS17525	MM_RS17525	assumed_protein_coding	NC_003901.1	+	ATG	2528662-2531082
unassigned_transcript_2213_2531640_2531777_138	annotated	unassigned_transcript_2213	assumed_protein_coding	MM_RS18840	MM_RS18840	assumed_protein_coding	NC_003901.1	-	ATG	2531640-2531777
unassigned_transcript_2214_2531869_2532390_522	annotated	unassigned_transcript_2214	assumed_protein_coding	MM_RS10970	MM_RS10970	assumed_protein_coding	NC_003901.1	+	ATG	2531869-2532390
unassigned_transcript_2215_2533142_2533669_528	annotated	unassigned_transcript_2215	assumed_protein_coding	MM_RS10975	MM_RS10975	assumed_protein_coding	NC_003901.1	+	ATG	2533142-2533669
unassigned_transcript_2216_2534037_2534189_153	annotated	unassigned_transcript_2216	assumed_protein_coding	MM_RS18890	MM_RS18890	assumed_protein_coding	NC_003901.1	+	ATG	2534037-2534189
unassigned_transcript_2217_2534448_2535065_618	annotated	unassigned_transcript_2217	assumed_protein_coding	MM_RS10980	MM_RS10980	assumed_protein_coding	NC_003901.1	+	ATG	2534448-2535065
unassigned_transcript_2219_2535675_2537261_1587	annotated	unassigned_transcript_2219	assumed_protein_coding	MM_RS18465	MM_RS18465	assumed_protein_coding	NC_003901.1	+	ATG	2535675-2537261
unassigned_transcript_2220_2537280_2537540_261	annotated	unassigned_transcript_2220	assumed_protein_coding	MM_RS10995	MM_RS10995	assumed_protein_coding	NC_003901.1	+	ATG	2537280-2537540
unassigned_transcript_2221_2538269_2538391_123	annotated	unassigned_transcript_2221	assumed_protein_coding	MM_RS19440	MM_RS19440	assumed_protein_coding	NC_003901.1	-	ATG	2538269-2538391
unassigned_transcript_2222_2538501_2539511_1011	annotated	unassigned_transcript_2222	assumed_protein_coding	MM_RS11000	MM_RS11000	assumed_protein_coding	NC_003901.1	+	ATG	2538501-2539511
unassigned_transcript_2223_2539521_2540279_759	annotated	unassigned_transcript_2223	assumed_protein_coding	MM_RS11005	MM_RS11005	assumed_protein_coding	NC_003901.1	+	ATG	2539521-2540279
unassigned_transcript_2224_2540279_2540524_246	annotated	unassigned_transcript_2224	assumed_protein_coding	MM_RS11010	MM_RS11010	assumed_protein_coding	NC_003901.1	+	ATG	2540279-2540524
unassigned_transcript_2225_2540538_2541251_714	annotated	unassigned_transcript_2225	assumed_protein_coding	MM_RS11015	MM_RS11015	assumed_protein_coding	NC_003901.1	+	ATG	2540538-2541251
unassigned_transcript_2226_2541270_2541677_408	annotated	unassigned_transcript_2226	assumed_protein_coding	MM_RS11020	MM_RS11020	assumed_protein_coding	NC_003901.1	+	ATG	2541270-2541677
unassigned_transcript_2227_2541692_2542144_453	annotated	unassigned_transcript_2227	assumed_protein_coding	MM_RS11025	MM_RS11025	assumed_protein_coding	NC_003901.1	+	ATG	2541692-2542144
unassigned_transcript_2228_2542148_2543068_921	annotated	unassigned_transcript_2228	assumed_protein_coding	MM_RS11030	MM_RS11030	assumed_protein_coding	NC_003901.1	+	ATG	2542148-2543068
unassigned_transcript_2229_2543071_2543271_201	annotated	unassigned_transcript_2229	assumed_protein_coding	MM_RS11035	MM_RS11035	assumed_protein_coding	NC_003901.1	+	ATG	2543071-2543271
unassigned_transcript_2230_2543264_2543593_330	annotated	unassigned_transcript_2230	assumed_protein_coding	MM_RS11040	MM_RS11040	assumed_protein_coding	NC_003901.1	+	ATG	2543264-2543593
unassigned_transcript_2231_2543601_2543927_327	annotated	unassigned_transcript_2231	assumed_protein_coding	MM_RS11045	MM_RS11045	assumed_protein_coding	NC_003901.1	+	ATG	2543601-2543927
unassigned_transcript_2232_2543927_2544322_396	annotated	unassigned_transcript_2232	assumed_protein_coding	MM_RS11050	MM_RS11050	assumed_protein_coding	NC_003901.1	+	ATG	2543927-2544322
unassigned_transcript_2233_2544336_2544683_348	annotated	unassigned_transcript_2233	assumed_protein_coding	MM_RS11055	MM_RS11055	assumed_protein_coding	NC_003901.1	+	ATG	2544336-2544683
unassigned_transcript_2235_2545412_2545906_495	annotated	unassigned_transcript_2235	assumed_protein_coding	MM_RS11065	MM_RS11065	assumed_protein_coding	NC_003901.1	+	ATG	2545412-2545906
unassigned_transcript_2236_2545910_2546059_150	annotated	unassigned_transcript_2236	assumed_protein_coding	MM_RS11070	MM_RS11070	assumed_protein_coding	NC_003901.1	+	ATG	2545910-2546059
unassigned_transcript_2237_2546073_2546462_390	annotated	unassigned_transcript_2237	assumed_protein_coding	MM_RS11075	MM_RS11075	assumed_protein_coding	NC_003901.1	+	ATG	2546073-2546462
unassigned_transcript_2238_2546480_2547007_528	annotated	unassigned_transcript_2238	assumed_protein_coding	MM_RS11080	MM_RS11080	assumed_protein_coding	NC_003901.1	+	ATG	2546480-2547007
unassigned_transcript_2239_2547021_2547452_432	annotated	unassigned_transcript_2239	assumed_protein_coding	MM_RS11085	MM_RS11085	assumed_protein_coding	NC_003901.1	+	ATG	2547021-2547452
unassigned_transcript_2240_2547457_2547906_450	annotated	unassigned_transcript_2240	assumed_protein_coding	MM_RS11090	MM_RS11090	assumed_protein_coding	NC_003901.1	+	ATG	2547457-2547906
unassigned_transcript_2241_2547926_2548447_522	annotated	unassigned_transcript_2241	assumed_protein_coding	MM_RS11095	MM_RS11095	assumed_protein_coding	NC_003901.1	+	ATG	2547926-2548447
unassigned_transcript_2242_2548460_2549086_627	annotated	unassigned_transcript_2242	assumed_protein_coding	MM_RS11100	MM_RS11100	assumed_protein_coding	NC_003901.1	+	ATG	2548460-2549086
unassigned_transcript_2243_2549091_2549549_459	annotated	unassigned_transcript_2243	assumed_protein_coding	MM_RS11105	MM_RS11105	assumed_protein_coding	NC_003901.1	+	ATG	2549091-2549549
unassigned_transcript_2244_2549563_2549982_420	annotated	unassigned_transcript_2244	assumed_protein_coding	MM_RS11110	MM_RS11110	assumed_protein_coding	NC_003901.1	+	ATG	2549563-2549982
unassigned_transcript_2245_2550126_2551598_1473	annotated	unassigned_transcript_2245	assumed_protein_coding	MM_RS11115	MM_RS11115	assumed_protein_coding	NC_003901.1	+	ATG	2550126-2551598
unassigned_transcript_2246_2551694_2552338_645	annotated	unassigned_transcript_2246	assumed_protein_coding	MM_RS11120	MM_RS11120	assumed_protein_coding	NC_003901.1	+	ATG	2551694-2552338
unassigned_transcript_2247_2552548_2553054_507	annotated	unassigned_transcript_2247	assumed_protein_coding	MM_RS11125	MM_RS11125	assumed_protein_coding	NC_003901.1	+	ATG	2552548-2553054
unassigned_transcript_2248_2553465_2553740_276	annotated	unassigned_transcript_2248	assumed_protein_coding	MM_RS11130	MM_RS11130	assumed_protein_coding	NC_003901.1	+	ATG	2553465-2553740
unassigned_transcript_2249_2553924_2554466_543	annotated	unassigned_transcript_2249	assumed_protein_coding	MM_RS11135	MM_RS11135	assumed_protein_coding	NC_003901.1	-	ATG	2553924-2554466
unassigned_transcript_2251_2555632_2556171_540	annotated	unassigned_transcript_2251	assumed_protein_coding	MM_RS11145	MM_RS11145	assumed_protein_coding	NC_003901.1	+	ATG	2555632-2556171
unassigned_transcript_2252_2556353_2557366_1014	annotated	unassigned_transcript_2252	assumed_protein_coding	MM_RS11150	MM_RS11150	assumed_protein_coding	NC_003901.1	+	ATG	2556353-2557366
unassigned_transcript_2254_2557860_2558345_486	annotated	unassigned_transcript_2254	assumed_protein_coding	MM_RS11160	MM_RS11160	assumed_protein_coding	NC_003901.1	+	ATG	2557860-2558345
unassigned_transcript_2255_2558370_2559026_657	annotated	unassigned_transcript_2255	assumed_protein_coding	MM_RS11165	MM_RS11165	assumed_protein_coding	NC_003901.1	+	ATG	2558370-2559026
unassigned_transcript_2256_2559032_2559409_378	annotated	unassigned_transcript_2256	assumed_protein_coding	MM_RS11170	MM_RS11170	assumed_protein_coding	NC_003901.1	+	ATG	2559032-2559409
unassigned_transcript_2257_2559485_2560282_798	annotated	unassigned_transcript_2257	assumed_protein_coding	MM_RS11175	MM_RS11175	assumed_protein_coding	NC_003901.1	+	ATG	2559485-2560282
unassigned_transcript_2260_2561441_2562898_1458	annotated	unassigned_transcript_2260	assumed_protein_coding	MM_RS11190	MM_RS11190	assumed_protein_coding	NC_003901.1	-	ATG	2561441-2562898
unassigned_transcript_2261_2563716_2564165_450	annotated	unassigned_transcript_2261	assumed_protein_coding	MM_RS11195	MM_RS11195	assumed_protein_coding	NC_003901.1	+	ATG	2563716-2564165
unassigned_transcript_2262_2564775_2565317_543	annotated	unassigned_transcript_2262	assumed_protein_coding	MM_RS11200	MM_RS11200	assumed_protein_coding	NC_003901.1	-	ATG	2564775-2565317
unassigned_transcript_2264_2566278_2566946_669	annotated	unassigned_transcript_2264	assumed_protein_coding	MM_RS11210	MM_RS11210	assumed_protein_coding	NC_003901.1	-	ATG	2566278-2566946
unassigned_transcript_2265_2567175_2567465_291	annotated	unassigned_transcript_2265	assumed_protein_coding	MM_RS11215	MM_RS11215	assumed_protein_coding	NC_003901.1	-	ATG	2567175-2567465
unassigned_transcript_2266_2567938_2568700_763	annotated	unassigned_transcript_2266	assumed_protein_coding	MM_RS17890	MM_RS17890	assumed_protein_coding	NC_003901.1	+	ATG	2567938-2568700
unassigned_transcript_2267_2568799_2570099_1301	annotated	unassigned_transcript_2267	assumed_protein_coding	MM_RS11230	MM_RS11230	assumed_protein_coding	NC_003901.1	+	ATG	2568799-2570099
unassigned_transcript_2269_2571374_2572522_1149	annotated	unassigned_transcript_2269	assumed_protein_coding	MM_RS11240	MM_RS11240	assumed_protein_coding	NC_003901.1	+	ATG	2571374-2572522
unassigned_transcript_2270_2572533_2574305_1773	annotated	unassigned_transcript_2270	assumed_protein_coding	MM_RS11245	MM_RS11245	assumed_protein_coding	NC_003901.1	+	ATG	2572533-2574305
unassigned_transcript_2271_2574334_2575143_810	annotated	unassigned_transcript_2271	assumed_protein_coding	MM_RS11250	MM_RS11250	assumed_protein_coding	NC_003901.1	+	ATG	2574334-2575143
unassigned_transcript_2272_2575265_2575747_483	annotated	unassigned_transcript_2272	assumed_protein_coding	MM_RS11255	MM_RS11255	assumed_protein_coding	NC_003901.1	+	ATG	2575265-2575747
unassigned_transcript_2274_2576583_2577509_927	annotated	unassigned_transcript_2274	assumed_protein_coding	MM_RS11265	MM_RS11265	assumed_protein_coding	NC_003901.1	-	ATG	2576583-2577509
unassigned_transcript_2275_2577889_2579097_1209	annotated	unassigned_transcript_2275	assumed_protein_coding	MM_RS11270	MM_RS11270	assumed_protein_coding	NC_003901.1	+	ATG	2577889-2579097
unassigned_transcript_2276_2579100_2580887_1788	annotated	unassigned_transcript_2276	assumed_protein_coding	MM_RS11275	MM_RS11275	assumed_protein_coding	NC_003901.1	+	ATG	2579100-2580887
unassigned_transcript_2277_2580905_2581714_810	annotated	unassigned_transcript_2277	assumed_protein_coding	MM_RS11280	MM_RS11280	assumed_protein_coding	NC_003901.1	+	ATG	2580905-2581714
unassigned_transcript_2278_2581936_2582082_147	annotated	unassigned_transcript_2278	assumed_protein_coding	MM_RS18475	MM_RS18475	assumed_protein_coding	NC_003901.1	+	ATG	2581936-2582082
unassigned_transcript_2280_2585093_2585614_522	annotated	unassigned_transcript_2280	assumed_protein_coding	MM_RS11290	MM_RS11290	assumed_protein_coding	NC_003901.1	+	ATG	2585093-2585614
unassigned_transcript_2281_2585731_2586450_720	annotated	unassigned_transcript_2281	assumed_protein_coding	MM_RS11295	MM_RS11295	assumed_protein_coding	NC_003901.1	-	ATG	2585731-2586450
unassigned_transcript_2282_2586726_2587811_1086	annotated	unassigned_transcript_2282	assumed_protein_coding	MM_RS11300	MM_RS11300	assumed_protein_coding	NC_003901.1	+	ATG	2586726-2587811
unassigned_transcript_2283_2588166_2589470_1305	annotated	unassigned_transcript_2283	assumed_protein_coding	MM_RS11305	MM_RS11305	assumed_protein_coding	NC_003901.1	+	ATG	2588166-2589470
unassigned_transcript_2284_2589667_2589921_255	annotated	unassigned_transcript_2284	assumed_protein_coding	MM_RS11310	MM_RS11310	assumed_protein_coding	NC_003901.1	-	ATG	2589667-2589921
unassigned_transcript_2285_2590007_2590561_555	annotated	unassigned_transcript_2285	assumed_protein_coding	MM_RS11315	MM_RS11315	assumed_protein_coding	NC_003901.1	-	ATG	2590007-2590561
unassigned_transcript_2287_2594906_2595511_606	annotated	unassigned_transcript_2287	assumed_protein_coding	MM_RS11325	MM_RS11325	assumed_protein_coding	NC_003901.1	+	ATG	2594906-2595511
unassigned_transcript_2288_2595591_2596367_777	annotated	unassigned_transcript_2288	assumed_protein_coding	MM_RS11330	MM_RS11330	assumed_protein_coding	NC_003901.1	+	ATG	2595591-2596367
unassigned_transcript_2289_2596377_2596973_597	annotated	unassigned_transcript_2289	assumed_protein_coding	MM_RS11335	MM_RS11335	assumed_protein_coding	NC_003901.1	+	ATG	2596377-2596973
unassigned_transcript_2290_2597138_2597683_546	annotated	unassigned_transcript_2290	assumed_protein_coding	MM_RS11340	MM_RS11340	assumed_protein_coding	NC_003901.1	-	ATG	2597138-2597683
unassigned_transcript_2291_2598271_2599098_828	annotated	unassigned_transcript_2291	assumed_protein_coding	MM_RS11350	MM_RS11350	assumed_protein_coding	NC_003901.1	-	ATG	2598271-2599098
unassigned_transcript_2293_2600181_2601662_1482	annotated	unassigned_transcript_2293	assumed_protein_coding	MM_RS11360	MM_RS11360	assumed_protein_coding	NC_003901.1	+	ATG	2600181-2601662
unassigned_transcript_2294_2601848_2603698_1851	annotated	unassigned_transcript_2294	assumed_protein_coding	MM_RS11365	MM_RS11365	assumed_protein_coding	NC_003901.1	+	ATG	2601848-2603698
unassigned_transcript_2296_2607120_2608115_996	annotated	unassigned_transcript_2296	assumed_protein_coding	MM_RS11375	MM_RS11375	assumed_protein_coding	NC_003901.1	-	ATG	2607120-2608115
unassigned_transcript_2297_2608538_2609344_807	annotated	unassigned_transcript_2297	assumed_protein_coding	MM_RS11380	MM_RS11380	assumed_protein_coding	NC_003901.1	-	ATG	2608538-2609344
unassigned_transcript_2298_2609710_2610504_795	annotated	unassigned_transcript_2298	assumed_protein_coding	MM_RS11385	MM_RS11385	assumed_protein_coding	NC_003901.1	-	ATG	2609710-2610504
unassigned_transcript_2299_2611111_2612625_1515	annotated	unassigned_transcript_2299	assumed_protein_coding	MM_RS11390	MM_RS11390	assumed_protein_coding	NC_003901.1	+	ATG	2611111-2612625
unassigned_transcript_2300_2612625_2612756_132	annotated	unassigned_transcript_2300	assumed_protein_coding	MM_RS19445	MM_RS19445	assumed_protein_coding	NC_003901.1	+	ATG	2612625-2612756
unassigned_transcript_2302_2613907_2614524_618	annotated	unassigned_transcript_2302	assumed_protein_coding	MM_RS11400	MM_RS11400	assumed_protein_coding	NC_003901.1	+	ATG	2613907-2614524
unassigned_transcript_2304_2615446_2615772_327	annotated	unassigned_transcript_2304	assumed_protein_coding	MM_RS11410	MM_RS11410	assumed_protein_coding	NC_003901.1	+	ATG	2615446-2615772
unassigned_transcript_2305_2615782_2616813_1032	annotated	unassigned_transcript_2305	assumed_protein_coding	MM_RS11415	MM_RS11415	assumed_protein_coding	NC_003901.1	+	ATG	2615782-2616813
unassigned_transcript_2306_2616803_2620045_3243	annotated	unassigned_transcript_2306	assumed_protein_coding	MM_RS11420	MM_RS11420	assumed_protein_coding	NC_003901.1	+	ATG	2616803-2620045
unassigned_transcript_2309_2621944_2622162_219	annotated	unassigned_transcript_2309	assumed_protein_coding	MM_RS11435	MM_RS11435	assumed_protein_coding	NC_003901.1	-	ATG	2621944-2622162
unassigned_transcript_2310_2622326_2623825_1500	annotated	unassigned_transcript_2310	assumed_protein_coding	MM_RS11440	MM_RS11440	assumed_protein_coding	NC_003901.1	-	ATG	2622326-2623825
unassigned_transcript_2313_2630242_2632044_1803	annotated	unassigned_transcript_2313	assumed_protein_coding	MM_RS11455	MM_RS11455	assumed_protein_coding	NC_003901.1	+	ATG	2630242-2632044
unassigned_transcript_2314_2632447_2633595_1149	annotated	unassigned_transcript_2314	assumed_protein_coding	MM_RS11460	MM_RS11460	assumed_protein_coding	NC_003901.1	+	ATG	2632447-2633595
unassigned_transcript_2315_2634045_2638184_4140	annotated	unassigned_transcript_2315	assumed_protein_coding	MM_RS17530	MM_RS17530	assumed_protein_coding	NC_003901.1	-	ATG	2634045-2638184
unassigned_transcript_2317_2639710_2640468_759	annotated	unassigned_transcript_2317	assumed_protein_coding	MM_RS11475	MM_RS11475	assumed_protein_coding	NC_003901.1	-	ATG	2639710-2640468
unassigned_transcript_2318_2640485_2641195_711	annotated	unassigned_transcript_2318	assumed_protein_coding	MM_RS11480	MM_RS11480	assumed_protein_coding	NC_003901.1	-	ATG	2640485-2641195
unassigned_transcript_2319_2642378_2643301_924	annotated	unassigned_transcript_2319	assumed_protein_coding	MM_RS11485	MM_RS11485	assumed_protein_coding	NC_003901.1	+	ATG	2642378-2643301
unassigned_transcript_2320_2643375_2644478_1104	annotated	unassigned_transcript_2320	assumed_protein_coding	MM_RS11490	MM_RS11490	assumed_protein_coding	NC_003901.1	-	ATG	2643375-2644478
unassigned_transcript_2321_2644941_2645525_585	annotated	unassigned_transcript_2321	assumed_protein_coding	MM_RS11495	MM_RS11495	assumed_protein_coding	NC_003901.1	-	ATG	2644941-2645525
unassigned_transcript_2322_2645886_2646776_891	annotated	unassigned_transcript_2322	assumed_protein_coding	MM_RS11500	MM_RS11500	assumed_protein_coding	NC_003901.1	-	ATG	2645886-2646776
unassigned_transcript_2323_2646757_2647695_939	annotated	unassigned_transcript_2323	assumed_protein_coding	MM_RS11505	MM_RS11505	assumed_protein_coding	NC_003901.1	-	ATG	2646757-2647695
unassigned_transcript_2324_2648172_2649341_1170	annotated	unassigned_transcript_2324	assumed_protein_coding	MM_RS11510	MM_RS11510	assumed_protein_coding	NC_003901.1	-	ATG	2648172-2649341
unassigned_transcript_2325_2649354_2650478_1125	annotated	unassigned_transcript_2325	assumed_protein_coding	MM_RS11515	MM_RS11515	assumed_protein_coding	NC_003901.1	-	ATG	2649354-2650478
unassigned_transcript_2326_2650713_2651339_627	annotated	unassigned_transcript_2326	assumed_protein_coding	MM_RS11520	MM_RS11520	assumed_protein_coding	NC_003901.1	+	ATG	2650713-2651339
unassigned_transcript_2330_2654352_2654786_435	annotated	unassigned_transcript_2330	assumed_protein_coding	MM_RS11535	MM_RS11535	assumed_protein_coding	NC_003901.1	-	ATG	2654352-2654786
unassigned_transcript_2332_2656499_2657437_939	annotated	unassigned_transcript_2332	assumed_protein_coding	MM_RS11545	MM_RS11545	assumed_protein_coding	NC_003901.1	+	ATG	2656499-2657437
unassigned_transcript_2335_2659179_2659481_303	annotated	unassigned_transcript_2335	assumed_protein_coding	MM_RS11560	MM_RS11560	assumed_protein_coding	NC_003901.1	-	ATG	2659179-2659481
unassigned_transcript_2336_2660090_2660626_537	annotated	unassigned_transcript_2336	assumed_protein_coding	MM_RS11565	MM_RS11565	assumed_protein_coding	NC_003901.1	+	ATG	2660090-2660626
unassigned_transcript_2337_2661189_2662688_1500	annotated	unassigned_transcript_2337	assumed_protein_coding	MM_RS11570	MM_RS11570	assumed_protein_coding	NC_003901.1	-	ATG	2661189-2662688
unassigned_transcript_2338_2662946_2664463_1518	annotated	unassigned_transcript_2338	assumed_protein_coding	MM_RS11575	MM_RS11575	assumed_protein_coding	NC_003901.1	+	ATG	2662946-2664463
unassigned_transcript_2339_2664878_2666461_1584	annotated	unassigned_transcript_2339	assumed_protein_coding	MM_RS11580	MM_RS11580	assumed_protein_coding	NC_003901.1	+	ATG	2664878-2666461
unassigned_transcript_2340_2666898_2667059_162	annotated	unassigned_transcript_2340	assumed_protein_coding	MM_RS18480	MM_RS18480	assumed_protein_coding	NC_003901.1	+	ATG	2666898-2667059
unassigned_transcript_2341_2667143_2667487_345	annotated	unassigned_transcript_2341	assumed_protein_coding	MM_RS11585	MM_RS11585	assumed_protein_coding	NC_003901.1	+	ATG	2667143-2667487
unassigned_transcript_2342_2667666_2668004_339	annotated	unassigned_transcript_2342	assumed_protein_coding	MM_RS11590	MM_RS11590	assumed_protein_coding	NC_003901.1	-	ATG	2667666-2668004
unassigned_transcript_2345_2669541_2670119_579	annotated	unassigned_transcript_2345	assumed_protein_coding	MM_RS11605	MM_RS11605	assumed_protein_coding	NC_003901.1	+	ATG	2669541-2670119
unassigned_transcript_2346_2670126_2670767_642	annotated	unassigned_transcript_2346	assumed_protein_coding	MM_RS11610	MM_RS11610	assumed_protein_coding	NC_003901.1	+	ATG	2670126-2670767
unassigned_transcript_2347_2670955_2671359_405	annotated	unassigned_transcript_2347	assumed_protein_coding	MM_RS11615	MM_RS11615	assumed_protein_coding	NC_003901.1	+	ATG	2670955-2671359
unassigned_transcript_2348_2671417_2672160_744	annotated	unassigned_transcript_2348	assumed_protein_coding	MM_RS11620	MM_RS11620	assumed_protein_coding	NC_003901.1	+	ATG	2671417-2672160
unassigned_transcript_2350_2672876_2673772_897	annotated	unassigned_transcript_2350	assumed_protein_coding	MM_RS11630	MM_RS11630	assumed_protein_coding	NC_003901.1	-	ATG	2672876-2673772
unassigned_transcript_2351_2673952_2674362_411	annotated	unassigned_transcript_2351	assumed_protein_coding	MM_RS11635	MM_RS11635	assumed_protein_coding	NC_003901.1	-	ATG	2673952-2674362
unassigned_transcript_2352_2674599_2674901_303	annotated	unassigned_transcript_2352	assumed_protein_coding	MM_RS11640	MM_RS11640	assumed_protein_coding	NC_003901.1	-	ATG	2674599-2674901
unassigned_transcript_2353_2675247_2675543_297	annotated	unassigned_transcript_2353	assumed_protein_coding	MM_RS11645	MM_RS11645	assumed_protein_coding	NC_003901.1	+	ATG	2675247-2675543
unassigned_transcript_2354_2676033_2677001_969	annotated	unassigned_transcript_2354	assumed_protein_coding	MM_RS11650	MM_RS11650	assumed_protein_coding	NC_003901.1	+	ATG	2676033-2677001
unassigned_transcript_2355_2677089_2677316_228	annotated	unassigned_transcript_2355	assumed_protein_coding	MM_RS11655	MM_RS11655	assumed_protein_coding	NC_003901.1	+	ATG	2677089-2677316
unassigned_transcript_2358_2678455_2679852_1398	annotated	unassigned_transcript_2358	assumed_protein_coding	MM_RS11670	MM_RS11670	assumed_protein_coding	NC_003901.1	-	ATG	2678455-2679852
unassigned_transcript_2359_2679998_2681923_1926	annotated	unassigned_transcript_2359	assumed_protein_coding	MM_RS11675	MM_RS11675	assumed_protein_coding	NC_003901.1	-	ATG	2679998-2681923
unassigned_transcript_2361_2682534_2683181_648	annotated	unassigned_transcript_2361	assumed_protein_coding	MM_RS11685	MM_RS11685	assumed_protein_coding	NC_003901.1	-	ATG	2682534-2683181
unassigned_transcript_2365_2685352_2685696_345	annotated	unassigned_transcript_2365	assumed_protein_coding	MM_RS11705	MM_RS11705	assumed_protein_coding	NC_003901.1	-	ATG	2685352-2685696
unassigned_transcript_2367_2686137_2686931_795	annotated	unassigned_transcript_2367	assumed_protein_coding	MM_RS11715	MM_RS11715	assumed_protein_coding	NC_003901.1	-	ATG	2686137-2686931
unassigned_transcript_2369_2688723_2689028_306	annotated	unassigned_transcript_2369	assumed_protein_coding	MM_RS11725	MM_RS11725	assumed_protein_coding	NC_003901.1	-	ATG	2688723-2689028
unassigned_transcript_2370_2689070_2690335_1266	annotated	unassigned_transcript_2370	assumed_protein_coding	MM_RS11730	MM_RS11730	assumed_protein_coding	NC_003901.1	-	ATG	2689070-2690335
unassigned_transcript_2371_2690693_2692882_2190	annotated	unassigned_transcript_2371	assumed_protein_coding	MM_RS11735	MM_RS11735	assumed_protein_coding	NC_003901.1	-	ATG	2690693-2692882
unassigned_transcript_2372_2692949_2693515_567	annotated	unassigned_transcript_2372	assumed_protein_coding	MM_RS11740	MM_RS11740	assumed_protein_coding	NC_003901.1	-	ATG	2692949-2693515
unassigned_transcript_2373_2693515_2693940_426	annotated	unassigned_transcript_2373	assumed_protein_coding	MM_RS11745	MM_RS11745	assumed_protein_coding	NC_003901.1	-	ATG	2693515-2693940
unassigned_transcript_2375_2694495_2694788_294	annotated	unassigned_transcript_2375	assumed_protein_coding	MM_RS11755	MM_RS11755	assumed_protein_coding	NC_003901.1	-	ATG	2694495-2694788
unassigned_transcript_2376_2695041_2696261_1221	annotated	unassigned_transcript_2376	assumed_protein_coding	MM_RS11760	MM_RS11760	assumed_protein_coding	NC_003901.1	-	ATG	2695041-2696261
unassigned_transcript_2377_2696264_2698903_2640	annotated	unassigned_transcript_2377	assumed_protein_coding	MM_RS11765	MM_RS11765	assumed_protein_coding	NC_003901.1	-	ATG	2696264-2698903
unassigned_transcript_2378_2698920_2700731_1812	annotated	unassigned_transcript_2378	assumed_protein_coding	MM_RS11770	MM_RS11770	assumed_protein_coding	NC_003901.1	-	ATG	2698920-2700731
unassigned_transcript_2382_2703488_2707000_3513	annotated	unassigned_transcript_2382	assumed_protein_coding	MM_RS11790	MM_RS11790	assumed_protein_coding	NC_003901.1	-	ATG	2703488-2707000
unassigned_transcript_2384_2707588_2710908_3321	annotated	unassigned_transcript_2384	assumed_protein_coding	MM_RS17535	MM_RS17535	assumed_protein_coding	NC_003901.1	-	ATG	2707588-2710908
unassigned_transcript_2385_2711447_2715223_3777	annotated	unassigned_transcript_2385	assumed_protein_coding	MM_RS17540	MM_RS17540	assumed_protein_coding	NC_003901.1	-	ATG	2711447-2715223
unassigned_transcript_2386_2715226_2715354_129	annotated	unassigned_transcript_2386	assumed_protein_coding	MM_RS19450	MM_RS19450	assumed_protein_coding	NC_003901.1	-	ATG	2715226-2715354
unassigned_transcript_2387_2715980_2717212_1233	annotated	unassigned_transcript_2387	assumed_protein_coding	MM_RS11810	MM_RS11810	assumed_protein_coding	NC_003901.1	-	ATG	2715980-2717212
unassigned_transcript_2388_2717504_2718799_1296	annotated	unassigned_transcript_2388	assumed_protein_coding	MM_RS11815	MM_RS11815	assumed_protein_coding	NC_003901.1	-	ATG	2717504-2718799
unassigned_transcript_2389_2719366_2720016_651	annotated	unassigned_transcript_2389	assumed_protein_coding	MM_RS11825	MM_RS11825	assumed_protein_coding	NC_003901.1	-	ATG	2719366-2720016
unassigned_transcript_2390_2720050_2720808_759	annotated	unassigned_transcript_2390	assumed_protein_coding	MM_RS11830	MM_RS11830	assumed_protein_coding	NC_003901.1	-	ATG	2720050-2720808
unassigned_transcript_2391_2721222_2722121_900	annotated	unassigned_transcript_2391	assumed_protein_coding	MM_RS11835	MM_RS11835	assumed_protein_coding	NC_003901.1	-	ATG	2721222-2722121
unassigned_transcript_2392_2722303_2723712_1410	annotated	unassigned_transcript_2392	assumed_protein_coding	MM_RS11840	MM_RS11840	assumed_protein_coding	NC_003901.1	-	ATG	2722303-2723712
unassigned_transcript_2393_2724335_2724553_219	annotated	unassigned_transcript_2393	assumed_protein_coding	MM_RS18495	MM_RS18495	assumed_protein_coding	NC_003901.1	-	ATG	2724335-2724553
unassigned_transcript_2394_2724917_2725957_1041	annotated	unassigned_transcript_2394	assumed_protein_coding	MM_RS11850	MM_RS11850	assumed_protein_coding	NC_003901.1	+	ATG	2724917-2725957
unassigned_transcript_2395_2726470_2727300_831	annotated	unassigned_transcript_2395	assumed_protein_coding	MM_RS11855	MM_RS11855	assumed_protein_coding	NC_003901.1	+	ATG	2726470-2727300
unassigned_transcript_2396_2727361_2728164_804	annotated	unassigned_transcript_2396	assumed_protein_coding	MM_RS11860	MM_RS11860	assumed_protein_coding	NC_003901.1	+	ATG	2727361-2728164
unassigned_transcript_2398_2729690_2731051_1362	annotated	unassigned_transcript_2398	assumed_protein_coding	MM_RS11870	MM_RS11870	assumed_protein_coding	NC_003901.1	+	ATG	2729690-2731051
unassigned_transcript_2399_2731446_2732159_714	annotated	unassigned_transcript_2399	assumed_protein_coding	MM_RS11875	MM_RS11875	assumed_protein_coding	NC_003901.1	-	ATG	2731446-2732159
unassigned_transcript_2400_2732162_2735287_3126	annotated	unassigned_transcript_2400	assumed_protein_coding	MM_RS11880	MM_RS11880	assumed_protein_coding	NC_003901.1	-	ATG	2732162-2735287
unassigned_transcript_2401_2735287_2736504_1218	annotated	unassigned_transcript_2401	assumed_protein_coding	MM_RS17545	MM_RS17545	assumed_protein_coding	NC_003901.1	-	ATG	2735287-2736504
unassigned_transcript_2402_2736504_2738927_2424	annotated	unassigned_transcript_2402	assumed_protein_coding	MM_RS11890	MM_RS11890	assumed_protein_coding	NC_003901.1	-	ATG	2736504-2738927
unassigned_transcript_2405_2742812_2743798_987	annotated	unassigned_transcript_2405	assumed_protein_coding	MM_RS11900	MM_RS11900	assumed_protein_coding	NC_003901.1	-	ATG	2742812-2743798
unassigned_transcript_2406_2743821_2744012_192	annotated	unassigned_transcript_2406	assumed_protein_coding	MM_RS19210	MM_RS19210	assumed_protein_coding	NC_003901.1	+	ATG	2743821-2744012
unassigned_transcript_2407_2744422_2746356_1935	annotated	unassigned_transcript_2407	assumed_protein_coding	MM_RS11910	MM_RS11910	assumed_protein_coding	NC_003901.1	-	ATG	2744422-2746356
unassigned_transcript_2408_2746373_2749228_2856	annotated	unassigned_transcript_2408	assumed_protein_coding	MM_RS11915	MM_RS11915	assumed_protein_coding	NC_003901.1	-	ATG	2746373-2749228
unassigned_transcript_2409_2749530_2750714_1185	annotated	unassigned_transcript_2409	assumed_protein_coding	MM_RS11920	MM_RS11920	assumed_protein_coding	NC_003901.1	-	ATG	2749530-2750714
unassigned_transcript_2410_2750918_2751607_690	annotated	unassigned_transcript_2410	assumed_protein_coding	MM_RS11925	MM_RS11925	assumed_protein_coding	NC_003901.1	+	ATG	2750918-2751607
unassigned_transcript_2411_2751915_2753816_1902	annotated	unassigned_transcript_2411	assumed_protein_coding	MM_RS11930	MM_RS11930	assumed_protein_coding	NC_003901.1	-	ATG	2751915-2753816
unassigned_transcript_2412_2754351_2755610_1260	annotated	unassigned_transcript_2412	assumed_protein_coding	MM_RS11935	MM_RS11935	assumed_protein_coding	NC_003901.1	+	ATG	2754351-2755610
unassigned_transcript_2413_2755788_2757044_1257	annotated	unassigned_transcript_2413	assumed_protein_coding	MM_RS11940	MM_RS11940	assumed_protein_coding	NC_003901.1	+	ATG	2755788-2757044
unassigned_transcript_2415_2758135_2759787_1653	annotated	unassigned_transcript_2415	assumed_protein_coding	MM_RS11950	MM_RS11950	assumed_protein_coding	NC_003901.1	-	ATG	2758135-2759787
unassigned_transcript_2416_2759898_2760056_159	annotated	unassigned_transcript_2416	assumed_protein_coding	MM_RS18900	MM_RS18900	assumed_protein_coding	NC_003901.1	-	ATG	2759898-2760056
unassigned_transcript_2417_2760603_2761877_1275	annotated	unassigned_transcript_2417	assumed_protein_coding	MM_RS11955	MM_RS11955	assumed_protein_coding	NC_003901.1	-	ATG	2760603-2761877
unassigned_transcript_2418_2762197_2763669_1473	annotated	unassigned_transcript_2418	assumed_protein_coding	MM_RS11960	MM_RS11960	assumed_protein_coding	NC_003901.1	-	ATG	2762197-2763669
unassigned_transcript_2419_2763895_2764491_597	annotated	unassigned_transcript_2419	assumed_protein_coding	MM_RS11965	MM_RS11965	assumed_protein_coding	NC_003901.1	+	ATG	2763895-2764491
unassigned_transcript_2420_2764570_2765502_933	annotated	unassigned_transcript_2420	assumed_protein_coding	MM_RS11970	MM_RS11970	assumed_protein_coding	NC_003901.1	-	ATG	2764570-2765502
unassigned_transcript_2421_2765668_2767338_1671	annotated	unassigned_transcript_2421	assumed_protein_coding	MM_RS11975	MM_RS11975	assumed_protein_coding	NC_003901.1	+	ATG	2765668-2767338
unassigned_transcript_2423_2767755_2767970_216	annotated	unassigned_transcript_2423	assumed_protein_coding	MM_RS18505	MM_RS18505	assumed_protein_coding	NC_003901.1	+	ATG	2767755-2767970
unassigned_transcript_2424_2768286_2769098_813	annotated	unassigned_transcript_2424	assumed_protein_coding	MM_RS11985	MM_RS11985	assumed_protein_coding	NC_003901.1	-	ATG	2768286-2769098
unassigned_transcript_2425_2769127_2770899_1773	annotated	unassigned_transcript_2425	assumed_protein_coding	MM_RS11990	MM_RS11990	assumed_protein_coding	NC_003901.1	-	ATG	2769127-2770899
unassigned_transcript_2426_2770910_2772058_1149	annotated	unassigned_transcript_2426	assumed_protein_coding	MM_RS11995	MM_RS11995	assumed_protein_coding	NC_003901.1	-	ATG	2770910-2772058
unassigned_transcript_2427_2773179_2773436_258	annotated	unassigned_transcript_2427	assumed_protein_coding	MM_RS12000	MM_RS12000	assumed_protein_coding	NC_003901.1	+	ATG	2773179-2773436
unassigned_transcript_2429_2774571_2774981_411	annotated	unassigned_transcript_2429	assumed_protein_coding	MM_RS12010	MM_RS12010	assumed_protein_coding	NC_003901.1	+	ATG	2774571-2774981
unassigned_transcript_2430_2775019_2775675_657	annotated	unassigned_transcript_2430	assumed_protein_coding	MM_RS12015	MM_RS12015	assumed_protein_coding	NC_003901.1	+	ATG	2775019-2775675
unassigned_transcript_2431_2775715_2776758_1044	annotated	unassigned_transcript_2431	assumed_protein_coding	MM_RS12020	MM_RS12020	assumed_protein_coding	NC_003901.1	+	ATG	2775715-2776758
unassigned_transcript_2432_2778411_2780324_1914	annotated	unassigned_transcript_2432	assumed_protein_coding	MM_RS12025	MM_RS12025	assumed_protein_coding	NC_003901.1	+	ATG	2778411-2780324
unassigned_transcript_2433_2780327_2781196_870	annotated	unassigned_transcript_2433	assumed_protein_coding	MM_RS12030	MM_RS12030	assumed_protein_coding	NC_003901.1	+	ATG	2780327-2781196
unassigned_transcript_2434_2781213_2781680_468	annotated	unassigned_transcript_2434	assumed_protein_coding	MM_RS12035	MM_RS12035	assumed_protein_coding	NC_003901.1	+	ATG	2781213-2781680
unassigned_transcript_2435_2781676_2782014_339	annotated	unassigned_transcript_2435	assumed_protein_coding	MM_RS12040	MM_RS12040	assumed_protein_coding	NC_003901.1	+	ATG	2781676-2782014
unassigned_transcript_2436_2782040_2783113_1074	annotated	unassigned_transcript_2436	assumed_protein_coding	MM_RS12045	MM_RS12045	assumed_protein_coding	NC_003901.1	+	ATG	2782040-2783113
unassigned_transcript_2437_2783135_2783503_369	annotated	unassigned_transcript_2437	assumed_protein_coding	MM_RS12050	MM_RS12050	assumed_protein_coding	NC_003901.1	+	ATG	2783135-2783503
unassigned_transcript_2440_2784953_2787838_2886	annotated	unassigned_transcript_2440	assumed_protein_coding	MM_RS12070	MM_RS12070	assumed_protein_coding	NC_003901.1	+	ATG	2784953-2787838
unassigned_transcript_2441_2787886_2788143_258	annotated	unassigned_transcript_2441	assumed_protein_coding	MM_RS12075	MM_RS12075	assumed_protein_coding	NC_003901.1	+	ATG	2787886-2788143
unassigned_transcript_2442_2788227_2788418_192	annotated	unassigned_transcript_2442	assumed_protein_coding	MM_RS12080	MM_RS12080	assumed_protein_coding	NC_003901.1	+	ATG	2788227-2788418
unassigned_transcript_2443_2788494_2789837_1344	annotated	unassigned_transcript_2443	assumed_protein_coding	MM_RS12085	MM_RS12085	assumed_protein_coding	NC_003901.1	-	ATG	2788494-2789837
unassigned_transcript_2445_2790987_2791667_681	annotated	unassigned_transcript_2445	assumed_protein_coding	MM_RS12095	MM_RS12095	assumed_protein_coding	NC_003901.1	+	ATG	2790987-2791667
unassigned_transcript_2446_2791819_2792142_324	annotated	unassigned_transcript_2446	assumed_protein_coding	MM_RS12100	MM_RS12100	assumed_protein_coding	NC_003901.1	-	ATG	2791819-2792142
unassigned_transcript_2448_2793163_2793378_216	annotated	unassigned_transcript_2448	assumed_protein_coding	MM_RS12110	MM_RS12110	assumed_protein_coding	NC_003901.1	+	ATG	2793163-2793378
unassigned_transcript_2449_2794031_2794348_318	annotated	unassigned_transcript_2449	assumed_protein_coding	MM_RS12115	MM_RS12115	assumed_protein_coding	NC_003901.1	+	ATG	2794031-2794348
unassigned_transcript_2450_2794772_2794972_201	annotated	unassigned_transcript_2450	assumed_protein_coding	MM_RS12120	MM_RS12120	assumed_protein_coding	NC_003901.1	+	ATG	2794772-2794972
unassigned_transcript_2451_2795360_2795557_198	annotated	unassigned_transcript_2451	assumed_protein_coding	MM_RS12125	MM_RS12125	assumed_protein_coding	NC_003901.1	+	ATG	2795360-2795557
unassigned_transcript_2453_2796355_2797986_1632	annotated	unassigned_transcript_2453	assumed_protein_coding	MM_RS12135	MM_RS12135	assumed_protein_coding	NC_003901.1	-	ATG	2796355-2797986
unassigned_transcript_2454_2798160_2799521_1362	annotated	unassigned_transcript_2454	assumed_protein_coding	MM_RS12140	MM_RS12140	assumed_protein_coding	NC_003901.1	-	ATG	2798160-2799521
unassigned_transcript_2455_2799773_2800210_438	annotated	unassigned_transcript_2455	assumed_protein_coding	MM_RS12145	MM_RS12145	assumed_protein_coding	NC_003901.1	+	ATG	2799773-2800210
unassigned_transcript_2456_2800889_2801377_489	annotated	unassigned_transcript_2456	assumed_protein_coding	MM_RS12150	MM_RS12150	assumed_protein_coding	NC_003901.1	+	ATG	2800889-2801377
unassigned_transcript_2458_2802277_2803758_1482	annotated	unassigned_transcript_2458	assumed_protein_coding	MM_RS12160	MM_RS12160	assumed_protein_coding	NC_003901.1	+	ATG	2802277-2803758
unassigned_transcript_2459_2804059_2804895_837	annotated	unassigned_transcript_2459	assumed_protein_coding	MM_RS12165	MM_RS12165	assumed_protein_coding	NC_003901.1	+	ATG	2804059-2804895
unassigned_transcript_2460_2805026_2805928_903	annotated	unassigned_transcript_2460	assumed_protein_coding	MM_RS12170	MM_RS12170	assumed_protein_coding	NC_003901.1	-	ATG	2805026-2805928
unassigned_transcript_2461_2806294_2807487_1194	annotated	unassigned_transcript_2461	assumed_protein_coding	MM_RS12175	MM_RS12175	assumed_protein_coding	NC_003901.1	-	ATG	2806294-2807487
unassigned_transcript_2462_2807738_2808529_792	annotated	unassigned_transcript_2462	assumed_protein_coding	MM_RS12180	MM_RS12180	assumed_protein_coding	NC_003901.1	+	ATG	2807738-2808529
unassigned_transcript_2463_2808873_2809748_876	annotated	unassigned_transcript_2463	assumed_protein_coding	MM_RS12185	MM_RS12185	assumed_protein_coding	NC_003901.1	-	ATG	2808873-2809748
unassigned_transcript_2464_2810077_2810235_159	annotated	unassigned_transcript_2464	assumed_protein_coding	MM_RS18510	MM_RS18510	assumed_protein_coding	NC_003901.1	-	ATG	2810077-2810235
unassigned_transcript_2465_2810721_2811230_510	annotated	unassigned_transcript_2465	assumed_protein_coding	MM_RS12190	MM_RS12190	assumed_protein_coding	NC_003901.1	-	ATG	2810721-2811230
unassigned_transcript_2466_2811477_2811755_279	annotated	unassigned_transcript_2466	assumed_protein_coding	MM_RS12195	MM_RS12195	assumed_protein_coding	NC_003901.1	+	ATG	2811477-2811755
unassigned_transcript_2467_2812087_2813001_915	annotated	unassigned_transcript_2467	assumed_protein_coding	MM_RS12200	MM_RS12200	assumed_protein_coding	NC_003901.1	-	ATG	2812087-2813001
unassigned_transcript_2469_2813461_2814258_798	annotated	unassigned_transcript_2469	assumed_protein_coding	MM_RS12210	MM_RS12210	assumed_protein_coding	NC_003901.1	+	ATG	2813461-2814258
unassigned_transcript_2470_2814326_2814604_279	annotated	unassigned_transcript_2470	assumed_protein_coding	MM_RS12215	MM_RS12215	assumed_protein_coding	NC_003901.1	+	ATG	2814326-2814604
unassigned_transcript_2471_2814849_2815235_387	annotated	unassigned_transcript_2471	assumed_protein_coding	MM_RS12220	MM_RS12220	assumed_protein_coding	NC_003901.1	+	ATG	2814849-2815235
unassigned_transcript_2472_2815505_2816401_897	annotated	unassigned_transcript_2472	assumed_protein_coding	MM_RS12230	MM_RS12230	assumed_protein_coding	NC_003901.1	+	ATG	2815505-2816401
unassigned_transcript_2473_2816537_2817205_669	annotated	unassigned_transcript_2473	assumed_protein_coding	MM_RS12235	MM_RS12235	assumed_protein_coding	NC_003901.1	+	ATG	2816537-2817205
unassigned_transcript_2474_2817679_2818071_393	annotated	unassigned_transcript_2474	assumed_protein_coding	MM_RS12240	MM_RS12240	assumed_protein_coding	NC_003901.1	-	ATG	2817679-2818071
unassigned_transcript_2476_2818380_2819258_879	annotated	unassigned_transcript_2476	assumed_protein_coding	MM_RS12250	MM_RS12250	assumed_protein_coding	NC_003901.1	-	ATG	2818380-2819258
unassigned_transcript_2478_2820949_2821092_144	annotated	unassigned_transcript_2478	assumed_protein_coding	MM_RS18850	MM_RS18850	assumed_protein_coding	NC_003901.1	+	ATG	2820949-2821092
unassigned_transcript_2479_2821507_2822145_639	annotated	unassigned_transcript_2479	assumed_protein_coding	MM_RS12260	MM_RS12260	assumed_protein_coding	NC_003901.1	+	ATG	2821507-2822145
unassigned_transcript_2480_2822154_2822510_357	annotated	unassigned_transcript_2480	assumed_protein_coding	MM_RS12265	MM_RS12265	assumed_protein_coding	NC_003901.1	+	ATG	2822154-2822510
unassigned_transcript_2481_2822527_2823036_510	annotated	unassigned_transcript_2481	assumed_protein_coding	MM_RS12270	MM_RS12270	assumed_protein_coding	NC_003901.1	+	ATG	2822527-2823036
unassigned_transcript_2482_2823326_2823946_621	annotated	unassigned_transcript_2482	assumed_protein_coding	MM_RS12275	MM_RS12275	assumed_protein_coding	NC_003901.1	+	ATG	2823326-2823946
unassigned_transcript_2484_2825548_2826480_933	annotated	unassigned_transcript_2484	assumed_protein_coding	MM_RS12285	MM_RS12285	assumed_protein_coding	NC_003901.1	+	ATG	2825548-2826480
unassigned_transcript_2485_2826596_2827609_1014	annotated	unassigned_transcript_2485	assumed_protein_coding	MM_RS12290	MM_RS12290	assumed_protein_coding	NC_003901.1	-	ATG	2826596-2827609
unassigned_transcript_2486_2828110_2828982_873	annotated	unassigned_transcript_2486	assumed_protein_coding	MM_RS12295	MM_RS12295	assumed_protein_coding	NC_003901.1	+	ATG	2828110-2828982
unassigned_transcript_2487_2829200_2829511_312	annotated	unassigned_transcript_2487	assumed_protein_coding	MM_RS12300	MM_RS12300	assumed_protein_coding	NC_003901.1	-	ATG	2829200-2829511
unassigned_transcript_2488_2829595_2830854_1260	annotated	unassigned_transcript_2488	assumed_protein_coding	MM_RS12305	MM_RS12305	assumed_protein_coding	NC_003901.1	-	ATG	2829595-2830854
unassigned_transcript_2489_2831047_2831859_813	annotated	unassigned_transcript_2489	assumed_protein_coding	MM_RS12310	MM_RS12310	assumed_protein_coding	NC_003901.1	-	ATG	2831047-2831859
unassigned_transcript_2490_2832077_2832577_501	annotated	unassigned_transcript_2490	assumed_protein_coding	MM_RS12315	MM_RS12315	assumed_protein_coding	NC_003901.1	+	ATG	2832077-2832577
unassigned_transcript_2491_2833429_2834169_741	annotated	unassigned_transcript_2491	assumed_protein_coding	MM_RS12320	MM_RS12320	assumed_protein_coding	NC_003901.1	-	ATG	2833429-2834169
unassigned_transcript_2492_2834396_2834785_390	annotated	unassigned_transcript_2492	assumed_protein_coding	MM_RS12325	MM_RS12325	assumed_protein_coding	NC_003901.1	-	ATG	2834396-2834785
unassigned_transcript_2493_2835346_2836479_1134	annotated	unassigned_transcript_2493	assumed_protein_coding	MM_RS12330	MM_RS12330	assumed_protein_coding	NC_003901.1	+	ATG	2835346-2836479
unassigned_transcript_2494_2836547_2837320_774	annotated	unassigned_transcript_2494	assumed_protein_coding	MM_RS12335	MM_RS12335	assumed_protein_coding	NC_003901.1	+	ATG	2836547-2837320
unassigned_transcript_2495_2838031_2840508_2478	annotated	unassigned_transcript_2495	assumed_protein_coding	MM_RS12340	MM_RS12340	assumed_protein_coding	NC_003901.1	+	ATG	2838031-2840508
unassigned_transcript_2496_2840688_2841086_399	annotated	unassigned_transcript_2496	assumed_protein_coding	MM_RS12345	MM_RS12345	assumed_protein_coding	NC_003901.1	+	ATG	2840688-2841086
unassigned_transcript_2498_2841829_2842239_411	annotated	unassigned_transcript_2498	assumed_protein_coding	MM_RS12360	MM_RS12360	assumed_protein_coding	NC_003901.1	+	ATG	2841829-2842239
unassigned_transcript_2501_2843388_2844296_909	annotated	unassigned_transcript_2501	assumed_protein_coding	MM_RS12375	MM_RS12375	assumed_protein_coding	NC_003901.1	-	ATG	2843388-2844296
unassigned_transcript_2502_2844698_2845219_522	annotated	unassigned_transcript_2502	assumed_protein_coding	MM_RS12380	MM_RS12380	assumed_protein_coding	NC_003901.1	+	ATG	2844698-2845219
unassigned_transcript_2503_2845226_2846719_1494	annotated	unassigned_transcript_2503	assumed_protein_coding	MM_RS12385	MM_RS12385	assumed_protein_coding	NC_003901.1	+	ATG	2845226-2846719
unassigned_transcript_2504_2846719_2847504_786	annotated	unassigned_transcript_2504	assumed_protein_coding	MM_RS12390	MM_RS12390	assumed_protein_coding	NC_003901.1	+	ATG	2846719-2847504
unassigned_transcript_2505_2847672_2850338_2667	annotated	unassigned_transcript_2505	assumed_protein_coding	MM_RS12395	MM_RS12395	assumed_protein_coding	NC_003901.1	-	ATG	2847672-2850338
unassigned_transcript_2507_2851978_2852379_402	annotated	unassigned_transcript_2507	assumed_protein_coding	MM_RS12405	MM_RS12405	assumed_protein_coding	NC_003901.1	-	ATG	2851978-2852379
unassigned_transcript_2508_2853455_2855089_1635	annotated	unassigned_transcript_2508	assumed_protein_coding	MM_RS12410	MM_RS12410	assumed_protein_coding	NC_003901.1	-	ATG	2853455-2855089
unassigned_transcript_2509_2855189_2855641_453	annotated	unassigned_transcript_2509	assumed_protein_coding	MM_RS12415	MM_RS12415	assumed_protein_coding	NC_003901.1	-	ATG	2855189-2855641
unassigned_transcript_2510_2855755_2856330_576	annotated	unassigned_transcript_2510	assumed_protein_coding	MM_RS12420	MM_RS12420	assumed_protein_coding	NC_003901.1	-	ATG	2855755-2856330
unassigned_transcript_2511_2856719_2857813_1095	annotated	unassigned_transcript_2511	assumed_protein_coding	MM_RS12425	MM_RS12425	assumed_protein_coding	NC_003901.1	-	ATG	2856719-2857813
unassigned_transcript_2512_2857962_2858672_711	annotated	unassigned_transcript_2512	assumed_protein_coding	MM_RS12430	MM_RS12430	assumed_protein_coding	NC_003901.1	-	ATG	2857962-2858672
unassigned_transcript_2513_2859079_2859756_678	annotated	unassigned_transcript_2513	assumed_protein_coding	MM_RS12435	MM_RS12435	assumed_protein_coding	NC_003901.1	-	ATG	2859079-2859756
unassigned_transcript_2516_2861553_2862134_582	annotated	unassigned_transcript_2516	assumed_protein_coding	MM_RS12450	MM_RS12450	assumed_protein_coding	NC_003901.1	-	ATG	2861553-2862134
unassigned_transcript_2517_2862512_2862715_204	annotated	unassigned_transcript_2517	assumed_protein_coding	MM_RS12455	MM_RS12455	assumed_protein_coding	NC_003901.1	-	ATG	2862512-2862715
unassigned_transcript_2518_2862855_2863730_876	annotated	unassigned_transcript_2518	assumed_protein_coding	MM_RS12460	MM_RS12460	assumed_protein_coding	NC_003901.1	-	ATG	2862855-2863730
unassigned_transcript_2519_2864252_2865448_1197	annotated	unassigned_transcript_2519	assumed_protein_coding	MM_RS12465	MM_RS12465	assumed_protein_coding	NC_003901.1	-	ATG	2864252-2865448
unassigned_transcript_2521_2866178_2866801_624	annotated	unassigned_transcript_2521	assumed_protein_coding	MM_RS12475	MM_RS12475	assumed_protein_coding	NC_003901.1	-	ATG	2866178-2866801
unassigned_transcript_2522_2867416_2868165_750	annotated	unassigned_transcript_2522	assumed_protein_coding	MM_RS12480	MM_RS12480	assumed_protein_coding	NC_003901.1	+	ATG	2867416-2868165
unassigned_transcript_2523_2868432_2868554_123	annotated	unassigned_transcript_2523	assumed_protein_coding	MM_RS19455	MM_RS19455	assumed_protein_coding	NC_003901.1	-	ATG	2868432-2868554
unassigned_transcript_2524_2869004_2869633_630	annotated	unassigned_transcript_2524	assumed_protein_coding	MM_RS12485	MM_RS12485	assumed_protein_coding	NC_003901.1	+	ATG	2869004-2869633
unassigned_transcript_2525_2869824_2870030_207	annotated	unassigned_transcript_2525	assumed_protein_coding	MM_RS12490	MM_RS12490	assumed_protein_coding	NC_003901.1	-	ATG	2869824-2870030
unassigned_transcript_2526_2870639_2871535_897	annotated	unassigned_transcript_2526	assumed_protein_coding	MM_RS12495	MM_RS12495	assumed_protein_coding	NC_003901.1	+	ATG	2870639-2871535
unassigned_transcript_2527_2871601_2871936_336	annotated	unassigned_transcript_2527	assumed_protein_coding	MM_RS12500	MM_RS12500	assumed_protein_coding	NC_003901.1	+	ATG	2871601-2871936
unassigned_transcript_2529_2873202_2873849_648	annotated	unassigned_transcript_2529	assumed_protein_coding	MM_RS19215	MM_RS19215	assumed_protein_coding	NC_003901.1	+	ATG	2873202-2873849
unassigned_transcript_2531_2874321_2874914_594	annotated	unassigned_transcript_2531	assumed_protein_coding	MM_RS12515	MM_RS12515	assumed_protein_coding	NC_003901.1	+	ATG	2874321-2874914
unassigned_transcript_2532_2876136_2876378_243	annotated	unassigned_transcript_2532	assumed_protein_coding	MM_RS12520	MM_RS12520	assumed_protein_coding	NC_003901.1	-	ATG	2876136-2876378
unassigned_transcript_2533_2876691_2876900_210	annotated	unassigned_transcript_2533	assumed_protein_coding	MM_RS12525	MM_RS12525	assumed_protein_coding	NC_003901.1	+	ATG	2876691-2876900
unassigned_transcript_2534_2877339_2879201_1863	annotated	unassigned_transcript_2534	assumed_protein_coding	MM_RS12530	MM_RS12530	assumed_protein_coding	NC_003901.1	+	ATG	2877339-2879201
unassigned_transcript_2535_2879206_2880312_1107	annotated	unassigned_transcript_2535	assumed_protein_coding	MM_RS12535	MM_RS12535	assumed_protein_coding	NC_003901.1	+	ATG	2879206-2880312
unassigned_transcript_2536_2881210_2883111_1902	annotated	unassigned_transcript_2536	assumed_protein_coding	MM_RS12540	MM_RS12540	assumed_protein_coding	NC_003901.1	+	ATG	2881210-2883111
unassigned_transcript_2537_2883276_2885975_2700	annotated	unassigned_transcript_2537	assumed_protein_coding	MM_RS12545	MM_RS12545	assumed_protein_coding	NC_003901.1	+	ATG	2883276-2885975
unassigned_transcript_2538_2886629_2889574_2946	annotated	unassigned_transcript_2538	assumed_protein_coding	MM_RS12550	MM_RS12550	assumed_protein_coding	NC_003901.1	+	ATG	2886629-2889574
unassigned_transcript_2539_2889711_2890766_1056	annotated	unassigned_transcript_2539	assumed_protein_coding	MM_RS12555	MM_RS12555	assumed_protein_coding	NC_003901.1	-	ATG	2889711-2890766
unassigned_transcript_2540_2891423_2892043_621	annotated	unassigned_transcript_2540	assumed_protein_coding	MM_RS12560	MM_RS12560	assumed_protein_coding	NC_003901.1	+	ATG	2891423-2892043
unassigned_transcript_2541_2892347_2893501_1155	annotated	unassigned_transcript_2541	assumed_protein_coding	MM_RS12565	MM_RS12565	assumed_protein_coding	NC_003901.1	-	ATG	2892347-2893501
unassigned_transcript_2542_2893799_2894848_1050	annotated	unassigned_transcript_2542	assumed_protein_coding	MM_RS12570	MM_RS12570	assumed_protein_coding	NC_003901.1	-	ATG	2893799-2894848
unassigned_transcript_2543_2895203_2896120_918	annotated	unassigned_transcript_2543	assumed_protein_coding	MM_RS12575	MM_RS12575	assumed_protein_coding	NC_003901.1	-	ATG	2895203-2896120
unassigned_transcript_2544_2896878_2897978_1101	annotated	unassigned_transcript_2544	assumed_protein_coding	MM_RS12580	MM_RS12580	assumed_protein_coding	NC_003901.1	+	ATG	2896878-2897978
unassigned_transcript_2545_2897978_2898802_825	annotated	unassigned_transcript_2545	assumed_protein_coding	MM_RS12585	MM_RS12585	assumed_protein_coding	NC_003901.1	+	ATG	2897978-2898802
unassigned_transcript_2546_2898944_2900374_1431	annotated	unassigned_transcript_2546	assumed_protein_coding	MM_RS12595	MM_RS12595	assumed_protein_coding	NC_003901.1	+	ATG	2898944-2900374
unassigned_transcript_2548_2901977_2902870_894	annotated	unassigned_transcript_2548	assumed_protein_coding	MM_RS12610	MM_RS12610	assumed_protein_coding	NC_003901.1	+	ATG	2901977-2902870
unassigned_transcript_2549_2903187_2903783_597	annotated	unassigned_transcript_2549	assumed_protein_coding	MM_RS12615	MM_RS12615	assumed_protein_coding	NC_003901.1	+	ATG	2903187-2903783
unassigned_transcript_2550_2906352_2909147_2796	annotated	unassigned_transcript_2550	assumed_protein_coding	MM_RS12625	MM_RS12625	assumed_protein_coding	NC_003901.1	+	ATG	2906352-2909147
unassigned_transcript_2551_2909179_2910609_1431	annotated	unassigned_transcript_2551	assumed_protein_coding	MM_RS12630	MM_RS12630	assumed_protein_coding	NC_003901.1	-	ATG	2909179-2910609
unassigned_transcript_2552_2912093_2912497_405	annotated	unassigned_transcript_2552	assumed_protein_coding	MM_RS12640	MM_RS12640	assumed_protein_coding	NC_003901.1	+	ATG	2912093-2912497
unassigned_transcript_2557_2916541_2917206_666	annotated	unassigned_transcript_2557	assumed_protein_coding	MM_RS12665	MM_RS12665	assumed_protein_coding	NC_003901.1	+	ATG	2916541-2917206
unassigned_transcript_2558_2917206_2917853_648	annotated	unassigned_transcript_2558	assumed_protein_coding	MM_RS12670	MM_RS12670	assumed_protein_coding	NC_003901.1	+	ATG	2917206-2917853
unassigned_transcript_2561_2920417_2921510_1094	annotated	unassigned_transcript_2561	assumed_protein_coding	MM_RS17925	MM_RS17925	assumed_protein_coding	NC_003901.1	+	ATG	2920417-2921510
unassigned_transcript_2563_2922597_2922974_378	annotated	unassigned_transcript_2563	assumed_protein_coding	MM_RS18520	MM_RS18520	assumed_protein_coding	NC_003901.1	+	ATG	2922597-2922974
unassigned_transcript_2565_2924441_2925055_615	annotated	unassigned_transcript_2565	assumed_protein_coding	MM_RS12710	MM_RS12710	assumed_protein_coding	NC_003901.1	+	ATG	2924441-2925055
unassigned_transcript_2566_2925549_2926385_837	annotated	unassigned_transcript_2566	assumed_protein_coding	MM_RS12715	MM_RS12715	assumed_protein_coding	NC_003901.1	+	ATG	2925549-2926385
unassigned_transcript_2567_2926722_2927378_657	annotated	unassigned_transcript_2567	assumed_protein_coding	MM_RS12720	MM_RS12720	assumed_protein_coding	NC_003901.1	+	ATG	2926722-2927378
unassigned_transcript_2569_2928652_2929641_990	annotated	unassigned_transcript_2569	assumed_protein_coding	MM_RS12730	MM_RS12730	assumed_protein_coding	NC_003901.1	-	ATG	2928652-2929641
unassigned_transcript_2570_2929881_2931599_1719	annotated	unassigned_transcript_2570	assumed_protein_coding	MM_RS12735	MM_RS12735	assumed_protein_coding	NC_003901.1	-	ATG	2929881-2931599
unassigned_transcript_2571_2931605_2932531_927	annotated	unassigned_transcript_2571	assumed_protein_coding	MM_RS12740	MM_RS12740	assumed_protein_coding	NC_003901.1	-	ATG	2931605-2932531
unassigned_transcript_2572_2932531_2933511_981	annotated	unassigned_transcript_2572	assumed_protein_coding	MM_RS12745	MM_RS12745	assumed_protein_coding	NC_003901.1	-	ATG	2932531-2933511
unassigned_transcript_2573_2933542_2934402_861	annotated	unassigned_transcript_2573	assumed_protein_coding	MM_RS12750	MM_RS12750	assumed_protein_coding	NC_003901.1	-	ATG	2933542-2934402
unassigned_transcript_2574_2934383_2936059_1677	annotated	unassigned_transcript_2574	assumed_protein_coding	MM_RS12755	MM_RS12755	assumed_protein_coding	NC_003901.1	-	ATG	2934383-2936059
unassigned_transcript_2575_2937370_2937777_408	annotated	unassigned_transcript_2575	assumed_protein_coding	MM_RS12765	MM_RS12765	assumed_protein_coding	NC_003901.1	-	ATG	2937370-2937777
unassigned_transcript_2576_2937901_2939673_1773	annotated	unassigned_transcript_2576	assumed_protein_coding	MM_RS12770	MM_RS12770	assumed_protein_coding	NC_003901.1	-	ATG	2937901-2939673
unassigned_transcript_2577_2939834_2940280_447	annotated	unassigned_transcript_2577	assumed_protein_coding	MM_RS12775	MM_RS12775	assumed_protein_coding	NC_003901.1	-	ATG	2939834-2940280
unassigned_transcript_2578_2940317_2940502_186	annotated	unassigned_transcript_2578	assumed_protein_coding	MM_RS12780	MM_RS12780	assumed_protein_coding	NC_003901.1	-	ATG	2940317-2940502
unassigned_transcript_2579_2940525_2940743_219	annotated	unassigned_transcript_2579	assumed_protein_coding	MM_RS12785	MM_RS12785	assumed_protein_coding	NC_003901.1	-	ATG	2940525-2940743
unassigned_transcript_2580_2940771_2941130_360	annotated	unassigned_transcript_2580	assumed_protein_coding	MM_RS12790	MM_RS12790	assumed_protein_coding	NC_003901.1	-	ATG	2940771-2941130
unassigned_transcript_2581_2941441_2942091_651	annotated	unassigned_transcript_2581	assumed_protein_coding	MM_RS12795	MM_RS12795	assumed_protein_coding	NC_003901.1	+	ATG	2941441-2942091
unassigned_transcript_2582_2942287_2943768_1482	annotated	unassigned_transcript_2582	assumed_protein_coding	MM_RS12805	MM_RS12805	assumed_protein_coding	NC_003901.1	-	ATG	2942287-2943768
unassigned_transcript_2583_2944008_2949026_5019	annotated	unassigned_transcript_2583	assumed_protein_coding	MM_RS12810	MM_RS12810	assumed_protein_coding	NC_003901.1	-	ATG	2944008-2949026
unassigned_transcript_2584_2949937_2951301_1365	annotated	unassigned_transcript_2584	assumed_protein_coding	MM_RS12815	MM_RS12815	assumed_protein_coding	NC_003901.1	-	ATG	2949937-2951301
unassigned_transcript_2585_2951609_2952052_444	annotated	unassigned_transcript_2585	assumed_protein_coding	MM_RS12820	MM_RS12820	assumed_protein_coding	NC_003901.1	+	ATG	2951609-2952052
unassigned_transcript_2587_2952512_2953006_495	annotated	unassigned_transcript_2587	assumed_protein_coding	MM_RS12830	MM_RS12830	assumed_protein_coding	NC_003901.1	-	ATG	2952512-2953006
unassigned_transcript_2590_2953446_2953682_237	annotated	unassigned_transcript_2590	assumed_protein_coding	MM_RS12835	MM_RS12835	assumed_protein_coding	NC_003901.1	-	ATG	2953446-2953682
unassigned_transcript_2592_2954149_2954310_162	annotated	unassigned_transcript_2592	assumed_protein_coding	MM_RS19230	MM_RS19230	assumed_protein_coding	NC_003901.1	-	ATG	2954149-2954310
unassigned_transcript_2593_2954684_2955220_537	annotated	unassigned_transcript_2593	assumed_protein_coding	MM_RS19235	MM_RS19235	assumed_protein_coding	NC_003901.1	-	ATG	2954684-2955220
unassigned_transcript_2594_2955354_2958365_3012	annotated	unassigned_transcript_2594	assumed_protein_coding	MM_RS12850	MM_RS12850	assumed_protein_coding	NC_003901.1	-	ATG	2955354-2958365
unassigned_transcript_2595_2958987_2959379_393	annotated	unassigned_transcript_2595	assumed_protein_coding	MM_RS12855	MM_RS12855	assumed_protein_coding	NC_003901.1	-	ATG	2958987-2959379
unassigned_transcript_2596_2959396_2960874_1479	annotated	unassigned_transcript_2596	assumed_protein_coding	MM_RS12860	MM_RS12860	assumed_protein_coding	NC_003901.1	-	ATG	2959396-2960874
unassigned_transcript_2597_2960881_2962365_1485	annotated	unassigned_transcript_2597	assumed_protein_coding	MM_RS12865	MM_RS12865	assumed_protein_coding	NC_003901.1	-	ATG	2960881-2962365
unassigned_transcript_2599_2964380_2964685_306	annotated	unassigned_transcript_2599	assumed_protein_coding	MM_RS12875	MM_RS12875	assumed_protein_coding	NC_003901.1	-	ATG	2964380-2964685
unassigned_transcript_2601_2964926_2965213_288	annotated	unassigned_transcript_2601	assumed_protein_coding	MM_RS19470	MM_RS19470	assumed_protein_coding	NC_003901.1	-	ATG	2964926-2965213
unassigned_transcript_2602_2965213_2965620_408	annotated	unassigned_transcript_2602	assumed_protein_coding	MM_RS12890	MM_RS12890	assumed_protein_coding	NC_003901.1	-	ATG	2965213-2965620
unassigned_transcript_2603_2965626_2966666_1041	annotated	unassigned_transcript_2603	assumed_protein_coding	MM_RS12895	MM_RS12895	assumed_protein_coding	NC_003901.1	-	ATG	2965626-2966666
unassigned_transcript_2604_2966675_2967796_1122	annotated	unassigned_transcript_2604	assumed_protein_coding	MM_RS12900	MM_RS12900	assumed_protein_coding	NC_003901.1	-	ATG	2966675-2967796
unassigned_transcript_2605_2967810_2968283_474	annotated	unassigned_transcript_2605	assumed_protein_coding	MM_RS12905	MM_RS12905	assumed_protein_coding	NC_003901.1	-	ATG	2967810-2968283
unassigned_transcript_2606_2968316_2968867_552	annotated	unassigned_transcript_2606	assumed_protein_coding	MM_RS12910	MM_RS12910	assumed_protein_coding	NC_003901.1	-	ATG	2968316-2968867
unassigned_transcript_2608_2970250_2970408_159	annotated	unassigned_transcript_2608	assumed_protein_coding	MM_RS12920	MM_RS12920	assumed_protein_coding	NC_003901.1	+	ATG	2970250-2970408
unassigned_transcript_2609_2970408_2971682_1275	annotated	unassigned_transcript_2609	assumed_protein_coding	MM_RS12925	MM_RS12925	assumed_protein_coding	NC_003901.1	+	ATG	2970408-2971682
unassigned_transcript_2611_2972745_2973872_1128	annotated	unassigned_transcript_2611	assumed_protein_coding	MM_RS12935	MM_RS12935	assumed_protein_coding	NC_003901.1	+	ATG	2972745-2973872
unassigned_transcript_2612_2973931_2975082_1152	annotated	unassigned_transcript_2612	assumed_protein_coding	MM_RS12940	MM_RS12940	assumed_protein_coding	NC_003901.1	+	ATG	2973931-2975082
unassigned_transcript_2613_2975181_2975804_624	annotated	unassigned_transcript_2613	assumed_protein_coding	MM_RS12945	MM_RS12945	assumed_protein_coding	NC_003901.1	+	ATG	2975181-2975804
unassigned_transcript_2616_2977717_2978937_1221	annotated	unassigned_transcript_2616	assumed_protein_coding	MM_RS12960	MM_RS12960	assumed_protein_coding	NC_003901.1	+	ATG	2977717-2978937
unassigned_transcript_2617_2979088_2980515_1428	annotated	unassigned_transcript_2617	assumed_protein_coding	MM_RS12965	MM_RS12965	assumed_protein_coding	NC_003901.1	-	ATG	2979088-2980515
unassigned_transcript_2618_2980668_2982011_1344	annotated	unassigned_transcript_2618	assumed_protein_coding	MM_RS12970	MM_RS12970	assumed_protein_coding	NC_003901.1	-	ATG	2980668-2982011
unassigned_transcript_2620_2983779_2985122_1344	annotated	unassigned_transcript_2620	assumed_protein_coding	MM_RS12980	MM_RS12980	assumed_protein_coding	NC_003901.1	-	ATG	2983779-2985122
unassigned_transcript_2621_2985658_2986824_1167	annotated	unassigned_transcript_2621	assumed_protein_coding	MM_RS12985	MM_RS12985	assumed_protein_coding	NC_003901.1	-	ATG	2985658-2986824
unassigned_transcript_2622_2986938_2988794_1857	annotated	unassigned_transcript_2622	assumed_protein_coding	MM_RS12990	MM_RS12990	assumed_protein_coding	NC_003901.1	-	ATG	2986938-2988794
unassigned_transcript_2623_2989199_2989825_627	annotated	unassigned_transcript_2623	assumed_protein_coding	MM_RS12995	MM_RS12995	assumed_protein_coding	NC_003901.1	-	ATG	2989199-2989825
unassigned_transcript_2624_2989989_2991191_1203	annotated	unassigned_transcript_2624	assumed_protein_coding	MM_RS17935	MM_RS17935	assumed_protein_coding	NC_003901.1	+	ATG	2989989-2991191
unassigned_transcript_2626_2992351_2993553_1203	annotated	unassigned_transcript_2626	assumed_protein_coding	MM_RS17940	MM_RS17940	assumed_protein_coding	NC_003901.1	-	ATG	2992351-2993553
unassigned_transcript_2627_2994006_2994959_954	annotated	unassigned_transcript_2627	assumed_protein_coding	MM_RS13015	MM_RS13015	assumed_protein_coding	NC_003901.1	+	ATG	2994006-2994959
unassigned_transcript_2628_2995045_2996025_981	annotated	unassigned_transcript_2628	assumed_protein_coding	MM_RS13020	MM_RS13020	assumed_protein_coding	NC_003901.1	+	ATG	2995045-2996025
unassigned_transcript_2629_2996168_2996842_675	annotated	unassigned_transcript_2629	assumed_protein_coding	MM_RS13025	MM_RS13025	assumed_protein_coding	NC_003901.1	+	ATG	2996168-2996842
unassigned_transcript_2630_2997035_2997202_168	annotated	unassigned_transcript_2630	assumed_protein_coding	MM_RS13030	MM_RS13030	assumed_protein_coding	NC_003901.1	+	ATG	2997035-2997202
unassigned_transcript_2631_2997299_2997565_267	annotated	unassigned_transcript_2631	assumed_protein_coding	MM_RS13035	MM_RS13035	assumed_protein_coding	NC_003901.1	+	ATG	2997299-2997565
unassigned_transcript_2634_3001574_3001984_411	annotated	unassigned_transcript_2634	assumed_protein_coding	MM_RS13050	MM_RS13050	assumed_protein_coding	NC_003901.1	+	ATG	3001574-3001984
unassigned_transcript_2635_3002153_3003367_1215	annotated	unassigned_transcript_2635	assumed_protein_coding	MM_RS13055	MM_RS13055	assumed_protein_coding	NC_003901.1	-	ATG	3002153-3003367
unassigned_transcript_2636_3003452_3003610_159	annotated	unassigned_transcript_2636	assumed_protein_coding	MM_RS18535	MM_RS18535	assumed_protein_coding	NC_003901.1	-	ATG	3003452-3003610
unassigned_transcript_2637_3004046_3006343_2298	annotated	unassigned_transcript_2637	assumed_protein_coding	MM_RS13060	MM_RS13060	assumed_protein_coding	NC_003901.1	+	ATG	3004046-3006343
unassigned_transcript_2638_3006525_3007286_762	annotated	unassigned_transcript_2638	assumed_protein_coding	MM_RS13065	MM_RS13065	assumed_protein_coding	NC_003901.1	+	ATG	3006525-3007286
unassigned_transcript_2639_3007550_3007702_153	annotated	unassigned_transcript_2639	assumed_protein_coding	MM_RS18540	MM_RS18540	assumed_protein_coding	NC_003901.1	+	ATG	3007550-3007702
unassigned_transcript_2642_3009904_3010179_276	annotated	unassigned_transcript_2642	assumed_protein_coding	MM_RS13080	MM_RS13080	assumed_protein_coding	NC_003901.1	-	ATG	3009904-3010179
unassigned_transcript_2643_3010185_3010940_756	annotated	unassigned_transcript_2643	assumed_protein_coding	MM_RS13085	MM_RS13085	assumed_protein_coding	NC_003901.1	-	ATG	3010185-3010940
unassigned_transcript_2644_3011382_3012119_738	annotated	unassigned_transcript_2644	assumed_protein_coding	MM_RS13090	MM_RS13090	assumed_protein_coding	NC_003901.1	+	ATG	3011382-3012119
unassigned_transcript_2645_3012293_3012985_693	annotated	unassigned_transcript_2645	assumed_protein_coding	MM_RS13095	MM_RS13095	assumed_protein_coding	NC_003901.1	-	ATG	3012293-3012985
unassigned_transcript_2646_3013031_3013693_663	annotated	unassigned_transcript_2646	assumed_protein_coding	MM_RS13100	MM_RS13100	assumed_protein_coding	NC_003901.1	-	ATG	3013031-3013693
unassigned_transcript_2647_3013822_3014985_1164	annotated	unassigned_transcript_2647	assumed_protein_coding	MM_RS13105	MM_RS13105	assumed_protein_coding	NC_003901.1	-	ATG	3013822-3014985
unassigned_transcript_2648_3015013_3015612_600	annotated	unassigned_transcript_2648	assumed_protein_coding	MM_RS13110	MM_RS13110	assumed_protein_coding	NC_003901.1	-	ATG	3015013-3015612
unassigned_transcript_2650_3017439_3017978_540	annotated	unassigned_transcript_2650	assumed_protein_coding	MM_RS13120	MM_RS13120	assumed_protein_coding	NC_003901.1	-	ATG	3017439-3017978
unassigned_transcript_2652_3020350_3021003_654	annotated	unassigned_transcript_2652	assumed_protein_coding	MM_RS13130	MM_RS13130	assumed_protein_coding	NC_003901.1	-	ATG	3020350-3021003
unassigned_transcript_2653_3021179_3021811_633	annotated	unassigned_transcript_2653	assumed_protein_coding	MM_RS13135	MM_RS13135	assumed_protein_coding	NC_003901.1	+	ATG	3021179-3021811
unassigned_transcript_2654_3022074_3023366_1293	annotated	unassigned_transcript_2654	assumed_protein_coding	MM_RS13140	MM_RS13140	assumed_protein_coding	NC_003901.1	+	ATG	3022074-3023366
unassigned_transcript_2655_3023622_3023912_291	annotated	unassigned_transcript_2655	assumed_protein_coding	MM_RS13145	MM_RS13145	assumed_protein_coding	NC_003901.1	+	ATG	3023622-3023912
unassigned_transcript_2656_3024386_3024736_351	annotated	unassigned_transcript_2656	assumed_protein_coding	MM_RS13150	MM_RS13150	assumed_protein_coding	NC_003901.1	+	ATG	3024386-3024736
unassigned_transcript_2657_3025079_3025807_729	annotated	unassigned_transcript_2657	assumed_protein_coding	MM_RS13155	MM_RS13155	assumed_protein_coding	NC_003901.1	+	ATG	3025079-3025807
unassigned_transcript_2659_3026739_3027344_606	annotated	unassigned_transcript_2659	assumed_protein_coding	MM_RS13165	MM_RS13165	assumed_protein_coding	NC_003901.1	+	ATG	3026739-3027344
unassigned_transcript_2660_3027662_3030316_2655	annotated	unassigned_transcript_2660	assumed_protein_coding	MM_RS13170	MM_RS13170	assumed_protein_coding	NC_003901.1	+	ATG	3027662-3030316
unassigned_transcript_2661_3030517_3031380_864	annotated	unassigned_transcript_2661	assumed_protein_coding	MM_RS13175	MM_RS13175	assumed_protein_coding	NC_003901.1	+	ATG	3030517-3031380
unassigned_transcript_2663_3032389_3033102_714	annotated	unassigned_transcript_2663	assumed_protein_coding	MM_RS13185	MM_RS13185	assumed_protein_coding	NC_003901.1	-	ATG	3032389-3033102
unassigned_transcript_2664_3033146_3033943_798	annotated	unassigned_transcript_2664	assumed_protein_coding	MM_RS13190	MM_RS13190	assumed_protein_coding	NC_003901.1	-	ATG	3033146-3033943
unassigned_transcript_2665_3034226_3034828_603	annotated	unassigned_transcript_2665	assumed_protein_coding	MM_RS13195	MM_RS13195	assumed_protein_coding	NC_003901.1	+	ATG	3034226-3034828
unassigned_transcript_2666_3034992_3035264_273	annotated	unassigned_transcript_2666	assumed_protein_coding	MM_RS13200	MM_RS13200	assumed_protein_coding	NC_003901.1	-	ATG	3034992-3035264
unassigned_transcript_2667_3035257_3035493_237	annotated	unassigned_transcript_2667	assumed_protein_coding	MM_RS13205	MM_RS13205	assumed_protein_coding	NC_003901.1	-	ATG	3035257-3035493
unassigned_transcript_2668_3035713_3036339_627	annotated	unassigned_transcript_2668	assumed_protein_coding	MM_RS13210	MM_RS13210	assumed_protein_coding	NC_003901.1	+	ATG	3035713-3036339
unassigned_transcript_2669_3036424_3037026_603	annotated	unassigned_transcript_2669	assumed_protein_coding	MM_RS13215	MM_RS13215	assumed_protein_coding	NC_003901.1	-	ATG	3036424-3037026
unassigned_transcript_2671_3038614_3039222_609	annotated	unassigned_transcript_2671	assumed_protein_coding	MM_RS13225	MM_RS13225	assumed_protein_coding	NC_003901.1	+	ATG	3038614-3039222
unassigned_transcript_2672_3039333_3039581_249	annotated	unassigned_transcript_2672	assumed_protein_coding	MM_RS13230	MM_RS13230	assumed_protein_coding	NC_003901.1	-	ATG	3039333-3039581
unassigned_transcript_2674_3041787_3043481_1695	annotated	unassigned_transcript_2674	assumed_protein_coding	MM_RS13240	MM_RS13240	assumed_protein_coding	NC_003901.1	+	ATG	3041787-3043481
unassigned_transcript_2675_3043997_3044983_987	annotated	unassigned_transcript_2675	assumed_protein_coding	MM_RS13245	MM_RS13245	assumed_protein_coding	NC_003901.1	+	ATG	3043997-3044983
unassigned_transcript_2676_3045342_3046475_1134	annotated	unassigned_transcript_2676	assumed_protein_coding	MM_RS13250	MM_RS13250	assumed_protein_coding	NC_003901.1	+	ATG	3045342-3046475
unassigned_transcript_2677_3046462_3047199_738	annotated	unassigned_transcript_2677	assumed_protein_coding	MM_RS13255	MM_RS13255	assumed_protein_coding	NC_003901.1	+	ATG	3046462-3047199
unassigned_transcript_2678_3047545_3048639_1095	annotated	unassigned_transcript_2678	assumed_protein_coding	MM_RS13260	MM_RS13260	assumed_protein_coding	NC_003901.1	+	ATG	3047545-3048639
unassigned_transcript_2679_3048799_3051369_2571	annotated	unassigned_transcript_2679	assumed_protein_coding	MM_RS13265	MM_RS13265	assumed_protein_coding	NC_003901.1	+	ATG	3048799-3051369
unassigned_transcript_2680_3051849_3052955_1107	annotated	unassigned_transcript_2680	assumed_protein_coding	MM_RS13270	MM_RS13270	assumed_protein_coding	NC_003901.1	+	ATG	3051849-3052955
unassigned_transcript_2682_3053666_3054700_1035	annotated	unassigned_transcript_2682	assumed_protein_coding	MM_RS13280	MM_RS13280	assumed_protein_coding	NC_003901.1	+	ATG	3053666-3054700
unassigned_transcript_2683_3055128_3055919_792	annotated	unassigned_transcript_2683	assumed_protein_coding	MM_RS13285	MM_RS13285	assumed_protein_coding	NC_003901.1	+	ATG	3055128-3055919
unassigned_transcript_2685_3057354_3058925_1572	annotated	unassigned_transcript_2685	assumed_protein_coding	MM_RS13295	MM_RS13295	assumed_protein_coding	NC_003901.1	+	ATG	3057354-3058925
unassigned_transcript_2686_3059042_3059980_939	annotated	unassigned_transcript_2686	assumed_protein_coding	MM_RS13300	MM_RS13300	assumed_protein_coding	NC_003901.1	+	ATG	3059042-3059980
unassigned_transcript_2687_3059967_3060863_897	annotated	unassigned_transcript_2687	assumed_protein_coding	MM_RS13305	MM_RS13305	assumed_protein_coding	NC_003901.1	+	ATG	3059967-3060863
unassigned_transcript_2689_3061879_3062574_696	annotated	unassigned_transcript_2689	assumed_protein_coding	MM_RS13315	MM_RS13315	assumed_protein_coding	NC_003901.1	+	ATG	3061879-3062574
unassigned_transcript_2690_3062778_3063965_1188	annotated	unassigned_transcript_2690	assumed_protein_coding	MM_RS13320	MM_RS13320	assumed_protein_coding	NC_003901.1	+	ATG	3062778-3063965
unassigned_transcript_2691_3064218_3064700_483	annotated	unassigned_transcript_2691	assumed_protein_coding	MM_RS13325	MM_RS13325	assumed_protein_coding	NC_003901.1	-	ATG	3064218-3064700
unassigned_transcript_2692_3065169_3065477_309	annotated	unassigned_transcript_2692	assumed_protein_coding	MM_RS13330	MM_RS13330	assumed_protein_coding	NC_003901.1	-	ATG	3065169-3065477
unassigned_transcript_2693_3065513_3065968_456	annotated	unassigned_transcript_2693	assumed_protein_coding	MM_RS13335	MM_RS13335	assumed_protein_coding	NC_003901.1	-	ATG	3065513-3065968
unassigned_transcript_2696_3068231_3068476_246	annotated	unassigned_transcript_2696	assumed_protein_coding	MM_RS13350	MM_RS13350	assumed_protein_coding	NC_003901.1	-	ATG	3068231-3068476
unassigned_transcript_2699_3071437_3071946_510	annotated	unassigned_transcript_2699	assumed_protein_coding	MM_RS13365	MM_RS13365	assumed_protein_coding	NC_003901.1	-	ATG	3071437-3071946
unassigned_transcript_2700_3072133_3072435_303	annotated	unassigned_transcript_2700	assumed_protein_coding	MM_RS13370	MM_RS13370	assumed_protein_coding	NC_003901.1	-	ATG	3072133-3072435
unassigned_transcript_2701_3072723_3073088_366	annotated	unassigned_transcript_2701	assumed_protein_coding	MM_RS19475	MM_RS19475	assumed_protein_coding	NC_003901.1	-	ATG	3072723-3073088
unassigned_transcript_2702_3073221_3073994_774	annotated	unassigned_transcript_2702	assumed_protein_coding	MM_RS13380	MM_RS13380	assumed_protein_coding	NC_003901.1	-	ATG	3073221-3073994
unassigned_transcript_2703_3074752_3075510_759	annotated	unassigned_transcript_2703	assumed_protein_coding	MM_RS13385	MM_RS13385	assumed_protein_coding	NC_003901.1	+	ATG	3074752-3075510
unassigned_transcript_2704_3075767_3078031_2265	annotated	unassigned_transcript_2704	assumed_protein_coding	MM_RS13390	MM_RS13390	assumed_protein_coding	NC_003901.1	-	ATG	3075767-3078031
unassigned_transcript_2705_3078070_3079500_1431	annotated	unassigned_transcript_2705	assumed_protein_coding	MM_RS13395	MM_RS13395	assumed_protein_coding	NC_003901.1	-	ATG	3078070-3079500
unassigned_transcript_2707_3080422_3080826_405	annotated	unassigned_transcript_2707	assumed_protein_coding	MM_RS13410	MM_RS13410	assumed_protein_coding	NC_003901.1	+	ATG	3080422-3080826
unassigned_transcript_2708_3081425_3081631_207	annotated	unassigned_transcript_2708	assumed_protein_coding	MM_RS13415	MM_RS13415	assumed_protein_coding	NC_003901.1	+	ATG	3081425-3081631
unassigned_transcript_2709_3082413_3088106_5694	annotated	unassigned_transcript_2709	assumed_protein_coding	MM_RS13420	MM_RS13420	assumed_protein_coding	NC_003901.1	+	ATG	3082413-3088106
unassigned_transcript_2710_3088329_3089300_972	annotated	unassigned_transcript_2710	assumed_protein_coding	MM_RS13425	MM_RS13425	assumed_protein_coding	NC_003901.1	+	ATG	3088329-3089300
unassigned_transcript_2711_3089484_3090641_1158	annotated	unassigned_transcript_2711	assumed_protein_coding	MM_RS13430	MM_RS13430	assumed_protein_coding	NC_003901.1	+	ATG	3089484-3090641
unassigned_transcript_2712_3090807_3091355_549	annotated	unassigned_transcript_2712	assumed_protein_coding	MM_RS13435	MM_RS13435	assumed_protein_coding	NC_003901.1	-	ATG	3090807-3091355
unassigned_transcript_2713_3091627_3093621_1995	annotated	unassigned_transcript_2713	assumed_protein_coding	MM_RS13440	MM_RS13440	assumed_protein_coding	NC_003901.1	-	ATG	3091627-3093621
unassigned_transcript_2714_3093789_3095704_1916	annotated	unassigned_transcript_2714	assumed_protein_coding	MM_RS13445	MM_RS13445	assumed_protein_coding	NC_003901.1	-	ATG	3093789-3095704
unassigned_transcript_2715_3095935_3096054_120	annotated	unassigned_transcript_2715	assumed_protein_coding	MM_RS19480	MM_RS19480	assumed_protein_coding	NC_003901.1	-	ATG	3095935-3096054
unassigned_transcript_2716_3096427_3096612_186	annotated	unassigned_transcript_2716	assumed_protein_coding	MM_RS13450	MM_RS13450	assumed_protein_coding	NC_003901.1	+	ATG	3096427-3096612
unassigned_transcript_2717_3096612_3096890_279	annotated	unassigned_transcript_2717	assumed_protein_coding	MM_RS13455	MM_RS13455	assumed_protein_coding	NC_003901.1	+	ATG	3096612-3096890
unassigned_transcript_2718_3097259_3097993_735	annotated	unassigned_transcript_2718	assumed_protein_coding	MM_RS13460	MM_RS13460	assumed_protein_coding	NC_003901.1	+	ATG	3097259-3097993
unassigned_transcript_2724_3102338_3102526_189	annotated	unassigned_transcript_2724	assumed_protein_coding	MM_RS13480	MM_RS13480	assumed_protein_coding	NC_003901.1	+	ATG	3102338-3102526
unassigned_transcript_2725_3102529_3102804_276	annotated	unassigned_transcript_2725	assumed_protein_coding	MM_RS13485	MM_RS13485	assumed_protein_coding	NC_003901.1	+	ATG	3102529-3102804
unassigned_transcript_2726_3102984_3104021_1038	annotated	unassigned_transcript_2726	assumed_protein_coding	MM_RS13490	MM_RS13490	assumed_protein_coding	NC_003901.1	+	ATG	3102984-3104021
unassigned_transcript_2727_3104451_3104798_348	annotated	unassigned_transcript_2727	assumed_protein_coding	MM_RS13495	MM_RS13495	assumed_protein_coding	NC_003901.1	-	ATG	3104451-3104798
unassigned_transcript_2730_3105529_3105834_306	annotated	unassigned_transcript_2730	assumed_protein_coding	MM_RS13505	MM_RS13505	assumed_protein_coding	NC_003901.1	+	ATG	3105529-3105834
unassigned_transcript_2733_3108673_3110127_1455	annotated	unassigned_transcript_2733	assumed_protein_coding	MM_RS13515	MM_RS13515	assumed_protein_coding	NC_003901.1	-	ATG	3108673-3110127
unassigned_transcript_2734_3110852_3113587_2736	annotated	unassigned_transcript_2734	assumed_protein_coding	MM_RS13520	MM_RS13520	assumed_protein_coding	NC_003901.1	-	ATG	3110852-3113587
unassigned_transcript_2735_3114111_3114656_546	annotated	unassigned_transcript_2735	assumed_protein_coding	MM_RS13530	MM_RS13530	assumed_protein_coding	NC_003901.1	-	ATG	3114111-3114656
unassigned_transcript_2742_3122919_3123665_747	annotated	unassigned_transcript_2742	assumed_protein_coding	MM_RS13565	MM_RS13565	assumed_protein_coding	NC_003901.1	+	ATG	3122919-3123665
unassigned_transcript_2743_3123747_3124436_690	annotated	unassigned_transcript_2743	assumed_protein_coding	MM_RS13570	MM_RS13570	assumed_protein_coding	NC_003901.1	+	ATG	3123747-3124436
unassigned_transcript_2744_3124451_3125230_780	annotated	unassigned_transcript_2744	assumed_protein_coding	MM_RS13575	MM_RS13575	assumed_protein_coding	NC_003901.1	+	ATG	3124451-3125230
unassigned_transcript_2745_3125312_3126790_1479	annotated	unassigned_transcript_2745	assumed_protein_coding	MM_RS13580	MM_RS13580	assumed_protein_coding	NC_003901.1	+	ATG	3125312-3126790
unassigned_transcript_2747_3127741_3128022_282	annotated	unassigned_transcript_2747	assumed_protein_coding	MM_RS13590	MM_RS13590	assumed_protein_coding	NC_003901.1	+	ATG	3127741-3128022
unassigned_transcript_2748_3128055_3128189_135	annotated	unassigned_transcript_2748	assumed_protein_coding	MM_RS17955	MM_RS17955	assumed_protein_coding	NC_003901.1	+	ATG	3128055-3128189
unassigned_transcript_2749_3128996_3129466_471	annotated	unassigned_transcript_2749	assumed_protein_coding	MM_RS13595	MM_RS13595	assumed_protein_coding	NC_003901.1	+	ATG	3128996-3129466
unassigned_transcript_2750_3129580_3129825_246	annotated	unassigned_transcript_2750	assumed_protein_coding	MM_RS13600	MM_RS13600	assumed_protein_coding	NC_003901.1	+	ATG	3129580-3129825
unassigned_transcript_2751_3130032_3132224_2193	annotated	unassigned_transcript_2751	assumed_protein_coding	MM_RS13605	MM_RS13605	assumed_protein_coding	NC_003901.1	+	ATG	3130032-3132224
unassigned_transcript_2753_3135760_3135930_171	annotated	unassigned_transcript_2753	assumed_protein_coding	MM_RS18905	MM_RS18905	assumed_protein_coding	NC_003901.1	-	ATG	3135760-3135930
unassigned_transcript_2754_3136379_3136771_393	annotated	unassigned_transcript_2754	assumed_protein_coding	MM_RS13615	MM_RS13615	assumed_protein_coding	NC_003901.1	-	ATG	3136379-3136771
unassigned_transcript_2755_3137179_3138348_1170	annotated	unassigned_transcript_2755	assumed_protein_coding	MM_RS13620	MM_RS13620	assumed_protein_coding	NC_003901.1	+	ATG	3137179-3138348
unassigned_transcript_2757_3139032_3139277_246	annotated	unassigned_transcript_2757	assumed_protein_coding	MM_RS13625	MM_RS13625	assumed_protein_coding	NC_003901.1	-	ATG	3139032-3139277
unassigned_transcript_2758_3139499_3140173_675	annotated	unassigned_transcript_2758	assumed_protein_coding	MM_RS13630	MM_RS13630	assumed_protein_coding	NC_003901.1	+	ATG	3139499-3140173
unassigned_transcript_2760_3142798_3143487_690	annotated	unassigned_transcript_2760	assumed_protein_coding	MM_RS13640	MM_RS13640	assumed_protein_coding	NC_003901.1	+	ATG	3142798-3143487
unassigned_transcript_2761_3143483_3144787_1305	annotated	unassigned_transcript_2761	assumed_protein_coding	MM_RS13645	MM_RS13645	assumed_protein_coding	NC_003901.1	+	ATG	3143483-3144787
unassigned_transcript_2762_3145212_3146321_1110	annotated	unassigned_transcript_2762	assumed_protein_coding	MM_RS13650	MM_RS13650	assumed_protein_coding	NC_003901.1	-	ATG	3145212-3146321
unassigned_transcript_2764_3150431_3151348_918	annotated	unassigned_transcript_2764	assumed_protein_coding	MM_RS13660	MM_RS13660	assumed_protein_coding	NC_003901.1	-	ATG	3150431-3151348
unassigned_transcript_2766_3153400_3154140_741	annotated	unassigned_transcript_2766	assumed_protein_coding	MM_RS13670	MM_RS13670	assumed_protein_coding	NC_003901.1	+	ATG	3153400-3154140
unassigned_transcript_2769_3156004_3156303_300	annotated	unassigned_transcript_2769	assumed_protein_coding	MM_RS13690	MM_RS13690	assumed_protein_coding	NC_003901.1	-	ATG	3156004-3156303
unassigned_transcript_2770_3156306_3158129_1824	annotated	unassigned_transcript_2770	assumed_protein_coding	MM_RS13695	MM_RS13695	assumed_protein_coding	NC_003901.1	-	ATG	3156306-3158129
unassigned_transcript_2771_3158472_3161120_2649	annotated	unassigned_transcript_2771	assumed_protein_coding	MM_RS13700	MM_RS13700	assumed_protein_coding	NC_003901.1	-	ATG	3158472-3161120
unassigned_transcript_2772_3161694_3162995_1302	annotated	unassigned_transcript_2772	assumed_protein_coding	MM_RS13705	MM_RS13705	assumed_protein_coding	NC_003901.1	-	ATG	3161694-3162995
unassigned_transcript_2773_3163291_3164058_768	annotated	unassigned_transcript_2773	assumed_protein_coding	MM_RS13710	MM_RS13710	assumed_protein_coding	NC_003901.1	-	ATG	3163291-3164058
unassigned_transcript_2774_3164337_3165491_1155	annotated	unassigned_transcript_2774	assumed_protein_coding	MM_RS13715	MM_RS13715	assumed_protein_coding	NC_003901.1	-	ATG	3164337-3165491
unassigned_transcript_2775_3165905_3166696_792	annotated	unassigned_transcript_2775	assumed_protein_coding	MM_RS13720	MM_RS13720	assumed_protein_coding	NC_003901.1	+	ATG	3165905-3166696
unassigned_transcript_2777_3167643_3168107_465	annotated	unassigned_transcript_2777	assumed_protein_coding	MM_RS13730	MM_RS13730	assumed_protein_coding	NC_003901.1	-	ATG	3167643-3168107
unassigned_transcript_2779_3169660_3170853_1194	annotated	unassigned_transcript_2779	assumed_protein_coding	MM_RS13740	MM_RS13740	assumed_protein_coding	NC_003901.1	-	ATG	3169660-3170853
unassigned_transcript_2780_3171814_3173049_1236	annotated	unassigned_transcript_2780	assumed_protein_coding	MM_RS13745	MM_RS13745	assumed_protein_coding	NC_003901.1	+	ATG	3171814-3173049
unassigned_transcript_2782_3174331_3175071_741	annotated	unassigned_transcript_2782	assumed_protein_coding	MM_RS13760	MM_RS13760	assumed_protein_coding	NC_003901.1	-	ATG	3174331-3175071
unassigned_transcript_2783_3175787_3176206_420	annotated	unassigned_transcript_2783	assumed_protein_coding	MM_RS13765	MM_RS13765	assumed_protein_coding	NC_003901.1	+	ATG	3175787-3176206
unassigned_transcript_2784_3176501_3177067_567	annotated	unassigned_transcript_2784	assumed_protein_coding	MM_RS13775	MM_RS13775	assumed_protein_coding	NC_003901.1	+	ATG	3176501-3177067
unassigned_transcript_2787_3179276_3179701_426	annotated	unassigned_transcript_2787	assumed_protein_coding	MM_RS13790	MM_RS13790	assumed_protein_coding	NC_003901.1	-	ATG	3179276-3179701
unassigned_transcript_2788_3179943_3181331_1389	annotated	unassigned_transcript_2788	assumed_protein_coding	MM_RS13795	MM_RS13795	assumed_protein_coding	NC_003901.1	+	ATG	3179943-3181331
unassigned_transcript_2789_3181471_3182742_1272	annotated	unassigned_transcript_2789	assumed_protein_coding	MM_RS13800	MM_RS13800	assumed_protein_coding	NC_003901.1	+	ATG	3181471-3182742
unassigned_transcript_2790_3182808_3184010_1203	annotated	unassigned_transcript_2790	assumed_protein_coding	MM_RS13805	MM_RS13805	assumed_protein_coding	NC_003901.1	+	ATG	3182808-3184010
unassigned_transcript_2791_3184026_3184820_795	annotated	unassigned_transcript_2791	assumed_protein_coding	MM_RS13810	MM_RS13810	assumed_protein_coding	NC_003901.1	+	ATG	3184026-3184820
unassigned_transcript_2793_3186251_3187249_999	annotated	unassigned_transcript_2793	assumed_protein_coding	MM_RS13820	MM_RS13820	assumed_protein_coding	NC_003901.1	+	ATG	3186251-3187249
unassigned_transcript_2794_3187293_3188171_879	annotated	unassigned_transcript_2794	assumed_protein_coding	MM_RS13825	MM_RS13825	assumed_protein_coding	NC_003901.1	+	ATG	3187293-3188171
unassigned_transcript_2795_3188183_3190066_1884	annotated	unassigned_transcript_2795	assumed_protein_coding	MM_RS13830	MM_RS13830	assumed_protein_coding	NC_003901.1	+	ATG	3188183-3190066
unassigned_transcript_2796_3190066_3192648_2583	annotated	unassigned_transcript_2796	assumed_protein_coding	MM_RS13835	MM_RS13835	assumed_protein_coding	NC_003901.1	+	ATG	3190066-3192648
unassigned_transcript_2798_3194280_3195482_1203	annotated	unassigned_transcript_2798	assumed_protein_coding	MM_RS13845	MM_RS13845	assumed_protein_coding	NC_003901.1	-	ATG	3194280-3195482
unassigned_transcript_2799_3195934_3196116_183	annotated	unassigned_transcript_2799	assumed_protein_coding	MM_RS13850	MM_RS13850	assumed_protein_coding	NC_003901.1	-	ATG	3195934-3196116
unassigned_transcript_2800_3196281_3196583_303	annotated	unassigned_transcript_2800	assumed_protein_coding	MM_RS13855	MM_RS13855	assumed_protein_coding	NC_003901.1	-	ATG	3196281-3196583
unassigned_transcript_2802_3199765_3201042_1278	annotated	unassigned_transcript_2802	assumed_protein_coding	MM_RS13865	MM_RS13865	assumed_protein_coding	NC_003901.1	-	ATG	3199765-3201042
unassigned_transcript_2803_3201412_3202749_1338	annotated	unassigned_transcript_2803	assumed_protein_coding	MM_RS13870	MM_RS13870	assumed_protein_coding	NC_003901.1	+	ATG	3201412-3202749
unassigned_transcript_2804_3202959_3203135_177	annotated	unassigned_transcript_2804	assumed_protein_coding	MM_RS13875	MM_RS13875	assumed_protein_coding	NC_003901.1	-	ATG	3202959-3203135
unassigned_transcript_2805_3204091_3204951_861	annotated	unassigned_transcript_2805	assumed_protein_coding	MM_RS13885	MM_RS13885	assumed_protein_coding	NC_003901.1	+	ATG	3204091-3204951
unassigned_transcript_2807_3205368_3205637_270	annotated	unassigned_transcript_2807	assumed_protein_coding	MM_RS13895	MM_RS13895	assumed_protein_coding	NC_003901.1	-	ATG	3205368-3205637
unassigned_transcript_2808_3206043_3206603_561	annotated	unassigned_transcript_2808	assumed_protein_coding	MM_RS13900	MM_RS13900	assumed_protein_coding	NC_003901.1	+	ATG	3206043-3206603
unassigned_transcript_2809_3207154_3208650_1497	annotated	unassigned_transcript_2809	assumed_protein_coding	MM_RS13905	MM_RS13905	assumed_protein_coding	NC_003901.1	+	ATG	3207154-3208650
unassigned_transcript_2811_3209431_3210200_770	annotated	unassigned_transcript_2811	assumed_protein_coding	MM_RS13915	MM_RS13915	assumed_protein_coding	NC_003901.1	+	ATG	3209431-3210200
unassigned_transcript_2812_3210303_3210641_339	annotated	unassigned_transcript_2812	assumed_protein_coding	MM_RS13920	MM_RS13920	assumed_protein_coding	NC_003901.1	-	ATG	3210303-3210641
unassigned_transcript_2813_3210985_3211923_939	annotated	unassigned_transcript_2813	assumed_protein_coding	MM_RS13925	MM_RS13925	assumed_protein_coding	NC_003901.1	-	ATG	3210985-3211923
unassigned_transcript_2815_3213768_3215198_1431	annotated	unassigned_transcript_2815	assumed_protein_coding	MM_RS13940	MM_RS13940	assumed_protein_coding	NC_003901.1	+	ATG	3213768-3215198
unassigned_transcript_2816_3215724_3216122_399	annotated	unassigned_transcript_2816	assumed_protein_coding	MM_RS13945	MM_RS13945	assumed_protein_coding	NC_003901.1	+	ATG	3215724-3216122
unassigned_transcript_2817_3216277_3217665_1389	annotated	unassigned_transcript_2817	assumed_protein_coding	MM_RS13950	MM_RS13950	assumed_protein_coding	NC_003901.1	-	ATG	3216277-3217665
unassigned_transcript_2818_3218252_3219304_1053	annotated	unassigned_transcript_2818	assumed_protein_coding	MM_RS13955	MM_RS13955	assumed_protein_coding	NC_003901.1	+	ATG	3218252-3219304
unassigned_transcript_2819_3220398_3220958_561	annotated	unassigned_transcript_2819	assumed_protein_coding	MM_RS13960	MM_RS13960	assumed_protein_coding	NC_003901.1	+	ATG	3220398-3220958
unassigned_transcript_2821_3222202_3222881_678	annotated	unassigned_transcript_2821	assumed_protein_coding	MM_RS17970	MM_RS17970	assumed_protein_coding	NC_003901.1	-	ATG	3222202-3222558,3222561-3222881
unassigned_transcript_2824_3224535_3225329_795	annotated	unassigned_transcript_2824	assumed_protein_coding	MM_RS13990	MM_RS13990	assumed_protein_coding	NC_003901.1	+	ATG	3224535-3225329
unassigned_transcript_2826_3227881_3230163_2283	annotated	unassigned_transcript_2826	assumed_protein_coding	MM_RS14000	MM_RS14000	assumed_protein_coding	NC_003901.1	+	ATG	3227881-3230163
unassigned_transcript_2827_3230198_3231517_1320	annotated	unassigned_transcript_2827	assumed_protein_coding	MM_RS14005	MM_RS14005	assumed_protein_coding	NC_003901.1	-	ATG	3230198-3231517
unassigned_transcript_2828_3231504_3232925_1422	annotated	unassigned_transcript_2828	assumed_protein_coding	MM_RS14010	MM_RS14010	assumed_protein_coding	NC_003901.1	-	ATG	3231504-3232925
unassigned_transcript_2829_3232925_3235603_2679	annotated	unassigned_transcript_2829	assumed_protein_coding	MM_RS14015	MM_RS14015	assumed_protein_coding	NC_003901.1	-	ATG	3232925-3235603
unassigned_transcript_2830_3236326_3236649_324	annotated	unassigned_transcript_2830	assumed_protein_coding	MM_RS14020	MM_RS14020	assumed_protein_coding	NC_003901.1	+	ATG	3236326-3236649
unassigned_transcript_2831_3236711_3236968_258	annotated	unassigned_transcript_2831	assumed_protein_coding	MM_RS14025	MM_RS14025	assumed_protein_coding	NC_003901.1	-	ATG	3236711-3236968
unassigned_transcript_2833_3238774_3239061_288	annotated	unassigned_transcript_2833	assumed_protein_coding	MM_RS14035	MM_RS14035	assumed_protein_coding	NC_003901.1	-	ATG	3238774-3239061
unassigned_transcript_2834_3239212_3240255_1044	annotated	unassigned_transcript_2834	assumed_protein_coding	MM_RS14040	MM_RS14040	assumed_protein_coding	NC_003901.1	-	ATG	3239212-3240255
unassigned_transcript_2836_3242151_3242639_489	annotated	unassigned_transcript_2836	assumed_protein_coding	MM_RS14050	MM_RS14050	assumed_protein_coding	NC_003901.1	+	ATG	3242151-3242639
unassigned_transcript_2837_3242664_3243659_996	annotated	unassigned_transcript_2837	assumed_protein_coding	MM_RS14055	MM_RS14055	assumed_protein_coding	NC_003901.1	+	ATG	3242664-3243659
unassigned_transcript_2838_3243731_3245434_1704	annotated	unassigned_transcript_2838	assumed_protein_coding	MM_RS14060	MM_RS14060	assumed_protein_coding	NC_003901.1	+	ATG	3243731-3245434
unassigned_transcript_2839_3245510_3246136_627	annotated	unassigned_transcript_2839	assumed_protein_coding	MM_RS14065	MM_RS14065	assumed_protein_coding	NC_003901.1	-	ATG	3245510-3246136
unassigned_transcript_2840_3246136_3247122_987	annotated	unassigned_transcript_2840	assumed_protein_coding	MM_RS14070	MM_RS14070	assumed_protein_coding	NC_003901.1	-	ATG	3246136-3247122
unassigned_transcript_2841_3247668_3249269_1602	annotated	unassigned_transcript_2841	assumed_protein_coding	MM_RS14075	MM_RS14075	assumed_protein_coding	NC_003901.1	-	ATG	3247668-3249269
unassigned_transcript_2842_3249809_3250726_918	annotated	unassigned_transcript_2842	assumed_protein_coding	MM_RS14080	MM_RS14080	assumed_protein_coding	NC_003901.1	+	ATG	3249809-3250726
unassigned_transcript_2843_3250796_3251581_786	annotated	unassigned_transcript_2843	assumed_protein_coding	MM_RS14085	MM_RS14085	assumed_protein_coding	NC_003901.1	-	ATG	3250796-3251581
unassigned_transcript_2844_3252433_3255819_3387	annotated	unassigned_transcript_2844	assumed_protein_coding	MM_RS14090	MM_RS14090	assumed_protein_coding	NC_003901.1	+	ATG	3252433-3255819
unassigned_transcript_2845_3256029_3256304_276	annotated	unassigned_transcript_2845	assumed_protein_coding	MM_RS14095	MM_RS14095	assumed_protein_coding	NC_003901.1	-	ATG	3256029-3256304
unassigned_transcript_2846_3256475_3256957_483	annotated	unassigned_transcript_2846	assumed_protein_coding	MM_RS14100	MM_RS14100	assumed_protein_coding	NC_003901.1	+	ATG	3256475-3256957
unassigned_transcript_2847_3257182_3259596_2415	annotated	unassigned_transcript_2847	assumed_protein_coding	MM_RS14105	MM_RS14105	assumed_protein_coding	NC_003901.1	+	ATG	3257182-3259596
unassigned_transcript_2848_3259831_3260022_192	annotated	unassigned_transcript_2848	assumed_protein_coding	MM_RS14110	MM_RS14110	assumed_protein_coding	NC_003901.1	+	ATG	3259831-3260022
unassigned_transcript_2849_3260034_3260201_168	annotated	unassigned_transcript_2849	assumed_protein_coding	MM_RS19605	MM_RS19605	assumed_protein_coding	NC_003901.1	+	ATG	3260034-3260201
unassigned_transcript_2850_3260461_3260903_443	annotated	unassigned_transcript_2850	assumed_protein_coding	MM_RS14115	MM_RS14115	assumed_protein_coding	NC_003901.1	+	ATG	3260461-3260903
unassigned_transcript_2851_3261029_3261394_366	annotated	unassigned_transcript_2851	assumed_protein_coding	MM_RS18565	MM_RS18565	assumed_protein_coding	NC_003901.1	+	ATG	3261029-3261394
unassigned_transcript_2852_3262044_3263336_1293	annotated	unassigned_transcript_2852	assumed_protein_coding	MM_RS14125	MM_RS14125	assumed_protein_coding	NC_003901.1	+	ATG	3262044-3263336
unassigned_transcript_2853_3263635_3264978_1344	annotated	unassigned_transcript_2853	assumed_protein_coding	MM_RS14130	MM_RS14130	assumed_protein_coding	NC_003901.1	+	ATG	3263635-3264978
unassigned_transcript_2854_3265297_3265437_141	annotated	unassigned_transcript_2854	assumed_protein_coding	MM_RS18570	MM_RS18570	assumed_protein_coding	NC_003901.1	+	ATG	3265297-3265437
unassigned_transcript_2855_3265933_3266391_459	annotated	unassigned_transcript_2855	assumed_protein_coding	MM_RS14135	MM_RS14135	assumed_protein_coding	NC_003901.1	+	ATG	3265933-3266391
unassigned_transcript_2856_3267105_3268352_1248	annotated	unassigned_transcript_2856	assumed_protein_coding	MM_RS14140	MM_RS14140	assumed_protein_coding	NC_003901.1	+	ATG	3267105-3268352
unassigned_transcript_2857_3268604_3269239_636	annotated	unassigned_transcript_2857	assumed_protein_coding	MM_RS14145	MM_RS14145	assumed_protein_coding	NC_003901.1	-	ATG	3268604-3269239
unassigned_transcript_2858_3269561_3270181_621	annotated	unassigned_transcript_2858	assumed_protein_coding	MM_RS14150	MM_RS14150	assumed_protein_coding	NC_003901.1	-	ATG	3269561-3270181
unassigned_transcript_2859_3270298_3273501_3204	annotated	unassigned_transcript_2859	assumed_protein_coding	MM_RS14155	MM_RS14155	assumed_protein_coding	NC_003901.1	-	ATG	3270298-3273501
unassigned_transcript_2860_3273730_3274029_300	annotated	unassigned_transcript_2860	assumed_protein_coding	MM_RS14160	MM_RS14160	assumed_protein_coding	NC_003901.1	-	ATG	3273730-3274029
unassigned_transcript_2861_3274365_3274913_549	annotated	unassigned_transcript_2861	assumed_protein_coding	MM_RS14170	MM_RS14170	assumed_protein_coding	NC_003901.1	-	ATG	3274365-3274913
unassigned_transcript_2862_3274965_3275126_162	annotated	unassigned_transcript_2862	assumed_protein_coding	MM_RS18575	MM_RS18575	assumed_protein_coding	NC_003901.1	-	ATG	3274965-3275126
unassigned_transcript_2863_3275119_3275709_591	annotated	unassigned_transcript_2863	assumed_protein_coding	MM_RS14175	MM_RS14175	assumed_protein_coding	NC_003901.1	-	ATG	3275119-3275709
unassigned_transcript_2864_3275789_3276301_513	annotated	unassigned_transcript_2864	assumed_protein_coding	MM_RS14180	MM_RS14180	assumed_protein_coding	NC_003901.1	-	ATG	3275789-3276301
unassigned_transcript_2865_3276327_3277544_1218	annotated	unassigned_transcript_2865	assumed_protein_coding	MM_RS14185	MM_RS14185	assumed_protein_coding	NC_003901.1	-	ATG	3276327-3277544
unassigned_transcript_2866_3277547_3279070_1524	annotated	unassigned_transcript_2866	assumed_protein_coding	MM_RS14190	MM_RS14190	assumed_protein_coding	NC_003901.1	-	ATG	3277547-3279070
unassigned_transcript_2868_3280570_3282873_2304	annotated	unassigned_transcript_2868	assumed_protein_coding	MM_RS17560	MM_RS17560	assumed_protein_coding	NC_003901.1	-	ATG	3280570-3282873
unassigned_transcript_2870_3283994_3285061_1068	annotated	unassigned_transcript_2870	assumed_protein_coding	MM_RS14210	MM_RS14210	assumed_protein_coding	NC_003901.1	-	ATG	3283994-3285061
unassigned_transcript_2871_3285318_3286436_1119	annotated	unassigned_transcript_2871	assumed_protein_coding	MM_RS14215	MM_RS14215	assumed_protein_coding	NC_003901.1	-	ATG	3285318-3286436
unassigned_transcript_2872_3286939_3288189_1251	annotated	unassigned_transcript_2872	assumed_protein_coding	MM_RS14220	MM_RS14220	assumed_protein_coding	NC_003901.1	-	ATG	3286939-3288189
unassigned_transcript_2873_3288717_3289964_1248	annotated	unassigned_transcript_2873	assumed_protein_coding	MM_RS14225	MM_RS14225	assumed_protein_coding	NC_003901.1	+	ATG	3288717-3289964
unassigned_transcript_2874_3290865_3293795_2931	annotated	unassigned_transcript_2874	assumed_protein_coding	MM_RS14235	MM_RS14235	assumed_protein_coding	NC_003901.1	+	ATG	3290865-3293795
unassigned_transcript_2875_3294014_3295531_1518	annotated	unassigned_transcript_2875	assumed_protein_coding	MM_RS14240	MM_RS14240	assumed_protein_coding	NC_003901.1	+	ATG	3294014-3295531
unassigned_transcript_2877_3296301_3296786_486	annotated	unassigned_transcript_2877	assumed_protein_coding	MM_RS14250	MM_RS14250	assumed_protein_coding	NC_003901.1	-	ATG	3296301-3296786
unassigned_transcript_2878_3297191_3298279_1089	annotated	unassigned_transcript_2878	assumed_protein_coding	MM_RS14255	MM_RS14255	assumed_protein_coding	NC_003901.1	-	ATG	3297191-3298279
unassigned_transcript_2880_3298601_3299953_1353	annotated	unassigned_transcript_2880	assumed_protein_coding	MM_RS14265	MM_RS14265	assumed_protein_coding	NC_003901.1	+	ATG	3298601-3299953
unassigned_transcript_2881_3300206_3300361_156	annotated	unassigned_transcript_2881	assumed_protein_coding	MM_RS18580	MM_RS18580	assumed_protein_coding	NC_003901.1	+	ATG	3300206-3300361
unassigned_transcript_2882_3300730_3303021_2292	annotated	unassigned_transcript_2882	assumed_protein_coding	MM_RS14275	MM_RS14275	assumed_protein_coding	NC_003901.1	+	ATG	3300730-3303021
unassigned_transcript_2884_3304834_3305427_594	annotated	unassigned_transcript_2884	assumed_protein_coding	MM_RS14285	MM_RS14285	assumed_protein_coding	NC_003901.1	+	ATG	3304834-3305427
unassigned_transcript_2885_3305636_3305929_294	annotated	unassigned_transcript_2885	assumed_protein_coding	MM_RS14290	MM_RS14290	assumed_protein_coding	NC_003901.1	+	ATG	3305636-3305929
unassigned_transcript_2886_3305948_3306460_513	annotated	unassigned_transcript_2886	assumed_protein_coding	MM_RS14295	MM_RS14295	assumed_protein_coding	NC_003901.1	+	ATG	3305948-3306460
unassigned_transcript_2887_3306939_3307253_315	annotated	unassigned_transcript_2887	assumed_protein_coding	MM_RS14305	MM_RS14305	assumed_protein_coding	NC_003901.1	+	ATG	3306939-3307253
unassigned_transcript_2888_3307425_3312314_4890	annotated	unassigned_transcript_2888	assumed_protein_coding	MM_RS14310	MM_RS14310	assumed_protein_coding	NC_003901.1	+	ATG	3307425-3312314
unassigned_transcript_2889_3312354_3312941_588	annotated	unassigned_transcript_2889	assumed_protein_coding	MM_RS14315	MM_RS14315	assumed_protein_coding	NC_003901.1	+	ATG	3312354-3312941
unassigned_transcript_2891_3313280_3313534_255	annotated	unassigned_transcript_2891	assumed_protein_coding	MM_RS14320	MM_RS14320	assumed_protein_coding	NC_003901.1	+	ATG	3313280-3313534
unassigned_transcript_2892_3314653_3315189_537	annotated	unassigned_transcript_2892	assumed_protein_coding	MM_RS14325	MM_RS14325	assumed_protein_coding	NC_003901.1	+	ATG	3314653-3315189
unassigned_transcript_2893_3315538_3316026_489	annotated	unassigned_transcript_2893	assumed_protein_coding	MM_RS14330	MM_RS14330	assumed_protein_coding	NC_003901.1	+	ATG	3315538-3316026
unassigned_transcript_2894_3316030_3316395_366	annotated	unassigned_transcript_2894	assumed_protein_coding	MM_RS14335	MM_RS14335	assumed_protein_coding	NC_003901.1	+	ATG	3316030-3316395
unassigned_transcript_2895_3316406_3316867_462	annotated	unassigned_transcript_2895	assumed_protein_coding	MM_RS14340	MM_RS14340	assumed_protein_coding	NC_003901.1	+	ATG	3316406-3316867
unassigned_transcript_2896_3316871_3317776_906	annotated	unassigned_transcript_2896	assumed_protein_coding	MM_RS14345	MM_RS14345	assumed_protein_coding	NC_003901.1	+	ATG	3316871-3317776
unassigned_transcript_2897_3318139_3318318_180	annotated	unassigned_transcript_2897	assumed_protein_coding	MM_RS14350	MM_RS14350	assumed_protein_coding	NC_003901.1	+	ATG	3318139-3318318
unassigned_transcript_2898_3318709_3319023_315	annotated	unassigned_transcript_2898	assumed_protein_coding	MM_RS14355	MM_RS14355	assumed_protein_coding	NC_003901.1	-	ATG	3318709-3319023
unassigned_transcript_2900_3320721_3322697_1977	annotated	unassigned_transcript_2900	assumed_protein_coding	MM_RS14365	MM_RS14365	assumed_protein_coding	NC_003901.1	+	ATG	3320721-3322697
unassigned_transcript_2901_3322785_3323801_1017	annotated	unassigned_transcript_2901	assumed_protein_coding	MM_RS14370	MM_RS14370	assumed_protein_coding	NC_003901.1	+	ATG	3322785-3323801
unassigned_transcript_2902_3324088_3324366_279	annotated	unassigned_transcript_2902	assumed_protein_coding	MM_RS14375	MM_RS14375	assumed_protein_coding	NC_003901.1	+	ATG	3324088-3324366
unassigned_transcript_2903_3324733_3327153_2421	annotated	unassigned_transcript_2903	assumed_protein_coding	MM_RS17985	MM_RS17985	assumed_protein_coding	NC_003901.1	-	ATG	3324733-3327153
unassigned_transcript_2904_3327606_3328088_483	annotated	unassigned_transcript_2904	assumed_protein_coding	MM_RS14385	MM_RS14385	assumed_protein_coding	NC_003901.1	+	ATG	3327606-3328088
unassigned_transcript_2906_3329297_3329506_210	annotated	unassigned_transcript_2906	assumed_protein_coding	MM_RS14395	MM_RS14395	assumed_protein_coding	NC_003901.1	-	ATG	3329297-3329506
unassigned_transcript_2908_3330321_3331304_984	annotated	unassigned_transcript_2908	assumed_protein_coding	MM_RS14410	MM_RS14410	assumed_protein_coding	NC_003901.1	-	ATG	3330321-3331304
unassigned_transcript_2909_3331817_3333328_1512	annotated	unassigned_transcript_2909	assumed_protein_coding	MM_RS14415	MM_RS14415	assumed_protein_coding	NC_003901.1	-	ATG	3331817-3333328
unassigned_transcript_2910_3333574_3334452_879	annotated	unassigned_transcript_2910	assumed_protein_coding	MM_RS14420	MM_RS14420	assumed_protein_coding	NC_003901.1	+	ATG	3333574-3334452
unassigned_transcript_2911_3334587_3334772_186	annotated	unassigned_transcript_2911	assumed_protein_coding	MM_RS14425	MM_RS14425	assumed_protein_coding	NC_003901.1	+	ATG	3334587-3334772
unassigned_transcript_2912_3335707_3336711_1005	annotated	unassigned_transcript_2912	assumed_protein_coding	MM_RS14430	MM_RS14430	assumed_protein_coding	NC_003901.1	+	ATG	3335707-3336711
unassigned_transcript_2913_3336891_3337691_801	annotated	unassigned_transcript_2913	assumed_protein_coding	MM_RS14435	MM_RS14435	assumed_protein_coding	NC_003901.1	+	ATG	3336891-3337691
unassigned_transcript_2915_3338980_3340194_1215	annotated	unassigned_transcript_2915	assumed_protein_coding	MM_RS14445	MM_RS14445	assumed_protein_coding	NC_003901.1	+	ATG	3338980-3340194
unassigned_transcript_2916_3340408_3340890_483	annotated	unassigned_transcript_2916	assumed_protein_coding	MM_RS14450	MM_RS14450	assumed_protein_coding	NC_003901.1	-	ATG	3340408-3340890
unassigned_transcript_2917_3340929_3341078_150	annotated	unassigned_transcript_2917	assumed_protein_coding	MM_RS18915	MM_RS18915	assumed_protein_coding	NC_003901.1	-	ATG	3340929-3341078
unassigned_transcript_2918_3341289_3343625_2337	annotated	unassigned_transcript_2918	assumed_protein_coding	MM_RS14455	MM_RS14455	assumed_protein_coding	NC_003901.1	-	ATG	3341289-3343625
unassigned_transcript_2921_3346337_3347374_1038	annotated	unassigned_transcript_2921	assumed_protein_coding	MM_RS14465	MM_RS14465	assumed_protein_coding	NC_003901.1	-	ATG	3346337-3347374
unassigned_transcript_2922_3347706_3348272_567	annotated	unassigned_transcript_2922	assumed_protein_coding	MM_RS14470	MM_RS14470	assumed_protein_coding	NC_003901.1	-	ATG	3347706-3348272
unassigned_transcript_2923_3348599_3349285_687	annotated	unassigned_transcript_2923	assumed_protein_coding	MM_RS14475	MM_RS14475	assumed_protein_coding	NC_003901.1	-	ATG	3348599-3349285
unassigned_transcript_2924_3349614_3350447_834	annotated	unassigned_transcript_2924	assumed_protein_coding	MM_RS14480	MM_RS14480	assumed_protein_coding	NC_003901.1	+	ATG	3349614-3350447
unassigned_transcript_2925_3350576_3351247_672	annotated	unassigned_transcript_2925	assumed_protein_coding	MM_RS14485	MM_RS14485	assumed_protein_coding	NC_003901.1	+	ATG	3350576-3351247
unassigned_transcript_2926_3351459_3352031_573	annotated	unassigned_transcript_2926	assumed_protein_coding	MM_RS14490	MM_RS14490	assumed_protein_coding	NC_003901.1	-	ATG	3351459-3352031
unassigned_transcript_2927_3352114_3353136_1023	annotated	unassigned_transcript_2927	assumed_protein_coding	MM_RS14495	MM_RS14495	assumed_protein_coding	NC_003901.1	+	ATG	3352114-3353136
unassigned_transcript_2928_3353523_3354428_906	annotated	unassigned_transcript_2928	assumed_protein_coding	MM_RS14500	MM_RS14500	assumed_protein_coding	NC_003901.1	-	ATG	3353523-3354428
unassigned_transcript_2929_3354883_3355614_732	annotated	unassigned_transcript_2929	assumed_protein_coding	MM_RS14505	MM_RS14505	assumed_protein_coding	NC_003901.1	+	ATG	3354883-3355614
unassigned_transcript_2930_3355851_3356021_171	annotated	unassigned_transcript_2930	assumed_protein_coding	MM_RS18590	MM_RS18590	assumed_protein_coding	NC_003901.1	+	ATG	3355851-3356021
unassigned_transcript_2931_3357284_3358690_1407	annotated	unassigned_transcript_2931	assumed_protein_coding	MM_RS14510	MM_RS14510	assumed_protein_coding	NC_003901.1	+	ATG	3357284-3358690
unassigned_transcript_2933_3359988_3360494_507	annotated	unassigned_transcript_2933	assumed_protein_coding	MM_RS14525	MM_RS14525	assumed_protein_coding	NC_003901.1	+	ATG	3359988-3360494
unassigned_transcript_2934_3360591_3361772_1182	annotated	unassigned_transcript_2934	assumed_protein_coding	MM_RS14530	MM_RS14530	assumed_protein_coding	NC_003901.1	+	ATG	3360591-3361772
unassigned_transcript_2935_3361979_3362551_573	annotated	unassigned_transcript_2935	assumed_protein_coding	MM_RS14535	MM_RS14535	assumed_protein_coding	NC_003901.1	+	ATG	3361979-3362551
unassigned_transcript_2937_3363343_3363480_138	annotated	unassigned_transcript_2937	assumed_protein_coding	MM_RS19250	MM_RS19250	assumed_protein_coding	NC_003901.1	+	ATG	3363343-3363480
unassigned_transcript_2938_3363664_3365757_2094	annotated	unassigned_transcript_2938	assumed_protein_coding	MM_RS14545	MM_RS14545	assumed_protein_coding	NC_003901.1	-	ATG	3363664-3365757
unassigned_transcript_2941_3368918_3369166_249	annotated	unassigned_transcript_2941	assumed_protein_coding	MM_RS14560	MM_RS14560	assumed_protein_coding	NC_003901.1	+	ATG	3368918-3369166
unassigned_transcript_2942_3369255_3369950_696	annotated	unassigned_transcript_2942	assumed_protein_coding	MM_RS14565	MM_RS14565	assumed_protein_coding	NC_003901.1	+	ATG	3369255-3369950
unassigned_transcript_2946_3373036_3373824_789	annotated	unassigned_transcript_2946	assumed_protein_coding	MM_RS14580	MM_RS14580	assumed_protein_coding	NC_003901.1	-	ATG	3373036-3373824
unassigned_transcript_2947_3373995_3374618_624	annotated	unassigned_transcript_2947	assumed_protein_coding	MM_RS14585	MM_RS14585	assumed_protein_coding	NC_003901.1	+	ATG	3373995-3374618
unassigned_transcript_2948_3374677_3376311_1635	annotated	unassigned_transcript_2948	assumed_protein_coding	MM_RS14590	MM_RS14590	assumed_protein_coding	NC_003901.1	-	ATG	3374677-3376311
unassigned_transcript_2949_3376515_3377354_840	annotated	unassigned_transcript_2949	assumed_protein_coding	MM_RS14595	MM_RS14595	assumed_protein_coding	NC_003901.1	+	ATG	3376515-3377354
unassigned_transcript_2950_3377458_3378117_660	annotated	unassigned_transcript_2950	assumed_protein_coding	MM_RS14600	MM_RS14600	assumed_protein_coding	NC_003901.1	+	ATG	3377458-3378117
unassigned_transcript_2951_3378249_3379088_840	annotated	unassigned_transcript_2951	assumed_protein_coding	MM_RS14605	MM_RS14605	assumed_protein_coding	NC_003901.1	-	ATG	3378249-3379088
unassigned_transcript_2952_3379428_3380171_744	annotated	unassigned_transcript_2952	assumed_protein_coding	MM_RS14610	MM_RS14610	assumed_protein_coding	NC_003901.1	+	ATG	3379428-3380171
unassigned_transcript_2953_3380316_3380915_600	annotated	unassigned_transcript_2953	assumed_protein_coding	MM_RS14615	MM_RS14615	assumed_protein_coding	NC_003901.1	-	ATG	3380316-3380915
unassigned_transcript_2954_3380964_3382799_1836	annotated	unassigned_transcript_2954	assumed_protein_coding	MM_RS14620	MM_RS14620	assumed_protein_coding	NC_003901.1	-	ATG	3380964-3382799
unassigned_transcript_2955_3382789_3383490_702	annotated	unassigned_transcript_2955	assumed_protein_coding	MM_RS14625	MM_RS14625	assumed_protein_coding	NC_003901.1	-	ATG	3382789-3383490
unassigned_transcript_2956_3383490_3384599_1110	annotated	unassigned_transcript_2956	assumed_protein_coding	MM_RS14630	MM_RS14630	assumed_protein_coding	NC_003901.1	-	ATG	3383490-3384599
unassigned_transcript_2957_3384635_3385447_813	annotated	unassigned_transcript_2957	assumed_protein_coding	MM_RS14635	MM_RS14635	assumed_protein_coding	NC_003901.1	-	ATG	3384635-3385447
unassigned_transcript_2959_3386812_3387612_801	annotated	unassigned_transcript_2959	assumed_protein_coding	MM_RS14645	MM_RS14645	assumed_protein_coding	NC_003901.1	-	ATG	3386812-3387612
unassigned_transcript_2961_3389299_3389916_618	annotated	unassigned_transcript_2961	assumed_protein_coding	MM_RS14655	MM_RS14655	assumed_protein_coding	NC_003901.1	+	ATG	3389299-3389916
unassigned_transcript_2963_3390790_3392172_1383	annotated	unassigned_transcript_2963	assumed_protein_coding	MM_RS17570	MM_RS17570	assumed_protein_coding	NC_003901.1	+	ATG	3390790-3392172
unassigned_transcript_2964_3392328_3392891_564	annotated	unassigned_transcript_2964	assumed_protein_coding	MM_RS14665	MM_RS14665	assumed_protein_coding	NC_003901.1	-	ATG	3392328-3392891
unassigned_transcript_2965_3393854_3394318_465	annotated	unassigned_transcript_2965	assumed_protein_coding	MM_RS14675	MM_RS14675	assumed_protein_coding	NC_003901.1	+	ATG	3393854-3394318
unassigned_transcript_2967_3396724_3397686_963	annotated	unassigned_transcript_2967	assumed_protein_coding	MM_RS14685	MM_RS14685	assumed_protein_coding	NC_003901.1	+	ATG	3396724-3397686
unassigned_transcript_2969_3398933_3399613_681	annotated	unassigned_transcript_2969	assumed_protein_coding	MM_RS14695	MM_RS14695	assumed_protein_coding	NC_003901.1	+	ATG	3398933-3399613
unassigned_transcript_2970_3399626_3400078_453	annotated	unassigned_transcript_2970	assumed_protein_coding	MM_RS14700	MM_RS14700	assumed_protein_coding	NC_003901.1	+	ATG	3399626-3400078
unassigned_transcript_2971_3400245_3400631_387	annotated	unassigned_transcript_2971	assumed_protein_coding	MM_RS14705	MM_RS14705	assumed_protein_coding	NC_003901.1	-	ATG	3400245-3400631
unassigned_transcript_2972_3401314_3402597_1284	annotated	unassigned_transcript_2972	assumed_protein_coding	MM_RS14715	MM_RS14715	assumed_protein_coding	NC_003901.1	+	ATG	3401314-3402597
unassigned_transcript_2974_3404768_3406360_1593	annotated	unassigned_transcript_2974	assumed_protein_coding	MM_RS14730	MM_RS14730	assumed_protein_coding	NC_003901.1	+	ATG	3404768-3406360
unassigned_transcript_2976_3408363_3410072_1710	annotated	unassigned_transcript_2976	assumed_protein_coding	MM_RS14740	MM_RS14740	assumed_protein_coding	NC_003901.1	-	ATG	3408363-3410072
unassigned_transcript_2977_3410556_3411011_456	annotated	unassigned_transcript_2977	assumed_protein_coding	MM_RS14745	MM_RS14745	assumed_protein_coding	NC_003901.1	+	ATG	3410556-3411011
unassigned_transcript_2978_3411693_3412976_1284	annotated	unassigned_transcript_2978	assumed_protein_coding	MM_RS14750	MM_RS14750	assumed_protein_coding	NC_003901.1	+	ATG	3411693-3412976
unassigned_transcript_2979_3413440_3414255_816	annotated	unassigned_transcript_2979	assumed_protein_coding	MM_RS14755	MM_RS14755	assumed_protein_coding	NC_003901.1	-	ATG	3413440-3414255
unassigned_transcript_2980_3414576_3414959_384	annotated	unassigned_transcript_2980	assumed_protein_coding	MM_RS14760	MM_RS14760	assumed_protein_coding	NC_003901.1	-	ATG	3414576-3414959
unassigned_transcript_2982_3416746_3418092_1347	annotated	unassigned_transcript_2982	assumed_protein_coding	MM_RS14770	MM_RS14770	assumed_protein_coding	NC_003901.1	-	ATG	3416746-3418092
unassigned_transcript_2983_3418804_3419034_231	annotated	unassigned_transcript_2983	assumed_protein_coding	MM_RS14775	MM_RS14775	assumed_protein_coding	NC_003901.1	+	ATG	3418804-3419034
unassigned_transcript_2984_3419383_3420021_639	annotated	unassigned_transcript_2984	assumed_protein_coding	MM_RS14780	MM_RS14780	assumed_protein_coding	NC_003901.1	-	ATG	3419383-3420021
unassigned_transcript_2985_3420445_3421254_810	annotated	unassigned_transcript_2985	assumed_protein_coding	MM_RS14785	MM_RS14785	assumed_protein_coding	NC_003901.1	+	ATG	3420445-3421254
unassigned_transcript_2986_3421349_3422515_1167	annotated	unassigned_transcript_2986	assumed_protein_coding	MM_RS14790	MM_RS14790	assumed_protein_coding	NC_003901.1	-	ATG	3421349-3422515
unassigned_transcript_2987_3423038_3423520_483	annotated	unassigned_transcript_2987	assumed_protein_coding	MM_RS14795	MM_RS14795	assumed_protein_coding	NC_003901.1	+	ATG	3423038-3423520
unassigned_transcript_2988_3423654_3426047_2394	annotated	unassigned_transcript_2988	assumed_protein_coding	MM_RS14800	MM_RS14800	assumed_protein_coding	NC_003901.1	+	ATG	3423654-3426047
unassigned_transcript_2989_3426755_3427228_474	annotated	unassigned_transcript_2989	assumed_protein_coding	MM_RS14805	MM_RS14805	assumed_protein_coding	NC_003901.1	+	ATG	3426755-3427228
unassigned_transcript_2990_3427376_3427732_357	annotated	unassigned_transcript_2990	assumed_protein_coding	MM_RS14810	MM_RS14810	assumed_protein_coding	NC_003901.1	+	ATG	3427376-3427732
unassigned_transcript_2991_3428364_3429413_1050	annotated	unassigned_transcript_2991	assumed_protein_coding	MM_RS14815	MM_RS14815	assumed_protein_coding	NC_003901.1	+	ATG	3428364-3429413
unassigned_transcript_2992_3429734_3430495_762	annotated	unassigned_transcript_2992	assumed_protein_coding	MM_RS14820	MM_RS14820	assumed_protein_coding	NC_003901.1	+	ATG	3429734-3430495
unassigned_transcript_2993_3430522_3431961_1440	annotated	unassigned_transcript_2993	assumed_protein_coding	MM_RS14825	MM_RS14825	assumed_protein_coding	NC_003901.1	+	ATG	3430522-3431961
unassigned_transcript_2994_3432174_3432596_423	annotated	unassigned_transcript_2994	assumed_protein_coding	MM_RS14830	MM_RS14830	assumed_protein_coding	NC_003901.1	+	ATG	3432174-3432596
unassigned_transcript_2995_3432951_3433082_132	annotated	unassigned_transcript_2995	assumed_protein_coding	MM_RS19490	MM_RS19490	assumed_protein_coding	NC_003901.1	+	ATG	3432951-3433082
unassigned_transcript_2996_3433576_3434424_849	annotated	unassigned_transcript_2996	assumed_protein_coding	MM_RS14835	MM_RS14835	assumed_protein_coding	NC_003901.1	-	ATG	3433576-3434424
unassigned_transcript_2997_3434722_3434958_237	annotated	unassigned_transcript_2997	assumed_protein_coding	MM_RS14840	MM_RS14840	assumed_protein_coding	NC_003901.1	-	ATG	3434722-3434958
unassigned_transcript_2998_3435261_3436130_870	annotated	unassigned_transcript_2998	assumed_protein_coding	MM_RS14845	MM_RS14845	assumed_protein_coding	NC_003901.1	-	ATG	3435261-3436130
unassigned_transcript_2999_3436574_3436804_231	annotated	unassigned_transcript_2999	assumed_protein_coding	MM_RS19040	MM_RS19040	assumed_protein_coding	NC_003901.1	-	ATG	3436574-3436804
unassigned_transcript_3000_3437047_3437892_846	annotated	unassigned_transcript_3000	assumed_protein_coding	MM_RS14855	MM_RS14855	assumed_protein_coding	NC_003901.1	-	ATG	3437047-3437892
unassigned_transcript_3001_3438733_3439626_894	annotated	unassigned_transcript_3001	assumed_protein_coding	MM_RS14860	MM_RS14860	assumed_protein_coding	NC_003901.1	+	ATG	3438733-3439626
unassigned_transcript_3002_3440533_3441999_1467	annotated	unassigned_transcript_3002	assumed_protein_coding	MM_RS14865	MM_RS14865	assumed_protein_coding	NC_003901.1	+	ATG	3440533-3441999
unassigned_transcript_3003_3442679_3444175_1497	annotated	unassigned_transcript_3003	assumed_protein_coding	MM_RS14870	MM_RS14870	assumed_protein_coding	NC_003901.1	+	ATG	3442679-3444175
unassigned_transcript_3004_3444565_3445863_1299	annotated	unassigned_transcript_3004	assumed_protein_coding	MM_RS14880	MM_RS14880	assumed_protein_coding	NC_003901.1	-	ATG	3444565-3445863
unassigned_transcript_3005_3446922_3447290_369	annotated	unassigned_transcript_3005	assumed_protein_coding	MM_RS14885	MM_RS14885	assumed_protein_coding	NC_003901.1	+	ATG	3446922-3447290
unassigned_transcript_3007_3448925_3449404_480	annotated	unassigned_transcript_3007	assumed_protein_coding	MM_RS14895	MM_RS14895	assumed_protein_coding	NC_003901.1	+	ATG	3448925-3449404
unassigned_transcript_3008_3449557_3449829_273	annotated	unassigned_transcript_3008	assumed_protein_coding	MM_RS14900	MM_RS14900	assumed_protein_coding	NC_003901.1	+	ATG	3449557-3449829
unassigned_transcript_3010_3451254_3452396_1143	annotated	unassigned_transcript_3010	assumed_protein_coding	MM_RS14910	MM_RS14910	assumed_protein_coding	NC_003901.1	-	ATG	3451254-3452396
unassigned_transcript_3012_3453320_3453973_654	annotated	unassigned_transcript_3012	assumed_protein_coding	MM_RS14925	MM_RS14925	assumed_protein_coding	NC_003901.1	+	ATG	3453320-3453973
unassigned_transcript_3014_3455326_3456366_1041	annotated	unassigned_transcript_3014	assumed_protein_coding	MM_RS14935	MM_RS14935	assumed_protein_coding	NC_003901.1	+	ATG	3455326-3456366
unassigned_transcript_3017_3460107_3460481_375	annotated	unassigned_transcript_3017	assumed_protein_coding	MM_RS14955	MM_RS14955	assumed_protein_coding	NC_003901.1	+	ATG	3460107-3460481
unassigned_transcript_3018_3460519_3463272_2754	annotated	unassigned_transcript_3018	assumed_protein_coding	MM_RS14960	MM_RS14960	assumed_protein_coding	NC_003901.1	+	ATG	3460519-3463272
unassigned_transcript_3019_3463627_3464721_1095	annotated	unassigned_transcript_3019	assumed_protein_coding	MM_RS14965	MM_RS14965	assumed_protein_coding	NC_003901.1	-	ATG	3463627-3464721
unassigned_transcript_3020_3465021_3465701_681	annotated	unassigned_transcript_3020	assumed_protein_coding	MM_RS14970	MM_RS14970	assumed_protein_coding	NC_003901.1	-	ATG	3465021-3465701
unassigned_transcript_3021_3465822_3466844_1023	annotated	unassigned_transcript_3021	assumed_protein_coding	MM_RS14975	MM_RS14975	assumed_protein_coding	NC_003901.1	-	ATG	3465822-3466844
unassigned_transcript_3022_3467437_3468039_603	annotated	unassigned_transcript_3022	assumed_protein_coding	MM_RS14980	MM_RS14980	assumed_protein_coding	NC_003901.1	-	ATG	3467437-3468039
unassigned_transcript_3023_3469080_3471083_2004	annotated	unassigned_transcript_3023	assumed_protein_coding	MM_RS14985	MM_RS14985	assumed_protein_coding	NC_003901.1	-	ATG	3469080-3471083
unassigned_transcript_3024_3471568_3471777_210	annotated	unassigned_transcript_3024	assumed_protein_coding	MM_RS14990	MM_RS14990	assumed_protein_coding	NC_003901.1	+	ATG	3471568-3471777
unassigned_transcript_3025_3472168_3472920_753	annotated	unassigned_transcript_3025	assumed_protein_coding	MM_RS14995	MM_RS14995	assumed_protein_coding	NC_003901.1	-	ATG	3472168-3472920
unassigned_transcript_3026_3473111_3473596_486	annotated	unassigned_transcript_3026	assumed_protein_coding	MM_RS15000	MM_RS15000	assumed_protein_coding	NC_003901.1	-	ATG	3473111-3473596
unassigned_transcript_3027_3473639_3473833_195	annotated	unassigned_transcript_3027	assumed_protein_coding	MM_RS18615	MM_RS18615	assumed_protein_coding	NC_003901.1	-	ATG	3473639-3473833
unassigned_transcript_3029_3474390_3475184_795	annotated	unassigned_transcript_3029	assumed_protein_coding	MM_RS19610	MM_RS19610	assumed_protein_coding	NC_003901.1	-	ATG	3474390-3475184
unassigned_transcript_3030_3475213_3476562_1350	annotated	unassigned_transcript_3030	assumed_protein_coding	MM_RS15010	MM_RS15010	assumed_protein_coding	NC_003901.1	-	ATG	3475213-3476562
unassigned_transcript_3031_3476719_3477429_711	annotated	unassigned_transcript_3031	assumed_protein_coding	MM_RS15015	MM_RS15015	assumed_protein_coding	NC_003901.1	-	ATG	3476719-3477429
unassigned_transcript_3033_3477892_3478284_393	annotated	unassigned_transcript_3033	assumed_protein_coding	MM_RS15025	MM_RS15025	assumed_protein_coding	NC_003901.1	-	ATG	3477892-3478284
unassigned_transcript_3034_3478777_3479694_918	annotated	unassigned_transcript_3034	assumed_protein_coding	MM_RS15030	MM_RS15030	assumed_protein_coding	NC_003901.1	-	ATG	3478777-3479694
unassigned_transcript_3035_3480669_3481775_1107	annotated	unassigned_transcript_3035	assumed_protein_coding	MM_RS15040	MM_RS15040	assumed_protein_coding	NC_003901.1	-	ATG	3480669-3481775
unassigned_transcript_3037_3483459_3484556_1098	annotated	unassigned_transcript_3037	assumed_protein_coding	MM_RS15050	MM_RS15050	assumed_protein_coding	NC_003901.1	-	ATG	3483459-3484556
unassigned_transcript_3038_3485042_3486170_1131	annotated	unassigned_transcript_3038	assumed_protein_coding	MM_RS18005	MM_RS18005	assumed_protein_coding	NC_003901.1	+	ATG	3485042-3485475,3485474-3486170
unassigned_transcript_3039_3486296_3487348_1053	annotated	unassigned_transcript_3039	assumed_protein_coding	MM_RS15065	MM_RS15065	assumed_protein_coding	NC_003901.1	+	ATG	3486296-3487348
unassigned_transcript_3040_3487370_3488498_1131	annotated	unassigned_transcript_3040	assumed_protein_coding	MM_RS18010	MM_RS18010	assumed_protein_coding	NC_003901.1	-	ATG	3487370-3488066,3488065-3488498
unassigned_transcript_3043_3489707_3490627_921	annotated	unassigned_transcript_3043	assumed_protein_coding	MM_RS15085	MM_RS15085	assumed_protein_coding	NC_003901.1	-	ATG	3489707-3490627
unassigned_transcript_3044_3491164_3491853_690	annotated	unassigned_transcript_3044	assumed_protein_coding	MM_RS15090	MM_RS15090	assumed_protein_coding	NC_003901.1	+	ATG	3491164-3491853
unassigned_transcript_3045_3493046_3493624_579	annotated	unassigned_transcript_3045	assumed_protein_coding	MM_RS15095	MM_RS15095	assumed_protein_coding	NC_003901.1	+	ATG	3493046-3493624
unassigned_transcript_3046_3493690_3495354_1665	annotated	unassigned_transcript_3046	assumed_protein_coding	MM_RS15100	MM_RS15100	assumed_protein_coding	NC_003901.1	-	ATG	3493690-3495354
unassigned_transcript_3047_3495669_3496778_1110	annotated	unassigned_transcript_3047	assumed_protein_coding	MM_RS15105	MM_RS15105	assumed_protein_coding	NC_003901.1	+	ATG	3495669-3496778
unassigned_transcript_3048_3497146_3500895_3750	annotated	unassigned_transcript_3048	assumed_protein_coding	MM_RS15110	MM_RS15110	assumed_protein_coding	NC_003901.1	+	ATG	3497146-3500895
unassigned_transcript_3049_3500930_3501997_1068	annotated	unassigned_transcript_3049	assumed_protein_coding	MM_RS15115	MM_RS15115	assumed_protein_coding	NC_003901.1	-	ATG	3500930-3501997
unassigned_transcript_3050_3502492_3502995_504	annotated	unassigned_transcript_3050	assumed_protein_coding	MM_RS15120	MM_RS15120	assumed_protein_coding	NC_003901.1	-	ATG	3502492-3502995
unassigned_transcript_3051_3503018_3503626_609	annotated	unassigned_transcript_3051	assumed_protein_coding	MM_RS15125	MM_RS15125	assumed_protein_coding	NC_003901.1	-	ATG	3503018-3503626
unassigned_transcript_3052_3504011_3504574_564	annotated	unassigned_transcript_3052	assumed_protein_coding	MM_RS15130	MM_RS15130	assumed_protein_coding	NC_003901.1	+	ATG	3504011-3504574
unassigned_transcript_3054_3505027_3506220_1194	annotated	unassigned_transcript_3054	assumed_protein_coding	MM_RS15140	MM_RS15140	assumed_protein_coding	NC_003901.1	-	ATG	3505027-3506220
unassigned_transcript_3055_3506339_3507517_1179	annotated	unassigned_transcript_3055	assumed_protein_coding	MM_RS15145	MM_RS15145	assumed_protein_coding	NC_003901.1	-	ATG	3506339-3507517
unassigned_transcript_3058_3509842_3510378_537	annotated	unassigned_transcript_3058	assumed_protein_coding	MM_RS15160	MM_RS15160	assumed_protein_coding	NC_003901.1	-	ATG	3509842-3510378
unassigned_transcript_3060_3512344_3512478_135	annotated	unassigned_transcript_3060	assumed_protein_coding	MM_RS18625	MM_RS18625	assumed_protein_coding	NC_003901.1	+	ATG	3512344-3512478
unassigned_transcript_3061_3513041_3516532_3492	annotated	unassigned_transcript_3061	assumed_protein_coding	MM_RS15170	MM_RS15170	assumed_protein_coding	NC_003901.1	-	ATG	3513041-3516532
unassigned_transcript_3063_3518945_3519166_222	annotated	unassigned_transcript_3063	assumed_protein_coding	MM_RS15180	MM_RS15180	assumed_protein_coding	NC_003901.1	-	ATG	3518945-3519166
unassigned_transcript_3064_3519490_3521028_1539	annotated	unassigned_transcript_3064	assumed_protein_coding	MM_RS15185	MM_RS15185	assumed_protein_coding	NC_003901.1	-	ATG	3519490-3521028
unassigned_transcript_3066_3522948_3523100_153	annotated	unassigned_transcript_3066	assumed_protein_coding	MM_RS18030	MM_RS18030	assumed_protein_coding	NC_003901.1	-	ATG	3522948-3523100
unassigned_transcript_3067_3523530_3524207_678	annotated	unassigned_transcript_3067	assumed_protein_coding	MM_RS15210	MM_RS15210	assumed_protein_coding	NC_003901.1	-	ATG	3523530-3524207
unassigned_transcript_3068_3524216_3524542_327	annotated	unassigned_transcript_3068	assumed_protein_coding	MM_RS15215	MM_RS15215	assumed_protein_coding	NC_003901.1	-	ATG	3524216-3524542
unassigned_transcript_3069_3525156_3526346_1191	annotated	unassigned_transcript_3069	assumed_protein_coding	MM_RS15225	MM_RS15225	assumed_protein_coding	NC_003901.1	-	ATG	3525156-3526346
unassigned_transcript_3070_3526459_3527826_1368	annotated	unassigned_transcript_3070	assumed_protein_coding	MM_RS15230	MM_RS15230	assumed_protein_coding	NC_003901.1	-	ATG	3526459-3527826
unassigned_transcript_3072_3529552_3531138_1587	annotated	unassigned_transcript_3072	assumed_protein_coding	MM_RS15240	MM_RS15240	assumed_protein_coding	NC_003901.1	-	ATG	3529552-3531138
unassigned_transcript_3073_3531858_3532295_438	annotated	unassigned_transcript_3073	assumed_protein_coding	MM_RS15245	MM_RS15245	assumed_protein_coding	NC_003901.1	-	ATG	3531858-3532295
unassigned_transcript_3074_3532948_3533367_420	annotated	unassigned_transcript_3074	assumed_protein_coding	MM_RS15250	MM_RS15250	assumed_protein_coding	NC_003901.1	+	ATG	3532948-3533367
unassigned_transcript_3076_3534744_3537854_3111	annotated	unassigned_transcript_3076	assumed_protein_coding	MM_RS15255	MM_RS15255	assumed_protein_coding	NC_003901.1	+	ATG	3534744-3537854
unassigned_transcript_3077_3538675_3540900_2226	annotated	unassigned_transcript_3077	assumed_protein_coding	MM_RS15260	MM_RS15260	assumed_protein_coding	NC_003901.1	+	ATG	3538675-3540900
unassigned_transcript_3078_3541153_3541776_624	annotated	unassigned_transcript_3078	assumed_protein_coding	MM_RS15265	MM_RS15265	assumed_protein_coding	NC_003901.1	-	ATG	3541153-3541776
unassigned_transcript_3079_3542367_3542774_408	annotated	unassigned_transcript_3079	assumed_protein_coding	MM_RS15270	MM_RS15270	assumed_protein_coding	NC_003901.1	+	ATG	3542367-3542774
unassigned_transcript_3081_3543138_3543890_753	annotated	unassigned_transcript_3081	assumed_protein_coding	MM_RS15280	MM_RS15280	assumed_protein_coding	NC_003901.1	+	ATG	3543138-3543890
unassigned_transcript_3082_3544170_3544511_342	annotated	unassigned_transcript_3082	assumed_protein_coding	MM_RS15285	MM_RS15285	assumed_protein_coding	NC_003901.1	+	ATG	3544170-3544511
unassigned_transcript_3084_3546115_3547122_1008	annotated	unassigned_transcript_3084	assumed_protein_coding	MM_RS15295	MM_RS15295	assumed_protein_coding	NC_003901.1	-	ATG	3546115-3547122
unassigned_transcript_3087_3552999_3553520_522	annotated	unassigned_transcript_3087	assumed_protein_coding	MM_RS15310	MM_RS15310	assumed_protein_coding	NC_003901.1	+	ATG	3552999-3553520
unassigned_transcript_3088_3553899_3554303_405	annotated	unassigned_transcript_3088	assumed_protein_coding	MM_RS15315	MM_RS15315	assumed_protein_coding	NC_003901.1	-	ATG	3553899-3554303
unassigned_transcript_3090_3555325_3555723_399	annotated	unassigned_transcript_3090	assumed_protein_coding	MM_RS15325	MM_RS15325	assumed_protein_coding	NC_003901.1	-	ATG	3555325-3555723
unassigned_transcript_3091_3555777_3556106_330	annotated	unassigned_transcript_3091	assumed_protein_coding	MM_RS15330	MM_RS15330	assumed_protein_coding	NC_003901.1	-	ATG	3555777-3556106
unassigned_transcript_3092_3557252_3557713_462	annotated	unassigned_transcript_3092	assumed_protein_coding	MM_RS15335	MM_RS15335	assumed_protein_coding	NC_003901.1	+	ATG	3557252-3557713
unassigned_transcript_3093_3558860_3558985_126	annotated	unassigned_transcript_3093	assumed_protein_coding	MM_RS19510	MM_RS19510	assumed_protein_coding	NC_003901.1	+	ATG	3558860-3558985
unassigned_transcript_3095_3562194_3562697_504	annotated	unassigned_transcript_3095	assumed_protein_coding	MM_RS15345	MM_RS15345	assumed_protein_coding	NC_003901.1	-	ATG	3562194-3562697
unassigned_transcript_3096_3563201_3563662_462	annotated	unassigned_transcript_3096	assumed_protein_coding	MM_RS15350	MM_RS15350	assumed_protein_coding	NC_003901.1	-	ATG	3563201-3563662
unassigned_transcript_3097_3563668_3566295_2628	annotated	unassigned_transcript_3097	assumed_protein_coding	MM_RS15355	MM_RS15355	assumed_protein_coding	NC_003901.1	-	ATG	3563668-3566295
unassigned_transcript_3098_3566410_3567192_783	annotated	unassigned_transcript_3098	assumed_protein_coding	MM_RS15360	MM_RS15360	assumed_protein_coding	NC_003901.1	-	ATG	3566410-3567192
unassigned_transcript_3100_3570299_3571105_807	annotated	unassigned_transcript_3100	assumed_protein_coding	MM_RS15375	MM_RS15375	assumed_protein_coding	NC_003901.1	-	ATG	3570299-3571105
unassigned_transcript_3101_3571456_3572325_870	annotated	unassigned_transcript_3101	assumed_protein_coding	MM_RS15380	MM_RS15380	assumed_protein_coding	NC_003901.1	-	ATG	3571456-3572325
unassigned_transcript_3103_3573355_3573996_642	annotated	unassigned_transcript_3103	assumed_protein_coding	MM_RS15400	MM_RS15400	assumed_protein_coding	NC_003901.1	+	ATG	3573355-3573996
unassigned_transcript_3104_3574117_3575517_1401	annotated	unassigned_transcript_3104	assumed_protein_coding	MM_RS15405	MM_RS15405	assumed_protein_coding	NC_003901.1	+	ATG	3574117-3575517
unassigned_transcript_3105_3575785_3577227_1443	annotated	unassigned_transcript_3105	assumed_protein_coding	MM_RS15415	MM_RS15415	assumed_protein_coding	NC_003901.1	+	ATG	3575785-3577227
unassigned_transcript_3106_3577497_3580013_2517	annotated	unassigned_transcript_3106	assumed_protein_coding	MM_RS15420	MM_RS15420	assumed_protein_coding	NC_003901.1	+	ATG	3577497-3580013
unassigned_transcript_3107_3580219_3581127_909	annotated	unassigned_transcript_3107	assumed_protein_coding	MM_RS15425	MM_RS15425	assumed_protein_coding	NC_003901.1	-	ATG	3580219-3581127
unassigned_transcript_3108_3581963_3585136_3174	annotated	unassigned_transcript_3108	assumed_protein_coding	MM_RS15435	MM_RS15435	assumed_protein_coding	NC_003901.1	+	ATG	3581963-3585136
unassigned_transcript_3109_3585218_3585856_639	annotated	unassigned_transcript_3109	assumed_protein_coding	MM_RS15440	MM_RS15440	assumed_protein_coding	NC_003901.1	+	ATG	3585218-3585856
unassigned_transcript_3110_3588034_3588228_195	annotated	unassigned_transcript_3110	assumed_protein_coding	MM_RS18045	MM_RS18045	assumed_protein_coding	NC_003901.1	+	ATG	3588034-3588228
unassigned_transcript_3111_3588369_3588545_177	annotated	unassigned_transcript_3111	assumed_protein_coding	MM_RS15450	MM_RS15450	assumed_protein_coding	NC_003901.1	+	ATG	3588369-3588545
unassigned_transcript_3112_3588766_3590139_1374	annotated	unassigned_transcript_3112	assumed_protein_coding	MM_RS15455	MM_RS15455	assumed_protein_coding	NC_003901.1	+	ATG	3588766-3590139
unassigned_transcript_3113_3590194_3591435_1242	annotated	unassigned_transcript_3113	assumed_protein_coding	MM_RS15460	MM_RS15460	assumed_protein_coding	NC_003901.1	-	ATG	3590194-3591435
unassigned_transcript_3114_3591893_3592543_651	annotated	unassigned_transcript_3114	assumed_protein_coding	MM_RS15465	MM_RS15465	assumed_protein_coding	NC_003901.1	-	ATG	3591893-3592543
unassigned_transcript_3115_3592548_3593438_891	annotated	unassigned_transcript_3115	assumed_protein_coding	MM_RS15470	MM_RS15470	assumed_protein_coding	NC_003901.1	-	ATG	3592548-3593438
unassigned_transcript_3116_3593863_3596853_2991	annotated	unassigned_transcript_3116	assumed_protein_coding	MM_RS15475	MM_RS15475	assumed_protein_coding	NC_003901.1	-	ATG	3593863-3596853
unassigned_transcript_3117_3596878_3598236_1359	annotated	unassigned_transcript_3117	assumed_protein_coding	MM_RS17575	MM_RS17575	assumed_protein_coding	NC_003901.1	-	ATG	3596878-3598236
unassigned_transcript_3118_3598248_3599627_1380	annotated	unassigned_transcript_3118	assumed_protein_coding	MM_RS15485	MM_RS15485	assumed_protein_coding	NC_003901.1	-	ATG	3598248-3599627
unassigned_transcript_3119_3599627_3600700_1074	annotated	unassigned_transcript_3119	assumed_protein_coding	MM_RS15490	MM_RS15490	assumed_protein_coding	NC_003901.1	-	ATG	3599627-3600700
unassigned_transcript_3120_3600936_3603077_2142	annotated	unassigned_transcript_3120	assumed_protein_coding	MM_RS15500	MM_RS15500	assumed_protein_coding	NC_003901.1	-	ATG	3600936-3603077
unassigned_transcript_3121_3603414_3603899_486	annotated	unassigned_transcript_3121	assumed_protein_coding	MM_RS15505	MM_RS15505	assumed_protein_coding	NC_003901.1	-	ATG	3603414-3603899
unassigned_transcript_3122_3604048_3604272_225	annotated	unassigned_transcript_3122	assumed_protein_coding	MM_RS15510	MM_RS15510	assumed_protein_coding	NC_003901.1	-	ATG	3604048-3604272
unassigned_transcript_3123_3604706_3604933_228	annotated	unassigned_transcript_3123	assumed_protein_coding	MM_RS15515	MM_RS15515	assumed_protein_coding	NC_003901.1	+	ATG	3604706-3604933
unassigned_transcript_3125_3606483_3606680_198	annotated	unassigned_transcript_3125	assumed_protein_coding	MM_RS15525	MM_RS15525	assumed_protein_coding	NC_003901.1	+	ATG	3606483-3606680
unassigned_transcript_3127_3610896_3611723_828	annotated	unassigned_transcript_3127	assumed_protein_coding	MM_RS15540	MM_RS15540	assumed_protein_coding	NC_003901.1	-	ATG	3610896-3611723
unassigned_transcript_3128_3612369_3613454_1086	annotated	unassigned_transcript_3128	assumed_protein_coding	MM_RS15550	MM_RS15550	assumed_protein_coding	NC_003901.1	+	ATG	3612369-3613454
unassigned_transcript_3130_3615234_3615596_363	annotated	unassigned_transcript_3130	assumed_protein_coding	MM_RS15560	MM_RS15560	assumed_protein_coding	NC_003901.1	+	ATG	3615234-3615596
unassigned_transcript_3131_3615813_3616232_420	annotated	unassigned_transcript_3131	assumed_protein_coding	MM_RS15565	MM_RS15565	assumed_protein_coding	NC_003901.1	+	ATG	3615813-3616232
unassigned_transcript_3134_3618193_3618840_648	annotated	unassigned_transcript_3134	assumed_protein_coding	MM_RS15580	MM_RS15580	assumed_protein_coding	NC_003901.1	-	ATG	3618193-3618840
unassigned_transcript_3136_3620422_3621333_912	annotated	unassigned_transcript_3136	assumed_protein_coding	MM_RS15590	MM_RS15590	assumed_protein_coding	NC_003901.1	-	ATG	3620422-3621333
unassigned_transcript_3137_3621349_3621858_510	annotated	unassigned_transcript_3137	assumed_protein_coding	MM_RS15595	MM_RS15595	assumed_protein_coding	NC_003901.1	-	ATG	3621349-3621858
unassigned_transcript_3138_3621931_3623024_1094	annotated	unassigned_transcript_3138	assumed_protein_coding	MM_RS18050	MM_RS18050	assumed_protein_coding	NC_003901.1	-	ATG	3621931-3623024
unassigned_transcript_3139_3623764_3625185_1422	annotated	unassigned_transcript_3139	assumed_protein_coding	MM_RS15610	MM_RS15610	assumed_protein_coding	NC_003901.1	+	ATG	3623764-3625185
unassigned_transcript_3141_3627235_3627423_189	annotated	unassigned_transcript_3141	assumed_protein_coding	MM_RS15620	MM_RS15620	assumed_protein_coding	NC_003901.1	-	ATG	3627235-3627423
unassigned_transcript_3143_3628707_3628901_195	annotated	unassigned_transcript_3143	assumed_protein_coding	MM_RS15630	MM_RS15630	assumed_protein_coding	NC_003901.1	-	ATG	3628707-3628901
unassigned_transcript_3145_3630591_3631040_450	annotated	unassigned_transcript_3145	assumed_protein_coding	MM_RS15640	MM_RS15640	assumed_protein_coding	NC_003901.1	-	ATG	3630591-3631040
unassigned_transcript_3147_3631699_3632418_720	annotated	unassigned_transcript_3147	assumed_protein_coding	MM_RS15650	MM_RS15650	assumed_protein_coding	NC_003901.1	+	ATG	3631699-3632418
unassigned_transcript_3148_3632390_3633265_876	annotated	unassigned_transcript_3148	assumed_protein_coding	MM_RS15655	MM_RS15655	assumed_protein_coding	NC_003901.1	+	ATG	3632390-3633265
unassigned_transcript_3149_3633327_3634040_714	annotated	unassigned_transcript_3149	assumed_protein_coding	MM_RS15660	MM_RS15660	assumed_protein_coding	NC_003901.1	-	ATG	3633327-3634040
unassigned_transcript_3151_3637104_3637406_303	annotated	unassigned_transcript_3151	assumed_protein_coding	MM_RS15670	MM_RS15670	assumed_protein_coding	NC_003901.1	+	ATG	3637104-3637406
unassigned_transcript_3153_3637879_3638691_813	annotated	unassigned_transcript_3153	assumed_protein_coding	MM_RS15680	MM_RS15680	assumed_protein_coding	NC_003901.1	-	ATG	3637879-3638691
unassigned_transcript_3154_3639225_3640397_1173	annotated	unassigned_transcript_3154	assumed_protein_coding	MM_RS15685	MM_RS15685	assumed_protein_coding	NC_003901.1	-	ATG	3639225-3640397
unassigned_transcript_3157_3643027_3644115_1089	annotated	unassigned_transcript_3157	assumed_protein_coding	MM_RS15700	MM_RS15700	assumed_protein_coding	NC_003901.1	+	ATG	3643027-3644115
unassigned_transcript_3158_3644236_3646005_1770	annotated	unassigned_transcript_3158	assumed_protein_coding	MM_RS15705	MM_RS15705	assumed_protein_coding	NC_003901.1	-	ATG	3644236-3646005
unassigned_transcript_3161_3648920_3650701_1782	annotated	unassigned_transcript_3161	assumed_protein_coding	MM_RS15720	MM_RS15720	assumed_protein_coding	NC_003901.1	+	ATG	3648920-3650701
unassigned_transcript_3162_3650673_3651656_984	annotated	unassigned_transcript_3162	assumed_protein_coding	MM_RS15725	MM_RS15725	assumed_protein_coding	NC_003901.1	+	ATG	3650673-3651656
unassigned_transcript_3163_3651699_3652370_672	annotated	unassigned_transcript_3163	assumed_protein_coding	MM_RS15730	MM_RS15730	assumed_protein_coding	NC_003901.1	+	ATG	3651699-3652370
unassigned_transcript_3164_3652458_3654059_1602	annotated	unassigned_transcript_3164	assumed_protein_coding	MM_RS15735	MM_RS15735	assumed_protein_coding	NC_003901.1	-	ATG	3652458-3654059
unassigned_transcript_3165_3654059_3655783_1725	annotated	unassigned_transcript_3165	assumed_protein_coding	MM_RS15740	MM_RS15740	assumed_protein_coding	NC_003901.1	-	ATG	3654059-3655783
unassigned_transcript_3166_3657240_3660197_2958	annotated	unassigned_transcript_3166	assumed_protein_coding	MM_RS15745	MM_RS15745	assumed_protein_coding	NC_003901.1	+	ATG	3657240-3660197
unassigned_transcript_3167_3660658_3661776_1119	annotated	unassigned_transcript_3167	assumed_protein_coding	MM_RS15750	MM_RS15750	assumed_protein_coding	NC_003901.1	+	ATG	3660658-3661776
unassigned_transcript_3168_3661921_3663777_1857	annotated	unassigned_transcript_3168	assumed_protein_coding	MM_RS15755	MM_RS15755	assumed_protein_coding	NC_003901.1	-	ATG	3661921-3663777
unassigned_transcript_3169_3664018_3665625_1608	annotated	unassigned_transcript_3169	assumed_protein_coding	MM_RS15760	MM_RS15760	assumed_protein_coding	NC_003901.1	-	ATG	3664018-3665625
unassigned_transcript_3170_3666298_3666876_579	annotated	unassigned_transcript_3170	assumed_protein_coding	MM_RS15765	MM_RS15765	assumed_protein_coding	NC_003901.1	-	ATG	3666298-3666876
unassigned_transcript_3171_3667292_3667681_390	annotated	unassigned_transcript_3171	assumed_protein_coding	MM_RS15770	MM_RS15770	assumed_protein_coding	NC_003901.1	+	ATG	3667292-3667681
unassigned_transcript_3172_3668735_3669280_546	annotated	unassigned_transcript_3172	assumed_protein_coding	MM_RS15780	MM_RS15780	assumed_protein_coding	NC_003901.1	+	ATG	3668735-3669280
unassigned_transcript_3173_3669952_3670668_717	annotated	unassigned_transcript_3173	assumed_protein_coding	MM_RS15785	MM_RS15785	assumed_protein_coding	NC_003901.1	-	ATG	3669952-3670668
unassigned_transcript_3175_3672030_3672173_144	annotated	unassigned_transcript_3175	assumed_protein_coding	MM_RS18920	MM_RS18920	assumed_protein_coding	NC_003901.1	+	ATG	3672030-3672173
unassigned_transcript_3177_3673333_3673788_456	annotated	unassigned_transcript_3177	assumed_protein_coding	MM_RS15795	MM_RS15795	assumed_protein_coding	NC_003901.1	+	ATG	3673333-3673788
unassigned_transcript_3178_3673894_3674301_408	annotated	unassigned_transcript_3178	assumed_protein_coding	MM_RS15800	MM_RS15800	assumed_protein_coding	NC_003901.1	+	ATG	3673894-3674301
unassigned_transcript_3179_3674305_3675423_1119	annotated	unassigned_transcript_3179	assumed_protein_coding	MM_RS15805	MM_RS15805	assumed_protein_coding	NC_003901.1	+	ATG	3674305-3675423
unassigned_transcript_3182_3677245_3682383_5139	annotated	unassigned_transcript_3182	assumed_protein_coding	MM_RS15820	MM_RS15820	assumed_protein_coding	NC_003901.1	-	ATG	3677245-3682383
unassigned_transcript_3183_3682734_3683606_873	annotated	unassigned_transcript_3183	assumed_protein_coding	MM_RS15825	MM_RS15825	assumed_protein_coding	NC_003901.1	-	ATG	3682734-3683606
unassigned_transcript_3184_3683620_3684480_861	annotated	unassigned_transcript_3184	assumed_protein_coding	MM_RS15830	MM_RS15830	assumed_protein_coding	NC_003901.1	-	ATG	3683620-3684480
unassigned_transcript_3185_3684470_3684946_477	annotated	unassigned_transcript_3185	assumed_protein_coding	MM_RS15835	MM_RS15835	assumed_protein_coding	NC_003901.1	-	ATG	3684470-3684946
unassigned_transcript_3187_3687104_3687394_291	annotated	unassigned_transcript_3187	assumed_protein_coding	MM_RS15845	MM_RS15845	assumed_protein_coding	NC_003901.1	+	ATG	3687104-3687394
unassigned_transcript_3188_3687728_3688930_1203	annotated	unassigned_transcript_3188	assumed_protein_coding	MM_RS18060	MM_RS18060	assumed_protein_coding	NC_003901.1	-	ATG	3687728-3688930
unassigned_transcript_3190_3690701_3691237_537	annotated	unassigned_transcript_3190	assumed_protein_coding	MM_RS19270	MM_RS19270	assumed_protein_coding	NC_003901.1	+	ATG	3690701-3691237
unassigned_transcript_3192_3691939_3693174_1236	annotated	unassigned_transcript_3192	assumed_protein_coding	MM_RS15870	MM_RS15870	assumed_protein_coding	NC_003901.1	+	ATG	3691939-3693174
unassigned_transcript_3193_3693205_3695364_2160	annotated	unassigned_transcript_3193	assumed_protein_coding	MM_RS15875	MM_RS15875	assumed_protein_coding	NC_003901.1	+	ATG	3693205-3695364
unassigned_transcript_3194_3695405_3696817_1413	annotated	unassigned_transcript_3194	assumed_protein_coding	MM_RS15880	MM_RS15880	assumed_protein_coding	NC_003901.1	+	ATG	3695405-3696817
unassigned_transcript_3195_3697016_3697396_381	annotated	unassigned_transcript_3195	assumed_protein_coding	MM_RS15885	MM_RS15885	assumed_protein_coding	NC_003901.1	+	ATG	3697016-3697396
unassigned_transcript_3197_3699582_3699815_234	annotated	unassigned_transcript_3197	assumed_protein_coding	MM_RS15900	MM_RS15900	assumed_protein_coding	NC_003901.1	+	ATG	3699582-3699815
unassigned_transcript_3198_3700356_3701024_669	annotated	unassigned_transcript_3198	assumed_protein_coding	MM_RS15905	MM_RS15905	assumed_protein_coding	NC_003901.1	+	ATG	3700356-3701024
unassigned_transcript_3199_3701142_3701927_786	annotated	unassigned_transcript_3199	assumed_protein_coding	MM_RS15910	MM_RS15910	assumed_protein_coding	NC_003901.1	+	ATG	3701142-3701927
unassigned_transcript_3200_3702007_3702513_507	annotated	unassigned_transcript_3200	assumed_protein_coding	MM_RS17580	MM_RS17580	assumed_protein_coding	NC_003901.1	-	ATG	3702007-3702513
unassigned_transcript_3201_3702636_3705143_2508	annotated	unassigned_transcript_3201	assumed_protein_coding	MM_RS15920	MM_RS15920	assumed_protein_coding	NC_003901.1	-	ATG	3702636-3705143
unassigned_transcript_3202_3705185_3706237_1053	annotated	unassigned_transcript_3202	assumed_protein_coding	MM_RS17585	MM_RS17585	assumed_protein_coding	NC_003901.1	-	ATG	3705185-3706237
unassigned_transcript_3203_3706268_3708682_2415	annotated	unassigned_transcript_3203	assumed_protein_coding	MM_RS17590	MM_RS17590	assumed_protein_coding	NC_003901.1	-	ATG	3706268-3708682
unassigned_transcript_3204_3708807_3712136_3330	annotated	unassigned_transcript_3204	assumed_protein_coding	MM_RS15935	MM_RS15935	assumed_protein_coding	NC_003901.1	-	ATG	3708807-3712136
unassigned_transcript_3205_3712272_3714686_2415	annotated	unassigned_transcript_3205	assumed_protein_coding	MM_RS15940	MM_RS15940	assumed_protein_coding	NC_003901.1	-	ATG	3712272-3714686
unassigned_transcript_3207_3716520_3717095_576	annotated	unassigned_transcript_3207	assumed_protein_coding	MM_RS15950	MM_RS15950	assumed_protein_coding	NC_003901.1	+	ATG	3716520-3717095
unassigned_transcript_3208_3717193_3718035_843	annotated	unassigned_transcript_3208	assumed_protein_coding	MM_RS15955	MM_RS15955	assumed_protein_coding	NC_003901.1	-	ATG	3717193-3718035
unassigned_transcript_3209_3718277_3721102_2826	annotated	unassigned_transcript_3209	assumed_protein_coding	MM_RS15960	MM_RS15960	assumed_protein_coding	NC_003901.1	-	ATG	3718277-3721102
unassigned_transcript_3210_3721181_3722221_1041	annotated	unassigned_transcript_3210	assumed_protein_coding	MM_RS15965	MM_RS15965	assumed_protein_coding	NC_003901.1	-	ATG	3721181-3722221
unassigned_transcript_3211_3722261_3723100_840	annotated	unassigned_transcript_3211	assumed_protein_coding	MM_RS15970	MM_RS15970	assumed_protein_coding	NC_003901.1	-	ATG	3722261-3723100
unassigned_transcript_3212_3723273_3723818_546	annotated	unassigned_transcript_3212	assumed_protein_coding	MM_RS15975	MM_RS15975	assumed_protein_coding	NC_003901.1	-	ATG	3723273-3723818
unassigned_transcript_3213_3724527_3729071_4545	annotated	unassigned_transcript_3213	assumed_protein_coding	MM_RS15980	MM_RS15980	assumed_protein_coding	NC_003901.1	-	ATG	3724527-3729071
unassigned_transcript_3214_3729492_3730010_519	annotated	unassigned_transcript_3214	assumed_protein_coding	MM_RS15985	MM_RS15985	assumed_protein_coding	NC_003901.1	+	ATG	3729492-3730010
unassigned_transcript_3216_3730798_3733053_2256	annotated	unassigned_transcript_3216	assumed_protein_coding	MM_RS15995	MM_RS15995	assumed_protein_coding	NC_003901.1	+	ATG	3730798-3733053
unassigned_transcript_3217_3733774_3734217_444	annotated	unassigned_transcript_3217	assumed_protein_coding	MM_RS16000	MM_RS16000	assumed_protein_coding	NC_003901.1	+	ATG	3733774-3734217
unassigned_transcript_3219_3736256_3736651_396	annotated	unassigned_transcript_3219	assumed_protein_coding	MM_RS16010	MM_RS16010	assumed_protein_coding	NC_003901.1	+	ATG	3736256-3736651
unassigned_transcript_3221_3739441_3740490_1050	annotated	unassigned_transcript_3221	assumed_protein_coding	MM_RS16020	MM_RS16020	assumed_protein_coding	NC_003901.1	-	ATG	3739441-3740490
unassigned_transcript_3222_3740773_3741951_1179	annotated	unassigned_transcript_3222	assumed_protein_coding	MM_RS16025	MM_RS16025	assumed_protein_coding	NC_003901.1	+	ATG	3740773-3741951
unassigned_transcript_3223_3742803_3743090_288	annotated	unassigned_transcript_3223	assumed_protein_coding	MM_RS16030	MM_RS16030	assumed_protein_coding	NC_003901.1	+	ATG	3742803-3743090
unassigned_transcript_3224_3744148_3744375_228	annotated	unassigned_transcript_3224	assumed_protein_coding	MM_RS16040	MM_RS16040	assumed_protein_coding	NC_003901.1	+	ATG	3744148-3744375
unassigned_transcript_3226_3745288_3746469_1182	annotated	unassigned_transcript_3226	assumed_protein_coding	MM_RS16050	MM_RS16050	assumed_protein_coding	NC_003901.1	-	ATG	3745288-3746469
unassigned_transcript_3228_3748180_3748344_165	annotated	unassigned_transcript_3228	assumed_protein_coding	MM_RS18640	MM_RS18640	assumed_protein_coding	NC_003901.1	-	ATG	3748180-3748344
unassigned_transcript_3229_3748529_3749884_1356	annotated	unassigned_transcript_3229	assumed_protein_coding	MM_RS16060	MM_RS16060	assumed_protein_coding	NC_003901.1	-	ATG	3748529-3749884
unassigned_transcript_3230_3750681_3751430_750	annotated	unassigned_transcript_3230	assumed_protein_coding	MM_RS16070	MM_RS16070	assumed_protein_coding	NC_003901.1	-	ATG	3750681-3751430
unassigned_transcript_3231_3751638_3752333_696	annotated	unassigned_transcript_3231	assumed_protein_coding	MM_RS16075	MM_RS16075	assumed_protein_coding	NC_003901.1	+	ATG	3751638-3752333
unassigned_transcript_3232_3752761_3754131_1371	annotated	unassigned_transcript_3232	assumed_protein_coding	MM_RS16080	MM_RS16080	assumed_protein_coding	NC_003901.1	+	ATG	3752761-3754131
unassigned_transcript_3233_3754301_3755257_957	annotated	unassigned_transcript_3233	assumed_protein_coding	MM_RS16090	MM_RS16090	assumed_protein_coding	NC_003901.1	-	ATG	3754301-3755257
unassigned_transcript_3234_3756195_3756608_414	annotated	unassigned_transcript_3234	assumed_protein_coding	MM_RS16095	MM_RS16095	assumed_protein_coding	NC_003901.1	+	ATG	3756195-3756608
unassigned_transcript_3236_3758156_3759349_1194	annotated	unassigned_transcript_3236	assumed_protein_coding	MM_RS16105	MM_RS16105	assumed_protein_coding	NC_003901.1	+	ATG	3758156-3759349
unassigned_transcript_3237_3759902_3760165_264	annotated	unassigned_transcript_3237	assumed_protein_coding	MM_RS16110	MM_RS16110	assumed_protein_coding	NC_003901.1	+	ATG	3759902-3760165
unassigned_transcript_3238_3760521_3761438_918	annotated	unassigned_transcript_3238	assumed_protein_coding	MM_RS16115	MM_RS16115	assumed_protein_coding	NC_003901.1	+	ATG	3760521-3761438
unassigned_transcript_3239_3761564_3762109_546	annotated	unassigned_transcript_3239	assumed_protein_coding	MM_RS19280	MM_RS19280	assumed_protein_coding	NC_003901.1	+	ATG	3761564-3762109
unassigned_transcript_3241_3762879_3764114_1236	annotated	unassigned_transcript_3241	assumed_protein_coding	MM_RS16125	MM_RS16125	assumed_protein_coding	NC_003901.1	+	ATG	3762879-3764114
unassigned_transcript_3242_3765096_3765494_399	annotated	unassigned_transcript_3242	assumed_protein_coding	MM_RS19630	MM_RS19630	assumed_protein_coding	NC_003901.1	+	ATG	3765096-3765494
unassigned_transcript_3243_3765783_3767903_2121	annotated	unassigned_transcript_3243	assumed_protein_coding	MM_RS16130	MM_RS16130	assumed_protein_coding	NC_003901.1	-	ATG	3765783-3767903
unassigned_transcript_3244_3768717_3769412_696	annotated	unassigned_transcript_3244	assumed_protein_coding	MM_RS16135	MM_RS16135	assumed_protein_coding	NC_003901.1	+	ATG	3768717-3769412
unassigned_transcript_3245_3769589_3771733_2145	annotated	unassigned_transcript_3245	assumed_protein_coding	MM_RS16140	MM_RS16140	assumed_protein_coding	NC_003901.1	-	ATG	3769589-3771733
unassigned_transcript_3246_3772022_3772879_858	annotated	unassigned_transcript_3246	assumed_protein_coding	MM_RS16145	MM_RS16145	assumed_protein_coding	NC_003901.1	-	ATG	3772022-3772879
unassigned_transcript_3247_3773262_3773468_207	annotated	unassigned_transcript_3247	assumed_protein_coding	MM_RS16150	MM_RS16150	assumed_protein_coding	NC_003901.1	-	ATG	3773262-3773468
unassigned_transcript_3248_3773621_3774022_402	annotated	unassigned_transcript_3248	assumed_protein_coding	MM_RS16155	MM_RS16155	assumed_protein_coding	NC_003901.1	-	ATG	3773621-3774022
unassigned_transcript_3249_3774175_3774792_618	annotated	unassigned_transcript_3249	assumed_protein_coding	MM_RS16160	MM_RS16160	assumed_protein_coding	NC_003901.1	+	ATG	3774175-3774792
unassigned_transcript_3251_3776167_3776604_438	annotated	unassigned_transcript_3251	assumed_protein_coding	MM_RS16170	MM_RS16170	assumed_protein_coding	NC_003901.1	-	ATG	3776167-3776604
unassigned_transcript_3252_3776846_3777835_990	annotated	unassigned_transcript_3252	assumed_protein_coding	MM_RS16175	MM_RS16175	assumed_protein_coding	NC_003901.1	-	ATG	3776846-3777835
unassigned_transcript_3253_3778566_3780242_1677	annotated	unassigned_transcript_3253	assumed_protein_coding	MM_RS16180	MM_RS16180	assumed_protein_coding	NC_003901.1	+	ATG	3778566-3780242
unassigned_transcript_3254_3780420_3781598_1179	annotated	unassigned_transcript_3254	assumed_protein_coding	MM_RS16185	MM_RS16185	assumed_protein_coding	NC_003901.1	-	ATG	3780420-3781598
unassigned_transcript_3255_3782185_3783501_1317	annotated	unassigned_transcript_3255	assumed_protein_coding	MM_RS16190	MM_RS16190	assumed_protein_coding	NC_003901.1	-	ATG	3782185-3783501
unassigned_transcript_3256_3784019_3784222_204	annotated	unassigned_transcript_3256	assumed_protein_coding	MM_RS16195	MM_RS16195	assumed_protein_coding	NC_003901.1	+	ATG	3784019-3784222
unassigned_transcript_3257_3784562_3786412_1851	annotated	unassigned_transcript_3257	assumed_protein_coding	MM_RS16200	MM_RS16200	assumed_protein_coding	NC_003901.1	-	ATG	3784562-3786412
unassigned_transcript_3258_3786788_3786994_207	annotated	unassigned_transcript_3258	assumed_protein_coding	MM_RS16205	MM_RS16205	assumed_protein_coding	NC_003901.1	+	ATG	3786788-3786994
unassigned_transcript_3260_3788901_3789416_516	annotated	unassigned_transcript_3260	assumed_protein_coding	MM_RS16215	MM_RS16215	assumed_protein_coding	NC_003901.1	-	ATG	3788901-3789416
unassigned_transcript_3261_3789530_3789946_417	annotated	unassigned_transcript_3261	assumed_protein_coding	MM_RS16220	MM_RS16220	assumed_protein_coding	NC_003901.1	+	ATG	3789530-3789946
unassigned_transcript_3262_3790130_3792514_2385	annotated	unassigned_transcript_3262	assumed_protein_coding	MM_RS16225	MM_RS16225	assumed_protein_coding	NC_003901.1	+	ATG	3790130-3792514
unassigned_transcript_3263_3792833_3793513_681	annotated	unassigned_transcript_3263	assumed_protein_coding	MM_RS16230	MM_RS16230	assumed_protein_coding	NC_003901.1	+	ATG	3792833-3793513
unassigned_transcript_3264_3793608_3793988_381	annotated	unassigned_transcript_3264	assumed_protein_coding	MM_RS16235	MM_RS16235	assumed_protein_coding	NC_003901.1	-	ATG	3793608-3793988
unassigned_transcript_3265_3794098_3794202_105	annotated	unassigned_transcript_3265	assumed_protein_coding	MM_RS19635	MM_RS19635	assumed_protein_coding	NC_003901.1	-	ATG	3794098-3794202
unassigned_transcript_3266_3794278_3795489_1212	annotated	unassigned_transcript_3266	assumed_protein_coding	MM_RS16240	MM_RS16240	assumed_protein_coding	NC_003901.1	-	ATG	3794278-3795489
unassigned_transcript_3267_3795965_3796756_792	annotated	unassigned_transcript_3267	assumed_protein_coding	MM_RS16245	MM_RS16245	assumed_protein_coding	NC_003901.1	+	ATG	3795965-3796756
unassigned_transcript_3273_3801208_3801798_591	annotated	unassigned_transcript_3273	assumed_protein_coding	MM_RS16275	MM_RS16275	assumed_protein_coding	NC_003901.1	+	ATG	3801208-3801798
unassigned_transcript_3277_3805811_3806374_564	annotated	unassigned_transcript_3277	assumed_protein_coding	MM_RS16295	MM_RS16295	assumed_protein_coding	NC_003901.1	-	ATG	3805811-3806374
unassigned_transcript_3278_3806634_3807260_627	annotated	unassigned_transcript_3278	assumed_protein_coding	MM_RS16300	MM_RS16300	assumed_protein_coding	NC_003901.1	-	ATG	3806634-3807260
unassigned_transcript_3279_3807498_3808379_882	annotated	unassigned_transcript_3279	assumed_protein_coding	MM_RS16305	MM_RS16305	assumed_protein_coding	NC_003901.1	-	ATG	3807498-3808379
unassigned_transcript_3280_3809135_3809935_801	annotated	unassigned_transcript_3280	assumed_protein_coding	MM_RS16310	MM_RS16310	assumed_protein_coding	NC_003901.1	+	ATG	3809135-3809935
unassigned_transcript_3282_3810925_3811548_624	annotated	unassigned_transcript_3282	assumed_protein_coding	MM_RS16320	MM_RS16320	assumed_protein_coding	NC_003901.1	+	ATG	3810925-3811548
unassigned_transcript_3283_3812890_3813408_519	annotated	unassigned_transcript_3283	assumed_protein_coding	MM_RS16325	MM_RS16325	assumed_protein_coding	NC_003901.1	-	ATG	3812890-3813408
unassigned_transcript_3285_3814687_3815214_528	annotated	unassigned_transcript_3285	assumed_protein_coding	MM_RS16335	MM_RS16335	assumed_protein_coding	NC_003901.1	+	ATG	3814687-3815214
unassigned_transcript_3286_3815865_3818723_2859	annotated	unassigned_transcript_3286	assumed_protein_coding	MM_RS16340	MM_RS16340	assumed_protein_coding	NC_003901.1	+	ATG	3815865-3818723
unassigned_transcript_3287_3818738_3819931_1194	annotated	unassigned_transcript_3287	assumed_protein_coding	MM_RS17595	MM_RS17595	assumed_protein_coding	NC_003901.1	+	ATG	3818738-3819931
unassigned_transcript_3288_3820129_3820344_216	annotated	unassigned_transcript_3288	assumed_protein_coding	MM_RS16350	MM_RS16350	assumed_protein_coding	NC_003901.1	-	ATG	3820129-3820344
unassigned_transcript_3289_3820355_3821521_1167	annotated	unassigned_transcript_3289	assumed_protein_coding	MM_RS16355	MM_RS16355	assumed_protein_coding	NC_003901.1	-	ATG	3820355-3821521
unassigned_transcript_3291_3821933_3822211_279	annotated	unassigned_transcript_3291	assumed_protein_coding	MM_RS16360	MM_RS16360	assumed_protein_coding	NC_003901.1	+	ATG	3821933-3822211
unassigned_transcript_3292_3822297_3822518_222	annotated	unassigned_transcript_3292	assumed_protein_coding	MM_RS16365	MM_RS16365	assumed_protein_coding	NC_003901.1	-	ATG	3822297-3822518
unassigned_transcript_3293_3822559_3824925_2367	annotated	unassigned_transcript_3293	assumed_protein_coding	MM_RS16370	MM_RS16370	assumed_protein_coding	NC_003901.1	-	ATG	3822559-3824925
unassigned_transcript_3294_3825310_3826821_1512	annotated	unassigned_transcript_3294	assumed_protein_coding	MM_RS16375	MM_RS16375	assumed_protein_coding	NC_003901.1	+	ATG	3825310-3826821
unassigned_transcript_3295_3826968_3827741_774	annotated	unassigned_transcript_3295	assumed_protein_coding	MM_RS16380	MM_RS16380	assumed_protein_coding	NC_003901.1	-	ATG	3826968-3827741
unassigned_transcript_3296_3828292_3829314_1023	annotated	unassigned_transcript_3296	assumed_protein_coding	MM_RS16385	MM_RS16385	assumed_protein_coding	NC_003901.1	+	ATG	3828292-3829314
unassigned_transcript_3297_3829914_3830102_189	annotated	unassigned_transcript_3297	assumed_protein_coding	MM_RS16390	MM_RS16390	assumed_protein_coding	NC_003901.1	-	ATG	3829914-3830102
unassigned_transcript_3298_3830177_3831205_1029	annotated	unassigned_transcript_3298	assumed_protein_coding	MM_RS16395	MM_RS16395	assumed_protein_coding	NC_003901.1	+	ATG	3830177-3831205
unassigned_transcript_3299_3831216_3831881_666	annotated	unassigned_transcript_3299	assumed_protein_coding	MM_RS19050	MM_RS19050	assumed_protein_coding	NC_003901.1	-	ATG	3831216-3831881
unassigned_transcript_3300_3832040_3832420_381	annotated	unassigned_transcript_3300	assumed_protein_coding	MM_RS16405	MM_RS16405	assumed_protein_coding	NC_003901.1	-	ATG	3832040-3832420
unassigned_transcript_3302_3833957_3834502_546	annotated	unassigned_transcript_3302	assumed_protein_coding	MM_RS16415	MM_RS16415	assumed_protein_coding	NC_003901.1	-	ATG	3833957-3834502
unassigned_transcript_3303_3834793_3835149_357	annotated	unassigned_transcript_3303	assumed_protein_coding	MM_RS16420	MM_RS16420	assumed_protein_coding	NC_003901.1	-	ATG	3834793-3835149
unassigned_transcript_3304_3835441_3836571_1131	annotated	unassigned_transcript_3304	assumed_protein_coding	MM_RS16425	MM_RS16425	assumed_protein_coding	NC_003901.1	+	ATG	3835441-3836571
unassigned_transcript_3305_3836817_3838418_1602	annotated	unassigned_transcript_3305	assumed_protein_coding	MM_RS16430	MM_RS16430	assumed_protein_coding	NC_003901.1	-	ATG	3836817-3838418
unassigned_transcript_3306_3839209_3840693_1485	annotated	unassigned_transcript_3306	assumed_protein_coding	MM_RS19295	MM_RS19295	assumed_protein_coding	NC_003901.1	+	ATG	3839209-3840693
unassigned_transcript_3307_3840744_3842294_1551	annotated	unassigned_transcript_3307	assumed_protein_coding	MM_RS19300	MM_RS19300	assumed_protein_coding	NC_003901.1	+	ATG	3840744-3842294
unassigned_transcript_3308_3842527_3843957_1431	annotated	unassigned_transcript_3308	assumed_protein_coding	MM_RS16440	MM_RS16440	assumed_protein_coding	NC_003901.1	-	ATG	3842527-3843957
unassigned_transcript_3309_3844683_3844922_240	annotated	unassigned_transcript_3309	assumed_protein_coding	MM_RS16450	MM_RS16450	assumed_protein_coding	NC_003901.1	+	ATG	3844683-3844922
unassigned_transcript_3310_3845074_3845232_159	annotated	unassigned_transcript_3310	assumed_protein_coding	MM_RS18925	MM_RS18925	assumed_protein_coding	NC_003901.1	-	ATG	3845074-3845232
unassigned_transcript_3313_3845853_3846719_867	annotated	unassigned_transcript_3313	assumed_protein_coding	MM_RS16455	MM_RS16455	assumed_protein_coding	NC_003901.1	+	ATG	3845853-3846719
unassigned_transcript_3314_3847626_3847811_186	annotated	unassigned_transcript_3314	assumed_protein_coding	MM_RS18860	MM_RS18860	assumed_protein_coding	NC_003901.1	+	ATG	3847626-3847811
unassigned_transcript_3315_3848412_3848567_156	annotated	unassigned_transcript_3315	assumed_protein_coding	MM_RS18660	MM_RS18660	assumed_protein_coding	NC_003901.1	+	ATG	3848412-3848567
unassigned_transcript_3316_3848707_3848964_258	annotated	unassigned_transcript_3316	assumed_protein_coding	MM_RS16465	MM_RS16465	assumed_protein_coding	NC_003901.1	+	ATG	3848707-3848964
unassigned_transcript_3317_3849001_3849381_381	annotated	unassigned_transcript_3317	assumed_protein_coding	MM_RS16470	MM_RS16470	assumed_protein_coding	NC_003901.1	-	ATG	3849001-3849381
unassigned_transcript_3318_3849993_3851420_1428	annotated	unassigned_transcript_3318	assumed_protein_coding	MM_RS16475	MM_RS16475	assumed_protein_coding	NC_003901.1	+	ATG	3849993-3851420
unassigned_transcript_3321_3853446_3854018_573	annotated	unassigned_transcript_3321	assumed_protein_coding	MM_RS19320	MM_RS19320	assumed_protein_coding	NC_003901.1	-	ATG	3853446-3854018
unassigned_transcript_3322_3854377_3855228_852	annotated	unassigned_transcript_3322	assumed_protein_coding	MM_RS16485	MM_RS16485	assumed_protein_coding	NC_003901.1	+	ATG	3854377-3855228
unassigned_transcript_3323_3855987_3857708_1722	annotated	unassigned_transcript_3323	assumed_protein_coding	MM_RS16490	MM_RS16490	assumed_protein_coding	NC_003901.1	+	ATG	3855987-3857708
unassigned_transcript_3324_3857922_3858776_855	annotated	unassigned_transcript_3324	assumed_protein_coding	MM_RS16495	MM_RS16495	assumed_protein_coding	NC_003901.1	-	ATG	3857922-3858776
unassigned_transcript_3327_3859863_3860342_480	annotated	unassigned_transcript_3327	assumed_protein_coding	MM_RS16510	MM_RS16510	assumed_protein_coding	NC_003901.1	-	ATG	3859863-3860342
unassigned_transcript_3328_3860490_3861161_672	annotated	unassigned_transcript_3328	assumed_protein_coding	MM_RS16515	MM_RS16515	assumed_protein_coding	NC_003901.1	-	ATG	3860490-3861161
unassigned_transcript_3329_3861352_3862167_816	annotated	unassigned_transcript_3329	assumed_protein_coding	MM_RS16520	MM_RS16520	assumed_protein_coding	NC_003901.1	+	ATG	3861352-3862167
unassigned_transcript_3330_3862250_3863965_1716	annotated	unassigned_transcript_3330	assumed_protein_coding	MM_RS16525	MM_RS16525	assumed_protein_coding	NC_003901.1	-	ATG	3862250-3863965
unassigned_transcript_3332_3864596_3865147_552	annotated	unassigned_transcript_3332	assumed_protein_coding	MM_RS16530	MM_RS16530	assumed_protein_coding	NC_003901.1	+	ATG	3864596-3865147
unassigned_transcript_3333_3865312_3866982_1671	annotated	unassigned_transcript_3333	assumed_protein_coding	MM_RS16535	MM_RS16535	assumed_protein_coding	NC_003901.1	+	ATG	3865312-3866982
unassigned_transcript_3334_3867269_3867514_246	annotated	unassigned_transcript_3334	assumed_protein_coding	MM_RS16540	MM_RS16540	assumed_protein_coding	NC_003901.1	+	ATG	3867269-3867514
unassigned_transcript_3335_3867537_3868589_1053	annotated	unassigned_transcript_3335	assumed_protein_coding	MM_RS16545	MM_RS16545	assumed_protein_coding	NC_003901.1	+	ATG	3867537-3868589
unassigned_transcript_3336_3868595_3870037_1443	annotated	unassigned_transcript_3336	assumed_protein_coding	MM_RS16550	MM_RS16550	assumed_protein_coding	NC_003901.1	+	ATG	3868595-3870037
unassigned_transcript_3337_3871921_3873090_1170	annotated	unassigned_transcript_3337	assumed_protein_coding	MM_RS16560	MM_RS16560	assumed_protein_coding	NC_003901.1	-	ATG	3871921-3873090
unassigned_transcript_3338_3873803_3875080_1278	annotated	unassigned_transcript_3338	assumed_protein_coding	MM_RS16565	MM_RS16565	assumed_protein_coding	NC_003901.1	-	ATG	3873803-3875080
unassigned_transcript_3339_3875379_3876557_1179	annotated	unassigned_transcript_3339	assumed_protein_coding	MM_RS16570	MM_RS16570	assumed_protein_coding	NC_003901.1	-	ATG	3875379-3876557
unassigned_transcript_3340_3876957_3878474_1518	annotated	unassigned_transcript_3340	assumed_protein_coding	MM_RS16575	MM_RS16575	assumed_protein_coding	NC_003901.1	+	ATG	3876957-3878474
unassigned_transcript_3341_3878813_3879661_849	annotated	unassigned_transcript_3341	assumed_protein_coding	MM_RS16580	MM_RS16580	assumed_protein_coding	NC_003901.1	+	ATG	3878813-3879661
unassigned_transcript_3342_3879791_3880681_891	annotated	unassigned_transcript_3342	assumed_protein_coding	MM_RS16585	MM_RS16585	assumed_protein_coding	NC_003901.1	+	ATG	3879791-3880681
unassigned_transcript_3343_3880817_3881170_354	annotated	unassigned_transcript_3343	assumed_protein_coding	MM_RS16590	MM_RS16590	assumed_protein_coding	NC_003901.1	+	ATG	3880817-3881170
unassigned_transcript_3344_3881164_3881340_177	annotated	unassigned_transcript_3344	assumed_protein_coding	MM_RS16595	MM_RS16595	assumed_protein_coding	NC_003901.1	+	ATG	3881164-3881340
unassigned_transcript_3345_3881333_3881752_420	annotated	unassigned_transcript_3345	assumed_protein_coding	MM_RS16600	MM_RS16600	assumed_protein_coding	NC_003901.1	+	ATG	3881333-3881752
unassigned_transcript_3346_3881929_3882087_159	annotated	unassigned_transcript_3346	assumed_protein_coding	MM_RS18930	MM_RS18930	assumed_protein_coding	NC_003901.1	-	ATG	3881929-3882087
unassigned_transcript_3347_3882275_3883693_1419	annotated	unassigned_transcript_3347	assumed_protein_coding	MM_RS16605	MM_RS16605	assumed_protein_coding	NC_003901.1	-	ATG	3882275-3883693
unassigned_transcript_3348_3883721_3884185_465	annotated	unassigned_transcript_3348	assumed_protein_coding	MM_RS16610	MM_RS16610	assumed_protein_coding	NC_003901.1	-	ATG	3883721-3884185
unassigned_transcript_3350_3885156_3885338_183	annotated	unassigned_transcript_3350	assumed_protein_coding	MM_RS16620	MM_RS16620	assumed_protein_coding	NC_003901.1	+	ATG	3885156-3885338
unassigned_transcript_3351_3885353_3885760_408	annotated	unassigned_transcript_3351	assumed_protein_coding	MM_RS16625	MM_RS16625	assumed_protein_coding	NC_003901.1	+	ATG	3885353-3885760
unassigned_transcript_3353_3887532_3888464_933	annotated	unassigned_transcript_3353	assumed_protein_coding	MM_RS16635	MM_RS16635	assumed_protein_coding	NC_003901.1	+	ATG	3887532-3888464
unassigned_transcript_3354_3888699_3888902_204	annotated	unassigned_transcript_3354	assumed_protein_coding	MM_RS16640	MM_RS16640	assumed_protein_coding	NC_003901.1	-	ATG	3888699-3888902
unassigned_transcript_3355_3889085_3889801_717	annotated	unassigned_transcript_3355	assumed_protein_coding	MM_RS16645	MM_RS16645	assumed_protein_coding	NC_003901.1	+	ATG	3889085-3889801
unassigned_transcript_3356_3889814_3892393_2580	annotated	unassigned_transcript_3356	assumed_protein_coding	MM_RS16650	MM_RS16650	assumed_protein_coding	NC_003901.1	-	ATG	3889814-3892393
unassigned_transcript_3357_3892733_3894721_1989	annotated	unassigned_transcript_3357	assumed_protein_coding	MM_RS16655	MM_RS16655	assumed_protein_coding	NC_003901.1	-	ATG	3892733-3894721
unassigned_transcript_3358_3895426_3896916_1491	annotated	unassigned_transcript_3358	assumed_protein_coding	MM_RS16660	MM_RS16660	assumed_protein_coding	NC_003901.1	-	ATG	3895426-3896916
unassigned_transcript_3359_3897857_3900532_2676	annotated	unassigned_transcript_3359	assumed_protein_coding	MM_RS16665	MM_RS16665	assumed_protein_coding	NC_003901.1	-	ATG	3897857-3900532
unassigned_transcript_3361_3901838_3904453_2616	annotated	unassigned_transcript_3361	assumed_protein_coding	MM_RS16675	MM_RS16675	assumed_protein_coding	NC_003901.1	+	ATG	3901838-3904453
unassigned_transcript_3366_3907903_3909480_1578	annotated	unassigned_transcript_3366	assumed_protein_coding	MM_RS16695	MM_RS16695	assumed_protein_coding	NC_003901.1	-	ATG	3907903-3909480
unassigned_transcript_3367_3910046_3911665_1620	annotated	unassigned_transcript_3367	assumed_protein_coding	MM_RS16700	MM_RS16700	assumed_protein_coding	NC_003901.1	+	ATG	3910046-3911665
unassigned_transcript_3368_3911822_3912667_846	annotated	unassigned_transcript_3368	assumed_protein_coding	MM_RS16705	MM_RS16705	assumed_protein_coding	NC_003901.1	-	ATG	3911822-3912667
unassigned_transcript_3370_3914176_3915027_852	annotated	unassigned_transcript_3370	assumed_protein_coding	MM_RS16720	MM_RS16720	assumed_protein_coding	NC_003901.1	-	ATG	3914176-3915027
unassigned_transcript_3371_3915956_3916279_324	annotated	unassigned_transcript_3371	assumed_protein_coding	MM_RS16725	MM_RS16725	assumed_protein_coding	NC_003901.1	-	ATG	3915956-3916279
unassigned_transcript_3372_3916541_3916900_360	annotated	unassigned_transcript_3372	assumed_protein_coding	MM_RS16730	MM_RS16730	assumed_protein_coding	NC_003901.1	-	ATG	3916541-3916900
unassigned_transcript_3374_3918314_3919756_1443	annotated	unassigned_transcript_3374	assumed_protein_coding	MM_RS16740	MM_RS16740	assumed_protein_coding	NC_003901.1	+	ATG	3918314-3919756
unassigned_transcript_3375_3919884_3921101_1218	annotated	unassigned_transcript_3375	assumed_protein_coding	MM_RS16745	MM_RS16745	assumed_protein_coding	NC_003901.1	+	ATG	3919884-3921101
unassigned_transcript_3376_3921245_3921604_360	annotated	unassigned_transcript_3376	assumed_protein_coding	MM_RS16750	MM_RS16750	assumed_protein_coding	NC_003901.1	-	ATG	3921245-3921604
unassigned_transcript_3378_3922842_3923675_834	annotated	unassigned_transcript_3378	assumed_protein_coding	MM_RS16765	MM_RS16765	assumed_protein_coding	NC_003901.1	+	ATG	3922842-3923675
unassigned_transcript_3379_3923854_3924561_708	annotated	unassigned_transcript_3379	assumed_protein_coding	MM_RS16770	MM_RS16770	assumed_protein_coding	NC_003901.1	+	ATG	3923854-3924561
unassigned_transcript_3380_3924699_3925163_465	annotated	unassigned_transcript_3380	assumed_protein_coding	MM_RS16775	MM_RS16775	assumed_protein_coding	NC_003901.1	+	ATG	3924699-3925163
unassigned_transcript_3382_3925410_3926538_1131	annotated	unassigned_transcript_3382	assumed_protein_coding	MM_RS18090	MM_RS18090	assumed_protein_coding	NC_003901.1	-	ATG	3925410-3926106,3926105-3926538
unassigned_transcript_3383_3927231_3927383_153	annotated	unassigned_transcript_3383	assumed_protein_coding	MM_RS18680	MM_RS18680	assumed_protein_coding	NC_003901.1	+	ATG	3927231-3927383
unassigned_transcript_3384_3927396_3928418_1023	annotated	unassigned_transcript_3384	assumed_protein_coding	MM_RS16790	MM_RS16790	assumed_protein_coding	NC_003901.1	+	ATG	3927396-3928418
unassigned_transcript_3385_3928421_3929107_687	annotated	unassigned_transcript_3385	assumed_protein_coding	MM_RS16795	MM_RS16795	assumed_protein_coding	NC_003901.1	+	ATG	3928421-3929107
unassigned_transcript_3386_3929419_3929646_228	annotated	unassigned_transcript_3386	assumed_protein_coding	MM_RS16800	MM_RS16800	assumed_protein_coding	NC_003901.1	+	ATG	3929419-3929646
unassigned_transcript_3388_3930505_3931287_783	annotated	unassigned_transcript_3388	assumed_protein_coding	MM_RS16810	MM_RS16810	assumed_protein_coding	NC_003901.1	+	ATG	3930505-3931287
unassigned_transcript_3389_3931531_3932250_720	annotated	unassigned_transcript_3389	assumed_protein_coding	MM_RS16815	MM_RS16815	assumed_protein_coding	NC_003901.1	+	ATG	3931531-3932250
unassigned_transcript_3390_3932525_3933533_1011	annotated	unassigned_transcript_3390	assumed_protein_coding	MM_RS18095	MM_RS18095	assumed_protein_coding	NC_003901.1	+	ATG	3932525-3933009,3933008-3933533
unassigned_transcript_3391_3933749_3934312_564	annotated	unassigned_transcript_3391	assumed_protein_coding	MM_RS16830	MM_RS16830	assumed_protein_coding	NC_003901.1	+	ATG	3933749-3934312
unassigned_transcript_3392_3934921_3935262_342	annotated	unassigned_transcript_3392	assumed_protein_coding	MM_RS16835	MM_RS16835	assumed_protein_coding	NC_003901.1	+	ATG	3934921-3935262
unassigned_transcript_3393_3935262_3936632_1371	annotated	unassigned_transcript_3393	assumed_protein_coding	MM_RS16840	MM_RS16840	assumed_protein_coding	NC_003901.1	+	ATG	3935262-3936632
unassigned_transcript_3394_3937034_3937597_564	annotated	unassigned_transcript_3394	assumed_protein_coding	MM_RS16845	MM_RS16845	assumed_protein_coding	NC_003901.1	+	ATG	3937034-3937597
unassigned_transcript_3396_3938459_3939337_879	annotated	unassigned_transcript_3396	assumed_protein_coding	MM_RS16855	MM_RS16855	assumed_protein_coding	NC_003901.1	-	ATG	3938459-3939337
unassigned_transcript_3397_3939700_3944616_4917	annotated	unassigned_transcript_3397	assumed_protein_coding	MM_RS16860	MM_RS16860	assumed_protein_coding	NC_003901.1	-	ATG	3939700-3944616
unassigned_transcript_3398_3944681_3946111_1431	annotated	unassigned_transcript_3398	assumed_protein_coding	MM_RS16865	MM_RS16865	assumed_protein_coding	NC_003901.1	-	ATG	3944681-3946111
unassigned_transcript_3402_3950274_3951155_882	annotated	unassigned_transcript_3402	assumed_protein_coding	MM_RS16890	MM_RS16890	assumed_protein_coding	NC_003901.1	-	ATG	3950274-3951155
unassigned_transcript_3403_3951238_3951396_159	annotated	unassigned_transcript_3403	assumed_protein_coding	MM_RS18690	MM_RS18690	assumed_protein_coding	NC_003901.1	+	ATG	3951238-3951396
unassigned_transcript_3404_3951396_3952031_636	annotated	unassigned_transcript_3404	assumed_protein_coding	MM_RS16895	MM_RS16895	assumed_protein_coding	NC_003901.1	+	ATG	3951396-3952031
unassigned_transcript_3405_3952047_3952376_330	annotated	unassigned_transcript_3405	assumed_protein_coding	MM_RS16900	MM_RS16900	assumed_protein_coding	NC_003901.1	+	ATG	3952047-3952376
unassigned_transcript_3406_3952372_3955041_2670	annotated	unassigned_transcript_3406	assumed_protein_coding	MM_RS16905	MM_RS16905	assumed_protein_coding	NC_003901.1	+	ATG	3952372-3955041
unassigned_transcript_3407_3955121_3956461_1341	annotated	unassigned_transcript_3407	assumed_protein_coding	MM_RS16910	MM_RS16910	assumed_protein_coding	NC_003901.1	+	ATG	3955121-3956461
unassigned_transcript_3408_3957188_3957526_339	annotated	unassigned_transcript_3408	assumed_protein_coding	MM_RS16915	MM_RS16915	assumed_protein_coding	NC_003901.1	+	ATG	3957188-3957526
unassigned_transcript_3409_3958282_3959499_1218	annotated	unassigned_transcript_3409	assumed_protein_coding	MM_RS16920	MM_RS16920	assumed_protein_coding	NC_003901.1	+	ATG	3958282-3959499
unassigned_transcript_3410_3959696_3960196_501	annotated	unassigned_transcript_3410	assumed_protein_coding	MM_RS16925	MM_RS16925	assumed_protein_coding	NC_003901.1	-	ATG	3959696-3960196
unassigned_transcript_3411_3960547_3961593_1047	annotated	unassigned_transcript_3411	assumed_protein_coding	MM_RS16930	MM_RS16930	assumed_protein_coding	NC_003901.1	+	ATG	3960547-3961593
unassigned_transcript_3412_3961597_3962520_924	annotated	unassigned_transcript_3412	assumed_protein_coding	MM_RS16935	MM_RS16935	assumed_protein_coding	NC_003901.1	+	ATG	3961597-3962520
unassigned_transcript_3414_3963326_3964279_954	annotated	unassigned_transcript_3414	assumed_protein_coding	MM_RS16945	MM_RS16945	assumed_protein_coding	NC_003901.1	-	ATG	3963326-3964279
unassigned_transcript_3415_3964659_3965390_732	annotated	unassigned_transcript_3415	assumed_protein_coding	MM_RS16950	MM_RS16950	assumed_protein_coding	NC_003901.1	+	ATG	3964659-3965390
unassigned_transcript_3416_3965459_3965794_336	annotated	unassigned_transcript_3416	assumed_protein_coding	MM_RS16955	MM_RS16955	assumed_protein_coding	NC_003901.1	+	ATG	3965459-3965794
unassigned_transcript_3417_3965874_3966752_879	annotated	unassigned_transcript_3417	assumed_protein_coding	MM_RS16960	MM_RS16960	assumed_protein_coding	NC_003901.1	+	ATG	3965874-3966752
unassigned_transcript_3418_3967006_3968208_1203	annotated	unassigned_transcript_3418	assumed_protein_coding	MM_RS18105	MM_RS18105	assumed_protein_coding	NC_003901.1	-	ATG	3967006-3968208
unassigned_transcript_3419_3969687_3970031_345	annotated	unassigned_transcript_3419	assumed_protein_coding	MM_RS16970	MM_RS16970	assumed_protein_coding	NC_003901.1	-	ATG	3969687-3970031
unassigned_transcript_3420_3970549_3971604_1056	annotated	unassigned_transcript_3420	assumed_protein_coding	MM_RS16975	MM_RS16975	assumed_protein_coding	NC_003901.1	-	ATG	3970549-3971604
unassigned_transcript_3421_3971843_3972349_507	annotated	unassigned_transcript_3421	assumed_protein_coding	MM_RS16980	MM_RS16980	assumed_protein_coding	NC_003901.1	-	ATG	3971843-3972349
unassigned_transcript_3422_3972551_3972970_420	annotated	unassigned_transcript_3422	assumed_protein_coding	MM_RS19330	MM_RS19330	assumed_protein_coding	NC_003901.1	-	ATG	3972551-3972970
unassigned_transcript_3425_3975025_3976500_1476	annotated	unassigned_transcript_3425	assumed_protein_coding	MM_RS17000	MM_RS17000	assumed_protein_coding	NC_003901.1	-	ATG	3975025-3976500
unassigned_transcript_3428_3978243_3979364_1122	annotated	unassigned_transcript_3428	assumed_protein_coding	MM_RS17010	MM_RS17010	assumed_protein_coding	NC_003901.1	+	ATG	3978243-3979364
unassigned_transcript_3429_3979486_3980793_1308	annotated	unassigned_transcript_3429	assumed_protein_coding	MM_RS17015	MM_RS17015	assumed_protein_coding	NC_003901.1	+	ATG	3979486-3980793
unassigned_transcript_3430_3980870_3982543_1674	annotated	unassigned_transcript_3430	assumed_protein_coding	MM_RS17020	MM_RS17020	assumed_protein_coding	NC_003901.1	-	ATG	3980870-3982543
unassigned_transcript_3431_3982693_3983232_540	annotated	unassigned_transcript_3431	assumed_protein_coding	MM_RS17025	MM_RS17025	assumed_protein_coding	NC_003901.1	-	ATG	3982693-3983232
unassigned_transcript_3432_3983429_3984787_1359	annotated	unassigned_transcript_3432	assumed_protein_coding	MM_RS17030	MM_RS17030	assumed_protein_coding	NC_003901.1	-	ATG	3983429-3984787
unassigned_transcript_3433_3985239_3986684_1446	annotated	unassigned_transcript_3433	assumed_protein_coding	MM_RS17035	MM_RS17035	assumed_protein_coding	NC_003901.1	+	ATG	3985239-3986684
unassigned_transcript_3434_3986982_3989591_2610	annotated	unassigned_transcript_3434	assumed_protein_coding	MM_RS18705	MM_RS18705	assumed_protein_coding	NC_003901.1	-	ATG	3986982-3989591
unassigned_transcript_3435_3990313_3991158_846	annotated	unassigned_transcript_3435	assumed_protein_coding	MM_RS17045	MM_RS17045	assumed_protein_coding	NC_003901.1	-	ATG	3990313-3991158
unassigned_transcript_3436_3991422_3993359_1938	annotated	unassigned_transcript_3436	assumed_protein_coding	MM_RS17050	MM_RS17050	assumed_protein_coding	NC_003901.1	-	ATG	3991422-3993359
unassigned_transcript_3437_3993610_3994032_423	annotated	unassigned_transcript_3437	assumed_protein_coding	MM_RS17055	MM_RS17055	assumed_protein_coding	NC_003901.1	+	ATG	3993610-3994032
unassigned_transcript_3438_3994312_3995448_1137	annotated	unassigned_transcript_3438	assumed_protein_coding	MM_RS17060	MM_RS17060	assumed_protein_coding	NC_003901.1	+	ATG	3994312-3995448
unassigned_transcript_3439_3995640_3996815_1176	annotated	unassigned_transcript_3439	assumed_protein_coding	MM_RS17065	MM_RS17065	assumed_protein_coding	NC_003901.1	+	ATG	3995640-3996815
unassigned_transcript_3440_3996944_3997312_369	annotated	unassigned_transcript_3440	assumed_protein_coding	MM_RS17070	MM_RS17070	assumed_protein_coding	NC_003901.1	+	ATG	3996944-3997312
unassigned_transcript_3441_3997515_3997670_156	annotated	unassigned_transcript_3441	assumed_protein_coding	MM_RS17075	MM_RS17075	assumed_protein_coding	NC_003901.1	+	ATG	3997515-3997670
unassigned_transcript_3443_3999805_4000389_585	annotated	unassigned_transcript_3443	assumed_protein_coding	MM_RS17085	MM_RS17085	assumed_protein_coding	NC_003901.1	+	ATG	3999805-4000389
unassigned_transcript_3444_4000510_4002519_2010	annotated	unassigned_transcript_3444	assumed_protein_coding	MM_RS17090	MM_RS17090	assumed_protein_coding	NC_003901.1	-	ATG	4000510-4002519
unassigned_transcript_3445_4002605_4004173_1569	annotated	unassigned_transcript_3445	assumed_protein_coding	MM_RS17095	MM_RS17095	assumed_protein_coding	NC_003901.1	-	ATG	4002605-4004173
unassigned_transcript_3446_4004368_4007352_2985	annotated	unassigned_transcript_3446	assumed_protein_coding	MM_RS17100	MM_RS17100	assumed_protein_coding	NC_003901.1	-	ATG	4004368-4007352
unassigned_transcript_3447_4008460_4008780_321	annotated	unassigned_transcript_3447	assumed_protein_coding	MM_RS17105	MM_RS17105	assumed_protein_coding	NC_003901.1	-	ATG	4008460-4008780
unassigned_transcript_3448_4008936_4009805_870	annotated	unassigned_transcript_3448	assumed_protein_coding	MM_RS17110	MM_RS17110	assumed_protein_coding	NC_003901.1	+	ATG	4008936-4009805
unassigned_transcript_3449_4010057_4011070_1014	annotated	unassigned_transcript_3449	assumed_protein_coding	MM_RS18715	MM_RS18715	assumed_protein_coding	NC_003901.1	+	ATG	4010057-4011070
unassigned_transcript_3450_4011187_4013955_2769	annotated	unassigned_transcript_3450	assumed_protein_coding	MM_RS17120	MM_RS17120	assumed_protein_coding	NC_003901.1	-	ATG	4011187-4013955
unassigned_transcript_3451_4014377_4014565_189	annotated	unassigned_transcript_3451	assumed_protein_coding	MM_RS17125	MM_RS17125	assumed_protein_coding	NC_003901.1	+	ATG	4014377-4014565
unassigned_transcript_3455_4016245_4017513_1269	annotated	unassigned_transcript_3455	assumed_protein_coding	MM_RS17135	MM_RS17135	assumed_protein_coding	NC_003901.1	-	ATG	4016245-4017513
unassigned_transcript_3456_4017939_4020152_2214	annotated	unassigned_transcript_3456	assumed_protein_coding	MM_RS17140	MM_RS17140	assumed_protein_coding	NC_003901.1	+	ATG	4017939-4020152
unassigned_transcript_3458_4022097_4023194_1098	annotated	unassigned_transcript_3458	assumed_protein_coding	MM_RS17150	MM_RS17150	assumed_protein_coding	NC_003901.1	+	ATG	4022097-4023194
unassigned_transcript_3459_4023468_4025369_1902	annotated	unassigned_transcript_3459	assumed_protein_coding	MM_RS17155	MM_RS17155	assumed_protein_coding	NC_003901.1	+	ATG	4023468-4025369
unassigned_transcript_3460_4025916_4028096_2181	annotated	unassigned_transcript_3460	assumed_protein_coding	MM_RS17160	MM_RS17160	assumed_protein_coding	NC_003901.1	+	ATG	4025916-4028096
unassigned_transcript_3461_4028805_4029647_843	annotated	unassigned_transcript_3461	assumed_protein_coding	MM_RS17165	MM_RS17165	assumed_protein_coding	NC_003901.1	+	ATG	4028805-4029647
unassigned_transcript_3462_4029843_4030370_528	annotated	unassigned_transcript_3462	assumed_protein_coding	MM_RS17170	MM_RS17170	assumed_protein_coding	NC_003901.1	-	ATG	4029843-4030370
unassigned_transcript_3463_4030662_4031378_717	annotated	unassigned_transcript_3463	assumed_protein_coding	MM_RS17175	MM_RS17175	assumed_protein_coding	NC_003901.1	+	ATG	4030662-4031378
unassigned_transcript_3464_4031542_4032357_816	annotated	unassigned_transcript_3464	assumed_protein_coding	MM_RS17180	MM_RS17180	assumed_protein_coding	NC_003901.1	+	ATG	4031542-4032357
unassigned_transcript_3465_4032407_4033033_627	annotated	unassigned_transcript_3465	assumed_protein_coding	MM_RS17185	MM_RS17185	assumed_protein_coding	NC_003901.1	-	ATG	4032407-4033033
unassigned_transcript_3466_4033249_4033857_609	annotated	unassigned_transcript_3466	assumed_protein_coding	MM_RS17190	MM_RS17190	assumed_protein_coding	NC_003901.1	+	ATG	4033249-4033857
unassigned_transcript_3467_4033972_4034757_786	annotated	unassigned_transcript_3467	assumed_protein_coding	MM_RS17195	MM_RS17195	assumed_protein_coding	NC_003901.1	-	ATG	4033972-4034757
unassigned_transcript_3469_4035801_4036478_678	annotated	unassigned_transcript_3469	assumed_protein_coding	MM_RS17205	MM_RS17205	assumed_protein_coding	NC_003901.1	-	ATG	4035801-4036478
unassigned_transcript_3470_4036717_4037124_408	annotated	unassigned_transcript_3470	assumed_protein_coding	MM_RS17210	MM_RS17210	assumed_protein_coding	NC_003901.1	+	ATG	4036717-4037124
unassigned_transcript_3471_4038087_4038380_294	annotated	unassigned_transcript_3471	assumed_protein_coding	MM_RS17220	MM_RS17220	assumed_protein_coding	NC_003901.1	+	ATG	4038087-4038380
unassigned_transcript_3472_4038602_4039117_516	annotated	unassigned_transcript_3472	assumed_protein_coding	MM_RS17225	MM_RS17225	assumed_protein_coding	NC_003901.1	-	ATG	4038602-4039117
unassigned_transcript_3474_4043521_4044831_1311	annotated	unassigned_transcript_3474	assumed_protein_coding	MM_RS17235	MM_RS17235	assumed_protein_coding	NC_003901.1	-	ATG	4043521-4044831
unassigned_transcript_3475_4044903_4045733_831	annotated	unassigned_transcript_3475	assumed_protein_coding	MM_RS17240	MM_RS17240	assumed_protein_coding	NC_003901.1	-	ATG	4044903-4045733
unassigned_transcript_3477_4046738_4048333_1596	annotated	unassigned_transcript_3477	assumed_protein_coding	MM_RS17250	MM_RS17250	assumed_protein_coding	NC_003901.1	-	ATG	4046738-4048333
unassigned_transcript_3478_4048402_4049385_984	annotated	unassigned_transcript_3478	assumed_protein_coding	MM_RS17255	MM_RS17255	assumed_protein_coding	NC_003901.1	-	ATG	4048402-4049385
unassigned_transcript_3480_4051285_4052835_1551	annotated	unassigned_transcript_3480	assumed_protein_coding	MM_RS17265	MM_RS17265	assumed_protein_coding	NC_003901.1	+	ATG	4051285-4052835
unassigned_transcript_3481_4053065_4054828_1764	annotated	unassigned_transcript_3481	assumed_protein_coding	MM_RS17270	MM_RS17270	assumed_protein_coding	NC_003901.1	-	ATG	4053065-4054828
unassigned_transcript_3482_4054828_4055343_516	annotated	unassigned_transcript_3482	assumed_protein_coding	MM_RS17275	MM_RS17275	assumed_protein_coding	NC_003901.1	-	ATG	4054828-4055343
unassigned_transcript_3483_4055849_4056271_423	annotated	unassigned_transcript_3483	assumed_protein_coding	MM_RS17280	MM_RS17280	assumed_protein_coding	NC_003901.1	-	ATG	4055849-4056271
unassigned_transcript_3485_4057294_4057941_648	annotated	unassigned_transcript_3485	assumed_protein_coding	MM_RS17290	MM_RS17290	assumed_protein_coding	NC_003901.1	-	ATG	4057294-4057941
unassigned_transcript_3486_4058119_4059168_1050	annotated	unassigned_transcript_3486	assumed_protein_coding	MM_RS17295	MM_RS17295	assumed_protein_coding	NC_003901.1	-	ATG	4058119-4059168
unassigned_transcript_3487_4059828_4061279_1452	annotated	unassigned_transcript_3487	assumed_protein_coding	MM_RS17300	MM_RS17300	assumed_protein_coding	NC_003901.1	+	ATG	4059828-4061279
unassigned_transcript_3488_4061656_4062003_348	annotated	unassigned_transcript_3488	assumed_protein_coding	MM_RS17305	MM_RS17305	assumed_protein_coding	NC_003901.1	+	ATG	4061656-4062003
unassigned_transcript_3490_4062711_4063364_654	annotated	unassigned_transcript_3490	assumed_protein_coding	MM_RS17315	MM_RS17315	assumed_protein_coding	NC_003901.1	+	ATG	4062711-4063364
unassigned_transcript_3491_4063387_4064760_1374	annotated	unassigned_transcript_3491	assumed_protein_coding	MM_RS18725	MM_RS18725	assumed_protein_coding	NC_003901.1	+	ATG	4063387-4064760
unassigned_transcript_3492_4064898_4065140_243	annotated	unassigned_transcript_3492	assumed_protein_coding	MM_RS17330	MM_RS17330	assumed_protein_coding	NC_003901.1	-	ATG	4064898-4065140
unassigned_transcript_3494_4066716_4067546_831	annotated	unassigned_transcript_3494	assumed_protein_coding	MM_RS17340	MM_RS17340	assumed_protein_coding	NC_003901.1	+	ATG	4066716-4067546
unassigned_transcript_3495_4068085_4068969_885	annotated	unassigned_transcript_3495	assumed_protein_coding	MM_RS17345	MM_RS17345	assumed_protein_coding	NC_003901.1	+	ATG	4068085-4068969
unassigned_transcript_3496_4069740_4069937_198	annotated	unassigned_transcript_3496	assumed_protein_coding	MM_RS17350	MM_RS17350	assumed_protein_coding	NC_003901.1	-	ATG	4069740-4069937
unassigned_transcript_3497_4070261_4071511_1251	annotated	unassigned_transcript_3497	assumed_protein_coding	MM_RS17355	MM_RS17355	assumed_protein_coding	NC_003901.1	+	ATG	4070261-4071511
unassigned_transcript_3498_4071750_4072878_1131	annotated	unassigned_transcript_3498	assumed_protein_coding	MM_RS18135	MM_RS18135	assumed_protein_coding	NC_003901.1	+	ATG	4071750-4072183,4072182-4072878
unassigned_transcript_3499_4073138_4073482_345	annotated	unassigned_transcript_3499	assumed_protein_coding	MM_RS17370	MM_RS17370	assumed_protein_coding	NC_003901.1	+	ATG	4073138-4073482
unassigned_transcript_3501_4074204_4074683_480	annotated	unassigned_transcript_3501	assumed_protein_coding	MM_RS17375	MM_RS17375	assumed_protein_coding	NC_003901.1	-	ATG	4074204-4074683
unassigned_transcript_3502_4074963_4075409_447	annotated	unassigned_transcript_3502	assumed_protein_coding	MM_RS17380	MM_RS17380	assumed_protein_coding	NC_003901.1	+	ATG	4074963-4075409
unassigned_transcript_3504_4076451_4076627_177	annotated	unassigned_transcript_3504	assumed_protein_coding	MM_RS19350	MM_RS19350	assumed_protein_coding	NC_003901.1	-	ATG	4076451-4076627
unassigned_transcript_3506_4076809_4077003_195	annotated	unassigned_transcript_3506	assumed_protein_coding	MM_RS19360	MM_RS19360	assumed_protein_coding	NC_003901.1	-	ATG	4076809-4077003
unassigned_transcript_3507_4077282_4077845_564	annotated	unassigned_transcript_3507	assumed_protein_coding	MM_RS17400	MM_RS17400	assumed_protein_coding	NC_003901.1	-	ATG	4077282-4077845
unassigned_transcript_3508_4078571_4079482_912	annotated	unassigned_transcript_3508	assumed_protein_coding	MM_RS17405	MM_RS17405	assumed_protein_coding	NC_003901.1	-	ATG	4078571-4079482
unassigned_transcript_3509_4080455_4081273_819	annotated	unassigned_transcript_3509	assumed_protein_coding	MM_RS17410	MM_RS17410	assumed_protein_coding	NC_003901.1	-	ATG	4080455-4081273
unassigned_transcript_3510_4081278_4081673_396	annotated	unassigned_transcript_3510	assumed_protein_coding	MM_RS17415	MM_RS17415	assumed_protein_coding	NC_003901.1	-	ATG	4081278-4081673
unassigned_transcript_3511_4081679_4082578_900	annotated	unassigned_transcript_3511	assumed_protein_coding	MM_RS17420	MM_RS17420	assumed_protein_coding	NC_003901.1	-	ATG	4081679-4082578
unassigned_transcript_3512_4082627_4085386_2760	annotated	unassigned_transcript_3512	assumed_protein_coding	MM_RS17425	MM_RS17425	assumed_protein_coding	NC_003901.1	-	ATG	4082627-4085386
unassigned_transcript_3513_4085379_4086668_1290	annotated	unassigned_transcript_3513	assumed_protein_coding	MM_RS17430	MM_RS17430	assumed_protein_coding	NC_003901.1	-	ATG	4085379-4086668
unassigned_transcript_3514_4086672_4087769_1098	annotated	unassigned_transcript_3514	assumed_protein_coding	MM_RS17435	MM_RS17435	assumed_protein_coding	NC_003901.1	-	ATG	4086672-4087769
unassigned_transcript_3515_4087810_4088520_711	annotated	unassigned_transcript_3515	assumed_protein_coding	MM_RS17440	MM_RS17440	assumed_protein_coding	NC_003901.1	-	ATG	4087810-4088520
unassigned_transcript_3517_4095400_4096173_774	annotated	unassigned_transcript_3517	assumed_protein_coding	MM_RS17450	MM_RS17450	assumed_protein_coding	NC_003901.1	-	ATG	4095400-4096173
unassigned_transcript_3_4602_4736_135	overlap_uORF	unassigned_transcript_3	assumed_protein_coding	MM_RS00015	MM_RS00015	assumed_protein_coding	NC_003901.1	+	ATG	4602-4736
unassigned_transcript_9_11073_11159_87	overlap_dORF	unassigned_transcript_9	assumed_protein_coding	MM_RS00045	MM_RS00045	assumed_protein_coding	NC_003901.1	-	ATG	11073-11159
unassigned_transcript_17_17616_17810_195	overlap_dORF	unassigned_transcript_17	assumed_protein_coding	MM_RS00075	MM_RS00075	assumed_protein_coding	NC_003901.1	+	ATG	17616-17810
unassigned_transcript_17_17691_17810_120	overlap_dORF	unassigned_transcript_17	assumed_protein_coding	MM_RS00075	MM_RS00075	assumed_protein_coding	NC_003901.1	+	ATG	17691-17810
unassigned_transcript_22_22654_22740_87	overlap_dORF	unassigned_transcript_22	assumed_protein_coding	MM_RS00105	MM_RS00105	assumed_protein_coding	NC_003901.1	-	ATG	22654-22740
unassigned_transcript_27_27673_27744_72	overlap_dORF	unassigned_transcript_27	assumed_protein_coding	MM_RS00130	MM_RS00130	assumed_protein_coding	NC_003901.1	+	ATG	27673-27744
unassigned_transcript_28_27673_27744_72	overlap_uORF	unassigned_transcript_28	assumed_protein_coding	MM_RS00135	MM_RS00135	assumed_protein_coding	NC_003901.1	+	ATG	27673-27744
unassigned_transcript_29_28372_28446_75	overlap_dORF	unassigned_transcript_29	assumed_protein_coding	MM_RS19055	MM_RS19055	assumed_protein_coding	NC_003901.1	-	ATG	28372-28446
unassigned_transcript_29_28372_28440_69	overlap_dORF	unassigned_transcript_29	assumed_protein_coding	MM_RS19055	MM_RS19055	assumed_protein_coding	NC_003901.1	-	ATG	28372-28440
unassigned_transcript_29_28473_28559_87	overlap_uORF	unassigned_transcript_29	assumed_protein_coding	MM_RS19055	MM_RS19055	assumed_protein_coding	NC_003901.1	-	ATG	28473-28559
unassigned_transcript_33_33676_33735_60	overlap_uORF	unassigned_transcript_33	assumed_protein_coding	MM_RS00160	MM_RS00160	assumed_protein_coding	NC_003901.1	+	ATG	33676-33735
unassigned_transcript_33_34036_34116_81	overlap_dORF	unassigned_transcript_33	assumed_protein_coding	MM_RS00160	MM_RS00160	assumed_protein_coding	NC_003901.1	+	ATG	34036-34116
unassigned_transcript_33_34054_34116_63	overlap_dORF	unassigned_transcript_33	assumed_protein_coding	MM_RS00160	MM_RS00160	assumed_protein_coding	NC_003901.1	+	ATG	34054-34116
unassigned_transcript_34_34522_34584_63	overlap_dORF	unassigned_transcript_34	assumed_protein_coding	MM_RS00165	MM_RS00165	assumed_protein_coding	NC_003901.1	-	ATG	34522-34584
unassigned_transcript_37_37226_37342_117	overlap_uORF	unassigned_transcript_37	assumed_protein_coding	MM_RS00180	MM_RS00180	assumed_protein_coding	NC_003901.1	-	ATG	37226-37342
unassigned_transcript_47_54774_54839_66	overlap_dORF	unassigned_transcript_47	assumed_protein_coding	MM_RS17635	MM_RS17635	assumed_protein_coding	NC_003901.1	-	ATG	54774-54839
unassigned_transcript_68_83317_83463_147	overlap_dORF	unassigned_transcript_68	assumed_protein_coding	MM_RS00335	MM_RS00335	assumed_protein_coding	NC_003901.1	-	ATG	83317-83463
unassigned_transcript_68_83317_83439_123	overlap_dORF	unassigned_transcript_68	assumed_protein_coding	MM_RS00335	MM_RS00335	assumed_protein_coding	NC_003901.1	-	ATG	83317-83439
unassigned_transcript_73_94874_94951_78	overlap_uORF	unassigned_transcript_73	assumed_protein_coding	MM_RS00360	MM_RS00360	assumed_protein_coding	NC_003901.1	+	ATG	94874-94951
unassigned_transcript_83_106106_106303_198	overlap_dORF	unassigned_transcript_83	assumed_protein_coding	MM_RS00410	MM_RS00410	assumed_protein_coding	NC_003901.1	-	ATG	106106-106303
unassigned_transcript_83_106106_106222_117	overlap_dORF	unassigned_transcript_83	assumed_protein_coding	MM_RS00410	MM_RS00410	assumed_protein_coding	NC_003901.1	-	ATG	106106-106222
unassigned_transcript_83_106106_106171_66	overlap_dORF	unassigned_transcript_83	assumed_protein_coding	MM_RS00410	MM_RS00410	assumed_protein_coding	NC_003901.1	-	ATG	106106-106171
unassigned_transcript_85_109090_109164_75	overlap_dORF	unassigned_transcript_85	assumed_protein_coding	MM_RS00420	MM_RS00420	assumed_protein_coding	NC_003901.1	-	ATG	109090-109164
unassigned_transcript_95_121632_121733_102	overlap_dORF	unassigned_transcript_95	assumed_protein_coding	MM_RS00470	MM_RS00470	assumed_protein_coding	NC_003901.1	+	ATG	121632-121733
unassigned_transcript_95_121653_121733_81	overlap_dORF	unassigned_transcript_95	assumed_protein_coding	MM_RS00470	MM_RS00470	assumed_protein_coding	NC_003901.1	+	ATG	121653-121733
unassigned_transcript_100_125708_125785_78	overlap_dORF	unassigned_transcript_100	assumed_protein_coding	MM_RS00490	MM_RS00490	assumed_protein_coding	NC_003901.1	-	ATG	125708-125785
unassigned_transcript_102_128024_128383_360	overlap_uORF	unassigned_transcript_102	assumed_protein_coding	MM_RS19070	MM_RS19070	assumed_protein_coding	NC_003901.1	-	ATG	128024-128383
unassigned_transcript_126_148667_149074_408	overlap_dORF	unassigned_transcript_126	assumed_protein_coding	MM_RS00605	MM_RS00605	assumed_protein_coding	NC_003901.1	-	ATG	148667-149074
unassigned_transcript_131_153768_153932_165	overlap_uORF	unassigned_transcript_131	assumed_protein_coding	MM_RS00630	MM_RS00630	assumed_protein_coding	NC_003901.1	+	ATG	153768-153932
unassigned_transcript_140_164558_164632_75	overlap_dORF	unassigned_transcript_140	assumed_protein_coding	MM_RS00675	MM_RS00675	assumed_protein_coding	NC_003901.1	+	ATG	164558-164632
unassigned_transcript_174_204336_204431_96	overlap_dORF	unassigned_transcript_174	assumed_protein_coding	MM_RS00845	MM_RS00845	assumed_protein_coding	NC_003901.1	+	ATG	204336-204431
unassigned_transcript_174_204339_204431_93	overlap_dORF	unassigned_transcript_174	assumed_protein_coding	MM_RS00845	MM_RS00845	assumed_protein_coding	NC_003901.1	+	ATG	204339-204431
unassigned_transcript_175_204339_204431_93	overlap_uORF	unassigned_transcript_175	assumed_protein_coding	MM_RS00850	MM_RS00850	assumed_protein_coding	NC_003901.1	+	ATG	204339-204431
unassigned_transcript_183_209773_209832_60	overlap_dORF	unassigned_transcript_183	assumed_protein_coding	MM_RS00880	MM_RS00880	assumed_protein_coding	NC_003901.1	+	ATG	209773-209832
unassigned_transcript_186_215303_215374_72	overlap_uORF	unassigned_transcript_186	assumed_protein_coding	MM_RS00895	MM_RS00895	assumed_protein_coding	NC_003901.1	-	ATG	215303-215374
unassigned_transcript_187_215569_215628_60	overlap_uORF	unassigned_transcript_187	assumed_protein_coding	MM_RS00900	MM_RS00900	assumed_protein_coding	NC_003901.1	+	ATG	215569-215628
unassigned_transcript_193_229517_229624_108	overlap_uORF	unassigned_transcript_193	assumed_protein_coding	MM_RS18735	MM_RS18735	assumed_protein_coding	NC_003901.1	+	ATG	229517-229624
unassigned_transcript_193_229529_229624_96	overlap_uORF	unassigned_transcript_193	assumed_protein_coding	MM_RS18735	MM_RS18735	assumed_protein_coding	NC_003901.1	+	ATG	229529-229624
unassigned_transcript_194_230632_230709_78	overlap_uORF	unassigned_transcript_194	assumed_protein_coding	MM_RS00940	MM_RS00940	assumed_protein_coding	NC_003901.1	+	ATG	230632-230709
unassigned_transcript_196_234261_234335_75	novel	unassigned_transcript_196	rRNA	MM_RS00950	MM_RS00950	rRNA	NC_003901.1	-	ATG	234261-234335
unassigned_transcript_196_233475_233615_141	novel	unassigned_transcript_196	rRNA	MM_RS00950	MM_RS00950	rRNA	NC_003901.1	-	ATG	233475-233615
unassigned_transcript_196_232701_232898_198	novel	unassigned_transcript_196	rRNA	MM_RS00950	MM_RS00950	rRNA	NC_003901.1	-	ATG	232701-232898
unassigned_transcript_196_232701_232856_156	novel	unassigned_transcript_196	rRNA	MM_RS00950	MM_RS00950	rRNA	NC_003901.1	-	ATG	232701-232856
unassigned_transcript_196_234707_234772_66	novel	unassigned_transcript_196	rRNA	MM_RS00950	MM_RS00950	rRNA	NC_003901.1	-	ATG	234707-234772
unassigned_transcript_196_234005_234118_114	novel	unassigned_transcript_196	rRNA	MM_RS00950	MM_RS00950	rRNA	NC_003901.1	-	ATG	234005-234118
unassigned_transcript_196_233270_233446_177	novel	unassigned_transcript_196	rRNA	MM_RS00950	MM_RS00950	rRNA	NC_003901.1	-	ATG	233270-233446
unassigned_transcript_196_232454_232513_60	novel	unassigned_transcript_196	rRNA	MM_RS00950	MM_RS00950	rRNA	NC_003901.1	-	ATG	232454-232513
unassigned_transcript_196_234601_234663_63	novel	unassigned_transcript_196	rRNA	MM_RS00950	MM_RS00950	rRNA	NC_003901.1	-	ATG	234601-234663
unassigned_transcript_196_234316_234471_156	novel	unassigned_transcript_196	rRNA	MM_RS00950	MM_RS00950	rRNA	NC_003901.1	-	ATG	234316-234471
unassigned_transcript_196_234316_234381_66	novel	unassigned_transcript_196	rRNA	MM_RS00950	MM_RS00950	rRNA	NC_003901.1	-	ATG	234316-234381
unassigned_transcript_196_234316_234375_60	novel	unassigned_transcript_196	rRNA	MM_RS00950	MM_RS00950	rRNA	NC_003901.1	-	ATG	234316-234375
unassigned_transcript_196_233359_233421_63	novel	unassigned_transcript_196	rRNA	MM_RS00950	MM_RS00950	rRNA	NC_003901.1	-	ATG	233359-233421
unassigned_transcript_196_232204_232269_66	novel	unassigned_transcript_196	rRNA	MM_RS00950	MM_RS00950	rRNA	NC_003901.1	-	ATG	232204-232269
unassigned_transcript_198_236352_236603_252	novel	unassigned_transcript_198	rRNA	MM_RS00960	MM_RS00960	rRNA	NC_003901.1	-	ATG	236352-236603
unassigned_transcript_198_235935_236024_90	novel	unassigned_transcript_198	rRNA	MM_RS00960	MM_RS00960	rRNA	NC_003901.1	-	ATG	235935-236024
unassigned_transcript_198_235560_235712_153	novel	unassigned_transcript_198	rRNA	MM_RS00960	MM_RS00960	rRNA	NC_003901.1	-	ATG	235560-235712
unassigned_transcript_198_235560_235697_138	novel	unassigned_transcript_198	rRNA	MM_RS00960	MM_RS00960	rRNA	NC_003901.1	-	ATG	235560-235697
unassigned_transcript_198_235560_235673_114	novel	unassigned_transcript_198	rRNA	MM_RS00960	MM_RS00960	rRNA	NC_003901.1	-	ATG	235560-235673
unassigned_transcript_198_236366_236473_108	novel	unassigned_transcript_198	rRNA	MM_RS00960	MM_RS00960	rRNA	NC_003901.1	-	ATG	236366-236473
unassigned_transcript_198_236366_236428_63	novel	unassigned_transcript_198	rRNA	MM_RS00960	MM_RS00960	rRNA	NC_003901.1	-	ATG	236366-236428
unassigned_transcript_198_235508_235633_126	novel	unassigned_transcript_198	rRNA	MM_RS00960	MM_RS00960	rRNA	NC_003901.1	-	ATG	235508-235633
unassigned_transcript_198_235508_235594_87	novel	unassigned_transcript_198	rRNA	MM_RS00960	MM_RS00960	rRNA	NC_003901.1	-	ATG	235508-235594
unassigned_transcript_198_235349_235411_63	novel	unassigned_transcript_198	rRNA	MM_RS00960	MM_RS00960	rRNA	NC_003901.1	-	ATG	235349-235411
unassigned_transcript_198_236314_236385_72	novel	unassigned_transcript_198	rRNA	MM_RS00960	MM_RS00960	rRNA	NC_003901.1	-	ATG	236314-236385
unassigned_transcript_198_235882_236004_123	novel	unassigned_transcript_198	rRNA	MM_RS00960	MM_RS00960	rRNA	NC_003901.1	-	ATG	235882-236004
unassigned_transcript_210_257766_257843_78	overlap_dORF	unassigned_transcript_210	assumed_protein_coding	MM_RS18185	MM_RS18185	assumed_protein_coding	NC_003901.1	-	ATG	257766-257843
unassigned_transcript_217_264062_264121_60	overlap_dORF	unassigned_transcript_217	assumed_protein_coding	MM_RS01055	MM_RS01055	assumed_protein_coding	NC_003901.1	+	ATG	264062-264121
unassigned_transcript_236_282869_282931_63	overlap_dORF	unassigned_transcript_236	assumed_protein_coding	MM_RS01135	MM_RS01135	assumed_protein_coding	NC_003901.1	-	ATG	282869-282931
unassigned_transcript_241_288297_288368_72	overlap_dORF	unassigned_transcript_241	assumed_protein_coding	MM_RS01170	MM_RS01170	assumed_protein_coding	NC_003901.1	-	ATG	288297-288368
unassigned_transcript_243_290388_290474_87	overlap_dORF	unassigned_transcript_243	assumed_protein_coding	MM_RS01180	MM_RS01180	assumed_protein_coding	NC_003901.1	-	ATG	290388-290474
unassigned_transcript_243_290388_290471_84	overlap_dORF	unassigned_transcript_243	assumed_protein_coding	MM_RS01180	MM_RS01180	assumed_protein_coding	NC_003901.1	-	ATG	290388-290471
unassigned_transcript_247_294802_294903_102	overlap_dORF	unassigned_transcript_247	assumed_protein_coding	MM_RS01200	MM_RS01200	assumed_protein_coding	NC_003901.1	-	ATG	294802-294903
unassigned_transcript_254_304100_304174_75	overlap_dORF	unassigned_transcript_254	assumed_protein_coding	MM_RS01235	MM_RS01235	assumed_protein_coding	NC_003901.1	-	ATG	304100-304174
unassigned_transcript_254_304729_304839_111	overlap_uORF	unassigned_transcript_254	assumed_protein_coding	MM_RS01235	MM_RS01235	assumed_protein_coding	NC_003901.1	-	ATG	304729-304839
unassigned_transcript_262_310326_310406_81	overlap_dORF	unassigned_transcript_262	assumed_protein_coding	MM_RS01270	MM_RS01270	assumed_protein_coding	NC_003901.1	+	ATG	310326-310406
unassigned_transcript_264_312361_312447_87	overlap_dORF	unassigned_transcript_264	assumed_protein_coding	MM_RS01280	MM_RS01280	assumed_protein_coding	NC_003901.1	+	ATG	312361-312447
unassigned_transcript_266_313678_314058_381	overlap_dORF	unassigned_transcript_266	assumed_protein_coding	MM_RS01290	MM_RS01290	assumed_protein_coding	NC_003901.1	-	ATG	313678-314058
unassigned_transcript_266_313678_314049_372	overlap_dORF	unassigned_transcript_266	assumed_protein_coding	MM_RS01290	MM_RS01290	assumed_protein_coding	NC_003901.1	-	ATG	313678-314049
unassigned_transcript_266_313678_313974_297	overlap_dORF	unassigned_transcript_266	assumed_protein_coding	MM_RS01290	MM_RS01290	assumed_protein_coding	NC_003901.1	-	ATG	313678-313974
unassigned_transcript_266_313678_313821_144	overlap_dORF	unassigned_transcript_266	assumed_protein_coding	MM_RS01290	MM_RS01290	assumed_protein_coding	NC_003901.1	-	ATG	313678-313821
unassigned_transcript_266_313678_313779_102	overlap_dORF	unassigned_transcript_266	assumed_protein_coding	MM_RS01290	MM_RS01290	assumed_protein_coding	NC_003901.1	-	ATG	313678-313779
unassigned_transcript_266_313678_313767_90	overlap_dORF	unassigned_transcript_266	assumed_protein_coding	MM_RS01290	MM_RS01290	assumed_protein_coding	NC_003901.1	-	ATG	313678-313767
unassigned_transcript_272_322778_322846_69	overlap_dORF	unassigned_transcript_272	assumed_protein_coding	MM_RS01320	MM_RS01320	assumed_protein_coding	NC_003901.1	-	ATG	322778-322846
unassigned_transcript_274_324978_325040_63	overlap_uORF	unassigned_transcript_274	assumed_protein_coding	MM_RS01330	MM_RS01330	assumed_protein_coding	NC_003901.1	+	ATG	324978-325040
unassigned_transcript_275_325446_325544_99	overlap_dORF	unassigned_transcript_275	assumed_protein_coding	MM_RS01335	MM_RS01335	assumed_protein_coding	NC_003901.1	-	ATG	325446-325544
unassigned_transcript_279_329698_329760_63	overlap_uORF	unassigned_transcript_279	assumed_protein_coding	MM_RS01355	MM_RS01355	assumed_protein_coding	NC_003901.1	-	ATG	329698-329760
unassigned_transcript_285_337222_337287_66	overlap_uORF	unassigned_transcript_285	assumed_protein_coding	MM_RS01395	MM_RS01395	assumed_protein_coding	NC_003901.1	-	ATG	337222-337287
unassigned_transcript_286_337546_337614_69	overlap_dORF	unassigned_transcript_286	assumed_protein_coding	MM_RS01400	MM_RS01400	assumed_protein_coding	NC_003901.1	-	ATG	337546-337614
unassigned_transcript_296_350954_351028_75	overlap_dORF	unassigned_transcript_296	assumed_protein_coding	MM_RS01445	MM_RS01445	assumed_protein_coding	NC_003901.1	-	ATG	350954-351028
unassigned_transcript_306_361342_361458_117	overlap_dORF	unassigned_transcript_306	assumed_protein_coding	MM_RS01490	MM_RS01490	assumed_protein_coding	NC_003901.1	-	ATG	361342-361458
unassigned_transcript_306_361342_361434_93	overlap_dORF	unassigned_transcript_306	assumed_protein_coding	MM_RS01490	MM_RS01490	assumed_protein_coding	NC_003901.1	-	ATG	361342-361434
unassigned_transcript_308_362774_362839_66	overlap_dORF	unassigned_transcript_308	assumed_protein_coding	MM_RS01505	MM_RS01505	assumed_protein_coding	NC_003901.1	-	ATG	362774-362839
unassigned_transcript_323_387748_388023_276	overlap_dORF	unassigned_transcript_323	assumed_protein_coding	MM_RS01575	MM_RS01575	assumed_protein_coding	NC_003901.1	+	ATG	387748-388023
unassigned_transcript_323_387754_388023_270	overlap_dORF	unassigned_transcript_323	assumed_protein_coding	MM_RS01575	MM_RS01575	assumed_protein_coding	NC_003901.1	+	ATG	387754-388023
unassigned_transcript_323_387874_388023_150	overlap_dORF	unassigned_transcript_323	assumed_protein_coding	MM_RS01575	MM_RS01575	assumed_protein_coding	NC_003901.1	+	ATG	387874-388023
unassigned_transcript_323_387904_388023_120	overlap_dORF	unassigned_transcript_323	assumed_protein_coding	MM_RS01575	MM_RS01575	assumed_protein_coding	NC_003901.1	+	ATG	387904-388023
unassigned_transcript_323_387913_388023_111	overlap_dORF	unassigned_transcript_323	assumed_protein_coding	MM_RS01575	MM_RS01575	assumed_protein_coding	NC_003901.1	+	ATG	387913-388023
unassigned_transcript_344_410093_410206_114	overlap_uORF	unassigned_transcript_344	assumed_protein_coding	MM_RS01675	MM_RS01675	assumed_protein_coding	NC_003901.1	-	ATG	410093-410206
unassigned_transcript_351_417972_418094_123	overlap_dORF	unassigned_transcript_351	assumed_protein_coding	MM_RS01710	MM_RS01710	assumed_protein_coding	NC_003901.1	+	ATG	417972-418094
unassigned_transcript_352_418518_418592_75	overlap_dORF	unassigned_transcript_352	assumed_protein_coding	MM_RS01715	MM_RS01715	assumed_protein_coding	NC_003901.1	+	ATG	418518-418592
unassigned_transcript_354_421541_421630_90	overlap_uORF	unassigned_transcript_354	assumed_protein_coding	MM_RS01725	MM_RS01725	assumed_protein_coding	NC_003901.1	-	ATG	421541-421630
unassigned_transcript_357_426074_426199_126	overlap_uORF	unassigned_transcript_357	assumed_protein_coding	MM_RS01740	MM_RS01740	assumed_protein_coding	NC_003901.1	-	ATG	426074-426199
unassigned_transcript_367_435244_435378_135	overlap_uORF	unassigned_transcript_367	assumed_protein_coding	MM_RS01790	MM_RS01790	assumed_protein_coding	NC_003901.1	-	ATG	435244-435378
unassigned_transcript_372_438173_438313_141	overlap_dORF	unassigned_transcript_372	assumed_protein_coding	MM_RS01815	MM_RS01815	assumed_protein_coding	NC_003901.1	-	ATG	438173-438313
unassigned_transcript_372_438173_438262_90	overlap_dORF	unassigned_transcript_372	assumed_protein_coding	MM_RS01815	MM_RS01815	assumed_protein_coding	NC_003901.1	-	ATG	438173-438262
unassigned_transcript_396_467194_467268_75	overlap_dORF	unassigned_transcript_396	assumed_protein_coding	MM_RS01945	MM_RS01945	assumed_protein_coding	NC_003901.1	-	ATG	467194-467268
unassigned_transcript_399_469630_469773_144	overlap_dORF	unassigned_transcript_399	assumed_protein_coding	MM_RS01960	MM_RS01960	assumed_protein_coding	NC_003901.1	+	ATG	469630-469773
unassigned_transcript_402_470966_471133_168	overlap_uORF	unassigned_transcript_402	assumed_protein_coding	MM_RS01975	MM_RS01975	assumed_protein_coding	NC_003901.1	+	ATG	470966-471133
unassigned_transcript_405_473123_473266_144	overlap_dORF	unassigned_transcript_405	assumed_protein_coding	MM_RS01990	MM_RS01990	assumed_protein_coding	NC_003901.1	+	ATG	473123-473266
unassigned_transcript_412_478638_478802_165	overlap_uORF	unassigned_transcript_412	assumed_protein_coding	MM_RS02020	MM_RS02020	assumed_protein_coding	NC_003901.1	+	ATG	478638-478802
unassigned_transcript_416_485224_485295_72	overlap_dORF	unassigned_transcript_416	assumed_protein_coding	MM_RS02040	MM_RS02040	assumed_protein_coding	NC_003901.1	-	ATG	485224-485295
unassigned_transcript_417_486819_486989_171	overlap_uORF	unassigned_transcript_417	assumed_protein_coding	MM_RS02045	MM_RS02045	assumed_protein_coding	NC_003901.1	-	ATG	486819-486989
unassigned_transcript_432_500495_500560_66	overlap_dORF	unassigned_transcript_432	assumed_protein_coding	MM_RS02115	MM_RS02115	assumed_protein_coding	NC_003901.1	-	ATG	500495-500560
unassigned_transcript_436_507009_507068_60	overlap_uORF	unassigned_transcript_436	assumed_protein_coding	MM_RS02135	MM_RS02135	assumed_protein_coding	NC_003901.1	-	ATG	507009-507068
unassigned_transcript_439_510577_510660_84	overlap_dORF	unassigned_transcript_439	assumed_protein_coding	MM_RS02155	MM_RS02155	assumed_protein_coding	NC_003901.1	-	ATG	510577-510660
unassigned_transcript_441_512736_512798_63	overlap_dORF	unassigned_transcript_441	assumed_protein_coding	MM_RS02165	MM_RS02165	assumed_protein_coding	NC_003901.1	-	ATG	512736-512798
unassigned_transcript_451_522466_522591_126	overlap_dORF	unassigned_transcript_451	assumed_protein_coding	MM_RS02215	MM_RS02215	assumed_protein_coding	NC_003901.1	+	ATG	522466-522591
unassigned_transcript_454_527165_527362_198	overlap_uORF	unassigned_transcript_454	assumed_protein_coding	MM_RS02230	MM_RS02230	assumed_protein_coding	NC_003901.1	-	ATG	527165-527362
unassigned_transcript_456_528430_528501_72	overlap_dORF	unassigned_transcript_456	assumed_protein_coding	MM_RS02240	MM_RS02240	assumed_protein_coding	NC_003901.1	-	ATG	528430-528501
unassigned_transcript_459_529757_529930_174	overlap_dORF	unassigned_transcript_459	assumed_protein_coding	MM_RS02250	MM_RS02250	assumed_protein_coding	NC_003901.1	-	ATG	529757-529930
unassigned_transcript_459_529757_529900_144	overlap_dORF	unassigned_transcript_459	assumed_protein_coding	MM_RS02250	MM_RS02250	assumed_protein_coding	NC_003901.1	-	ATG	529757-529900
unassigned_transcript_465_536896_536988_93	overlap_dORF	unassigned_transcript_465	assumed_protein_coding	MM_RS02275	MM_RS02275	assumed_protein_coding	NC_003901.1	+	ATG	536896-536988
unassigned_transcript_473_548956_549102_147	overlap_dORF	unassigned_transcript_473	assumed_protein_coding	MM_RS02315	MM_RS02315	assumed_protein_coding	NC_003901.1	+	ATG	548956-549102
unassigned_transcript_476_553718_553849_132	overlap_dORF	unassigned_transcript_476	assumed_protein_coding	MM_RS02330	MM_RS02330	assumed_protein_coding	NC_003901.1	+	ATG	553718-553849
unassigned_transcript_476_553772_553849_78	overlap_dORF	unassigned_transcript_476	assumed_protein_coding	MM_RS02330	MM_RS02330	assumed_protein_coding	NC_003901.1	+	ATG	553772-553849
unassigned_transcript_482_558776_558844_69	overlap_dORF	unassigned_transcript_482	assumed_protein_coding	MM_RS02360	MM_RS02360	assumed_protein_coding	NC_003901.1	-	ATG	558776-558844
unassigned_transcript_482_558776_558835_60	overlap_dORF	unassigned_transcript_482	assumed_protein_coding	MM_RS02360	MM_RS02360	assumed_protein_coding	NC_003901.1	-	ATG	558776-558835
unassigned_transcript_489_567474_567536_63	overlap_dORF	unassigned_transcript_489	assumed_protein_coding	MM_RS02395	MM_RS02395	assumed_protein_coding	NC_003901.1	-	ATG	567474-567536
unassigned_transcript_501_579356_579469_114	overlap_uORF	unassigned_transcript_501	assumed_protein_coding	MM_RS02450	MM_RS02450	assumed_protein_coding	NC_003901.1	-	ATG	579356-579469
unassigned_transcript_513_592416_592478_63	overlap_uORF	unassigned_transcript_513	assumed_protein_coding	MM_RS02515	MM_RS02515	assumed_protein_coding	NC_003901.1	+	ATG	592416-592478
unassigned_transcript_517_598723_598857_135	overlap_uORF	unassigned_transcript_517	assumed_protein_coding	MM_RS02535	MM_RS02535	assumed_protein_coding	NC_003901.1	-	ATG	598723-598857
unassigned_transcript_522_602718_602816_99	overlap_uORF	unassigned_transcript_522	assumed_protein_coding	MM_RS02560	MM_RS02560	assumed_protein_coding	NC_003901.1	+	ATG	602718-602816
unassigned_transcript_527_608131_608307_177	overlap_uORF	unassigned_transcript_527	assumed_protein_coding	MM_RS02580	MM_RS02580	assumed_protein_coding	NC_003901.1	-	ATG	608131-608307
unassigned_transcript_529_609903_609974_72	overlap_uORF	unassigned_transcript_529	assumed_protein_coding	MM_RS02590	MM_RS02590	assumed_protein_coding	NC_003901.1	+	ATG	609903-609974
unassigned_transcript_538_617478_617663_186	overlap_dORF	unassigned_transcript_538	assumed_protein_coding	MM_RS02635	MM_RS02635	assumed_protein_coding	NC_003901.1	-	ATG	617478-617663
unassigned_transcript_542_622625_622876_252	overlap_uORF	unassigned_transcript_542	assumed_protein_coding	MM_RS02655	MM_RS02655	assumed_protein_coding	NC_003901.1	+	ATG	622625-622876
unassigned_transcript_546_628883_629017_135	overlap_dORF	unassigned_transcript_546	assumed_protein_coding	MM_RS02675	MM_RS02675	assumed_protein_coding	NC_003901.1	+	ATG	628883-629017
unassigned_transcript_549_630595_630672_78	overlap_dORF	unassigned_transcript_549	assumed_protein_coding	MM_RS02690	MM_RS02690	assumed_protein_coding	NC_003901.1	-	ATG	630595-630672
unassigned_transcript_559_643538_643672_135	overlap_uORF	unassigned_transcript_559	assumed_protein_coding	MM_RS02740	MM_RS02740	assumed_protein_coding	NC_003901.1	-	ATG	643538-643672
unassigned_transcript_566_653334_653435_102	overlap_dORF	unassigned_transcript_566	assumed_protein_coding	MM_RS02775	MM_RS02775	assumed_protein_coding	NC_003901.1	-	ATG	653334-653435
unassigned_transcript_567_653913_653993_81	overlap_dORF	unassigned_transcript_567	assumed_protein_coding	MM_RS02780	MM_RS02780	assumed_protein_coding	NC_003901.1	-	ATG	653913-653993
unassigned_transcript_570_656483_656572_90	overlap_dORF	unassigned_transcript_570	assumed_protein_coding	MM_RS02795	MM_RS02795	assumed_protein_coding	NC_003901.1	-	ATG	656483-656572
unassigned_transcript_574_663338_663439_102	overlap_dORF	unassigned_transcript_574	assumed_protein_coding	MM_RS02820	MM_RS02820	assumed_protein_coding	NC_003901.1	-	ATG	663338-663439
unassigned_transcript_576_665790_665873_84	overlap_uORF	unassigned_transcript_576	assumed_protein_coding	MM_RS02830	MM_RS02830	assumed_protein_coding	NC_003901.1	-	ATG	665790-665873
unassigned_transcript_582_669939_670007_69	overlap_dORF	unassigned_transcript_582	assumed_protein_coding	MM_RS02855	MM_RS02855	assumed_protein_coding	NC_003901.1	+	ATG	669939-670007
unassigned_transcript_598_685224_685295_72	overlap_uORF	unassigned_transcript_598	assumed_protein_coding	MM_RS02940	MM_RS02940	assumed_protein_coding	NC_003901.1	-	ATG	685224-685295
unassigned_transcript_601_689206_689292_87	overlap_uORF	unassigned_transcript_601	assumed_protein_coding	MM_RS02955	MM_RS02955	assumed_protein_coding	NC_003901.1	-	ATG	689206-689292
unassigned_transcript_601_689206_689289_84	overlap_uORF	unassigned_transcript_601	assumed_protein_coding	MM_RS02955	MM_RS02955	assumed_protein_coding	NC_003901.1	-	ATG	689206-689289
unassigned_transcript_603_691779_691838_60	overlap_dORF	unassigned_transcript_603	assumed_protein_coding	MM_RS02965	MM_RS02965	assumed_protein_coding	NC_003901.1	+	ATG	691779-691838
unassigned_transcript_604_692271_692366_96	overlap_dORF	unassigned_transcript_604	assumed_protein_coding	MM_RS18245	MM_RS18245	assumed_protein_coding	NC_003901.1	+	ATG	692271-692366
unassigned_transcript_611_697917_697985_69	overlap_dORF	unassigned_transcript_611	assumed_protein_coding	MM_RS03000	MM_RS03000	assumed_protein_coding	NC_003901.1	-	ATG	697917-697985
unassigned_transcript_612_700129_700239_111	overlap_uORF	unassigned_transcript_612	assumed_protein_coding	MM_RS03005	MM_RS03005	assumed_protein_coding	NC_003901.1	+	ATG	700129-700239
unassigned_transcript_612_700132_700239_108	overlap_uORF	unassigned_transcript_612	assumed_protein_coding	MM_RS03005	MM_RS03005	assumed_protein_coding	NC_003901.1	+	ATG	700132-700239
unassigned_transcript_619_707618_707899_282	overlap_dORF	unassigned_transcript_619	assumed_protein_coding	MM_RS03040	MM_RS03040	assumed_protein_coding	NC_003901.1	-	ATG	707618-707899
unassigned_transcript_619_707618_707851_234	overlap_dORF	unassigned_transcript_619	assumed_protein_coding	MM_RS03040	MM_RS03040	assumed_protein_coding	NC_003901.1	-	ATG	707618-707851
unassigned_transcript_619_707618_707770_153	overlap_dORF	unassigned_transcript_619	assumed_protein_coding	MM_RS03040	MM_RS03040	assumed_protein_coding	NC_003901.1	-	ATG	707618-707770
unassigned_transcript_619_707618_707716_99	overlap_dORF	unassigned_transcript_619	assumed_protein_coding	MM_RS03040	MM_RS03040	assumed_protein_coding	NC_003901.1	-	ATG	707618-707716
unassigned_transcript_619_707618_707683_66	overlap_dORF	unassigned_transcript_619	assumed_protein_coding	MM_RS03040	MM_RS03040	assumed_protein_coding	NC_003901.1	-	ATG	707618-707683
unassigned_transcript_639_729079_729150_72	overlap_dORF	unassigned_transcript_639	assumed_protein_coding	MM_RS03135	MM_RS03135	assumed_protein_coding	NC_003901.1	+	ATG	729079-729150
unassigned_transcript_644_733720_733791_72	overlap_uORF	unassigned_transcript_644	assumed_protein_coding	MM_RS03150	MM_RS03150	assumed_protein_coding	NC_003901.1	+	ATG	733720-733791
unassigned_transcript_646_736277_736432_156	overlap_uORF	unassigned_transcript_646	assumed_protein_coding	MM_RS03160	MM_RS03160	assumed_protein_coding	NC_003901.1	-	ATG	736277-736432
unassigned_transcript_648_737979_738104_126	overlap_uORF	unassigned_transcript_648	assumed_protein_coding	MM_RS03170	MM_RS03170	assumed_protein_coding	NC_003901.1	-	ATG	737979-738104
unassigned_transcript_653_742819_742917_99	overlap_uORF	unassigned_transcript_653	assumed_protein_coding	MM_RS03195	MM_RS03195	assumed_protein_coding	NC_003901.1	-	ATG	742819-742917
unassigned_transcript_654_742933_743013_81	overlap_dORF	unassigned_transcript_654	assumed_protein_coding	MM_RS03200	MM_RS03200	assumed_protein_coding	NC_003901.1	-	ATG	742933-743013
unassigned_transcript_662_751131_751244_114	overlap_dORF	unassigned_transcript_662	assumed_protein_coding	MM_RS19405	MM_RS19405	assumed_protein_coding	NC_003901.1	+	ATG	751131-751244
unassigned_transcript_662_751149_751244_96	overlap_dORF	unassigned_transcript_662	assumed_protein_coding	MM_RS19405	MM_RS19405	assumed_protein_coding	NC_003901.1	+	ATG	751149-751244
unassigned_transcript_668_756239_756310_72	overlap_dORF	unassigned_transcript_668	assumed_protein_coding	MM_RS18265	MM_RS18265	assumed_protein_coding	NC_003901.1	-	ATG	756239-756310
unassigned_transcript_670_757038_757097_60	overlap_dORF	unassigned_transcript_670	assumed_protein_coding	MM_RS03270	MM_RS03270	assumed_protein_coding	NC_003901.1	-	ATG	757038-757097
unassigned_transcript_671_757657_757743_87	overlap_dORF	unassigned_transcript_671	assumed_protein_coding	MM_RS03275	MM_RS03275	assumed_protein_coding	NC_003901.1	-	ATG	757657-757743
unassigned_transcript_673_760403_760513_111	overlap_dORF	unassigned_transcript_673	assumed_protein_coding	MM_RS18270	MM_RS18270	assumed_protein_coding	NC_003901.1	+	ATG	760403-760513
unassigned_transcript_678_762341_762442_102	overlap_dORF	unassigned_transcript_678	assumed_protein_coding	MM_RS03305	MM_RS03305	assumed_protein_coding	NC_003901.1	+	ATG	762341-762442
unassigned_transcript_678_762359_762442_84	overlap_dORF	unassigned_transcript_678	assumed_protein_coding	MM_RS03305	MM_RS03305	assumed_protein_coding	NC_003901.1	+	ATG	762359-762442
unassigned_transcript_689_770798_770920_123	overlap_uORF	unassigned_transcript_689	assumed_protein_coding	MM_RS03360	MM_RS03360	assumed_protein_coding	NC_003901.1	-	ATG	770798-770920
unassigned_transcript_711_795313_795552_240	overlap_uORF	unassigned_transcript_711	assumed_protein_coding	MM_RS03460	MM_RS03460	assumed_protein_coding	NC_003901.1	+	ATG	795313-795552
unassigned_transcript_711_795323_795457_135	overlap_uORF	unassigned_transcript_711	assumed_protein_coding	MM_RS03460	MM_RS03460	assumed_protein_coding	NC_003901.1	+	ATG	795323-795457
unassigned_transcript_712_796860_796922_63	overlap_dORF	unassigned_transcript_712	assumed_protein_coding	MM_RS03465	MM_RS03465	assumed_protein_coding	NC_003901.1	-	ATG	796860-796922
unassigned_transcript_717_802525_802635_111	overlap_dORF	unassigned_transcript_717	assumed_protein_coding	MM_RS03490	MM_RS03490	assumed_protein_coding	NC_003901.1	-	ATG	802525-802635
unassigned_transcript_717_802983_803042_60	overlap_uORF	unassigned_transcript_717	assumed_protein_coding	MM_RS03490	MM_RS03490	assumed_protein_coding	NC_003901.1	-	ATG	802983-803042
unassigned_transcript_718_802983_803192_210	overlap_dORF	unassigned_transcript_718	assumed_protein_coding	MM_RS03495	MM_RS03495	assumed_protein_coding	NC_003901.1	-	ATG	802983-803192
unassigned_transcript_718_802983_803078_96	overlap_dORF	unassigned_transcript_718	assumed_protein_coding	MM_RS03495	MM_RS03495	assumed_protein_coding	NC_003901.1	-	ATG	802983-803078
unassigned_transcript_718_802983_803042_60	overlap_dORF	unassigned_transcript_718	assumed_protein_coding	MM_RS03495	MM_RS03495	assumed_protein_coding	NC_003901.1	-	ATG	802983-803042
unassigned_transcript_727_816258_816383_126	overlap_dORF	unassigned_transcript_727	assumed_protein_coding	MM_RS03540	MM_RS03540	assumed_protein_coding	NC_003901.1	+	ATG	816258-816383
unassigned_transcript_727_816276_816383_108	overlap_dORF	unassigned_transcript_727	assumed_protein_coding	MM_RS03540	MM_RS03540	assumed_protein_coding	NC_003901.1	+	ATG	816276-816383
unassigned_transcript_728_816407_816511_105	overlap_dORF	unassigned_transcript_728	assumed_protein_coding	MM_RS03545	MM_RS03545	assumed_protein_coding	NC_003901.1	-	ATG	816407-816511
unassigned_transcript_728_816407_816508_102	overlap_dORF	unassigned_transcript_728	assumed_protein_coding	MM_RS03545	MM_RS03545	assumed_protein_coding	NC_003901.1	-	ATG	816407-816508
unassigned_transcript_728_816407_816505_99	overlap_dORF	unassigned_transcript_728	assumed_protein_coding	MM_RS03545	MM_RS03545	assumed_protein_coding	NC_003901.1	-	ATG	816407-816505
unassigned_transcript_728_816407_816499_93	overlap_dORF	unassigned_transcript_728	assumed_protein_coding	MM_RS03545	MM_RS03545	assumed_protein_coding	NC_003901.1	-	ATG	816407-816499
unassigned_transcript_728_816407_816481_75	overlap_dORF	unassigned_transcript_728	assumed_protein_coding	MM_RS03545	MM_RS03545	assumed_protein_coding	NC_003901.1	-	ATG	816407-816481
unassigned_transcript_729_817389_817502_114	overlap_dORF	unassigned_transcript_729	assumed_protein_coding	MM_RS03550	MM_RS03550	assumed_protein_coding	NC_003901.1	-	ATG	817389-817502
unassigned_transcript_735_826606_826782_177	overlap_dORF	unassigned_transcript_735	assumed_protein_coding	MM_RS03590	MM_RS03590	assumed_protein_coding	NC_003901.1	+	ATG	826606-826782
unassigned_transcript_737_829746_829835_90	overlap_dORF	unassigned_transcript_737	assumed_protein_coding	MM_RS03600	MM_RS03600	assumed_protein_coding	NC_003901.1	+	ATG	829746-829835
unassigned_transcript_748_842910_843020_111	overlap_uORF	unassigned_transcript_748	assumed_protein_coding	MM_RS03655	MM_RS03655	assumed_protein_coding	NC_003901.1	-	ATG	842910-843020
unassigned_transcript_751_849192_849281_90	overlap_dORF	unassigned_transcript_751	assumed_protein_coding	MM_RS03670	MM_RS03670	assumed_protein_coding	NC_003901.1	+	ATG	849192-849281
unassigned_transcript_756_851556_851651_96	overlap_uORF	unassigned_transcript_756	assumed_protein_coding	MM_RS03695	MM_RS03695	assumed_protein_coding	NC_003901.1	+	ATG	851556-851651
unassigned_transcript_764_859860_859934_75	overlap_dORF	unassigned_transcript_764	assumed_protein_coding	MM_RS03735	MM_RS03735	assumed_protein_coding	NC_003901.1	+	ATG	859860-859934
unassigned_transcript_777_874006_874155_150	overlap_uORF	unassigned_transcript_777	assumed_protein_coding	MM_RS03800	MM_RS03800	assumed_protein_coding	NC_003901.1	+	ATG	874006-874155
unassigned_transcript_777_874015_874155_141	overlap_uORF	unassigned_transcript_777	assumed_protein_coding	MM_RS03800	MM_RS03800	assumed_protein_coding	NC_003901.1	+	ATG	874015-874155
unassigned_transcript_777_874033_874155_123	overlap_uORF	unassigned_transcript_777	assumed_protein_coding	MM_RS03800	MM_RS03800	assumed_protein_coding	NC_003901.1	+	ATG	874033-874155
unassigned_transcript_788_885461_885568_108	overlap_dORF	unassigned_transcript_788	assumed_protein_coding	MM_RS03855	MM_RS03855	assumed_protein_coding	NC_003901.1	+	ATG	885461-885568
unassigned_transcript_789_885546_885800_255	overlap_uORF	unassigned_transcript_789	assumed_protein_coding	MM_RS03860	MM_RS03860	assumed_protein_coding	NC_003901.1	+	ATG	885546-885800
unassigned_transcript_789_885558_885800_243	overlap_uORF	unassigned_transcript_789	assumed_protein_coding	MM_RS03860	MM_RS03860	assumed_protein_coding	NC_003901.1	+	ATG	885558-885800
unassigned_transcript_793_889944_890030_87	overlap_dORF	unassigned_transcript_793	assumed_protein_coding	MM_RS03885	MM_RS03885	assumed_protein_coding	NC_003901.1	-	ATG	889944-890030
unassigned_transcript_797_893827_893886_60	overlap_uORF	unassigned_transcript_797	assumed_protein_coding	MM_RS18290	MM_RS18290	assumed_protein_coding	NC_003901.1	-	ATG	893827-893886
unassigned_transcript_827_925758_925829_72	overlap_uORF	unassigned_transcript_827	assumed_protein_coding	MM_RS04050	MM_RS04050	assumed_protein_coding	NC_003901.1	+	ATG	925758-925829
unassigned_transcript_829_930157_930342_186	overlap_uORF	unassigned_transcript_829	assumed_protein_coding	MM_RS04060	MM_RS04060	assumed_protein_coding	NC_003901.1	-	ATG	930157-930342
unassigned_transcript_842_943731_943796_66	overlap_uORF	unassigned_transcript_842	assumed_protein_coding	MM_RS04130	MM_RS04130	assumed_protein_coding	NC_003901.1	-	ATG	943731-943796
unassigned_transcript_844_944153_944242_90	overlap_uORF	unassigned_transcript_844	assumed_protein_coding	MM_RS19565	MM_RS19565	assumed_protein_coding	NC_003901.1	-	ATG	944153-944242
unassigned_transcript_847_945744_945941_198	overlap_dORF	unassigned_transcript_847	assumed_protein_coding	MM_RS04150	MM_RS04150	assumed_protein_coding	NC_003901.1	-	ATG	945744-945941
unassigned_transcript_847_945744_945908_165	overlap_dORF	unassigned_transcript_847	assumed_protein_coding	MM_RS04150	MM_RS04150	assumed_protein_coding	NC_003901.1	-	ATG	945744-945908
unassigned_transcript_852_951104_951199_96	overlap_uORF	unassigned_transcript_852	assumed_protein_coding	MM_RS04175	MM_RS04175	assumed_protein_coding	NC_003901.1	+	ATG	951104-951199
unassigned_transcript_860_957958_958020_63	overlap_dORF	unassigned_transcript_860	assumed_protein_coding	MM_RS04215	MM_RS04215	assumed_protein_coding	NC_003901.1	+	ATG	957958-958020
unassigned_transcript_866_961454_961525_72	overlap_dORF	unassigned_transcript_866	assumed_protein_coding	MM_RS04245	MM_RS04245	assumed_protein_coding	NC_003901.1	+	ATG	961454-961525
unassigned_transcript_882_977667_977780_114	overlap_dORF	unassigned_transcript_882	assumed_protein_coding	MM_RS04330	MM_RS04330	assumed_protein_coding	NC_003901.1	-	ATG	977667-977780
unassigned_transcript_888_981679_981741_63	overlap_uORF	unassigned_transcript_888	assumed_protein_coding	MM_RS04355	MM_RS04355	assumed_protein_coding	NC_003901.1	+	ATG	981679-981741
unassigned_transcript_893_990510_990620_111	overlap_uORF	unassigned_transcript_893	assumed_protein_coding	MM_RS04380	MM_RS04380	assumed_protein_coding	NC_003901.1	+	ATG	990510-990620
unassigned_transcript_896_997053_997118_66	overlap_dORF	unassigned_transcript_896	assumed_protein_coding	MM_RS04395	MM_RS04395	assumed_protein_coding	NC_003901.1	+	ATG	997053-997118
unassigned_transcript_899_999828_999953_126	overlap_uORF	unassigned_transcript_899	assumed_protein_coding	MM_RS04410	MM_RS04410	assumed_protein_coding	NC_003901.1	-	ATG	999828-999953
unassigned_transcript_900_1000414_1000653_240	overlap_uORF	unassigned_transcript_900	assumed_protein_coding	MM_RS04415	MM_RS04415	assumed_protein_coding	NC_003901.1	-	ATG	1000414-1000653
unassigned_transcript_900_1000183_1000254_72	overlap_dORF	unassigned_transcript_900	assumed_protein_coding	MM_RS04415	MM_RS04415	assumed_protein_coding	NC_003901.1	-	ATG	1000183-1000254
unassigned_transcript_903_1002110_1002178_69	overlap_uORF	unassigned_transcript_903	assumed_protein_coding	MM_RS04430	MM_RS04430	assumed_protein_coding	NC_003901.1	-	ATG	1002110-1002178
unassigned_transcript_904_1002350_1002412_63	overlap_uORF	unassigned_transcript_904	assumed_protein_coding	MM_RS04435	MM_RS04435	assumed_protein_coding	NC_003901.1	+	ATG	1002350-1002412
unassigned_transcript_908_1005500_1005568_69	overlap_dORF	unassigned_transcript_908	assumed_protein_coding	MM_RS04455	MM_RS04455	assumed_protein_coding	NC_003901.1	-	ATG	1005500-1005568
unassigned_transcript_909_1007800_1007880_81	overlap_uORF	unassigned_transcript_909	assumed_protein_coding	MM_RS04460	MM_RS04460	assumed_protein_coding	NC_003901.1	-	ATG	1007800-1007880
unassigned_transcript_910_1009086_1009151_66	overlap_uORF	unassigned_transcript_910	assumed_protein_coding	MM_RS04465	MM_RS04465	assumed_protein_coding	NC_003901.1	-	ATG	1009086-1009151
unassigned_transcript_914_1012581_1012700_120	overlap_uORF	unassigned_transcript_914	assumed_protein_coding	MM_RS04485	MM_RS04485	assumed_protein_coding	NC_003901.1	-	ATG	1012581-1012700
unassigned_transcript_921_1023100_1023159_60	overlap_uORF	unassigned_transcript_921	assumed_protein_coding	MM_RS04520	MM_RS04520	assumed_protein_coding	NC_003901.1	-	ATG	1023100-1023159
unassigned_transcript_922_1023214_1023273_60	overlap_dORF	unassigned_transcript_922	assumed_protein_coding	MM_RS04525	MM_RS04525	assumed_protein_coding	NC_003901.1	-	ATG	1023214-1023273
unassigned_transcript_932_1034199_1034264_66	overlap_dORF	unassigned_transcript_932	assumed_protein_coding	MM_RS17730	MM_RS17730	assumed_protein_coding	NC_003901.1	+	ATG	1034199-1034264
unassigned_transcript_943_1048757_1048816_60	overlap_dORF	unassigned_transcript_943	assumed_protein_coding	MM_RS04630	MM_RS04630	assumed_protein_coding	NC_003901.1	+	ATG	1048757-1048816
unassigned_transcript_944_1048880_1048960_81	overlap_dORF	unassigned_transcript_944	assumed_protein_coding	MM_RS04635	MM_RS04635	assumed_protein_coding	NC_003901.1	-	ATG	1048880-1048960
unassigned_transcript_945_1050914_1050973_60	overlap_dORF	unassigned_transcript_945	assumed_protein_coding	MM_RS04640	MM_RS04640	assumed_protein_coding	NC_003901.1	-	ATG	1050914-1050973
unassigned_transcript_949_1055018_1055149_132	overlap_uORF	unassigned_transcript_949	assumed_protein_coding	MM_RS04660	MM_RS04660	assumed_protein_coding	NC_003901.1	+	ATG	1055018-1055149
unassigned_transcript_950_1055458_1055541_84	overlap_dORF	unassigned_transcript_950	assumed_protein_coding	MM_RS04665	MM_RS04665	assumed_protein_coding	NC_003901.1	-	ATG	1055458-1055541
unassigned_transcript_953_1059625_1059726_102	overlap_dORF	unassigned_transcript_953	assumed_protein_coding	MM_RS04675	MM_RS04675	assumed_protein_coding	NC_003901.1	+	ATG	1059625-1059726
unassigned_transcript_964_1074700_1074768_69	overlap_dORF	unassigned_transcript_964	assumed_protein_coding	MM_RS04730	MM_RS04730	assumed_protein_coding	NC_003901.1	-	ATG	1074700-1074768
unassigned_transcript_984_1094208_1094399_192	overlap_uORF	unassigned_transcript_984	assumed_protein_coding	MM_RS04830	MM_RS04830	assumed_protein_coding	NC_003901.1	-	ATG	1094208-1094399
unassigned_transcript_997_1111500_1111721_222	novel	unassigned_transcript_997	SRP_RNA	MM_RS04895	MM_RS04895	SRP_RNA	NC_003901.1	-	ATG	1111500-1111721
unassigned_transcript_1002_1120036_1120104_69	overlap_dORF	unassigned_transcript_1002	assumed_protein_coding	MM_RS04920	MM_RS04920	assumed_protein_coding	NC_003901.1	+	ATG	1120036-1120104
unassigned_transcript_1010_1129147_1129302_156	overlap_dORF	unassigned_transcript_1010	assumed_protein_coding	MM_RS04960	MM_RS04960	assumed_protein_coding	NC_003901.1	-	ATG	1129147-1129302
unassigned_transcript_1010_1129147_1129281_135	overlap_dORF	unassigned_transcript_1010	assumed_protein_coding	MM_RS04960	MM_RS04960	assumed_protein_coding	NC_003901.1	-	ATG	1129147-1129281
unassigned_transcript_1020_1141700_1141831_132	overlap_uORF	unassigned_transcript_1020	assumed_protein_coding	MM_RS05020	MM_RS05020	assumed_protein_coding	NC_003901.1	-	ATG	1141700-1141831
unassigned_transcript_1021_1143411_1143479_69	overlap_dORF	unassigned_transcript_1021	assumed_protein_coding	MM_RS05025	MM_RS05025	assumed_protein_coding	NC_003901.1	+	ATG	1143411-1143479
unassigned_transcript_1024_1146784_1146849_66	overlap_dORF	unassigned_transcript_1024	assumed_protein_coding	MM_RS05040	MM_RS05040	assumed_protein_coding	NC_003901.1	+	ATG	1146784-1146849
unassigned_transcript_1025_1147488_1147601_114	overlap_dORF	unassigned_transcript_1025	assumed_protein_coding	MM_RS05045	MM_RS05045	assumed_protein_coding	NC_003901.1	+	ATG	1147488-1147601
unassigned_transcript_1025_1146784_1146849_66	overlap_uORF	unassigned_transcript_1025	assumed_protein_coding	MM_RS05045	MM_RS05045	assumed_protein_coding	NC_003901.1	+	ATG	1146784-1146849
unassigned_transcript_1028_1150677_1150778_102	overlap_uORF	unassigned_transcript_1028	assumed_protein_coding	MM_RS05060	MM_RS05060	assumed_protein_coding	NC_003901.1	-	ATG	1150677-1150778
unassigned_transcript_1031_1153301_1153399_99	overlap_dORF	unassigned_transcript_1031	assumed_protein_coding	MM_RS05070	MM_RS05070	assumed_protein_coding	NC_003901.1	+	ATG	1153301-1153399
unassigned_transcript_1033_1155923_1156027_105	overlap_dORF	unassigned_transcript_1033	assumed_protein_coding	MM_RS05080	MM_RS05080	assumed_protein_coding	NC_003901.1	+	ATG	1155923-1156027
unassigned_transcript_1038_1161378_1161458_81	overlap_uORF	unassigned_transcript_1038	assumed_protein_coding	MM_RS05110	MM_RS05110	assumed_protein_coding	NC_003901.1	-	ATG	1161378-1161458
unassigned_transcript_1040_1162459_1162536_78	overlap_uORF	unassigned_transcript_1040	assumed_protein_coding	MM_RS05120	MM_RS05120	assumed_protein_coding	NC_003901.1	-	ATG	1162459-1162536
unassigned_transcript_1044_1165414_1165473_60	overlap_dORF	unassigned_transcript_1044	assumed_protein_coding	MM_RS05140	MM_RS05140	assumed_protein_coding	NC_003901.1	-	ATG	1165414-1165473
unassigned_transcript_1053_1171965_1172042_78	overlap_uORF	unassigned_transcript_1053	assumed_protein_coding	MM_RS05185	MM_RS05185	assumed_protein_coding	NC_003901.1	-	ATG	1171965-1172042
unassigned_transcript_1056_1173530_1173613_84	overlap_dORF	unassigned_transcript_1056	assumed_protein_coding	MM_RS05200	MM_RS05200	assumed_protein_coding	NC_003901.1	-	ATG	1173530-1173613
unassigned_transcript_1066_1184209_1184322_114	overlap_uORF	unassigned_transcript_1066	assumed_protein_coding	MM_RS05250	MM_RS05250	assumed_protein_coding	NC_003901.1	+	ATG	1184209-1184322
unassigned_transcript_1069_1185724_1185795_72	overlap_uORF	unassigned_transcript_1069	assumed_protein_coding	MM_RS05265	MM_RS05265	assumed_protein_coding	NC_003901.1	+	ATG	1185724-1185795
unassigned_transcript_1070_1186356_1186604_249	overlap_uORF	unassigned_transcript_1070	assumed_protein_coding	MM_RS05270	MM_RS05270	assumed_protein_coding	NC_003901.1	+	ATG	1186356-1186604
unassigned_transcript_1070_1187394_1187477_84	overlap_dORF	unassigned_transcript_1070	assumed_protein_coding	MM_RS05270	MM_RS05270	assumed_protein_coding	NC_003901.1	+	ATG	1187394-1187477
unassigned_transcript_1070_1187406_1187477_72	overlap_dORF	unassigned_transcript_1070	assumed_protein_coding	MM_RS05270	MM_RS05270	assumed_protein_coding	NC_003901.1	+	ATG	1187406-1187477
unassigned_transcript_1074_1191378_1191455_78	overlap_uORF	unassigned_transcript_1074	assumed_protein_coding	MM_RS05290	MM_RS05290	assumed_protein_coding	NC_003901.1	-	ATG	1191378-1191455
unassigned_transcript_1076_1192151_1192219_69	overlap_dORF	unassigned_transcript_1076	assumed_protein_coding	MM_RS05300	MM_RS05300	assumed_protein_coding	NC_003901.1	-	ATG	1192151-1192219
unassigned_transcript_1082_1197040_1197126_87	overlap_dORF	unassigned_transcript_1082	assumed_protein_coding	MM_RS05330	MM_RS05330	assumed_protein_coding	NC_003901.1	-	ATG	1197040-1197126
unassigned_transcript_1099_1216809_1216871_63	overlap_dORF	unassigned_transcript_1099	assumed_protein_coding	MM_RS05415	MM_RS05415	assumed_protein_coding	NC_003901.1	+	ATG	1216809-1216871
unassigned_transcript_1124_1248978_1249037_60	overlap_dORF	unassigned_transcript_1124	assumed_protein_coding	MM_RS05545	MM_RS05545	assumed_protein_coding	NC_003901.1	+	ATG	1248978-1249037
unassigned_transcript_1124_1247353_1247442_90	overlap_uORF	unassigned_transcript_1124	assumed_protein_coding	MM_RS05545	MM_RS05545	assumed_protein_coding	NC_003901.1	+	ATG	1247353-1247442
unassigned_transcript_1124_1247368_1247442_75	overlap_uORF	unassigned_transcript_1124	assumed_protein_coding	MM_RS05545	MM_RS05545	assumed_protein_coding	NC_003901.1	+	ATG	1247368-1247442
unassigned_transcript_1136_1265023_1265088_66	overlap_dORF	unassigned_transcript_1136	assumed_protein_coding	MM_RS05605	MM_RS05605	assumed_protein_coding	NC_003901.1	+	ATG	1265023-1265088
unassigned_transcript_1138_1266824_1266886_63	overlap_uORF	unassigned_transcript_1138	assumed_protein_coding	MM_RS05615	MM_RS05615	assumed_protein_coding	NC_003901.1	+	ATG	1266824-1266886
unassigned_transcript_1141_1272901_1272993_93	overlap_dORF	unassigned_transcript_1141	assumed_protein_coding	MM_RS05630	MM_RS05630	assumed_protein_coding	NC_003901.1	+	ATG	1272901-1272993
unassigned_transcript_1150_1280342_1280407_66	overlap_uORF	unassigned_transcript_1150	assumed_protein_coding	MM_RS05675	MM_RS05675	assumed_protein_coding	NC_003901.1	+	ATG	1280342-1280407
unassigned_transcript_1150_1280348_1280407_60	overlap_uORF	unassigned_transcript_1150	assumed_protein_coding	MM_RS05675	MM_RS05675	assumed_protein_coding	NC_003901.1	+	ATG	1280348-1280407
unassigned_transcript_1151_1282293_1282403_111	overlap_uORF	unassigned_transcript_1151	assumed_protein_coding	MM_RS19415	MM_RS19415	assumed_protein_coding	NC_003901.1	+	ATG	1282293-1282403
unassigned_transcript_1151_1282302_1282403_102	overlap_uORF	unassigned_transcript_1151	assumed_protein_coding	MM_RS19415	MM_RS19415	assumed_protein_coding	NC_003901.1	+	ATG	1282302-1282403
unassigned_transcript_1153_1284294_1284386_93	overlap_uORF	unassigned_transcript_1153	assumed_protein_coding	MM_RS05695	MM_RS05695	assumed_protein_coding	NC_003901.1	+	ATG	1284294-1284386
unassigned_transcript_1153_1284286_1284354_69	overlap_uORF	unassigned_transcript_1153	assumed_protein_coding	MM_RS05695	MM_RS05695	assumed_protein_coding	NC_003901.1	+	ATG	1284286-1284354
unassigned_transcript_1157_1288620_1288679_60	overlap_dORF	unassigned_transcript_1157	assumed_protein_coding	MM_RS05710	MM_RS05710	assumed_protein_coding	NC_003901.1	+	ATG	1288620-1288679
unassigned_transcript_1158_1288620_1288679_60	overlap_uORF	unassigned_transcript_1158	assumed_protein_coding	MM_RS05715	MM_RS05715	assumed_protein_coding	NC_003901.1	+	ATG	1288620-1288679
unassigned_transcript_1160_1291920_1292027_108	overlap_dORF	unassigned_transcript_1160	assumed_protein_coding	MM_RS05725	MM_RS05725	assumed_protein_coding	NC_003901.1	-	ATG	1291920-1292027
unassigned_transcript_1160_1291920_1292021_102	overlap_dORF	unassigned_transcript_1160	assumed_protein_coding	MM_RS05725	MM_RS05725	assumed_protein_coding	NC_003901.1	-	ATG	1291920-1292021
unassigned_transcript_1164_1297099_1297167_69	overlap_dORF	unassigned_transcript_1164	assumed_protein_coding	MM_RS05745	MM_RS05745	assumed_protein_coding	NC_003901.1	+	ATG	1297099-1297167
unassigned_transcript_1166_1298483_1298545_63	overlap_uORF	unassigned_transcript_1166	assumed_protein_coding	MM_RS05755	MM_RS05755	assumed_protein_coding	NC_003901.1	+	ATG	1298483-1298545
unassigned_transcript_1166_1299578_1299679_102	overlap_dORF	unassigned_transcript_1166	assumed_protein_coding	MM_RS05755	MM_RS05755	assumed_protein_coding	NC_003901.1	+	ATG	1299578-1299679
unassigned_transcript_1169_1302755_1302814_60	overlap_dORF	unassigned_transcript_1169	assumed_protein_coding	MM_RS05770	MM_RS05770	assumed_protein_coding	NC_003901.1	+	ATG	1302755-1302814
unassigned_transcript_1170_1303302_1303409_108	overlap_uORF	unassigned_transcript_1170	assumed_protein_coding	MM_RS05775	MM_RS05775	assumed_protein_coding	NC_003901.1	-	ATG	1303302-1303409
unassigned_transcript_1177_1310018_1310086_69	overlap_uORF	unassigned_transcript_1177	assumed_protein_coding	MM_RS05810	MM_RS05810	assumed_protein_coding	NC_003901.1	-	ATG	1310018-1310086
unassigned_transcript_1182_1316055_1316213_159	overlap_uORF	unassigned_transcript_1182	assumed_protein_coding	MM_RS05825	MM_RS05825	assumed_protein_coding	NC_003901.1	+	ATG	1316055-1316213
unassigned_transcript_1184_1321959_1322021_63	overlap_uORF	unassigned_transcript_1184	assumed_protein_coding	MM_RS05835	MM_RS05835	assumed_protein_coding	NC_003901.1	-	ATG	1321959-1322021
unassigned_transcript_1186_1323211_1323300_90	overlap_uORF	unassigned_transcript_1186	assumed_protein_coding	MM_RS05840	MM_RS05840	assumed_protein_coding	NC_003901.1	+	ATG	1323211-1323300
unassigned_transcript_1186_1323214_1323300_87	overlap_uORF	unassigned_transcript_1186	assumed_protein_coding	MM_RS05840	MM_RS05840	assumed_protein_coding	NC_003901.1	+	ATG	1323214-1323300
unassigned_transcript_1188_1326694_1326792_99	overlap_dORF	unassigned_transcript_1188	assumed_protein_coding	MM_RS05845	MM_RS05845	assumed_protein_coding	NC_003901.1	+	ATG	1326694-1326792
unassigned_transcript_1188_1326706_1326792_87	overlap_dORF	unassigned_transcript_1188	assumed_protein_coding	MM_RS05845	MM_RS05845	assumed_protein_coding	NC_003901.1	+	ATG	1326706-1326792
unassigned_transcript_1188_1326718_1326792_75	overlap_dORF	unassigned_transcript_1188	assumed_protein_coding	MM_RS05845	MM_RS05845	assumed_protein_coding	NC_003901.1	+	ATG	1326718-1326792
unassigned_transcript_1192_1331740_1331811_72	overlap_uORF	unassigned_transcript_1192	assumed_protein_coding	MM_RS05865	MM_RS05865	assumed_protein_coding	NC_003901.1	-	ATG	1331740-1331811
unassigned_transcript_1193_1331740_1331811_72	overlap_dORF	unassigned_transcript_1193	assumed_protein_coding	MM_RS05870	MM_RS05870	assumed_protein_coding	NC_003901.1	-	ATG	1331740-1331811
unassigned_transcript_1200_1344014_1344160_147	overlap_uORF	unassigned_transcript_1200	assumed_protein_coding	MM_RS05910	MM_RS05910	assumed_protein_coding	NC_003901.1	-	ATG	1344014-1344160
unassigned_transcript_1206_1353020_1353133_114	overlap_dORF	unassigned_transcript_1206	assumed_protein_coding	MM_RS05940	MM_RS05940	assumed_protein_coding	NC_003901.1	+	ATG	1353020-1353133
unassigned_transcript_1206_1353041_1353133_93	overlap_dORF	unassigned_transcript_1206	assumed_protein_coding	MM_RS05940	MM_RS05940	assumed_protein_coding	NC_003901.1	+	ATG	1353041-1353133
unassigned_transcript_1208_1358530_1358631_102	overlap_dORF	unassigned_transcript_1208	assumed_protein_coding	MM_RS05950	MM_RS05950	assumed_protein_coding	NC_003901.1	+	ATG	1358530-1358631
unassigned_transcript_1208_1358545_1358631_87	overlap_dORF	unassigned_transcript_1208	assumed_protein_coding	MM_RS05950	MM_RS05950	assumed_protein_coding	NC_003901.1	+	ATG	1358545-1358631
unassigned_transcript_1217_1370003_1370062_60	overlap_dORF	unassigned_transcript_1217	assumed_protein_coding	MM_RS05985	MM_RS05985	assumed_protein_coding	NC_003901.1	+	ATG	1370003-1370062
unassigned_transcript_1220_1373503_1373637_135	overlap_dORF	unassigned_transcript_1220	assumed_protein_coding	MM_RS06000	MM_RS06000	assumed_protein_coding	NC_003901.1	+	ATG	1373503-1373637
unassigned_transcript_1220_1373524_1373637_114	overlap_dORF	unassigned_transcript_1220	assumed_protein_coding	MM_RS06000	MM_RS06000	assumed_protein_coding	NC_003901.1	+	ATG	1373524-1373637
unassigned_transcript_1220_1373557_1373637_81	overlap_dORF	unassigned_transcript_1220	assumed_protein_coding	MM_RS06000	MM_RS06000	assumed_protein_coding	NC_003901.1	+	ATG	1373557-1373637
unassigned_transcript_1222_1376925_1377023_99	overlap_dORF	unassigned_transcript_1222	assumed_protein_coding	MM_RS06010	MM_RS06010	assumed_protein_coding	NC_003901.1	+	ATG	1376925-1377023
unassigned_transcript_1228_1382821_1382934_114	overlap_uORF	unassigned_transcript_1228	assumed_protein_coding	MM_RS18335	MM_RS18335	assumed_protein_coding	NC_003901.1	+	ATG	1382821-1382934
unassigned_transcript_1235_1387998_1388186_189	overlap_dORF	unassigned_transcript_1235	assumed_protein_coding	MM_RS06070	MM_RS06070	assumed_protein_coding	NC_003901.1	+	ATG	1387998-1388186
unassigned_transcript_1235_1388013_1388186_174	overlap_dORF	unassigned_transcript_1235	assumed_protein_coding	MM_RS06070	MM_RS06070	assumed_protein_coding	NC_003901.1	+	ATG	1388013-1388186
unassigned_transcript_1235_1388049_1388186_138	overlap_dORF	unassigned_transcript_1235	assumed_protein_coding	MM_RS06070	MM_RS06070	assumed_protein_coding	NC_003901.1	+	ATG	1388049-1388186
unassigned_transcript_1237_1389487_1389549_63	overlap_uORF	unassigned_transcript_1237	assumed_protein_coding	MM_RS06080	MM_RS06080	assumed_protein_coding	NC_003901.1	+	ATG	1389487-1389549
unassigned_transcript_1238_1390604_1390711_108	overlap_uORF	unassigned_transcript_1238	assumed_protein_coding	MM_RS06085	MM_RS06085	assumed_protein_coding	NC_003901.1	+	ATG	1390604-1390711
unassigned_transcript_1250_1408089_1408193_105	overlap_uORF	unassigned_transcript_1250	assumed_protein_coding	MM_RS06145	MM_RS06145	assumed_protein_coding	NC_003901.1	+	ATG	1408089-1408193
unassigned_transcript_1254_1412162_1412224_63	overlap_dORF	unassigned_transcript_1254	assumed_protein_coding	MM_RS18795	MM_RS18795	assumed_protein_coding	NC_003901.1	+	ATG	1412162-1412224
unassigned_transcript_1275_1431868_1432002_135	overlap_uORF	unassigned_transcript_1275	assumed_protein_coding	MM_RS06255	MM_RS06255	assumed_protein_coding	NC_003901.1	+	ATG	1431868-1432002
unassigned_transcript_1275_1431886_1432002_117	overlap_uORF	unassigned_transcript_1275	assumed_protein_coding	MM_RS06255	MM_RS06255	assumed_protein_coding	NC_003901.1	+	ATG	1431886-1432002
unassigned_transcript_1276_1433120_1433203_84	overlap_dORF	unassigned_transcript_1276	assumed_protein_coding	MM_RS06260	MM_RS06260	assumed_protein_coding	NC_003901.1	+	ATG	1433120-1433203
unassigned_transcript_1277_1433120_1433203_84	overlap_uORF	unassigned_transcript_1277	assumed_protein_coding	MM_RS06265	MM_RS06265	assumed_protein_coding	NC_003901.1	+	ATG	1433120-1433203
unassigned_transcript_1281_1436225_1436305_81	overlap_dORF	unassigned_transcript_1281	assumed_protein_coding	MM_RS06285	MM_RS06285	assumed_protein_coding	NC_003901.1	-	ATG	1436225-1436305
unassigned_transcript_1281_1436225_1436287_63	overlap_dORF	unassigned_transcript_1281	assumed_protein_coding	MM_RS06285	MM_RS06285	assumed_protein_coding	NC_003901.1	-	ATG	1436225-1436287
unassigned_transcript_1294_1453284_1453520_237	overlap_dORF	unassigned_transcript_1294	assumed_protein_coding	MM_RS06345	MM_RS06345	assumed_protein_coding	NC_003901.1	+	ATG	1453284-1453520
unassigned_transcript_1294_1453368_1453520_153	overlap_dORF	unassigned_transcript_1294	assumed_protein_coding	MM_RS06345	MM_RS06345	assumed_protein_coding	NC_003901.1	+	ATG	1453368-1453520
unassigned_transcript_1294_1453404_1453520_117	overlap_dORF	unassigned_transcript_1294	assumed_protein_coding	MM_RS06345	MM_RS06345	assumed_protein_coding	NC_003901.1	+	ATG	1453404-1453520
unassigned_transcript_1294_1453419_1453520_102	overlap_dORF	unassigned_transcript_1294	assumed_protein_coding	MM_RS06345	MM_RS06345	assumed_protein_coding	NC_003901.1	+	ATG	1453419-1453520
unassigned_transcript_1294_1453432_1453551_120	overlap_dORF	unassigned_transcript_1294	assumed_protein_coding	MM_RS06345	MM_RS06345	assumed_protein_coding	NC_003901.1	+	ATG	1453432-1453551
unassigned_transcript_1297_1456473_1456610_138	overlap_dORF	unassigned_transcript_1297	assumed_protein_coding	MM_RS06360	MM_RS06360	assumed_protein_coding	NC_003901.1	-	ATG	1456473-1456610
unassigned_transcript_1308_1470518_1470631_114	overlap_uORF	unassigned_transcript_1308	assumed_protein_coding	MM_RS06420	MM_RS06420	assumed_protein_coding	NC_003901.1	-	ATG	1470518-1470631
unassigned_transcript_1311_1471782_1471904_123	overlap_dORF	unassigned_transcript_1311	assumed_protein_coding	MM_RS06435	MM_RS06435	assumed_protein_coding	NC_003901.1	-	ATG	1471782-1471904
unassigned_transcript_1313_1475083_1475289_207	overlap_dORF	unassigned_transcript_1313	assumed_protein_coding	MM_RS06445	MM_RS06445	assumed_protein_coding	NC_003901.1	-	ATG	1475083-1475289
unassigned_transcript_1313_1475083_1475190_108	overlap_dORF	unassigned_transcript_1313	assumed_protein_coding	MM_RS06445	MM_RS06445	assumed_protein_coding	NC_003901.1	-	ATG	1475083-1475190
unassigned_transcript_1314_1478804_1478890_87	overlap_uORF	unassigned_transcript_1314	assumed_protein_coding	MM_RS06450	MM_RS06450	assumed_protein_coding	NC_003901.1	-	ATG	1478804-1478890
unassigned_transcript_1318_1483323_1483433_111	overlap_dORF	unassigned_transcript_1318	assumed_protein_coding	MM_RS06470	MM_RS06470	assumed_protein_coding	NC_003901.1	-	ATG	1483323-1483433
unassigned_transcript_1319_1485084_1485194_111	overlap_dORF	unassigned_transcript_1319	assumed_protein_coding	MM_RS06475	MM_RS06475	assumed_protein_coding	NC_003901.1	-	ATG	1485084-1485194
unassigned_transcript_1327_1496845_1496919_75	overlap_dORF	unassigned_transcript_1327	assumed_protein_coding	MM_RS06520	MM_RS06520	assumed_protein_coding	NC_003901.1	-	ATG	1496845-1496919
unassigned_transcript_1328_1498205_1498339_135	overlap_uORF	unassigned_transcript_1328	assumed_protein_coding	MM_RS06525	MM_RS06525	assumed_protein_coding	NC_003901.1	-	ATG	1498205-1498339
unassigned_transcript_1336_1503777_1503860_84	overlap_uORF	unassigned_transcript_1336	assumed_protein_coding	MM_RS06560	MM_RS06560	assumed_protein_coding	NC_003901.1	-	ATG	1503777-1503860
unassigned_transcript_1351_1517758_1517850_93	overlap_uORF	unassigned_transcript_1351	assumed_protein_coding	MM_RS06635	MM_RS06635	assumed_protein_coding	NC_003901.1	-	ATG	1517758-1517850
unassigned_transcript_1351_1517781_1517867_87	overlap_uORF	unassigned_transcript_1351	assumed_protein_coding	MM_RS06635	MM_RS06635	assumed_protein_coding	NC_003901.1	-	ATG	1517781-1517867
unassigned_transcript_1355_1521744_1521818_75	novel	unassigned_transcript_1355	rRNA	MM_RS06655	MM_RS06655	rRNA	NC_003901.1	-	ATG	1521744-1521818
unassigned_transcript_1355_1520958_1521098_141	novel	unassigned_transcript_1355	rRNA	MM_RS06655	MM_RS06655	rRNA	NC_003901.1	-	ATG	1520958-1521098
unassigned_transcript_1355_1520184_1520381_198	novel	unassigned_transcript_1355	rRNA	MM_RS06655	MM_RS06655	rRNA	NC_003901.1	-	ATG	1520184-1520381
unassigned_transcript_1355_1520184_1520339_156	novel	unassigned_transcript_1355	rRNA	MM_RS06655	MM_RS06655	rRNA	NC_003901.1	-	ATG	1520184-1520339
unassigned_transcript_1355_1522190_1522255_66	novel	unassigned_transcript_1355	rRNA	MM_RS06655	MM_RS06655	rRNA	NC_003901.1	-	ATG	1522190-1522255
unassigned_transcript_1355_1521488_1521601_114	novel	unassigned_transcript_1355	rRNA	MM_RS06655	MM_RS06655	rRNA	NC_003901.1	-	ATG	1521488-1521601
unassigned_transcript_1355_1520753_1520929_177	novel	unassigned_transcript_1355	rRNA	MM_RS06655	MM_RS06655	rRNA	NC_003901.1	-	ATG	1520753-1520929
unassigned_transcript_1355_1519937_1519996_60	novel	unassigned_transcript_1355	rRNA	MM_RS06655	MM_RS06655	rRNA	NC_003901.1	-	ATG	1519937-1519996
unassigned_transcript_1355_1522084_1522146_63	novel	unassigned_transcript_1355	rRNA	MM_RS06655	MM_RS06655	rRNA	NC_003901.1	-	ATG	1522084-1522146
unassigned_transcript_1355_1521799_1521954_156	novel	unassigned_transcript_1355	rRNA	MM_RS06655	MM_RS06655	rRNA	NC_003901.1	-	ATG	1521799-1521954
unassigned_transcript_1355_1521799_1521864_66	novel	unassigned_transcript_1355	rRNA	MM_RS06655	MM_RS06655	rRNA	NC_003901.1	-	ATG	1521799-1521864
unassigned_transcript_1355_1521799_1521858_60	novel	unassigned_transcript_1355	rRNA	MM_RS06655	MM_RS06655	rRNA	NC_003901.1	-	ATG	1521799-1521858
unassigned_transcript_1355_1520842_1520904_63	novel	unassigned_transcript_1355	rRNA	MM_RS06655	MM_RS06655	rRNA	NC_003901.1	-	ATG	1520842-1520904
unassigned_transcript_1355_1519687_1519752_66	novel	unassigned_transcript_1355	rRNA	MM_RS06655	MM_RS06655	rRNA	NC_003901.1	-	ATG	1519687-1519752
unassigned_transcript_1356_1523771_1524022_252	novel	unassigned_transcript_1356	rRNA	MM_RS06660	MM_RS06660	rRNA	NC_003901.1	-	ATG	1523771-1524022
unassigned_transcript_1356_1523354_1523443_90	novel	unassigned_transcript_1356	rRNA	MM_RS06660	MM_RS06660	rRNA	NC_003901.1	-	ATG	1523354-1523443
unassigned_transcript_1356_1522979_1523131_153	novel	unassigned_transcript_1356	rRNA	MM_RS06660	MM_RS06660	rRNA	NC_003901.1	-	ATG	1522979-1523131
unassigned_transcript_1356_1522979_1523116_138	novel	unassigned_transcript_1356	rRNA	MM_RS06660	MM_RS06660	rRNA	NC_003901.1	-	ATG	1522979-1523116
unassigned_transcript_1356_1522979_1523092_114	novel	unassigned_transcript_1356	rRNA	MM_RS06660	MM_RS06660	rRNA	NC_003901.1	-	ATG	1522979-1523092
unassigned_transcript_1356_1523785_1523892_108	novel	unassigned_transcript_1356	rRNA	MM_RS06660	MM_RS06660	rRNA	NC_003901.1	-	ATG	1523785-1523892
unassigned_transcript_1356_1523785_1523847_63	novel	unassigned_transcript_1356	rRNA	MM_RS06660	MM_RS06660	rRNA	NC_003901.1	-	ATG	1523785-1523847
unassigned_transcript_1356_1522927_1523052_126	novel	unassigned_transcript_1356	rRNA	MM_RS06660	MM_RS06660	rRNA	NC_003901.1	-	ATG	1522927-1523052
unassigned_transcript_1356_1522927_1523013_87	novel	unassigned_transcript_1356	rRNA	MM_RS06660	MM_RS06660	rRNA	NC_003901.1	-	ATG	1522927-1523013
unassigned_transcript_1356_1522768_1522830_63	novel	unassigned_transcript_1356	rRNA	MM_RS06660	MM_RS06660	rRNA	NC_003901.1	-	ATG	1522768-1522830
unassigned_transcript_1356_1523733_1523804_72	novel	unassigned_transcript_1356	rRNA	MM_RS06660	MM_RS06660	rRNA	NC_003901.1	-	ATG	1523733-1523804
unassigned_transcript_1356_1523301_1523423_123	novel	unassigned_transcript_1356	rRNA	MM_RS06660	MM_RS06660	rRNA	NC_003901.1	-	ATG	1523301-1523423
unassigned_transcript_1357_1524892_1524954_63	overlap_uORF	unassigned_transcript_1357	assumed_protein_coding	MM_RS06665	MM_RS06665	assumed_protein_coding	NC_003901.1	+	ATG	1524892-1524954
unassigned_transcript_1358_1526649_1526810_162	overlap_uORF	unassigned_transcript_1358	assumed_protein_coding	MM_RS06675	MM_RS06675	assumed_protein_coding	NC_003901.1	+	ATG	1526649-1526810
unassigned_transcript_1374_1549458_1549565_108	overlap_dORF	unassigned_transcript_1374	assumed_protein_coding	MM_RS06760	MM_RS06760	assumed_protein_coding	NC_003901.1	+	ATG	1549458-1549565
unassigned_transcript_1374_1549470_1549565_96	overlap_dORF	unassigned_transcript_1374	assumed_protein_coding	MM_RS06760	MM_RS06760	assumed_protein_coding	NC_003901.1	+	ATG	1549470-1549565
unassigned_transcript_1375_1550348_1550443_96	overlap_dORF	unassigned_transcript_1375	assumed_protein_coding	MM_RS06765	MM_RS06765	assumed_protein_coding	NC_003901.1	+	ATG	1550348-1550443
unassigned_transcript_1397_1581243_1581308_66	overlap_uORF	unassigned_transcript_1397	assumed_protein_coding	MM_RS06875	MM_RS06875	assumed_protein_coding	NC_003901.1	-	ATG	1581243-1581308
unassigned_transcript_1413_1605262_1605366_105	overlap_dORF	unassigned_transcript_1413	assumed_protein_coding	MM_RS06955	MM_RS06955	assumed_protein_coding	NC_003901.1	-	ATG	1605262-1605366
unassigned_transcript_1413_1605262_1605351_90	overlap_dORF	unassigned_transcript_1413	assumed_protein_coding	MM_RS06955	MM_RS06955	assumed_protein_coding	NC_003901.1	-	ATG	1605262-1605351
unassigned_transcript_1413_1605262_1605345_84	overlap_dORF	unassigned_transcript_1413	assumed_protein_coding	MM_RS06955	MM_RS06955	assumed_protein_coding	NC_003901.1	-	ATG	1605262-1605345
unassigned_transcript_1420_1616873_1617052_180	overlap_dORF	unassigned_transcript_1420	assumed_protein_coding	MM_RS06990	MM_RS06990	assumed_protein_coding	NC_003901.1	+	ATG	1616873-1617052
unassigned_transcript_1420_1616891_1617052_162	overlap_dORF	unassigned_transcript_1420	assumed_protein_coding	MM_RS06990	MM_RS06990	assumed_protein_coding	NC_003901.1	+	ATG	1616891-1617052
unassigned_transcript_1420_1616939_1617052_114	overlap_dORF	unassigned_transcript_1420	assumed_protein_coding	MM_RS06990	MM_RS06990	assumed_protein_coding	NC_003901.1	+	ATG	1616939-1617052
unassigned_transcript_1420_1616945_1617052_108	overlap_dORF	unassigned_transcript_1420	assumed_protein_coding	MM_RS06990	MM_RS06990	assumed_protein_coding	NC_003901.1	+	ATG	1616945-1617052
unassigned_transcript_1425_1623060_1623119_60	overlap_dORF	unassigned_transcript_1425	assumed_protein_coding	MM_RS07020	MM_RS07020	assumed_protein_coding	NC_003901.1	-	ATG	1623060-1623119
unassigned_transcript_1435_1629597_1629656_60	overlap_dORF	unassigned_transcript_1435	assumed_protein_coding	MM_RS07070	MM_RS07070	assumed_protein_coding	NC_003901.1	+	ATG	1629597-1629656
unassigned_transcript_1439_1636040_1636195_156	overlap_dORF	unassigned_transcript_1439	assumed_protein_coding	MM_RS07090	MM_RS07090	assumed_protein_coding	NC_003901.1	-	ATG	1636040-1636195
unassigned_transcript_1440_1638514_1638588_75	overlap_dORF	unassigned_transcript_1440	assumed_protein_coding	MM_RS07095	MM_RS07095	assumed_protein_coding	NC_003901.1	-	ATG	1638514-1638588
unassigned_transcript_1441_1640024_1640227_204	overlap_dORF	unassigned_transcript_1441	assumed_protein_coding	MM_RS07100	MM_RS07100	assumed_protein_coding	NC_003901.1	+	ATG	1640024-1640227
unassigned_transcript_1442_1641335_1641451_117	overlap_uORF	unassigned_transcript_1442	assumed_protein_coding	MM_RS07105	MM_RS07105	assumed_protein_coding	NC_003901.1	-	ATG	1641335-1641451
unassigned_transcript_1445_1644412_1644570_159	overlap_dORF	unassigned_transcript_1445	assumed_protein_coding	MM_RS07120	MM_RS07120	assumed_protein_coding	NC_003901.1	+	ATG	1644412-1644570
unassigned_transcript_1445_1644475_1644570_96	overlap_dORF	unassigned_transcript_1445	assumed_protein_coding	MM_RS07120	MM_RS07120	assumed_protein_coding	NC_003901.1	+	ATG	1644475-1644570
unassigned_transcript_1464_1673961_1674032_72	overlap_dORF	unassigned_transcript_1464	assumed_protein_coding	MM_RS07210	MM_RS07210	assumed_protein_coding	NC_003901.1	-	ATG	1673961-1674032
unassigned_transcript_1464_1673961_1674023_63	overlap_dORF	unassigned_transcript_1464	assumed_protein_coding	MM_RS07210	MM_RS07210	assumed_protein_coding	NC_003901.1	-	ATG	1673961-1674023
unassigned_transcript_1470_1680846_1680926_81	overlap_uORF	unassigned_transcript_1470	assumed_protein_coding	MM_RS07235	MM_RS07235	assumed_protein_coding	NC_003901.1	-	ATG	1680846-1680926
unassigned_transcript_1472_1681947_1682030_84	overlap_dORF	unassigned_transcript_1472	assumed_protein_coding	MM_RS07245	MM_RS07245	assumed_protein_coding	NC_003901.1	-	ATG	1681947-1682030
unassigned_transcript_1472_1681947_1682021_75	overlap_dORF	unassigned_transcript_1472	assumed_protein_coding	MM_RS07245	MM_RS07245	assumed_protein_coding	NC_003901.1	-	ATG	1681947-1682021
unassigned_transcript_1472_1681947_1682009_63	overlap_dORF	unassigned_transcript_1472	assumed_protein_coding	MM_RS07245	MM_RS07245	assumed_protein_coding	NC_003901.1	-	ATG	1681947-1682009
unassigned_transcript_1476_1685018_1685128_111	overlap_uORF	unassigned_transcript_1476	assumed_protein_coding	MM_RS07265	MM_RS07265	assumed_protein_coding	NC_003901.1	+	ATG	1685018-1685128
unassigned_transcript_1509_1715294_1715398_105	overlap_dORF	unassigned_transcript_1509	assumed_protein_coding	MM_RS07410	MM_RS07410	assumed_protein_coding	NC_003901.1	-	ATG	1715294-1715398
unassigned_transcript_1510_1716970_1717038_69	overlap_uORF	unassigned_transcript_1510	assumed_protein_coding	MM_RS07415	MM_RS07415	assumed_protein_coding	NC_003901.1	-	ATG	1716970-1717038
unassigned_transcript_1511_1717273_1717338_66	overlap_dORF	unassigned_transcript_1511	assumed_protein_coding	MM_RS17790	MM_RS17790	assumed_protein_coding	NC_003901.1	-	ATG	1717273-1717338
unassigned_transcript_1514_1721728_1721838_111	overlap_uORF	unassigned_transcript_1514	assumed_protein_coding	MM_RS07440	MM_RS07440	assumed_protein_coding	NC_003901.1	+	ATG	1721728-1721838
unassigned_transcript_1514_1721717_1721779_63	overlap_uORF	unassigned_transcript_1514	assumed_protein_coding	MM_RS07440	MM_RS07440	assumed_protein_coding	NC_003901.1	+	ATG	1721717-1721779
unassigned_transcript_1522_1730762_1730845_84	overlap_uORF	unassigned_transcript_1522	assumed_protein_coding	MM_RS07480	MM_RS07480	assumed_protein_coding	NC_003901.1	+	ATG	1730762-1730845
unassigned_transcript_1533_1740106_1740180_75	overlap_dORF	unassigned_transcript_1533	assumed_protein_coding	MM_RS07540	MM_RS07540	assumed_protein_coding	NC_003901.1	+	ATG	1740106-1740180
unassigned_transcript_1533_1740041_1740166_126	overlap_dORF	unassigned_transcript_1533	assumed_protein_coding	MM_RS07540	MM_RS07540	assumed_protein_coding	NC_003901.1	+	ATG	1740041-1740166
unassigned_transcript_1544_1754216_1754404_189	overlap_dORF	unassigned_transcript_1544	assumed_protein_coding	MM_RS07600	MM_RS07600	assumed_protein_coding	NC_003901.1	-	ATG	1754216-1754404
unassigned_transcript_1544_1754216_1754401_186	overlap_dORF	unassigned_transcript_1544	assumed_protein_coding	MM_RS07600	MM_RS07600	assumed_protein_coding	NC_003901.1	-	ATG	1754216-1754401
unassigned_transcript_1549_1759109_1759177_69	overlap_dORF	unassigned_transcript_1549	assumed_protein_coding	MM_RS07625	MM_RS07625	assumed_protein_coding	NC_003901.1	-	ATG	1759109-1759177
unassigned_transcript_1559_1769262_1769354_93	overlap_dORF	unassigned_transcript_1559	assumed_protein_coding	MM_RS07665	MM_RS07665	assumed_protein_coding	NC_003901.1	+	ATG	1769262-1769354
unassigned_transcript_1561_1773678_1773779_102	overlap_uORF	unassigned_transcript_1561	assumed_protein_coding	MM_RS07675	MM_RS07675	assumed_protein_coding	NC_003901.1	-	ATG	1773678-1773779
unassigned_transcript_1561_1772691_1772777_87	overlap_dORF	unassigned_transcript_1561	assumed_protein_coding	MM_RS07675	MM_RS07675	assumed_protein_coding	NC_003901.1	-	ATG	1772691-1772777
unassigned_transcript_1564_1776515_1776583_69	overlap_dORF	unassigned_transcript_1564	assumed_protein_coding	MM_RS07690	MM_RS07690	assumed_protein_coding	NC_003901.1	-	ATG	1776515-1776583
unassigned_transcript_1566_1779190_1779255_66	overlap_uORF	unassigned_transcript_1566	assumed_protein_coding	MM_RS07700	MM_RS07700	assumed_protein_coding	NC_003901.1	+	ATG	1779190-1779255
unassigned_transcript_1582_1795548_1795748_201	overlap_uORF	unassigned_transcript_1582	assumed_protein_coding	MM_RS07780	MM_RS07780	assumed_protein_coding	NC_003901.1	-	ATG	1795548-1795748
unassigned_transcript_1595_1809750_1809884_135	overlap_dORF	unassigned_transcript_1595	assumed_protein_coding	MM_RS07840	MM_RS07840	assumed_protein_coding	NC_003901.1	-	ATG	1809750-1809884
unassigned_transcript_1595_1809750_1809821_72	overlap_dORF	unassigned_transcript_1595	assumed_protein_coding	MM_RS07840	MM_RS07840	assumed_protein_coding	NC_003901.1	-	ATG	1809750-1809821
unassigned_transcript_1599_1812776_1812844_69	overlap_uORF	unassigned_transcript_1599	assumed_protein_coding	MM_RS07860	MM_RS07860	assumed_protein_coding	NC_003901.1	+	ATG	1812776-1812844
unassigned_transcript_1599_1814006_1814143_138	overlap_dORF	unassigned_transcript_1599	assumed_protein_coding	MM_RS07860	MM_RS07860	assumed_protein_coding	NC_003901.1	+	ATG	1814006-1814143
unassigned_transcript_1602_1818036_1818095_60	overlap_uORF	unassigned_transcript_1602	assumed_protein_coding	MM_RS07875	MM_RS07875	assumed_protein_coding	NC_003901.1	-	ATG	1818036-1818095
unassigned_transcript_1610_1831086_1831187_102	overlap_uORF	unassigned_transcript_1610	assumed_protein_coding	MM_RS07910	MM_RS07910	assumed_protein_coding	NC_003901.1	-	ATG	1831086-1831187
unassigned_transcript_1619_1837783_1837905_123	overlap_dORF	unassigned_transcript_1619	assumed_protein_coding	MM_RS07950	MM_RS07950	assumed_protein_coding	NC_003901.1	-	ATG	1837783-1837905
unassigned_transcript_1619_1837783_1837896_114	overlap_dORF	unassigned_transcript_1619	assumed_protein_coding	MM_RS07950	MM_RS07950	assumed_protein_coding	NC_003901.1	-	ATG	1837783-1837896
unassigned_transcript_1619_1837783_1837890_108	overlap_dORF	unassigned_transcript_1619	assumed_protein_coding	MM_RS07950	MM_RS07950	assumed_protein_coding	NC_003901.1	-	ATG	1837783-1837890
unassigned_transcript_1619_1837783_1837869_87	overlap_dORF	unassigned_transcript_1619	assumed_protein_coding	MM_RS07950	MM_RS07950	assumed_protein_coding	NC_003901.1	-	ATG	1837783-1837869
unassigned_transcript_1625_1842408_1842563_156	overlap_uORF	unassigned_transcript_1625	assumed_protein_coding	MM_RS07975	MM_RS07975	assumed_protein_coding	NC_003901.1	-	ATG	1842408-1842563
unassigned_transcript_1628_1844900_1844986_87	overlap_uORF	unassigned_transcript_1628	assumed_protein_coding	MM_RS07990	MM_RS07990	assumed_protein_coding	NC_003901.1	-	ATG	1844900-1844986
unassigned_transcript_1630_1848539_1848604_66	overlap_uORF	unassigned_transcript_1630	assumed_protein_coding	MM_RS08000	MM_RS08000	assumed_protein_coding	NC_003901.1	-	ATG	1848539-1848604
unassigned_transcript_1634_1852450_1852563_114	overlap_uORF	unassigned_transcript_1634	assumed_protein_coding	MM_RS08015	MM_RS08015	assumed_protein_coding	NC_003901.1	-	ATG	1852450-1852563
unassigned_transcript_1636_1855852_1855947_96	overlap_dORF	unassigned_transcript_1636	assumed_protein_coding	MM_RS08025	MM_RS08025	assumed_protein_coding	NC_003901.1	+	ATG	1855852-1855947
unassigned_transcript_1646_1864314_1864496_183	overlap_dORF	unassigned_transcript_1646	assumed_protein_coding	MM_RS08075	MM_RS08075	assumed_protein_coding	NC_003901.1	+	ATG	1864314-1864496
unassigned_transcript_1646_1864353_1864496_144	overlap_dORF	unassigned_transcript_1646	assumed_protein_coding	MM_RS08075	MM_RS08075	assumed_protein_coding	NC_003901.1	+	ATG	1864353-1864496
unassigned_transcript_1653_1871138_1871245_108	overlap_uORF	unassigned_transcript_1653	assumed_protein_coding	MM_RS08110	MM_RS08110	assumed_protein_coding	NC_003901.1	-	ATG	1871138-1871245
unassigned_transcript_1653_1871138_1871242_105	overlap_uORF	unassigned_transcript_1653	assumed_protein_coding	MM_RS08110	MM_RS08110	assumed_protein_coding	NC_003901.1	-	ATG	1871138-1871242
unassigned_transcript_1659_1877651_1877731_81	overlap_dORF	unassigned_transcript_1659	assumed_protein_coding	MM_RS18375	MM_RS18375	assumed_protein_coding	NC_003901.1	-	ATG	1877651-1877731
unassigned_transcript_1659_1877737_1877865_129	overlap_uORF	unassigned_transcript_1659	assumed_protein_coding	MM_RS18375	MM_RS18375	assumed_protein_coding	NC_003901.1	-	ATG	1877737-1877865
unassigned_transcript_1668_1884219_1884374_156	overlap_dORF	unassigned_transcript_1668	assumed_protein_coding	MM_RS08180	MM_RS08180	assumed_protein_coding	NC_003901.1	-	ATG	1884219-1884374
unassigned_transcript_1678_1898241_1898354_114	overlap_dORF	unassigned_transcript_1678	assumed_protein_coding	MM_RS08230	MM_RS08230	assumed_protein_coding	NC_003901.1	+	ATG	1898241-1898354
unassigned_transcript_1680_1899168_1899248_81	overlap_dORF	unassigned_transcript_1680	assumed_protein_coding	MM_RS08240	MM_RS08240	assumed_protein_coding	NC_003901.1	-	ATG	1899168-1899248
unassigned_transcript_1681_1900159_1900260_102	overlap_uORF	unassigned_transcript_1681	assumed_protein_coding	MM_RS08245	MM_RS08245	assumed_protein_coding	NC_003901.1	+	ATG	1900159-1900260
unassigned_transcript_1682_1900857_1901018_162	overlap_uORF	unassigned_transcript_1682	assumed_protein_coding	MM_RS08250	MM_RS08250	assumed_protein_coding	NC_003901.1	+	ATG	1900857-1901018
unassigned_transcript_1683_1901836_1901931_96	overlap_dORF	unassigned_transcript_1683	assumed_protein_coding	MM_RS08255	MM_RS08255	assumed_protein_coding	NC_003901.1	+	ATG	1901836-1901931
unassigned_transcript_1694_1919264_1919467_204	overlap_dORF	unassigned_transcript_1694	assumed_protein_coding	MM_RS08320	MM_RS08320	assumed_protein_coding	NC_003901.1	-	ATG	1919264-1919467
unassigned_transcript_1695_1921536_1921715_180	overlap_uORF	unassigned_transcript_1695	assumed_protein_coding	MM_RS08325	MM_RS08325	assumed_protein_coding	NC_003901.1	-	ATG	1921536-1921715
unassigned_transcript_1696_1922498_1922560_63	overlap_uORF	unassigned_transcript_1696	assumed_protein_coding	MM_RS08330	MM_RS08330	assumed_protein_coding	NC_003901.1	-	ATG	1922498-1922560
unassigned_transcript_1696_1921799_1921906_108	overlap_dORF	unassigned_transcript_1696	assumed_protein_coding	MM_RS08330	MM_RS08330	assumed_protein_coding	NC_003901.1	-	ATG	1921799-1921906
unassigned_transcript_1699_1926178_1926240_63	overlap_dORF	unassigned_transcript_1699	assumed_protein_coding	MM_RS08345	MM_RS08345	assumed_protein_coding	NC_003901.1	+	ATG	1926178-1926240
unassigned_transcript_1703_1930050_1930130_81	overlap_dORF	unassigned_transcript_1703	assumed_protein_coding	MM_RS08365	MM_RS08365	assumed_protein_coding	NC_003901.1	-	ATG	1930050-1930130
unassigned_transcript_1715_1945333_1945521_189	overlap_dORF	unassigned_transcript_1715	assumed_protein_coding	MM_RS08435	MM_RS08435	assumed_protein_coding	NC_003901.1	+	ATG	1945333-1945521
unassigned_transcript_1715_1945336_1945521_186	overlap_dORF	unassigned_transcript_1715	assumed_protein_coding	MM_RS08435	MM_RS08435	assumed_protein_coding	NC_003901.1	+	ATG	1945336-1945521
unassigned_transcript_1715_1945378_1945521_144	overlap_dORF	unassigned_transcript_1715	assumed_protein_coding	MM_RS08435	MM_RS08435	assumed_protein_coding	NC_003901.1	+	ATG	1945378-1945521
unassigned_transcript_1715_1945381_1945521_141	overlap_dORF	unassigned_transcript_1715	assumed_protein_coding	MM_RS08435	MM_RS08435	assumed_protein_coding	NC_003901.1	+	ATG	1945381-1945521
unassigned_transcript_1715_1945405_1945521_117	overlap_dORF	unassigned_transcript_1715	assumed_protein_coding	MM_RS08435	MM_RS08435	assumed_protein_coding	NC_003901.1	+	ATG	1945405-1945521
unassigned_transcript_1715_1945432_1945521_90	overlap_dORF	unassigned_transcript_1715	assumed_protein_coding	MM_RS08435	MM_RS08435	assumed_protein_coding	NC_003901.1	+	ATG	1945432-1945521
unassigned_transcript_1716_1945712_1945828_117	overlap_uORF	unassigned_transcript_1716	assumed_protein_coding	MM_RS08440	MM_RS08440	assumed_protein_coding	NC_003901.1	+	ATG	1945712-1945828
unassigned_transcript_1717_1946975_1947055_81	overlap_dORF	unassigned_transcript_1717	assumed_protein_coding	MM_RS08445	MM_RS08445	assumed_protein_coding	NC_003901.1	+	ATG	1946975-1947055
unassigned_transcript_1719_1949187_1949294_108	overlap_dORF	unassigned_transcript_1719	assumed_protein_coding	MM_RS08460	MM_RS08460	assumed_protein_coding	NC_003901.1	+	ATG	1949187-1949294
unassigned_transcript_1720_1949490_1949582_93	overlap_dORF	unassigned_transcript_1720	assumed_protein_coding	MM_RS08465	MM_RS08465	assumed_protein_coding	NC_003901.1	+	ATG	1949490-1949582
unassigned_transcript_1721_1949657_1949722_66	overlap_uORF	unassigned_transcript_1721	assumed_protein_coding	MM_RS08470	MM_RS08470	assumed_protein_coding	NC_003901.1	+	ATG	1949657-1949722
unassigned_transcript_1725_1954405_1954521_117	overlap_uORF	unassigned_transcript_1725	assumed_protein_coding	MM_RS08490	MM_RS08490	assumed_protein_coding	NC_003901.1	+	ATG	1954405-1954521
unassigned_transcript_1735_1969929_1970027_99	overlap_dORF	unassigned_transcript_1735	assumed_protein_coding	MM_RS08545	MM_RS08545	assumed_protein_coding	NC_003901.1	+	ATG	1969929-1970027
unassigned_transcript_1737_1971658_1971717_60	overlap_dORF	unassigned_transcript_1737	assumed_protein_coding	MM_RS08555	MM_RS08555	assumed_protein_coding	NC_003901.1	+	ATG	1971658-1971717
unassigned_transcript_1743_1980043_1980105_63	overlap_uORF	unassigned_transcript_1743	assumed_protein_coding	MM_RS08585	MM_RS08585	assumed_protein_coding	NC_003901.1	+	ATG	1980043-1980105
unassigned_transcript_1744_1983301_1983552_252	overlap_dORF	unassigned_transcript_1744	assumed_protein_coding	MM_RS08590	MM_RS08590	assumed_protein_coding	NC_003901.1	+	ATG	1983301-1983552
unassigned_transcript_1744_1983382_1983552_171	overlap_dORF	unassigned_transcript_1744	assumed_protein_coding	MM_RS08590	MM_RS08590	assumed_protein_coding	NC_003901.1	+	ATG	1983382-1983552
unassigned_transcript_1744_1983490_1983552_63	overlap_dORF	unassigned_transcript_1744	assumed_protein_coding	MM_RS08590	MM_RS08590	assumed_protein_coding	NC_003901.1	+	ATG	1983490-1983552
unassigned_transcript_1755_2000099_2000176_78	overlap_dORF	unassigned_transcript_1755	assumed_protein_coding	MM_RS08645	MM_RS08645	assumed_protein_coding	NC_003901.1	-	ATG	2000099-2000176
unassigned_transcript_1755_2000099_2000170_72	overlap_dORF	unassigned_transcript_1755	assumed_protein_coding	MM_RS08645	MM_RS08645	assumed_protein_coding	NC_003901.1	-	ATG	2000099-2000170
unassigned_transcript_1755_2000062_2000142_81	overlap_dORF	unassigned_transcript_1755	assumed_protein_coding	MM_RS08645	MM_RS08645	assumed_protein_coding	NC_003901.1	-	ATG	2000062-2000142
unassigned_transcript_1759_2006922_2007059_138	overlap_dORF	unassigned_transcript_1759	assumed_protein_coding	MM_RS08665	MM_RS08665	assumed_protein_coding	NC_003901.1	-	ATG	2006922-2007059
unassigned_transcript_1773_2028589_2028672_84	overlap_uORF	unassigned_transcript_1773	assumed_protein_coding	MM_RS08745	MM_RS08745	assumed_protein_coding	NC_003901.1	+	ATG	2028589-2028672
unassigned_transcript_1778_2035094_2035201_108	overlap_uORF	unassigned_transcript_1778	assumed_protein_coding	MM_RS08780	MM_RS08780	assumed_protein_coding	NC_003901.1	+	ATG	2035094-2035201
unassigned_transcript_1779_2035385_2035516_132	overlap_uORF	unassigned_transcript_1779	assumed_protein_coding	MM_RS18880	MM_RS18880	assumed_protein_coding	NC_003901.1	+	ATG	2035385-2035516
unassigned_transcript_1799_2054233_2054316_84	overlap_uORF	unassigned_transcript_1799	assumed_protein_coding	MM_RS08880	MM_RS08880	assumed_protein_coding	NC_003901.1	+	ATG	2054233-2054316
unassigned_transcript_1804_2061329_2061493_165	overlap_dORF	unassigned_transcript_1804	assumed_protein_coding	MM_RS18395	MM_RS18395	assumed_protein_coding	NC_003901.1	+	ATG	2061329-2061493
unassigned_transcript_1804_2061407_2061493_87	overlap_dORF	unassigned_transcript_1804	assumed_protein_coding	MM_RS18395	MM_RS18395	assumed_protein_coding	NC_003901.1	+	ATG	2061407-2061493
unassigned_transcript_1814_2068940_2069044_105	overlap_uORF	unassigned_transcript_1814	assumed_protein_coding	MM_RS19180	MM_RS19180	assumed_protein_coding	NC_003901.1	+	ATG	2068940-2069044
unassigned_transcript_1823_2075692_2075805_114	overlap_uORF	unassigned_transcript_1823	assumed_protein_coding	MM_RS08995	MM_RS08995	assumed_protein_coding	NC_003901.1	+	ATG	2075692-2075805
unassigned_transcript_1825_2079623_2079703_81	overlap_dORF	unassigned_transcript_1825	assumed_protein_coding	MM_RS09010	MM_RS09010	assumed_protein_coding	NC_003901.1	+	ATG	2079623-2079703
unassigned_transcript_1843_2097966_2098043_78	overlap_dORF	unassigned_transcript_1843	assumed_protein_coding	MM_RS09095	MM_RS09095	assumed_protein_coding	NC_003901.1	+	ATG	2097966-2098043
unassigned_transcript_1847_2099492_2099635_144	overlap_dORF	unassigned_transcript_1847	assumed_protein_coding	MM_RS09115	MM_RS09115	assumed_protein_coding	NC_003901.1	+	ATG	2099492-2099635
unassigned_transcript_1847_2099516_2099635_120	overlap_dORF	unassigned_transcript_1847	assumed_protein_coding	MM_RS09115	MM_RS09115	assumed_protein_coding	NC_003901.1	+	ATG	2099516-2099635
unassigned_transcript_1847_2099543_2099635_93	overlap_dORF	unassigned_transcript_1847	assumed_protein_coding	MM_RS09115	MM_RS09115	assumed_protein_coding	NC_003901.1	+	ATG	2099543-2099635
unassigned_transcript_1850_2100028_2100174_147	overlap_uORF	unassigned_transcript_1850	assumed_protein_coding	MM_RS09130	MM_RS09130	assumed_protein_coding	NC_003901.1	+	ATG	2100028-2100174
unassigned_transcript_1851_2101503_2101682_180	overlap_dORF	unassigned_transcript_1851	assumed_protein_coding	MM_RS09135	MM_RS09135	assumed_protein_coding	NC_003901.1	+	ATG	2101503-2101682
unassigned_transcript_1851_2101524_2101682_159	overlap_dORF	unassigned_transcript_1851	assumed_protein_coding	MM_RS09135	MM_RS09135	assumed_protein_coding	NC_003901.1	+	ATG	2101524-2101682
unassigned_transcript_1860_2114443_2114508_66	overlap_uORF	unassigned_transcript_1860	assumed_protein_coding	MM_RS09180	MM_RS09180	assumed_protein_coding	NC_003901.1	-	ATG	2114443-2114508
unassigned_transcript_1862_2116682_2116795_114	overlap_dORF	unassigned_transcript_1862	assumed_protein_coding	MM_RS09190	MM_RS09190	assumed_protein_coding	NC_003901.1	+	ATG	2116682-2116795
unassigned_transcript_1870_2123895_2123975_81	overlap_dORF	unassigned_transcript_1870	assumed_protein_coding	MM_RS09230	MM_RS09230	assumed_protein_coding	NC_003901.1	-	ATG	2123895-2123975
unassigned_transcript_1872_2125720_2125857_138	overlap_dORF	unassigned_transcript_1872	assumed_protein_coding	MM_RS09240	MM_RS09240	assumed_protein_coding	NC_003901.1	-	ATG	2125720-2125857
unassigned_transcript_1881_2138372_2138437_66	overlap_uORF	unassigned_transcript_1881	assumed_protein_coding	MM_RS09290	MM_RS09290	assumed_protein_coding	NC_003901.1	+	ATG	2138372-2138437
unassigned_transcript_1887_2145586_2145726_141	overlap_uORF	unassigned_transcript_1887	assumed_protein_coding	MM_RS09320	MM_RS09320	assumed_protein_coding	NC_003901.1	-	ATG	2145586-2145726
unassigned_transcript_1888_2146174_2146257_84	overlap_dORF	unassigned_transcript_1888	assumed_protein_coding	MM_RS09325	MM_RS09325	assumed_protein_coding	NC_003901.1	+	ATG	2146174-2146257
unassigned_transcript_1888_2146189_2146257_69	overlap_dORF	unassigned_transcript_1888	assumed_protein_coding	MM_RS09325	MM_RS09325	assumed_protein_coding	NC_003901.1	+	ATG	2146189-2146257
unassigned_transcript_1888_2146192_2146257_66	overlap_dORF	unassigned_transcript_1888	assumed_protein_coding	MM_RS09325	MM_RS09325	assumed_protein_coding	NC_003901.1	+	ATG	2146192-2146257
unassigned_transcript_1890_2148965_2149147_183	overlap_dORF	unassigned_transcript_1890	assumed_protein_coding	MM_RS09335	MM_RS09335	assumed_protein_coding	NC_003901.1	+	ATG	2148965-2149147
unassigned_transcript_1890_2149046_2149147_102	overlap_dORF	unassigned_transcript_1890	assumed_protein_coding	MM_RS09335	MM_RS09335	assumed_protein_coding	NC_003901.1	+	ATG	2149046-2149147
unassigned_transcript_1893_2151020_2151223_204	overlap_uORF	unassigned_transcript_1893	assumed_protein_coding	MM_RS09350	MM_RS09350	assumed_protein_coding	NC_003901.1	+	ATG	2151020-2151223
unassigned_transcript_1900_2157328_2157420_93	overlap_uORF	unassigned_transcript_1900	assumed_protein_coding	MM_RS17840	MM_RS17840	assumed_protein_coding	NC_003901.1	-	ATG	2157328-2157420
unassigned_transcript_1902_2158225_2158395_171	overlap_dORF	unassigned_transcript_1902	assumed_protein_coding	MM_RS09390	MM_RS09390	assumed_protein_coding	NC_003901.1	-	ATG	2158225-2158395
unassigned_transcript_1903_2158452_2158514_63	overlap_dORF	unassigned_transcript_1903	assumed_protein_coding	MM_RS09395	MM_RS09395	assumed_protein_coding	NC_003901.1	-	ATG	2158452-2158514
unassigned_transcript_1907_2162546_2162644_99	overlap_uORF	unassigned_transcript_1907	assumed_protein_coding	MM_RS09415	MM_RS09415	assumed_protein_coding	NC_003901.1	+	ATG	2162546-2162644
unassigned_transcript_1925_2185223_2185309_87	overlap_uORF	unassigned_transcript_1925	assumed_protein_coding	MM_RS09510	MM_RS09510	assumed_protein_coding	NC_003901.1	-	ATG	2185223-2185309
unassigned_transcript_1940_2201434_2201505_72	novel	unassigned_transcript_1940	RNase_P_RNA	MM_RS17625	MM_RS17625	RNase_P_RNA	NC_003901.1	-	ATG	2201434-2201505
unassigned_transcript_1940_2201255_2201413_159	novel	unassigned_transcript_1940	RNase_P_RNA	MM_RS17625	MM_RS17625	RNase_P_RNA	NC_003901.1	-	ATG	2201255-2201413
unassigned_transcript_1940_2201255_2201320_66	novel	unassigned_transcript_1940	RNase_P_RNA	MM_RS17625	MM_RS17625	RNase_P_RNA	NC_003901.1	-	ATG	2201255-2201320
unassigned_transcript_1944_2204847_2204909_63	overlap_uORF	unassigned_transcript_1944	assumed_protein_coding	MM_RS09605	MM_RS09605	assumed_protein_coding	NC_003901.1	+	ATG	2204847-2204909
unassigned_transcript_1951_2213764_2213883_120	overlap_dORF	unassigned_transcript_1951	assumed_protein_coding	MM_RS09640	MM_RS09640	assumed_protein_coding	NC_003901.1	+	ATG	2213764-2213883
unassigned_transcript_1957_2219088_2219162_75	overlap_uORF	unassigned_transcript_1957	assumed_protein_coding	MM_RS09675	MM_RS09675	assumed_protein_coding	NC_003901.1	-	ATG	2219088-2219162
unassigned_transcript_1957_2219088_2219156_69	overlap_uORF	unassigned_transcript_1957	assumed_protein_coding	MM_RS09675	MM_RS09675	assumed_protein_coding	NC_003901.1	-	ATG	2219088-2219156
unassigned_transcript_1973_2237432_2237530_99	overlap_dORF	unassigned_transcript_1973	assumed_protein_coding	MM_RS09760	MM_RS09760	assumed_protein_coding	NC_003901.1	+	ATG	2237432-2237530
unassigned_transcript_1973_2237438_2237530_93	overlap_dORF	unassigned_transcript_1973	assumed_protein_coding	MM_RS09760	MM_RS09760	assumed_protein_coding	NC_003901.1	+	ATG	2237438-2237530
unassigned_transcript_1977_2241957_2242016_60	overlap_dORF	unassigned_transcript_1977	assumed_protein_coding	MM_RS09780	MM_RS09780	assumed_protein_coding	NC_003901.1	+	ATG	2241957-2242016
unassigned_transcript_1992_2261145_2261423_279	overlap_dORF	unassigned_transcript_1992	assumed_protein_coding	MM_RS09865	MM_RS09865	assumed_protein_coding	NC_003901.1	+	ATG	2261145-2261423
unassigned_transcript_1993_2261590_2261721_132	overlap_dORF	unassigned_transcript_1993	assumed_protein_coding	MM_RS09870	MM_RS09870	assumed_protein_coding	NC_003901.1	-	ATG	2261590-2261721
unassigned_transcript_1996_2263714_2263776_63	overlap_dORF	unassigned_transcript_1996	assumed_protein_coding	MM_RS18415	MM_RS18415	assumed_protein_coding	NC_003901.1	-	ATG	2263714-2263776
unassigned_transcript_2001_2268815_2268889_75	overlap_dORF	unassigned_transcript_2001	assumed_protein_coding	MM_RS09905	MM_RS09905	assumed_protein_coding	NC_003901.1	+	ATG	2268815-2268889
unassigned_transcript_2004_2271708_2271767_60	overlap_dORF	unassigned_transcript_2004	assumed_protein_coding	MM_RS09920	MM_RS09920	assumed_protein_coding	NC_003901.1	+	ATG	2271708-2271767
unassigned_transcript_2005_2272731_2272844_114	overlap_dORF	unassigned_transcript_2005	assumed_protein_coding	MM_RS09925	MM_RS09925	assumed_protein_coding	NC_003901.1	+	ATG	2272731-2272844
unassigned_transcript_2005_2272767_2272844_78	overlap_dORF	unassigned_transcript_2005	assumed_protein_coding	MM_RS09925	MM_RS09925	assumed_protein_coding	NC_003901.1	+	ATG	2272767-2272844
unassigned_transcript_2005_2272776_2272844_69	overlap_dORF	unassigned_transcript_2005	assumed_protein_coding	MM_RS09925	MM_RS09925	assumed_protein_coding	NC_003901.1	+	ATG	2272776-2272844
unassigned_transcript_2006_2273183_2273344_162	overlap_uORF	unassigned_transcript_2006	assumed_protein_coding	MM_RS09930	MM_RS09930	assumed_protein_coding	NC_003901.1	+	ATG	2273183-2273344
unassigned_transcript_2006_2273936_2274067_132	overlap_dORF	unassigned_transcript_2006	assumed_protein_coding	MM_RS09930	MM_RS09930	assumed_protein_coding	NC_003901.1	+	ATG	2273936-2274067
unassigned_transcript_2014_2286053_2286310_258	overlap_dORF	unassigned_transcript_2014	assumed_protein_coding	MM_RS09965	MM_RS09965	assumed_protein_coding	NC_003901.1	-	ATG	2286053-2286310
unassigned_transcript_2014_2286053_2286283_231	overlap_dORF	unassigned_transcript_2014	assumed_protein_coding	MM_RS09965	MM_RS09965	assumed_protein_coding	NC_003901.1	-	ATG	2286053-2286283
unassigned_transcript_2020_2289255_2289356_102	overlap_dORF	unassigned_transcript_2020	assumed_protein_coding	MM_RS18420	MM_RS18420	assumed_protein_coding	NC_003901.1	-	ATG	2289255-2289356
unassigned_transcript_2028_2302086_2302199_114	overlap_uORF	unassigned_transcript_2028	assumed_protein_coding	MM_RS10030	MM_RS10030	assumed_protein_coding	NC_003901.1	-	ATG	2302086-2302199
unassigned_transcript_2036_2309588_2309650_63	overlap_uORF	unassigned_transcript_2036	assumed_protein_coding	MM_RS10070	MM_RS10070	assumed_protein_coding	NC_003901.1	+	ATG	2309588-2309650
unassigned_transcript_2037_2311310_2311369_60	overlap_dORF	unassigned_transcript_2037	assumed_protein_coding	MM_RS10075	MM_RS10075	assumed_protein_coding	NC_003901.1	+	ATG	2311310-2311369
unassigned_transcript_2041_2313985_2314161_177	overlap_dORF	unassigned_transcript_2041	assumed_protein_coding	MM_RS10095	MM_RS10095	assumed_protein_coding	NC_003901.1	-	ATG	2313985-2314161
unassigned_transcript_2041_2313985_2314143_159	overlap_dORF	unassigned_transcript_2041	assumed_protein_coding	MM_RS10095	MM_RS10095	assumed_protein_coding	NC_003901.1	-	ATG	2313985-2314143
unassigned_transcript_2041_2313985_2314107_123	overlap_dORF	unassigned_transcript_2041	assumed_protein_coding	MM_RS10095	MM_RS10095	assumed_protein_coding	NC_003901.1	-	ATG	2313985-2314107
unassigned_transcript_2045_2321508_2321639_132	overlap_dORF	unassigned_transcript_2045	assumed_protein_coding	MM_RS10115	MM_RS10115	assumed_protein_coding	NC_003901.1	+	ATG	2321508-2321639
unassigned_transcript_2045_2321532_2321639_108	overlap_dORF	unassigned_transcript_2045	assumed_protein_coding	MM_RS10115	MM_RS10115	assumed_protein_coding	NC_003901.1	+	ATG	2321532-2321639
unassigned_transcript_2046_2322119_2322202_84	overlap_dORF	unassigned_transcript_2046	assumed_protein_coding	MM_RS10120	MM_RS10120	assumed_protein_coding	NC_003901.1	-	ATG	2322119-2322202
unassigned_transcript_2050_2326833_2326892_60	overlap_uORF	unassigned_transcript_2050	assumed_protein_coding	MM_RS10140	MM_RS10140	assumed_protein_coding	NC_003901.1	-	ATG	2326833-2326892
unassigned_transcript_2051_2326833_2326892_60	overlap_dORF	unassigned_transcript_2051	assumed_protein_coding	MM_RS10145	MM_RS10145	assumed_protein_coding	NC_003901.1	-	ATG	2326833-2326892
unassigned_transcript_2061_2337033_2337095_63	overlap_uORF	unassigned_transcript_2061	assumed_protein_coding	MM_RS10195	MM_RS10195	assumed_protein_coding	NC_003901.1	+	ATG	2337033-2337095
unassigned_transcript_2069_2349753_2349845_93	overlap_dORF	unassigned_transcript_2069	assumed_protein_coding	MM_RS10235	MM_RS10235	assumed_protein_coding	NC_003901.1	+	ATG	2349753-2349845
unassigned_transcript_2074_2355068_2355142_75	overlap_uORF	unassigned_transcript_2074	assumed_protein_coding	MM_RS10260	MM_RS10260	assumed_protein_coding	NC_003901.1	-	ATG	2355068-2355142
unassigned_transcript_2087_2370970_2371056_87	overlap_dORF	unassigned_transcript_2087	assumed_protein_coding	MM_RS10335	MM_RS10335	assumed_protein_coding	NC_003901.1	-	ATG	2370970-2371056
unassigned_transcript_2088_2372420_2372491_72	overlap_uORF	unassigned_transcript_2088	assumed_protein_coding	MM_RS10340	MM_RS10340	assumed_protein_coding	NC_003901.1	-	ATG	2372420-2372491
unassigned_transcript_2089_2372420_2372491_72	overlap_dORF	unassigned_transcript_2089	assumed_protein_coding	MM_RS10345	MM_RS10345	assumed_protein_coding	NC_003901.1	-	ATG	2372420-2372491
unassigned_transcript_2095_2384584_2384679_96	overlap_uORF	unassigned_transcript_2095	assumed_protein_coding	MM_RS10375	MM_RS10375	assumed_protein_coding	NC_003901.1	-	ATG	2384584-2384679
unassigned_transcript_2098_2388962_2389147_186	overlap_uORF	unassigned_transcript_2098	assumed_protein_coding	MM_RS10390	MM_RS10390	assumed_protein_coding	NC_003901.1	+	ATG	2388962-2389147
unassigned_transcript_2104_2397984_2398154_171	overlap_dORF	unassigned_transcript_2104	assumed_protein_coding	MM_RS10420	MM_RS10420	assumed_protein_coding	NC_003901.1	+	ATG	2397984-2398154
unassigned_transcript_2104_2398047_2398154_108	overlap_dORF	unassigned_transcript_2104	assumed_protein_coding	MM_RS10420	MM_RS10420	assumed_protein_coding	NC_003901.1	+	ATG	2398047-2398154
unassigned_transcript_2107_2399641_2399859_219	overlap_uORF	unassigned_transcript_2107	assumed_protein_coding	MM_RS10435	MM_RS10435	assumed_protein_coding	NC_003901.1	-	ATG	2399641-2399859
unassigned_transcript_2108_2400869_2401120_252	novel	unassigned_transcript_2108	rRNA	MM_RS10440	MM_RS10440	rRNA	NC_003901.1	+	ATG	2400869-2401120
unassigned_transcript_2108_2401448_2401537_90	novel	unassigned_transcript_2108	rRNA	MM_RS10440	MM_RS10440	rRNA	NC_003901.1	+	ATG	2401448-2401537
unassigned_transcript_2108_2401760_2401912_153	novel	unassigned_transcript_2108	rRNA	MM_RS10440	MM_RS10440	rRNA	NC_003901.1	+	ATG	2401760-2401912
unassigned_transcript_2108_2401775_2401912_138	novel	unassigned_transcript_2108	rRNA	MM_RS10440	MM_RS10440	rRNA	NC_003901.1	+	ATG	2401775-2401912
unassigned_transcript_2108_2401799_2401912_114	novel	unassigned_transcript_2108	rRNA	MM_RS10440	MM_RS10440	rRNA	NC_003901.1	+	ATG	2401799-2401912
unassigned_transcript_2108_2400999_2401106_108	novel	unassigned_transcript_2108	rRNA	MM_RS10440	MM_RS10440	rRNA	NC_003901.1	+	ATG	2400999-2401106
unassigned_transcript_2108_2401044_2401106_63	novel	unassigned_transcript_2108	rRNA	MM_RS10440	MM_RS10440	rRNA	NC_003901.1	+	ATG	2401044-2401106
unassigned_transcript_2108_2401839_2401964_126	novel	unassigned_transcript_2108	rRNA	MM_RS10440	MM_RS10440	rRNA	NC_003901.1	+	ATG	2401839-2401964
unassigned_transcript_2108_2401878_2401964_87	novel	unassigned_transcript_2108	rRNA	MM_RS10440	MM_RS10440	rRNA	NC_003901.1	+	ATG	2401878-2401964
unassigned_transcript_2108_2402061_2402123_63	novel	unassigned_transcript_2108	rRNA	MM_RS10440	MM_RS10440	rRNA	NC_003901.1	+	ATG	2402061-2402123
unassigned_transcript_2108_2401087_2401158_72	novel	unassigned_transcript_2108	rRNA	MM_RS10440	MM_RS10440	rRNA	NC_003901.1	+	ATG	2401087-2401158
unassigned_transcript_2108_2401468_2401590_123	novel	unassigned_transcript_2108	rRNA	MM_RS10440	MM_RS10440	rRNA	NC_003901.1	+	ATG	2401468-2401590
unassigned_transcript_2109_2403073_2403147_75	novel	unassigned_transcript_2109	rRNA	MM_RS10445	MM_RS10445	rRNA	NC_003901.1	+	ATG	2403073-2403147
unassigned_transcript_2109_2403793_2403933_141	novel	unassigned_transcript_2109	rRNA	MM_RS10445	MM_RS10445	rRNA	NC_003901.1	+	ATG	2403793-2403933
unassigned_transcript_2109_2404510_2404707_198	novel	unassigned_transcript_2109	rRNA	MM_RS10445	MM_RS10445	rRNA	NC_003901.1	+	ATG	2404510-2404707
unassigned_transcript_2109_2404552_2404707_156	novel	unassigned_transcript_2109	rRNA	MM_RS10445	MM_RS10445	rRNA	NC_003901.1	+	ATG	2404552-2404707
unassigned_transcript_2109_2402636_2402701_66	novel	unassigned_transcript_2109	rRNA	MM_RS10445	MM_RS10445	rRNA	NC_003901.1	+	ATG	2402636-2402701
unassigned_transcript_2109_2403290_2403403_114	novel	unassigned_transcript_2109	rRNA	MM_RS10445	MM_RS10445	rRNA	NC_003901.1	+	ATG	2403290-2403403
unassigned_transcript_2109_2403962_2404138_177	novel	unassigned_transcript_2109	rRNA	MM_RS10445	MM_RS10445	rRNA	NC_003901.1	+	ATG	2403962-2404138
unassigned_transcript_2109_2404895_2404954_60	novel	unassigned_transcript_2109	rRNA	MM_RS10445	MM_RS10445	rRNA	NC_003901.1	+	ATG	2404895-2404954
unassigned_transcript_2109_2402745_2402807_63	novel	unassigned_transcript_2109	rRNA	MM_RS10445	MM_RS10445	rRNA	NC_003901.1	+	ATG	2402745-2402807
unassigned_transcript_2109_2402937_2403092_156	novel	unassigned_transcript_2109	rRNA	MM_RS10445	MM_RS10445	rRNA	NC_003901.1	+	ATG	2402937-2403092
unassigned_transcript_2109_2403027_2403092_66	novel	unassigned_transcript_2109	rRNA	MM_RS10445	MM_RS10445	rRNA	NC_003901.1	+	ATG	2403027-2403092
unassigned_transcript_2109_2403033_2403092_60	novel	unassigned_transcript_2109	rRNA	MM_RS10445	MM_RS10445	rRNA	NC_003901.1	+	ATG	2403033-2403092
unassigned_transcript_2109_2405139_2405204_66	novel	unassigned_transcript_2109	rRNA	MM_RS10445	MM_RS10445	rRNA	NC_003901.1	+	ATG	2405139-2405204
unassigned_transcript_2111_2406234_2406314_81	overlap_dORF	unassigned_transcript_2111	assumed_protein_coding	MM_RS10455	MM_RS10455	assumed_protein_coding	NC_003901.1	-	ATG	2406234-2406314
unassigned_transcript_2112_2406968_2407054_87	overlap_uORF	unassigned_transcript_2112	assumed_protein_coding	MM_RS10460	MM_RS10460	assumed_protein_coding	NC_003901.1	-	ATG	2406968-2407054
unassigned_transcript_2113_2407312_2407371_60	overlap_dORF	unassigned_transcript_2113	assumed_protein_coding	MM_RS10465	MM_RS10465	assumed_protein_coding	NC_003901.1	-	ATG	2407312-2407371
unassigned_transcript_2117_2414136_2414252_117	overlap_dORF	unassigned_transcript_2117	assumed_protein_coding	MM_RS10485	MM_RS10485	assumed_protein_coding	NC_003901.1	+	ATG	2414136-2414252
unassigned_transcript_2138_2439079_2439144_66	overlap_dORF	unassigned_transcript_2138	assumed_protein_coding	MM_RS10590	MM_RS10590	assumed_protein_coding	NC_003901.1	-	ATG	2439079-2439144
unassigned_transcript_2142_2442284_2442364_81	overlap_uORF	unassigned_transcript_2142	assumed_protein_coding	MM_RS10605	MM_RS10605	assumed_protein_coding	NC_003901.1	-	ATG	2442284-2442364
unassigned_transcript_2145_2444155_2444235_81	overlap_dORF	unassigned_transcript_2145	assumed_protein_coding	MM_RS10625	MM_RS10625	assumed_protein_coding	NC_003901.1	-	ATG	2444155-2444235
unassigned_transcript_2147_2448263_2448355_93	overlap_uORF	unassigned_transcript_2147	assumed_protein_coding	MM_RS10640	MM_RS10640	assumed_protein_coding	NC_003901.1	-	ATG	2448263-2448355
unassigned_transcript_2163_2462654_2462770_117	overlap_dORF	unassigned_transcript_2163	assumed_protein_coding	MM_RS10720	MM_RS10720	assumed_protein_coding	NC_003901.1	-	ATG	2462654-2462770
unassigned_transcript_2175_2479954_2480037_84	overlap_dORF	unassigned_transcript_2175	assumed_protein_coding	MM_RS10780	MM_RS10780	assumed_protein_coding	NC_003901.1	+	ATG	2479954-2480037
unassigned_transcript_2181_2485374_2485550_177	overlap_dORF	unassigned_transcript_2181	assumed_protein_coding	MM_RS10810	MM_RS10810	assumed_protein_coding	NC_003901.1	-	ATG	2485374-2485550
unassigned_transcript_2186_2495277_2495393_117	overlap_dORF	unassigned_transcript_2186	assumed_protein_coding	MM_RS19590	MM_RS19590	assumed_protein_coding	NC_003901.1	+	ATG	2495277-2495393
unassigned_transcript_2186_2495304_2495393_90	overlap_dORF	unassigned_transcript_2186	assumed_protein_coding	MM_RS19590	MM_RS19590	assumed_protein_coding	NC_003901.1	+	ATG	2495304-2495393
unassigned_transcript_2209_2524692_2524823_132	overlap_dORF	unassigned_transcript_2209	assumed_protein_coding	MM_RS10950	MM_RS10950	assumed_protein_coding	NC_003901.1	-	ATG	2524692-2524823
unassigned_transcript_2210_2525914_2526003_90	overlap_uORF	unassigned_transcript_2210	assumed_protein_coding	MM_RS10955	MM_RS10955	assumed_protein_coding	NC_003901.1	+	ATG	2525914-2526003
unassigned_transcript_2216_2534006_2534074_69	overlap_uORF	unassigned_transcript_2216	assumed_protein_coding	MM_RS18890	MM_RS18890	assumed_protein_coding	NC_003901.1	+	ATG	2534006-2534074
unassigned_transcript_2223_2540191_2540307_117	overlap_dORF	unassigned_transcript_2223	assumed_protein_coding	MM_RS11005	MM_RS11005	assumed_protein_coding	NC_003901.1	+	ATG	2540191-2540307
unassigned_transcript_2228_2543013_2543111_99	overlap_dORF	unassigned_transcript_2228	assumed_protein_coding	MM_RS11030	MM_RS11030	assumed_protein_coding	NC_003901.1	+	ATG	2543013-2543111
unassigned_transcript_2228_2543022_2543111_90	overlap_dORF	unassigned_transcript_2228	assumed_protein_coding	MM_RS11030	MM_RS11030	assumed_protein_coding	NC_003901.1	+	ATG	2543022-2543111
unassigned_transcript_2229_2543022_2543111_90	overlap_uORF	unassigned_transcript_2229	assumed_protein_coding	MM_RS11035	MM_RS11035	assumed_protein_coding	NC_003901.1	+	ATG	2543022-2543111
unassigned_transcript_2237_2546413_2546484_72	overlap_dORF	unassigned_transcript_2237	assumed_protein_coding	MM_RS11075	MM_RS11075	assumed_protein_coding	NC_003901.1	+	ATG	2546413-2546484
unassigned_transcript_2244_2549765_2549986_222	overlap_dORF	unassigned_transcript_2244	assumed_protein_coding	MM_RS11110	MM_RS11110	assumed_protein_coding	NC_003901.1	+	ATG	2549765-2549986
unassigned_transcript_2244_2549828_2549986_159	overlap_dORF	unassigned_transcript_2244	assumed_protein_coding	MM_RS11110	MM_RS11110	assumed_protein_coding	NC_003901.1	+	ATG	2549828-2549986
unassigned_transcript_2248_2553700_2553765_66	overlap_dORF	unassigned_transcript_2248	assumed_protein_coding	MM_RS11130	MM_RS11130	assumed_protein_coding	NC_003901.1	+	ATG	2553700-2553765
unassigned_transcript_2254_2557834_2557917_84	overlap_uORF	unassigned_transcript_2254	assumed_protein_coding	MM_RS11160	MM_RS11160	assumed_protein_coding	NC_003901.1	+	ATG	2557834-2557917
unassigned_transcript_2257_2559454_2559564_111	overlap_uORF	unassigned_transcript_2257	assumed_protein_coding	MM_RS11175	MM_RS11175	assumed_protein_coding	NC_003901.1	+	ATG	2559454-2559564
unassigned_transcript_2263_2565557_2565832_276	overlap_uORF	unassigned_transcript_2263	assumed_protein_coding	MM_RS11205	MM_RS11205	assumed_protein_coding	NC_003901.1	-	ATG	2565557-2565832
unassigned_transcript_2264_2566258_2566332_75	overlap_dORF	unassigned_transcript_2264	assumed_protein_coding	MM_RS11210	MM_RS11210	assumed_protein_coding	NC_003901.1	-	ATG	2566258-2566332
unassigned_transcript_2265_2567168_2567287_120	overlap_dORF	unassigned_transcript_2265	assumed_protein_coding	MM_RS11215	MM_RS11215	assumed_protein_coding	NC_003901.1	-	ATG	2567168-2567287
unassigned_transcript_2265_2567168_2567278_111	overlap_dORF	unassigned_transcript_2265	assumed_protein_coding	MM_RS11215	MM_RS11215	assumed_protein_coding	NC_003901.1	-	ATG	2567168-2567278
unassigned_transcript_2268_2570310_2570465_156	overlap_uORF	unassigned_transcript_2268	assumed_protein_coding	MM_RS11235	MM_RS11235	assumed_protein_coding	NC_003901.1	+	ATG	2570310-2570465
unassigned_transcript_2270_2574245_2574334_90	overlap_dORF	unassigned_transcript_2270	assumed_protein_coding	MM_RS11245	MM_RS11245	assumed_protein_coding	NC_003901.1	+	ATG	2574245-2574334
unassigned_transcript_2275_2579069_2579134_66	overlap_dORF	unassigned_transcript_2275	assumed_protein_coding	MM_RS11270	MM_RS11270	assumed_protein_coding	NC_003901.1	+	ATG	2579069-2579134
unassigned_transcript_2276_2579069_2579134_66	overlap_uORF	unassigned_transcript_2276	assumed_protein_coding	MM_RS11275	MM_RS11275	assumed_protein_coding	NC_003901.1	+	ATG	2579069-2579134
unassigned_transcript_2277_2580897_2581013_117	overlap_uORF	unassigned_transcript_2277	assumed_protein_coding	MM_RS11280	MM_RS11280	assumed_protein_coding	NC_003901.1	+	ATG	2580897-2581013
unassigned_transcript_2280_2585076_2585153_78	overlap_uORF	unassigned_transcript_2280	assumed_protein_coding	MM_RS11290	MM_RS11290	assumed_protein_coding	NC_003901.1	+	ATG	2585076-2585153
unassigned_transcript_2281_2585706_2585855_150	overlap_dORF	unassigned_transcript_2281	assumed_protein_coding	MM_RS11295	MM_RS11295	assumed_protein_coding	NC_003901.1	-	ATG	2585706-2585855
unassigned_transcript_2285_2590497_2590568_72	overlap_uORF	unassigned_transcript_2285	assumed_protein_coding	MM_RS11315	MM_RS11315	assumed_protein_coding	NC_003901.1	-	ATG	2590497-2590568
unassigned_transcript_2289_2596364_2596444_81	overlap_uORF	unassigned_transcript_2289	assumed_protein_coding	MM_RS11335	MM_RS11335	assumed_protein_coding	NC_003901.1	+	ATG	2596364-2596444
unassigned_transcript_2295_2606852_2606947_96	overlap_dORF	unassigned_transcript_2295	assumed_protein_coding	MM_RS11370	MM_RS11370	assumed_protein_coding	NC_003901.1	+	ATG	2606852-2606947
unassigned_transcript_2313_2631956_2632072_117	overlap_dORF	unassigned_transcript_2313	assumed_protein_coding	MM_RS11455	MM_RS11455	assumed_protein_coding	NC_003901.1	+	ATG	2631956-2632072
unassigned_transcript_2313_2631992_2632072_81	overlap_dORF	unassigned_transcript_2313	assumed_protein_coding	MM_RS11455	MM_RS11455	assumed_protein_coding	NC_003901.1	+	ATG	2631992-2632072
unassigned_transcript_2313_2631995_2632072_78	overlap_dORF	unassigned_transcript_2313	assumed_protein_coding	MM_RS11455	MM_RS11455	assumed_protein_coding	NC_003901.1	+	ATG	2631995-2632072
unassigned_transcript_2320_2643349_2643426_78	overlap_dORF	unassigned_transcript_2320	assumed_protein_coding	MM_RS11490	MM_RS11490	assumed_protein_coding	NC_003901.1	-	ATG	2643349-2643426
unassigned_transcript_2322_2645872_2645964_93	overlap_dORF	unassigned_transcript_2322	assumed_protein_coding	MM_RS11500	MM_RS11500	assumed_protein_coding	NC_003901.1	-	ATG	2645872-2645964
unassigned_transcript_2327_2651415_2651534_120	overlap_dORF	unassigned_transcript_2327	assumed_protein_coding	MM_RS18895	MM_RS18895	assumed_protein_coding	NC_003901.1	-	ATG	2651415-2651534
unassigned_transcript_2329_2654072_2654242_171	overlap_dORF	unassigned_transcript_2329	assumed_protein_coding	MM_RS19200	MM_RS19200	assumed_protein_coding	NC_003901.1	+	ATG	2654072-2654242
unassigned_transcript_2330_2654318_2654380_63	overlap_dORF	unassigned_transcript_2330	assumed_protein_coding	MM_RS11535	MM_RS11535	assumed_protein_coding	NC_003901.1	-	ATG	2654318-2654380
unassigned_transcript_2335_2659155_2659298_144	overlap_dORF	unassigned_transcript_2335	assumed_protein_coding	MM_RS11560	MM_RS11560	assumed_protein_coding	NC_003901.1	-	ATG	2659155-2659298
unassigned_transcript_2339_2664862_2665017_156	overlap_uORF	unassigned_transcript_2339	assumed_protein_coding	MM_RS11580	MM_RS11580	assumed_protein_coding	NC_003901.1	+	ATG	2664862-2665017
unassigned_transcript_2340_2666968_2667078_111	overlap_dORF	unassigned_transcript_2340	assumed_protein_coding	MM_RS18480	MM_RS18480	assumed_protein_coding	NC_003901.1	+	ATG	2666968-2667078
unassigned_transcript_2340_2666971_2667078_108	overlap_dORF	unassigned_transcript_2340	assumed_protein_coding	MM_RS18480	MM_RS18480	assumed_protein_coding	NC_003901.1	+	ATG	2666971-2667078
unassigned_transcript_2340_2667026_2667088_63	overlap_dORF	unassigned_transcript_2340	assumed_protein_coding	MM_RS18480	MM_RS18480	assumed_protein_coding	NC_003901.1	+	ATG	2667026-2667088
unassigned_transcript_2341_2667408_2667533_126	overlap_dORF	unassigned_transcript_2341	assumed_protein_coding	MM_RS11585	MM_RS11585	assumed_protein_coding	NC_003901.1	+	ATG	2667408-2667533
unassigned_transcript_2341_2667417_2667533_117	overlap_dORF	unassigned_transcript_2341	assumed_protein_coding	MM_RS11585	MM_RS11585	assumed_protein_coding	NC_003901.1	+	ATG	2667417-2667533
unassigned_transcript_2346_2670112_2670201_90	overlap_uORF	unassigned_transcript_2346	assumed_protein_coding	MM_RS11610	MM_RS11610	assumed_protein_coding	NC_003901.1	+	ATG	2670112-2670201
unassigned_transcript_2346_2670512_2670817_306	overlap_dORF	unassigned_transcript_2346	assumed_protein_coding	MM_RS11610	MM_RS11610	assumed_protein_coding	NC_003901.1	+	ATG	2670512-2670817
unassigned_transcript_2346_2670722_2670817_96	overlap_dORF	unassigned_transcript_2346	assumed_protein_coding	MM_RS11610	MM_RS11610	assumed_protein_coding	NC_003901.1	+	ATG	2670722-2670817
unassigned_transcript_2349_2672356_2672445_90	overlap_uORF	unassigned_transcript_2349	assumed_protein_coding	MM_RS11625	MM_RS11625	assumed_protein_coding	NC_003901.1	+	ATG	2672356-2672445
unassigned_transcript_2352_2674801_2674917_117	overlap_uORF	unassigned_transcript_2352	assumed_protein_coding	MM_RS11640	MM_RS11640	assumed_protein_coding	NC_003901.1	-	ATG	2674801-2674917
unassigned_transcript_2352_2674801_2674911_111	overlap_uORF	unassigned_transcript_2352	assumed_protein_coding	MM_RS11640	MM_RS11640	assumed_protein_coding	NC_003901.1	-	ATG	2674801-2674911
unassigned_transcript_2354_2676007_2676075_69	overlap_uORF	unassigned_transcript_2354	assumed_protein_coding	MM_RS11650	MM_RS11650	assumed_protein_coding	NC_003901.1	+	ATG	2676007-2676075
unassigned_transcript_2354_2676010_2676075_66	overlap_uORF	unassigned_transcript_2354	assumed_protein_coding	MM_RS11650	MM_RS11650	assumed_protein_coding	NC_003901.1	+	ATG	2676010-2676075
unassigned_transcript_2357_2678160_2678267_108	overlap_uORF	unassigned_transcript_2357	assumed_protein_coding	MM_RS11665	MM_RS11665	assumed_protein_coding	NC_003901.1	-	ATG	2678160-2678267
unassigned_transcript_2365_2685306_2685404_99	overlap_dORF	unassigned_transcript_2365	assumed_protein_coding	MM_RS11705	MM_RS11705	assumed_protein_coding	NC_003901.1	-	ATG	2685306-2685404
unassigned_transcript_2375_2694467_2694703_237	overlap_dORF	unassigned_transcript_2375	assumed_protein_coding	MM_RS11755	MM_RS11755	assumed_protein_coding	NC_003901.1	-	ATG	2694467-2694703
unassigned_transcript_2375_2694467_2694691_225	overlap_dORF	unassigned_transcript_2375	assumed_protein_coding	MM_RS11755	MM_RS11755	assumed_protein_coding	NC_003901.1	-	ATG	2694467-2694691
unassigned_transcript_2375_2694467_2694619_153	overlap_dORF	unassigned_transcript_2375	assumed_protein_coding	MM_RS11755	MM_RS11755	assumed_protein_coding	NC_003901.1	-	ATG	2694467-2694619
unassigned_transcript_2375_2694467_2694529_63	overlap_dORF	unassigned_transcript_2375	assumed_protein_coding	MM_RS11755	MM_RS11755	assumed_protein_coding	NC_003901.1	-	ATG	2694467-2694529
unassigned_transcript_2378_2698916_2698993_78	overlap_dORF	unassigned_transcript_2378	assumed_protein_coding	MM_RS11770	MM_RS11770	assumed_protein_coding	NC_003901.1	-	ATG	2698916-2698993
unassigned_transcript_2379_2700727_2700870_144	overlap_dORF	unassigned_transcript_2379	assumed_protein_coding	MM_RS11775	MM_RS11775	assumed_protein_coding	NC_003901.1	-	ATG	2700727-2700870
unassigned_transcript_2379_2700727_2700804_78	overlap_dORF	unassigned_transcript_2379	assumed_protein_coding	MM_RS11775	MM_RS11775	assumed_protein_coding	NC_003901.1	-	ATG	2700727-2700804
unassigned_transcript_2379_2700727_2700801_75	overlap_dORF	unassigned_transcript_2379	assumed_protein_coding	MM_RS11775	MM_RS11775	assumed_protein_coding	NC_003901.1	-	ATG	2700727-2700801
unassigned_transcript_2382_2706972_2707031_60	overlap_uORF	unassigned_transcript_2382	assumed_protein_coding	MM_RS11790	MM_RS11790	assumed_protein_coding	NC_003901.1	-	ATG	2706972-2707031
unassigned_transcript_2383_2707318_2707410_93	overlap_dORF	unassigned_transcript_2383	assumed_protein_coding	MM_RS11795	MM_RS11795	assumed_protein_coding	NC_003901.1	-	ATG	2707318-2707410
unassigned_transcript_2390_2720040_2720129_90	overlap_dORF	unassigned_transcript_2390	assumed_protein_coding	MM_RS11830	MM_RS11830	assumed_protein_coding	NC_003901.1	-	ATG	2720040-2720129
unassigned_transcript_2393_2724310_2724456_147	overlap_dORF	unassigned_transcript_2393	assumed_protein_coding	MM_RS18495	MM_RS18495	assumed_protein_coding	NC_003901.1	-	ATG	2724310-2724456
unassigned_transcript_2393_2724310_2724441_132	overlap_dORF	unassigned_transcript_2393	assumed_protein_coding	MM_RS18495	MM_RS18495	assumed_protein_coding	NC_003901.1	-	ATG	2724310-2724441
unassigned_transcript_2396_2727332_2727493_162	overlap_uORF	unassigned_transcript_2396	assumed_protein_coding	MM_RS11860	MM_RS11860	assumed_protein_coding	NC_003901.1	+	ATG	2727332-2727493
unassigned_transcript_2403_2739666_2739758_93	overlap_uORF	unassigned_transcript_2403	assumed_protein_coding	MM_RS18500	MM_RS18500	assumed_protein_coding	NC_003901.1	-	ATG	2739666-2739758
unassigned_transcript_2412_2755582_2755659_78	overlap_dORF	unassigned_transcript_2412	assumed_protein_coding	MM_RS11935	MM_RS11935	assumed_protein_coding	NC_003901.1	+	ATG	2755582-2755659
unassigned_transcript_2417_2761814_2761909_96	overlap_uORF	unassigned_transcript_2417	assumed_protein_coding	MM_RS11955	MM_RS11955	assumed_protein_coding	NC_003901.1	-	ATG	2761814-2761909
unassigned_transcript_2425_2769098_2769187_90	overlap_dORF	unassigned_transcript_2425	assumed_protein_coding	MM_RS11990	MM_RS11990	assumed_protein_coding	NC_003901.1	-	ATG	2769098-2769187
unassigned_transcript_2427_2773324_2773449_126	overlap_dORF	unassigned_transcript_2427	assumed_protein_coding	MM_RS12000	MM_RS12000	assumed_protein_coding	NC_003901.1	+	ATG	2773324-2773449
unassigned_transcript_2427_2773333_2773449_117	overlap_dORF	unassigned_transcript_2427	assumed_protein_coding	MM_RS12000	MM_RS12000	assumed_protein_coding	NC_003901.1	+	ATG	2773333-2773449
unassigned_transcript_2433_2781109_2781213_105	overlap_dORF	unassigned_transcript_2433	assumed_protein_coding	MM_RS12030	MM_RS12030	assumed_protein_coding	NC_003901.1	+	ATG	2781109-2781213
unassigned_transcript_2447_2792632_2792871_240	overlap_dORF	unassigned_transcript_2447	assumed_protein_coding	MM_RS12105	MM_RS12105	assumed_protein_coding	NC_003901.1	+	ATG	2792632-2792871
unassigned_transcript_2448_2793173_2793412_240	overlap_dORF	unassigned_transcript_2448	assumed_protein_coding	MM_RS12110	MM_RS12110	assumed_protein_coding	NC_003901.1	+	ATG	2793173-2793412
unassigned_transcript_2448_2793221_2793412_192	overlap_dORF	unassigned_transcript_2448	assumed_protein_coding	MM_RS12110	MM_RS12110	assumed_protein_coding	NC_003901.1	+	ATG	2793221-2793412
unassigned_transcript_2455_2799760_2799846_87	overlap_uORF	unassigned_transcript_2455	assumed_protein_coding	MM_RS12145	MM_RS12145	assumed_protein_coding	NC_003901.1	+	ATG	2799760-2799846
unassigned_transcript_2467_2812056_2812136_81	overlap_dORF	unassigned_transcript_2467	assumed_protein_coding	MM_RS12200	MM_RS12200	assumed_protein_coding	NC_003901.1	-	ATG	2812056-2812136
unassigned_transcript_2469_2814227_2814289_63	overlap_dORF	unassigned_transcript_2469	assumed_protein_coding	MM_RS12210	MM_RS12210	assumed_protein_coding	NC_003901.1	+	ATG	2814227-2814289
unassigned_transcript_2470_2814510_2814608_99	overlap_dORF	unassigned_transcript_2470	assumed_protein_coding	MM_RS12215	MM_RS12215	assumed_protein_coding	NC_003901.1	+	ATG	2814510-2814608
unassigned_transcript_2470_2814537_2814608_72	overlap_dORF	unassigned_transcript_2470	assumed_protein_coding	MM_RS12215	MM_RS12215	assumed_protein_coding	NC_003901.1	+	ATG	2814537-2814608
unassigned_transcript_2470_2814549_2814608_60	overlap_dORF	unassigned_transcript_2470	assumed_protein_coding	MM_RS12215	MM_RS12215	assumed_protein_coding	NC_003901.1	+	ATG	2814549-2814608
unassigned_transcript_2472_2816344_2816415_72	overlap_dORF	unassigned_transcript_2472	assumed_protein_coding	MM_RS12230	MM_RS12230	assumed_protein_coding	NC_003901.1	+	ATG	2816344-2816415
unassigned_transcript_2486_2828090_2828149_60	overlap_uORF	unassigned_transcript_2486	assumed_protein_coding	MM_RS12295	MM_RS12295	assumed_protein_coding	NC_003901.1	+	ATG	2828090-2828149
unassigned_transcript_2488_2829569_2829766_198	overlap_dORF	unassigned_transcript_2488	assumed_protein_coding	MM_RS12305	MM_RS12305	assumed_protein_coding	NC_003901.1	-	ATG	2829569-2829766
unassigned_transcript_2489_2831031_2831435_405	overlap_dORF	unassigned_transcript_2489	assumed_protein_coding	MM_RS12310	MM_RS12310	assumed_protein_coding	NC_003901.1	-	ATG	2831031-2831435
unassigned_transcript_2489_2831031_2831423_393	overlap_dORF	unassigned_transcript_2489	assumed_protein_coding	MM_RS12310	MM_RS12310	assumed_protein_coding	NC_003901.1	-	ATG	2831031-2831423
unassigned_transcript_2489_2831031_2831417_387	overlap_dORF	unassigned_transcript_2489	assumed_protein_coding	MM_RS12310	MM_RS12310	assumed_protein_coding	NC_003901.1	-	ATG	2831031-2831417
unassigned_transcript_2489_2831031_2831390_360	overlap_dORF	unassigned_transcript_2489	assumed_protein_coding	MM_RS12310	MM_RS12310	assumed_protein_coding	NC_003901.1	-	ATG	2831031-2831390
unassigned_transcript_2489_2831031_2831201_171	overlap_dORF	unassigned_transcript_2489	assumed_protein_coding	MM_RS12310	MM_RS12310	assumed_protein_coding	NC_003901.1	-	ATG	2831031-2831201
unassigned_transcript_2489_2831031_2831168_138	overlap_dORF	unassigned_transcript_2489	assumed_protein_coding	MM_RS12310	MM_RS12310	assumed_protein_coding	NC_003901.1	-	ATG	2831031-2831168
unassigned_transcript_2491_2833406_2833528_123	overlap_dORF	unassigned_transcript_2491	assumed_protein_coding	MM_RS12320	MM_RS12320	assumed_protein_coding	NC_003901.1	-	ATG	2833406-2833528
unassigned_transcript_2495_2840477_2840539_63	overlap_dORF	unassigned_transcript_2495	assumed_protein_coding	MM_RS12340	MM_RS12340	assumed_protein_coding	NC_003901.1	+	ATG	2840477-2840539
unassigned_transcript_2506_2851588_2851773_186	overlap_uORF	unassigned_transcript_2506	assumed_protein_coding	MM_RS12400	MM_RS12400	assumed_protein_coding	NC_003901.1	-	ATG	2851588-2851773
unassigned_transcript_2507_2851947_2852306_360	overlap_dORF	unassigned_transcript_2507	assumed_protein_coding	MM_RS12405	MM_RS12405	assumed_protein_coding	NC_003901.1	-	ATG	2851947-2852306
unassigned_transcript_2507_2851947_2852216_270	overlap_dORF	unassigned_transcript_2507	assumed_protein_coding	MM_RS12405	MM_RS12405	assumed_protein_coding	NC_003901.1	-	ATG	2851947-2852216
unassigned_transcript_2514_2859908_2859976_69	overlap_dORF	unassigned_transcript_2514	assumed_protein_coding	MM_RS12440	MM_RS12440	assumed_protein_coding	NC_003901.1	-	ATG	2859908-2859976
unassigned_transcript_2514_2859889_2859957_69	overlap_dORF	unassigned_transcript_2514	assumed_protein_coding	MM_RS12440	MM_RS12440	assumed_protein_coding	NC_003901.1	-	ATG	2859889-2859957
unassigned_transcript_2517_2862469_2862603_135	overlap_dORF	unassigned_transcript_2517	assumed_protein_coding	MM_RS12455	MM_RS12455	assumed_protein_coding	NC_003901.1	-	ATG	2862469-2862603
unassigned_transcript_2521_2866753_2866845_93	overlap_uORF	unassigned_transcript_2521	assumed_protein_coding	MM_RS12475	MM_RS12475	assumed_protein_coding	NC_003901.1	-	ATG	2866753-2866845
unassigned_transcript_2525_2869982_2870074_93	overlap_uORF	unassigned_transcript_2525	assumed_protein_coding	MM_RS12490	MM_RS12490	assumed_protein_coding	NC_003901.1	-	ATG	2869982-2870074
unassigned_transcript_2536_2883005_2883136_132	overlap_dORF	unassigned_transcript_2536	assumed_protein_coding	MM_RS12540	MM_RS12540	assumed_protein_coding	NC_003901.1	+	ATG	2883005-2883136
unassigned_transcript_2536_2883047_2883136_90	overlap_dORF	unassigned_transcript_2536	assumed_protein_coding	MM_RS12540	MM_RS12540	assumed_protein_coding	NC_003901.1	+	ATG	2883047-2883136
unassigned_transcript_2537_2885830_2886012_183	overlap_dORF	unassigned_transcript_2537	assumed_protein_coding	MM_RS12545	MM_RS12545	assumed_protein_coding	NC_003901.1	+	ATG	2885830-2886012
unassigned_transcript_2539_2889662_2889853_192	overlap_dORF	unassigned_transcript_2539	assumed_protein_coding	MM_RS12555	MM_RS12555	assumed_protein_coding	NC_003901.1	-	ATG	2889662-2889853
unassigned_transcript_2539_2889662_2889838_177	overlap_dORF	unassigned_transcript_2539	assumed_protein_coding	MM_RS12555	MM_RS12555	assumed_protein_coding	NC_003901.1	-	ATG	2889662-2889838
unassigned_transcript_2539_2889662_2889772_111	overlap_dORF	unassigned_transcript_2539	assumed_protein_coding	MM_RS12555	MM_RS12555	assumed_protein_coding	NC_003901.1	-	ATG	2889662-2889772
unassigned_transcript_2539_2889662_2889763_102	overlap_dORF	unassigned_transcript_2539	assumed_protein_coding	MM_RS12555	MM_RS12555	assumed_protein_coding	NC_003901.1	-	ATG	2889662-2889763
unassigned_transcript_2542_2893777_2893941_165	overlap_dORF	unassigned_transcript_2542	assumed_protein_coding	MM_RS12570	MM_RS12570	assumed_protein_coding	NC_003901.1	-	ATG	2893777-2893941
unassigned_transcript_2542_2893777_2893926_150	overlap_dORF	unassigned_transcript_2542	assumed_protein_coding	MM_RS12570	MM_RS12570	assumed_protein_coding	NC_003901.1	-	ATG	2893777-2893926
unassigned_transcript_2542_2893777_2893878_102	overlap_dORF	unassigned_transcript_2542	assumed_protein_coding	MM_RS12570	MM_RS12570	assumed_protein_coding	NC_003901.1	-	ATG	2893777-2893878
unassigned_transcript_2542_2893777_2893869_93	overlap_dORF	unassigned_transcript_2542	assumed_protein_coding	MM_RS12570	MM_RS12570	assumed_protein_coding	NC_003901.1	-	ATG	2893777-2893869
unassigned_transcript_2542_2893777_2893851_75	overlap_dORF	unassigned_transcript_2542	assumed_protein_coding	MM_RS12570	MM_RS12570	assumed_protein_coding	NC_003901.1	-	ATG	2893777-2893851
unassigned_transcript_2543_2896044_2896133_90	overlap_uORF	unassigned_transcript_2543	assumed_protein_coding	MM_RS12575	MM_RS12575	assumed_protein_coding	NC_003901.1	-	ATG	2896044-2896133
unassigned_transcript_2557_2916495_2916608_114	overlap_uORF	unassigned_transcript_2557	assumed_protein_coding	MM_RS12665	MM_RS12665	assumed_protein_coding	NC_003901.1	+	ATG	2916495-2916608
unassigned_transcript_2557_2916501_2916608_108	overlap_uORF	unassigned_transcript_2557	assumed_protein_coding	MM_RS12665	MM_RS12665	assumed_protein_coding	NC_003901.1	+	ATG	2916501-2916608
unassigned_transcript_2557_2916528_2916608_81	overlap_uORF	unassigned_transcript_2557	assumed_protein_coding	MM_RS12665	MM_RS12665	assumed_protein_coding	NC_003901.1	+	ATG	2916528-2916608
unassigned_transcript_2561_2921434_2921514_81	overlap_dORF	unassigned_transcript_2561	assumed_protein_coding	MM_RS17925	MM_RS17925	assumed_protein_coding	NC_003901.1	+	ATG	2921434-2921514
unassigned_transcript_2561_2921440_2921514_75	overlap_dORF	unassigned_transcript_2561	assumed_protein_coding	MM_RS17925	MM_RS17925	assumed_protein_coding	NC_003901.1	+	ATG	2921440-2921514
unassigned_transcript_2562_2922519_2922593_75	overlap_dORF	unassigned_transcript_2562	assumed_protein_coding	MM_RS12695	MM_RS12695	assumed_protein_coding	NC_003901.1	+	ATG	2922519-2922593
unassigned_transcript_2564_2924103_2924288_186	overlap_uORF	unassigned_transcript_2564	assumed_protein_coding	MM_RS12705	MM_RS12705	assumed_protein_coding	NC_003901.1	-	ATG	2924103-2924288
unassigned_transcript_2568_2927877_2927963_87	overlap_dORF	unassigned_transcript_2568	assumed_protein_coding	MM_RS12725	MM_RS12725	assumed_protein_coding	NC_003901.1	-	ATG	2927877-2927963
unassigned_transcript_2572_2933460_2933531_72	overlap_uORF	unassigned_transcript_2572	assumed_protein_coding	MM_RS12745	MM_RS12745	assumed_protein_coding	NC_003901.1	-	ATG	2933460-2933531
unassigned_transcript_2572_2933460_2933519_60	overlap_uORF	unassigned_transcript_2572	assumed_protein_coding	MM_RS12745	MM_RS12745	assumed_protein_coding	NC_003901.1	-	ATG	2933460-2933519
unassigned_transcript_2580_2941117_2941179_63	overlap_uORF	unassigned_transcript_2580	assumed_protein_coding	MM_RS12790	MM_RS12790	assumed_protein_coding	NC_003901.1	-	ATG	2941117-2941179
unassigned_transcript_2581_2942010_2942138_129	overlap_dORF	unassigned_transcript_2581	assumed_protein_coding	MM_RS12795	MM_RS12795	assumed_protein_coding	NC_003901.1	+	ATG	2942010-2942138
unassigned_transcript_2582_2943701_2943799_99	overlap_uORF	unassigned_transcript_2582	assumed_protein_coding	MM_RS12805	MM_RS12805	assumed_protein_coding	NC_003901.1	-	ATG	2943701-2943799
unassigned_transcript_2587_2952931_2953017_87	overlap_uORF	unassigned_transcript_2587	assumed_protein_coding	MM_RS12830	MM_RS12830	assumed_protein_coding	NC_003901.1	-	ATG	2952931-2953017
unassigned_transcript_2595_2958980_2959075_96	overlap_dORF	unassigned_transcript_2595	assumed_protein_coding	MM_RS12855	MM_RS12855	assumed_protein_coding	NC_003901.1	-	ATG	2958980-2959075
unassigned_transcript_2605_2967803_2967883_81	overlap_dORF	unassigned_transcript_2605	assumed_protein_coding	MM_RS12905	MM_RS12905	assumed_protein_coding	NC_003901.1	-	ATG	2967803-2967883
unassigned_transcript_2612_2973923_2974099_177	overlap_uORF	unassigned_transcript_2612	assumed_protein_coding	MM_RS12940	MM_RS12940	assumed_protein_coding	NC_003901.1	+	ATG	2973923-2974099
unassigned_transcript_2618_2980661_2980777_117	overlap_dORF	unassigned_transcript_2618	assumed_protein_coding	MM_RS12970	MM_RS12970	assumed_protein_coding	NC_003901.1	-	ATG	2980661-2980777
unassigned_transcript_2618_2980661_2980774_114	overlap_dORF	unassigned_transcript_2618	assumed_protein_coding	MM_RS12970	MM_RS12970	assumed_protein_coding	NC_003901.1	-	ATG	2980661-2980774
unassigned_transcript_2618_2980661_2980771_111	overlap_dORF	unassigned_transcript_2618	assumed_protein_coding	MM_RS12970	MM_RS12970	assumed_protein_coding	NC_003901.1	-	ATG	2980661-2980771
unassigned_transcript_2618_2980661_2980768_108	overlap_dORF	unassigned_transcript_2618	assumed_protein_coding	MM_RS12970	MM_RS12970	assumed_protein_coding	NC_003901.1	-	ATG	2980661-2980768
unassigned_transcript_2633_2998390_2998485_96	overlap_uORF	unassigned_transcript_2633	assumed_protein_coding	MM_RS13045	MM_RS13045	assumed_protein_coding	NC_003901.1	+	ATG	2998390-2998485
unassigned_transcript_2633_3001489_3001599_111	overlap_dORF	unassigned_transcript_2633	assumed_protein_coding	MM_RS13045	MM_RS13045	assumed_protein_coding	NC_003901.1	+	ATG	3001489-3001599
unassigned_transcript_2637_3004039_3004101_63	overlap_uORF	unassigned_transcript_2637	assumed_protein_coding	MM_RS13060	MM_RS13060	assumed_protein_coding	NC_003901.1	+	ATG	3004039-3004101
unassigned_transcript_2639_3007680_3007751_72	overlap_dORF	unassigned_transcript_2639	assumed_protein_coding	MM_RS18540	MM_RS18540	assumed_protein_coding	NC_003901.1	+	ATG	3007680-3007751
unassigned_transcript_2640_3007833_3007922_90	overlap_dORF	unassigned_transcript_2640	assumed_protein_coding	MM_RS13070	MM_RS13070	assumed_protein_coding	NC_003901.1	-	ATG	3007833-3007922
unassigned_transcript_2645_3012930_3013004_75	overlap_uORF	unassigned_transcript_2645	assumed_protein_coding	MM_RS13095	MM_RS13095	assumed_protein_coding	NC_003901.1	-	ATG	3012930-3013004
unassigned_transcript_2645_3012270_3012383_114	overlap_dORF	unassigned_transcript_2645	assumed_protein_coding	MM_RS13095	MM_RS13095	assumed_protein_coding	NC_003901.1	-	ATG	3012270-3012383
unassigned_transcript_2649_3016878_3017063_186	overlap_uORF	unassigned_transcript_2649	assumed_protein_coding	MM_RS13115	MM_RS13115	assumed_protein_coding	NC_003901.1	-	ATG	3016878-3017063
unassigned_transcript_2660_3027612_3027692_81	overlap_uORF	unassigned_transcript_2660	assumed_protein_coding	MM_RS13170	MM_RS13170	assumed_protein_coding	NC_003901.1	+	ATG	3027612-3027692
unassigned_transcript_2668_3036284_3036364_81	overlap_dORF	unassigned_transcript_2668	assumed_protein_coding	MM_RS13210	MM_RS13210	assumed_protein_coding	NC_003901.1	+	ATG	3036284-3036364
unassigned_transcript_2675_3044928_3045026_99	overlap_dORF	unassigned_transcript_2675	assumed_protein_coding	MM_RS13245	MM_RS13245	assumed_protein_coding	NC_003901.1	+	ATG	3044928-3045026
unassigned_transcript_2679_3048776_3048835_60	overlap_uORF	unassigned_transcript_2679	assumed_protein_coding	MM_RS13265	MM_RS13265	assumed_protein_coding	NC_003901.1	+	ATG	3048776-3048835
unassigned_transcript_2682_3054646_3054720_75	overlap_dORF	unassigned_transcript_2682	assumed_protein_coding	MM_RS13280	MM_RS13280	assumed_protein_coding	NC_003901.1	+	ATG	3054646-3054720
unassigned_transcript_2683_3055100_3055177_78	overlap_uORF	unassigned_transcript_2683	assumed_protein_coding	MM_RS13285	MM_RS13285	assumed_protein_coding	NC_003901.1	+	ATG	3055100-3055177
unassigned_transcript_2684_3056187_3056249_63	overlap_uORF	unassigned_transcript_2684	assumed_protein_coding	MM_RS13290	MM_RS13290	assumed_protein_coding	NC_003901.1	+	ATG	3056187-3056249
unassigned_transcript_2688_3061764_3061895_132	overlap_dORF	unassigned_transcript_2688	assumed_protein_coding	MM_RS13310	MM_RS13310	assumed_protein_coding	NC_003901.1	+	ATG	3061764-3061895
unassigned_transcript_2690_3062758_3062841_84	overlap_uORF	unassigned_transcript_2690	assumed_protein_coding	MM_RS13320	MM_RS13320	assumed_protein_coding	NC_003901.1	+	ATG	3062758-3062841
unassigned_transcript_2690_3062773_3062841_69	overlap_uORF	unassigned_transcript_2690	assumed_protein_coding	MM_RS13320	MM_RS13320	assumed_protein_coding	NC_003901.1	+	ATG	3062773-3062841
unassigned_transcript_2691_3064180_3064245_66	overlap_dORF	unassigned_transcript_2691	assumed_protein_coding	MM_RS13325	MM_RS13325	assumed_protein_coding	NC_003901.1	-	ATG	3064180-3064245
unassigned_transcript_2692_3065428_3065493_66	overlap_uORF	unassigned_transcript_2692	assumed_protein_coding	MM_RS13330	MM_RS13330	assumed_protein_coding	NC_003901.1	-	ATG	3065428-3065493
unassigned_transcript_2692_3065164_3065262_99	overlap_dORF	unassigned_transcript_2692	assumed_protein_coding	MM_RS13330	MM_RS13330	assumed_protein_coding	NC_003901.1	-	ATG	3065164-3065262
unassigned_transcript_2694_3065977_3066072_96	overlap_dORF	unassigned_transcript_2694	assumed_protein_coding	MM_RS13340	MM_RS13340	assumed_protein_coding	NC_003901.1	-	ATG	3065977-3066072
unassigned_transcript_2701_3072958_3073107_150	overlap_uORF	unassigned_transcript_2701	assumed_protein_coding	MM_RS19475	MM_RS19475	assumed_protein_coding	NC_003901.1	-	ATG	3072958-3073107
unassigned_transcript_2704_3075748_3075810_63	overlap_dORF	unassigned_transcript_2704	assumed_protein_coding	MM_RS13390	MM_RS13390	assumed_protein_coding	NC_003901.1	-	ATG	3075748-3075810
unassigned_transcript_2707_3080394_3080483_90	overlap_uORF	unassigned_transcript_2707	assumed_protein_coding	MM_RS13410	MM_RS13410	assumed_protein_coding	NC_003901.1	+	ATG	3080394-3080483
unassigned_transcript_2710_3089248_3089328_81	overlap_dORF	unassigned_transcript_2710	assumed_protein_coding	MM_RS13425	MM_RS13425	assumed_protein_coding	NC_003901.1	+	ATG	3089248-3089328
unassigned_transcript_2714_3095685_3095744_60	overlap_uORF	unassigned_transcript_2714	assumed_protein_coding	MM_RS13445	MM_RS13445	assumed_protein_coding	NC_003901.1	-	ATG	3095685-3095744
unassigned_transcript_2720_3099322_3099495_174	overlap_uORF	unassigned_transcript_2720	assumed_protein_coding	MM_RS13465	MM_RS13465	assumed_protein_coding	NC_003901.1	-	ATG	3099322-3099495
unassigned_transcript_2721_3101014_3101073_60	overlap_uORF	unassigned_transcript_2721	assumed_protein_coding	MM_RS13470	MM_RS13470	assumed_protein_coding	NC_003901.1	-	ATG	3101014-3101073
unassigned_transcript_2727_3104402_3104461_60	overlap_dORF	unassigned_transcript_2727	assumed_protein_coding	MM_RS13495	MM_RS13495	assumed_protein_coding	NC_003901.1	-	ATG	3104402-3104461
unassigned_transcript_2729_3105392_3105463_72	overlap_uORF	unassigned_transcript_2729	assumed_protein_coding	MM_RS18555	MM_RS18555	assumed_protein_coding	NC_003901.1	-	ATG	3105392-3105463
unassigned_transcript_2731_3105870_3106001_132	overlap_dORF	unassigned_transcript_2731	assumed_protein_coding	MM_RS13510	MM_RS13510	assumed_protein_coding	NC_003901.1	-	ATG	3105870-3106001
unassigned_transcript_2742_3123619_3123693_75	overlap_dORF	unassigned_transcript_2742	assumed_protein_coding	MM_RS13565	MM_RS13565	assumed_protein_coding	NC_003901.1	+	ATG	3123619-3123693
unassigned_transcript_2742_3122885_3122944_60	overlap_uORF	unassigned_transcript_2742	assumed_protein_coding	MM_RS13565	MM_RS13565	assumed_protein_coding	NC_003901.1	+	ATG	3122885-3122944
unassigned_transcript_2751_3132139_3132261_123	overlap_dORF	unassigned_transcript_2751	assumed_protein_coding	MM_RS13605	MM_RS13605	assumed_protein_coding	NC_003901.1	+	ATG	3132139-3132261
unassigned_transcript_2751_3132148_3132261_114	overlap_dORF	unassigned_transcript_2751	assumed_protein_coding	MM_RS13605	MM_RS13605	assumed_protein_coding	NC_003901.1	+	ATG	3132148-3132261
unassigned_transcript_2752_3135493_3135561_69	overlap_dORF	unassigned_transcript_2752	assumed_protein_coding	MM_RS13610	MM_RS13610	assumed_protein_coding	NC_003901.1	+	ATG	3135493-3135561
unassigned_transcript_2755_3137138_3137350_213	overlap_uORF	unassigned_transcript_2755	assumed_protein_coding	MM_RS13620	MM_RS13620	assumed_protein_coding	NC_003901.1	+	ATG	3137138-3137350
unassigned_transcript_2755_3137141_3137350_210	overlap_uORF	unassigned_transcript_2755	assumed_protein_coding	MM_RS13620	MM_RS13620	assumed_protein_coding	NC_003901.1	+	ATG	3137141-3137350
unassigned_transcript_2755_3137150_3137350_201	overlap_uORF	unassigned_transcript_2755	assumed_protein_coding	MM_RS13620	MM_RS13620	assumed_protein_coding	NC_003901.1	+	ATG	3137150-3137350
unassigned_transcript_2757_3139208_3139288_81	overlap_uORF	unassigned_transcript_2757	assumed_protein_coding	MM_RS13625	MM_RS13625	assumed_protein_coding	NC_003901.1	-	ATG	3139208-3139288
unassigned_transcript_2762_3145178_3145339_162	overlap_dORF	unassigned_transcript_2762	assumed_protein_coding	MM_RS13650	MM_RS13650	assumed_protein_coding	NC_003901.1	-	ATG	3145178-3145339
unassigned_transcript_2762_3145178_3145279_102	overlap_dORF	unassigned_transcript_2762	assumed_protein_coding	MM_RS13650	MM_RS13650	assumed_protein_coding	NC_003901.1	-	ATG	3145178-3145279
unassigned_transcript_2768_3155816_3155896_81	overlap_uORF	unassigned_transcript_2768	assumed_protein_coding	MM_RS13685	MM_RS13685	assumed_protein_coding	NC_003901.1	-	ATG	3155816-3155896
unassigned_transcript_2775_3166626_3166742_117	overlap_dORF	unassigned_transcript_2775	assumed_protein_coding	MM_RS13720	MM_RS13720	assumed_protein_coding	NC_003901.1	+	ATG	3166626-3166742
unassigned_transcript_2775_3166659_3166742_84	overlap_dORF	unassigned_transcript_2775	assumed_protein_coding	MM_RS13720	MM_RS13720	assumed_protein_coding	NC_003901.1	+	ATG	3166659-3166742
unassigned_transcript_2777_3167600_3167863_264	overlap_dORF	unassigned_transcript_2777	assumed_protein_coding	MM_RS13730	MM_RS13730	assumed_protein_coding	NC_003901.1	-	ATG	3167600-3167863
unassigned_transcript_2777_3167600_3167857_258	overlap_dORF	unassigned_transcript_2777	assumed_protein_coding	MM_RS13730	MM_RS13730	assumed_protein_coding	NC_003901.1	-	ATG	3167600-3167857
unassigned_transcript_2777_3167600_3167674_75	overlap_dORF	unassigned_transcript_2777	assumed_protein_coding	MM_RS13730	MM_RS13730	assumed_protein_coding	NC_003901.1	-	ATG	3167600-3167674
unassigned_transcript_2786_3179120_3179194_75	overlap_dORF	unassigned_transcript_2786	assumed_protein_coding	MM_RS13785	MM_RS13785	assumed_protein_coding	NC_003901.1	+	ATG	3179120-3179194
unassigned_transcript_2793_3187179_3187283_105	overlap_dORF	unassigned_transcript_2793	assumed_protein_coding	MM_RS13820	MM_RS13820	assumed_protein_coding	NC_003901.1	+	ATG	3187179-3187283
unassigned_transcript_2821_3222836_3222901_66	overlap_uORF	unassigned_transcript_2821	assumed_protein_coding	MM_RS17970	MM_RS17970	assumed_protein_coding	NC_003901.1	-	ATG	3222836-3222901
unassigned_transcript_2822_3222913_3222993_81	overlap_uORF	unassigned_transcript_2822	assumed_protein_coding	MM_RS13980	MM_RS13980	assumed_protein_coding	NC_003901.1	+	ATG	3222913-3222993
unassigned_transcript_2832_3236965_3237045_81	overlap_dORF	unassigned_transcript_2832	assumed_protein_coding	MM_RS14030	MM_RS14030	assumed_protein_coding	NC_003901.1	-	ATG	3236965-3237045
unassigned_transcript_2832_3236965_3237042_78	overlap_dORF	unassigned_transcript_2832	assumed_protein_coding	MM_RS14030	MM_RS14030	assumed_protein_coding	NC_003901.1	-	ATG	3236965-3237042
unassigned_transcript_2832_3236965_3237033_69	overlap_dORF	unassigned_transcript_2832	assumed_protein_coding	MM_RS14030	MM_RS14030	assumed_protein_coding	NC_003901.1	-	ATG	3236965-3237033
unassigned_transcript_2844_3255662_3255832_171	overlap_dORF	unassigned_transcript_2844	assumed_protein_coding	MM_RS14090	MM_RS14090	assumed_protein_coding	NC_003901.1	+	ATG	3255662-3255832
unassigned_transcript_2844_3255674_3255832_159	overlap_dORF	unassigned_transcript_2844	assumed_protein_coding	MM_RS14090	MM_RS14090	assumed_protein_coding	NC_003901.1	+	ATG	3255674-3255832
unassigned_transcript_2844_3255695_3255832_138	overlap_dORF	unassigned_transcript_2844	assumed_protein_coding	MM_RS14090	MM_RS14090	assumed_protein_coding	NC_003901.1	+	ATG	3255695-3255832
unassigned_transcript_2844_3255758_3255832_75	overlap_dORF	unassigned_transcript_2844	assumed_protein_coding	MM_RS14090	MM_RS14090	assumed_protein_coding	NC_003901.1	+	ATG	3255758-3255832
unassigned_transcript_2861_3274352_3274531_180	overlap_dORF	unassigned_transcript_2861	assumed_protein_coding	MM_RS14170	MM_RS14170	assumed_protein_coding	NC_003901.1	-	ATG	3274352-3274531
unassigned_transcript_2861_3274352_3274417_66	overlap_dORF	unassigned_transcript_2861	assumed_protein_coding	MM_RS14170	MM_RS14170	assumed_protein_coding	NC_003901.1	-	ATG	3274352-3274417
unassigned_transcript_2871_3286324_3286443_120	overlap_uORF	unassigned_transcript_2871	assumed_protein_coding	MM_RS14215	MM_RS14215	assumed_protein_coding	NC_003901.1	-	ATG	3286324-3286443
unassigned_transcript_2872_3286923_3287123_201	overlap_dORF	unassigned_transcript_2872	assumed_protein_coding	MM_RS14220	MM_RS14220	assumed_protein_coding	NC_003901.1	-	ATG	3286923-3287123
unassigned_transcript_2876_3296095_3296217_123	overlap_uORF	unassigned_transcript_2876	assumed_protein_coding	MM_RS14245	MM_RS14245	assumed_protein_coding	NC_003901.1	-	ATG	3296095-3296217
unassigned_transcript_2880_3298588_3298731_144	overlap_uORF	unassigned_transcript_2880	assumed_protein_coding	MM_RS14265	MM_RS14265	assumed_protein_coding	NC_003901.1	+	ATG	3298588-3298731
unassigned_transcript_2894_3315998_3316120_123	overlap_uORF	unassigned_transcript_2894	assumed_protein_coding	MM_RS14335	MM_RS14335	assumed_protein_coding	NC_003901.1	+	ATG	3315998-3316120
unassigned_transcript_2899_3319241_3319369_129	overlap_dORF	unassigned_transcript_2899	assumed_protein_coding	MM_RS14360	MM_RS14360	assumed_protein_coding	NC_003901.1	-	ATG	3319241-3319369
unassigned_transcript_2907_3330187_3330267_81	overlap_dORF	unassigned_transcript_2907	assumed_protein_coding	MM_RS14405	MM_RS14405	assumed_protein_coding	NC_003901.1	+	ATG	3330187-3330267
unassigned_transcript_2907_3330193_3330267_75	overlap_dORF	unassigned_transcript_2907	assumed_protein_coding	MM_RS14405	MM_RS14405	assumed_protein_coding	NC_003901.1	+	ATG	3330193-3330267
unassigned_transcript_2918_3341282_3341359_78	overlap_dORF	unassigned_transcript_2918	assumed_protein_coding	MM_RS14455	MM_RS14455	assumed_protein_coding	NC_003901.1	-	ATG	3341282-3341359
unassigned_transcript_2918_3343390_3343632_243	overlap_uORF	unassigned_transcript_2918	assumed_protein_coding	MM_RS14455	MM_RS14455	assumed_protein_coding	NC_003901.1	-	ATG	3343390-3343632
unassigned_transcript_2928_3353509_3353589_81	overlap_dORF	unassigned_transcript_2928	assumed_protein_coding	MM_RS14500	MM_RS14500	assumed_protein_coding	NC_003901.1	-	ATG	3353509-3353589
unassigned_transcript_2929_3355577_3355648_72	overlap_dORF	unassigned_transcript_2929	assumed_protein_coding	MM_RS14505	MM_RS14505	assumed_protein_coding	NC_003901.1	+	ATG	3355577-3355648
unassigned_transcript_2935_3361930_3362016_87	overlap_uORF	unassigned_transcript_2935	assumed_protein_coding	MM_RS14535	MM_RS14535	assumed_protein_coding	NC_003901.1	+	ATG	3361930-3362016
unassigned_transcript_2937_3363332_3363418_87	overlap_uORF	unassigned_transcript_2937	assumed_protein_coding	MM_RS19250	MM_RS19250	assumed_protein_coding	NC_003901.1	+	ATG	3363332-3363418
unassigned_transcript_2939_3367726_3367806_81	overlap_uORF	unassigned_transcript_2939	assumed_protein_coding	MM_RS14550	MM_RS14550	assumed_protein_coding	NC_003901.1	-	ATG	3367726-3367806
unassigned_transcript_2942_3369898_3369987_90	overlap_dORF	unassigned_transcript_2942	assumed_protein_coding	MM_RS14565	MM_RS14565	assumed_protein_coding	NC_003901.1	+	ATG	3369898-3369987
unassigned_transcript_2942_3369218_3369316_99	overlap_uORF	unassigned_transcript_2942	assumed_protein_coding	MM_RS14565	MM_RS14565	assumed_protein_coding	NC_003901.1	+	ATG	3369218-3369316
unassigned_transcript_2946_3373686_3373841_156	overlap_uORF	unassigned_transcript_2946	assumed_protein_coding	MM_RS14580	MM_RS14580	assumed_protein_coding	NC_003901.1	-	ATG	3373686-3373841
unassigned_transcript_2952_3380074_3380202_129	overlap_dORF	unassigned_transcript_2952	assumed_protein_coding	MM_RS14610	MM_RS14610	assumed_protein_coding	NC_003901.1	+	ATG	3380074-3380202
unassigned_transcript_2952_3380092_3380202_111	overlap_dORF	unassigned_transcript_2952	assumed_protein_coding	MM_RS14610	MM_RS14610	assumed_protein_coding	NC_003901.1	+	ATG	3380092-3380202
unassigned_transcript_2963_3390753_3390950_198	overlap_uORF	unassigned_transcript_2963	assumed_protein_coding	MM_RS17570	MM_RS17570	assumed_protein_coding	NC_003901.1	+	ATG	3390753-3390950
unassigned_transcript_2966_3394884_3395006_123	overlap_uORF	unassigned_transcript_2966	assumed_protein_coding	MM_RS14680	MM_RS14680	assumed_protein_coding	NC_003901.1	+	ATG	3394884-3395006
unassigned_transcript_2974_3404733_3404792_60	overlap_uORF	unassigned_transcript_2974	assumed_protein_coding	MM_RS14730	MM_RS14730	assumed_protein_coding	NC_003901.1	+	ATG	3404733-3404792
unassigned_transcript_2975_3406586_3406699_114	overlap_uORF	unassigned_transcript_2975	assumed_protein_coding	MM_RS14735	MM_RS14735	assumed_protein_coding	NC_003901.1	+	ATG	3406586-3406699
unassigned_transcript_2995_3433042_3433104_63	overlap_dORF	unassigned_transcript_2995	assumed_protein_coding	MM_RS19490	MM_RS19490	assumed_protein_coding	NC_003901.1	+	ATG	3433042-3433104
unassigned_transcript_2996_3434348_3434452_105	overlap_uORF	unassigned_transcript_2996	assumed_protein_coding	MM_RS14835	MM_RS14835	assumed_protein_coding	NC_003901.1	-	ATG	3434348-3434452
unassigned_transcript_3005_3446888_3446962_75	overlap_uORF	unassigned_transcript_3005	assumed_protein_coding	MM_RS14885	MM_RS14885	assumed_protein_coding	NC_003901.1	+	ATG	3446888-3446962
unassigned_transcript_3008_3449661_3449846_186	overlap_dORF	unassigned_transcript_3008	assumed_protein_coding	MM_RS14900	MM_RS14900	assumed_protein_coding	NC_003901.1	+	ATG	3449661-3449846
unassigned_transcript_3009_3450825_3450899_75	overlap_dORF	unassigned_transcript_3009	assumed_protein_coding	MM_RS14905	MM_RS14905	assumed_protein_coding	NC_003901.1	-	ATG	3450825-3450899
unassigned_transcript_3011_3452414_3452626_213	overlap_dORF	unassigned_transcript_3011	assumed_protein_coding	MM_RS14915	MM_RS14915	assumed_protein_coding	NC_003901.1	-	ATG	3452414-3452626
unassigned_transcript_3011_3452414_3452620_207	overlap_dORF	unassigned_transcript_3011	assumed_protein_coding	MM_RS14915	MM_RS14915	assumed_protein_coding	NC_003901.1	-	ATG	3452414-3452620
unassigned_transcript_3011_3452414_3452488_75	overlap_dORF	unassigned_transcript_3011	assumed_protein_coding	MM_RS14915	MM_RS14915	assumed_protein_coding	NC_003901.1	-	ATG	3452414-3452488
unassigned_transcript_3012_3453271_3453423_153	overlap_uORF	unassigned_transcript_3012	assumed_protein_coding	MM_RS14925	MM_RS14925	assumed_protein_coding	NC_003901.1	+	ATG	3453271-3453423
unassigned_transcript_3014_3455286_3455489_204	overlap_uORF	unassigned_transcript_3014	assumed_protein_coding	MM_RS14935	MM_RS14935	assumed_protein_coding	NC_003901.1	+	ATG	3455286-3455489
unassigned_transcript_3014_3455319_3455489_171	overlap_uORF	unassigned_transcript_3014	assumed_protein_coding	MM_RS14935	MM_RS14935	assumed_protein_coding	NC_003901.1	+	ATG	3455319-3455489
unassigned_transcript_3023_3469036_3469101_66	overlap_dORF	unassigned_transcript_3023	assumed_protein_coding	MM_RS14985	MM_RS14985	assumed_protein_coding	NC_003901.1	-	ATG	3469036-3469101
unassigned_transcript_3032_3477834_3477899_66	overlap_uORF	unassigned_transcript_3032	assumed_protein_coding	MM_RS15020	MM_RS15020	assumed_protein_coding	NC_003901.1	-	ATG	3477834-3477899
unassigned_transcript_3035_3481646_3481795_150	overlap_uORF	unassigned_transcript_3035	assumed_protein_coding	MM_RS15040	MM_RS15040	assumed_protein_coding	NC_003901.1	-	ATG	3481646-3481795
unassigned_transcript_3035_3481646_3481786_141	overlap_uORF	unassigned_transcript_3035	assumed_protein_coding	MM_RS15040	MM_RS15040	assumed_protein_coding	NC_003901.1	-	ATG	3481646-3481786
unassigned_transcript_3039_3486404_3487393_990	overlap_dORF	unassigned_transcript_3039	assumed_protein_coding	MM_RS15065	MM_RS15065	assumed_protein_coding	NC_003901.1	+	ATG	3486404-3487393
unassigned_transcript_3039_3486470_3487393_924	overlap_dORF	unassigned_transcript_3039	assumed_protein_coding	MM_RS15065	MM_RS15065	assumed_protein_coding	NC_003901.1	+	ATG	3486470-3487393
unassigned_transcript_3039_3486494_3487393_900	overlap_dORF	unassigned_transcript_3039	assumed_protein_coding	MM_RS15065	MM_RS15065	assumed_protein_coding	NC_003901.1	+	ATG	3486494-3487393
unassigned_transcript_3039_3486713_3487393_681	overlap_dORF	unassigned_transcript_3039	assumed_protein_coding	MM_RS15065	MM_RS15065	assumed_protein_coding	NC_003901.1	+	ATG	3486713-3487393
unassigned_transcript_3039_3487043_3487393_351	overlap_dORF	unassigned_transcript_3039	assumed_protein_coding	MM_RS15065	MM_RS15065	assumed_protein_coding	NC_003901.1	+	ATG	3487043-3487393
unassigned_transcript_3056_3507444_3507713_270	overlap_dORF	unassigned_transcript_3056	assumed_protein_coding	MM_RS15150	MM_RS15150	assumed_protein_coding	NC_003901.1	-	ATG	3507444-3507713
unassigned_transcript_3062_3518372_3518458_87	overlap_uORF	unassigned_transcript_3062	assumed_protein_coding	MM_RS15175	MM_RS15175	assumed_protein_coding	NC_003901.1	-	ATG	3518372-3518458
unassigned_transcript_3063_3518995_3519210_216	overlap_uORF	unassigned_transcript_3063	assumed_protein_coding	MM_RS15180	MM_RS15180	assumed_protein_coding	NC_003901.1	-	ATG	3518995-3519210
unassigned_transcript_3066_3522919_3522996_78	overlap_dORF	unassigned_transcript_3066	assumed_protein_coding	MM_RS18030	MM_RS18030	assumed_protein_coding	NC_003901.1	-	ATG	3522919-3522996
unassigned_transcript_3093_3558834_3558905_72	overlap_uORF	unassigned_transcript_3093	assumed_protein_coding	MM_RS19510	MM_RS19510	assumed_protein_coding	NC_003901.1	+	ATG	3558834-3558905
unassigned_transcript_3099_3568181_3568366_186	overlap_uORF	unassigned_transcript_3099	assumed_protein_coding	MM_RS15365	MM_RS15365	assumed_protein_coding	NC_003901.1	+	ATG	3568181-3568366
unassigned_transcript_3100_3570262_3570360_99	overlap_dORF	unassigned_transcript_3100	assumed_protein_coding	MM_RS15375	MM_RS15375	assumed_protein_coding	NC_003901.1	-	ATG	3570262-3570360
unassigned_transcript_3102_3572811_3572909_99	overlap_dORF	unassigned_transcript_3102	assumed_protein_coding	MM_RS18040	MM_RS18040	assumed_protein_coding	NC_003901.1	+	ATG	3572811-3572909
unassigned_transcript_3107_3580206_3580316_111	overlap_dORF	unassigned_transcript_3107	assumed_protein_coding	MM_RS15425	MM_RS15425	assumed_protein_coding	NC_003901.1	-	ATG	3580206-3580316
unassigned_transcript_3107_3580206_3580295_90	overlap_dORF	unassigned_transcript_3107	assumed_protein_coding	MM_RS15425	MM_RS15425	assumed_protein_coding	NC_003901.1	-	ATG	3580206-3580295
unassigned_transcript_3110_3588015_3588110_96	overlap_uORF	unassigned_transcript_3110	assumed_protein_coding	MM_RS18045	MM_RS18045	assumed_protein_coding	NC_003901.1	+	ATG	3588015-3588110
unassigned_transcript_3110_3588027_3588110_84	overlap_uORF	unassigned_transcript_3110	assumed_protein_coding	MM_RS18045	MM_RS18045	assumed_protein_coding	NC_003901.1	+	ATG	3588027-3588110
unassigned_transcript_3112_3588758_3588832_75	overlap_uORF	unassigned_transcript_3112	assumed_protein_coding	MM_RS15455	MM_RS15455	assumed_protein_coding	NC_003901.1	+	ATG	3588758-3588832
unassigned_transcript_3113_3590178_3590285_108	overlap_dORF	unassigned_transcript_3113	assumed_protein_coding	MM_RS15460	MM_RS15460	assumed_protein_coding	NC_003901.1	-	ATG	3590178-3590285
unassigned_transcript_3113_3590178_3590252_75	overlap_dORF	unassigned_transcript_3113	assumed_protein_coding	MM_RS15460	MM_RS15460	assumed_protein_coding	NC_003901.1	-	ATG	3590178-3590252
unassigned_transcript_3113_3590178_3590240_63	overlap_dORF	unassigned_transcript_3113	assumed_protein_coding	MM_RS15460	MM_RS15460	assumed_protein_coding	NC_003901.1	-	ATG	3590178-3590240
unassigned_transcript_3113_3590178_3590237_60	overlap_dORF	unassigned_transcript_3113	assumed_protein_coding	MM_RS15460	MM_RS15460	assumed_protein_coding	NC_003901.1	-	ATG	3590178-3590237
unassigned_transcript_3115_3593353_3593478_126	overlap_uORF	unassigned_transcript_3115	assumed_protein_coding	MM_RS15470	MM_RS15470	assumed_protein_coding	NC_003901.1	-	ATG	3593353-3593478
unassigned_transcript_3118_3599497_3599649_153	overlap_uORF	unassigned_transcript_3118	assumed_protein_coding	MM_RS15485	MM_RS15485	assumed_protein_coding	NC_003901.1	-	ATG	3599497-3599649
unassigned_transcript_3120_3600929_3601069_141	overlap_dORF	unassigned_transcript_3120	assumed_protein_coding	MM_RS15500	MM_RS15500	assumed_protein_coding	NC_003901.1	-	ATG	3600929-3601069
unassigned_transcript_3136_3620379_3620555_177	overlap_dORF	unassigned_transcript_3136	assumed_protein_coding	MM_RS15590	MM_RS15590	assumed_protein_coding	NC_003901.1	-	ATG	3620379-3620555
unassigned_transcript_3136_3620379_3620465_87	overlap_dORF	unassigned_transcript_3136	assumed_protein_coding	MM_RS15590	MM_RS15590	assumed_protein_coding	NC_003901.1	-	ATG	3620379-3620465
unassigned_transcript_3140_3627054_3627131_78	overlap_dORF	unassigned_transcript_3140	assumed_protein_coding	MM_RS15615	MM_RS15615	assumed_protein_coding	NC_003901.1	+	ATG	3627054-3627131
unassigned_transcript_3142_3628316_3628375_60	overlap_uORF	unassigned_transcript_3142	assumed_protein_coding	MM_RS15625	MM_RS15625	assumed_protein_coding	NC_003901.1	+	ATG	3628316-3628375
unassigned_transcript_3145_3631010_3631072_63	overlap_uORF	unassigned_transcript_3145	assumed_protein_coding	MM_RS15640	MM_RS15640	assumed_protein_coding	NC_003901.1	-	ATG	3631010-3631072
unassigned_transcript_3148_3632350_3632418_69	overlap_uORF	unassigned_transcript_3148	assumed_protein_coding	MM_RS15655	MM_RS15655	assumed_protein_coding	NC_003901.1	+	ATG	3632350-3632418
unassigned_transcript_3156_3642041_3642202_162	overlap_uORF	unassigned_transcript_3156	assumed_protein_coding	MM_RS15695	MM_RS15695	assumed_protein_coding	NC_003901.1	+	ATG	3642041-3642202
unassigned_transcript_3162_3651550_3651672_123	overlap_dORF	unassigned_transcript_3162	assumed_protein_coding	MM_RS15725	MM_RS15725	assumed_protein_coding	NC_003901.1	+	ATG	3651550-3651672
unassigned_transcript_3162_3651577_3651672_96	overlap_dORF	unassigned_transcript_3162	assumed_protein_coding	MM_RS15725	MM_RS15725	assumed_protein_coding	NC_003901.1	+	ATG	3651577-3651672
unassigned_transcript_3162_3651601_3651672_72	overlap_dORF	unassigned_transcript_3162	assumed_protein_coding	MM_RS15725	MM_RS15725	assumed_protein_coding	NC_003901.1	+	ATG	3651601-3651672
unassigned_transcript_3163_3651656_3651742_87	overlap_uORF	unassigned_transcript_3163	assumed_protein_coding	MM_RS15730	MM_RS15730	assumed_protein_coding	NC_003901.1	+	ATG	3651656-3651742
unassigned_transcript_3168_3661884_3661997_114	overlap_dORF	unassigned_transcript_3168	assumed_protein_coding	MM_RS15755	MM_RS15755	assumed_protein_coding	NC_003901.1	-	ATG	3661884-3661997
unassigned_transcript_3170_3666282_3666377_96	overlap_dORF	unassigned_transcript_3170	assumed_protein_coding	MM_RS15765	MM_RS15765	assumed_protein_coding	NC_003901.1	-	ATG	3666282-3666377
unassigned_transcript_3170_3666785_3666904_120	overlap_uORF	unassigned_transcript_3170	assumed_protein_coding	MM_RS15765	MM_RS15765	assumed_protein_coding	NC_003901.1	-	ATG	3666785-3666904
unassigned_transcript_3174_3670958_3671017_60	overlap_uORF	unassigned_transcript_3174	assumed_protein_coding	MM_RS19625	MM_RS19625	assumed_protein_coding	NC_003901.1	+	ATG	3670958-3671017
unassigned_transcript_3187_3687322_3687399_78	overlap_dORF	unassigned_transcript_3187	assumed_protein_coding	MM_RS15845	MM_RS15845	assumed_protein_coding	NC_003901.1	+	ATG	3687322-3687399
unassigned_transcript_3191_3691178_3691237_60	overlap_uORF	unassigned_transcript_3191	assumed_protein_coding	MM_RS19275	MM_RS19275	assumed_protein_coding	NC_003901.1	+	ATG	3691178-3691237
unassigned_transcript_3200_3702309_3702548_240	overlap_uORF	unassigned_transcript_3200	assumed_protein_coding	MM_RS17580	MM_RS17580	assumed_protein_coding	NC_003901.1	-	ATG	3702309-3702548
unassigned_transcript_3202_3705178_3705294_117	overlap_dORF	unassigned_transcript_3202	assumed_protein_coding	MM_RS17585	MM_RS17585	assumed_protein_coding	NC_003901.1	-	ATG	3705178-3705294
unassigned_transcript_3203_3706237_3706308_72	overlap_dORF	unassigned_transcript_3203	assumed_protein_coding	MM_RS17590	MM_RS17590	assumed_protein_coding	NC_003901.1	-	ATG	3706237-3706308
unassigned_transcript_3204_3708802_3708870_69	overlap_dORF	unassigned_transcript_3204	assumed_protein_coding	MM_RS15935	MM_RS15935	assumed_protein_coding	NC_003901.1	-	ATG	3708802-3708870
unassigned_transcript_3215_3730040_3730120_81	overlap_uORF	unassigned_transcript_3215	assumed_protein_coding	MM_RS15990	MM_RS15990	assumed_protein_coding	NC_003901.1	+	ATG	3730040-3730120
unassigned_transcript_3218_3735991_3736065_75	overlap_dORF	unassigned_transcript_3218	assumed_protein_coding	MM_RS16005	MM_RS16005	assumed_protein_coding	NC_003901.1	+	ATG	3735991-3736065
unassigned_transcript_3218_3736003_3736065_63	overlap_dORF	unassigned_transcript_3218	assumed_protein_coding	MM_RS16005	MM_RS16005	assumed_protein_coding	NC_003901.1	+	ATG	3736003-3736065
unassigned_transcript_3221_3739392_3739577_186	overlap_dORF	unassigned_transcript_3221	assumed_protein_coding	MM_RS16020	MM_RS16020	assumed_protein_coding	NC_003901.1	-	ATG	3739392-3739577
unassigned_transcript_3221_3739392_3739517_126	overlap_dORF	unassigned_transcript_3221	assumed_protein_coding	MM_RS16020	MM_RS16020	assumed_protein_coding	NC_003901.1	-	ATG	3739392-3739517
unassigned_transcript_3221_3739392_3739490_99	overlap_dORF	unassigned_transcript_3221	assumed_protein_coding	MM_RS16020	MM_RS16020	assumed_protein_coding	NC_003901.1	-	ATG	3739392-3739490
unassigned_transcript_3223_3742903_3743100_198	overlap_dORF	unassigned_transcript_3223	assumed_protein_coding	MM_RS16030	MM_RS16030	assumed_protein_coding	NC_003901.1	+	ATG	3742903-3743100
unassigned_transcript_3223_3742996_3743100_105	overlap_dORF	unassigned_transcript_3223	assumed_protein_coding	MM_RS16030	MM_RS16030	assumed_protein_coding	NC_003901.1	+	ATG	3742996-3743100
unassigned_transcript_3223_3743014_3743100_87	overlap_dORF	unassigned_transcript_3223	assumed_protein_coding	MM_RS16030	MM_RS16030	assumed_protein_coding	NC_003901.1	+	ATG	3743014-3743100
unassigned_transcript_3223_3743032_3743100_69	overlap_dORF	unassigned_transcript_3223	assumed_protein_coding	MM_RS16030	MM_RS16030	assumed_protein_coding	NC_003901.1	+	ATG	3743032-3743100
unassigned_transcript_3231_3752248_3752355_108	overlap_dORF	unassigned_transcript_3231	assumed_protein_coding	MM_RS16075	MM_RS16075	assumed_protein_coding	NC_003901.1	+	ATG	3752248-3752355
unassigned_transcript_3233_3755130_3755273_144	overlap_uORF	unassigned_transcript_3233	assumed_protein_coding	MM_RS16090	MM_RS16090	assumed_protein_coding	NC_003901.1	-	ATG	3755130-3755273
unassigned_transcript_3240_3762017_3762109_93	overlap_uORF	unassigned_transcript_3240	assumed_protein_coding	MM_RS19285	MM_RS19285	assumed_protein_coding	NC_003901.1	+	ATG	3762017-3762109
unassigned_transcript_3248_3773602_3773667_66	overlap_dORF	unassigned_transcript_3248	assumed_protein_coding	MM_RS16155	MM_RS16155	assumed_protein_coding	NC_003901.1	-	ATG	3773602-3773667
unassigned_transcript_3268_3796852_3797076_225	overlap_uORF	unassigned_transcript_3268	assumed_protein_coding	MM_RS16250	MM_RS16250	assumed_protein_coding	NC_003901.1	+	ATG	3796852-3797076
unassigned_transcript_3293_3822552_3822647_96	overlap_dORF	unassigned_transcript_3293	assumed_protein_coding	MM_RS16370	MM_RS16370	assumed_protein_coding	NC_003901.1	-	ATG	3822552-3822647
unassigned_transcript_3298_3830154_3830315_162	overlap_uORF	unassigned_transcript_3298	assumed_protein_coding	MM_RS16395	MM_RS16395	assumed_protein_coding	NC_003901.1	+	ATG	3830154-3830315
unassigned_transcript_3299_3831827_3831916_90	overlap_uORF	unassigned_transcript_3299	assumed_protein_coding	MM_RS19050	MM_RS19050	assumed_protein_coding	NC_003901.1	-	ATG	3831827-3831916
unassigned_transcript_3301_3833405_3833467_63	overlap_uORF	unassigned_transcript_3301	assumed_protein_coding	MM_RS16410	MM_RS16410	assumed_protein_coding	NC_003901.1	-	ATG	3833405-3833467
unassigned_transcript_3304_3835394_3835501_108	overlap_uORF	unassigned_transcript_3304	assumed_protein_coding	MM_RS16425	MM_RS16425	assumed_protein_coding	NC_003901.1	+	ATG	3835394-3835501
unassigned_transcript_3304_3835401_3835469_69	overlap_uORF	unassigned_transcript_3304	assumed_protein_coding	MM_RS16425	MM_RS16425	assumed_protein_coding	NC_003901.1	+	ATG	3835401-3835469
unassigned_transcript_3307_3842203_3842334_132	overlap_dORF	unassigned_transcript_3307	assumed_protein_coding	MM_RS19300	MM_RS19300	assumed_protein_coding	NC_003901.1	+	ATG	3842203-3842334
unassigned_transcript_3307_3842212_3842334_123	overlap_dORF	unassigned_transcript_3307	assumed_protein_coding	MM_RS19300	MM_RS19300	assumed_protein_coding	NC_003901.1	+	ATG	3842212-3842334
unassigned_transcript_3307_3842230_3842334_105	overlap_dORF	unassigned_transcript_3307	assumed_protein_coding	MM_RS19300	MM_RS19300	assumed_protein_coding	NC_003901.1	+	ATG	3842230-3842334
unassigned_transcript_3307_3842254_3842334_81	overlap_dORF	unassigned_transcript_3307	assumed_protein_coding	MM_RS19300	MM_RS19300	assumed_protein_coding	NC_003901.1	+	ATG	3842254-3842334
unassigned_transcript_3307_3842260_3842334_75	overlap_dORF	unassigned_transcript_3307	assumed_protein_coding	MM_RS19300	MM_RS19300	assumed_protein_coding	NC_003901.1	+	ATG	3842260-3842334
unassigned_transcript_3315_3848495_3848599_105	overlap_dORF	unassigned_transcript_3315	assumed_protein_coding	MM_RS18660	MM_RS18660	assumed_protein_coding	NC_003901.1	+	ATG	3848495-3848599
unassigned_transcript_3319_3852044_3852244_201	overlap_dORF	unassigned_transcript_3319	assumed_protein_coding	MM_RS19315	MM_RS19315	assumed_protein_coding	NC_003901.1	-	ATG	3852044-3852244
unassigned_transcript_3319_3852044_3852214_171	overlap_dORF	unassigned_transcript_3319	assumed_protein_coding	MM_RS19315	MM_RS19315	assumed_protein_coding	NC_003901.1	-	ATG	3852044-3852214
unassigned_transcript_3319_3852044_3852163_120	overlap_dORF	unassigned_transcript_3319	assumed_protein_coding	MM_RS19315	MM_RS19315	assumed_protein_coding	NC_003901.1	-	ATG	3852044-3852163
unassigned_transcript_3326_3859530_3859631_102	overlap_uORF	unassigned_transcript_3326	assumed_protein_coding	MM_RS16505	MM_RS16505	assumed_protein_coding	NC_003901.1	-	ATG	3859530-3859631
unassigned_transcript_3340_3878431_3878496_66	overlap_dORF	unassigned_transcript_3340	assumed_protein_coding	MM_RS16575	MM_RS16575	assumed_protein_coding	NC_003901.1	+	ATG	3878431-3878496
unassigned_transcript_3347_3883657_3883728_72	overlap_uORF	unassigned_transcript_3347	assumed_protein_coding	MM_RS16605	MM_RS16605	assumed_protein_coding	NC_003901.1	-	ATG	3883657-3883728
unassigned_transcript_3347_3882259_3882411_153	overlap_dORF	unassigned_transcript_3347	assumed_protein_coding	MM_RS16605	MM_RS16605	assumed_protein_coding	NC_003901.1	-	ATG	3882259-3882411
unassigned_transcript_3350_3885244_3885387_144	overlap_dORF	unassigned_transcript_3350	assumed_protein_coding	MM_RS16620	MM_RS16620	assumed_protein_coding	NC_003901.1	+	ATG	3885244-3885387
unassigned_transcript_3350_3885295_3885387_93	overlap_dORF	unassigned_transcript_3350	assumed_protein_coding	MM_RS16620	MM_RS16620	assumed_protein_coding	NC_003901.1	+	ATG	3885295-3885387
unassigned_transcript_3355_3889039_3889116_78	overlap_uORF	unassigned_transcript_3355	assumed_protein_coding	MM_RS16645	MM_RS16645	assumed_protein_coding	NC_003901.1	+	ATG	3889039-3889116
unassigned_transcript_3355_3889057_3889116_60	overlap_uORF	unassigned_transcript_3355	assumed_protein_coding	MM_RS16645	MM_RS16645	assumed_protein_coding	NC_003901.1	+	ATG	3889057-3889116
unassigned_transcript_3358_3895401_3895478_78	overlap_dORF	unassigned_transcript_3358	assumed_protein_coding	MM_RS16660	MM_RS16660	assumed_protein_coding	NC_003901.1	-	ATG	3895401-3895478
unassigned_transcript_3366_3907878_3907970_93	overlap_dORF	unassigned_transcript_3366	assumed_protein_coding	MM_RS16695	MM_RS16695	assumed_protein_coding	NC_003901.1	-	ATG	3907878-3907970
unassigned_transcript_3366_3909392_3909529_138	overlap_uORF	unassigned_transcript_3366	assumed_protein_coding	MM_RS16695	MM_RS16695	assumed_protein_coding	NC_003901.1	-	ATG	3909392-3909529
unassigned_transcript_3366_3907886_3907948_63	overlap_dORF	unassigned_transcript_3366	assumed_protein_coding	MM_RS16695	MM_RS16695	assumed_protein_coding	NC_003901.1	-	ATG	3907886-3907948
unassigned_transcript_3368_3911809_3911904_96	overlap_dORF	unassigned_transcript_3368	assumed_protein_coding	MM_RS16705	MM_RS16705	assumed_protein_coding	NC_003901.1	-	ATG	3911809-3911904
unassigned_transcript_3368_3911809_3911883_75	overlap_dORF	unassigned_transcript_3368	assumed_protein_coding	MM_RS16705	MM_RS16705	assumed_protein_coding	NC_003901.1	-	ATG	3911809-3911883
unassigned_transcript_3368_3911809_3911871_63	overlap_dORF	unassigned_transcript_3368	assumed_protein_coding	MM_RS16705	MM_RS16705	assumed_protein_coding	NC_003901.1	-	ATG	3911809-3911871
unassigned_transcript_3369_3913457_3913546_90	overlap_uORF	unassigned_transcript_3369	assumed_protein_coding	MM_RS16715	MM_RS16715	assumed_protein_coding	NC_003901.1	+	ATG	3913457-3913546
unassigned_transcript_3381_3925101_3925163_63	overlap_uORF	unassigned_transcript_3381	assumed_protein_coding	MM_RS19325	MM_RS19325	assumed_protein_coding	NC_003901.1	+	ATG	3925101-3925163
unassigned_transcript_3394_3937528_3937641_114	overlap_dORF	unassigned_transcript_3394	assumed_protein_coding	MM_RS16845	MM_RS16845	assumed_protein_coding	NC_003901.1	+	ATG	3937528-3937641
unassigned_transcript_3397_3939660_3939755_96	overlap_dORF	unassigned_transcript_3397	assumed_protein_coding	MM_RS16860	MM_RS16860	assumed_protein_coding	NC_003901.1	-	ATG	3939660-3939755
unassigned_transcript_3397_3939660_3939719_60	overlap_dORF	unassigned_transcript_3397	assumed_protein_coding	MM_RS16860	MM_RS16860	assumed_protein_coding	NC_003901.1	-	ATG	3939660-3939719
unassigned_transcript_3404_3951931_3952074_144	overlap_dORF	unassigned_transcript_3404	assumed_protein_coding	MM_RS16895	MM_RS16895	assumed_protein_coding	NC_003901.1	+	ATG	3951931-3952074
unassigned_transcript_3404_3951979_3952074_96	overlap_dORF	unassigned_transcript_3404	assumed_protein_coding	MM_RS16895	MM_RS16895	assumed_protein_coding	NC_003901.1	+	ATG	3951979-3952074
unassigned_transcript_3408_3957402_3957545_144	overlap_dORF	unassigned_transcript_3408	assumed_protein_coding	MM_RS16915	MM_RS16915	assumed_protein_coding	NC_003901.1	+	ATG	3957402-3957545
unassigned_transcript_3408_3957423_3957545_123	overlap_dORF	unassigned_transcript_3408	assumed_protein_coding	MM_RS16915	MM_RS16915	assumed_protein_coding	NC_003901.1	+	ATG	3957423-3957545
unassigned_transcript_3409_3959417_3959527_111	overlap_dORF	unassigned_transcript_3409	assumed_protein_coding	MM_RS16920	MM_RS16920	assumed_protein_coding	NC_003901.1	+	ATG	3959417-3959527
unassigned_transcript_3409_3959426_3959527_102	overlap_dORF	unassigned_transcript_3409	assumed_protein_coding	MM_RS16920	MM_RS16920	assumed_protein_coding	NC_003901.1	+	ATG	3959426-3959527
unassigned_transcript_3410_3960126_3960239_114	overlap_uORF	unassigned_transcript_3410	assumed_protein_coding	MM_RS16925	MM_RS16925	assumed_protein_coding	NC_003901.1	-	ATG	3960126-3960239
unassigned_transcript_3412_3962456_3962569_114	overlap_dORF	unassigned_transcript_3412	assumed_protein_coding	MM_RS16935	MM_RS16935	assumed_protein_coding	NC_003901.1	+	ATG	3962456-3962569
unassigned_transcript_3417_3966715_3966774_60	overlap_dORF	unassigned_transcript_3417	assumed_protein_coding	MM_RS16960	MM_RS16960	assumed_protein_coding	NC_003901.1	+	ATG	3966715-3966774
unassigned_transcript_3424_3974513_3974584_72	overlap_dORF	unassigned_transcript_3424	assumed_protein_coding	MM_RS16995	MM_RS16995	assumed_protein_coding	NC_003901.1	-	ATG	3974513-3974584
unassigned_transcript_3437_3993926_3994045_120	overlap_dORF	unassigned_transcript_3437	assumed_protein_coding	MM_RS17055	MM_RS17055	assumed_protein_coding	NC_003901.1	+	ATG	3993926-3994045
unassigned_transcript_3437_3993950_3994045_96	overlap_dORF	unassigned_transcript_3437	assumed_protein_coding	MM_RS17055	MM_RS17055	assumed_protein_coding	NC_003901.1	+	ATG	3993950-3994045
unassigned_transcript_3443_4000238_4000426_189	overlap_dORF	unassigned_transcript_3443	assumed_protein_coding	MM_RS17085	MM_RS17085	assumed_protein_coding	NC_003901.1	+	ATG	4000238-4000426
unassigned_transcript_3446_4004340_4004444_105	overlap_dORF	unassigned_transcript_3446	assumed_protein_coding	MM_RS17100	MM_RS17100	assumed_protein_coding	NC_003901.1	-	ATG	4004340-4004444
unassigned_transcript_3453_4015579_4015701_123	overlap_uORF	unassigned_transcript_3453	assumed_protein_coding	MM_RS19340	MM_RS19340	assumed_protein_coding	NC_003901.1	-	ATG	4015579-4015701
unassigned_transcript_3453_4015579_4015698_120	overlap_uORF	unassigned_transcript_3453	assumed_protein_coding	MM_RS19340	MM_RS19340	assumed_protein_coding	NC_003901.1	-	ATG	4015579-4015698
unassigned_transcript_3453_4015579_4015668_90	overlap_uORF	unassigned_transcript_3453	assumed_protein_coding	MM_RS19340	MM_RS19340	assumed_protein_coding	NC_003901.1	-	ATG	4015579-4015668
unassigned_transcript_3457_4021457_4021516_60	overlap_dORF	unassigned_transcript_3457	assumed_protein_coding	MM_RS17145	MM_RS17145	assumed_protein_coding	NC_003901.1	+	ATG	4021457-4021516
unassigned_transcript_3460_4028060_4028140_81	overlap_dORF	unassigned_transcript_3460	assumed_protein_coding	MM_RS17160	MM_RS17160	assumed_protein_coding	NC_003901.1	+	ATG	4028060-4028140
unassigned_transcript_3461_4028791_4028868_78	overlap_uORF	unassigned_transcript_3461	assumed_protein_coding	MM_RS17165	MM_RS17165	assumed_protein_coding	NC_003901.1	+	ATG	4028791-4028868
unassigned_transcript_3466_4033832_4033897_66	overlap_dORF	unassigned_transcript_3466	assumed_protein_coding	MM_RS17190	MM_RS17190	assumed_protein_coding	NC_003901.1	+	ATG	4033832-4033897
unassigned_transcript_3474_4043499_4043597_99	overlap_dORF	unassigned_transcript_3474	assumed_protein_coding	MM_RS17235	MM_RS17235	assumed_protein_coding	NC_003901.1	-	ATG	4043499-4043597
unassigned_transcript_3474_4043499_4043573_75	overlap_dORF	unassigned_transcript_3474	assumed_protein_coding	MM_RS17235	MM_RS17235	assumed_protein_coding	NC_003901.1	-	ATG	4043499-4043573
unassigned_transcript_3478_4048356_4048484_129	overlap_dORF	unassigned_transcript_3478	assumed_protein_coding	MM_RS17255	MM_RS17255	assumed_protein_coding	NC_003901.1	-	ATG	4048356-4048484
unassigned_transcript_3478_4048356_4048448_93	overlap_dORF	unassigned_transcript_3478	assumed_protein_coding	MM_RS17255	MM_RS17255	assumed_protein_coding	NC_003901.1	-	ATG	4048356-4048448
unassigned_transcript_3478_4048356_4048427_72	overlap_dORF	unassigned_transcript_3478	assumed_protein_coding	MM_RS17255	MM_RS17255	assumed_protein_coding	NC_003901.1	-	ATG	4048356-4048427
unassigned_transcript_3488_4061960_4062025_66	overlap_dORF	unassigned_transcript_3488	assumed_protein_coding	MM_RS17305	MM_RS17305	assumed_protein_coding	NC_003901.1	+	ATG	4061960-4062025
unassigned_transcript_3492_4064890_4064979_90	overlap_dORF	unassigned_transcript_3492	assumed_protein_coding	MM_RS17330	MM_RS17330	assumed_protein_coding	NC_003901.1	-	ATG	4064890-4064979
unassigned_transcript_3492_4064890_4064973_84	overlap_dORF	unassigned_transcript_3492	assumed_protein_coding	MM_RS17330	MM_RS17330	assumed_protein_coding	NC_003901.1	-	ATG	4064890-4064973
unassigned_transcript_3492_4064890_4064964_75	overlap_dORF	unassigned_transcript_3492	assumed_protein_coding	MM_RS17330	MM_RS17330	assumed_protein_coding	NC_003901.1	-	ATG	4064890-4064964
unassigned_transcript_3505_4076724_4076813_90	overlap_uORF	unassigned_transcript_3505	assumed_protein_coding	MM_RS19355	MM_RS19355	assumed_protein_coding	NC_003901.1	-	ATG	4076724-4076813
unassigned_transcript_3505_4076649_4076714_66	overlap_dORF	unassigned_transcript_3505	assumed_protein_coding	MM_RS19355	MM_RS19355	assumed_protein_coding	NC_003901.1	-	ATG	4076649-4076714
unassigned_transcript_3516_4088597_4088704_108	overlap_dORF	unassigned_transcript_3516	assumed_protein_coding	MM_RS17445	MM_RS17445	assumed_protein_coding	NC_003901.1	-	ATG	4088597-4088704
unassigned_transcript_3516_4088597_4088668_72	overlap_dORF	unassigned_transcript_3516	assumed_protein_coding	MM_RS17445	MM_RS17445	assumed_protein_coding	NC_003901.1	-	ATG	4088597-4088668
