gene_id	log2FC_TE_riborex	pvalue_TE_riborex	padj_TE_riborex	baseMean_counts	log2FC_basis	TPM_RNA_NitrogenPlus	TPM_RNA_NitrogenMinus	TPM_Ribo_NitrogenPlus	TPM_Ribo_NitrogenMinus	RPKM_RNA_NitrogenPlus	RPKM_RNA_NitrogenMinus	RPKM_Ribo_NitrogenPlus	RPKM_Ribo_NitrogenMinus	FPKM_RNA_NitrogenPlus	FPKM_RNA_NitrogenMinus	FPKM_Ribo_NitrogenPlus	FPKM_Ribo_NitrogenMinus
MM_RS11770	-5.07692094342517	1.33853060209277e-22	3.51498136109563e-19	962.777957396066	raw_counts / DESeq2 median-of-ratios (via riborex)	0.351	0.031	9.771	0.499	74.482	6.737	581.888	22.195	74.482	6.737	581.888	22.195
MM_RS11765	-5.34102681967472	1.23106247069813e-19	1.61638502402665e-16	1183.53961377299	raw_counts / DESeq2 median-of-ratios (via riborex)	0.408	0.032	6.201	0.268	87.107	6.815	374.052	12.322	87.107	6.815	374.052	12.322
MM_RS11775	-4.60393650162956	2.8800198555499e-19	2.52097738022468e-16	677.763411098572	raw_counts / DESeq2 median-of-ratios (via riborex)	0.173	0.02	10.091	0.656	36.838	4.347	586.294	29.859	36.838	4.347	586.294	29.859
MM_RS16525	4.77796278024434	9.61798191356858e-18	6.31420512625777e-15	8930.64845702236	raw_counts / DESeq2 median-of-ratios (via riborex)	0.905	6.411	5.077	222.172	193.106	1351.962	296.1	10301.388	193.106	1351.962	296.1	10301.388
MM_RS11110	-4.33570871785717	2.46755594142021e-17	1.29596038043389e-14	1436.31499483472	raw_counts / DESeq2 median-of-ratios (via riborex)	5.654	1.048	54.028	4.533	1203.268	224.106	3216.103	207.44	1203.268	224.106	3216.103	207.44
MM_RS05760	-3.99353644274456	1.04618341410845e-15	4.578796075748e-13	1264.42005387065	raw_counts / DESeq2 median-of-ratios (via riborex)	1.654	0.207	22.02	2.316	352.329	44.461	1304.459	105.488	352.329	44.461	1304.459	105.488
MM_RS11085	-4.00076634557979	1.42350574243154e-15	5.34018011375032e-13	758.79358816185	raw_counts / DESeq2 median-of-ratios (via riborex)	1.926	0.453	41.32	4.241	410.629	95.556	2425.82	190.114	410.629	95.556	2425.82	190.114
MM_RS05000	5.96345244417009	3.89172312496051e-15	1.27745811576829e-12	664.567353880346	raw_counts / DESeq2 median-of-ratios (via riborex)	0.083	6.659	0.912	103.507	17.766	1432.527	55.571	4515.955	17.766	1432.527	55.571	4515.955
MM_RS11020	-4.09888875722926	1.38102319946957e-14	4.02951880200787e-12	776.228810592737	raw_counts / DESeq2 median-of-ratios (via riborex)	2.225	0.54	44.119	4.26	473.015	112.343	2609.815	196.899	473.015	112.343	2609.815	196.899
MM_RS11000	-3.55199520708171	3.76100812316385e-13	9.87640733142826e-11	1599.56198944724	raw_counts / DESeq2 median-of-ratios (via riborex)	1.382	0.24	26.866	3.819	293.14	50.907	1586.379	172.197	293.14	50.907	1586.379	172.197
MM_RS11005	-4.15496422758887	1.97327745534515e-12	4.7107514524876e-10	1505.42624243165	raw_counts / DESeq2 median-of-ratios (via riborex)	1.21	0.355	43.412	4.238	258.252	74.331	2608.635	195.753	258.252	74.331	2608.635	195.753
MM_RS11015	-4.35786213159597	3.39962532670386e-12	6.97235197951204e-10	1219.27637313419	raw_counts / DESeq2 median-of-ratios (via riborex)	1.098	0.288	35.237	3.221	233.58	60.188	2167.035	144.496	233.58	60.188	2167.035	144.496
MM_RS11100	-3.92222176890757	3.45165939579804e-12	6.97235197951204e-10	761.680246890585	raw_counts / DESeq2 median-of-ratios (via riborex)	1.374	0.26	19.903	2.291	292.867	55.541	1197.452	104.977	292.867	55.541	1197.452	104.977
MM_RS11070	-4.50274250820114	4.63784760564796e-12	8.69927700887968e-10	366.917903505751	raw_counts / DESeq2 median-of-ratios (via riborex)	7.143	1.641	395.171	25.779	1511.417	343.679	22457.192	1167.577	1511.417	343.679	22457.192	1167.577
MM_RS11080	-3.63406895673331	8.60299675120785e-12	1.50609796457812e-09	764.800153464546	raw_counts / DESeq2 median-of-ratios (via riborex)	1.404	0.285	31.609	4.132	299.76	60.024	1851.078	187.235	299.76	60.024	1851.078	187.235
MM_RS11095	-3.9836161773026	2.16681230213198e-11	3.55628069087411e-09	1018.6188430365	raw_counts / DESeq2 median-of-ratios (via riborex)	1.934	0.386	39.152	4.35	411.859	81.573	2364.406	201.765	411.859	81.573	2364.406	201.765
MM_RS03825	5.71440894239467	3.45840367091457e-11	5.34221649401275e-09	883.199076863192	raw_counts / DESeq2 median-of-ratios (via riborex)	0.058	14.661	2.069	196.368	12.11	3091.752	126.115	8941.086	12.11	3091.752	126.115	8941.086
MM_RS11760	-4.90898367548956	6.04952820199389e-11	8.82558947690887e-09	934.712333063453	raw_counts / DESeq2 median-of-ratios (via riborex)	0.628	0.104	13.666	0.767	135.029	21.765	810.719	34.768	135.029	21.765	810.719	34.768
MM_RS03790	4.78111828587536	7.35634491527588e-11	1.01672430250076e-08	2853.9514178418	raw_counts / DESeq2 median-of-ratios (via riborex)	0.111	2.782	1.756	80.805	23.898	579.169	104.204	3792.989	23.898	579.169	104.204	3792.989
MM_RS00730	4.70223436912324	9.57408774167244e-11	1.19721687664914e-08	6511.8072012815	raw_counts / DESeq2 median-of-ratios (via riborex)	14.631	312.625	95.281	4052.762	3072.115	66275.32	5591.424	184027.007	3072.115	66275.32	5591.424	184027.007
MM_RS11055	-3.88158219064364	9.15213647474026e-11	1.19721687664914e-08	587.241845043238	raw_counts / DESeq2 median-of-ratios (via riborex)	0.704	0.23	61.024	7.249	150.391	48.073	3655.532	320.909	150.391	48.073	3655.532	320.909
MM_RS11090	-3.99069805003979	1.41082432955989e-10	1.68401122246558e-08	981.448633922393	raw_counts / DESeq2 median-of-ratios (via riborex)	1.923	0.488	53.534	5.785	411.865	102.322	3198.641	263.912	411.865	102.322	3198.641	263.912
MM_RS11735	-3.06808540544122	1.52873405821191e-10	1.74541549428891e-08	3420.30635267267	raw_counts / DESeq2 median-of-ratios (via riborex)	1.078	0.33	26.212	5.176	229.817	70.084	1543.069	231.71	229.817	70.084	1543.069	231.71
MM_RS03795	5.20517491603334	1.79547428605547e-10	1.96454811465903e-08	889.509817432286	raw_counts / DESeq2 median-of-ratios (via riborex)	0.056	1.765	0.346	25.436	12	368.879	21.932	1184.535	12	368.879	21.932	1184.535
MM_RS00015	-3.50277148834712	3.46172948630514e-10	3.63620065241491e-08	1110.56106568634	raw_counts / DESeq2 median-of-ratios (via riborex)	1.057	0.136	17.08	2.673	225.366	28.973	1031.302	121.237	225.366	28.973	1031.302	121.237
MM_RS11075	-3.40651502207131	3.81028266091787e-10	3.84838548752705e-08	263.260840562233	raw_counts / DESeq2 median-of-ratios (via riborex)	0.868	0.158	15.267	2.355	185.112	32.954	894.675	105.546	185.112	32.954	894.675	105.546
MM_RS18200	7.4946658979355	8.04418328723282e-10	7.82371307861977e-08	1271.70408610072	raw_counts / DESeq2 median-of-ratios (via riborex)	0.242	79.643	8.051	2822.759	51.11	16845.398	508.589	134797.892	51.11	16845.398	508.589	134797.892
MM_RS09785	10.8167323143537	1.18673982863379e-09	1.11299242499726e-07	109.742218461521	raw_counts / DESeq2 median-of-ratios (via riborex)	0.074	0.181	0	1.413	15.499	39.032	0	66.194	15.499	39.032	0	66.194
MM_RS11025	-4.10798067986042	2.48134904410207e-09	2.24690434131449e-07	671.08948933795	raw_counts / DESeq2 median-of-ratios (via riborex)	1.015	0.183	41.575	4.025	218.025	38.425	2457.363	182.195	218.025	38.425	2457.363	182.195
MM_RS11065	-3.75491214693873	3.70129525587686e-09	3.23986711397754e-07	603.579748185464	raw_counts / DESeq2 median-of-ratios (via riborex)	0.726	0.213	32.304	4.149	155.454	44.526	1930.589	185.015	155.454	44.526	1930.589	185.015
MM_RS11105	-4.17000055123456	4.12670633190584e-09	3.49571962180153e-07	570.038450238949	raw_counts / DESeq2 median-of-ratios (via riborex)	1.502	0.281	24.496	2.406	322.551	60.146	1473.774	107.327	322.551	60.146	1473.774	107.327
MM_RS03765	6.84424571317086	6.46826270793686e-09	5.30801808470069e-07	2992.16211046861	raw_counts / DESeq2 median-of-ratios (via riborex)	0.023	3.819	0.751	195.069	5.061	797.33	49.955	9018.278	5.061	797.33	49.955	9018.278
MM_RS04990	6.3746792058925	8.06392516271698e-09	6.41692953857418e-07	2045.18026198325	raw_counts / DESeq2 median-of-ratios (via riborex)	0.059	5.478	0.381	69.91	12.809	1176.559	25.059	3196.023	12.809	1176.559	25.059	3196.023
MM_RS03905	-4.27864922293521	8.67194905519445e-09	6.69780535851195e-07	1373.78942133891	raw_counts / DESeq2 median-of-ratios (via riborex)	0.446	0.047	14.988	1.322	93.687	10.035	890.905	58.457	93.687	10.035	890.905	58.457
MM_RS00020	-4.06948043288911	2.00930201023194e-08	1.50499420765326e-06	638.663959357835	raw_counts / DESeq2 median-of-ratios (via riborex)	0.744	0.092	12.283	1.269	159.798	19.935	733.997	56.514	159.798	19.935	733.997	56.514
MM_RS18300	-3.36765708130219	2.0632060729443e-08	1.50499420765326e-06	1075.7114781734	raw_counts / DESeq2 median-of-ratios (via riborex)	7.809	1.425	668.163	118.151	1663.064	299.866	40738.949	5344.69	1663.064	299.866	40738.949	5344.69
MM_RS03900	4.29135577952653	3.78404080149677e-08	2.68564625533257e-06	120.486961921424	raw_counts / DESeq2 median-of-ratios (via riborex)	0.16	0.732	0.475	15.039	34.138	156.702	27.548	641.573	34.138	156.702	27.548	641.573
MM_RS11745	-2.76850427915313	5.46948417742017e-08	3.77970143418562e-06	608.718906076507	raw_counts / DESeq2 median-of-ratios (via riborex)	1.314	0.406	35.647	8.346	278.527	84.359	2072.344	373.891	278.527	84.359	2072.344	373.891
MM_RS06995	2.97396617371195	6.10610827206534e-08	4.111446236524e-06	528.899740451446	raw_counts / DESeq2 median-of-ratios (via riborex)	0.725	2.083	5.271	64.894	154.419	435.083	304.147	2869.141	154.419	435.083	304.147	2869.141
MM_RS01025	-2.99557364091877	6.96680985996907e-08	4.57371067306969e-06	1470.80657380796	raw_counts / DESeq2 median-of-ratios (via riborex)	1.621	0.44	50.401	11.268	344.156	93.397	3048.861	511.894	344.156	93.397	3048.861	511.894
MM_RS00025	-3.69182891445016	7.54970729938454e-08	4.73667007720138e-06	717.047785019891	raw_counts / DESeq2 median-of-ratios (via riborex)	0.795	0.085	9.64	1.396	170.153	17.779	592.896	62.87	170.153	17.779	592.896	62.87
MM_RS11040	-3.33095194797487	7.57578610976611e-08	4.73667007720138e-06	270.128668096702	raw_counts / DESeq2 median-of-ratios (via riborex)	2.126	0.409	7.306	1.299	453.555	88.067	440.223	57.584	453.555	88.067	440.223	57.584
MM_RS12765	-3.28466698552035	9.38027657350259e-08	5.72851308884135e-06	594.981650870181	raw_counts / DESeq2 median-of-ratios (via riborex)	1.837	0.323	28.474	5.305	392.077	68.113	1733.604	240.324	392.077	68.113	1733.604	240.324
MM_RS12790	-3.00902140934288	1.21712145403004e-07	7.26400213246112e-06	928.27402125207	raw_counts / DESeq2 median-of-ratios (via riborex)	3.526	0.985	55.805	11.867	745.461	209.002	3322.963	532.229	745.461	209.002	3322.963	532.229
MM_RS04995	5.24028226610034	1.5441514791921e-07	9.0109817430188e-06	388.388750808845	raw_counts / DESeq2 median-of-ratios (via riborex)	0.036	6.313	1.187	83.913	7.551	1351.114	73.522	3863.418	7.551	1351.114	73.522	3863.418
MM_RS03780	5.77836180760658	2.22231731212117e-07	1.26865331774569e-05	2284.10362971419	raw_counts / DESeq2 median-of-ratios (via riborex)	0.023	2.036	0.535	68.173	4.9	425.467	35.939	3132.558	4.9	425.467	35.939	3132.558
MM_RS03830	5.73209307753617	2.4554910205442e-07	1.36139352569538e-05	2712.57165921809	raw_counts / DESeq2 median-of-ratios (via riborex)	0.083	11.679	1.038	112.029	17.332	2475.612	65.79	4998.497	17.332	2475.612	65.79	4998.497
MM_RS05945	-3.07702876749805	2.48845732038759e-07	1.36139352569538e-05	317.23167022193	raw_counts / DESeq2 median-of-ratios (via riborex)	0.3	0.049	3.67	0.7	63.323	10.566	214.26	31.588	63.323	10.566	214.26	31.588
MM_RS02320	-3.24933111708146	3.09230156745611e-07	1.65722120737546e-05	273.730841093485	raw_counts / DESeq2 median-of-ratios (via riborex)	0.118	0.012	0.59	0.113	25.192	2.482	35.933	5.082	25.192	2.482	35.933	5.082
MM_RS11030	-4.39520438352804	3.36035452424372e-07	1.73025313346353e-05	936.02217052571	raw_counts / DESeq2 median-of-ratios (via riborex)	0.698	0.188	18.872	1.709	150.425	39.807	1164.519	75.058	150.425	39.807	1164.519	75.058
MM_RS02110	3.2953626107922	3.33968263386655e-07	1.73025313346353e-05	844.211800538694	raw_counts / DESeq2 median-of-ratios (via riborex)	0.112	1.89	2.601	41.045	23.761	403.126	150.985	1766.059	23.761	403.126	150.985	1766.059
MM_RS10710	-2.51674900865665	3.53427092524175e-07	1.78480681724708e-05	1172.31698085251	raw_counts / DESeq2 median-of-ratios (via riborex)	3.673	1.771	41.538	11.759	781.351	372.9	2434.353	539.862	781.351	372.9	2434.353	539.862
MM_RS09975	3.36749948205576	4.74958327426963e-07	2.35328409023246e-05	182.851746955584	raw_counts / DESeq2 median-of-ratios (via riborex)	0.625	2.725	4.642	82.087	132.992	575.997	276.045	3577.836	132.992	575.997	276.045	3577.836
MM_RS09940	-2.87269241609686	4.84531907166305e-07	2.35626071892355e-05	284.698991735135	raw_counts / DESeq2 median-of-ratios (via riborex)	0.133	0.041	3.003	0.707	28.119	8.855	179.531	31.959	28.119	8.855	179.531	31.959
MM_RS12785	-2.64606700481335	5.75240321286606e-07	2.74651106127023e-05	492.923183140122	raw_counts / DESeq2 median-of-ratios (via riborex)	7.152	1.422	65.255	17.701	1516.872	307.638	3883.748	805.422	1516.872	307.638	3883.748	805.422
MM_RS19375	4.29887667897273	6.72981021069311e-07	3.15580028808573e-05	2547.76077663444	raw_counts / DESeq2 median-of-ratios (via riborex)	10.85	170.914	266.966	7568.798	2284.157	35617.486	15119.739	364773.474	2284.157	35617.486	15119.739	364773.474
MM_RS01325	2.82746476351681	7.31894685333164e-07	3.31371628221533e-05	1781.91509855961	raw_counts / DESeq2 median-of-ratios (via riborex)	0.17	2.686	3.848	48.103	36.24	571.387	231.248	2134.894	36.24	571.387	231.248	2134.894
MM_RS11725	-2.64215139947513	7.25770602828517e-07	3.31371628221533e-05	947.563615774984	raw_counts / DESeq2 median-of-ratios (via riborex)	3.232	1.219	101.366	25.742	689.499	254.587	5896.415	1180.975	689.499	254.587	5896.415	1180.975
MM_RS12725	-3.74307596726212	9.88861632345935e-07	4.32791774423404e-05	223.528254095188	raw_counts / DESeq2 median-of-ratios (via riborex)	0.35	0.071	3.662	0.541	74.275	15.267	228.103	23.482	74.275	15.267	228.103	23.482
MM_RS04225	-2.81405565833416	9.87608692827277e-07	4.32791774423404e-05	1533.34071057389	raw_counts / DESeq2 median-of-ratios (via riborex)	2.25	1.868	255.362	63.683	478.017	394.777	15381.377	2937.592	478.017	394.777	15381.377	2937.592
MM_RS14720	9.03752318654621	1.08876281072711e-06	4.68703465732685e-05	84.8509802716698	raw_counts / DESeq2 median-of-ratios (via riborex)	0.123	0	0	0.575	26.658	0	0	24.428	26.658	0	0	24.428
MM_RS02375	-2.36010710415038	1.22741475794709e-06	5.19869541027267e-05	836.85087692071	raw_counts / DESeq2 median-of-ratios (via riborex)	0.532	0.29	11.266	3.468	113.29	61.141	653.653	156.824	113.29	61.141	653.653	156.824
MM_RS11045	-3.54246778429299	1.27868122277195e-06	5.32025054969859e-05	375.903663095553	raw_counts / DESeq2 median-of-ratios (via riborex)	0.371	0.192	44.204	6.601	79.636	40.967	2657.482	304.67	79.636	40.967	2657.482	304.67
MM_RS09105	-2.53330322761858	1.29663379733705e-06	5.32025054969859e-05	1904.96622928792	raw_counts / DESeq2 median-of-ratios (via riborex)	7.316	2.122	68.317	19.211	1548.26	449.675	4004.788	872.599	1548.26	449.675	4004.788	872.599
MM_RS12650	4.21074909162005	1.35633701163479e-06	5.47960152700454e-05	143.471216274104	raw_counts / DESeq2 median-of-ratios (via riborex)	0.029	0.847	0.503	16.142	6.284	181.044	30.156	714.289	6.284	181.044	30.156	714.289
MM_RS11060	-3.73257538247985	1.44583039246983e-06	5.7526524403421e-05	734.581299301032	raw_counts / DESeq2 median-of-ratios (via riborex)	0.357	0.144	27.483	3.523	76.916	30.113	1633.614	157.716	76.916	30.113	1633.614	157.716
MM_RS11730	-2.88600126066793	1.51646360191228e-06	5.89967590007915e-05	5610.48960906386	raw_counts / DESeq2 median-of-ratios (via riborex)	1.649	0.747	88.171	21.9	351.761	157.187	5383.795	985.543	351.761	157.187	5383.795	985.543
MM_RS06020	2.44829464650594	1.52771500839826e-06	5.89967590007915e-05	557.794269279033	raw_counts / DESeq2 median-of-ratios (via riborex)	0.507	2.521	3.209	27.669	107.662	536.414	185.874	1237.348	107.662	536.414	185.874	1237.348
MM_RS04805	-2.83872275178632	1.67758873037851e-06	6.38456232749851e-05	250.181894084709	raw_counts / DESeq2 median-of-ratios (via riborex)	0.387	0.069	3.157	0.737	82.131	15.185	185.07	31.982	82.131	15.185	185.07	31.982
MM_RS12770	-2.63227726822255	1.74502171903586e-06	6.54632433455453e-05	1531.80990582754	raw_counts / DESeq2 median-of-ratios (via riborex)	1.158	0.195	7.776	1.933	246.562	41.591	446.188	85	246.562	41.591	446.188	85
MM_RS13735	-3.34362588351381	2.03058257821076e-06	7.51029556391755e-05	383.348687142968	raw_counts / DESeq2 median-of-ratios (via riborex)	0.395	0.072	5.531	1.008	83.315	15.162	337.778	44.579	83.315	15.162	337.778	44.579
MM_RS16090	4.14576198274389	2.09551083264539e-06	7.64279367573166e-05	1190.5022936127	raw_counts / DESeq2 median-of-ratios (via riborex)	0.098	1.413	1.663	59.471	20.602	293.723	105.528	2729.3	20.602	293.723	105.528	2729.3
MM_RS02105	3.12962965645382	2.23039051095613e-06	8.02329518050795e-05	880.616888986605	raw_counts / DESeq2 median-of-ratios (via riborex)	0.379	4.673	3.628	54.979	80.11	1004.455	216.28	2385.35	80.11	1004.455	216.28	2385.35
MM_RS11050	-3.57677749966346	2.72105592589391e-06	9.40196429131237e-05	408.968083064043	raw_counts / DESeq2 median-of-ratios (via riborex)	0.49	0.207	34.092	4.797	105.491	44.355	2012.949	212.06	105.491	44.355	2012.949	212.06
MM_RS04540	-2.99462885533987	2.70748666860134e-06	9.40196429131237e-05	165.874101568173	raw_counts / DESeq2 median-of-ratios (via riborex)	0.688	0.266	6.812	1.48	147.068	56.388	405.032	64.919	147.068	56.388	405.032	64.919
MM_RS11740	-2.9468921569985	2.70565223708319e-06	9.40196429131237e-05	899.101778968519	raw_counts / DESeq2 median-of-ratios (via riborex)	0.943	0.428	35.847	8.328	201.766	90.194	2172.117	378.305	201.766	90.194	2172.117	378.305
MM_RS05025	3.68803373176066	2.7853547679945e-06	9.49914496201762e-05	4604.12785874865	raw_counts / DESeq2 median-of-ratios (via riborex)	0.288	4.204	7.298	153.011	60.369	888.412	427.307	6888.759	60.369	888.412	427.307	6888.759
MM_RS12125	-2.69459393241329	3.14828232936574e-06	0.000105992171755313	1846.10339637391	raw_counts / DESeq2 median-of-ratios (via riborex)	24.51	2.877	512.006	132.829	5240.045	622.426	30224.973	5829.459	5240.045	622.426	30224.973	5829.459
MM_RS11010	-4.35289908140207	3.18971311935871e-06	0.000106027679132101	234.31104971077	raw_counts / DESeq2 median-of-ratios (via riborex)	0.91	0.314	46.439	3.871	196.768	64.503	2775.316	179.458	196.768	64.503	2775.316	179.458
MM_RS02100	3.67085133748999	3.24083620763245e-06	0.000106380448515535	3048.20094739019	raw_counts / DESeq2 median-of-ratios (via riborex)	0.256	3.993	2.549	50.475	53.919	869.917	146.292	2144.234	53.919	869.917	146.292	2144.234
MM_RS03805	4.29221216341687	3.96636282230886e-06	0.000128588503350408	111.64884663487	raw_counts / DESeq2 median-of-ratios (via riborex)	0.02	1.196	0.242	8.717	4.233	250.334	14.909	390.59	4.233	250.334	14.909	390.59
MM_RS05270	-2.31467100214839	4.11414936162011e-06	0.000131753124678224	2743.56750520964	raw_counts / DESeq2 median-of-ratios (via riborex)	3.159	0.796	29.835	9.95	669.301	169.056	1755.93	441.848	669.301	169.056	1755.93	441.848
MM_RS10855	-2.99530599054202	4.721782859203e-06	0.000149390382991169	152.661919112469	raw_counts / DESeq2 median-of-ratios (via riborex)	0.112	0.018	6.392	1.37	23.922	3.757	381.012	61.988	23.922	3.757	381.012	61.988
MM_RS03700	2.89161884712656	4.94596603491407e-06	0.000154620319139099	945.801170875346	raw_counts / DESeq2 median-of-ratios (via riborex)	0.264	2.34	2.589	35.717	56.383	504.182	158.841	1600.152	56.383	504.182	158.841	1600.152
MM_RS01320	2.77778903558124	5.1273943842457e-06	0.000158373068281283	407.600656494915	raw_counts / DESeq2 median-of-ratios (via riborex)	0.475	5.47	5.007	57.443	101.412	1170.987	295.053	2501.031	101.412	1170.987	295.053	2501.031
MM_RS03890	-2.67447358594566	5.1866275217785e-06	0.000158373068281283	131.703029455227	raw_counts / DESeq2 median-of-ratios (via riborex)	0.115	0.038	0.894	0.234	24.471	8.045	52.632	10.379	24.471	8.045	52.632	10.379
MM_RS15820	-2.4175861003588	5.50209657328185e-06	0.000166074777028025	390.460252612627	raw_counts / DESeq2 median-of-ratios (via riborex)	0.091	0.027	0.679	0.2	19.224	5.853	39.278	8.943	19.224	5.853	39.278	8.943
MM_RS15745	-3.22477068715306	5.65203739912301e-06	0.000168661934205648	6224.13934250614	raw_counts / DESeq2 median-of-ratios (via riborex)	1.515	0.35	29.325	5.991	324.246	74.479	1819.325	273.535	324.246	74.479	1819.325	273.535
MM_RS11035	-4.30087674953363	6.54633893244112e-06	0.000193153775692027	351.013302204561	raw_counts / DESeq2 median-of-ratios (via riborex)	3.595	1.553	98.244	9.535	775.769	323.088	6118.443	442.103	775.769	323.088	6118.443	442.103
MM_RS00010	-2.66053034580608	7.25215705747203e-06	0.000211601827032462	2403.37202767957	raw_counts / DESeq2 median-of-ratios (via riborex)	1.071	0.31	23.105	6.413	227.882	65.895	1393.261	298.655	227.882	65.895	1393.261	298.655
MM_RS04190	2.86874235521958	8.70925725821419e-06	0.000251324280879895	382.497844190514	raw_counts / DESeq2 median-of-ratios (via riborex)	0.896	3.144	12.529	137.851	191.536	668.677	713.998	6132.36	191.536	668.677	713.998	6132.36
MM_RS16550	-2.70360621490381	9.4087179233046e-06	0.000268557535506499	443.006800178509	raw_counts / DESeq2 median-of-ratios (via riborex)	0.19	0.069	5.309	1.424	40.592	14.567	318.244	63.579	40.592	14.567	318.244	63.579
MM_RS11150	-2.42319397158618	1.03128035367819e-05	0.000291198086963326	282.21380208061	raw_counts / DESeq2 median-of-ratios (via riborex)	0.335	0.115	3.171	0.996	71.023	23.837	187.356	44.07	71.023	23.837	187.356	44.07
MM_RS12780	-2.3863393661318	1.06173349499472e-05	0.000296607676367675	809.608478167137	raw_counts / DESeq2 median-of-ratios (via riborex)	13.103	4.718	292.187	86.766	2778.558	1016.025	16817.628	3842.363	2778.558	1016.025	16817.628	3842.363
MM_RS07375	-2.62759035369196	1.08349709510337e-05	0.000299501407551732	658.521082713692	raw_counts / DESeq2 median-of-ratios (via riborex)	0.44	0.137	3.903	1.151	93.447	29.309	236.986	50.61	93.447	29.309	236.986	50.61
MM_RS03800	4.86392591217544	1.18846546286442e-05	0.000325094823487705	282.99955364129	raw_counts / DESeq2 median-of-ratios (via riborex)	0.021	0.884	0.297	17.591	4.355	184.054	18.998	816.508	4.355	184.054	18.998	816.508
MM_RS09130	-2.59883594380296	1.20665122333943e-05	0.000326666609534982	2729.40984708573	raw_counts / DESeq2 median-of-ratios (via riborex)	2.835	0.654	72.62	19.091	599.552	139.36	4235.616	888.135	599.552	139.36	4235.616	888.135
MM_RS07125	-2.35647430247198	1.33091970699204e-05	0.000356632158220519	437.252169737715	raw_counts / DESeq2 median-of-ratios (via riborex)	0.218	0.052	2.31	0.751	46.359	11.024	135.747	32.846	46.359	11.024	135.747	32.846
MM_RS00030	-4.46028298587552	1.47909667461032e-05	0.000392334128032999	729.605935797757	raw_counts / DESeq2 median-of-ratios (via riborex)	1.008	0.092	23.933	2.042	218.385	19.644	1471.093	90.557	218.385	19.644	1471.093	90.557
MM_RS05045	-2.77600378520133	1.62249375657226e-05	0.000426066860475875	526.67831043311	raw_counts / DESeq2 median-of-ratios (via riborex)	0.412	0.222	14.756	3.82	87.878	47.455	885.459	164.826	87.878	47.455	885.459	164.826
MM_RS03785	4.79564393841834	1.66437571998728e-05	0.000432737687196692	1529.77491240349	raw_counts / DESeq2 median-of-ratios (via riborex)	0.144	8.755	0.806	50.271	31.012	1833.238	53.424	2330.644	31.012	1833.238	53.424	2330.644
MM_RS12860	-3.20725974260223	1.74180291421764e-05	0.000448428867915248	324.97723861579	raw_counts / DESeq2 median-of-ratios (via riborex)	0.21	0.055	2.721	0.573	44.847	11.713	168.57	24.67	44.847	11.713	168.57	24.67
MM_RS05040	-2.32948825300015	1.88218904955663e-05	0.000479866839236477	964.417573264944	raw_counts / DESeq2 median-of-ratios (via riborex)	0.477	0.202	9.507	3.333	101.399	42.729	570.89	147.204	101.399	42.729	570.89	147.204
MM_RS12775	-2.53745786384389	1.95159194940909e-05	0.000492776967225795	1012.8547789751	raw_counts / DESeq2 median-of-ratios (via riborex)	3.309	0.896	37.539	10.189	699.474	192.059	2169.226	447.803	699.474	192.059	2169.226	447.803
MM_RS17315	5.45767451281583	2.01881221556685e-05	0.000504895321721766	937.719471073178	raw_counts / DESeq2 median-of-ratios (via riborex)	0.007	1.634	0.992	79.457	1.587	341.886	60.806	3759.787	1.587	341.886	60.806	3759.787
MM_RS03280	-3.95725828764432	2.1534620995958e-05	0.000533489761654583	3712.18010305804	raw_counts / DESeq2 median-of-ratios (via riborex)	1.994	0.477	64.183	9.052	426.451	102.141	4194.06	408.857	426.451	102.141	4194.06	408.857
MM_RS05575	-3.54756223335123	2.66666132513211e-05	0.00065445351773803	6157.19677078788	raw_counts / DESeq2 median-of-ratios (via riborex)	1.501	0.445	122.507	22.114	320.686	94.551	7872.086	981.094	320.686	94.551	7872.086	981.094
MM_RS14705	2.18562653498653	3.00733578623953e-05	0.000725197942534421	1207.90170436877	raw_counts / DESeq2 median-of-ratios (via riborex)	1.743	2.679	20.51	149.845	369.612	570.288	1193.492	6612.587	369.612	570.288	1193.492	6612.587
MM_RS16605	-2.01126321734141	3.01015139894333e-05	0.000725197942534421	950.79520775034	raw_counts / DESeq2 median-of-ratios (via riborex)	0.845	0.292	6.392	2.511	179.414	62.71	371.055	113.392	179.414	62.71	371.055	113.392
MM_RS10225	-2.07743657557283	3.0696366380828e-05	0.00073280598287322	447.315320172264	raw_counts / DESeq2 median-of-ratios (via riborex)	0.316	0.081	2.837	1.08	67.166	17.152	165.224	48.157	67.166	17.152	165.224	48.157
MM_RS12865	-3.3406706127118	3.2577050601889e-05	0.00077069671063568	182.518376767399	raw_counts / DESeq2 median-of-ratios (via riborex)	0.096	0.025	1.841	0.348	20.433	5.462	112.879	14.693	20.433	5.462	112.879	14.693
MM_RS06700	-2.8452762626849	3.30739395505122e-05	0.000775465761246831	723.729983280222	raw_counts / DESeq2 median-of-ratios (via riborex)	0.566	0.092	8.667	2.18	119.232	19.961	525.589	96.708	119.232	19.961	525.589	96.708
MM_RS09395	-2.47541064749499	3.55666978465295e-05	0.00082653228800873	840.998189846013	raw_counts / DESeq2 median-of-ratios (via riborex)	1.996	0.728	117.022	36.774	421.736	151.412	7025.048	1662.671	421.736	151.412	7025.048	1662.671
MM_RS09115	-2.15058008235623	3.61568320660288e-05	0.000832875798292909	806.421309208576	raw_counts / DESeq2 median-of-ratios (via riborex)	20.591	6.952	183.328	65.675	4394.814	1465.579	10647.497	2941.87	4394.814	1465.579	10647.497	2941.87
MM_RS15485	-2.56367356000318	3.69370180026648e-05	0.000836177666163773	134.775414809345	raw_counts / DESeq2 median-of-ratios (via riborex)	0.118	0.031	0.982	0.29	25.141	6.505	58.949	13.036	25.141	6.505	58.949	13.036
MM_RS04545	-2.53727002753832	3.6795680678638e-05	0.000836177666163773	539.373337330023	raw_counts / DESeq2 median-of-ratios (via riborex)	0.386	0.117	6.591	2.067	81.832	25.572	400.638	91.862	81.832	25.572	400.638	91.862
MM_RS01555	-2.47129794074255	3.75487581339466e-05	0.000842761015895245	888.881878801303	raw_counts / DESeq2 median-of-ratios (via riborex)	0.277	0.072	3.572	1.162	58.559	15.27	216.625	51.965	58.559	15.27	216.625	51.965
MM_RS00410	2.7009196869215	3.83994661636632e-05	0.000854550831743894	253.310047550768	raw_counts / DESeq2 median-of-ratios (via riborex)	0.17	0.363	0.535	6.198	36.338	77.204	32.361	278.475	36.338	77.204	32.361	278.475
MM_RS04470	-2.4231180704249	4.31794376074375e-05	0.000952850446698578	232.777412912403	raw_counts / DESeq2 median-of-ratios (via riborex)	0.23	0.096	6.315	1.985	48.866	20.233	375.828	91.711	48.866	20.233	375.828	91.711
MM_RS09110	-2.08969683783454	4.36882494523847e-05	0.000956044525516351	1342.23545490311	raw_counts / DESeq2 median-of-ratios (via riborex)	5.74	1.873	48.815	17.848	1219.631	394.085	2822.621	819.278	1219.631	394.085	2822.621	819.278
MM_RS13030	-2.85350302427565	4.54479571742203e-05	0.000978248651963135	317.398694536393	raw_counts / DESeq2 median-of-ratios (via riborex)	7.946	3.208	136.81	33.939	1676.181	666.632	8311.451	1556.889	1676.181	666.632	8311.451	1556.889
MM_RS04150	2.75878984687009	4.51028199206124e-05	0.000978248651963135	136.618441901038	raw_counts / DESeq2 median-of-ratios (via riborex)	0.06	0.243	0.225	2.587	12.773	51.95	13.311	111.907	12.773	51.95	13.311	111.907
MM_RS05580	-3.17340277323723	5.48746803413247e-05	0.00117155211850666	1220.96609829907	raw_counts / DESeq2 median-of-ratios (via riborex)	0.571	0.09	10.366	2.333	121.962	19.494	655.826	102.959	121.962	19.494	655.826	102.959
MM_RS08530	-3.62208713595827	5.68945849633719e-05	0.00120488048478883	19996.8038849738	raw_counts / DESeq2 median-of-ratios (via riborex)	5.653	1.035	254.741	44.382	1210.446	219.828	16445.322	1937.295	1210.446	219.828	16445.322	1937.295
MM_RS09100	-2.11796651348781	5.9473265932252e-05	0.00124941437070475	1525.04243088754	raw_counts / DESeq2 median-of-ratios (via riborex)	8.56	1.987	40.915	15.566	1811.043	417.84	2408.109	701.518	1811.043	417.84	2408.109	701.518
MM_RS16320	3.32508121355968	6.20881631259199e-05	0.00129399616165608	55.4963584246074	raw_counts / DESeq2 median-of-ratios (via riborex)	0.074	0.15	0.207	3.052	15.714	31.393	11.651	140.436	15.714	31.393	11.651	140.436
MM_RS08015	-2.5450766231749	6.4502527965126e-05	0.00133372943650725	384.497187801618	raw_counts / DESeq2 median-of-ratios (via riborex)	0.398	0.121	3.694	1.123	85.101	25.486	223.304	51.132	85.101	25.486	223.304	51.132
MM_RS03135	-2.61691474351614	6.73301593627325e-05	0.00138132030067606	436.221776431074	raw_counts / DESeq2 median-of-ratios (via riborex)	1.26	0.507	47.463	12.933	267.345	105.101	2821.872	612.098	267.345	105.101	2821.872	612.098
MM_RS04205	-2.33873671008004	7.20023965449526e-05	0.00146572320408562	1113.60488667262	raw_counts / DESeq2 median-of-ratios (via riborex)	2.81	0.833	49.173	15.729	594.132	176.396	2883.479	730.046	594.132	176.396	2883.479	730.046
MM_RS03605	-2.0489289078262	7.40848201321595e-05	0.00149651336666962	453.461345425055	raw_counts / DESeq2 median-of-ratios (via riborex)	0.618	0.234	1.997	0.79	130.988	49.483	117.236	35.677	130.988	49.483	117.236	35.677
MM_RS12855	-3.25998454033469	7.58797901432563e-05	0.0015210712131007	118.569505594802	raw_counts / DESeq2 median-of-ratios (via riborex)	0.322	0.118	6.6	1.316	68.984	25.174	407.292	57.87	68.984	25.174	407.292	57.87
MM_RS09425	-3.08099443959206	8.31024972602834e-05	0.00165323604398109	2029.5852705816	raw_counts / DESeq2 median-of-ratios (via riborex)	0.848	0.36	26.288	6.297	181.208	76.761	1667.322	286.267	181.208	76.761	1667.322	286.267
MM_RS14360	2.63527456593178	8.81396419593777e-05	0.00174026090064155	126.282621953624	raw_counts / DESeq2 median-of-ratios (via riborex)	0.053	0.234	0.359	3.73	11.394	50.342	21.171	164.182	11.394	50.342	21.171	164.182
MM_RS05265	-1.90871421814056	9.44824801228951e-05	0.00185157457315465	3259.04920036138	raw_counts / DESeq2 median-of-ratios (via riborex)	8.391	2.944	44.73	18.794	1781.107	620.201	2596.22	858.212	1781.107	620.201	2596.22	858.212
MM_RS15700	-3.22043283884108	0.000114062153542782	0.00221872011261738	326.215291993296	raw_counts / DESeq2 median-of-ratios (via riborex)	0.397	0.058	2.777	0.576	85.266	12.511	173.039	25.945	85.266	12.511	173.039	25.945
MM_RS08635	-2.51169473843415	0.00011636169761996	0.00224680748492659	113.972803613907	raw_counts / DESeq2 median-of-ratios (via riborex)	0.089	0.018	0.895	0.25	19.07	3.841	52.336	11.516	19.07	3.841	52.336	11.516
MM_RS01015	-1.90927603149733	0.000118539751342911	0.00227215610968236	361.87582197669	raw_counts / DESeq2 median-of-ratios (via riborex)	0.312	0.111	3.175	1.385	66.333	23.576	186.125	62.077	66.333	23.576	186.125	62.077
MM_RS12615	-2.21000794567249	0.000121367597877941	0.00230950226106864	194.846397893143	raw_counts / DESeq2 median-of-ratios (via riborex)	0.33	0.075	5.32	1.999	70.246	16.313	318.711	89.884	70.246	16.313	318.711	89.884
MM_RS04800	-2.23517068713508	0.000123309697161656	0.00232957744421948	976.008676197178	raw_counts / DESeq2 median-of-ratios (via riborex)	0.993	0.809	73.318	28.049	211.631	173.704	4441.771	1249.536	211.631	173.704	4441.771	1249.536
MM_RS12300	-2.5189633265238	0.000128257248191446	0.00240573952679097	82.5481798849555	raw_counts / DESeq2 median-of-ratios (via riborex)	0.402	0.065	6.177	1.851	85.483	14.318	368.477	83.155	85.483	14.318	368.477	83.155
MM_RS13290	3.60813809655571	0.000138010912342786	0.0025703308922848	1417.36768617049	raw_counts / DESeq2 median-of-ratios (via riborex)	4.552	71.667	78.861	1394.556	981.427	15222.311	4427.777	59229.231	981.427	15222.311	4427.777	59229.231
MM_RS01720	-2.10000932876918	0.00014657046346669	0.00271052138777133	1520.33543890956	raw_counts / DESeq2 median-of-ratios (via riborex)	0.507	0.246	7.137	2.839	107.188	51.989	425.286	129.708	107.188	51.989	425.286	129.708
MM_RS06615	-1.90997046591266	0.000151505435989101	0.00278219073361804	598.368189866487	raw_counts / DESeq2 median-of-ratios (via riborex)	0.391	0.21	7.902	3.423	82.976	44.053	463.209	155.287	82.976	44.053	463.209	155.287
MM_RS02370	-2.33174369151663	0.000162813058785148	0.00296907703034583	884.643248816223	raw_counts / DESeq2 median-of-ratios (via riborex)	1.65	0.546	8.134	2.416	348.865	116.39	462.772	107.716	348.865	116.39	462.772	107.716
MM_RS05890	-2.05194336724262	0.000176535460685034	0.00319711806730276	425.706003388237	raw_counts / DESeq2 median-of-ratios (via riborex)	0.169	0.081	6.103	2.444	36.145	17.219	360.461	111.695	36.145	17.219	360.461	111.695
MM_RS07900	2.25935612651699	0.000184471912456044	0.0033179674117094	145.289537091335	raw_counts / DESeq2 median-of-ratios (via riborex)	0.194	0.756	0.741	5.455	41.298	159.715	42.445	243.963	41.298	159.715	42.445	243.963
MM_RS09155	-2.25140419470767	0.000185868118601876	0.00332033795543216	864.675596712521	raw_counts / DESeq2 median-of-ratios (via riborex)	0.514	0.285	9.142	3.464	109.504	61.161	552.825	151.098	109.504	61.161	552.825	151.098
MM_RS16695	3.24412291150047	0.000193115626402899	0.00342649753333792	389.939859245064	raw_counts / DESeq2 median-of-ratios (via riborex)	0.024	0.47	0.689	10.409	5.213	99.955	40.179	482.312	5.213	99.955	40.179	482.312
MM_RS02730	-2.99598626461015	0.000200868474234273	0.00349606624178428	397.625183801305	raw_counts / DESeq2 median-of-ratios (via riborex)	0.244	0.087	5.474	1.398	51.686	18.572	346.193	60.897	51.686	18.572	346.193	60.897
MM_RS09125	-1.96434349597075	0.000200892509650651	0.00349606624178428	372.341304062815	raw_counts / DESeq2 median-of-ratios (via riborex)	11.339	2.642	83.085	33.846	2405.353	563.545	4817.511	1504.321	2405.353	563.545	4817.511	1504.321
MM_RS09180	-1.71379444871973	0.000201030465540528	0.00349606624178428	3564.8853227293	raw_counts / DESeq2 median-of-ratios (via riborex)	0.783	0.558	20.361	10.358	166.453	118.294	1202.843	468.083	166.453	118.294	1202.843	468.083
MM_RS14095	2.04036370888415	0.000214932265041606	0.00371323768420565	728.17701183989	raw_counts / DESeq2 median-of-ratios (via riborex)	1.753	4.308	24.175	168.585	371.222	910.871	1433.526	7476.04	371.222	910.871	1433.526	7476.04
MM_RS05275	-3.77518065030567	0.000217937581055858	0.00371626031073171	7844.00268831078	raw_counts / DESeq2 median-of-ratios (via riborex)	62.04	3.197	278.931	36.648	12912.851	690.475	16915.607	1655.297	12912.851	690.475	16915.607	1655.297
MM_RS16095	3.28262939397465	0.000217028335805284	0.00371626031073171	84.669362309845	raw_counts / DESeq2 median-of-ratios (via riborex)	0.179	0.729	0.566	8.678	37.945	153.534	33.025	420.846	37.945	153.534	33.025	420.846
MM_RS03810	4.14794609345443	0.000225014582946234	0.00381218254720522	172.035579666734	raw_counts / DESeq2 median-of-ratios (via riborex)	0.041	1.209	0.198	6.474	8.822	252.959	12.179	301.306	8.822	252.959	12.179	301.306
MM_RS17575	-2.12818750345218	0.000227951559606035	0.00383718458670158	125.587848652661	raw_counts / DESeq2 median-of-ratios (via riborex)	0.111	0.028	0.954	0.354	23.568	6.068	55.802	15.93	23.568	6.068	55.802	15.93
MM_RS08860	5.23699255542533	0.000230266130629358	0.00385145770084519	89.6104017317856	raw_counts / DESeq2 median-of-ratios (via riborex)	0.008	0.62	0.188	11.453	1.597	130.135	10.993	524.049	1.597	130.135	10.993	524.049
MM_RS12870	-2.60213416906483	0.000244233286324721	0.00400847881180449	420.369430726167	raw_counts / DESeq2 median-of-ratios (via riborex)	0.221	0.059	2.237	0.674	47.309	12.836	135.552	28.935	47.309	12.836	135.552	28.935
MM_RS10940	-2.42545085512075	0.000242728081229021	0.00400847881180449	78.7704251663352	raw_counts / DESeq2 median-of-ratios (via riborex)	0.324	0.075	1.981	0.583	69.134	15.813	114.788	26.234	69.134	15.813	114.788	26.234
MM_RS06990	-1.81267031549676	0.000241656622724451	0.00400847881180449	367.833248088755	raw_counts / DESeq2 median-of-ratios (via riborex)	0.211	0.107	2.559	1.187	44.916	22.749	149.903	53.41	44.916	22.749	149.903	53.41
MM_RS15840	-2.13752338339776	0.000253706928596969	0.00413810182916546	821.398917270958	raw_counts / DESeq2 median-of-ratios (via riborex)	0.96	0.234	3.336	1.256	204.435	50.621	195.43	54.177	204.435	50.621	195.43	54.177
MM_RS06705	-2.53693749431826	0.000259738950501351	0.0042103363210898	983.285952374901	raw_counts / DESeq2 median-of-ratios (via riborex)	0.967	0.231	5.577	1.747	203.843	49.342	338.959	77.824	203.843	49.342	338.959	77.824
MM_RS00205	-1.7798576506496	0.000267777673270911	0.00431401331294119	1153.28922548995	raw_counts / DESeq2 median-of-ratios (via riborex)	0.283	0.196	4.798	2.214	60.138	40.956	278.869	101.019	60.138	40.956	278.869	101.019
MM_RS05215	-2.23092284186379	0.000284466361762271	0.00452732524841044	416.091653341419	raw_counts / DESeq2 median-of-ratios (via riborex)	0.234	0.116	7.348	2.711	49.514	25.038	438.419	119.506	49.514	25.038	438.419	119.506
MM_RS04230	-1.95898736218025	0.000283674180796975	0.00452732524841044	894.396831069869	raw_counts / DESeq2 median-of-ratios (via riborex)	1.596	0.974	18.458	7.963	339.415	206.347	1095.507	368.81	339.415	206.347	1095.507	368.81
MM_RS07040	-2.28157661652435	0.000300531284385278	0.00475418766744422	1639.14493697846	raw_counts / DESeq2 median-of-ratios (via riborex)	22.232	5.809	327.507	123.258	4703.001	1232.118	19929.567	5431.486	4703.001	1232.118	19929.567	5431.486
MM_RS19465	-2.31818709748185	0.000305016884257074	0.00479625352131184	97.5799552338119	raw_counts / DESeq2 median-of-ratios (via riborex)	0.898	0.347	10.052	3.49	190.549	73.994	598.615	154.052	190.549	73.994	598.615	154.052
MM_RS18340	-2.41946724368998	0.000307814287382626	0.00481143046825462	243.84973796006	raw_counts / DESeq2 median-of-ratios (via riborex)	0.291	0.049	1.831	0.555	61.725	10.504	106.053	23.743	61.725	10.504	106.053	23.743
MM_RS07045	-1.99346112144251	0.00031789466787931	0.00493959407012467	1338.68444916706	raw_counts / DESeq2 median-of-ratios (via riborex)	30.11	7.061	132.281	59.241	6386.356	1495.78	7993.307	2658.164	6386.356	1495.78	7993.307	2658.164
MM_RS08630	-2.10225228558842	0.000363236510420649	0.00561093574332132	171.718314997109	raw_counts / DESeq2 median-of-ratios (via riborex)	0.153	0.063	1.079	0.42	32.435	14.028	63.894	19.131	32.435	14.028	63.894	19.131
MM_RS08535	-2.908542823901	0.000368713574150899	0.00566223301590796	8736.51146263949	raw_counts / DESeq2 median-of-ratios (via riborex)	10.976	1.955	150.307	41.749	2327.828	426.198	9594.876	1818.971	2327.828	426.198	9594.876	1818.971
MM_RS07410	-2.62464897082765	0.000372082772269511	0.00568075209290544	69.7800339309292	raw_counts / DESeq2 median-of-ratios (via riborex)	0.232	0.095	10.979	2.858	49.501	19.964	637.846	126.048	49.501	19.964	637.846	126.048
MM_RS03775	5.27745288555192	0.000386039809576384	0.00585977190721147	337.658325304427	raw_counts / DESeq2 median-of-ratios (via riborex)	0.032	3.979	0.665	63.037	6.646	841.267	45.907	2941.582	6.646	841.267	45.907	2941.582
MM_RS00200	-2.46140127992283	0.000411615657528483	0.00614149270835111	478.275650637716	raw_counts / DESeq2 median-of-ratios (via riborex)	0.239	0.11	6.574	2.265	50.567	23.237	406.007	101.117	50.567	23.237	406.007	101.117
MM_RS04550	-2.40157214013361	0.000409255932230084	0.00614149270835111	359.542037515143	raw_counts / DESeq2 median-of-ratios (via riborex)	0.268	0.081	5.381	1.793	56.562	17.247	322.65	78.493	56.562	17.247	322.65	78.493
MM_RS11485	1.97554538984191	0.000411228926754184	0.00614149270835111	479.184998217604	raw_counts / DESeq2 median-of-ratios (via riborex)	0.649	0.948	1.492	9.203	137.318	203.06	86.163	410.266	137.318	203.06	86.163	410.266
MM_RS15695	-2.22447849733741	0.000415044453286667	0.00615766516571067	640.779894958783	raw_counts / DESeq2 median-of-ratios (via riborex)	1.183	0.121	3.378	1.339	251.189	26.114	206.133	58.593	251.189	26.114	206.133	58.593
MM_RS09580	2.09389523127251	0.00042150169640456	0.00621833401549649	152.254908765667	raw_counts / DESeq2 median-of-ratios (via riborex)	0.116	0.328	0.452	3.124	24.666	70.921	26.33	137.3	24.666	70.921	26.33	137.3
MM_RS07540	2.42204000597956	0.000427514913586534	0.00627181096691753	77.5842240191194	raw_counts / DESeq2 median-of-ratios (via riborex)	1.202	2.327	1.487	12.794	256.697	501.838	86.78	584.861	256.697	501.838	86.78	584.861
MM_RS10150	2.15142259893977	0.000433455772371115	0.00632363810136971	182.252477212015	raw_counts / DESeq2 median-of-ratios (via riborex)	0.148	0.557	2.675	18.739	31.436	120.82	154.946	846.529	31.436	120.82	154.946	846.529
MM_RS10750	-2.46612007194462	0.000452998157716541	0.00655142747012516	212.722668843344	raw_counts / DESeq2 median-of-ratios (via riborex)	0.21	0.049	3.83	1.088	44.219	10.564	222.552	50.467	44.219	10.564	222.552	50.467
MM_RS00695	2.30609593937297	0.000464088190431847	0.00655142747012516	104.702369509002	raw_counts / DESeq2 median-of-ratios (via riborex)	0.206	0.309	0.521	4.293	43.802	65.977	30.627	186.969	43.802	65.977	30.627	186.969
MM_RS17155	-2.2606563091058	0.000454400157268827	0.00655142747012516	662.105248499615	raw_counts / DESeq2 median-of-ratios (via riborex)	0.351	0.121	4.265	1.401	73.926	25.777	246.903	62.835	73.926	25.777	246.903	62.835
MM_RS07150	-2.25485290371537	0.000466533487019575	0.00655142747012516	7016.32438251635	raw_counts / DESeq2 median-of-ratios (via riborex)	1.234	0.946	84.632	31.211	261.793	204.911	5065.869	1333.939	261.793	204.911	5065.869	1333.939
MM_RS14500	-2.20360014901075	0.000458043226007945	0.00655142747012516	209.480260782576	raw_counts / DESeq2 median-of-ratios (via riborex)	0.209	0.121	3.576	1.262	44.149	25.233	210.022	58.032	44.149	25.233	210.022	58.032
MM_RS11160	-1.75511329041659	0.000459164910182378	0.00655142747012516	1599.53678473833	raw_counts / DESeq2 median-of-ratios (via riborex)	2.888	1.826	68.691	31.945	615.261	382.614	3979.83	1456.7	615.261	382.614	3979.83	1456.7
MM_RS11175	-1.6414381907777	0.000464080175551065	0.00655142747012516	1404.73554691615	raw_counts / DESeq2 median-of-ratios (via riborex)	1.543	0.722	27.768	14.21	327.861	151.299	1615.5	638.86	327.861	151.299	1615.5	638.86
MM_RS04235	-2.01068589667515	0.000470971481597092	0.00657856973762746	623.068013290315	raw_counts / DESeq2 median-of-ratios (via riborex)	7.614	4.298	289.895	128.551	1617.927	906.742	17552.677	5842.842	1617.927	906.742	17552.677	5842.842
MM_RS06985	-1.84864629141192	0.000475506825211383	0.00660677737039731	361.449879507986	raw_counts / DESeq2 median-of-ratios (via riborex)	0.203	0.136	4.653	2.126	43.089	28.735	272.847	93.906	43.089	28.735	272.847	93.906
MM_RS15095	2.82033586312887	0.000503817306709552	0.00696328551273307	112.459652442548	raw_counts / DESeq2 median-of-ratios (via riborex)	0.049	0.258	0.749	9.223	10.429	55.151	44.775	397.455	10.429	55.151	44.775	397.455
MM_RS10925	-1.85273726283311	0.000507843141862898	0.00698217848446057	433.666181588354	raw_counts / DESeq2 median-of-ratios (via riborex)	0.359	0.079	2.26	0.986	76.319	17.31	130.576	43.518	76.319	17.31	130.576	43.518
MM_RS12890	-2.47350508531576	0.000525535770976809	0.0071877965342974	158.656977687949	raw_counts / DESeq2 median-of-ratios (via riborex)	0.593	0.248	6.345	1.993	127.028	53.182	378.448	86.943	127.028	53.182	378.448	86.943
MM_RS16115	3.96718701057697	0.000558457150800263	0.00748218611225251	557.319201129203	raw_counts / DESeq2 median-of-ratios (via riborex)	0.168	1.005	0.905	25.557	35.673	207.098	55.638	1294.229	35.673	207.098	55.638	1294.229
MM_RS06215	-2.44083600466721	0.000556749061693796	0.00748218611225251	1079.20003802187	raw_counts / DESeq2 median-of-ratios (via riborex)	6.32	1.949	399.009	134.007	1333.413	412.994	24376.269	6198.152	1333.413	412.994	24376.269	6198.152
MM_RS01105	2.24222004060735	0.000557497232060874	0.00748218611225251	139.061490214973	raw_counts / DESeq2 median-of-ratios (via riborex)	0.542	0.724	1.707	12.197	115.107	151.589	97.063	539.169	115.107	151.589	97.063	539.169
MM_RS06310	-2.19591926233715	0.000556074609021245	0.00748218611225251	365.756155889635	raw_counts / DESeq2 median-of-ratios (via riborex)	0.221	0.055	6.153	2.313	46.532	11.811	366.677	102.57	46.532	11.811	366.677	102.57
MM_RS02725	-2.09532484493468	0.000563603335847316	0.0074827169827721	464.032685080617	raw_counts / DESeq2 median-of-ratios (via riborex)	0.468	0.149	9.415	3.9	99.162	31.636	565.841	171.26	99.162	31.636	565.841	171.26
MM_RS13760	-2.02757388880001	0.000564195720711681	0.0074827169827721	1227.51439526082	raw_counts / DESeq2 median-of-ratios (via riborex)	1.102	1.043	28.638	12.844	234.455	217.011	1747.41	581.576	234.455	217.011	1747.41	581.576
MM_RS06100	-2.01156300934861	0.000569719627792155	0.00751229042594651	171.474895815254	raw_counts / DESeq2 median-of-ratios (via riborex)	0.167	0.039	0.543	0.217	35.537	8.473	31.659	9.774	35.537	8.473	31.659	9.774
MM_RS11165	-1.81660688139957	0.000572147024062948	0.00751229042594651	1596.55278056285	raw_counts / DESeq2 median-of-ratios (via riborex)	1.181	0.847	49.407	24.426	250.614	180.284	2963.419	1108.502	250.614	180.284	2963.419	1108.502
MM_RS09445	2.41170476227053	0.000581428599996417	0.00758979143012875	111.812419836729	raw_counts / DESeq2 median-of-ratios (via riborex)	0.23	0.58	0.675	5.68	49.07	123.472	38.952	247.207	49.07	123.472	38.952	247.207
MM_RS00570	-2.17646906602718	0.000584719065175915	0.00758979143012875	130.195063813094	raw_counts / DESeq2 median-of-ratios (via riborex)	0.07	0.032	1.596	0.592	14.706	6.86	94.416	26.805	14.706	6.86	94.416	26.805
MM_RS01605	1.81433624519448	0.00058672035807926	0.00758979143012875	1530.11971214799	raw_counts / DESeq2 median-of-ratios (via riborex)	0.591	1.593	5.943	36.443	125.459	336.574	355.965	1622.6	125.459	336.574	355.965	1622.6
MM_RS10850	-2.73747820707384	0.000595438314466414	0.00762741957945757	169.808667795243	raw_counts / DESeq2 median-of-ratios (via riborex)	0.05	0.018	1.687	0.436	10.466	3.775	100.624	19.464	10.466	3.775	100.624	19.464
MM_RS04215	-1.9831499632133	0.000593376997952137	0.00762741957945757	867.518023712583	raw_counts / DESeq2 median-of-ratios (via riborex)	2.411	0.527	13.923	5.258	511.205	112.592	793.735	239.507	511.205	112.592	793.735	239.507
MM_RS09045	-1.97236086196385	0.000626178243734897	0.00798225275751379	362.468393627012	raw_counts / DESeq2 median-of-ratios (via riborex)	0.488	0.218	3.663	1.672	103.616	47.297	221.71	75.041	103.616	47.297	221.71	75.041
MM_RS05415	3.12953278290284	0.000656193058001274	0.00832445879377462	183.547735553006	raw_counts / DESeq2 median-of-ratios (via riborex)	0.504	1.423	1.532	25.668	105.673	303.129	95.31	1161.895	105.673	303.129	95.31	1161.895
MM_RS03820	2.60316473995677	0.000668858466113253	0.00841548409555784	475.926595938126	raw_counts / DESeq2 median-of-ratios (via riborex)	0.21	1.518	1.694	20.592	44.792	322.077	106.786	916.48	44.792	322.077	106.786	916.48
MM_RS19610	-2.30531965793778	0.000669777675541351	0.00841548409555784	175.469608882977	raw_counts / DESeq2 median-of-ratios (via riborex)	0.257	0.145	3.02	1.011	55.182	30.687	177.239	44.594	55.182	30.687	177.239	44.594
MM_RS16535	-1.85813311265587	0.000680826348775679	0.00851357138992825	375.903160249066	raw_counts / DESeq2 median-of-ratios (via riborex)	0.167	0.133	3.195	1.485	35.463	28.361	189.428	67.215	35.463	28.361	189.428	67.215
MM_RS16545	-1.76888333190939	0.000685652342534156	0.00853328460424026	319.431387566149	raw_counts / DESeq2 median-of-ratios (via riborex)	0.274	0.124	4.329	2.065	58.274	26.487	252.802	91.479	58.274	26.487	252.802	91.479
MM_RS15830	-2.3631616032536	0.000718947303382075	0.0089038714735887	310.363954017795	raw_counts / DESeq2 median-of-ratios (via riborex)	0.438	0.114	4.972	1.449	93.332	24.516	281.749	62.312	93.332	24.516	281.749	62.312
MM_RS03140	-2.31780119454155	0.000722210443211878	0.0089038714735887	271.792051979352	raw_counts / DESeq2 median-of-ratios (via riborex)	7.63	3.822	222.146	71.946	1636.568	798.071	13017.456	3324.012	1636.568	798.071	13017.456	3324.012
MM_RS17790	2.56869353831502	0.000734036706472829	0.00900738500559648	2560.35008592427	raw_counts / DESeq2 median-of-ratios (via riborex)	0.256	1.796	6.52	74.323	54.888	374.894	405.102	3366.949	54.888	374.894	405.102	3366.949
MM_RS04280	-2.50779981497373	0.000758367182426237	0.00926266149326185	547.52628997931	raw_counts / DESeq2 median-of-ratios (via riborex)	0.534	0.231	10.285	3.534	113.628	49.874	644.855	163.393	113.628	49.874	644.855	163.393
MM_RS06125	-2.18570050569368	0.000784255708570982	0.0095345161606824	178.890254205463	raw_counts / DESeq2 median-of-ratios (via riborex)	0.231	0.035	0.834	0.315	49.081	7.721	49.197	13.509	49.081	7.721	49.197	13.509
MM_RS06395	1.85347965032851	0.0007896203391698	0.00955549774497647	2593.23827798339	raw_counts / DESeq2 median-of-ratios (via riborex)	2.279	15.367	12.904	83.4	483.524	3326.533	779.824	3710.978	483.524	3326.533	779.824	3710.978
MM_RS06855	-2.52997279399434	0.000806943069602034	0.00968013414802008	970.295739034482	raw_counts / DESeq2 median-of-ratios (via riborex)	0.376	0.134	20.79	7.248	79.748	28.756	1312.535	323.274	79.748	28.756	1312.535	323.274
MM_RS17110	2.2083733811291	0.000807292223311651	0.00968013414802008	118.668005399539	raw_counts / DESeq2 median-of-ratios (via riborex)	0.125	0.487	0.446	3.552	26.526	103.228	26.557	154.666	26.526	103.228	26.557	154.666
MM_RS00590	-3.2579531053527	0.000831098847982266	0.00992029806727924	63.2286617942039	raw_counts / DESeq2 median-of-ratios (via riborex)	0.078	0.026	2.17	0.438	16.768	5.4	135.035	19.601	16.768	5.4	135.035	19.601
MM_RS15835	-2.36074146607582	0.000836257663332408	0.0099367087054792	347.838371999503	raw_counts / DESeq2 median-of-ratios (via riborex)	1.472	0.371	6.233	1.915	314.897	79.494	358.29	81.853	314.897	79.494	358.29	81.853
MM_RS09070	-2.20713158520249	0.00084827813496555	0.0100341368577456	307.589373113738	raw_counts / DESeq2 median-of-ratios (via riborex)	0.138	0.081	2.421	0.958	29.249	17.14	147.251	42.218	29.249	17.14	147.251	42.218
MM_RS02020	-1.90988378926384	0.000858671218168492	0.0101115274390604	238.434003532459	raw_counts / DESeq2 median-of-ratios (via riborex)	0.132	0.052	1.337	0.623	27.969	10.971	80.07	27.552	27.969	10.971	80.07	27.552
MM_RS03485	-2.49699441073543	0.000868457391600161	0.0101811120997412	771.319103418124	raw_counts / DESeq2 median-of-ratios (via riborex)	0.444	0.164	13.329	4.455	95.202	34.478	820.725	197.162	95.202	34.478	820.725	197.162
MM_RS02715	-2.32066121444178	0.000913027493614553	0.0106560453254747	239.931266887105	raw_counts / DESeq2 median-of-ratios (via riborex)	0.278	0.092	2.329	0.865	59.289	19.495	141.862	37.304	59.289	19.495	141.862	37.304
MM_RS01355	1.72620194556583	0.000963018743292779	0.0111897664596763	391.022949239954	raw_counts / DESeq2 median-of-ratios (via riborex)	1.006	2.221	2.575	13.63	214.502	465.736	149.765	608.911	214.502	465.736	149.765	608.911
MM_RS12115	-2.25194963011832	0.000975249641974498	0.0112819628186125	1181.59493813449	raw_counts / DESeq2 median-of-ratios (via riborex)	3.173	1.929	99.919	40.203	677.505	409.801	6195.484	1803.288	677.505	409.801	6195.484	1803.288
MM_RS12900	-2.0131655746099	0.000985192995367764	0.0113470035343673	539.633495289429	raw_counts / DESeq2 median-of-ratios (via riborex)	0.543	0.24	5.518	2.324	115.963	51.833	326.662	101.176	115.963	51.833	326.662	101.176
MM_RS12875	-2.40912962517916	0.000996463257833763	0.0114266922055522	109.287582420341	raw_counts / DESeq2 median-of-ratios (via riborex)	0.748	0.14	5.588	1.92	158.029	30.219	340.785	86.31	158.029	30.219	340.785	86.31
MM_RS07625	-2.06221008201576	0.00104125930335166	0.0118884649156585	1233.35114122227	raw_counts / DESeq2 median-of-ratios (via riborex)	1.985	0.926	43.988	19.302	420.608	197.221	2676.192	844.198	420.608	197.221	2676.192	844.198
MM_RS12535	-1.79649394857272	0.00107312069014848	0.012199198841255	268.22869859362	raw_counts / DESeq2 median-of-ratios (via riborex)	0.268	0.155	2.665	1.326	56.986	32.942	158.995	58.862	56.986	32.942	158.995	58.862
MM_RS15825	-2.62677751044134	0.00108070223466599	0.01223243132859	376.148171143352	raw_counts / DESeq2 median-of-ratios (via riborex)	0.442	0.12	7.478	1.74	93.626	25.995	418.255	74.017	93.626	25.995	418.255	74.017
MM_RS03650	2.16126499320541	0.00108774262953649	0.0122592795929735	1272.2115381828	raw_counts / DESeq2 median-of-ratios (via riborex)	21.221	78.071	14.586	100.816	4469.999	16648.214	839.915	4572.081	4469.999	16648.214	839.915	4572.081
MM_RS01820	1.90081334974402	0.00112240930332504	0.0125959266262032	327.549077878862	raw_counts / DESeq2 median-of-ratios (via riborex)	0.588	2.873	6.954	41.41	125.811	615.196	404.415	1870.394	125.811	615.196	404.415	1870.394
MM_RS06105	-2.7823924375211	0.00113406437719942	0.0126188688751088	319.368313456716	raw_counts / DESeq2 median-of-ratios (via riborex)	0.55	0.274	1.436	0.3	118.027	59.101	80.095	12.925	118.027	59.101	80.095	12.925
MM_RS03600	-1.88407713477716	0.00113323282245831	0.0126188688751088	364.022884795272	raw_counts / DESeq2 median-of-ratios (via riborex)	0.423	0.151	3.379	1.575	89.663	32.93	200.965	69.153	89.663	32.93	200.965	69.153
MM_RS00135	1.89723703337966	0.00114652450136868	0.0127036849814099	129.510336506455	raw_counts / DESeq2 median-of-ratios (via riborex)	0.525	0.88	1.95	11.573	111.744	190.606	113.441	526.495	111.744	190.606	113.441	526.495
MM_RS12585	-3.34742747428208	0.00116828072350791	0.012890357898873	590.952094954852	raw_counts / DESeq2 median-of-ratios (via riborex)	0.707	0.137	9.146	1.981	152.128	29.351	597.845	87.809	152.128	29.351	597.845	87.809
MM_RS10245	-2.56233349078305	0.00118559242805601	0.0130266347952933	521.185492537725	raw_counts / DESeq2 median-of-ratios (via riborex)	0.702	0.276	8.879	3.066	149.107	60.182	561.767	133.712	149.107	60.182	561.767	133.712
MM_RS19590	2.04137717241553	0.00121182259045278	0.0132593588438708	230.756555355436	raw_counts / DESeq2 median-of-ratios (via riborex)	0.488	1.352	1.99	13.576	104.443	283.925	117.265	610.238	104.443	283.925	117.265	610.238
MM_RS12940	-2.3280289418645	0.00125090290063001	0.0136301701952465	480.715633478103	raw_counts / DESeq2 median-of-ratios (via riborex)	0.493	0.146	3.984	1.549	104.999	31.368	249.229	70.48	104.999	31.368	249.229	70.48
MM_RS12440	1.95332253924274	0.00127982533337027	0.0137738578911079	117.152981943025	raw_counts / DESeq2 median-of-ratios (via riborex)	0.236	0.568	0.462	2.817	50.253	122.18	26.71	127.242	50.253	122.18	26.71	127.242
MM_RS10550	-1.73585927610622	0.00127646837845962	0.0137738578911079	1084.08550946899	raw_counts / DESeq2 median-of-ratios (via riborex)	0.374	0.265	6.657	3.534	79.44	55.95	400.521	156.894	79.44	55.95	400.521	156.894
MM_RS05330	1.60152233357662	0.00126948857277319	0.0137738578911079	2062.80460418214	raw_counts / DESeq2 median-of-ratios (via riborex)	0.246	3.157	11.569	56.506	52.467	659.496	674.606	2528.669	52.467	659.496	674.606	2528.669
MM_RS03105	-2.07713543080915	0.001307241007721	0.0140114893317362	505.853341019797	raw_counts / DESeq2 median-of-ratios (via riborex)	0.208	0.109	8.233	3.249	44.341	23.126	488.424	153.24	44.341	23.126	488.424	153.24
MM_RS09090	-2.23646311085789	0.00133251483001334	0.0142243249740448	1506.39941295061	raw_counts / DESeq2 median-of-ratios (via riborex)	0.833	0.513	11.307	4.7	176.934	109.706	707.408	212.305	176.934	109.706	707.408	212.305
MM_RS00770	-2.06666666191167	0.00143251551566476	0.0152299017981201	535.933379331731	raw_counts / DESeq2 median-of-ratios (via riborex)	0.345	0.165	5.358	2.387	73.074	35.394	328.202	104.851	73.074	35.394	328.202	104.851
MM_RS11780	-3.07367601854827	0.00145805524570586	0.0154389236904177	757.032170103826	raw_counts / DESeq2 median-of-ratios (via riborex)	5.415	0.655	170.986	26.88	1137.586	137.648	9383.158	1202.2	1137.586	137.648	9383.158	1202.2
MM_RS08445	2.35965320853707	0.00147290521589858	0.0154713963877987	143.116303300685	raw_counts / DESeq2 median-of-ratios (via riborex)	0.168	0.467	1.26	9.433	35.574	99.828	70.903	414.673	35.574	99.828	70.903	414.673
MM_RS13035	-1.80207094946478	0.00146741381874692	0.0154713963877987	484.65933946303	raw_counts / DESeq2 median-of-ratios (via riborex)	3.134	0.914	48.805	22.77	662.889	192.8	2864.208	1044.956	662.889	192.8	2864.208	1044.956
MM_RS19075	1.9339347864409	0.00147886535153914	0.0154721131997681	107.310410909523	raw_counts / DESeq2 median-of-ratios (via riborex)	0.363	0.558	1.41	8.914	77.113	116.202	83.218	405.908	77.113	116.202	83.218	405.908
MM_RS05350	-1.93670019107657	0.00148653160570886	0.0154906031610772	454.680465835008	raw_counts / DESeq2 median-of-ratios (via riborex)	0.665	0.139	2.053	0.987	141.533	30.134	125.366	43.982	141.533	30.134	125.366	43.982
MM_RS03275	-2.42894699880518	0.00151116126383545	0.0156850177028929	1754.50468306961	raw_counts / DESeq2 median-of-ratios (via riborex)	1.887	0.335	19.015	6.729	404.772	71.377	1173.268	293.964	404.772	71.377	1173.268	293.964
MM_RS12655	2.83347690517894	0.00153634194094497	0.0158213095565548	69.944268309637	raw_counts / DESeq2 median-of-ratios (via riborex)	0.055	0.972	0.312	3.35	11.708	211.094	17.67	143.921	11.708	211.094	17.67	143.921
MM_RS00380	-2.15803108486355	0.00153341796059873	0.0158213095565548	645.230766124393	raw_counts / DESeq2 median-of-ratios (via riborex)	0.31	0.194	7.155	3.07	66.026	40.647	443.778	138.24	66.026	40.647	443.778	138.24
MM_RS08010	-2.99802834937559	0.00161487437789662	0.0165650785795177	501.468757891614	raw_counts / DESeq2 median-of-ratios (via riborex)	0.339	0.102	7.468	1.842	73.074	21.6	467.674	82.365	73.074	21.6	467.674	82.365
MM_RS00375	-2.0534911014401	0.0016248975534262	0.016603038814386	144.362363027203	raw_counts / DESeq2 median-of-ratios (via riborex)	0.258	0.071	2.655	1.056	55.134	15.355	155.797	46.824	55.134	15.355	155.797	46.824
MM_RS03460	-1.88590339802051	0.00165560150919295	0.0168511998571344	736.506404224312	raw_counts / DESeq2 median-of-ratios (via riborex)	0.217	0.186	8.951	4.438	46.056	40.061	545.644	197.808	46.056	40.061	545.644	197.808
MM_RS12730	-2.85898966890424	0.00171165485629045	0.0171671489021438	372.388874533764	raw_counts / DESeq2 median-of-ratios (via riborex)	0.306	0.068	4.941	1.473	65.014	14.376	321.539	66.843	65.014	14.376	321.539	66.843
MM_RS02720	-2.20814923125201	0.00171932984054221	0.0171671489021438	548.888791792261	raw_counts / DESeq2 median-of-ratios (via riborex)	0.421	0.129	3.342	1.413	89.601	27.144	208.735	63.274	89.601	27.144	208.735	63.274
MM_RS07170	-1.86271744352381	0.00171343403250993	0.0171671489021438	381.29520853108	raw_counts / DESeq2 median-of-ratios (via riborex)	0.077	0.082	4.338	2.1	16.471	17.341	260.635	93.238	16.471	17.341	260.635	93.238
MM_RS09525	-1.86103888122381	0.00169901919587957	0.0171671489021438	804.17807541149	raw_counts / DESeq2 median-of-ratios (via riborex)	0.501	0.154	2.836	1.355	106.973	33.159	169.236	59.327	106.973	33.159	169.236	59.327
MM_RS15285	1.65966558368817	0.00171911453275687	0.0171671489021438	206.06471007075	raw_counts / DESeq2 median-of-ratios (via riborex)	1.037	1.856	3.156	16.511	220.324	391.975	185.993	744.119	220.324	391.975	185.993	744.119
MM_RS02025	-1.58163195649706	0.00173481877774457	0.0172561898119592	908.363426643816	raw_counts / DESeq2 median-of-ratios (via riborex)	0.498	0.127	2.324	1.288	105.729	27.463	136.633	56.787	105.729	27.463	136.633	56.787
MM_RS17915	-3.16764443858736	0.00175171005565223	0.0173584551175198	439.704053377444	raw_counts / DESeq2 median-of-ratios (via riborex)	1.468	0.215	35.353	6.079	305.648	47.246	2030.684	267.177	305.648	47.246	2030.684	267.177
MM_RS05940	-2.16454811859306	0.00179917258024174	0.0176952329427521	354.629109546792	raw_counts / DESeq2 median-of-ratios (via riborex)	0.352	0.085	4.052	1.358	74.66	18.74	229.918	58.433	74.66	18.74	229.918	58.433
MM_RS13590	-2.11909521203206	0.00179913118735849	0.0176952329427521	1005.60400030174	raw_counts / DESeq2 median-of-ratios (via riborex)	3.29	1.757	107.165	47.093	701.657	366.528	6646.295	2143.344	701.657	366.528	6646.295	2143.344
MM_RS04555	-1.77624090457412	0.0018230264466685	0.0178629382423563	308.328423515902	raw_counts / DESeq2 median-of-ratios (via riborex)	0.777	0.272	2.023	0.975	165.064	59.09	118.199	42.459	165.064	59.09	118.199	42.459
MM_RS04520	-1.51177022657115	0.00193197999358739	0.0188601467031989	486.181953604896	raw_counts / DESeq2 median-of-ratios (via riborex)	0.368	0.264	4.756	2.702	78.416	55.825	278.087	121.665	78.416	55.825	278.087	121.665
MM_RS03420	-2.04355305434056	0.00198209393740906	0.0192776988134674	305.878391559423	raw_counts / DESeq2 median-of-ratios (via riborex)	0.272	0.067	2.699	1.094	57.423	14.692	158.514	47.115	57.423	14.692	158.514	47.115
MM_RS09225	1.91496999676499	0.00199001628722062	0.0192833312555032	583.525575710043	raw_counts / DESeq2 median-of-ratios (via riborex)	0.716	1.838	1.802	11.457	153.123	395.735	106.434	497.118	153.123	395.735	106.434	497.118
MM_RS06000	-1.82435038876262	0.00201746159110265	0.0194774049199837	347.711135932536	raw_counts / DESeq2 median-of-ratios (via riborex)	0.358	0.175	4.202	1.922	76.304	37.451	244.639	83.755	76.304	37.451	244.639	83.755
MM_RS05035	-2.05617278914393	0.00204576827666608	0.019678342470788	875.272747602637	raw_counts / DESeq2 median-of-ratios (via riborex)	0.908	0.553	9.764	4.039	191.464	119.708	580.866	176.609	191.464	119.708	580.866	176.609
MM_RS14445	-2.58983570731853	0.00210296784861586	0.0201547210600921	300.601983013912	raw_counts / DESeq2 median-of-ratios (via riborex)	0.165	0.047	4.519	1.236	35.526	9.847	265.502	55.298	35.526	9.847	265.502	55.298
MM_RS01115	1.99183581650656	0.00212696889031295	0.0203106192944065	96.78419947705	raw_counts / DESeq2 median-of-ratios (via riborex)	0.072	0.254	0.377	2.556	15.309	55.06	22.417	113.492	15.309	55.06	22.417	113.492
MM_RS11755	-2.11883553890692	0.00223172404205138	0.0212337222261845	376.449199215185	raw_counts / DESeq2 median-of-ratios (via riborex)	1.972	1.025	32.264	12.22	421.307	215.403	1908.716	581.092	421.307	215.403	1908.716	581.092
MM_RS09390	-2.28635798766108	0.00230548570257432	0.0218563373825276	385.660909690367	raw_counts / DESeq2 median-of-ratios (via riborex)	4.146	2.229	148.553	52.037	870.388	475.304	8840.875	2333.487	870.388	475.304	8840.875	2333.487
MM_RS05050	-2.11671603263509	0.00234635823740696	0.0221638011921967	626.369628568598	raw_counts / DESeq2 median-of-ratios (via riborex)	0.4	0.128	10.222	4.062	84.104	27.364	609.656	181	84.104	27.364	609.656	181
MM_RS15690	-2.05277968211143	0.00236161093758856	0.0222279223014608	629.085103765983	raw_counts / DESeq2 median-of-ratios (via riborex)	0.818	0.123	3.442	1.429	175.537	26.514	205.279	63.464	175.537	26.514	205.279	63.464
MM_RS12380	2.37898682182519	0.00248584279648859	0.023313654227068	127.901904035435	raw_counts / DESeq2 median-of-ratios (via riborex)	0.12	0.463	1.135	10.187	25.243	96.556	68.041	467.738	25.243	96.556	68.041	467.738
MM_RS05005	2.27845014489533	0.00249825655886861	0.0233466965252276	69.7613829645264	raw_counts / DESeq2 median-of-ratios (via riborex)	0.376	0.393	1.297	9.727	80.626	87.024	74.4	436.207	80.626	87.024	74.4	436.207
MM_RS06130	-1.90695710229698	0.00251876526449828	0.0234548850516755	177.301516766439	raw_counts / DESeq2 median-of-ratios (via riborex)	0.174	0.025	1.273	0.603	36.89	5.549	76.861	27.077	36.89	5.549	76.861	27.077
MM_RS10885	-1.98569484418688	0.00257297390155233	0.0238750157790686	78.9443970131405	raw_counts / DESeq2 median-of-ratios (via riborex)	0.129	0.027	1.104	0.477	27.339	5.796	65.536	21.127	27.339	5.796	65.536	21.127
MM_RS11170	-2.13321440984697	0.00264201301483091	0.0244293175244576	1088.39250193081	raw_counts / DESeq2 median-of-ratios (via riborex)	1.404	1.056	85.16	32.789	301.74	221.081	5051.376	1480.086	301.74	221.081	5051.376	1480.086
MM_RS09555	-2.55678132091766	0.00267744653862682	0.0246700863524001	3958.56067885571	raw_counts / DESeq2 median-of-ratios (via riborex)	4.011	1.215	27.225	9.408	845.9	262.438	1717.918	403.354	845.9	262.438	1717.918	403.354
MM_RS00680	2.1110409961915	0.00275908747750192	0.025333439566154	1896.99352021994	raw_counts / DESeq2 median-of-ratios (via riborex)	0.546	3.352	6.797	51.433	114.737	719.358	408.044	2306.01	114.737	719.358	408.044	2306.01
MM_RS08180	2.38556377987739	0.00284776717639834	0.0260565735373591	54.6041441518208	raw_counts / DESeq2 median-of-ratios (via riborex)	0.076	0.223	0.473	3.934	16.002	47.852	27.338	171.436	16.002	47.852	27.338	171.436
MM_RS02295	-2.06595666862697	0.00291429583471292	0.0265727113262365	455.002342776672	raw_counts / DESeq2 median-of-ratios (via riborex)	0.27	0.097	2.698	1.115	56.882	20.697	161.75	51.188	56.882	20.697	161.75	51.188
MM_RS05975	-1.85605244444937	0.0029279022719099	0.0266043991904339	439.822363735111	raw_counts / DESeq2 median-of-ratios (via riborex)	0.871	0.228	3.036	1.311	184.01	48.693	175.966	60.306	184.01	48.693	175.966	60.306
MM_RS00685	2.66737044440953	0.00295443842162107	0.0267529492937135	1321.65601664107	raw_counts / DESeq2 median-of-ratios (via riborex)	0.66	3.333	3.656	36.296	137.897	723.294	210.921	1605.089	137.897	723.294	210.921	1605.089
MM_RS03110	-1.96477272537932	0.00309772639265669	0.02795405328906	1124.97295682759	raw_counts / DESeq2 median-of-ratios (via riborex)	0.525	0.308	14.611	6.92	112.243	65.487	894.706	312.663	112.243	65.487	894.706	312.663
MM_RS11420	-1.677281831382	0.00316216626927634	0.0284378377504098	224.045379915524	raw_counts / DESeq2 median-of-ratios (via riborex)	0.066	0.017	0.726	0.384	14.075	3.684	42.942	16.918	14.075	3.684	42.942	16.918
MM_RS04070	-2.9381127467157	0.00328771653419605	0.0294660191767878	1610.70659926206	raw_counts / DESeq2 median-of-ratios (via riborex)	4.555	1.805	17.818	4.854	982.796	378.355	1138.021	212.148	982.796	378.355	1138.021	212.148
MM_RS12410	-1.75236003871198	0.00332755753675982	0.0297216533725554	511.914784952359	raw_counts / DESeq2 median-of-ratios (via riborex)	0.292	0.179	3.498	1.891	62.131	38.291	212.652	83.653	62.131	38.291	212.652	83.653
MM_RS12135	1.68134901155395	0.00336035080692992	0.0299128176915186	204.466653991452	raw_counts / DESeq2 median-of-ratios (via riborex)	0.113	0.208	0.484	2.584	23.886	44.561	28.513	114.059	23.886	44.561	28.513	114.059
MM_RS12580	-2.8850806335644	0.00344801179083968	0.0305442352344335	473.34396059287	raw_counts / DESeq2 median-of-ratios (via riborex)	0.56	0.14	3.49	1.034	120.269	29.75	228.151	46.807	120.269	29.75	228.151	46.807
MM_RS05455	-1.50984431613337	0.00345454602613357	0.0305442352344335	659.1790652623	raw_counts / DESeq2 median-of-ratios (via riborex)	0.528	0.153	8.46	4.696	111.938	32.597	491.563	214.729	111.938	32.597	491.563	214.729
MM_RS05720	-2.08213565920563	0.00351732419987788	0.0309766180587498	5313.16697123066	raw_counts / DESeq2 median-of-ratios (via riborex)	0.886	0.603	63.409	26.68	186.543	128.473	3817.224	1158.48	186.543	128.473	3817.224	1158.48
MM_RS18185	-1.58496897136743	0.00352704067005567	0.0309766180587498	459.635582329611	raw_counts / DESeq2 median-of-ratios (via riborex)	38.384	17.484	81.958	42.761	8187.058	3636.28	4748.201	1952.395	8187.058	3636.28	4748.201	1952.395
MM_RS09680	1.69241192424623	0.00359410569555176	0.0314604051883964	668.658832046532	raw_counts / DESeq2 median-of-ratios (via riborex)	0.528	1.257	1.66	9.276	112.922	269.509	99.092	409.435	112.922	269.509	99.092	409.435
MM_RS01515	-1.9023022838897	0.00361196276873752	0.0315116751850655	94.5666470600128	raw_counts / DESeq2 median-of-ratios (via riborex)	0.053	0.019	0.568	0.266	11.363	4.231	34.066	11.921	11.363	4.231	34.066	11.921
MM_RS01835	2.79908651156143	0.00373447762387532	0.03247264317979	763.014385395844	raw_counts / DESeq2 median-of-ratios (via riborex)	0.126	0.794	1.665	23.097	26.28	169.377	104.914	1046.774	26.28	169.377	104.914	1046.774
MM_RS03055	2.56074417405457	0.00378681666184511	0.032819077735991	51.9510877957592	raw_counts / DESeq2 median-of-ratios (via riborex)	0.039	0.071	0.224	2.276	8.297	15.385	13.33	97.192	8.297	15.385	13.33	97.192
MM_RS01270	-2.1386647003417	0.00386765004685667	0.0334093717863343	260.303524801347	raw_counts / DESeq2 median-of-ratios (via riborex)	0.296	0.12	3.2	1.028	62.992	25.113	180.228	48.552	62.992	25.113	180.228	48.552
MM_RS07310	1.77481289324304	0.00391838134003636	0.0337366209801164	161.483787471875	raw_counts / DESeq2 median-of-ratios (via riborex)	0.229	0.576	1.515	9.091	48.726	123.882	90.985	402.605	48.726	123.882	90.985	402.605
MM_RS08250	-3.73932248819956	0.00394897826528544	0.0338889441981685	357.153446986921	raw_counts / DESeq2 median-of-ratios (via riborex)	1.033	0.192	3.073	0.553	216.51	41.772	205.04	22.491	216.51	41.772	205.04	22.491
MM_RS00975	-2.05814056106277	0.00405061788911202	0.0346479562762481	668.434944673705	raw_counts / DESeq2 median-of-ratios (via riborex)	0.547	0.215	4.377	2.044	115.833	45.099	273.385	92.841	115.833	45.099	273.385	92.841
MM_RS10660	-1.71298869714253	0.0040986817339785	0.0349452540046349	129.000540815883	raw_counts / DESeq2 median-of-ratios (via riborex)	0.232	0.068	3.317	1.59	49.266	14.227	191.61	70.976	49.266	14.227	191.61	70.976
MM_RS15475	-1.78917388523794	0.00412160709191917	0.0350269910141739	214.561688943871	raw_counts / DESeq2 median-of-ratios (via riborex)	0.1	0.015	0.402	0.201	21.17	3.222	23.956	8.891	21.17	3.222	23.956	8.891
MM_RS07855	2.38534943665608	0.00426852753999184	0.0361585590968341	95.6334076014217	raw_counts / DESeq2 median-of-ratios (via riborex)	0.091	0.317	0.359	3.452	19.662	67.037	21.974	153.625	19.662	67.037	21.974	153.625
MM_RS06835	1.74711725873999	0.00449662616901733	0.0379682968483586	397.764674820323	raw_counts / DESeq2 median-of-ratios (via riborex)	0.185	0.538	1.843	9.694	39.487	115.212	106.194	421.454	39.487	115.212	106.194	421.454
MM_RS05710	2.56684894154849	0.00467974428821955	0.0393766478575742	54.5348872378504	raw_counts / DESeq2 median-of-ratios (via riborex)	0.082	0.289	0.878	7.951	17.274	61.187	50.499	375.118	17.274	61.187	50.499	375.118
MM_RS03625	-2.33914510866854	0.00469340852224704	0.0393766478575742	1119.46274100691	raw_counts / DESeq2 median-of-ratios (via riborex)	0.447	0.163	7.654	2.862	93.952	35.713	470.357	123.386	93.952	35.713	470.357	123.386
MM_RS06610	-2.57070548116784	0.00473443495471735	0.0395943509270311	375.983535518767	raw_counts / DESeq2 median-of-ratios (via riborex)	0.5	0.173	12.641	2.911	105.516	37.366	697.721	125.193	105.516	37.366	697.721	125.193
MM_RS04220	-2.69346128288158	0.00489099702002963	0.0407738354749137	212.121563200346	raw_counts / DESeq2 median-of-ratios (via riborex)	2.905	1.599	179.697	47.056	606.575	352.118	10722.267	2210.809	606.575	352.118	10722.267	2210.809
MM_RS15640	-2.2104462595735	0.00500758363134182	0.0416136538477963	111.716274604242	raw_counts / DESeq2 median-of-ratios (via riborex)	0.312	0.042	5.106	1.544	66.035	8.701	285.91	71.198	66.035	8.701	285.91	71.198
MM_RS12610	-1.4764598761568	0.00505969042102756	0.0419140285350737	1083.22622996468	raw_counts / DESeq2 median-of-ratios (via riborex)	0.752	0.653	21.791	12.174	160.102	137.788	1259.728	560.483	160.102	137.788	1259.728	560.483
MM_RS05545	-1.85238400632046	0.00507620161359386	0.0419185705575392	310.715101429698	raw_counts / DESeq2 median-of-ratios (via riborex)	0.24	0.131	1.487	0.773	51.109	27.95	91.204	33.88	51.109	27.95	91.204	33.88
MM_RS12065	2.29567555161421	0.00514136917681042	0.0421913608072005	396.090054545243	raw_counts / DESeq2 median-of-ratios (via riborex)	7.589	26.289	12.039	103.997	1635.063	5686.672	725.789	4753.971	1635.063	5686.672	725.789	4753.971
MM_RS12930	-1.72634436570198	0.00513017698256935	0.0421913608072005	405.504964814632	raw_counts / DESeq2 median-of-ratios (via riborex)	0.591	0.271	2.426	1.353	125.493	58.09	148.465	60.768	125.493	58.09	148.465	60.768
MM_RS14055	-1.49190536331736	0.00521673040448674	0.0426764300379507	301.16209603446	raw_counts / DESeq2 median-of-ratios (via riborex)	0.322	0.153	3.552	2.104	68.466	32.754	209.04	92.677	68.466	32.754	209.04	92.677
MM_RS17705	2.47555808485648	0.0053321229892051	0.0434849533219025	217.85964663013	raw_counts / DESeq2 median-of-ratios (via riborex)	1.253	3.584	11.427	98.482	262.193	758.82	656.019	4283.258	262.193	758.82	656.019	4283.258
MM_RS06305	-1.67549476529365	0.00540930087964788	0.0439777836221527	397.433033553281	raw_counts / DESeq2 median-of-ratios (via riborex)	0.247	0.202	7.97	4.012	52.358	42.542	466.927	187.837	52.358	42.542	466.927	187.837
MM_RS11835	-1.93238200692514	0.00548715738329394	0.0444730718781786	196.111425560005	raw_counts / DESeq2 median-of-ratios (via riborex)	0.28	0.103	2.388	0.988	59.213	22.466	137.559	42.734	59.213	22.466	137.559	42.734
MM_RS15435	-1.53353464176849	0.00551343463525081	0.0445485518528266	998.207970388867	raw_counts / DESeq2 median-of-ratios (via riborex)	0.298	0.223	3.087	1.904	63.242	46.75	186.522	85.12	63.242	46.75	186.522	85.12
MM_RS04245	-1.66046308935677	0.00565347143648254	0.0454006605266151	723.62609732523	raw_counts / DESeq2 median-of-ratios (via riborex)	0.512	0.248	7.045	4.016	109.411	52.514	427.051	179.704	109.411	52.514	427.051	179.704
MM_RS19145	1.59164171719617	0.00565265857039067	0.0454006605266151	748.503689959006	raw_counts / DESeq2 median-of-ratios (via riborex)	5.529	3.597	2.761	13.638	1169.668	775.225	161.614	599.206	1169.668	775.225	161.614	599.206
MM_RS08255	-3.6361714990435	0.00575724930265258	0.0460930995998954	132.533804593402	raw_counts / DESeq2 median-of-ratios (via riborex)	0.411	0.028	5.207	0.945	85.55	6.104	340.997	39.823	85.55	6.104	340.997	39.823
MM_RS01535	-1.93009858415246	0.00585115914314175	0.0467025650756542	700.220465654462	raw_counts / DESeq2 median-of-ratios (via riborex)	0.147	0.08	3.074	1.524	31.249	17.008	190.376	70.81	31.249	17.008	190.376	70.81
MM_RS09375	-1.47505751231858	0.00593040766417307	0.0471916682609651	630.317103291665	raw_counts / DESeq2 median-of-ratios (via riborex)	0.6	0.122	3.51	2.012	126.988	26.012	204.567	92.164	126.988	26.012	204.567	92.164
MM_RS09960	1.7607940027525	0.00609751546391695	0.0483748507801991	686.55725574012	raw_counts / DESeq2 median-of-ratios (via riborex)	1.236	3.632	20.202	101.963	261.199	784.743	1147.895	4535.422	261.199	784.743	1147.895	4535.422
MM_RS10385	-2.3496948252499	0.00616531082142968	0.0487653801719107	666.630008804889	raw_counts / DESeq2 median-of-ratios (via riborex)	0.302	0.075	3.239	1.338	64.606	16.171	207.888	59.358	64.606	16.171	207.888	59.358
MM_RS12735	-2.15062763575054	0.00656021219643905	0.0515502858235689	1826.65818322807	raw_counts / DESeq2 median-of-ratios (via riborex)	1.513	0.388	6.679	2.892	324.951	83.188	413.52	126.751	324.951	83.188	413.52	126.751
MM_RS09965	2.07331981189637	0.00653878163740599	0.0515502858235689	924.239518289311	raw_counts / DESeq2 median-of-ratios (via riborex)	1.418	3.151	11.96	69.606	300.571	674.69	664.021	3077.682	300.571	674.69	664.021	3077.682
MM_RS03270	-1.59223556888793	0.00659592385252061	0.0515502858235689	1451.86150381343	raw_counts / DESeq2 median-of-ratios (via riborex)	6.231	0.865	10.707	5.737	1328.948	187.753	622.442	248.158	1328.948	187.753	622.442	248.158
MM_RS18225	1.45015991444228	0.00659562183754729	0.0515502858235689	4173.29575837959	raw_counts / DESeq2 median-of-ratios (via riborex)	51.83	62.783	800.884	3696.019	10973.375	13464.543	47410.226	163356.571	10973.375	13464.543	47410.226	163356.571
MM_RS13585	-1.80174064633674	0.00670401087265482	0.0522395624676308	779.523266861471	raw_counts / DESeq2 median-of-ratios (via riborex)	1.041	0.609	11.537	6.299	221.95	129.191	712.253	277.729	221.95	129.191	712.253	277.729
MM_RS11810	-1.92736442079555	0.00677904478436044	0.0526679633246465	504.154918255192	raw_counts / DESeq2 median-of-ratios (via riborex)	0.23	0.146	6.422	3.137	48.433	31.136	393.291	139.32	48.433	31.136	393.291	139.32
MM_RS10575	-2.33240923241134	0.00699196291148848	0.0541164305395698	1505.51693538431	raw_counts / DESeq2 median-of-ratios (via riborex)	2.138	1.404	104.101	40.012	459.891	290.629	6503.367	1858.814	459.891	290.629	6503.367	1858.814
MM_RS06280	1.45639673579634	0.00700669702340203	0.0541164305395698	1072.27225269715	raw_counts / DESeq2 median-of-ratios (via riborex)	0.648	1.133	7.245	33.801	137.848	245.491	429.414	1477.815	137.848	245.491	429.414	1477.815
MM_RS14010	-1.89396340421285	0.00705738818983262	0.054348097907626	180.671418179641	raw_counts / DESeq2 median-of-ratios (via riborex)	0.12	0.061	1.447	0.729	25.668	13.048	88.687	31.964	25.668	13.048	88.687	31.964
MM_RS14005	-1.80189202435722	0.00721511135464392	0.0550781465619039	166.86025572118	raw_counts / DESeq2 median-of-ratios (via riborex)	0.134	0.046	1.363	0.697	28.721	9.66	81.982	30.328	28.721	9.66	81.982	30.328
MM_RS05400	-1.56822594066564	0.00721301536455614	0.0550781465619039	247.491224256482	raw_counts / DESeq2 median-of-ratios (via riborex)	0.531	0.177	1.607	0.881	113.005	38.528	93.444	38.367	113.005	38.528	93.444	38.367
MM_RS00845	-1.33469434184913	0.00721122716171161	0.0550781465619039	470.824995727119	raw_counts / DESeq2 median-of-ratios (via riborex)	0.106	0.057	1.629	1.049	22.539	12.063	95.179	46.672	22.539	12.063	95.179	46.672
MM_RS15375	1.79899472329366	0.00729132381944796	0.0554985981155662	103.642729410007	raw_counts / DESeq2 median-of-ratios (via riborex)	0.136	0.196	0.471	2.841	28.649	42.224	28.205	126.972	28.649	42.224	28.205	126.972
MM_RS13160	-2.67041435443291	0.00741372798868631	0.0562671956597984	61.8729110606312	raw_counts / DESeq2 median-of-ratios (via riborex)	0.078	0.031	1.434	0.407	16.391	6.685	86.392	17.576	16.391	6.685	86.392	17.576
MM_RS05030	1.89783162527167	0.00758166665922815	0.0573759557554268	60.5057419483074	raw_counts / DESeq2 median-of-ratios (via riborex)	0.895	1.594	1.938	12.016	189.52	340.469	115.102	549.886	189.52	340.469	115.102	549.886
MM_RS05420	1.9426186536182	0.00761942358527628	0.0574959952153319	278.695604998613	raw_counts / DESeq2 median-of-ratios (via riborex)	0.165	0.35	0.716	4.829	34.658	74.721	43.08	217.969	34.658	74.721	43.08	217.969
MM_RS05020	2.15351512861435	0.00767645395416617	0.0577603670018349	62.3270072759305	raw_counts / DESeq2 median-of-ratios (via riborex)	0.07	0.207	0.821	5.438	14.946	44.148	46.494	243.003	14.946	44.148	46.494	243.003
MM_RS08275	-3.62214229602968	0.00772342077530036	0.0579227095693733	2455.09519518767	raw_counts / DESeq2 median-of-ratios (via riborex)	0.776	0.036	2.544	0.488	161.513	7.819	169.439	19.93	161.513	7.819	169.439	19.93
MM_RS04965	2.0275017553928	0.00775000070400522	0.0579227095693733	649.096895722272	raw_counts / DESeq2 median-of-ratios (via riborex)	1.328	1.136	2.106	16.046	284.557	246.497	130.082	750.124	284.557	246.497	130.082	750.124
MM_RS16100	1.9822316128489	0.00776420173968751	0.0579227095693733	223.439096964223	raw_counts / DESeq2 median-of-ratios (via riborex)	0.143	0.326	0.869	5.814	30.134	69.249	51.65	264.402	30.134	69.249	51.65	264.402
MM_RS04620	1.59628004388039	0.0078179267387491	0.0581582878638956	111.397089093294	raw_counts / DESeq2 median-of-ratios (via riborex)	0.085	0.262	0.478	2.379	18.069	55.247	28.189	108.352	18.069	55.247	28.189	108.352
MM_RS08830	1.82114043366588	0.00785141189525488	0.0582423944546308	538.048422898303	raw_counts / DESeq2 median-of-ratios (via riborex)	0.648	1.751	9.619	61.571	138.601	369.558	586.501	2851.532	138.601	369.558	586.501	2851.532
MM_RS11120	-1.49184544749163	0.00790153006798108	0.0584490646718826	1066.92500975409	raw_counts / DESeq2 median-of-ratios (via riborex)	2.299	1.09	16.553	10.434	490.479	233.58	998.509	470.335	490.479	233.58	998.509	470.335
MM_RS02625	1.79218210701319	0.00795687491537194	0.058619003815052	92.5296592462512	raw_counts / DESeq2 median-of-ratios (via riborex)	0.08	0.119	0.658	3.774	16.935	25.221	38.778	169.931	16.935	25.221	38.778	169.931
MM_RS14530	1.5687401061853	0.00796914865269367	0.058619003815052	200.673161037835	raw_counts / DESeq2 median-of-ratios (via riborex)	0.144	0.238	0.743	3.841	30.729	51.459	44.615	173.871	30.729	51.459	44.615	173.871
MM_RS07100	1.69718947543183	0.0080331727647527	0.0589248929615659	183.745513050919	raw_counts / DESeq2 median-of-ratios (via riborex)	0.067	0.269	1.676	8.93	14.294	56.993	98.249	393.707	14.294	56.993	98.249	393.707
MM_RS02080	-1.59995618449243	0.00812374524710644	0.0594232730331518	514634.568892854	raw_counts / DESeq2 median-of-ratios (via riborex)	306714.046	279382.071	38829.059	20596.59	64993517.878	61459742.734	2255634.466	886501.946	64993517.878	61459742.734	2255634.466	886501.946
MM_RS13550	-1.68925605742864	0.00814752647832276	0.0594316792557654	3149.44044969216	raw_counts / DESeq2 median-of-ratios (via riborex)	17.14	7.079	22.893	12.218	3614.54	1509.824	1368.994	559.652	3614.54	1509.824	1368.994	559.652
MM_RS15185	-1.87668341820233	0.00823210096955019	0.0598093777193876	62.8511234854042	raw_counts / DESeq2 median-of-ratios (via riborex)	0.053	0.025	0.366	0.151	11.321	5.255	20.987	6.893	11.321	5.255	20.987	6.893
MM_RS07720	-1.58899529638281	0.00824840067563513	0.0598093777193876	152.074784115602	raw_counts / DESeq2 median-of-ratios (via riborex)	0.14	0.053	1.928	1.035	29.589	11.226	112.299	45.886	29.589	11.226	112.299	45.886
MM_RS13500	1.56389536701543	0.00826763294445457	0.0598093777193876	115.175208671707	raw_counts / DESeq2 median-of-ratios (via riborex)	0.535	0.912	2.553	12.648	113.545	191.532	151.191	571.391	113.545	191.532	151.191	571.391
MM_RS08805	-1.68155393056455	0.00838726180772139	0.0605081030414186	180.948597694279	raw_counts / DESeq2 median-of-ratios (via riborex)	0.321	0.15	2.567	1.369	67.752	32.283	152.467	60.473	67.752	32.283	152.467	60.473
MM_RS07465	2.02900355638041	0.00842287101868145	0.0605985186165958	1274.73762962817	raw_counts / DESeq2 median-of-ratios (via riborex)	0.795	2.751	3.381	21.778	166.912	586.74	195.446	950.006	166.912	586.74	195.446	950.006
MM_RS05665	1.30364087229548	0.00847770849988894	0.0608264003298043	589.999187539358	raw_counts / DESeq2 median-of-ratios (via riborex)	0.43	1.006	7.16	28.702	91.306	212.051	418.641	1281.47	91.306	212.051	418.641	1281.47
MM_RS04035	-1.56627421949849	0.00850876883216817	0.0608829072296284	253.163567730097	raw_counts / DESeq2 median-of-ratios (via riborex)	0.741	0.284	11.782	6.46	158.297	60.118	691.859	297.715	158.297	60.118	691.859	297.715
MM_RS06365	1.83437877943011	0.00870231600086894	0.061981391151306	182.604680310138	raw_counts / DESeq2 median-of-ratios (via riborex)	0.552	0.626	1.145	5.941	116.666	134.492	64.472	267.154	116.666	134.492	64.472	267.154
MM_RS01550	-1.78261534129368	0.00870949479620408	0.061981391151306	403.76616341927	raw_counts / DESeq2 median-of-ratios (via riborex)	0.296	0.24	3.908	2.148	62.887	50.643	241.779	98.215	62.887	50.643	241.779	98.215
MM_RS07380	-1.34554198043715	0.00877141143797255	0.0622533146922052	548.206391458304	raw_counts / DESeq2 median-of-ratios (via riborex)	0.955	0.333	1.998	1.259	202.587	71.632	116.683	57.645	202.587	71.632	116.683	57.645
MM_RS03740	-1.87671602581285	0.00881973445642374	0.0623577481388062	521.904644031227	raw_counts / DESeq2 median-of-ratios (via riborex)	0.318	0.305	8.946	4.786	67.577	64.721	559.815	214.226	67.577	64.721	559.815	214.226
MM_RS04715	-1.86189790055269	0.00883361854822388	0.0623577481388062	609.321801437517	raw_counts / DESeq2 median-of-ratios (via riborex)	0.665	0.469	7.103	3.7	140.438	102.08	439.598	169.319	140.438	102.08	439.598	169.319
MM_RS00355	-1.88529900158753	0.00889997969496217	0.0625482067908312	329.078779996017	raw_counts / DESeq2 median-of-ratios (via riborex)	0.571	0.103	1.938	1.022	121.642	21.836	121.06	45.986	121.642	21.836	121.06	45.986
MM_RS03370	1.68441757627836	0.00890823661072767	0.0625482067908312	272.446036112685	raw_counts / DESeq2 median-of-ratios (via riborex)	0.445	1.649	3.154	17.621	93.975	357.711	188.734	781.425	93.975	357.711	188.734	781.425
MM_RS17770	1.61308051471877	0.00893957841617517	0.0626008877890027	538.540685725363	raw_counts / DESeq2 median-of-ratios (via riborex)	2.197	2.896	23.743	118.52	463.618	613.764	1388.782	5223.493	463.618	613.764	1388.782	5223.493
MM_RS10250	-2.25478521436503	0.00900764182556603	0.0627428844401496	937.574960099923	raw_counts / DESeq2 median-of-ratios (via riborex)	0.326	0.163	7.333	3.251	69.069	35.962	470.904	141.924	69.069	35.962	470.904	141.924
MM_RS02065	1.51256189469377	0.0089879660904513	0.0627428844401496	128.123301970576	raw_counts / DESeq2 median-of-ratios (via riborex)	0.246	0.457	0.889	4.165	52.332	96.952	52.294	189.203	52.332	96.952	52.294	189.203
MM_RS10535	-1.73846735056475	0.00909927032518862	0.0632134494019717	348.827367802458	raw_counts / DESeq2 median-of-ratios (via riborex)	0.214	0.082	3.698	1.811	45.054	17.576	216.384	80.231	45.054	17.576	216.384	80.231
MM_RS07355	-2.33091497178099	0.00925642261503911	0.0641355297812473	107.735680518699	raw_counts / DESeq2 median-of-ratios (via riborex)	0.126	0.026	2.289	0.766	26.342	5.686	135.79	34.749	26.342	5.686	135.79	34.749
MM_RS09520	-1.58512795318197	0.00939464763404625	0.064751560858282	123.553395383218	raw_counts / DESeq2 median-of-ratios (via riborex)	0.814	0.342	8.594	4.822	173.802	74.07	509.777	218.308	173.802	74.07	509.777	218.308
MM_RS09050	-1.31094480212353	0.00937195401036105	0.064751560858282	322.428692538923	raw_counts / DESeq2 median-of-ratios (via riborex)	0.603	0.275	1.894	1.227	128.201	59.284	110.51	55.447	128.201	59.284	110.51	55.447
MM_RS06225	-1.70999770695014	0.00947142804521005	0.0651098692322555	1335.97289001997	raw_counts / DESeq2 median-of-ratios (via riborex)	2.329	0.734	16.526	8.237	490.85	159.456	965.548	360.11	490.85	159.456	965.548	360.11
MM_RS04775	-1.58221313873467	0.00962258250335692	0.0659762445269328	637.234284136109	raw_counts / DESeq2 median-of-ratios (via riborex)	0.627	0.348	9.799	5.23	132.572	74.825	568.395	227.83	132.572	74.825	568.395	227.83
MM_RS13615	2.0121329973861	0.00972924510473434	0.0665338480339385	72.7567197387133	raw_counts / DESeq2 median-of-ratios (via riborex)	0.134	0.317	1.135	8.007	28.809	65.564	68.275	359.628	28.809	65.564	68.275	359.628
MM_RS11145	-1.69292849445627	0.00978680569321938	0.0667536409101145	466.654218592661	raw_counts / DESeq2 median-of-ratios (via riborex)	1.469	0.599	7.727	3.864	309.402	126.282	451.738	174.682	309.402	126.282	451.738	174.682
MM_RS03375	-2.09042410258596	0.00996164636004148	0.0677701640970697	232.329336427967	raw_counts / DESeq2 median-of-ratios (via riborex)	0.09	0.035	0.948	0.424	19.078	7.552	58.126	17.775	19.078	7.552	58.126	17.775
MM_RS16110	2.34042022654474	0.0101549154812213	0.0689064807588818	597.350490490922	raw_counts / DESeq2 median-of-ratios (via riborex)	6.878	26.25	4.767	49.175	1463.831	5604.385	305.441	2359.027	1463.831	5604.385	305.441	2359.027
MM_RS04490	1.78758605798917	0.0102840969091377	0.0696031919675144	351.321042106411	raw_counts / DESeq2 median-of-ratios (via riborex)	2.641	3.644	14.447	83.448	560.79	767.596	859.251	3979.699	560.79	767.596	859.251	3979.699
MM_RS06115	-1.67087159764762	0.0103700052959001	0.0700042002751505	156.865066104363	raw_counts / DESeq2 median-of-ratios (via riborex)	0.154	0.042	1.316	0.625	33.01	8.922	75.112	28.035	33.01	8.922	75.112	28.035
MM_RS03380	-1.85656319475779	0.0104008142329134	0.0700321491682838	499.907721527549	raw_counts / DESeq2 median-of-ratios (via riborex)	0.185	0.078	2.028	1.067	39.299	16.999	124.846	45.739	39.299	16.999	124.846	45.739
MM_RS12120	-2.45568671218608	0.0105409352052539	0.070794107030682	13650.8153338035	raw_counts / DESeq2 median-of-ratios (via riborex)	67.419	26.037	3672.55	1435.512	14388.117	5504.474	239306.796	68302.778	14388.117	5504.474	239306.796	68302.778
MM_RS12895	-1.9406728482656	0.0106441101465662	0.0710544943959584	244.7059362449	raw_counts / DESeq2 median-of-ratios (via riborex)	0.273	0.133	2.587	1.189	58.569	28.791	155.155	51.98	58.569	28.791	155.155	51.98
MM_RS12740	-1.81102862411955	0.0106608799664919	0.0710544943959584	545.21298599221	raw_counts / DESeq2 median-of-ratios (via riborex)	0.491	0.205	7.864	4.309	104.38	42.725	486.275	186.543	104.38	42.725	486.275	186.543
MM_RS06780	1.52300912543741	0.0106085868105775	0.0710544943959584	962.035645265031	raw_counts / DESeq2 median-of-ratios (via riborex)	1.038	2.375	7.146	31.822	219.358	507.918	411.274	1416.598	219.358	507.918	411.274	1416.598
MM_RS17305	1.89982428317438	0.0107365670434866	0.0713777849523946	68.3641047691413	raw_counts / DESeq2 median-of-ratios (via riborex)	0.169	0.439	1.356	8.778	36.109	94.756	81.034	384.574	36.109	94.756	81.034	384.574
MM_RS16000	-1.76656625479432	0.0108818801773211	0.0721611549132456	85.1168470951268	raw_counts / DESeq2 median-of-ratios (via riborex)	0.231	0.078	3.184	1.644	49.146	16.605	190.205	71.481	49.146	16.605	190.205	71.481
MM_RS05120	1.93579676463281	0.0112204297357021	0.0740322826280247	190.876280515068	raw_counts / DESeq2 median-of-ratios (via riborex)	0.451	0.523	1.422	8.556	94.966	112.438	82.627	399.596	94.966	112.438	82.627	399.596
MM_RS10145	1.79479942682138	0.0112051676301819	0.0740322826280247	76.0631723074067	raw_counts / DESeq2 median-of-ratios (via riborex)	1.058	3.248	2.369	13.907	226.449	718.414	140.972	628.632	226.449	718.414	140.972	628.632
MM_RS09455	-1.6843416802214	0.0114733425254881	0.0753224936798294	95.3581712066888	raw_counts / DESeq2 median-of-ratios (via riborex)	0.331	0.118	1.647	0.828	70.03	24.965	96.675	38.003	70.03	24.965	96.675	38.003
MM_RS06120	-1.51970873798743	0.0114591871853456	0.0753224936798294	783.577251762645	raw_counts / DESeq2 median-of-ratios (via riborex)	0.393	0.139	3.131	2.009	83.51	29.701	191.474	90.825	83.51	29.701	191.474	90.825
MM_RS02740	-2.75053593877084	0.0115282846019031	0.075494452280792	2394.73032956989	raw_counts / DESeq2 median-of-ratios (via riborex)	4.339	2.783	123.725	43.094	926.405	584.245	8325.295	1972.224	926.405	584.245	8325.295	1972.224
MM_RS19070	1.64937447702542	0.0115985887196521	0.0755635044996125	195.499249053956	raw_counts / DESeq2 median-of-ratios (via riborex)	0.342	0.665	1.12	6.313	72.292	141.904	67.811	277.902	72.292	141.904	67.811	277.902
MM_RS04630	-1.52926516517502	0.0116251545384019	0.0755635044996125	137.788594792422	raw_counts / DESeq2 median-of-ratios (via riborex)	0.232	0.089	1.62	0.945	49.022	19.442	95.725	41.896	49.022	19.442	95.725	41.896
MM_RS13140	-1.4879864644326	0.0115729814612617	0.0755635044996125	425.283908745005	raw_counts / DESeq2 median-of-ratios (via riborex)	0.498	0.384	2.172	1.17	106.15	79.798	124.423	53.744	106.15	79.798	124.423	53.744
MM_RS03475	1.7096394258341	0.0117455121631451	0.0759125158590189	579.836622210201	raw_counts / DESeq2 median-of-ratios (via riborex)	1.895	1.983	6.155	32.403	404.673	423.132	360.992	1540.277	404.673	423.132	360.992	1540.277
MM_RS01380	-1.57543299009315	0.0117655727169157	0.0759125158590189	206.403301442055	raw_counts / DESeq2 median-of-ratios (via riborex)	3.248	0.994	17.216	9.688	693.284	214.891	1024.643	450.807	693.284	214.891	1024.643	450.807
MM_RS11470	-1.5330835194478	0.0117216370783821	0.0759125158590189	276.885993876302	raw_counts / DESeq2 median-of-ratios (via riborex)	0.158	0.062	2.348	1.357	33.728	13.366	138.425	59.973	33.728	13.366	138.425	59.973
MM_RS10935	-1.68481204477814	0.0118569996298965	0.0763149044806575	162.334093844076	raw_counts / DESeq2 median-of-ratios (via riborex)	0.217	0.052	1.336	0.713	46.515	11.008	79.919	32.652	46.515	11.008	79.919	32.652
MM_RS16125	1.58154354964611	0.011957796117994	0.0765882258679325	235.38312388548	raw_counts / DESeq2 median-of-ratios (via riborex)	0.146	0.312	0.87	4.504	30.874	66.531	52.25	209.098	30.874	66.531	52.25	209.098
MM_RS04675	1.38986490371718	0.0119497150914116	0.0765882258679325	1607.81882073962	raw_counts / DESeq2 median-of-ratios (via riborex)	0.318	1.73	6.431	29.94	67.591	366.738	387.498	1325.15	67.591	366.738	387.498	1325.15
MM_RS08640	-1.8727290131528	0.0120177553057542	0.0767849767224099	139.754176703056	raw_counts / DESeq2 median-of-ratios (via riborex)	0.063	0.02	1.256	0.661	13.436	4.325	78.06	29.581	13.436	4.325	78.06	29.581
MM_RS04840	-2.09890520797836	0.0121533121861597	0.0772750552078825	336.679389052624	raw_counts / DESeq2 median-of-ratios (via riborex)	1.074	0.547	25.807	8.447	226.962	119.047	1435.018	362.811	226.962	119.047	1435.018	362.811
MM_RS06325	-1.46953932362345	0.0121432415045935	0.0772750552078825	917.054442047053	raw_counts / DESeq2 median-of-ratios (via riborex)	0.763	0.617	13.46	8.597	162.97	131.448	809.348	379.121	162.97	131.448	809.348	379.121
MM_RS01695	1.71177400369833	0.0121835136660877	0.0772799683264402	109.495505794432	raw_counts / DESeq2 median-of-ratios (via riborex)	0.093	0.153	0.746	3.901	19.588	32.942	43.418	176.714	19.588	32.942	43.418	176.714
MM_RS07965	-2.30405532239473	0.0124654426013279	0.0785226359559287	624.70404015746	raw_counts / DESeq2 median-of-ratios (via riborex)	6.16	3.154	87.194	37.915	1319.4	676.54	5627.031	1646.822	1319.4	676.54	5627.031	1646.822
MM_RS06915	-2.13476593780137	0.0124883904394581	0.0785226359559287	112.115706728221	raw_counts / DESeq2 median-of-ratios (via riborex)	0.071	0.027	2.449	0.786	14.882	5.78	136.812	35.457	14.882	5.78	136.812	35.457
MM_RS00415	-1.64398533296685	0.0124787916125686	0.0785226359559287	191.656810228825	raw_counts / DESeq2 median-of-ratios (via riborex)	0.121	0.088	2.002	0.99	25.962	18.594	115.702	45.903	25.962	18.594	115.702	45.903
MM_RS10945	-1.61873967325073	0.0124990334461455	0.0785226359559287	236.836615769811	raw_counts / DESeq2 median-of-ratios (via riborex)	0.265	0.077	2.429	1.4	56.689	16.163	146.964	64.625	56.689	16.163	146.964	64.625
MM_RS08100	-1.92893836301841	0.0129242500663521	0.0810001925399536	734.874086132835	raw_counts / DESeq2 median-of-ratios (via riborex)	0.53	0.308	6.035	3.192	112.488	64.687	382.256	146.306	112.488	64.687	382.256	146.306
MM_RS02385	2.13467340862237	0.0129939208251947	0.0812429430641937	1262.44628209442	raw_counts / DESeq2 median-of-ratios (via riborex)	1.812	4.637	2.958	20.173	391.012	1015.182	170.154	885.796	391.012	1015.182	170.154	885.796
MM_RS16025	1.67376244972842	0.0131048877728743	0.0817421265832967	62.7026969258447	raw_counts / DESeq2 median-of-ratios (via riborex)	0.061	0.097	0.177	0.925	13.019	20.764	10.348	41.045	13.019	20.764	10.348	41.045
MM_RS08090	-1.67966316073776	0.0133133066149115	0.0828453629638803	873.649870778373	raw_counts / DESeq2 median-of-ratios (via riborex)	0.631	0.431	15.438	9.226	133.707	90.306	958.149	418.689	133.707	90.306	958.149	418.689
MM_RS14060	-1.25638516913387	0.0134813936896665	0.0836930019599629	514.626820353333	raw_counts / DESeq2 median-of-ratios (via riborex)	0.404	0.17	2.205	1.445	86.132	36.191	127.414	64.907	86.132	36.191	127.414	64.907
MM_RS15425	1.57405354807658	0.013522758289136	0.0837518001586582	78.6589135633508	raw_counts / DESeq2 median-of-ratios (via riborex)	0.1	0.18	0.328	1.623	21.144	38.236	19.325	72.34	21.144	38.236	19.325	72.34
MM_RS07670	-1.74110136826445	0.0135956357096207	0.0839480762397475	1933.82781542063	raw_counts / DESeq2 median-of-ratios (via riborex)	0.557	0.294	7.806	4.485	118.826	63	482.641	194.182	118.826	63	482.641	194.182
MM_RS11115	-1.48833687503891	0.013643965146156	0.0839480762397475	1671.81224851728	raw_counts / DESeq2 median-of-ratios (via riborex)	1.297	0.597	9.798	6.487	275.889	128.158	600.192	288.767	275.889	128.158	600.192	288.767
MM_RS04920	-1.26401039329086	0.0136503536002941	0.0839480762397475	1284.52319460153	raw_counts / DESeq2 median-of-ratios (via riborex)	0.813	0.425	6.634	4.8	173.209	90.474	397.13	215.26	173.209	90.474	397.13	215.26
MM_RS03430	-1.76983274428318	0.0137126695983127	0.0841342765541334	201.059032614598	raw_counts / DESeq2 median-of-ratios (via riborex)	0.286	0.101	1.93	0.962	60.112	22	114.616	43.074	60.112	22	114.616	43.074
MM_RS13360	1.49197322214117	0.0139435465823476	0.0852551035242247	154.76721119384	raw_counts / DESeq2 median-of-ratios (via riborex)	0.154	0.331	0.607	2.895	32.954	71.73	36.002	128.12	32.954	71.73	36.002	128.12
MM_RS12910	-1.42549437611983	0.0139602797088411	0.0852551035242247	203.304787960489	raw_counts / DESeq2 median-of-ratios (via riborex)	0.442	0.27	4.918	3.16	93.892	59.073	292.939	139.091	93.892	59.073	292.939	139.091
MM_RS09040	-1.68127045635253	0.0139981136388578	0.0852878107091429	395.453204831382	raw_counts / DESeq2 median-of-ratios (via riborex)	0.314	0.17	3.197	1.879	66.524	35.834	197.563	85.875	66.524	35.834	197.563	85.875
MM_RS15380	1.28370272236197	0.0140727609206536	0.0855441439297136	261.156793943763	raw_counts / DESeq2 median-of-ratios (via riborex)	0.351	0.693	1.331	5.352	74.869	146.673	78.4	242.361	74.869	146.673	78.4	242.361
MM_RS16940	2.06515062500644	0.0141984098663902	0.0861086011758447	73.9557587878498	raw_counts / DESeq2 median-of-ratios (via riborex)	0.327	0.893	0.141	0.945	70.271	190.883	8.233	43.427	70.271	190.883	8.233	43.427
MM_RS10910	-1.45056512924252	0.0143744900342352	0.086975600990557	121.74572124339	raw_counts / DESeq2 median-of-ratios (via riborex)	0.116	0.054	1.22	0.694	24.712	11.67	70.395	31.338	24.712	11.67	70.395	31.338
MM_RS10260	-2.27908740422151	0.0145633176337492	0.0871145150483497	89.5450996416059	raw_counts / DESeq2 median-of-ratios (via riborex)	0.146	0.046	5.442	2.327	31.103	10.096	346.792	102.098	31.103	10.096	346.792	102.098
MM_RS11825	-1.90094520523383	0.0145494575219345	0.0871145150483497	698.717568620905	raw_counts / DESeq2 median-of-ratios (via riborex)	0.555	0.314	26.189	10.15	116.676	66.72	1476.483	455.458	116.676	66.72	1476.483	455.458
MM_RS16310	-1.80209476418834	0.0144956388704005	0.0871145150483497	89.2624243153165	raw_counts / DESeq2 median-of-ratios (via riborex)	0.142	0.091	1.146	0.591	30.311	19.704	69.663	26.818	30.311	19.704	69.663	26.818
MM_RS04210	-1.73678303342862	0.014546847914488	0.0871145150483497	500.383548151903	raw_counts / DESeq2 median-of-ratios (via riborex)	2.81	0.776	17.734	8.029	591.396	166.646	1012.482	359.653	591.396	166.646	1012.482	359.653
MM_RS05765	-1.62501316459949	0.0145423421751425	0.0871145150483497	1037.62834434311	raw_counts / DESeq2 median-of-ratios (via riborex)	2.637	0.327	9.613	4.436	558.998	69.471	539.475	200.701	558.998	69.471	539.475	200.701
MM_RS10930	-1.62529596277835	0.0147914744869292	0.0880780317520997	263.960089177189	raw_counts / DESeq2 median-of-ratios (via riborex)	0.446	0.111	2.59	1.203	94.682	23.428	145.732	54.67	94.682	23.428	145.732	54.67
MM_RS11815	-1.27569316879606	0.0147626194560029	0.0880780317520997	376.643699262901	raw_counts / DESeq2 median-of-ratios (via riborex)	0.252	0.195	3.516	2.488	53.55	41.649	209.272	110.91	53.55	41.649	209.272	110.91
MM_RS08890	-1.82662420385062	0.014862306039936	0.0882995829431494	53.0513028640627	raw_counts / DESeq2 median-of-ratios (via riborex)	0.178	0.025	1.005	0.501	37.971	5.339	60.254	22.085	37.971	5.339	60.254	22.085
MM_RS00130	1.50297946435273	0.0150227709574911	0.0890514594455341	164.383795443152	raw_counts / DESeq2 median-of-ratios (via riborex)	0.387	0.785	5.518	24.917	82.248	167.066	319.878	1095.087	82.248	167.066	319.878	1095.087
MM_RS03540	-1.30069141885482	0.0150696986634464	0.0891284429959688	358.844019104934	raw_counts / DESeq2 median-of-ratios (via riborex)	0.457	0.195	3.337	2.339	97.103	41.862	199.524	105.529	97.103	41.862	199.524	105.529
MM_RS05380	-2.10525778021157	0.0151181156383843	0.0892138689132519	158.014053933953	raw_counts / DESeq2 median-of-ratios (via riborex)	0.313	0.147	3.78	1.174	66.318	31.235	209.04	54.932	66.318	31.235	209.04	54.932
MM_RS08125	-2.92752997379143	0.0152773659135908	0.0899514862984066	168.061111383556	raw_counts / DESeq2 median-of-ratios (via riborex)	0.153	0.065	1.153	0.34	32.726	14.55	74.954	13.743	32.726	14.55	74.954	13.743
MM_RS03400	-1.48107649154991	0.0154799020454417	0.0909400956853018	142.876705984468	raw_counts / DESeq2 median-of-ratios (via riborex)	0.199	0.046	1.091	0.637	42.165	9.877	63.499	27.779	42.165	9.877	63.499	27.779
MM_RS18725	2.45378304034119	0.0157224887104928	0.0917797815018943	684.012830623065	raw_counts / DESeq2 median-of-ratios (via riborex)	0.124	0.949	1.638	18.515	26.701	197.75	104.676	842.404	26.701	197.75	104.676	842.404
MM_RS18935	2.11161319249166	0.0156900274172957	0.0917797815018943	52.681465230284	raw_counts / DESeq2 median-of-ratios (via riborex)	0.655	1.168	7.27	47.263	138.578	244.144	415.555	2208.596	138.578	244.144	415.555	2208.596
MM_RS06790	1.47332074980821	0.0157276853297229	0.0917797815018943	135.24620292192	raw_counts / DESeq2 median-of-ratios (via riborex)	0.106	0.211	0.501	2.438	22.564	45.091	30.156	109.964	22.564	45.091	30.156	109.964
MM_RS03655	-1.3729263684812	0.0158784323657768	0.0924540208260088	1339.26855822669	raw_counts / DESeq2 median-of-ratios (via riborex)	0.53	0.354	8.94	5.261	112.369	75.691	511.326	231.561	112.369	75.691	511.326	231.561
MM_RS10890	-1.63211158208353	0.0160109717348428	0.0928858692202297	135.689303503786	raw_counts / DESeq2 median-of-ratios (via riborex)	0.135	0.04	0.684	0.367	28.785	8.815	40.056	15.929	28.785	8.815	40.056	15.929
MM_RS08800	-1.51161733379239	0.0160233430147616	0.0928858692202297	174.153733995655	raw_counts / DESeq2 median-of-ratios (via riborex)	0.063	0.053	1.568	0.982	13.45	11.259	94.633	43.499	13.45	11.259	94.633	43.499
MM_RS18295	-2.30226676759645	0.0161906437685491	0.0935036641583747	4056.13940035367	raw_counts / DESeq2 median-of-ratios (via riborex)	253.098	98.006	180.679	77.975	54453.562	20711.533	11644.937	3448.93	54453.562	20711.533	11644.937	3448.93
MM_RS13455	1.69421569807898	0.0162011299284313	0.0935036641583747	54.9159846395046	raw_counts / DESeq2 median-of-ratios (via riborex)	0.5	0.374	0.89	4.774	105.969	81.852	52.564	215.588	105.969	81.852	52.564	215.588
MM_RS09510	-1.67253867267047	0.0162550298093841	0.0936090093847428	389.437299169999	raw_counts / DESeq2 median-of-ratios (via riborex)	0.226	0.133	6.39	3.787	48.285	28.581	394.728	171.496	48.285	28.581	394.728	171.496
MM_RS05960	-1.61835196601922	0.0167571965177686	0.0962897112815324	545.653592918767	raw_counts / DESeq2 median-of-ratios (via riborex)	0.313	0.102	2.998	1.529	66.569	22.588	172.288	65.01	66.569	22.588	172.288	65.01
MM_RS14375	-1.89267895844944	0.0168139775188174	0.0964050326733941	196.513842218223	raw_counts / DESeq2 median-of-ratios (via riborex)	0.668	0.361	21.393	10.582	143.307	74.769	1311.957	491.613	143.307	74.769	1311.957	491.613
MM_RS13785	1.91154906813966	0.0168531994758235	0.0964193939510079	126.95910577816	raw_counts / DESeq2 median-of-ratios (via riborex)	0.133	0.201	0.265	1.715	27.982	43.044	15.809	76.079	27.982	43.044	15.809	76.079
MM_RS10460	-1.34178258552909	0.0169550547333253	0.0965812879169461	750.059348167189	raw_counts / DESeq2 median-of-ratios (via riborex)	1.589	1.397	63.141	44.34	338.302	296.551	3815.766	2006.986	338.302	296.551	3815.766	2006.986
MM_RS06665	-1.30565397905631	0.0169336159340505	0.0965812879169461	982.250830487389	raw_counts / DESeq2 median-of-ratios (via riborex)	0.214	0.126	11.733	7.512	45.819	26.326	681.008	339.527	45.819	26.326	681.008	339.527
MM_RS13545	-1.88877130844413	0.0173562633749775	0.0985095435641111	3076.89804476722	raw_counts / DESeq2 median-of-ratios (via riborex)	6.316	3.001	61.429	33.613	1350.386	638.593	3897.235	1534.078	1350.386	638.593	3897.235	1534.078
MM_RS11395	-1.4611150820275	0.0173685905065436	0.0985095435641111	272.224381767985	raw_counts / DESeq2 median-of-ratios (via riborex)	0.233	0.1	3.14	1.724	49.498	21.94	178.977	75.799	49.498	21.94	178.977	75.799
MM_RS10275	-1.48827106569555	0.0174581676396505	0.0985917166058544	104.565454149647	raw_counts / DESeq2 median-of-ratios (via riborex)	0.023	0.013	0.178	0.106	4.764	2.841	10.5	4.744	4.764	2.841	10.5	4.744
MM_RS00210	-1.47279358492463	0.0174282269371094	0.0985917166058544	682.663486179221	raw_counts / DESeq2 median-of-ratios (via riborex)	0.428	0.268	9.368	5.57	90.579	58.073	553.665	261.685	90.579	58.073	553.665	261.685
MM_RS00970	-2.149029633673	0.0175783418807971	0.0990573514570243	513.418571893282	raw_counts / DESeq2 median-of-ratios (via riborex)	0.517	0.208	8.934	4.291	109.632	44.488	579.264	199.358	109.632	44.488	579.264	199.358
MM_RS13070	1.79310921972233	0.0177520089052459	0.0998135219603385	56.8718609229121	raw_counts / DESeq2 median-of-ratios (via riborex)	0.189	0.251	0.822	4.595	39.846	53.442	47.861	203.909	39.846	53.442	47.861	203.909
MM_RS17570	1.51010728076103	0.0178002722027543	0.0998135219603385	104.55720150883	raw_counts / DESeq2 median-of-ratios (via riborex)	0.081	0.185	0.301	1.344	17.313	39.657	17.341	59.657	17.313	39.657	17.341	59.657
MM_RS13715	-1.49525267912152	0.0178265581871282	0.0998135219603385	486.405716861762	raw_counts / DESeq2 median-of-ratios (via riborex)	0.251	0.198	6.335	4.001	52.977	41.177	383.111	182.112	52.977	41.177	383.111	182.112
MM_RS02345	1.50825997116445	0.0179216333812482	0.099919764881439	948.496039761078	raw_counts / DESeq2 median-of-ratios (via riborex)	4.752	10.698	42.108	183.714	1008.998	2273.591	2408.492	7910.738	1008.998	2273.591	2408.492	7910.738
MM_RS12310	1.31997234458741	0.0179048011080942	0.099919764881439	163.251349796504	raw_counts / DESeq2 median-of-ratios (via riborex)	0.309	0.454	0.586	2.43	65.889	96.883	34.605	109.919	65.889	96.883	34.605	109.919
MM_RS04135	1.56663129540105	0.0181090961652128	0.100751030783578	89.1037128131828	raw_counts / DESeq2 median-of-ratios (via riborex)	0.345	0.972	1.352	6.625	73.812	203.343	79.686	299.298	73.812	203.343	79.686	299.298
MM_RS12050	-1.69750922709673	0.0182239921756235	0.101175905820692	222.03808234327	raw_counts / DESeq2 median-of-ratios (via riborex)	1.179	0.628	6.275	3.741	251.272	134.7	390.929	168.389	251.272	134.7	390.929	168.389
MM_RS03495	-1.2179141738501	0.0183202623915458	0.101495799662867	437.697393051514	raw_counts / DESeq2 median-of-ratios (via riborex)	0.345	0.179	1.875	1.279	73.522	38.243	108.685	56.868	73.522	38.243	108.685	56.868
MM_RS03455	-1.42017579332955	0.0185326188332343	0.102456120118049	380.38516515968	raw_counts / DESeq2 median-of-ratios (via riborex)	0.26	0.252	7.261	4.891	55.232	53.568	440.605	220.618	55.232	53.568	440.605	220.618
MM_RS15215	1.74686793530991	0.0186366201729835	0.102792825428218	95.378481648955	raw_counts / DESeq2 median-of-ratios (via riborex)	0.666	1.338	1.109	5.918	142.682	284.17	64.029	257.146	142.682	284.17	64.029	257.146
MM_RS12945	-1.39070735915818	0.0186718117780883	0.102792825428218	402.698101152249	raw_counts / DESeq2 median-of-ratios (via riborex)	1.26	0.58	3.407	1.961	269	123.743	194.57	88.43	269	123.743	194.57	88.43
MM_RS14930	1.55993924704369	0.0188100690906981	0.10333732517191	159.923873385739	raw_counts / DESeq2 median-of-ratios (via riborex)	0.169	0.299	0.523	2.423	35.841	61.928	30.397	114.073	35.841	61.928	30.397	114.073
MM_RS07960	-1.83283438963077	0.0188581448975213	0.103385153446536	931.521078324389	raw_counts / DESeq2 median-of-ratios (via riborex)	13.584	6.525	102.472	59.102	2888.265	1421.476	6515.262	2621.214	2888.265	1421.476	6515.262	2621.214
MM_RS01490	1.68728424364964	0.0189177263120289	0.103482653572979	67.1089734395332	raw_counts / DESeq2 median-of-ratios (via riborex)	0.436	0.483	1.538	8.082	93.174	103.034	90.521	373.779	93.174	103.034	90.521	373.779
MM_RS10715	-1.61129255649214	0.0189547434762387	0.103482653572979	523.597704766886	raw_counts / DESeq2 median-of-ratios (via riborex)	0.812	0.261	6.107	3.796	171.889	56.026	376.994	168.468	171.889	56.026	376.994	168.468
MM_RS03910	1.63583765730131	0.0190362826546904	0.103712195541944	149.956860519189	raw_counts / DESeq2 median-of-ratios (via riborex)	0.148	0.262	1.189	6.401	31.086	55.974	71.148	286.661	31.086	55.974	71.148	286.661
MM_RS11750	-1.83644280499841	0.0191511257925863	0.104121855758451	350.152462908115	raw_counts / DESeq2 median-of-ratios (via riborex)	1.134	0.463	16.343	6.418	243.169	96.301	912.888	289.761	243.169	96.301	912.888	289.761
MM_RS04100	-2.36989668853071	0.0195109947859095	0.105859240305369	2372.75799458435	raw_counts / DESeq2 median-of-ratios (via riborex)	7.368	3.394	371.22	155.075	1586.043	714.25	24173.529	7152.544	1586.043	714.25	24173.529	7152.544
MM_RS01470	2.24540054633394	0.0196819482288169	0.10634731697299	93.2710770702592	raw_counts / DESeq2 median-of-ratios (via riborex)	0.48	1.168	1.931	15.126	103.864	247.668	113.325	662.866	103.864	247.668	113.325	662.866
MM_RS08130	1.61363448516507	0.0196426006507487	0.10634731697299	412.866410188001	raw_counts / DESeq2 median-of-ratios (via riborex)	0.715	2.748	1.774	8.1	153.352	588.032	100.897	362.167	153.352	588.032	100.897	362.167
MM_RS08245	-3.10485066180852	0.0197941878892109	0.10652799483166	326.586886375383	raw_counts / DESeq2 median-of-ratios (via riborex)	0.835	0.016	2.294	0.571	172.952	3.539	147.151	24.184	172.952	3.539	147.151	24.184
MM_RS08095	-2.04359939943508	0.019796519983949	0.10652799483166	230.48390155091	raw_counts / DESeq2 median-of-ratios (via riborex)	0.544	0.396	11.697	5.693	115.961	82.691	743.222	268.892	115.961	82.691	743.222	268.892
MM_RS01860	1.89124760998313	0.0198684551641712	0.106696448386735	74.6329485694338	raw_counts / DESeq2 median-of-ratios (via riborex)	0.074	0.173	1.558	9.086	15.569	36.77	90.14	409.87	15.569	36.77	90.14	409.87
MM_RS10585	-1.3508784808013	0.0200897943694166	0.107227235800992	833.777186403607	raw_counts / DESeq2 median-of-ratios (via riborex)	0.912	0.38	6.681	3.904	194.148	81.168	379.651	173.495	194.148	81.168	379.651	173.495
MM_RS13530	-1.27531449270005	0.0200530976914322	0.107227235800992	179.296218347272	raw_counts / DESeq2 median-of-ratios (via riborex)	0.57	0.251	2.549	1.784	121.231	55.295	151.35	80.166	121.231	55.295	151.35	80.166
MM_RS06445	-1.15381341097377	0.0200454837750174	0.107227235800992	649.030649778093	raw_counts / DESeq2 median-of-ratios (via riborex)	0.196	0.084	1.608	1.221	41.622	17.975	95.401	55.03	41.622	17.975	95.401	55.03
MM_RS02585	-1.14883359464746	0.0202503388854113	0.107864888261846	545.366763194025	raw_counts / DESeq2 median-of-ratios (via riborex)	0.426	0.244	4.759	3.627	90.551	51.883	282.213	162.89	90.551	51.883	282.213	162.89
MM_RS19280	2.37042168356698	0.0204419819005644	0.108447388566427	88.7152199686479	raw_counts / DESeq2 median-of-ratios (via riborex)	0.054	0.378	0.78	7.06	11.484	78.857	47.326	345.151	11.484	78.857	47.326	345.151
MM_RS01135	1.74866210420156	0.0204850910410741	0.108447388566427	60.1104138844161	raw_counts / DESeq2 median-of-ratios (via riborex)	0.122	0.207	0.356	2.036	25.82	44.08	21.127	89.646	25.82	44.08	21.127	89.646
MM_RS02705	-1.44983373040063	0.0204562312150344	0.108447388566427	172.196940294616	raw_counts / DESeq2 median-of-ratios (via riborex)	0.163	0.066	1.197	0.746	34.717	14.392	71.487	34.455	34.717	14.392	71.487	34.455
MM_RS14790	1.36874590653387	0.0205248865641715	0.108447388566427	204.162555394136	raw_counts / DESeq2 median-of-ratios (via riborex)	0.21	0.539	0.666	2.735	44.554	115.54	38.578	120.086	44.554	115.54	38.578	120.086
MM_RS12035	-1.41678218226157	0.0209704387175488	0.110579060386111	160.549465795593	raw_counts / DESeq2 median-of-ratios (via riborex)	0.387	0.241	5.298	3.518	82.18	51.682	318.857	155.731	82.18	51.682	318.857	155.731
MM_RS04075	-2.57706205592399	0.021174471594936	0.11115529785198	3730.98213860529	raw_counts / DESeq2 median-of-ratios (via riborex)	2.718	1.299	28.252	10.276	588.131	272.512	1831.861	447.439	588.131	272.512	1831.861	447.439
MM_RS15010	-1.67008810333777	0.0211439160344664	0.11115529785198	226.851658115767	raw_counts / DESeq2 median-of-ratios (via riborex)	0.107	0.047	2.415	1.385	22.853	9.968	147.632	63.847	22.853	9.968	147.632	63.847
MM_RS04635	-1.1414374523111	0.0212067038171523	0.11115529785198	607.229660421795	raw_counts / DESeq2 median-of-ratios (via riborex)	0.494	0.165	2.777	2.111	104.893	35.442	164.189	94.516	104.893	35.442	164.189	94.516
MM_RS13555	-1.32542006475082	0.0213266910410896	0.111561535206975	452.44909001567	raw_counts / DESeq2 median-of-ratios (via riborex)	1.015	0.42	5.066	3.02	215.927	90.137	288.97	138.116	215.927	90.137	288.97	138.116
MM_RS07195	-1.72556533896235	0.0213848743146483	0.11164349890709	553.851029215061	raw_counts / DESeq2 median-of-ratios (via riborex)	0.153	0.115	4.284	2.475	32.706	24.465	265.876	112.752	32.706	24.465	265.876	112.752
MM_RS01445	1.322273169815	0.0215761830149143	0.112418763089613	154.332349410104	raw_counts / DESeq2 median-of-ratios (via riborex)	0.25	0.27	0.811	3.228	53.241	57.794	47.219	147.869	53.241	57.794	47.219	147.869
MM_RS06415	-1.79022151443843	0.0218894308789386	0.113825040570481	6533.6416042679	raw_counts / DESeq2 median-of-ratios (via riborex)	0.537	0.849	67.765	39.162	114.935	176.07	4261.465	1728.418	114.935	176.07	4261.465	1728.418
MM_RS00065	1.99651041156922	0.0219705479309137	0.114021064953714	125.399544485804	raw_counts / DESeq2 median-of-ratios (via riborex)	0.177	0.373	0.891	6.335	38.012	83.557	53.614	272.152	38.012	83.557	53.614	272.152
MM_RS07920	1.40754341739337	0.022033737343618	0.114123460087457	163.021222866861	raw_counts / DESeq2 median-of-ratios (via riborex)	0.264	1.075	0.502	2.01	56.129	234.743	28.56	89.868	56.129	234.743	28.56	89.868
MM_RS15360	1.29421229428549	0.0222228472943509	0.114876372037333	388.625437287852	raw_counts / DESeq2 median-of-ratios (via riborex)	0.625	1.21	2.009	8.607	132.988	257.499	120.291	378.352	132.988	257.499	120.291	378.352
MM_RS06945	-1.65070017506928	0.0225343440516177	0.115921961178654	427.690107283123	raw_counts / DESeq2 median-of-ratios (via riborex)	0.273	0.209	9.326	4.58	57.474	44.633	536.206	205.044	57.474	44.633	536.206	205.044
MM_RS02285	-1.40600203782799	0.0225430345297768	0.115921961178654	321.708013604875	raw_counts / DESeq2 median-of-ratios (via riborex)	0.275	0.182	2.499	1.545	58.007	38.87	146.624	69.361	58.007	38.87	146.624	69.361
MM_RS05740	-1.22556676856396	0.0225575484243306	0.115921961178654	285.693553248206	raw_counts / DESeq2 median-of-ratios (via riborex)	0.225	0.117	1.847	1.251	47.93	24.776	107.208	56.488	47.93	24.776	107.208	56.488
MM_RS12045	-1.59995948523263	0.023121429928754	0.118587646470523	663.335111845767	raw_counts / DESeq2 median-of-ratios (via riborex)	0.452	0.269	8.159	5.218	96.536	58.621	507.648	231.897	96.536	58.621	507.648	231.897
MM_RS02885	1.64366765359551	0.023242279523895	0.118617823612008	53.7744876116779	raw_counts / DESeq2 median-of-ratios (via riborex)	0.291	0.748	1.697	8.741	61.761	160.005	99.563	386.359	61.761	160.005	99.563	386.359
MM_RS17220	1.36174863471315	0.0232628252704434	0.118617823612008	253.658170692668	raw_counts / DESeq2 median-of-ratios (via riborex)	1.651	3.172	6.245	26.557	350.357	669.319	366.27	1151.843	350.357	669.319	366.27	1151.843
MM_RS11785	-1.34072811717344	0.0231991340814877	0.118617823612008	151718.548826252	raw_counts / DESeq2 median-of-ratios (via riborex)	84758.07	98254.504	81463.413	49435.252	17999577.862	22017127.805	4666925.936	2143711.319	17999577.862	22017127.805	4666925.936	2143711.319
MM_RS05990	-1.82568735088155	0.0234275972803927	0.118995880963852	741.815011566552	raw_counts / DESeq2 median-of-ratios (via riborex)	0.855	0.462	8.936	4.765	183.809	99.085	550.426	210.555	183.809	99.085	550.426	210.555
MM_RS04495	-1.45017849919843	0.0233861500649788	0.118995880963852	894.665141018552	raw_counts / DESeq2 median-of-ratios (via riborex)	0.485	0.251	3.432	2.103	102.37	52.985	203.575	97.568	102.37	52.985	203.575	97.568
MM_RS01935	1.18558384830646	0.023728581608215	0.120291998654773	249.673574584393	raw_counts / DESeq2 median-of-ratios (via riborex)	0.226	0.239	1.132	4.104	47.979	50.861	65.748	183.64	47.979	50.861	65.748	183.64
MM_RS12375	1.44843741293555	0.023840193571194	0.120565412344623	101.357945567824	raw_counts / DESeq2 median-of-ratios (via riborex)	0.074	0.161	0.69	2.998	15.723	33.698	40.154	137.162	15.723	33.698	40.154	137.162
MM_RS17070	1.4426041345099	0.0238743390781431	0.120565412344623	210.269275039321	raw_counts / DESeq2 median-of-ratios (via riborex)	0.37	0.69	4.968	24.216	78.856	144.976	301.489	1101.722	78.856	144.976	301.489	1101.722
MM_RS07600	-1.16977736731526	0.0239708934948385	0.120820664716787	454.767936955134	raw_counts / DESeq2 median-of-ratios (via riborex)	0.349	0.166	2.825	2.023	74.201	34.803	165.308	93.04	74.201	34.803	165.308	93.04
MM_RS14645	2.45210973525047	0.0240440814144165	0.120957390410455	772.790836654309	raw_counts / DESeq2 median-of-ratios (via riborex)	1.001	1.196	2.117	22.745	208.643	255.382	133.283	1076.245	208.643	255.382	133.283	1076.245
MM_RS14590	-1.41536353720202	0.024282265667205	0.121922045204743	590.140336855261	raw_counts / DESeq2 median-of-ratios (via riborex)	0.212	0.217	4.917	3.392	45.107	45.757	301.107	155.429	45.107	45.757	301.107	155.429
MM_RS06795	-1.56248183152661	0.0243998763276442	0.122278769535103	164.2416295553	raw_counts / DESeq2 median-of-ratios (via riborex)	0.108	0.046	1.371	0.713	22.813	9.406	78.644	31.678	22.813	9.406	78.644	31.678
MM_RS03770	6.83319440077387	0.0245893811133902	0.122759914075594	1749.72912752939	raw_counts / DESeq2 median-of-ratios (via riborex)	0.021	8.34	1.631	456.529	4.678	1751.949	112.162	21194.624	4.678	1751.949	112.162	21194.624
MM_RS09675	2.10098094706045	0.024578187885447	0.122759914075594	93.9754258194302	raw_counts / DESeq2 median-of-ratios (via riborex)	0.356	0.796	5.291	30.538	75.617	166.358	291.753	1412.517	75.617	166.358	291.753	1412.517
MM_RS09980	1.92987156620755	0.0248994667434569	0.123837120583935	213.984405744754	raw_counts / DESeq2 median-of-ratios (via riborex)	0.957	2.205	13.072	72.373	201.849	472.668	733.718	3075.75	201.849	472.668	733.718	3075.75
MM_RS02975	1.86272128036204	0.0248556979069967	0.123837120583935	80.0331611398846	raw_counts / DESeq2 median-of-ratios (via riborex)	0.104	0.254	0.834	5.819	21.933	53.984	52.013	264.537	21.933	53.984	52.013	264.537
MM_RS09890	1.73304023055599	0.024953324646471	0.123870379057907	66.2753568348176	raw_counts / DESeq2 median-of-ratios (via riborex)	0.13	0.311	1.488	7.763	27.708	66.526	85.728	340.877	27.708	66.526	85.728	340.877
MM_RS05650	1.21067872329781	0.0252386663991345	0.125050448988919	204.997488381748	raw_counts / DESeq2 median-of-ratios (via riborex)	0.343	0.751	1.64	6.35	72.984	161.623	96.867	283.274	72.984	161.623	96.867	283.274
MM_RS18600	2.53384979984479	0.025476358931069	0.125753606302608	284.369083342755	raw_counts / DESeq2 median-of-ratios (via riborex)	2.288	2.973	49.728	464.256	474.896	634.75	2918.6	21996.835	474.896	634.75	2918.6	21996.835
MM_RS04185	-1.46884519170589	0.0254298943814928	0.125753606302608	466.811389912809	raw_counts / DESeq2 median-of-ratios (via riborex)	0.406	0.352	3.626	2.393	85.75	75.729	221.073	107.718	85.75	75.729	221.073	107.718
MM_RS06220	-1.29714114176615	0.0257103172435323	0.126670343492525	1817.24923746313	raw_counts / DESeq2 median-of-ratios (via riborex)	2.803	1.025	18.485	12.153	591.977	220.433	1081.541	555.975	591.977	220.433	1081.541	555.975
MM_RS19470	-1.6095508114485	0.0257855199037452	0.126802949938642	368.083420886433	raw_counts / DESeq2 median-of-ratios (via riborex)	2.106	0.635	30.526	16.467	449.438	137.965	1781.733	694.286	449.438	137.965	1781.733	694.286
MM_RS13580	-1.46410043484099	0.0258668728335697	0.126965248712063	1765.82668919853	raw_counts / DESeq2 median-of-ratios (via riborex)	1.152	0.563	11.981	8.179	244.555	119.944	740.197	376.503	244.555	119.944	740.197	376.503
MM_RS13665	1.771072113223	0.0259202750716064	0.126990004362012	156.788753319339	raw_counts / DESeq2 median-of-ratios (via riborex)	0.161	0.229	0.528	2.923	34.668	48.626	30.83	129.553	34.668	48.626	30.83	129.553
MM_RS04530	-1.18080616232394	0.0261605836083967	0.127928663977001	737.421384891242	raw_counts / DESeq2 median-of-ratios (via riborex)	0.228	0.221	4.408	3.378	48.568	47.261	263.914	151.534	48.568	47.261	263.914	151.534
MM_RS13835	-1.44678353571932	0.026512523912825	0.129408713373752	85.2340762498213	raw_counts / DESeq2 median-of-ratios (via riborex)	0.045	0.018	0.2	0.125	9.656	3.759	11.884	5.598	9.656	3.759	11.884	5.598
MM_RS14840	2.86078027675901	0.0265765674838492	0.129480642323911	65.651716355798	raw_counts / DESeq2 median-of-ratios (via riborex)	0.219	0.461	1.912	23.019	45.71	94.594	113.98	1150.52	45.71	94.594	113.98	1150.52
MM_RS07710	1.28762666587021	0.0266897471675572	0.129791251966676	163.562014969567	raw_counts / DESeq2 median-of-ratios (via riborex)	0.185	0.39	0.822	3.227	39.53	82.278	47.966	146.483	39.53	82.278	47.966	146.483
MM_RS09720	-1.94320532600243	0.0268058033996058	0.130114676021007	8788.40068816146	raw_counts / DESeq2 median-of-ratios (via riborex)	3.901	1.307	38.315	21.524	831.955	280.923	2482.289	945.955	831.955	280.923	2482.289	945.955
MM_RS04600	-8.68412236187344	0.0269793511716474	0.130715454200639	77.4428047327579	raw_counts / DESeq2 median-of-ratios (via riborex)	0.104	0.024	0.357	0	22.139	4.787	19.035	0	22.139	4.787	19.035	0
MM_RS15405	-1.9443641966045	0.0273478555173147	0.132256848229224	611.859760549493	raw_counts / DESeq2 median-of-ratios (via riborex)	0.474	0.227	4.204	2.166	101.932	47.088	263.987	96.602	101.932	47.088	263.987	96.602
MM_RS13495	1.47758179751032	0.0276082387441242	0.133026119159762	104.663965286019	raw_counts / DESeq2 median-of-ratios (via riborex)	0.511	0.624	1.783	7.949	108.447	135.96	103.203	345.257	108.447	135.96	103.203	345.257
MM_RS15735	-1.26431373587807	0.0275696925105042	0.133026119159762	674.275823914195	raw_counts / DESeq2 median-of-ratios (via riborex)	0.578	0.191	2.75	1.893	122.177	40.847	161.491	83.284	122.177	40.847	161.491	83.284
MM_RS04910	-1.96566215890907	0.0276934756261447	0.13319243039241	466.790806437666	raw_counts / DESeq2 median-of-ratios (via riborex)	12.205	4.349	417.066	151.777	2559.417	936.442	23487.548	7145.007	2559.417	936.442	23487.548	7145.007
MM_RS10490	1.3309274172647	0.0277884847913776	0.133405047645626	229.522515130879	raw_counts / DESeq2 median-of-ratios (via riborex)	0.27	0.754	2.524	10.625	57.687	161.787	149.147	476.129	57.687	161.787	149.147	476.129
MM_RS00080	-1.30800297142956	0.0280165789625589	0.134254628386277	265.173844122179	raw_counts / DESeq2 median-of-ratios (via riborex)	7.095	2.658	67.158	41.147	1513.695	567.825	3851.906	1885.392	1513.695	567.825	3851.906	1885.392
MM_RS07955	-1.95177490106365	0.0282112934547568	0.134941451024028	2181.71623293715	raw_counts / DESeq2 median-of-ratios (via riborex)	2.232	1.308	25.178	13.997	476.942	283.367	1626.738	610.083	476.942	283.367	1626.738	610.083
MM_RS05995	-1.8223529424612	0.028670277832597	0.136887544706181	1132.12751985193	raw_counts / DESeq2 median-of-ratios (via riborex)	0.605	0.367	10.256	5.539	130.304	78.268	635.169	248.298	130.304	78.268	635.169	248.298
MM_RS12455	1.237184365837	0.0288890569178799	0.137608488608783	588.965844044326	raw_counts / DESeq2 median-of-ratios (via riborex)	4.059	6.634	59.614	250.499	864.276	1420.9	3602.101	11241.156	864.276	1420.9	3602.101	11241.156
MM_RS07620	-1.10906666530775	0.0289260798598812	0.137608488608783	1189.42770990414	raw_counts / DESeq2 median-of-ratios (via riborex)	2.235	1.765	26.395	19.494	476.305	373.178	1532.113	862.431	476.305	373.178	1532.113	862.431
MM_RS18285	1.68524937479482	0.0290295264604219	0.137638026761144	110.568754928023	raw_counts / DESeq2 median-of-ratios (via riborex)	2.754	6.013	11.106	67.621	583.722	1277.105	690.463	3117.615	583.722	1277.105	690.463	3117.615
MM_RS06355	-1.41580973397861	0.0290371160798454	0.137638026761144	705.198147755712	raw_counts / DESeq2 median-of-ratios (via riborex)	0.437	0.261	5.123	3.547	93.351	55.666	313.033	157.207	93.351	55.666	313.033	157.207
MM_RS13335	-8.55583586716919	0.0291528770996768	0.137937757231984	2217.94418133238	raw_counts / DESeq2 median-of-ratios (via riborex)	9.215	0.021	65.53	0.203	1888.479	4.535	3495.916	9.299	1888.479	4.535	3495.916	9.299
MM_RS00990	-1.26750779785925	0.029398033263963	0.138847545595624	1155.75388030847	raw_counts / DESeq2 median-of-ratios (via riborex)	0.24	0.095	1.516	1.139	51.232	20.297	91.976	50.639	51.232	20.297	91.976	50.639
MM_RS11405	-1.67958761283051	0.0294964856649647	0.138957896067403	57.7972112354027	raw_counts / DESeq2 median-of-ratios (via riborex)	0.093	0.028	0.502	0.242	19.84	5.809	28.632	10.608	19.84	5.809	28.632	10.608
MM_RS04770	-1.41800259116444	0.0295272300097527	0.138957896067403	222.675790119595	raw_counts / DESeq2 median-of-ratios (via riborex)	0.464	0.253	4.273	2.947	98.662	54.44	260.43	129.103	98.662	54.44	260.43	129.103
MM_RS03930	2.7267102957294	0.0298440898361933	0.139947464124721	83.4929284789298	raw_counts / DESeq2 median-of-ratios (via riborex)	0.094	0.375	0.646	7.257	20.379	79.642	38.563	339.348	20.379	79.642	38.563	339.348
MM_RS05375	-2.20327321700881	0.02984188849657	0.139947464124721	710.48187768158	raw_counts / DESeq2 median-of-ratios (via riborex)	0.435	0.071	3.582	1.089	90.721	15.387	200.054	49.334	90.721	15.387	200.054	49.334
MM_RS02630	-1.62504882922299	0.0299631074110351	0.140255115973936	585.542827132184	raw_counts / DESeq2 median-of-ratios (via riborex)	0.389	0.469	5.605	3.587	82.264	100.505	351.566	161.281	82.264	100.505	351.566	161.281
MM_RS07120	-1.15243976089806	0.0301251254494032	0.14076259685077	518.339124026954	raw_counts / DESeq2 median-of-ratios (via riborex)	0.818	0.323	3.282	2.381	173.117	67.639	191.483	106.714	173.117	67.639	191.483	106.714
MM_RS02640	-1.4928453260961	0.0308266994961626	0.143784925181035	261.424880093198	raw_counts / DESeq2 median-of-ratios (via riborex)	0.228	0.172	8.758	5.779	48.474	36.433	538.635	265.883	48.474	36.433	538.635	265.883
MM_RS08520	1.68791217028159	0.0310100828319301	0.144383825384129	64.683315666972	raw_counts / DESeq2 median-of-ratios (via riborex)	0.03	0.071	0.198	1.01	6.294	15.188	11.429	43.846	6.294	15.188	11.429	43.846
MM_RS11370	-1.12765600888738	0.0311038577301067	0.144564124600461	345.538725083491	raw_counts / DESeq2 median-of-ratios (via riborex)	0.118	0.062	0.924	0.682	25.178	13.044	53.886	30.425	25.178	13.044	53.886	30.425
MM_RS07460	1.70644173566576	0.031380994122555	0.145594506300052	319.987489369197	raw_counts / DESeq2 median-of-ratios (via riborex)	0.231	0.821	1.564	7.785	48.525	177.743	89.376	339.61	48.525	177.743	89.376	339.61
MM_RS05970	-1.15503407604938	0.0314861584351302	0.145824783158116	442.847136296917	raw_counts / DESeq2 median-of-ratios (via riborex)	0.729	0.308	4.041	2.786	154.963	65.771	232.555	127.363	154.963	65.771	232.555	127.363
MM_RS08310	1.54396233792489	0.0317372755344249	0.146471152114938	129.799281581307	raw_counts / DESeq2 median-of-ratios (via riborex)	0.109	0.21	2.506	11.694	22.99	44.418	145.797	523.597	22.99	44.418	145.797	523.597
MM_RS14255	1.43304140036601	0.0317133613491182	0.146471152114938	92.9689097574494	raw_counts / DESeq2 median-of-ratios (via riborex)	0.087	0.117	0.348	1.666	18.481	25.319	21.004	73.52	18.481	25.319	21.004	73.52
MM_RS03040	-3.18359190251109	0.0318953886347807	0.146685272425454	80.8711672949003	raw_counts / DESeq2 median-of-ratios (via riborex)	0.062	0.026	4.105	0.539	12.929	5.535	220.656	25.949	12.929	5.535	220.656	25.949
MM_RS18385	2.28133616082552	0.031863507505083	0.146685272425454	56.0064908231245	raw_counts / DESeq2 median-of-ratios (via riborex)	0.674	1.976	10.99	79.605	140.472	436.505	625.798	3658.189	140.472	436.505	625.798	3658.189
MM_RS02710	-1.89935014116124	0.0324598880839039	0.148923482616922	90.295720491719	raw_counts / DESeq2 median-of-ratios (via riborex)	0.436	0.113	2.51	1.128	91.296	23.329	149.1	51.528	91.296	23.329	149.1	51.528
MM_RS07330	-1.26094474134458	0.0324954895428395	0.148923482616922	431.74892466497	raw_counts / DESeq2 median-of-ratios (via riborex)	0.349	0.223	5.877	4.2	74.535	48.022	349.438	185.367	74.535	48.022	349.438	185.367
MM_RS02595	1.37014438681882	0.0326100730571619	0.149188243637817	92.816074271311	raw_counts / DESeq2 median-of-ratios (via riborex)	0.623	0.528	2.204	9.442	132.604	114.447	129.48	413.956	132.604	114.447	129.48	413.956
MM_RS10970	-2.18833569900812	0.032815833956025	0.149868486901777	3200.54022299079	raw_counts / DESeq2 median-of-ratios (via riborex)	5.243	2.615	90.727	45.776	1109.552	586.146	6016.322	1975.837	1109.552	586.146	6016.322	1975.837
MM_RS13340	-8.87475467463926	0.0329499124276847	0.15021956603316	9084.29019599473	raw_counts / DESeq2 median-of-ratios (via riborex)	6.352	0.012	44.136	0.112	1301.84	2.575	2352.264	5.032	1301.84	2.575	2352.264	5.032
MM_RS06635	1.71554390725374	0.0331232693766096	0.150748189571884	186.290483150124	raw_counts / DESeq2 median-of-ratios (via riborex)	0.304	0.67	1.728	10.004	65.489	141.908	103.835	440.554	65.489	141.908	103.835	440.554
MM_RS07030	-1.73893639398218	0.0336260670081123	0.152507861767363	2330.22443688183	raw_counts / DESeq2 median-of-ratios (via riborex)	35.294	10.109	350.789	219.083	7512.803	2161.146	22380.321	9512.125	7512.803	2161.146	22380.321	9512.125
MM_RS10525	1.32547173974059	0.0336259694927934	0.152507861767363	557.618830129082	raw_counts / DESeq2 median-of-ratios (via riborex)	0.138	0.222	0.815	3.462	29.519	47.763	48.242	150.634	29.519	47.763	48.242	150.634
MM_RS07095	1.9043822874965	0.0337953771589572	0.153011483481761	360.069114748121	raw_counts / DESeq2 median-of-ratios (via riborex)	1.216	3.162	15.631	98.063	254.573	696.204	919.657	4174.787	254.573	696.204	919.657	4174.787
MM_RS14615	-2.34064225928092	0.0339299946353326	0.153356567835428	182.033273521155	raw_counts / DESeq2 median-of-ratios (via riborex)	0.502	0.102	2.785	0.85	104.359	21.227	159.73	37.175	104.359	21.227	159.73	37.175
MM_RS05175	-1.96060582309868	0.0351941608670473	0.158797021369186	493.455145826806	raw_counts / DESeq2 median-of-ratios (via riborex)	0.567	0.248	8.706	4.915	120.24	53.353	567.68	215.522	120.24	53.353	567.68	215.522
MM_RS03490	-1.495192489936	0.03573855838679	0.160976765563826	237.99392301991	raw_counts / DESeq2 median-of-ratios (via riborex)	0.765	0.318	5.548	3.27	160.837	67.905	327.203	147.3	160.837	67.905	327.203	147.3
MM_RS18245	1.92731768202111	0.0359388664326537	0.161325578208801	64.2906419925843	raw_counts / DESeq2 median-of-ratios (via riborex)	3.995	15.749	4.058	30.506	842.024	3418.63	257.383	1357.317	842.024	3418.63	257.383	1357.317
MM_RS09055	-1.21528956210124	0.0359209957599865	0.161325578208801	238.296100963418	raw_counts / DESeq2 median-of-ratios (via riborex)	0.423	0.173	2.577	1.961	89.682	37.382	155.175	87.471	89.682	37.382	155.175	87.471
MM_RS04895	2.91540108663088	0.0362961970052286	0.161615039310535	114281.809924258	raw_counts / DESeq2 median-of-ratios (via riborex)	2730.103	2015.963	677.011	7584.745	567691.255	439061.09	38087.053	299799.359	567691.255	439061.09	38087.053	299799.359
MM_RS10475	-1.56940364012869	0.0362313690379608	0.161615039310535	87.537967663644	raw_counts / DESeq2 median-of-ratios (via riborex)	0.183	0.111	6.589	3.565	39.24	23.529	381.832	154.842	39.24	23.529	381.832	154.842
MM_RS13020	-1.56928124539466	0.0361999492869794	0.161615039310535	158.333632504912	raw_counts / DESeq2 median-of-ratios (via riborex)	0.07	0.055	2.897	1.682	14.772	11.787	173.444	77.157	14.772	11.787	173.444	77.157
MM_RS12030	-1.51179429208354	0.0361750071471806	0.161615039310535	288.159995972878	raw_counts / DESeq2 median-of-ratios (via riborex)	0.213	0.193	5.3	3.323	45.584	41.554	319.502	145.1	45.584	41.554	319.502	145.1
MM_RS12530	-1.44810044591225	0.0363110712845452	0.161615039310535	317.898712497523	raw_counts / DESeq2 median-of-ratios (via riborex)	0.162	0.085	1.734	1.146	34.081	18.374	104.985	50.641	34.081	18.374	104.985	50.641
MM_RS09320	1.7320487763319	0.0364327938106569	0.16188243070522	260.018073016322	raw_counts / DESeq2 median-of-ratios (via riborex)	0.478	1.527	5.421	26.092	102.436	328.703	304.385	1123.067	102.436	328.703	304.385	1123.067
MM_RS06040	2.10462820908665	0.0365052068813045	0.161930191334976	92.6554282883869	raw_counts / DESeq2 median-of-ratios (via riborex)	0.786	1.108	0.79	5.997	169.993	230.999	47.859	275.609	169.993	230.999	47.859	275.609
MM_RS08080	-1.44605223038355	0.036683617871002	0.162447184703628	588.577622293064	raw_counts / DESeq2 median-of-ratios (via riborex)	0.248	0.212	8.917	6.253	52.57	44.75	553.567	286.148	52.57	44.75	553.567	286.148
MM_RS07970	-1.69516704595533	0.0374351075952263	0.165217802596747	1854.48702118354	raw_counts / DESeq2 median-of-ratios (via riborex)	2.652	1.347	29.513	18.943	566.273	287.173	1886.974	848.22	566.273	287.173	1886.974	848.22
MM_RS08900	1.22405718939899	0.0374085029473571	0.165217802596747	147.598882955829	raw_counts / DESeq2 median-of-ratios (via riborex)	0.239	0.282	0.776	2.882	50.937	59.856	44.984	128.485	50.937	59.856	44.984	128.485
MM_RS18090	1.76328849632019	0.0379065058373873	0.165445586080885	124.2738737185	raw_counts / DESeq2 median-of-ratios (via riborex)	0.175	0.107	0.188	0.959	36.727	23.187	10.692	43.057	36.727	23.187	10.692	43.057
MM_RS10465	-1.46206012368264	0.0377672060248965	0.165445586080885	437.663783686091	raw_counts / DESeq2 median-of-ratios (via riborex)	0.249	0.186	5.17	3.642	53.008	40.101	322.202	163.506	53.008	40.101	322.202	163.506
MM_RS14460	-1.4354824277932	0.0376400240497482	0.165445586080885	228.461898568107	raw_counts / DESeq2 median-of-ratios (via riborex)	0.146	0.062	1.366	0.751	30.959	13.288	77.405	32.824	30.959	13.288	77.405	32.824
MM_RS14385	1.39721773201122	0.0378149672541222	0.165445586080885	789.128179220155	raw_counts / DESeq2 median-of-ratios (via riborex)	3.504	7.375	3.324	15.071	751.501	1636.346	197.985	662.628	751.501	1636.346	197.985	662.628
MM_RS15785	1.38207730341128	0.0378000247566311	0.165445586080885	95.3454019097201	raw_counts / DESeq2 median-of-ratios (via riborex)	0.111	0.172	0.771	3.401	23.437	36.902	45.894	155.415	23.437	36.902	45.894	155.415
MM_RS03435	-1.13668541974482	0.0377699882787939	0.165445586080885	350.017971997185	raw_counts / DESeq2 median-of-ratios (via riborex)	0.32	0.136	3.796	2.968	67.98	29.301	225.897	130.683	67.98	29.301	225.897	130.683
MM_RS16675	-1.11127015509808	0.0379907419675451	0.165445586080885	305.019909408957	raw_counts / DESeq2 median-of-ratios (via riborex)	0.099	0.051	1.276	0.968	21.069	10.952	74.923	43.716	21.069	10.952	74.923	43.716
MM_RS07135	1.05944445794171	0.0379849486155258	0.165445586080885	445.385713202297	raw_counts / DESeq2 median-of-ratios (via riborex)	0.239	0.397	1.524	5.111	50.63	85.042	88.809	228.222	50.63	85.042	88.809	228.222
MM_RS01435	1.41729825413191	0.038197979209598	0.165854495474825	137.429173260149	raw_counts / DESeq2 median-of-ratios (via riborex)	0.058	0.106	0.407	1.744	12.514	22.951	23.7	78.065	12.514	22.951	23.7	78.065
MM_RS01680	-1.39635132309846	0.0382740041006249	0.165854495474825	310.261546808911	raw_counts / DESeq2 median-of-ratios (via riborex)	0.241	0.18	6.499	4.527	50.941	38.172	396.635	203.114	50.941	38.172	396.635	203.114
MM_RS02210	-1.24189496697533	0.0382741143403442	0.165854495474825	206.695257481961	raw_counts / DESeq2 median-of-ratios (via riborex)	0.169	0.092	1.878	1.308	36.191	19.57	110.646	59.632	36.191	19.57	110.646	59.632
MM_RS06420	-1.45043198418113	0.0389596932919492	0.168547206894001	4747.39364485229	raw_counts / DESeq2 median-of-ratios (via riborex)	1.704	2.039	118.165	84.537	361.81	433.618	7363.35	3700.336	361.81	433.618	7363.35	3700.336
MM_RS10235	-1.41786515337381	0.0397073348633106	0.171217506323569	24817.2188649253	raw_counts / DESeq2 median-of-ratios (via riborex)	5.505	4.894	172.226	125.599	1166.578	1044.061	10738.971	5602.834	1166.578	1044.061	10738.971	5602.834
MM_RS05825	1.37213881619707	0.0396555151452849	0.171217506323569	155.026232546847	raw_counts / DESeq2 median-of-ratios (via riborex)	0.082	0.094	0.478	2.009	17.42	20.281	27.84	86.53	17.42	20.281	27.84	86.53
MM_RS10800	-1.2206964364656	0.0398812723772517	0.171685608627317	132.276206949144	raw_counts / DESeq2 median-of-ratios (via riborex)	0.231	0.201	2.394	1.771	49.043	43.996	142.731	78.654	49.043	43.996	142.731	78.654
MM_RS07520	1.57182653807347	0.0405101730070386	0.174107552072804	8304.73704044922	raw_counts / DESeq2 median-of-ratios (via riborex)	41.989	65.072	27.455	155.855	8988.618	14041.879	1707.797	7295.14	8988.618	14041.879	1707.797	7295.14
MM_RS13345	-8.45839034814625	0.0408637381038252	0.175340157288636	1174.85623398282	raw_counts / DESeq2 median-of-ratios (via riborex)	11.352	0.034	168.714	0.586	2326.452	7.5	8993.823	24.304	2326.452	7.5	8993.823	24.304
MM_RS11545	-1.33646108351585	0.0410428488615308	0.175821404747765	126.611891424744	raw_counts / DESeq2 median-of-ratios (via riborex)	0.151	0.07	1.385	0.966	31.848	15.175	83.469	43.698	31.848	15.175	83.469	43.698
MM_RS03115	-1.26651253625736	0.0413582884296027	0.176884145628887	543.893436707722	raw_counts / DESeq2 median-of-ratios (via riborex)	4.017	1.715	6.735	4.564	860.523	356.022	395.446	208.275	860.523	356.022	395.446	208.275
MM_RS14480	1.43571797151705	0.0414479232103464	0.176979262358325	140.39111780388	raw_counts / DESeq2 median-of-ratios (via riborex)	0.184	0.281	0.707	3.292	38.846	59.953	42.413	152.378	38.846	59.953	42.413	152.378
MM_RS12290	-1.39044629153039	0.0418023843316377	0.178203021517663	464.363763721799	raw_counts / DESeq2 median-of-ratios (via riborex)	0.463	0.259	5.921	3.4	97.55	55.642	338.779	156.471	97.55	55.642	338.779	156.471
MM_RS05260	-1.82394200644122	0.0420246689992794	0.178282359922629	4583.98340604637	raw_counts / DESeq2 median-of-ratios (via riborex)	8.751	3.268	153.287	84.908	1855.771	688.075	9668.016	4121.695	1855.771	688.075	9668.016	4121.695
MM_RS10650	-1.49127213647821	0.042008448923954	0.178282359922629	360.942104856437	raw_counts / DESeq2 median-of-ratios (via riborex)	0.397	0.147	4.775	2.593	83.563	31.89	273.714	116.532	83.563	31.89	273.714	116.532
MM_RS00640	-1.12966969168506	0.0419737002081985	0.178282359922629	854.801246983667	raw_counts / DESeq2 median-of-ratios (via riborex)	0.855	0.359	4.968	3.8	181.996	76.332	292.56	165.086	181.996	76.332	292.56	165.086
MM_RS14395	1.75691906987688	0.0423497552599139	0.179326472363746	69.1808613003737	raw_counts / DESeq2 median-of-ratios (via riborex)	1.427	1.624	1.953	10.714	302.254	343.778	112.906	448.653	302.254	343.778	112.906	448.653
MM_RS12385	1.53638611773255	0.0424073645612667	0.179326472363746	775.591234019308	raw_counts / DESeq2 median-of-ratios (via riborex)	0.314	0.933	2.517	13.203	65.981	197.396	153.206	605.857	65.981	197.396	153.206	605.857
MM_RS02070	-1.42117725693651	0.0425309706143996	0.179560014201629	296.728229787839	raw_counts / DESeq2 median-of-ratios (via riborex)	0.112	0.151	1.3	0.924	23.938	32.955	80.377	41.121	23.938	32.955	80.377	41.121
MM_RS05355	-1.29114136384631	0.0428080531649449	0.180439723292368	470.784121111813	raw_counts / DESeq2 median-of-ratios (via riborex)	0.635	0.227	3.489	2.645	134.892	48.884	213.211	115.722	134.892	48.884	213.211	115.722
MM_RS02570	1.45133292991024	0.0432610799491468	0.181765753514335	208.969843212897	raw_counts / DESeq2 median-of-ratios (via riborex)	0.114	0.23	1.24	5.417	24.46	49.152	72.298	248.446	24.46	49.152	72.298	248.446
MM_RS03365	1.12177226877518	0.0432018799960711	0.181765753514335	336.304910223328	raw_counts / DESeq2 median-of-ratios (via riborex)	0.275	0.874	2.645	9.357	58.66	189.829	154.508	412.936	58.66	189.829	154.508	412.936
MM_RS12755	-1.82741243981322	0.0433542385561388	0.181866182824953	8302.79126340171	raw_counts / DESeq2 median-of-ratios (via riborex)	3.082	2.463	59.27	36.582	653.966	531.614	3872.619	1652.182	653.966	531.614	3872.619	1652.182
MM_RS13635	1.67079638093134	0.0438850426917154	0.18335567190318	190.415527119645	raw_counts / DESeq2 median-of-ratios (via riborex)	0.106	0.21	0.29	1.726	22.321	45.385	17.869	77.608	22.321	45.385	17.869	77.608
MM_RS15490	-1.27388870974018	0.0437901960470026	0.18335567190318	117.337376173013	raw_counts / DESeq2 median-of-ratios (via riborex)	0.133	0.061	0.999	0.713	28.366	13.088	59.607	31.795	28.366	13.088	59.607	31.795
MM_RS11510	-1.1342731386681	0.0439187805129855	0.18335567190318	291.700980581306	raw_counts / DESeq2 median-of-ratios (via riborex)	0.355	0.126	1.808	1.262	75.344	26.713	103.615	56.341	75.344	26.713	103.615	56.341
MM_RS08605	2.4150213025542	0.0440216637253552	0.183493474512353	93.2068532749802	raw_counts / DESeq2 median-of-ratios (via riborex)	0.42	1.294	2.213	17.171	91.287	280.574	124.777	769.115	91.287	280.574	124.777	769.115
MM_RS00005	-1.84060489880471	0.0444508274866075	0.184696001550366	5825.98897086191	raw_counts / DESeq2 median-of-ratios (via riborex)	2.751	1.856	41.386	24.722	590.114	397.382	2672.46	1092.444	590.114	397.382	2672.46	1092.444
MM_RS01255	1.51595513734256	0.0443846175029029	0.184696001550366	66.9617071353223	raw_counts / DESeq2 median-of-ratios (via riborex)	1.177	1.434	2.614	13.263	248.605	300.091	158.338	597.917	248.605	300.091	158.338	597.917
MM_RS05560	1.31418016200535	0.0445701721481301	0.18489932395101	195.333909925745	raw_counts / DESeq2 median-of-ratios (via riborex)	0.36	0.498	0.907	3.41	76.043	106.479	51.876	156.725	76.043	106.479	51.876	156.725
MM_RS06460	-1.50366041171771	0.0448006463075396	0.18556229842839	360.943890351996	raw_counts / DESeq2 median-of-ratios (via riborex)	0.159	0.132	3.824	2.684	33.703	28.284	240.479	120.179	33.703	28.284	240.479	120.179
MM_RS06050	-1.7864250279707	0.0449673646589017	0.185718857291675	162.738090171543	raw_counts / DESeq2 median-of-ratios (via riborex)	0.309	0.071	0.835	0.481	65.038	15.39	52.61	21.66	65.038	15.39	52.61	21.66
MM_RS02310	-1.3412026619575	0.0449798907987453	0.185718857291675	180.265396982699	raw_counts / DESeq2 median-of-ratios (via riborex)	0.069	0.033	1.385	0.978	14.631	6.888	83.389	42.347	14.631	6.888	83.389	42.347
MM_RS16540	-1.63249802469553	0.0454880626128835	0.187262886052916	82.9235677382988	raw_counts / DESeq2 median-of-ratios (via riborex)	0.84	0.267	8.267	4.092	176.902	56.822	471.461	177.314	176.902	56.822	471.461	177.314
MM_RS04935	1.34188161320771	0.0454964666038693	0.187262886052916	182.127815441108	raw_counts / DESeq2 median-of-ratios (via riborex)	0.167	0.202	0.574	2.597	35.55	43.041	34.583	112.566	35.55	43.041	34.583	112.566
MM_RS13350	-7.25116835061032	0.0459132829412607	0.187739484625152	637.03306425094	raw_counts / DESeq2 median-of-ratios (via riborex)	6.067	0.009	106.328	0.835	1243.72	1.752	5675.609	37.494	1243.72	1.752	5675.609	37.494
MM_RS12990	-1.82306399368221	0.0458208947706793	0.187739484625152	5847.40806846201	raw_counts / DESeq2 median-of-ratios (via riborex)	1.266	0.96	63.642	26.846	264.777	211.943	3612.539	1164.643	264.777	211.943	3612.539	1164.643
MM_RS12750	-1.57217666946504	0.0459697214828532	0.187739484625152	3835.6993861638	raw_counts / DESeq2 median-of-ratios (via riborex)	3.963	2.536	51.864	35.998	843.871	547.771	3309.939	1625.628	843.871	547.771	3309.939	1625.628
MM_RS11520	1.38406132990385	0.0458750892600818	0.187739484625152	131.397511525872	raw_counts / DESeq2 median-of-ratios (via riborex)	0.157	0.492	1.425	6.11	33.633	104.047	83.73	275.427	33.633	104.047	83.73	275.427
MM_RS09385	-1.26497580125268	0.0458890633501099	0.187739484625152	2555.81913566085	raw_counts / DESeq2 median-of-ratios (via riborex)	3.83	1.373	34.065	23.077	806.905	294.389	1992.608	1025.33	806.905	294.389	1992.608	1025.33
MM_RS11445	1.05590578321167	0.046104376584954	0.187997038683368	1185.83143361151	raw_counts / DESeq2 median-of-ratios (via riborex)	0.724	1.241	4.224	15.253	153.832	265.18	252.431	672.182	153.832	265.18	252.431	672.182
MM_RS13145	-1.63390504917147	0.0465653203511031	0.18958221897984	886.178127486643	raw_counts / DESeq2 median-of-ratios (via riborex)	4.194	1.664	77.489	40.722	879.418	353.034	4560.855	1916.042	879.418	353.034	4560.855	1916.042
MM_RS16610	-1.41225906583581	0.0466619847166237	0.18968169019482	563.835583323455	raw_counts / DESeq2 median-of-ratios (via riborex)	2.089	0.65	14.255	7.64	445.27	135.771	803.618	359.164	445.27	135.771	803.618	359.164
MM_RS07360	1.22312248785913	0.0469252551681622	0.190457063480053	306.108021726986	raw_counts / DESeq2 median-of-ratios (via riborex)	0.616	1.343	12.741	44.317	131.135	286.876	725.511	2020.783	131.135	286.876	725.511	2020.783
MM_RS16735	1.30184955445386	0.0472730256212863	0.191572477286262	90.8740712694383	raw_counts / DESeq2 median-of-ratios (via riborex)	0.135	0.157	0.385	1.484	28.788	33.261	22.19	66.498	28.788	33.261	22.19	66.498
MM_RS12545	-1.74806634503879	0.0477486165809029	0.192564171672099	782.224950669224	raw_counts / DESeq2 median-of-ratios (via riborex)	0.141	0.084	3.786	2.355	30.186	17.706	242.922	106.647	30.186	17.706	242.922	106.647
MM_RS17150	-1.67972563649096	0.0478843884622547	0.192564171672099	122.886422100873	raw_counts / DESeq2 median-of-ratios (via riborex)	0.097	0.067	1.669	0.789	20.366	14.217	95.513	35.796	20.366	14.217	95.513	35.796
MM_RS16810	-1.45066108288018	0.0476237608464671	0.192564171672099	282.395627629395	raw_counts / DESeq2 median-of-ratios (via riborex)	0.533	0.1	3.063	1.89	114.48	20.943	181.821	86.114	114.48	20.943	181.821	86.114
MM_RS16240	-1.44070377167745	0.0477659355791898	0.192564171672099	127.191193236277	raw_counts / DESeq2 median-of-ratios (via riborex)	0.052	0.035	2.031	1.093	10.974	7.457	114.759	49.079	10.974	7.457	114.759	49.079
MM_RS02315	-1.36927420196444	0.0478639107257149	0.192564171672099	166.474115220938	raw_counts / DESeq2 median-of-ratios (via riborex)	0.145	0.072	1.259	0.794	31.21	15.566	73.904	36.191	31.21	15.566	73.904	36.191
MM_RS12810	-1.05362436194634	0.0481162590456639	0.193200758798033	284.945585730638	raw_counts / DESeq2 median-of-ratios (via riborex)	0.074	0.041	0.337	0.262	15.603	8.636	19.647	11.648	15.603	8.636	19.647	11.648
MM_RS07825	1.45877737403596	0.0482813267874	0.193567578845362	54.3997726615691	raw_counts / DESeq2 median-of-ratios (via riborex)	0.021	0.022	0.128	0.576	4.536	4.765	7.55	26.458	4.536	4.765	7.55	26.458
MM_RS09380	-1.63999125139715	0.0491770873604825	0.196858279586322	728.127145545466	raw_counts / DESeq2 median-of-ratios (via riborex)	0.44	0.173	20.688	10.218	92.474	37.042	1182.95	431.988	92.474	37.042	1182.95	431.988
MM_RS13765	1.86035448138694	0.0497955448843122	0.199017032544234	201.077347592539	raw_counts / DESeq2 median-of-ratios (via riborex)	1.169	2.812	0.694	4.131	252.809	610.29	40.75	186.376	252.809	610.29	40.75	186.376
MM_RS03170	1.80691410753425	0.0499437259888233	0.199017032544234	134.820376765544	raw_counts / DESeq2 median-of-ratios (via riborex)	0.203	0.257	0.74	4.095	42.499	55.45	42.852	181.763	42.499	55.45	42.852	181.763
MM_RS05495	1.14937790344081	0.0498701201505447	0.199017032544234	205.012036296786	raw_counts / DESeq2 median-of-ratios (via riborex)	0.15	0.192	0.541	1.89	31.712	41.337	31.27	84.445	31.712	41.337	31.27	84.445
MM_RS01950	1.49386910155098	0.0501927152378724	0.199560008078815	593.619317070409	raw_counts / DESeq2 median-of-ratios (via riborex)	0.989	2.694	3.621	19.597	211.51	567.708	225.843	913.753	211.51	567.708	225.843	913.753
MM_RS03410	-1.12938213913656	0.0502319746154215	0.199560008078815	306.952042589231	raw_counts / DESeq2 median-of-ratios (via riborex)	0.604	0.406	3.482	2.619	128.722	89.294	203.742	114.095	128.722	89.294	203.742	114.095
MM_RS14890	1.28374081582668	0.0510927548573648	0.202673072893414	134.229818277342	raw_counts / DESeq2 median-of-ratios (via riborex)	0.189	0.336	1.285	5.624	40.409	71.195	78.072	254.121	40.409	71.195	78.072	254.121
MM_RS17850	1.1331956422617	0.0513072901812008	0.203217110129462	217.13751012757	raw_counts / DESeq2 median-of-ratios (via riborex)	0.148	0.262	0.989	3.47	31.591	55.61	57.449	153.215	31.591	55.61	57.449	153.215
MM_RS12230	-1.38976014284287	0.0517764961587415	0.204766685109722	148.219724774173	raw_counts / DESeq2 median-of-ratios (via riborex)	0.201	0.088	1.746	1.053	42.271	18.863	101.188	47.344	42.271	18.863	101.188	47.344
MM_RS12985	-1.57456943129344	0.052002506002875	0.205351249268496	2075.76072831386	raw_counts / DESeq2 median-of-ratios (via riborex)	1.578	0.887	25.335	12.982	331.046	192.758	1448.518	565.308	331.046	192.758	1448.518	565.308
MM_RS01360	1.54292111273794	0.0522461336141309	0.205844538280382	51.8678420012206	raw_counts / DESeq2 median-of-ratios (via riborex)	0.025	0.046	0.072	0.352	5.4	9.813	4.263	15.958	5.4	9.813	4.263	15.958
MM_RS08475	1.35266136576424	0.0522841991747963	0.205844538280382	74.553992696447	raw_counts / DESeq2 median-of-ratios (via riborex)	0.054	0.151	0.338	1.485	11.443	32.059	20.192	66.279	11.443	32.059	20.192	66.279
MM_RS12575	1.49071157218798	0.0526562386866881	0.206998926334196	57.6705513911887	raw_counts / DESeq2 median-of-ratios (via riborex)	0.082	0.147	0.191	0.955	17.379	31.168	11.603	42.91	17.379	31.168	11.603	42.91
MM_RS10000	-1.45132019927504	0.0527543268472926	0.207074532587429	74.046088664363	raw_counts / DESeq2 median-of-ratios (via riborex)	0.033	0.038	0.225	0.15	7.072	7.944	13.659	6.62	7.072	7.944	13.659	6.62
MM_RS18410	-1.20860923417208	0.0532993481597415	0.208483896220927	981.744643099735	raw_counts / DESeq2 median-of-ratios (via riborex)	505.973	931.35	1097.116	710.967	107056.244	195269.892	62373.149	31369.147	107056.244	195269.892	62373.149	31369.147
MM_RS03425	-1.1470743538986	0.0533515530314025	0.208483896220927	249.869744790425	raw_counts / DESeq2 median-of-ratios (via riborex)	0.386	0.118	3.01	2.082	81.649	25.635	172.986	94.682	81.649	25.635	172.986	94.682
MM_RS16330	1.05039823185073	0.0533265215693003	0.208483896220927	403.821275540309	raw_counts / DESeq2 median-of-ratios (via riborex)	1.08	2.499	17.506	59.958	230.223	540.547	1032.414	2741.716	230.223	540.547	1032.414	2741.716
MM_RS07700	1.77251798977193	0.0537914067418363	0.209890392428027	113.987995933065	raw_counts / DESeq2 median-of-ratios (via riborex)	0.199	0.432	0.306	1.51	42.907	91.736	17.158	67.077	42.907	91.736	17.158	67.077
MM_RS13220	1.92109299944064	0.0541755639905478	0.21107571370798	89.0861170564982	raw_counts / DESeq2 median-of-ratios (via riborex)	0.066	0.085	0.394	2.482	13.811	17.827	23.148	107.566	13.811	17.827	23.148	107.566
MM_RS10685	-1.09969995065491	0.0543579395088257	0.21147251725952	250.969812686043	raw_counts / DESeq2 median-of-ratios (via riborex)	0.217	0.191	2.191	1.609	46.452	41.171	126.78	72.123	46.452	41.171	126.78	72.123
MM_RS13720	1.27048858558556	0.0545557315776403	0.211928034205449	93.7308216969223	raw_counts / DESeq2 median-of-ratios (via riborex)	0.168	0.341	0.421	1.7	35.888	73.014	24.967	77.765	35.888	73.014	24.967	77.765
MM_RS15400	-1.88666861845112	0.0548380437012845	0.212396316754532	50.5003580746575	raw_counts / DESeq2 median-of-ratios (via riborex)	0.072	0.089	1.589	0.596	15.098	18.503	88.202	26.861	15.098	18.503	88.202	26.861
MM_RS00455	1.36829410911682	0.0547696466905029	0.212396316754532	99.7732957698883	raw_counts / DESeq2 median-of-ratios (via riborex)	1.129	2.093	5.687	24.883	242.023	437.39	338.175	1125.582	242.023	437.39	338.175	1125.582
MM_RS01140	1.65671246228391	0.0552226103058897	0.213570802155031	96.8784484680458	raw_counts / DESeq2 median-of-ratios (via riborex)	0.158	0.413	2.33	11.918	34.182	87.805	136.384	539.992	34.182	87.805	136.384	539.992
MM_RS08020	-1.35364321381194	0.0559113846662635	0.215916611961188	1068.10034334109	raw_counts / DESeq2 median-of-ratios (via riborex)	0.523	0.212	3.589	2.462	112.059	44.937	216.696	116.059	112.059	44.937	216.696	116.059
MM_RS00655	1.16574495099156	0.0565762993161806	0.218163527172233	141.344735499221	raw_counts / DESeq2 median-of-ratios (via riborex)	0.17	0.337	1.173	4.213	35.863	72.094	68.198	187.783	35.863	72.094	68.198	187.783
MM_RS04785	-1.2472603274325	0.0569564882578311	0.21930753396637	197.588686623446	raw_counts / DESeq2 median-of-ratios (via riborex)	0.38	0.175	3.208	2.298	80.245	36.657	190.477	102.598	80.245	36.657	190.477	102.598
MM_RS15150	2.65870765846141	0.0571139330049652	0.219591783412941	197.387629783007	raw_counts / DESeq2 median-of-ratios (via riborex)	0.31	0.439	5.472	52.624	63.937	92.726	314.921	2505.602	63.937	92.726	314.921	2505.602
MM_RS00225	-1.81439366742625	0.0573232898615802	0.21970596309323	156.939686347807	raw_counts / DESeq2 median-of-ratios (via riborex)	0.212	0.086	1.401	0.837	44.643	18.514	90.08	37.435	44.643	18.514	90.08	37.435
MM_RS16315	-1.17405433581112	0.0573891439300498	0.21970596309323	107.268914150648	raw_counts / DESeq2 median-of-ratios (via riborex)	0.173	0.046	1.614	1.138	36.737	9.927	93.499	50.56	36.737	9.927	93.499	50.56
MM_RS09740	-1.05311196797213	0.0573946270685286	0.21970596309323	1015.93013421856	raw_counts / DESeq2 median-of-ratios (via riborex)	1.058	0.825	11.787	9.948	224.056	176.464	707.206	444.108	224.056	176.464	707.206	444.108
MM_RS04240	-1.30789943645958	0.0576299762150592	0.220285760612439	1977.5335791949	raw_counts / DESeq2 median-of-ratios (via riborex)	4.625	3.119	89.434	59.71	992.002	665.513	5245.503	2585.276	992.002	665.513	5245.503	2585.276
MM_RS06025	1.89744405411369	0.0577749170306773	0.220455638463448	52.0213856148951	raw_counts / DESeq2 median-of-ratios (via riborex)	0.113	0.092	0.756	3.967	23.631	20.089	42.27	185.488	23.631	20.089	42.27	185.488
MM_RS02290	-0.935683095048795	0.0578423209829839	0.220455638463448	474.665649699694	raw_counts / DESeq2 median-of-ratios (via riborex)	0.261	0.125	1.617	1.375	55.403	26.579	94.541	61.138	55.403	26.579	94.541	61.138
MM_RS08115	1.739214583291	0.0580356070012924	0.220871744906368	178.654244123813	raw_counts / DESeq2 median-of-ratios (via riborex)	0.108	0.359	1.244	8.075	22.977	76.242	78.241	387.009	22.977	76.242	78.241	387.009
MM_RS18720	1.50409799600242	0.0582132824709559	0.221227322386006	66.9209682918888	raw_counts / DESeq2 median-of-ratios (via riborex)	0.322	0.49	1.165	6.277	68.575	105.461	72.247	277.272	68.575	105.461	72.247	277.272
MM_RS09730	-1.21619327312864	0.0583731639967143	0.221514347767878	347.764537444742	raw_counts / DESeq2 median-of-ratios (via riborex)	0.356	0.293	4.181	2.829	76.301	61.972	242.88	131.219	76.301	61.972	242.88	131.219
MM_RS03130	-1.25909251884665	0.0584600404491804	0.221523905078713	325.757424611448	raw_counts / DESeq2 median-of-ratios (via riborex)	1.035	0.421	3.279	2.37	221.315	88.275	197.228	110.646	221.315	88.275	197.228	110.646
MM_RS17170	2.01464661690986	0.0588774478668066	0.222784118297167	52.7968016556426	raw_counts / DESeq2 median-of-ratios (via riborex)	0.039	0.167	0.653	4.19	8.409	35.608	38.066	194.985	8.409	35.608	38.066	194.985
MM_RS13265	-1.02670881100768	0.0591993700029058	0.223679921766375	243.216228901197	raw_counts / DESeq2 median-of-ratios (via riborex)	0.092	0.06	0.892	0.737	19.413	12.843	52.747	32.723	19.413	12.843	52.747	32.723
MM_RS04905	-1.74895101039437	0.0597239778696177	0.224050236979451	330.665703392986	raw_counts / DESeq2 median-of-ratios (via riborex)	0.174	0.118	4.049	1.827	36.296	25.155	231.324	80.862	36.296	25.155	231.324	80.862
MM_RS07140	1.17217084059427	0.0597164642709361	0.224050236979451	463.328831202262	raw_counts / DESeq2 median-of-ratios (via riborex)	0.15	0.425	0.956	3.294	31.625	92.252	54.861	149.395	31.625	92.252	54.861	149.395
MM_RS11320	-1.06692396279786	0.0596474483805725	0.224050236979451	130.343919288598	raw_counts / DESeq2 median-of-ratios (via riborex)	0.042	0.03	0.181	0.139	8.899	6.423	10.561	6.228	8.899	6.423	10.561	6.228
MM_RS08610	1.04495296638309	0.0595112148814536	0.224050236979451	203.042475156589	raw_counts / DESeq2 median-of-ratios (via riborex)	0.122	0.2	1.143	4.017	25.841	43.417	67.977	179.983	25.841	43.417	67.977	179.983
MM_RS04340	1.01310590262069	0.0595964477778237	0.224050236979451	372.154234619991	raw_counts / DESeq2 median-of-ratios (via riborex)	1.876	2.815	5.112	17.107	397.236	589.347	301.496	774.2	397.236	589.347	301.496	774.2
MM_RS10355	-2.12201970262778	0.0599566028582189	0.224282106988152	207.134218422377	raw_counts / DESeq2 median-of-ratios (via riborex)	0.19	0.068	0.761	0.378	40.984	14.55	49.342	16.693	40.984	14.55	49.342	16.693
MM_RS12935	-1.47350681609269	0.0598743026575168	0.224282106988152	364.661711045354	raw_counts / DESeq2 median-of-ratios (via riborex)	0.41	0.181	2.734	1.801	88.227	38.298	166.65	80.495	88.227	38.298	166.65	80.495
MM_RS13355	-1.58951328024999	0.0602909586991988	0.224892127193318	51.5947927212275	raw_counts / DESeq2 median-of-ratios (via riborex)	0.063	0.106	0.231	0.146	13.326	24.906	14.061	6.205	13.326	24.906	14.061	6.205
MM_RS17335	1.27689200926736	0.0602563154794039	0.224892127193318	114.71582059912	raw_counts / DESeq2 median-of-ratios (via riborex)	0.165	0.178	0.586	2.501	35.33	37.086	35.4	114.133	35.33	37.086	35.4	114.133
MM_RS14695	1.43905843174171	0.0607904182039029	0.225792981900211	72.8124030221043	raw_counts / DESeq2 median-of-ratios (via riborex)	0.068	0.147	0.653	3.202	14.55	30.729	39.876	147	14.55	30.729	39.876	147
MM_RS09160	-0.98175066718696	0.0607498722309712	0.225792981900211	622.210900382545	raw_counts / DESeq2 median-of-ratios (via riborex)	0.604	0.294	8.044	6.535	128.602	62.775	467.622	287.55	128.602	62.775	467.622	287.55
MM_RS08810	0.960037279280125	0.0607419743406365	0.225792981900211	359.130676902638	raw_counts / DESeq2 median-of-ratios (via riborex)	3.328	4.785	13.871	44.034	705.679	1010.799	812.573	1972.727	705.679	1010.799	812.573	1972.727
MM_RS17090	-1.16758016873982	0.0610506358788688	0.226439222906652	186.007527135768	raw_counts / DESeq2 median-of-ratios (via riborex)	0.094	0.068	0.953	0.679	20.035	14.482	55.458	30.349	20.035	14.482	55.458	30.349
MM_RS10380	-1.66033030307033	0.061429156847938	0.227419032914934	618.543974490131	raw_counts / DESeq2 median-of-ratios (via riborex)	0.484	0.146	2.281	1.508	103.907	31.458	145.818	66.099	103.907	31.458	145.818	66.099
MM_RS07595	-1.43524520724345	0.0614880096609305	0.227419032914934	578.236318025159	raw_counts / DESeq2 median-of-ratios (via riborex)	0.378	0.306	4.046	2.794	81.284	65.317	248.721	126.079	81.284	65.317	248.721	126.079
MM_RS09355	1.38940299137238	0.0616069275165553	0.227538384892369	91.9874048662775	raw_counts / DESeq2 median-of-ratios (via riborex)	0.116	0.206	0.531	2.306	24.49	44.826	31.255	103.345	24.49	44.826	31.255	103.345
MM_RS12665	-1.47937559564768	0.0617296638126633	0.227671484792211	52.3002851824431	raw_counts / DESeq2 median-of-ratios (via riborex)	0.122	0.043	0.675	0.39	26.035	9.438	39.952	18.485	26.035	9.438	39.952	18.485
MM_RS09515	-1.17716763114108	0.0619696777309701	0.228236148277037	446.564345563443	raw_counts / DESeq2 median-of-ratios (via riborex)	0.548	0.25	11.172	8.829	117.208	53.485	675.876	397.846	117.208	53.485	675.876	397.846
MM_RS12495	1.34998207593409	0.0621988980895927	0.228271680879985	94.3613853492253	raw_counts / DESeq2 median-of-ratios (via riborex)	0.076	0.189	0.576	2.704	16.159	40.484	35.186	119.421	16.159	40.484	35.186	119.421
MM_RS15180	1.27115224458739	0.0622401079627073	0.228271680879985	200.768154802345	raw_counts / DESeq2 median-of-ratios (via riborex)	0.94	1.618	15.959	67.466	198.588	346.978	961.098	3098.62	198.588	346.978	961.098	3098.62
MM_RS04720	1.1243517724256	0.062131176234812	0.228271680879985	116.000520876931	raw_counts / DESeq2 median-of-ratios (via riborex)	0.108	0.168	0.631	2.279	23.027	35.768	37.261	104.079	23.027	35.768	37.261	104.079
MM_RS01305	1.29663116245311	0.0624503068186805	0.228696441128563	68.5347157120855	raw_counts / DESeq2 median-of-ratios (via riborex)	0.278	0.385	1.36	5.355	58.841	83.277	78.99	237.478	58.841	83.277	78.99	237.478
MM_RS04940	-1.03766737933041	0.0625301008112369	0.228696441128563	1114.35091170604	raw_counts / DESeq2 median-of-ratios (via riborex)	0.615	0.491	10.692	8.496	129.905	105.882	625.746	377.167	129.905	105.882	625.746	377.167
MM_RS02475	-1.25732462301624	0.0633066606102104	0.231082518437031	357.457847992462	raw_counts / DESeq2 median-of-ratios (via riborex)	0.357	0.138	2.017	1.305	75.598	29.154	115.495	56.055	75.598	29.154	115.495	56.055
MM_RS12745	-1.16916777607976	0.063358497058135	0.231082518437031	1145.23706657913	raw_counts / DESeq2 median-of-ratios (via riborex)	1.051	0.897	13.107	10.98	223.483	191.886	807.034	488.531	223.483	191.886	807.034	488.531
MM_RS12435	1.25229827477036	0.0634558382122562	0.231116548051851	88.8952673242123	raw_counts / DESeq2 median-of-ratios (via riborex)	0.067	0.152	1.061	4.123	14.116	32.726	62.085	183.463	14.116	32.726	62.085	183.463
MM_RS05365	1.24218099868743	0.0635741519596372	0.231226763221617	1243.67558597533	raw_counts / DESeq2 median-of-ratios (via riborex)	1.007	1.864	7.073	30.609	215.786	394.781	431.285	1373.741	215.786	394.781	431.285	1373.741
MM_RS03120	-1.44495335423952	0.0645761689410614	0.234546361879982	343.341247297156	raw_counts / DESeq2 median-of-ratios (via riborex)	0.555	0.228	9.741	5.93	119.5	47.863	573.484	264.758	119.5	47.863	573.484	264.758
MM_RS04665	1.3181885575404	0.0652087950585429	0.236516983181953	65.5059047458805	raw_counts / DESeq2 median-of-ratios (via riborex)	0.133	0.184	0.35	1.479	28.348	38.259	20.777	65.743	28.348	38.259	20.777	65.743
MM_RS04725	1.22545972366783	0.0657960396154634	0.237989531722048	365.692146775182	raw_counts / DESeq2 median-of-ratios (via riborex)	1.22	1.518	13.454	53.418	260.682	321.363	802.827	2507	260.682	321.363	802.827	2507
MM_RS16520	1.05620648858654	0.0657496048602392	0.237989531722048	214.062586001926	raw_counts / DESeq2 median-of-ratios (via riborex)	0.301	0.443	1.276	4.654	64.099	94.843	76.83	210.665	64.099	94.843	76.83	210.665
MM_RS16050	1.45308975208904	0.0660330988484165	0.238518456087953	61.4819749092912	raw_counts / DESeq2 median-of-ratios (via riborex)	0.037	0.057	0.258	1.287	7.924	11.863	15.743	57.337	7.924	11.863	15.743	57.337
MM_RS01870	-1.08019184706004	0.0661388269361985	0.238572197162716	187.571880907263	raw_counts / DESeq2 median-of-ratios (via riborex)	0.106	0.068	1.608	1.268	22.545	14.508	94.566	55.399	22.545	14.508	94.566	55.399
MM_RS10360	-1.92043534336334	0.0664915313531802	0.239187344292399	849.020298080681	raw_counts / DESeq2 median-of-ratios (via riborex)	0.265	0.086	1.423	0.799	57.232	18.425	91.468	34.78	57.232	18.425	91.468	34.78
MM_RS10255	-1.449901082639	0.066438110645629	0.239187344292399	459.54520415433	raw_counts / DESeq2 median-of-ratios (via riborex)	0.244	0.168	4.412	3.191	51.58	36.348	275.392	136.921	51.58	36.348	275.392	136.921
MM_RS00435	-1.24061049174606	0.0670193240777941	0.240427247306403	150.044926111754	raw_counts / DESeq2 median-of-ratios (via riborex)	0.275	0.115	5.136	3.17	58.403	24.295	290.545	144.558	58.403	24.295	290.545	144.558
MM_RS01095	1.01596154362482	0.0670093299533674	0.240427247306403	148.007135606657	raw_counts / DESeq2 median-of-ratios (via riborex)	0.152	0.115	0.34	1.147	32.316	24.242	20.096	51.701	32.316	24.242	20.096	51.701
MM_RS12905	-1.23542287129047	0.0671585928336537	0.240598178419065	193.645648040349	raw_counts / DESeq2 median-of-ratios (via riborex)	0.488	0.261	6.644	4.42	104.347	57.266	382.36	191.68	104.347	57.266	382.36	191.68
MM_RS01855	-1.1548966787651	0.0677010678598642	0.242119650478845	2711.76724799605	raw_counts / DESeq2 median-of-ratios (via riborex)	2.483	1.42	13.823	9.614	523.961	307.667	794.871	424.031	523.961	307.667	794.871	424.031
MM_RS18870	-0.950042828462511	0.0677676858727918	0.242119650478845	531.753488830755	raw_counts / DESeq2 median-of-ratios (via riborex)	18.26	10.723	111.081	91.725	3886.536	2331.361	6445.724	4046.25	3886.536	2331.361	6445.724	4046.25
MM_RS05190	-1.49091049864728	0.0686236112928225	0.244521602720276	383.074098726013	raw_counts / DESeq2 median-of-ratios (via riborex)	1.492	1.237	4.019	2.961	318.085	266.379	256.253	130.635	318.085	266.379	256.253	130.635
MM_RS00090	-1.14132326761749	0.0686262076179907	0.244521602720276	716.105692169286	raw_counts / DESeq2 median-of-ratios (via riborex)	0.67	0.319	12.796	9.596	141.317	68.114	754.581	438.372	141.317	68.114	754.581	438.372
MM_RS08650	1.28626816808373	0.0688422359831986	0.244700407505236	187.820248903968	raw_counts / DESeq2 median-of-ratios (via riborex)	0.051	0.072	0.388	1.575	10.837	15.664	22.867	69.882	10.837	15.664	22.867	69.882
MM_RS12275	-0.961646877570912	0.0688627574814811	0.244700407505236	371.379765291262	raw_counts / DESeq2 median-of-ratios (via riborex)	0.428	0.461	9.695	8.283	91.005	97.254	573.071	378.84	91.005	97.254	573.071	378.84
MM_RS00900	-1.53073112324743	0.0691449771578991	0.24537122975222	163.837066617097	raw_counts / DESeq2 median-of-ratios (via riborex)	0.055	0.051	1.655	1.121	11.631	11.133	102.766	47.571	11.631	11.133	102.766	47.571
MM_RS08550	-1.12552322247044	0.0694788543366799	0.246223308351041	292.064658092622	raw_counts / DESeq2 median-of-ratios (via riborex)	0.476	0.228	3.903	2.686	101.056	47.762	223.498	125.171	101.056	47.762	223.498	125.171
MM_RS10405	-2.66134667969343	0.0699313237417562	0.247217846286657	58.5019305839431	raw_counts / DESeq2 median-of-ratios (via riborex)	0.051	0.031	1.689	0.324	10.665	6.598	90.758	15.004	10.665	6.598	90.758	15.004
MM_RS00050	-1.21418423966802	0.0699477760057067	0.247217846286657	585.452601622108	raw_counts / DESeq2 median-of-ratios (via riborex)	3.129	0.996	11.517	7.799	671.341	211.802	668.303	358.446	671.341	211.802	668.303	358.446
MM_RS07335	-1.0119116265363	0.0702120224122438	0.247818240395903	571.248455243647	raw_counts / DESeq2 median-of-ratios (via riborex)	0.329	0.281	4.949	4.014	70.313	59.581	290.582	182.34	70.313	59.581	290.582	182.34
MM_RS12965	-0.995738611705893	0.0704544000742885	0.248339939053801	230.905263814494	raw_counts / DESeq2 median-of-ratios (via riborex)	0.209	0.12	1.251	0.974	44.471	25.719	72.262	44.512	44.471	25.719	72.262	44.512
MM_RS17535	-1.15554514905039	0.0710707663016256	0.25017671891162	339.112141273078	raw_counts / DESeq2 median-of-ratios (via riborex)	0.103	0.042	0.904	0.712	21.999	8.893	54.238	31.736	21.999	8.893	54.238	31.736
MM_RS06255	-1.66240659351067	0.0713682402881375	0.250708745708245	73.7625366617591	raw_counts / DESeq2 median-of-ratios (via riborex)	0.136	0.14	1.97	0.86	28.952	29.788	108.96	37.459	28.952	29.788	108.96	37.459
MM_RS02030	1.44344255981408	0.0714128491202465	0.250708745708245	128.466763165571	raw_counts / DESeq2 median-of-ratios (via riborex)	0.331	0.65	0.67	3.39	69.645	139.573	41.029	147.172	69.645	139.573	41.029	147.172
MM_RS10230	-1.00516688283759	0.0715821777327886	0.250967688553141	369.545223398885	raw_counts / DESeq2 median-of-ratios (via riborex)	0.277	0.281	11.794	10.164	58.749	59.605	705.608	459.672	58.749	59.605	705.608	459.672
MM_RS14985	0.94893869406509	0.0721105423829815	0.252483045730279	402.210973119802	raw_counts / DESeq2 median-of-ratios (via riborex)	0.216	0.305	0.957	2.918	46.02	65.357	55.448	131.227	46.02	65.357	55.448	131.227
MM_RS05180	-1.60244919909476	0.0725254134335034	0.253597517545113	444.264353979304	raw_counts / DESeq2 median-of-ratios (via riborex)	0.514	0.288	6.649	4.44	108.18	62.76	419.602	192.471	108.18	62.76	419.602	192.471
MM_RS08590	-1.21053986136204	0.0730624942776668	0.254796958795688	145.479461688479	raw_counts / DESeq2 median-of-ratios (via riborex)	0.097	0.037	0.438	0.342	20.601	7.895	26.464	14.827	20.601	7.895	26.464	14.827
MM_RS00195	-1.11865329673363	0.0730268324723128	0.254796958795688	114.607510944822	raw_counts / DESeq2 median-of-ratios (via riborex)	0.076	0.027	0.388	0.277	16.068	5.733	22.31	12.377	16.068	5.733	22.31	12.377
MM_RS07980	-1.62549721771463	0.07384852554024	0.256516174694008	1646.6619569147	raw_counts / DESeq2 median-of-ratios (via riborex)	2.006	1.2	22.978	15.811	430.465	257.455	1478.984	697.117	430.465	257.455	1478.984	697.117
MM_RS16700	-1.53528487112294	0.0737429287500537	0.256516174694008	290.489002334344	raw_counts / DESeq2 median-of-ratios (via riborex)	0.092	0.091	2.414	1.676	19.745	18.996	153.005	77.211	19.745	18.996	153.005	77.211
MM_RS02795	-1.13692655493096	0.0737753774425019	0.256516174694008	173.65543100161	raw_counts / DESeq2 median-of-ratios (via riborex)	0.311	0.095	1.736	1.254	65.707	20.342	100.526	55.551	65.707	20.342	100.526	55.551
MM_RS03125	-1.64060636955905	0.0745692015383975	0.258042267596868	76.6411576943068	raw_counts / DESeq2 median-of-ratios (via riborex)	1.471	1.057	21.702	12.351	317.398	221.526	1313.081	564.845	317.398	221.526	1313.081	564.845
MM_RS08435	1.48557488527375	0.0745826660723621	0.258042267596868	71.6147098414976	raw_counts / DESeq2 median-of-ratios (via riborex)	0.125	0.233	0.439	1.777	26.271	50.108	24.618	79.1	26.271	50.108	24.618	79.1
MM_RS13840	1.05340286837645	0.0744397697789086	0.258042267596868	564.508616630357	raw_counts / DESeq2 median-of-ratios (via riborex)	2.115	3.007	8.05	29.877	451.109	640.383	486.152	1316.862	451.109	640.383	486.152	1316.862
MM_RS02900	1.50071674193392	0.0750635155204846	0.25936419967999	54.8440819888985	raw_counts / DESeq2 median-of-ratios (via riborex)	0.044	0.16	0.737	3.474	9.555	34.213	43.451	153.879	9.555	34.213	43.451	153.879
MM_RS02635	-1.36246018038063	0.0757420910962535	0.261093490225097	170.661131047179	raw_counts / DESeq2 median-of-ratios (via riborex)	0.063	0.037	2.796	2.078	13.48	8.044	173.237	92.889	13.48	8.044	173.237	92.889
MM_RS08085	-1.27630393505432	0.075762848267907	0.261093490225097	1106.77646261477	raw_counts / DESeq2 median-of-ratios (via riborex)	0.396	0.243	7.876	6.071	83.682	50.824	485.559	282.17	83.682	50.824	485.559	282.17
MM_RS10655	-1.04409190037799	0.0759007654830788	0.26122596351057	262.558335358567	raw_counts / DESeq2 median-of-ratios (via riborex)	0.492	0.22	3.755	2.874	104.02	46.904	217.941	130.814	104.02	46.904	217.941	130.814
MM_RS04370	1.14583398256778	0.0760986578200706	0.261233301459853	442.435711810629	raw_counts / DESeq2 median-of-ratios (via riborex)	0.2	0.261	0.466	1.919	42.741	56.019	28.573	84.489	42.741	56.019	28.573	84.489
MM_RS12220	-0.934534802222292	0.0761018566705209	0.261233301459853	248.112759904334	raw_counts / DESeq2 median-of-ratios (via riborex)	0.614	0.493	12.578	10.687	130.805	105.049	736.456	483.347	130.805	105.049	736.456	483.347
MM_RS18445	1.21832716596545	0.0765178503240412	0.262318374609572	100.841862824267	raw_counts / DESeq2 median-of-ratios (via riborex)	0.408	0.652	1.643	6.719	87.263	138.145	99.05	303.036	87.263	138.145	99.05	303.036
MM_RS08380	1.20411091073298	0.0778705700376819	0.266607714366301	241.05243450995	raw_counts / DESeq2 median-of-ratios (via riborex)	0.256	0.421	11.811	43.259	54.67	89.397	684.03	1889.791	54.67	89.397	684.03	1889.791
MM_RS06065	-1.78246949536159	0.0781808000021586	0.266635531958863	154.090892783722	raw_counts / DESeq2 median-of-ratios (via riborex)	0.23	0.132	2.077	1.137	49.709	27.724	127.503	49.556	49.709	27.724	127.503	49.556
MM_RS07950	1.23233364781655	0.0782161513954413	0.266635531958863	379.918528053086	raw_counts / DESeq2 median-of-ratios (via riborex)	0.444	0.531	1.25	4.643	94.849	114.502	72.077	197.571	94.849	114.502	72.077	197.571
MM_RS01055	1.03923003525195	0.0782848420183866	0.266635531958863	192.559746039096	raw_counts / DESeq2 median-of-ratios (via riborex)	0.075	0.065	0.315	1.016	16.126	13.644	18.196	45.561	16.126	13.644	18.196	45.561
MM_RS10175	-0.919814344462416	0.0779969516213419	0.266635531958863	541.887218393454	raw_counts / DESeq2 median-of-ratios (via riborex)	0.336	0.245	8.356	7.533	71.326	52.133	497.552	341.027	71.326	52.133	497.552	341.027
MM_RS05775	1.49115532939165	0.078482432439683	0.266962263713222	444.516620691883	raw_counts / DESeq2 median-of-ratios (via riborex)	1.706	2.16	6.342	25.455	360.933	476.406	353.959	1074.035	360.933	476.406	353.959	1074.035
MM_RS16335	1.4855809470302	0.0788620149519949	0.267561864628773	65.4660065627042	raw_counts / DESeq2 median-of-ratios (via riborex)	0.167	0.284	0.587	2.614	35.021	61.48	33.912	113.418	35.021	61.48	33.912	113.418
MM_RS17955	-1.29478497926344	0.0788624840908875	0.267561864628773	218.713443625088	raw_counts / DESeq2 median-of-ratios (via riborex)	11.452	4.315	161.523	97.166	2414.588	903.719	9140.256	4286.191	2414.588	903.719	9140.256	4286.191
MM_RS16795	-1.15309096969148	0.0790350018141342	0.267801180340537	427.201960556986	raw_counts / DESeq2 median-of-ratios (via riborex)	0.81	0.582	6.754	4.698	170.727	123.641	388.914	211.762	170.727	123.641	388.914	211.762
MM_RS02095	0.909528250107703	0.0792863253729143	0.268306559831537	279.251408171646	raw_counts / DESeq2 median-of-ratios (via riborex)	0.849	0.84	6.069	18.734	180.851	178.775	356.862	848.693	180.851	178.775	356.862	848.693
MM_RS06675	-1.5519634758964	0.0801765916427761	0.270323184145209	273.940594537667	raw_counts / DESeq2 median-of-ratios (via riborex)	0.578	0.206	2.953	1.499	124.696	43.344	167.964	67.598	124.696	43.344	167.964	67.598
MM_RS07850	1.28444728687598	0.0803893259263003	0.270323184145209	67.0310191121736	raw_counts / DESeq2 median-of-ratios (via riborex)	0.128	0.262	1.015	4.412	27.205	55.86	61.447	196.723	27.205	55.86	61.447	196.723
MM_RS13560	-1.24016412111706	0.0803685720815105	0.270323184145209	124.115434671941	raw_counts / DESeq2 median-of-ratios (via riborex)	0.877	0.41	2.782	1.925	188.224	87.949	163.322	87.11	188.224	87.949	163.322	87.11
MM_RS01600	1.18868227219178	0.0804998971826176	0.270323184145209	477.017284287903	raw_counts / DESeq2 median-of-ratios (via riborex)	0.71	1.714	5.322	23.111	150.412	363.534	329.34	1032.884	150.412	363.534	329.34	1032.884
MM_RS17035	1.02465351882674	0.0804958004407432	0.270323184145209	133.218073487378	raw_counts / DESeq2 median-of-ratios (via riborex)	0.07	0.118	0.565	1.91	14.857	25.049	33.354	86.533	14.857	25.049	33.354	86.533
MM_RS11880	-0.981912348733225	0.0803243103127627	0.270323184145209	160.971374513957	raw_counts / DESeq2 median-of-ratios (via riborex)	0.037	0.035	0.59	0.504	7.944	7.41	34.987	22.652	7.944	7.41	34.987	22.652
MM_RS04200	-0.834739188855236	0.0813946788149115	0.272978833420125	1139.55416622763	raw_counts / DESeq2 median-of-ratios (via riborex)	0.935	0.496	8.994	7.991	198.5	106.91	521.833	358.564	198.5	106.91	521.833	358.564
MM_RS11525	1.16808386169404	0.0817130730243454	0.273697104288177	198.936660432981	raw_counts / DESeq2 median-of-ratios (via riborex)	0.077	0.203	0.789	3.159	16.397	43.177	47.604	139.512	16.397	43.177	47.604	139.512
MM_RS03970	-1.57143241864368	0.0819806878877673	0.2737274714119	435.840227467861	raw_counts / DESeq2 median-of-ratios (via riborex)	7.57	3.03	186.021	97.071	1590.331	629.598	10804.583	4719.448	1590.331	629.598	10804.583	4719.448
MM_RS12185	1.17201910892173	0.0820334238366927	0.2737274714119	1641.61702975925	raw_counts / DESeq2 median-of-ratios (via riborex)	0.611	0.902	18.597	59.387	129.875	191.859	1041.318	2653.344	129.875	191.859	1041.318	2653.344
MM_RS05405	-1.05477467319797	0.0820348514855923	0.2737274714119	146.028197731823	raw_counts / DESeq2 median-of-ratios (via riborex)	0.259	0.075	1.214	0.907	54.968	15.804	69.686	40.309	54.968	15.804	69.686	40.309
MM_RS00775	-1.37707176121196	0.0823862127906865	0.274551008614648	350.424856712677	raw_counts / DESeq2 median-of-ratios (via riborex)	0.427	0.243	4.183	2.889	91.882	51.513	253.61	131.194	91.882	51.513	253.61	131.194
MM_RS17050	1.14018038518468	0.0830850400524431	0.2762662477443	102.333659615662	raw_counts / DESeq2 median-of-ratios (via riborex)	0.047	0.052	0.286	0.955	10.04	11.398	16.334	42.871	10.04	11.398	16.334	42.871
MM_RS09550	-0.928956609302823	0.0831113235788259	0.2762662477443	2792.80179945819	raw_counts / DESeq2 median-of-ratios (via riborex)	3.429	1.471	42.012	39.232	729.648	315.999	2537.624	1776.136	729.648	315.999	2537.624	1776.136
MM_RS06270	1.35061532306956	0.0832722456243166	0.276274013145679	84.7211585646495	raw_counts / DESeq2 median-of-ratios (via riborex)	0.205	0.298	1.192	4.787	43.162	64.531	68.914	213.99	43.162	64.531	68.914	213.99
MM_RS02470	-1.32532320849945	0.0834292811974574	0.276274013145679	165.829236200534	raw_counts / DESeq2 median-of-ratios (via riborex)	0.278	0.159	0.782	0.454	59.417	33.254	43.898	19.918	59.417	33.254	43.898	19.918
MM_RS12675	-1.22492826433067	0.0834281723355226	0.276274013145679	157.037238669633	raw_counts / DESeq2 median-of-ratios (via riborex)	0.235	0.051	1.186	0.797	49.536	11.185	68.573	35.635	49.536	11.185	68.573	35.635
MM_RS00705	-1.16529239205084	0.0839266236667518	0.27757092411699	123533.443597147	raw_counts / DESeq2 median-of-ratios (via riborex)	70130.708	69857.17	59075.004	38243.703	14837761.958	15109406.931	3327820.963	1677896.789	14837761.958	15109406.931	3327820.963	1677896.789
MM_RS00400	1.39872657820114	0.0842919291282801	0.277882860538221	52.3783917509504	raw_counts / DESeq2 median-of-ratios (via riborex)	0.104	0.107	0.29	1.16	21.943	22.907	16.45	50.74	21.943	22.907	16.45	50.74
MM_RS14580	1.2904096002114	0.0842551462887634	0.277882860538221	59.0947450653441	raw_counts / DESeq2 median-of-ratios (via riborex)	0.096	0.173	0.312	1.248	20.495	35.683	18.401	58.245	20.495	35.683	18.401	58.245
MM_RS04175	1.18162735561268	0.0843384005517753	0.277882860538221	134.433245388299	raw_counts / DESeq2 median-of-ratios (via riborex)	0.098	0.134	2.402	8.313	20.841	29.027	137.324	367.432	20.841	29.027	137.324	367.432
MM_RS06650	-1.57674493385761	0.0846245824395428	0.278166110824398	4515.77178893601	raw_counts / DESeq2 median-of-ratios (via riborex)	1875.462	1328.171	731.132	391.82	391427.441	286551.523	42568.316	17728.784	391427.441	286551.523	42568.316	17728.784
MM_RS07430	1.37910141296162	0.0847421510508447	0.278166110824398	808.029088017864	raw_counts / DESeq2 median-of-ratios (via riborex)	1.105	1.108	5.961	32.081	235.265	230.621	380.011	1415.055	235.265	230.621	380.011	1415.055
MM_RS00720	-1.16107659510695	0.0847298715232129	0.278166110824398	122766.659239592	raw_counts / DESeq2 median-of-ratios (via riborex)	69676.475	68450.765	58822.315	38207.616	14741388.522	14808635.269	3314024.853	1676457.811	14741388.522	14808635.269	3314024.853	1676457.811
MM_RS11410	-1.54954062591622	0.0855661701750927	0.280329071242272	61.6339017543109	raw_counts / DESeq2 median-of-ratios (via riborex)	0.464	0.118	1.75	1.095	99.517	24.875	105.371	46.482	99.517	24.875	105.371	46.482
MM_RS11915	1.36238545560819	0.085614590684045	0.280329071242272	83.9244873966051	raw_counts / DESeq2 median-of-ratios (via riborex)	0.032	0.028	0.115	0.432	6.846	5.898	6.517	20.355	6.846	5.898	6.517	20.355
MM_RS09710	1.2105234485182	0.0862814182406023	0.282160652926303	394.19174678563	raw_counts / DESeq2 median-of-ratios (via riborex)	0.236	0.559	1.684	7.446	50.333	117.486	104.652	341.902	50.333	117.486	104.652	341.902
MM_RS04695	-1.4382985302029	0.08651084283957	0.282559046388944	185.443025418126	raw_counts / DESeq2 median-of-ratios (via riborex)	0.18	0.103	2.927	2.019	37.823	22.351	179.756	90.051	37.823	22.351	179.756	90.051
MM_RS05515	1.19583987686129	0.086719934016342	0.282890120157657	54.602806430331	raw_counts / DESeq2 median-of-ratios (via riborex)	0.092	0.08	0.182	0.664	19.541	16.797	10.562	30.28	19.541	16.797	10.562	30.28
MM_RS05445	-1.59674535010876	0.0873663548013644	0.284292500258219	1118.19376294712	raw_counts / DESeq2 median-of-ratios (via riborex)	1.045	0.482	18.094	10.438	218.118	103.625	1084.296	466.38	218.118	103.625	1084.296	466.38
MM_RS06880	1.13036950507753	0.0872709677095933	0.284292500258219	119.110893702262	raw_counts / DESeq2 median-of-ratios (via riborex)	0.137	0.096	0.458	1.62	28.971	20.565	26.793	73.471	28.971	20.565	26.793	73.471
MM_RS13780	1.3170786159444	0.0876941157352039	0.284887501859925	191.272306492134	raw_counts / DESeq2 median-of-ratios (via riborex)	0.326	0.348	3.051	11.061	69.18	74.136	171.446	475.946	69.18	74.136	171.446	475.946
MM_RS08645	1.22289876260518	0.0877661801236403	0.284887501859925	50.7359272318517	raw_counts / DESeq2 median-of-ratios (via riborex)	0.042	0.129	0.29	1.117	9.024	27.577	17.079	50.288	9.024	27.577	17.079	50.288
MM_RS06685	-1.04042596782021	0.0885078628667641	0.286940306034719	126.533775694681	raw_counts / DESeq2 median-of-ratios (via riborex)	0.034	0.024	1.035	0.799	7.261	5.108	59.993	35.615	7.261	5.108	59.993	35.615
MM_RS15715	-1.19688643674925	0.0886926243863767	0.287184749246147	478.408193147044	raw_counts / DESeq2 median-of-ratios (via riborex)	0.433	0.212	3.65	3.002	92.317	45.168	225.89	139.325	92.317	45.168	225.89	139.325
MM_RS14800	-1.69998729209642	0.0903652698607408	0.291522357069171	116.665480968946	raw_counts / DESeq2 median-of-ratios (via riborex)	0.042	0.034	0.761	0.302	8.937	7.14	41.646	14.241	8.937	7.14	41.646	14.241
MM_RS04900	1.32098628074456	0.0903605212039383	0.291522357069171	202.710670223278	raw_counts / DESeq2 median-of-ratios (via riborex)	0.117	0.319	0.491	2.366	24.97	67.617	30.544	105.891	24.97	67.617	30.544	105.891
MM_RS15855	1.20425463894963	0.0902865509655815	0.291522357069171	55.2123226604836	raw_counts / DESeq2 median-of-ratios (via riborex)	0.126	0.113	0.381	1.468	26.883	24.147	22.563	66.496	26.883	24.147	22.563	66.496
MM_RS11340	-1.03273485311268	0.090568105656045	0.291818215279477	116.647550705113	raw_counts / DESeq2 median-of-ratios (via riborex)	0.298	0.116	2.249	1.877	63.065	25.188	133.864	84.203	63.065	25.188	133.864	84.203
MM_RS01230	-1.26396085998541	0.0911407638273778	0.292944486916394	175.420703726386	raw_counts / DESeq2 median-of-ratios (via riborex)	0.101	0.091	4.273	2.857	21.232	19.366	250.474	134.809	21.232	19.366	250.474	134.809
MM_RS01690	-1.04703580646857	0.091122230259675	0.292944486916394	412.733644712111	raw_counts / DESeq2 median-of-ratios (via riborex)	0.403	0.348	2.833	2.481	85.258	74.398	172.014	110.817	85.258	74.398	172.014	110.817
MM_RS02340	-1.23671037502626	0.0916348112200009	0.294172389075455	1054.23521312587	raw_counts / DESeq2 median-of-ratios (via riborex)	6.342	3.369	13.528	9.272	1364.195	728.979	789.179	412.64	1364.195	728.979	789.179	412.64
MM_RS09420	-0.97656110840923	0.0920061376861279	0.295003806549172	204.287278427532	raw_counts / DESeq2 median-of-ratios (via riborex)	0.241	0.091	1.622	1.424	51.238	19.488	96.612	62.522	51.238	19.488	96.612	62.522
MM_RS04080	-1.84356516012215	0.0923876318367116	0.295222745901248	3819.6321542889	raw_counts / DESeq2 median-of-ratios (via riborex)	2.089	1.139	22.535	12.809	452.566	239.095	1426.95	560.351	452.566	239.095	1426.95	560.351
MM_RS13235	-1.26806208352986	0.0924116896918607	0.295222745901248	175.725402740454	raw_counts / DESeq2 median-of-ratios (via riborex)	0.172	0.072	1.394	0.997	36.139	15.584	83.111	44.384	36.139	15.584	83.111	44.384
MM_RS02675	1.09964779092026	0.0924016078335568	0.295222745901248	99.2472576659515	raw_counts / DESeq2 median-of-ratios (via riborex)	0.029	0.048	0.129	0.44	6.25	10.36	7.511	19.823	6.25	10.36	7.511	19.823
MM_RS06470	-1.80535589488938	0.0927542471315985	0.29523957935464	182.603442327408	raw_counts / DESeq2 median-of-ratios (via riborex)	0.128	0.056	1.992	1.212	27.717	12.23	128.268	53.093	27.717	12.23	128.268	53.093
MM_RS14355	1.57817548675874	0.0927204198156766	0.29523957935464	64.1158404580341	raw_counts / DESeq2 median-of-ratios (via riborex)	0.273	0.622	1.764	7.756	57.402	132.99	99.244	335.026	57.402	132.99	99.244	335.026
MM_RS15315	-0.957973851458419	0.0926341254437863	0.29523957935464	646.69858464104	raw_counts / DESeq2 median-of-ratios (via riborex)	2.857	1.071	15.807	14.481	609.41	230.584	953.568	646.529	609.41	230.584	953.568	646.529
MM_RS06160	1.35199842939975	0.0928915538487898	0.295318668773513	123.649625249718	raw_counts / DESeq2 median-of-ratios (via riborex)	0.085	0.209	0.836	3.899	18.156	44.956	50.872	170.982	18.156	44.956	50.872	170.982
MM_RS00340	-1.04708108826394	0.0932326832027178	0.296044771572354	498.819268742641	raw_counts / DESeq2 median-of-ratios (via riborex)	0.137	0.091	1.486	1.324	29.173	19.45	90.583	58.14	29.173	19.45	90.583	58.14
MM_RS05655	1.15135690121602	0.0939735521934936	0.298036893792408	179.682335330053	raw_counts / DESeq2 median-of-ratios (via riborex)	0.431	0.95	2.051	7.276	92.531	203.091	119.282	325.756	92.531	203.091	119.282	325.756
MM_RS04480	1.08087697581047	0.0946583873772022	0.299846713211741	289.55621720176	raw_counts / DESeq2 median-of-ratios (via riborex)	0.713	1.247	8.566	28.647	150.227	257.375	496.453	1282.193	150.227	257.375	496.453	1282.193
MM_RS07975	-1.6128173666681	0.0950945061173649	0.300865268752049	1007.94792746475	raw_counts / DESeq2 median-of-ratios (via riborex)	4.221	2.451	55.003	38.198	907.876	522.478	3534.145	1656.049	907.876	522.478	3534.145	1656.049
MM_RS13330	-6.63366711264347	0.095595461835617	0.302086260866823	1288.21447989866	raw_counts / DESeq2 median-of-ratios (via riborex)	9.866	0.05	79.598	0.976	2022.084	10.793	4245.226	40.768	2022.084	10.793	4245.226	40.768
MM_RS09990	1.20503550888885	0.0957789106942041	0.302302186878582	50.2568389830718	raw_counts / DESeq2 median-of-ratios (via riborex)	0.206	0.342	0.84	3.161	43.795	74.977	49.444	145.351	43.795	74.977	49.444	145.351
MM_RS00125	1.4159538983893	0.0967076765475674	0.304674048528883	56.8103658744019	raw_counts / DESeq2 median-of-ratios (via riborex)	0.812	1.229	2.474	10.416	173.7	261.237	142.013	443.026	173.7	261.237	142.013	443.026
MM_RS02325	1.31674191619768	0.0967624358237198	0.304674048528883	63.6502857961754	raw_counts / DESeq2 median-of-ratios (via riborex)	0.084	0.135	0.784	3.283	17.886	29.011	46.16	141.049	17.886	29.011	46.16	141.049
MM_RS12295	-1.05357297231726	0.0969872421955375	0.305016165276026	290.762423301353	raw_counts / DESeq2 median-of-ratios (via riborex)	0.193	0.229	5.197	4.321	40.999	49.876	309.1	186.625	40.999	49.876	309.1	186.625
MM_RS15910	1.06850453899803	0.0971342639446829	0.305113130524805	119.410980042339	raw_counts / DESeq2 median-of-ratios (via riborex)	0.166	0.177	0.781	2.918	35.336	37.512	47.253	130.776	35.336	37.512	47.253	130.776
MM_RS07295	-0.946786026604061	0.0972519687083912	0.305117885099445	217.954131658815	raw_counts / DESeq2 median-of-ratios (via riborex)	0.291	0.104	1.212	1.003	61.935	22.605	70.808	46.512	61.935	22.605	70.808	46.512
MM_RS13575	-0.799054444002688	0.0974700855264274	0.305437284716466	1132.43079049799	raw_counts / DESeq2 median-of-ratios (via riborex)	1.798	0.948	13.646	13.062	381.672	201.907	804.588	582.716	381.672	201.907	804.588	582.716
MM_RS12960	-0.92303215920442	0.0977329960264852	0.305896123439273	659.407798960633	raw_counts / DESeq2 median-of-ratios (via riborex)	0.207	0.249	8.249	7.697	44.052	52.143	497.341	347.673	44.052	52.143	497.341	347.673
MM_RS00215	-1.06601835771014	0.0980137195707629	0.306409556658123	151.66312036963	raw_counts / DESeq2 median-of-ratios (via riborex)	0.142	0.025	0.953	0.692	30.189	5.359	54.377	30.55	30.189	5.359	54.377	30.55
MM_RS05370	1.18487263071188	0.0985963084624411	0.307864335341701	282.71825812404	raw_counts / DESeq2 median-of-ratios (via riborex)	2.615	2.786	11.775	50.324	559.674	591.137	726.359	2273.573	559.674	591.137	726.359	2273.573
MM_RS15500	-1.07562452168292	0.0993708700457992	0.309914376176091	311.477094729535	raw_counts / DESeq2 median-of-ratios (via riborex)	0.155	0.087	1.148	1.022	32.827	18.444	70.605	45.554	32.827	18.444	70.605	45.554
MM_RS09985	0.993267015681058	0.0999117551459038	0.311231635840028	193.355099711246	raw_counts / DESeq2 median-of-ratios (via riborex)	1.197	1.969	1.35	4.369	255.594	426.165	78.731	192.609	255.594	426.165	78.731	192.609
MM_RS02815	-1.3635201933774	0.1003226938364	0.311403539024098	64.785122608694	raw_counts / DESeq2 median-of-ratios (via riborex)	0.073	0.023	1.642	1.016	15.444	4.983	95.882	47.226	15.444	4.983	95.882	47.226
MM_RS03630	-1.31367568890542	0.100258620489138	0.311403539024098	126.023297693067	raw_counts / DESeq2 median-of-ratios (via riborex)	0.24	0.134	2.379	1.339	50.727	28.956	132.651	60.302	50.727	28.956	132.651	60.302
MM_RS15995	-0.913521723307231	0.100093936159175	0.311403539024098	513.570953454418	raw_counts / DESeq2 median-of-ratios (via riborex)	0.206	0.15	2.471	2.009	43.76	31.734	141.749	89.932	43.76	31.734	141.749	89.932
MM_RS18275	2.4248139915548	0.100714609168054	0.311872515093019	153.878634600902	raw_counts / DESeq2 median-of-ratios (via riborex)	1.739	12.246	24.027	242.702	380.185	2536.769	1486.104	11284.695	380.185	2536.769	1486.104	11284.695
MM_RS10665	-1.17046346299798	0.100765466633554	0.311872515093019	223.119239404797	raw_counts / DESeq2 median-of-ratios (via riborex)	0.399	0.117	1.892	1.376	83.913	25.48	110.579	60.183	83.913	25.48	110.579	60.183
MM_RS15140	0.93678342570059	0.100830070568916	0.311872515093019	250.955368479084	raw_counts / DESeq2 median-of-ratios (via riborex)	0.143	0.215	1.548	4.712	30.491	45.556	90.192	217.272	30.491	45.556	90.192	217.272
MM_RS02135	-1.5886750720081	0.101498060476476	0.312810799240945	59.109000505369	raw_counts / DESeq2 median-of-ratios (via riborex)	0.066	0.038	1.435	0.683	14.258	8.339	80.081	29.532	14.258	8.339	80.081	29.532
MM_RS12040	-1.24698611700112	0.101476291700333	0.312810799240945	129.442958146665	raw_counts / DESeq2 median-of-ratios (via riborex)	0.396	0.307	8.06	6.14	84.902	64.936	488.465	271.121	84.902	64.936	488.465	271.121
MM_RS00075	-1.03142994988905	0.10149528766153	0.312810799240945	915.028253094565	raw_counts / DESeq2 median-of-ratios (via riborex)	18.934	14.729	213.177	163.533	3996.236	3165.193	12362.665	7566.285	3996.236	3165.193	12362.665	7566.285
MM_RS04290	-0.995755944461952	0.101609905465547	0.312810799240945	403.038657266572	raw_counts / DESeq2 median-of-ratios (via riborex)	0.312	0.22	2.792	2.508	66.393	47.2	168.385	109.289	66.393	47.2	168.385	109.289
MM_RS10345	-1.72751550804484	0.102138488816113	0.314069873104348	115.974014381095	raw_counts / DESeq2 median-of-ratios (via riborex)	0.196	0.057	0.895	0.547	42.277	12.073	56.265	23.397	42.277	12.073	56.265	23.397
MM_RS05060	1.0757924935522	0.102873641850136	0.315960448536206	156.575339991245	raw_counts / DESeq2 median-of-ratios (via riborex)	0.143	0.226	0.775	2.935	30.34	48.696	46.904	129.461	30.34	48.696	46.904	129.461
MM_RS15540	1.20504674214059	0.103032451536594	0.316078525391468	71.6062944484211	raw_counts / DESeq2 median-of-ratios (via riborex)	0.109	0.225	0.408	1.454	23.304	48.056	23.394	64.583	23.304	48.056	23.394	64.583
MM_RS13025	-1.45249650414225	0.103695936809546	0.317372412659519	83.8828550246693	raw_counts / DESeq2 median-of-ratios (via riborex)	0.122	0.072	1.761	1.114	26.324	15.28	105.618	50.978	26.324	15.28	105.618	50.978
MM_RS10070	-0.913706513874386	0.103685776126981	0.317372412659519	355.102110419483	raw_counts / DESeq2 median-of-ratios (via riborex)	0.904	0.186	2.18	1.968	192.544	40.437	129.038	86.011	192.544	40.437	129.038	86.011
MM_RS09410	-1.07705933229036	0.104035819827484	0.318041982382973	173.160713424225	raw_counts / DESeq2 median-of-ratios (via riborex)	0.275	0.14	1.976	1.472	57.988	30.138	114.254	65.869	57.988	30.138	114.254	65.869
MM_RS13800	1.301461400923	0.104212878463029	0.318212812609202	125.860414335753	raw_counts / DESeq2 median-of-ratios (via riborex)	0.083	0.152	0.47	2.148	17.864	32.59	28.698	92.63	17.864	32.59	28.698	92.63
MM_RS08285	-2.02501252950621	0.105285282405454	0.321113997208736	466.272021482987	raw_counts / DESeq2 median-of-ratios (via riborex)	0.114	0.066	0.635	0.362	23.751	13.906	42.359	15.986	23.751	13.906	42.359	15.986
MM_RS05015	-1.32607513834026	0.106072800027267	0.323140571776803	276.537806955369	raw_counts / DESeq2 median-of-ratios (via riborex)	0.949	0.57	48.57	38.379	200.123	123.088	3049.989	1720.843	200.123	123.088	3049.989	1720.843
MM_RS10280	1.2862346736451	0.106444568318134	0.32374974468964	89.0237179043375	raw_counts / DESeq2 median-of-ratios (via riborex)	0.303	0.72	1.223	4.35	64.886	157.603	68.866	194.289	64.886	157.603	68.866	194.289
MM_RS19530	1.11264381061547	0.106641290676977	0.32374974468964	222.452430288984	raw_counts / DESeq2 median-of-ratios (via riborex)	0.372	0.729	3.128	12.739	78.804	154.326	193.097	575.715	78.804	154.326	193.097	575.715
MM_RS07660	1.07500690837692	0.106889195980928	0.32374974468964	122.3225297832	raw_counts / DESeq2 median-of-ratios (via riborex)	0.19	0.153	0.721	2.604	40.492	32.872	42.803	112.512	40.492	32.872	42.803	112.512
MM_RS09060	0.872351647386548	0.10687026157598	0.32374974468964	763.352085170269	raw_counts / DESeq2 median-of-ratios (via riborex)	1.377	1.719	5.271	15.783	291.519	369.179	308.566	696.717	291.519	369.179	308.566	696.717
MM_RS13155	-0.792391470899174	0.106779484280289	0.32374974468964	493.345723483316	raw_counts / DESeq2 median-of-ratios (via riborex)	1.178	0.72	3.494	3.302	250.188	152.659	204.688	147.044	250.188	152.659	204.688	147.044
MM_RS04525	-1.2059971296784	0.107666223573308	0.325352707829122	612.566565622975	raw_counts / DESeq2 median-of-ratios (via riborex)	0.433	0.243	5.149	4.426	91.687	51.611	322.858	194.989	91.687	51.611	322.858	194.989
MM_RS01645	-1.01458825920664	0.107582416373001	0.325352707829122	916.449774392981	raw_counts / DESeq2 median-of-ratios (via riborex)	0.707	0.631	6.505	6.007	150.008	135.171	398.72	265.005	150.008	135.171	398.72	265.005
MM_RS17135	-1.11982928361501	0.108742852345811	0.327475608096444	199.505943024386	raw_counts / DESeq2 median-of-ratios (via riborex)	0.218	0.139	1.224	0.832	46.502	29.798	69.783	38.894	46.502	29.798	69.783	38.894
MM_RS04130	1.05887257604061	0.108717946695604	0.327475608096444	418.768398593972	raw_counts / DESeq2 median-of-ratios (via riborex)	0.347	0.766	3.344	11.263	73.063	160.273	195.422	507.747	73.063	160.273	195.422	507.747
MM_RS07275	-0.968317605512493	0.108588416603321	0.327475608096444	448.712961513475	raw_counts / DESeq2 median-of-ratios (via riborex)	0.578	0.586	2.661	2.316	122.394	125.53	157.65	100.825	122.394	125.53	157.65	100.825
MM_RS06765	0.909525713968754	0.108893026930747	0.327552220756176	188.882133271571	raw_counts / DESeq2 median-of-ratios (via riborex)	0.175	0.33	1.939	5.763	37.357	71.462	112.298	256.936	37.357	71.462	112.298	256.936
MM_RS18915	1.40789608596517	0.109313818298695	0.328441746970679	193.118919959296	raw_counts / DESeq2 median-of-ratios (via riborex)	8.611	9.028	34.172	149.141	1852.037	1913.711	2022.367	7165.347	1852.037	1913.711	2022.367	7165.347
MM_RS12105	-1.59982145325253	0.109783756915907	0.329476737898483	4971.16413480217	raw_counts / DESeq2 median-of-ratios (via riborex)	16.743	15.767	882.812	656.43	3567.214	3370.01	58528.176	30436.29	3567.214	3370.01	58528.176	30436.29
MM_RS00095	-0.951877318870847	0.110890876711119	0.332419454615752	328.91211482639	raw_counts / DESeq2 median-of-ratios (via riborex)	2.713	1.633	85.725	77.863	574.81	345.646	5161.667	3546.327	574.81	345.646	5161.667	3546.327
MM_RS07270	-1.09826095166648	0.111054143511932	0.332529282625237	140.735171996464	raw_counts / DESeq2 median-of-ratios (via riborex)	0.946	0.558	3.275	2.433	202.821	118.378	189.608	107.647	202.821	118.378	189.608	107.647
MM_RS07985	-1.32178857897587	0.111834302551196	0.33429235452545	1057.12763882958	raw_counts / DESeq2 median-of-ratios (via riborex)	1.487	0.804	15.752	12.314	319.335	173.01	980.145	532.62	319.335	173.01	980.145	532.62
MM_RS07080	1.00165469436868	0.111897555075351	0.33429235452545	176.169848227786	raw_counts / DESeq2 median-of-ratios (via riborex)	0.075	0.132	1.456	4.83	16.138	27.62	85.924	220.775	16.138	27.62	85.924	220.775
MM_RS14980	1.80563285274631	0.112068603992719	0.334342684839784	59.8880337604024	raw_counts / DESeq2 median-of-ratios (via riborex)	0.064	0.256	0.58	3.41	14.008	54.835	34.247	149.609	14.008	54.835	34.247	149.609
MM_RS03875	1.33460471253675	0.112169042400552	0.334342684839784	54.0356296328729	raw_counts / DESeq2 median-of-ratios (via riborex)	0.035	0.074	0.435	1.752	7.487	16.177	25.256	78.192	7.487	16.177	25.256	78.192
MM_RS09600	-1.13138953734128	0.112522638751494	0.335016382495945	366.518769105686	raw_counts / DESeq2 median-of-ratios (via riborex)	1.151	0.302	2.102	1.698	244.623	65.11	125.535	71.591	244.623	65.11	125.535	71.591
MM_RS00760	-0.875892890457246	0.112944237826111	0.335890791088751	237.30181049275	raw_counts / DESeq2 median-of-ratios (via riborex)	0.183	0.219	8.433	7.457	38.82	46.665	493.165	334.657	38.82	46.665	493.165	334.657
MM_RS17370	-1.6753532768999	0.113271120966709	0.336481859342282	238.426094727337	raw_counts / DESeq2 median-of-ratios (via riborex)	0.514	0.428	23.953	9.583	108.421	89.481	1309.806	462.11	108.421	89.481	1309.806	462.11
MM_RS14415	1.32236975892695	0.113800151634068	0.336910031782482	59.5646142065404	raw_counts / DESeq2 median-of-ratios (via riborex)	0.036	0.048	0.189	0.783	7.75	10.374	11.069	33.982	7.75	10.374	11.069	33.982
MM_RS00145	1.29079163256781	0.113603369953138	0.336910031782482	73.9459234223796	raw_counts / DESeq2 median-of-ratios (via riborex)	0.13	0.192	1.013	3.699	27.955	41.22	57.631	168.533	27.955	41.22	57.631	168.533
MM_RS13660	0.977233936200387	0.113753434678748	0.336910031782482	132.601128912971	raw_counts / DESeq2 median-of-ratios (via riborex)	0.166	0.22	0.794	2.432	35.381	47.406	45.762	109.381	35.381	47.406	45.762	109.381
MM_RS07610	1.01596222556401	0.113943440624412	0.336954363828497	96.6589859892866	raw_counts / DESeq2 median-of-ratios (via riborex)	0.356	0.294	1.456	4.743	76.008	63.361	85.272	218.806	76.008	63.361	85.272	218.806
MM_RS05955	-0.954445630535217	0.115172593619163	0.340206108935794	443.15091111962	raw_counts / DESeq2 median-of-ratios (via riborex)	0.383	0.07	1.56	1.429	81.41	14.87	93.723	62.074	81.41	14.87	93.723	62.074
MM_RS12950	-1.75500355793735	0.115471250644896	0.340705060891569	59.6097837106311	raw_counts / DESeq2 median-of-ratios (via riborex)	0.248	0.081	1.855	0.715	52.205	17.304	101.198	32.362	52.205	17.304	101.198	32.362
MM_RS13285	-1.42229299522757	0.116685976366756	0.3432182151879	823.815621976012	raw_counts / DESeq2 median-of-ratios (via riborex)	0.522	0.305	15.77	12.079	112.301	64.694	1004.74	547.098	112.301	64.694	1004.74	547.098
MM_RS08680	-1.31271998848141	0.116712798830401	0.3432182151879	250.019197505795	raw_counts / DESeq2 median-of-ratios (via riborex)	0.045	0.036	1.536	1.262	9.567	7.707	97.193	54.619	9.567	7.707	97.193	54.619
MM_RS11540	1.10937443876082	0.116921945233489	0.3432182151879	200.735597202447	raw_counts / DESeq2 median-of-ratios (via riborex)	0.103	0.155	0.945	3.815	22.023	32.753	58.143	170.973	22.023	32.753	58.143	170.973
MM_RS04690	0.923631632067686	0.116976505176379	0.3432182151879	449.510146373303	raw_counts / DESeq2 median-of-ratios (via riborex)	0.17	0.227	0.675	2.161	35.965	48.741	39.938	95.125	35.965	48.741	39.938	95.125
MM_RS08415	-0.755795899311856	0.116800724481708	0.3432182151879	941.705344831921	raw_counts / DESeq2 median-of-ratios (via riborex)	0.706	0.659	17.654	17.445	149.946	140.108	1043.063	788.826	149.946	140.108	1043.063	788.826
MM_RS06875	1.07466746057764	0.117258194876603	0.343660736323616	675.478859810379	raw_counts / DESeq2 median-of-ratios (via riborex)	0.09	0.152	2.604	9.325	18.961	32.458	155.557	441.412	18.961	32.458	155.557	441.412
MM_RS12540	-1.26997367152931	0.117876080127569	0.344475177224066	921.421756851579	raw_counts / DESeq2 median-of-ratios (via riborex)	0.314	0.244	5.889	4.702	67.457	51.854	364.926	205.864	67.457	51.854	364.926	205.864
MM_RS10700	1.1193983589364	0.117784840751155	0.344475177224066	129.303347805095	raw_counts / DESeq2 median-of-ratios (via riborex)	0.535	0.6	0.142	0.509	113.737	128.67	8.195	21.95	113.737	128.67	8.195	21.95
MM_RS08785	-1.00942360186335	0.117929620839465	0.344475177224066	184.848314475526	raw_counts / DESeq2 median-of-ratios (via riborex)	0.189	0.096	0.85	0.643	40.011	20.234	48.516	28.374	40.011	20.234	48.516	28.374
MM_RS05550	-1.317314233084	0.118700644123785	0.345038773718579	93.9399336494324	raw_counts / DESeq2 median-of-ratios (via riborex)	0.353	0.227	1.239	0.892	75.992	48.828	75.101	40.076	75.992	48.828	75.101	40.076
MM_RS07455	1.25826702018789	0.118745920050558	0.345038773718579	344.584390355917	raw_counts / DESeq2 median-of-ratios (via riborex)	0.267	0.793	1.693	6.57	56.01	168.013	98.647	284.571	56.01	168.013	98.647	284.571
MM_RS03615	-1.12893951082545	0.118528730604297	0.345038773718579	214.771311121192	raw_counts / DESeq2 median-of-ratios (via riborex)	0.475	0.3	6.281	4.687	102.159	62.705	368.983	215.036	102.159	62.705	368.983	215.036
MM_RS09435	1.04894003346163	0.118779532155977	0.345038773718579	485.278643022865	raw_counts / DESeq2 median-of-ratios (via riborex)	0.444	0.855	4.279	12.714	94.009	182.91	240.762	575.75	94.009	182.91	240.762	575.75
MM_RS07780	0.938145138703033	0.118651012185935	0.345038773718579	139.335764987209	raw_counts / DESeq2 median-of-ratios (via riborex)	0.224	0.475	0.999	3.325	47.466	101.76	59.778	147.214	47.466	101.76	59.778	147.214
MM_RS14880	-1.2722764028799	0.119895991564639	0.346676983134532	617.584486003905	raw_counts / DESeq2 median-of-ratios (via riborex)	0.277	0.285	6.537	4.944	58.175	60.639	399.098	225.87	58.175	60.639	399.098	225.87
MM_RS09285	1.1586658410694	0.119981213687493	0.346676983134532	445.73350167036	raw_counts / DESeq2 median-of-ratios (via riborex)	0.293	0.447	2.173	9.532	62.445	94.032	136.469	438.344	62.445	94.032	136.469	438.344
MM_RS13260	1.05036584592312	0.119986046562202	0.346676983134532	288.991995919136	raw_counts / DESeq2 median-of-ratios (via riborex)	0.268	0.355	1.326	4.8	57.397	75.236	79.789	220.365	57.397	75.236	79.789	220.365
MM_RS02735	-1.02742959544211	0.12000357108503	0.346676983134532	8419.01525072037	raw_counts / DESeq2 median-of-ratios (via riborex)	11.004	3.891	5.845	5.336	2325.465	832.028	357.952	235.634	2325.465	832.028	357.952	235.634
MM_RS18365	0.918390322927785	0.119603242089615	0.346676983134532	401.846127467424	raw_counts / DESeq2 median-of-ratios (via riborex)	9.712	9.133	103.728	346.025	2068.104	1959.856	6261.762	15891.091	2068.104	1959.856	6261.762	15891.091
MM_RS03760	0.939495004375818	0.121093201806059	0.349440382354627	137.592440389915	raw_counts / DESeq2 median-of-ratios (via riborex)	0.092	0.132	0.718	2.396	19.464	28.302	43.055	107.731	19.464	28.302	43.055	107.731
MM_RS00105	1.51331901022944	0.121657975210541	0.350684789135982	1103.39496421513	raw_counts / DESeq2 median-of-ratios (via riborex)	0.66	1.233	3.941	19.443	137.471	272.884	235.327	865.818	137.471	272.884	235.327	865.818
MM_RS05770	-1.33059387741119	0.1220576318099	0.35098537475433	2529.46781126803	raw_counts / DESeq2 median-of-ratios (via riborex)	1.789	2.406	41.586	34.865	382.75	510.245	2675.789	1571.458	382.75	510.245	2675.789	1571.458
MM_RS02195	1.23042324798142	0.121907570388907	0.35098537475433	163.457514126219	raw_counts / DESeq2 median-of-ratios (via riborex)	0.077	0.098	0.948	3.44	16.616	20.818	54.338	147.176	16.616	20.818	54.338	147.176
MM_RS00270	-0.939151147228399	0.122163226399641	0.35098537475433	880.498723992337	raw_counts / DESeq2 median-of-ratios (via riborex)	0.487	0.339	3.825	3.546	103.101	72.477	231.418	162.933	103.101	72.477	231.418	162.933
MM_RS17195	1.01744543324855	0.122622971924219	0.351921228713661	96.0857375181156	raw_counts / DESeq2 median-of-ratios (via riborex)	0.128	0.13	0.781	2.422	27.182	27.497	44.64	107.164	27.182	27.497	44.64	107.164
MM_RS12525	1.07362569861326	0.123040686296538	0.352734543902519	111.874115944498	raw_counts / DESeq2 median-of-ratios (via riborex)	1.23	1.595	9.196	32.893	259.474	342.204	545.342	1447.556	259.474	342.204	545.342	1447.556
MM_RS10350	-1.57460635711317	0.123317494232995	0.352953066034813	271.804532936981	raw_counts / DESeq2 median-of-ratios (via riborex)	0.213	0.056	0.922	0.645	46.044	12.063	58.791	27.945	46.044	12.063	58.791	27.945
MM_RS05080	1.01219694259086	0.123385725293206	0.352953066034813	141.147059592276	raw_counts / DESeq2 median-of-ratios (via riborex)	0.245	0.274	2.128	6.826	52.441	56.995	123.827	312.032	52.441	56.995	123.827	312.032
MM_RS10845	1.0398390911093	0.124080675016159	0.354554790633768	220.618155342793	raw_counts / DESeq2 median-of-ratios (via riborex)	0.172	0.269	2.127	7.052	36.239	57.167	123.971	312.736	36.239	57.167	123.971	312.736
MM_RS14525	0.972817052355172	0.124719728898507	0.355993487051607	163.935365037181	raw_counts / DESeq2 median-of-ratios (via riborex)	0.278	0.346	2.532	8.962	58.96	72.849	153.762	401.881	58.96	72.849	153.762	401.881
MM_RS09930	-1.31180257424163	0.125222185033655	0.356735555785182	50.4402840767288	raw_counts / DESeq2 median-of-ratios (via riborex)	0.043	0.025	0.948	0.628	9.25	5.363	55.234	26.865	9.25	5.363	55.234	26.865
MM_RS07090	1.07699760093339	0.125251402297768	0.356735555785182	2150.34232792884	raw_counts / DESeq2 median-of-ratios (via riborex)	0.464	1.476	5.44	21.533	98.09	320.72	333.679	936.386	98.09	320.72	333.679	936.386
MM_RS02955	-1.29465732024158	0.12581340582275	0.356797258357297	77.516232487314	raw_counts / DESeq2 median-of-ratios (via riborex)	0.067	0.036	1.521	0.889	14.149	7.749	85.74	40.847	14.149	7.749	85.74	40.847
MM_RS01685	-1.114806400518	0.126202829850769	0.356797258357297	169.143009240277	raw_counts / DESeq2 median-of-ratios (via riborex)	0.143	0.13	3.136	2.577	30.162	28.191	189.706	117.203	30.162	28.191	189.706	117.203
MM_RS05100	-1.02199539804239	0.126224163371641	0.356797258357297	231.397705051986	raw_counts / DESeq2 median-of-ratios (via riborex)	0.872	0.376	3.321	3.066	184.789	81.71	204.432	137.991	184.789	81.71	204.432	137.991
MM_RS06350	-1.00587588756936	0.125630065153113	0.356797258357297	677.282510941277	raw_counts / DESeq2 median-of-ratios (via riborex)	0.548	0.358	3.73	3.389	115.805	78.15	226.545	148.032	115.805	78.15	226.545	148.032
MM_RS08850	0.987252613028047	0.125951361398992	0.356797258357297	325.714067441817	raw_counts / DESeq2 median-of-ratios (via riborex)	0.405	1.002	2.864	9.957	86.512	213.702	172.836	463.585	86.512	213.702	172.836	463.585
MM_RS02090	-0.986894807856323	0.126035287823187	0.356797258357297	582.193491347997	raw_counts / DESeq2 median-of-ratios (via riborex)	2.714	2.667	12.851	10.814	579.807	582.692	762.63	508.934	579.807	582.692	762.63	508.934
MM_RS15730	-0.947490315697035	0.125769469155774	0.356797258357297	251.054112099076	raw_counts / DESeq2 median-of-ratios (via riborex)	0.438	0.255	3.822	3.604	93.042	54.709	232.862	162.932	93.042	54.709	232.862	162.932
MM_RS00440	-1.0177979443844	0.127083905174536	0.35884122041756	788.354754740901	raw_counts / DESeq2 median-of-ratios (via riborex)	0.348	0.289	6.053	5.697	74.126	61.603	374.594	255.674	74.126	61.603	374.594	255.674
MM_RS04440	1.21833319056994	0.127242737586564	0.358903790442875	144.10118150092	raw_counts / DESeq2 median-of-ratios (via riborex)	0.06	0.145	2.948	12.418	12.586	30.48	179.55	566.62	12.586	30.48	179.55	566.62
MM_RS06725	-1.03322538137226	0.127559391431194	0.35902568263485	1484.18365686823	raw_counts / DESeq2 median-of-ratios (via riborex)	1.101	0.793	7.082	6.451	232.955	170.285	433.342	280.546	232.955	170.285	433.342	280.546
MM_RS12360	-0.831584959694629	0.127470605467099	0.35902568263485	818.305796131659	raw_counts / DESeq2 median-of-ratios (via riborex)	3.42	1.625	20.324	19.364	723.433	347.999	1207.031	872.19	723.433	347.999	1207.031	872.19
MM_RS02765	1.1967255439725	0.12822899367574	0.359753565590269	97.8379249718674	raw_counts / DESeq2 median-of-ratios (via riborex)	1.425	4.148	1.139	4.39	300.591	906.443	66.843	188.026	300.591	906.443	66.843	188.026
MM_RS08305	1.14455491748422	0.128038455343508	0.359753565590269	312.683201771573	raw_counts / DESeq2 median-of-ratios (via riborex)	0.176	0.282	2.249	9.423	37.144	60.759	138.867	419.535	37.144	60.759	138.867	419.535
MM_RS05850	-1.12687391977076	0.128129637937651	0.359753565590269	154.425651807271	raw_counts / DESeq2 median-of-ratios (via riborex)	0.06	0.066	1.835	1.195	12.842	13.974	102.958	54.063	12.842	13.974	102.958	54.063
MM_RS00575	1.24701421927981	0.12889106056268	0.360798560968355	268.101093149849	raw_counts / DESeq2 median-of-ratios (via riborex)	0.148	0.367	1.251	4.242	31.373	79.382	69.875	180.334	31.373	79.382	69.875	180.334
MM_RS08170	1.14087579483508	0.128750618235406	0.360798560968355	103.971897812671	raw_counts / DESeq2 median-of-ratios (via riborex)	0.188	0.264	1.12	4.276	39.59	56.551	66.969	189.917	39.59	56.551	66.969	189.917
MM_RS05230	1.03752714340314	0.129013651465836	0.360798560968355	1730.38242591347	raw_counts / DESeq2 median-of-ratios (via riborex)	1.215	2.704	7.04	25.867	260.494	574.764	424.798	1130.505	260.494	574.764	424.798	1130.505
MM_RS05790	-0.764984763271135	0.129562793549688	0.361948825384553	460.533607192356	raw_counts / DESeq2 median-of-ratios (via riborex)	2.911	1.575	36.789	35.626	618.152	338.66	2158.779	1580.79	618.152	338.66	2158.779	1580.79
MM_RS07890	-1.09843910904131	0.130567047762251	0.363682830388739	849.119726523085	raw_counts / DESeq2 median-of-ratios (via riborex)	0.691	0.329	8.957	7.914	147.778	70.186	550.552	341.308	147.778	70.186	550.552	341.308
MM_RS11865	0.913514046185297	0.130425842801433	0.363682830388739	529.105771482561	raw_counts / DESeq2 median-of-ratios (via riborex)	0.861	1.299	6.169	17.271	182.275	278.568	350.907	784.289	182.275	278.568	350.907	784.289
MM_RS16015	0.802546898610869	0.130598975269071	0.363682830388739	474.063857310553	raw_counts / DESeq2 median-of-ratios (via riborex)	0.34	0.36	0.663	1.973	71.997	78.472	39.499	89.475	71.997	78.472	39.499	89.475
MM_RS12060	1.14757419914444	0.13168410944761	0.365928541173993	126.155296788005	raw_counts / DESeq2 median-of-ratios (via riborex)	0.508	1.626	10.81	45.207	107.969	341.664	667.564	2025.319	107.969	341.664	667.564	2025.319
MM_RS04160	1.03368720486489	0.131644790134516	0.365928541173993	76.681592882512	raw_counts / DESeq2 median-of-ratios (via riborex)	0.101	0.144	0.319	1.101	21.426	31.039	18.832	47.869	21.426	31.039	18.832	47.869
MM_RS11245	-0.861579856399601	0.132096923635746	0.366687654828192	2110.77581431309	raw_counts / DESeq2 median-of-ratios (via riborex)	0.499	0.818	18.083	16.318	106.748	173.694	1061.222	731.864	106.748	173.694	1061.222	731.864
MM_RS00115	-1.37994895573397	0.132806953242141	0.368269333911153	98.8260858113819	raw_counts / DESeq2 median-of-ratios (via riborex)	0.746	0.354	37.392	25.571	160.766	77.069	2271.525	1196.075	160.766	77.069	2271.525	1196.075
MM_RS13165	-1.15276264138429	0.133306979071574	0.368738151117011	61.9460202436166	raw_counts / DESeq2 median-of-ratios (via riborex)	0.189	0.041	0.552	0.419	39.869	8.854	32.523	18.385	39.869	8.854	32.523	18.385
MM_RS16455	1.11446837788739	0.133397274775765	0.368738151117011	54.2384876095106	raw_counts / DESeq2 median-of-ratios (via riborex)	0.081	0.073	0.28	0.939	17.105	15.515	16.147	43.488	17.105	15.515	16.147	43.488
MM_RS14685	-1.04195050484696	0.133328133439246	0.368738151117011	65.2818444913649	raw_counts / DESeq2 median-of-ratios (via riborex)	0.078	0.033	0.644	0.544	16.584	7.11	38.71	24.691	16.584	7.11	38.71	24.691
MM_RS05540	-1.13845143089595	0.133740217573345	0.36929738312051	385.575035850638	raw_counts / DESeq2 median-of-ratios (via riborex)	0.297	0.122	1.803	1.627	63.159	25.977	112.887	70.621	63.159	25.977	112.887	70.621
MM_RS11180	-1.32547068871299	0.134322459264351	0.37051552313885	238103.099573221	raw_counts / DESeq2 median-of-ratios (via riborex)	81354.014	61256.691	426858.955	364769.382	17184581.442	13169521.583	27630849.703	16426628.394	17184581.442	13169521.583	27630849.703	16426628.394
MM_RS05530	-1.34612033828328	0.134712015500621	0.370581843443608	129.390099753995	raw_counts / DESeq2 median-of-ratios (via riborex)	0.158	0.134	1.306	1.001	34.01	28.1	81.275	43.851	34.01	28.1	81.275	43.851
MM_RS08200	-0.904888876822344	0.134769863095448	0.370581843443608	154.141946541859	raw_counts / DESeq2 median-of-ratios (via riborex)	0.072	0.039	0.76	0.714	15.272	8.325	45.658	31.707	15.272	8.325	45.658	31.707
MM_RS05345	0.779258997543851	0.134510158211852	0.370581843443608	822.576687709791	raw_counts / DESeq2 median-of-ratios (via riborex)	1.578	1.998	12.085	33.664	336.399	429.273	705.642	1484.565	336.399	429.273	705.642	1484.565
MM_RS12110	-0.991706635629502	0.135496671919289	0.372190649016792	5169.57155078011	raw_counts / DESeq2 median-of-ratios (via riborex)	49.084	52.037	881.284	725.578	10535.664	10903.02	51619.188	32031.344	10535.664	10903.02	51619.188	32031.344
MM_RS05250	-0.883832835124358	0.136008078535167	0.373205030546864	452.237496488206	raw_counts / DESeq2 median-of-ratios (via riborex)	8.075	2.756	38.862	37.25	1716.632	581.746	2350.091	1719.565	1716.632	581.746	2350.091	1719.565
MM_RS08240	1.43523148197202	0.136886660299432	0.374832502550894	516.236998145342	raw_counts / DESeq2 median-of-ratios (via riborex)	0.782	0.79	4.914	28.286	164.158	168.197	316.965	1253.9	164.158	168.197	316.965	1253.9
MM_RS16385	0.761250738062867	0.136827727807553	0.374832502550894	687.313476607792	raw_counts / DESeq2 median-of-ratios (via riborex)	0.432	0.672	5.705	15.482	91.971	143.202	331.741	685.718	91.971	143.202	331.741	685.718
MM_RS14020	-1.25919514654138	0.137579695910177	0.375064545165148	242.952116488104	raw_counts / DESeq2 median-of-ratios (via riborex)	0.534	0.582	16.427	14.162	113.794	121.738	1049.75	644.116	113.794	121.738	1049.75	644.116
MM_RS03160	1.22565522610471	0.137165956036431	0.375064545165148	68.9561686476025	raw_counts / DESeq2 median-of-ratios (via riborex)	0.187	0.312	1.875	7.126	40.165	66.701	109.893	324.205	40.165	66.701	109.893	324.205
MM_RS09855	1.09844265696634	0.138114019487699	0.375064545165148	73.6372335132792	raw_counts / DESeq2 median-of-ratios (via riborex)	0.55	0.789	3.725	12.562	116.312	168.531	216.697	587.541	116.312	168.531	216.697	587.541
MM_RS11590	1.0736668212177	0.137561206499562	0.375064545165148	83.6170508374269	raw_counts / DESeq2 median-of-ratios (via riborex)	0.189	0.294	2.709	9.992	40.068	64.232	162.956	450.803	40.068	64.232	162.956	450.803
MM_RS12100	1.05592058386103	0.137984707400397	0.375064545165148	61.2543161371039	raw_counts / DESeq2 median-of-ratios (via riborex)	0.409	0.545	1.043	3.698	87.338	116.614	62.416	169.017	87.338	116.614	62.416	169.017
MM_RS05645	0.963984124573904	0.13735926480125	0.375064545165148	644.665057236386	raw_counts / DESeq2 median-of-ratios (via riborex)	0.306	0.639	3.708	13.456	64.915	138.349	227.107	593.843	64.915	138.349	227.107	593.843
MM_RS06900	0.938528517240402	0.137895186597545	0.375064545165148	347.489507449354	raw_counts / DESeq2 median-of-ratios (via riborex)	1.029	0.411	1.424	4.409	217.07	89.035	83.173	198.797	217.07	89.035	83.173	198.797
MM_RS05105	-0.898822385451004	0.137766561898188	0.375064545165148	314.600466284946	raw_counts / DESeq2 median-of-ratios (via riborex)	0.266	0.142	4.576	4.261	56.408	30.815	273.02	185.901	56.408	30.815	273.02	185.901
MM_RS13135	-1.07733152763222	0.138343357572241	0.375299232422215	272.715589514205	raw_counts / DESeq2 median-of-ratios (via riborex)	0.583	0.319	5.057	3.396	123.394	68.148	284.004	157.033	123.394	68.148	284.004	157.033
MM_RS04915	-1.17416642734207	0.138699485098097	0.375877035983079	2425.4219150319	raw_counts / DESeq2 median-of-ratios (via riborex)	5.696	2.029	20.344	12.485	1203.971	427.602	1136.891	590.337	1203.971	427.602	1136.891	590.337
MM_RS11720	1.05007873281086	0.139487681226694	0.377623351444638	69.0730350111393	raw_counts / DESeq2 median-of-ratios (via riborex)	0.087	0.146	0.494	1.784	18.514	31.41	29.722	80.694	18.514	31.41	29.722	80.694
MM_RS07290	-1.10561059737236	0.139873549960453	0.378017776296225	138.698242236028	raw_counts / DESeq2 median-of-ratios (via riborex)	0.333	0.346	5.214	3.437	70.499	71.818	292.842	158.503	70.499	71.818	292.842	158.503
MM_RS14080	0.939874092770978	0.139921278964178	0.378017776296225	85.2624999685251	raw_counts / DESeq2 median-of-ratios (via riborex)	0.073	0.097	0.645	2.061	15.513	20.721	38.123	93.337	15.513	20.721	38.123	93.337
MM_RS10720	-1.1381705940215	0.140269393189745	0.378568783675509	896.000403073832	raw_counts / DESeq2 median-of-ratios (via riborex)	1.389	1.023	4.03	3.228	298.995	217.596	242.165	143.082	298.995	217.596	242.165	143.082
MM_RS03085	-0.853978785302156	0.140595875388182	0.379060337545551	645.496549419224	raw_counts / DESeq2 median-of-ratios (via riborex)	1.664	1.116	19.708	19.619	352.807	237.881	1195.098	883.002	352.807	237.881	1195.098	883.002
MM_RS17000	-0.849213168024063	0.140837577956522	0.379322543296232	146.950499183579	raw_counts / DESeq2 median-of-ratios (via riborex)	0.147	0.054	0.526	0.467	31.205	11.594	30.632	21.133	31.205	11.594	30.632	21.133
MM_RS07215	0.954575669727241	0.14122195212786	0.37996808021287	346.897759582649	raw_counts / DESeq2 median-of-ratios (via riborex)	0.267	0.482	3.494	11.207	56.357	105.787	205.897	507.07	56.357	105.787	205.897	507.07
MM_RS01850	-0.743865286068962	0.142299170121515	0.382474535045137	1069.39219326366	raw_counts / DESeq2 median-of-ratios (via riborex)	21.667	23.058	396.159	403.994	4606.339	4897.495	23614.099	18426.482	4606.339	4897.495	23614.099	18426.482
MM_RS16270	-1.22837991328606	0.142657755003	0.383046282860817	88.802000860925	raw_counts / DESeq2 median-of-ratios (via riborex)	0.581	0.142	5.476	4.14	124.145	30.633	326.814	173.807	124.145	30.633	326.814	173.807
MM_RS00175	1.12825061362325	0.143147966758666	0.38373497979599	52.1576559912146	raw_counts / DESeq2 median-of-ratios (via riborex)	0.755	1.886	2.225	8.677	160.214	405.884	134.309	377.643	160.214	405.884	134.309	377.643
MM_RS00480	-1.03868847042765	0.143261812210322	0.38373497979599	412.052112585368	raw_counts / DESeq2 median-of-ratios (via riborex)	0.423	0.155	7.409	6.892	89.877	32.816	460.516	317.77	89.877	32.816	460.516	317.77
MM_RS17840	-0.949300783391345	0.143352633351054	0.38373497979599	1201.85922336769	raw_counts / DESeq2 median-of-ratios (via riborex)	82.815	48.279	149.747	127.628	17459.217	10442.301	8828.857	5901.003	17459.217	10442.301	8828.857	5901.003
MM_RS07325	-1.29930094485351	0.143932879555659	0.38489586732501	77.1569766916043	raw_counts / DESeq2 median-of-ratios (via riborex)	0.213	0.106	3.764	2.898	45.709	22.689	233.976	134.934	45.709	22.689	233.976	134.934
MM_RS08370	-1.48195209614688	0.144285500064956	0.3849701486797	2000.64120677818	raw_counts / DESeq2 median-of-ratios (via riborex)	27.409	17.772	562.509	453.074	5875.131	3736.359	37192.009	20635.736	5875.131	3736.359	37192.009	20635.736
MM_RS16530	-1.1534357085454	0.144141473658566	0.3849701486797	179.418332050307	raw_counts / DESeq2 median-of-ratios (via riborex)	0.232	0.213	6.662	4.332	48.737	44.983	375.818	196.106	48.737	44.983	375.818	196.106
MM_RS01285	-1.07959861688216	0.144661749630148	0.3849701486797	49.6207547922765	raw_counts / DESeq2 median-of-ratios (via riborex)	0.056	0.035	0.947	0.74	11.944	7.334	55.641	32.977	11.944	7.334	55.641	32.977
MM_RS03070	0.903703538280328	0.144621915238921	0.3849701486797	83.8148182486137	raw_counts / DESeq2 median-of-ratios (via riborex)	0.123	0.211	0.298	0.927	26.135	45.193	17.638	42.022	26.135	45.193	17.638	42.022
MM_RS13860	0.804173617738319	0.144693654511372	0.3849701486797	267.529142189174	raw_counts / DESeq2 median-of-ratios (via riborex)	0.089	0.112	0.448	1.29	19.1	24.1	26.376	58.554	19.1	24.1	26.376	58.554
MM_RS03185	-1.11922928908362	0.145699826738276	0.387254802646472	49.808548799921	raw_counts / DESeq2 median-of-ratios (via riborex)	0.15	0.058	0.618	0.433	31.669	12.234	35.403	19.687	31.669	12.234	35.403	19.687
MM_RS00630	1.02210208979909	0.146155545963283	0.388073269665906	69.1475915478185	raw_counts / DESeq2 median-of-ratios (via riborex)	0.122	0.216	0.171	0.605	25.957	46.739	10.258	26.572	25.957	46.739	10.258	26.572
MM_RS07280	-0.920157434979616	0.146807840025407	0.389018554900826	353.876532375732	raw_counts / DESeq2 median-of-ratios (via riborex)	0.2	0.289	3.715	3.598	42.563	61.899	226.069	157.644	42.563	61.899	226.069	157.644
MM_RS10285	0.891095014115011	0.146683573140931	0.389018554900826	143.26295673593	raw_counts / DESeq2 median-of-ratios (via riborex)	0.335	0.545	2.731	7.787	71.436	117.267	156.847	350.81	71.436	117.267	156.847	350.81
MM_RS07895	-0.984945128839988	0.147096409803408	0.389390294499748	755.370017140821	raw_counts / DESeq2 median-of-ratios (via riborex)	0.172	0.183	3.211	2.81	36.204	39.269	192.276	127.789	36.204	39.269	192.276	127.789
MM_RS03030	-3.5902918971197	0.147483706757907	0.389547650799725	352.016106182908	raw_counts / DESeq2 median-of-ratios (via riborex)	0.142	0.084	12.096	1.193	29.349	17.317	649.67	59.322	29.349	17.317	649.67	59.322
MM_RS17250	-1.85930456867493	0.147667008972153	0.389547650799725	87.3641052355387	raw_counts / DESeq2 median-of-ratios (via riborex)	0.047	0.031	0.577	0.343	10.254	6.655	37.464	15.295	10.254	6.655	37.464	15.295
MM_RS19485	-1.3171462358534	0.147347617621204	0.389547650799725	61.4479130114635	raw_counts / DESeq2 median-of-ratios (via riborex)	5.937	2.328	19.031	11.443	1264.81	506.947	1065.11	482.606	1264.81	506.947	1065.11	482.606
MM_RS07370	-0.757711136045352	0.147749223227923	0.389547650799725	284.663068196319	raw_counts / DESeq2 median-of-ratios (via riborex)	0.406	0.204	2.63	2.56	86.105	44.154	154.318	113.483	86.105	44.154	154.318	113.483
MM_RS02700	9.56218904450524	0.148196309229286	0.390042945322872	93.1941786370428	raw_counts / DESeq2 median-of-ratios (via riborex)	0.084	0.152	0	0.576	17.238	32.755	0	29.876	17.238	32.755	0	29.876
MM_RS07755	-0.811606987570293	0.148234142967337	0.390042945322872	1361.94843677186	raw_counts / DESeq2 median-of-ratios (via riborex)	703.399	724.175	1514.764	1333.523	149904.509	156951.437	87483.774	61925.382	149904.509	156951.437	87483.774	61925.382
MM_RS09905	1.52844675834265	0.149810966482355	0.393797395378042	57.4990179884418	raw_counts / DESeq2 median-of-ratios (via riborex)	0.017	0.055	0.15	0.684	3.721	11.247	8.808	33.989	3.721	11.247	8.808	33.989
MM_RS00830	1.05499232653117	0.151465236275571	0.39774771045965	154.836708386699	raw_counts / DESeq2 median-of-ratios (via riborex)	0.557	0.245	0.627	1.841	118.535	51.492	34.966	83.849	118.535	51.492	34.966	83.849
MM_RS02505	-1.2700106807154	0.151785242986959	0.398189858225529	636.418037579498	raw_counts / DESeq2 median-of-ratios (via riborex)	0.242	0.177	1.899	1.662	51.74	37.288	122.545	76.404	51.74	37.288	122.545	76.404
MM_RS15955	1.00375982394832	0.152024144861292	0.398418567271212	249.815562970504	raw_counts / DESeq2 median-of-ratios (via riborex)	0.457	0.55	1.031	3.369	98.033	114.738	60.505	154.308	98.033	114.738	60.505	154.308
MM_RS05735	-1.08804313121533	0.152257876487773	0.398505296616219	198.352913765694	raw_counts / DESeq2 median-of-ratios (via riborex)	0.147	0.141	6.132	5.272	31.43	29.873	375.48	245.813	31.43	29.873	375.48	245.813
MM_RS11415	-0.846936362182516	0.152360745545576	0.398505296616219	140.250858073488	raw_counts / DESeq2 median-of-ratios (via riborex)	0.199	0.101	0.833	0.795	42.298	21.785	49.509	35.003	42.298	21.785	49.509	35.003
MM_RS17410	-1.02750623819382	0.153062170870166	0.399147230094396	86.3580947425729	raw_counts / DESeq2 median-of-ratios (via riborex)	0.16	0.093	0.759	0.621	34.242	19.881	44.424	26.667	34.242	19.881	44.424	26.667
MM_RS01220	-0.952600264447112	0.15281294163407	0.399147230094396	129.925831841397	raw_counts / DESeq2 median-of-ratios (via riborex)	0.079	0.062	0.776	0.605	16.921	13.097	44.159	26.801	16.921	13.097	44.159	26.801
MM_RS05830	0.79310199755538	0.15298404366339	0.399147230094396	944.049040712624	raw_counts / DESeq2 median-of-ratios (via riborex)	0.605	0.611	1.526	4.445	129.292	129.86	90.156	195.69	129.292	129.86	90.156	195.69
MM_RS15610	0.779913830638629	0.154055020807594	0.401337782381689	211.399181758052	raw_counts / DESeq2 median-of-ratios (via riborex)	0.162	0.233	0.748	2.175	34.373	49.062	44.509	99.017	34.373	49.062	44.509	99.017
MM_RS06095	-1.33922403400004	0.154599014938799	0.401892865242206	141.043063694118	raw_counts / DESeq2 median-of-ratios (via riborex)	0.13	0.058	0.703	0.436	27.334	12.759	40.327	18.348	27.334	12.759	40.327	18.348
MM_RS02010	-0.930730017662097	0.154727222680834	0.401892865242206	213.167349034882	raw_counts / DESeq2 median-of-ratios (via riborex)	0.149	0.082	2.905	2.719	31.585	17.439	175.075	119.449	31.585	17.439	175.075	119.449
MM_RS08935	0.804160491926536	0.154702310834896	0.401892865242206	295.556706375181	raw_counts / DESeq2 median-of-ratios (via riborex)	0.389	0.623	2.165	6.509	82.307	133.447	129.186	290.663	82.307	133.447	129.186	290.663
MM_RS16075	1.02379459292959	0.154935695877629	0.402036697010528	81.0564116432611	raw_counts / DESeq2 median-of-ratios (via riborex)	0.158	0.182	0.609	1.86	33.744	39.031	34.685	84.589	33.744	39.031	34.685	84.589
MM_RS10725	-1.17832750020648	0.155158968518208	0.402218609406529	2187.23798141109	raw_counts / DESeq2 median-of-ratios (via riborex)	1.096	1.153	21.638	19.981	234.232	243.149	1386.546	895.561	234.232	243.149	1386.546	895.561
MM_RS04500	0.838549351096398	0.15537202041848	0.402373693904269	231.511813935935	raw_counts / DESeq2 median-of-ratios (via riborex)	0.263	0.285	0.843	2.568	55.753	60.37	50.033	112.851	55.753	60.37	50.033	112.851
MM_RS00240	1.19383600113105	0.156349855522835	0.402919254762477	59.2334534241649	raw_counts / DESeq2 median-of-ratios (via riborex)	0.047	0.062	0.463	1.88	10.101	13.077	27.923	82.802	10.101	13.077	27.923	82.802
MM_RS19285	1.14770519324457	0.156298129005691	0.402919254762477	135.747702213722	raw_counts / DESeq2 median-of-ratios (via riborex)	0.096	0.243	1.163	4.847	20.232	51.057	71.987	224.369	20.232	51.057	71.987	224.369
MM_RS10020	-1.0453836148753	0.155947529213093	0.402919254762477	258.825337868229	raw_counts / DESeq2 median-of-ratios (via riborex)	0.212	0.055	0.796	0.671	44.582	11.715	47.519	29.432	44.582	11.715	47.519	29.432
MM_RS17530	-0.932522161482268	0.156176952493553	0.402919254762477	412.612534620593	raw_counts / DESeq2 median-of-ratios (via riborex)	0.105	0.037	0.851	0.693	22.034	8.012	49.016	30.91	22.034	8.012	49.016	30.91
MM_RS04795	-0.783348735790587	0.155852177990057	0.402919254762477	195.207520010504	raw_counts / DESeq2 median-of-ratios (via riborex)	0.147	0.139	0.784	0.729	31.449	29.851	45.608	32.774	31.449	29.851	45.608	32.774
MM_RS14825	-1.08400045163133	0.156747777645672	0.403548690291702	56.9018011222749	raw_counts / DESeq2 median-of-ratios (via riborex)	0.059	0.018	0.191	0.162	12.492	3.886	11.663	7.331	12.492	3.886	11.663	7.331
MM_RS01440	1.07347460015284	0.157248016337994	0.404440049856583	87.3230772683792	raw_counts / DESeq2 median-of-ratios (via riborex)	0.113	0.128	1.893	6.896	24.059	27.672	113.722	319.48	24.059	27.672	113.722	319.48
MM_RS05985	-1.12243319331237	0.157474419299412	0.404626051937629	552.857390250609	raw_counts / DESeq2 median-of-ratios (via riborex)	0.431	0.302	6.831	5.083	92.946	64.015	399.8	231.012	92.946	64.015	399.8	231.012
MM_RS03895	-1.12176276551511	0.158100737756261	0.405838257427117	89.8142554479788	raw_counts / DESeq2 median-of-ratios (via riborex)	0.177	0.076	1.238	0.957	38.077	16.111	73.466	43.891	38.077	16.111	73.466	43.891
MM_RS04085	-1.50113490417809	0.158828923477186	0.407051919991299	1046.81536512133	raw_counts / DESeq2 median-of-ratios (via riborex)	6.95	4.032	52.882	35.772	1506.661	842.013	3272.632	1579.199	1506.661	842.013	3272.632	1579.199
MM_RS17910	1.48922360960848	0.159193572669864	0.407051919991299	59.7036134803314	raw_counts / DESeq2 median-of-ratios (via riborex)	2.414	4.092	1.672	7.474	522.332	871.16	97.286	340.875	522.332	871.16	97.286	340.875
MM_RS02965	-1.11539840751063	0.15915672836849	0.407051919991299	59.6615182162663	raw_counts / DESeq2 median-of-ratios (via riborex)	0.056	0.049	1.986	1.423	11.858	10.607	114.26	63.49	11.858	10.607	114.26	63.49
MM_RS09350	-0.99341146365653	0.159173935750121	0.407051919991299	654.381116877685	raw_counts / DESeq2 median-of-ratios (via riborex)	0.321	0.491	7.363	6.886	68.817	103.47	450.947	303.469	68.817	103.47	450.947	303.469
MM_RS00345	-1.36088158150655	0.159945614058747	0.408179963574606	201.19980999999	raw_counts / DESeq2 median-of-ratios (via riborex)	0.066	0.064	1.725	1.361	14.15	13.634	109.481	61.804	14.15	13.634	109.481	61.804
MM_RS15085	0.986467571734467	0.159846615097763	0.408179963574606	116.395763126294	raw_counts / DESeq2 median-of-ratios (via riborex)	0.179	0.226	0.512	1.625	38.326	49.151	29.742	72.322	38.326	49.151	29.742	72.322
MM_RS08030	0.921370743497816	0.160755303331026	0.409450462218501	134.207311218544	raw_counts / DESeq2 median-of-ratios (via riborex)	0.254	0.329	1.298	3.625	54.151	70.436	73.517	163.806	54.151	70.436	73.517	163.806
MM_RS06060	-0.830276461123408	0.160600600654969	0.409450462218501	268.068523048277	raw_counts / DESeq2 median-of-ratios (via riborex)	0.356	0.143	2.249	2.162	75.31	30.502	134.233	99.006	75.31	30.502	134.233	99.006
MM_RS12460	1.01336454674293	0.161453202859762	0.41049231396704	283.930432549312	raw_counts / DESeq2 median-of-ratios (via riborex)	0.352	0.795	1.546	5.873	75.242	168.122	95.621	271.316	75.242	168.122	95.621	271.316
MM_RS06800	-0.807669905362968	0.16147698413098	0.41049231396704	312.309721825983	raw_counts / DESeq2 median-of-ratios (via riborex)	0.278	0.293	3.2	3.101	58.891	62.78	190.513	142.512	58.891	62.78	190.513	142.512
MM_RS02575	1.44682978342991	0.162353219104059	0.411301412955737	22411.2688363736	raw_counts / DESeq2 median-of-ratios (via riborex)	45.57	48.694	402.138	1529.489	9500.925	10364.676	22390.402	67437.314	9500.925	10364.676	22390.402	67437.314
MM_RS01930	1.31523023368747	0.162623451587621	0.411301412955737	1039.05246478898	raw_counts / DESeq2 median-of-ratios (via riborex)	1.914	3.09	0.75	3.225	413.711	651.468	44.654	138.687	413.711	651.468	44.654	138.687
MM_RS12795	1.00916529538829	0.162161174814837	0.411301412955737	82.6111896417417	raw_counts / DESeq2 median-of-ratios (via riborex)	0.112	0.231	0.997	3.093	23.924	49.547	57.039	134.622	23.924	49.547	57.039	134.622
MM_RS19200	0.910486275784476	0.162493202233447	0.411301412955737	120.665475630606	raw_counts / DESeq2 median-of-ratios (via riborex)	0.249	0.464	1.257	4.228	52.958	100.428	75.978	186.173	52.958	100.428	75.978	186.173
MM_RS10195	0.84543151877456	0.162735022110058	0.411301412955737	131.785267618353	raw_counts / DESeq2 median-of-ratios (via riborex)	0.165	0.187	1.304	3.723	35.336	39.917	75.732	167.726	35.336	39.917	75.732	167.726
MM_RS03745	-0.715157685484092	0.162021322586433	0.411301412955737	512.35754790935	raw_counts / DESeq2 median-of-ratios (via riborex)	0.502	0.344	2.056	2.115	107.076	73.023	121.949	95.264	107.076	73.023	121.949	95.264
MM_RS00370	-1.21568364219369	0.163015685480995	0.411614605839513	2418.63910009225	raw_counts / DESeq2 median-of-ratios (via riborex)	1.039	0.99	21.709	14.165	217.832	216.696	1236.537	605.381	217.832	216.696	1236.537	605.381
MM_RS14560	-1.23722614514039	0.16381810857521	0.412641272267837	70.6707608186368	raw_counts / DESeq2 median-of-ratios (via riborex)	0.235	0.307	11.358	7.519	50.689	63.982	656.958	342.913	50.689	63.982	656.958	342.913
MM_RS01385	-0.997141918070168	0.164050833300694	0.412641272267837	4655.38844703666	raw_counts / DESeq2 median-of-ratios (via riborex)	2608.303	1790.927	2000.065	1895.021	551012.384	381081.628	123828.482	87493.136	551012.384	381081.628	123828.482	87493.136
MM_RS04730	0.994404121751068	0.164022998491099	0.412641272267837	135.836787229108	raw_counts / DESeq2 median-of-ratios (via riborex)	0.772	0.684	3.137	9.371	165.358	147.46	178.227	415.135	165.358	147.46	178.227	415.135
MM_RS15225	-0.91210335718842	0.16370141307572	0.412641272267837	223.091963378045	raw_counts / DESeq2 median-of-ratios (via riborex)	0.229	0.17	1.753	1.356	48.562	35.763	99.22	62.365	48.562	35.763	99.22	62.365
MM_RS10365	-1.24298291072057	0.164353353114842	0.412949274969778	470.72092328074	raw_counts / DESeq2 median-of-ratios (via riborex)	0.283	0.173	2.29	1.974	60.891	37.51	145.233	87.552	60.891	37.51	145.233	87.552
MM_RS06455	-0.940360503782118	0.164487791933887	0.412949274969778	218.552711502677	raw_counts / DESeq2 median-of-ratios (via riborex)	0.241	0.161	1.567	1.508	51.05	34.709	95.619	66.199	51.05	34.709	95.619	66.199
MM_RS10125	1.23415153239066	0.1648485878672	0.413065259293193	54.9539057579858	raw_counts / DESeq2 median-of-ratios (via riborex)	0.057	0.041	0.19	0.677	11.999	8.773	10.867	30.932	11.999	8.773	10.867	30.932
MM_RS01675	-0.96629751128987	0.164763677925763	0.413065259293193	112.355734921641	raw_counts / DESeq2 median-of-ratios (via riborex)	0.13	0.111	1.521	1.141	27.659	23.295	86.166	52.085	27.659	23.295	86.166	52.085
MM_RS01525	-1.14895767918684	0.165397105895435	0.413650285791821	53.6119871386461	raw_counts / DESeq2 median-of-ratios (via riborex)	0.113	0.049	0.874	0.563	24.164	10.563	49	25.424	24.164	10.563	49	25.424
MM_RS07245	-0.877866721105235	0.165377374914022	0.413650285791821	274.589439162672	raw_counts / DESeq2 median-of-ratios (via riborex)	0.736	0.554	20.438	19.661	155.848	117.004	1233.973	899.495	155.848	117.004	1233.973	899.495
MM_RS05520	1.06752089424503	0.166398870454441	0.415759689641639	94.0872842866524	raw_counts / DESeq2 median-of-ratios (via riborex)	0.16	0.103	0.871	2.753	33.59	22.629	49.686	124.148	33.59	22.629	49.686	124.148
MM_RS02395	-1.07760308534418	0.166701115698679	0.416099651076942	105.178909250163	raw_counts / DESeq2 median-of-ratios (via riborex)	0.098	0.142	2.073	1.669	21.182	29.648	123.344	75.648	21.182	29.648	123.344	75.648
MM_RS02045	0.94148765903648	0.167267759026094	0.416099651076942	87.604969942025	raw_counts / DESeq2 median-of-ratios (via riborex)	0.402	0.313	1.291	3.884	85.022	66.869	74.797	178.303	85.022	66.869	74.797	178.303
MM_RS19475	0.888836182067296	0.167307852353765	0.416099651076942	136.973114510149	raw_counts / DESeq2 median-of-ratios (via riborex)	0.444	0.582	3.681	10.928	93.884	122.982	214.975	504.783	93.884	122.982	214.975	504.783
MM_RS07305	0.842041553621191	0.166990531240094	0.416099651076942	162.390770551792	raw_counts / DESeq2 median-of-ratios (via riborex)	0.21	0.164	0.451	1.429	44.778	35.252	27.253	63.838	44.778	35.252	27.253	63.838
MM_RS13045	-0.825015912687651	0.167327201651657	0.416099651076942	357.42178871582	raw_counts / DESeq2 median-of-ratios (via riborex)	0.16	0.049	0.516	0.514	34.281	10.353	31.076	23.137	34.281	10.353	31.076	23.137
MM_RS18585	1.44490097714597	0.168318714600754	0.41641806798347	69.4431485179385	raw_counts / DESeq2 median-of-ratios (via riborex)	2.396	2.853	10.569	43.891	516.991	604.81	610.345	2127.638	516.991	604.81	610.345	2127.638
MM_RS10320	1.44010348121993	0.16795456414201	0.41641806798347	178.312506670065	raw_counts / DESeq2 median-of-ratios (via riborex)	0.445	0.536	0.344	1.282	95.161	115.118	18.839	53.152	95.161	115.118	18.839	53.152
MM_RS09365	1.02334264921569	0.168565272759493	0.41641806798347	408.371171807777	raw_counts / DESeq2 median-of-ratios (via riborex)	0.293	0.436	10.56	31.071	61.792	92.704	594.174	1366.547	61.792	92.704	594.174	1366.547
MM_RS13685	0.93541421962545	0.168312806898554	0.41641806798347	81.4859333536043	raw_counts / DESeq2 median-of-ratios (via riborex)	0.144	0.145	1.065	3.174	30.514	30.895	61.599	145.717	30.514	30.895	61.599	145.717
MM_RS13470	0.934755652357898	0.167935773286271	0.41641806798347	66.3497477706924	raw_counts / DESeq2 median-of-ratios (via riborex)	0.143	0.157	0.311	0.93	30.426	33.277	17.996	42.673	30.426	33.277	17.996	42.673
MM_RS05905	-0.930210419518496	0.16833252253439	0.41641806798347	146.761682283835	raw_counts / DESeq2 median-of-ratios (via riborex)	0.129	0.043	0.777	0.621	27.489	9.22	44.255	26.957	27.489	9.22	44.255	26.957
MM_RS09915	0.743049397806463	0.168499164331938	0.41641806798347	196.79417037263	raw_counts / DESeq2 median-of-ratios (via riborex)	0.132	0.225	0.845	2.315	28.083	47.93	49.499	102.895	28.083	47.93	49.499	102.895
MM_RS11790	-0.860193331645037	0.168949259085479	0.41697439319405	456.961536185136	raw_counts / DESeq2 median-of-ratios (via riborex)	0.147	0.063	0.896	0.872	31.337	13.249	54.204	40.592	31.337	13.249	54.204	40.592
MM_RS07230	-1.17118676261291	0.169444848902802	0.417804857482402	77.1714137992523	raw_counts / DESeq2 median-of-ratios (via riborex)	0.221	0.167	1.961	1.671	46.478	36.058	121.807	74.874	46.478	36.058	121.807	74.874
MM_RS08165	0.803319296890826	0.169637302485361	0.417887013439548	112.648572276775	raw_counts / DESeq2 median-of-ratios (via riborex)	0.243	0.324	0.946	2.686	51.66	69.08	55.516	122.062	51.66	69.08	55.516	122.062
MM_RS18230	1.91137281733006	0.1699982488923	0.417932679773549	97.4672745382062	raw_counts / DESeq2 median-of-ratios (via riborex)	1.039	1.678	13.151	86.049	214.981	365.16	795.719	4227.919	214.981	365.16	795.719	4227.919
MM_RS04930	1.16457536231249	0.169888137056198	0.417932679773549	87.9541848603968	raw_counts / DESeq2 median-of-ratios (via riborex)	0.138	0.182	0.729	2.967	29.739	38.741	44.261	129.36	29.739	38.741	44.261	129.36
MM_RS02430	-1.15876513170962	0.170292447584805	0.417932679773549	6141.8084294344	raw_counts / DESeq2 median-of-ratios (via riborex)	47.117	34.264	707.357	641.285	9980.66	7272.433	45023.617	30303.778	9980.66	7272.433	45023.617	30303.778
MM_RS04765	-0.880878197340284	0.17015153877852	0.417932679773549	737.722413270822	raw_counts / DESeq2 median-of-ratios (via riborex)	0.562	0.45	5.629	5.735	119.235	97.512	345.654	252.497	119.235	97.512	345.654	252.497
MM_RS02220	1.25029675009595	0.170703626223922	0.41816018886569	52.7814488805264	raw_counts / DESeq2 median-of-ratios (via riborex)	0.053	0.061	0.305	1.05	11.487	13.23	17.204	48.374	11.487	13.23	17.204	48.374
MM_RS03920	-1.17541813006723	0.170549488075181	0.41816018886569	369.59658845922	raw_counts / DESeq2 median-of-ratios (via riborex)	0.217	0.089	1.539	1.16	45.31	18.816	91.75	53.209	45.31	18.816	91.75	53.209
MM_RS16650	-0.86996988630487	0.17105229906991	0.418415448741243	199.380949701069	raw_counts / DESeq2 median-of-ratios (via riborex)	0.1	0.05	0.501	0.442	21.46	10.623	29.158	19.523	21.46	10.623	29.158	19.523
MM_RS14485	0.851439244052662	0.171185522579354	0.418415448741243	133.290288477354	raw_counts / DESeq2 median-of-ratios (via riborex)	0.316	0.317	0.795	2.258	66.858	68.475	46.067	102.749	66.858	68.475	46.067	102.749
MM_RS12670	-0.803947395943221	0.171382317321645	0.418415448741243	125.231417479262	raw_counts / DESeq2 median-of-ratios (via riborex)	0.213	0.099	2.417	2.171	45.311	21.351	139.603	97.273	45.311	21.351	139.603	97.273
MM_RS04535	-0.753719350432088	0.171445172446907	0.418415448741243	284.901644900301	raw_counts / DESeq2 median-of-ratios (via riborex)	1.084	0.398	2.736	2.643	231.42	85.878	159.94	117.617	231.42	85.878	159.94	117.617
MM_RS00870	1.06434429647595	0.171746838973693	0.418762487599738	120.665909663432	raw_counts / DESeq2 median-of-ratios (via riborex)	2.187	7.572	3.218	11.269	470.191	1598.558	190.713	511.5	470.191	1598.558	190.713	511.5
MM_RS14765	0.989322115269154	0.172194775467377	0.419322797421852	75.5872704766976	raw_counts / DESeq2 median-of-ratios (via riborex)	0.051	0.062	0.33	0.995	10.776	13.276	18.815	44.434	10.776	13.276	18.815	44.434
MM_RS01575	-0.730585421573221	0.17229600092086	0.419322797421852	598.215515283383	raw_counts / DESeq2 median-of-ratios (via riborex)	0.551	0.563	6.135	6.225	116.782	120.458	362.828	275.891	116.782	120.458	362.828	275.891
MM_RS09275	8.99935861761899	0.173549030131197	0.421251838832287	121.410281997124	raw_counts / DESeq2 median-of-ratios (via riborex)	0.143	0.337	0	0.449	29.239	72	0	23.277	29.239	72	0	23.277
MM_RS16665	-1.17345602397358	0.173596681208483	0.421251838832287	104.029727498317	raw_counts / DESeq2 median-of-ratios (via riborex)	0.03	0.019	0.43	0.349	6.417	4.066	26.138	15.223	6.417	4.066	26.138	15.223
MM_RS05490	-0.790767322320471	0.173309484879976	0.421251838832287	261.750794686774	raw_counts / DESeq2 median-of-ratios (via riborex)	105.681	127.672	548.367	499.263	22363.01	27013.553	31831.569	22863.244	22363.01	27013.553	31831.569	22863.244
MM_RS01665	0.777985211509013	0.173762805897705	0.421251838832287	873.056489055887	raw_counts / DESeq2 median-of-ratios (via riborex)	0.407	0.79	6.351	19.008	86.171	165.638	381.269	862.464	86.171	165.638	381.269	862.464
MM_RS11975	0.711346623154947	0.173890705747981	0.421251838832287	246.578594225901	raw_counts / DESeq2 median-of-ratios (via riborex)	0.136	0.228	0.879	2.418	28.926	48.079	52.033	108.323	28.926	48.079	52.033	108.323
MM_RS14465	-0.966658776702175	0.174201769637247	0.421616448910055	329.39426064504	raw_counts / DESeq2 median-of-ratios (via riborex)	0.11	0.069	6.309	4.678	23.298	15.01	355.55	208.575	23.298	15.01	355.55	208.575
MM_RS15305	1.29585373614395	0.174654983219499	0.42183314921619	59.1037285759535	raw_counts / DESeq2 median-of-ratios (via riborex)	0.042	0.028	0.054	0.242	8.898	6.026	3.281	10.426	8.898	6.026	3.281	10.426
MM_RS03695	-1.065234770272	0.174773216430775	0.42183314921619	572.629986309666	raw_counts / DESeq2 median-of-ratios (via riborex)	0.223	0.253	4.772	4.598	47.2	54.249	302.185	209.659	47.2	54.249	302.185	209.659
MM_RS04850	-0.966934214907325	0.174711658235178	0.42183314921619	108.733105732628	raw_counts / DESeq2 median-of-ratios (via riborex)	0.196	0.143	1.51	1.412	41.716	31.522	91.594	61.162	41.716	31.522	91.594	61.162
MM_RS07085	0.990939814173424	0.174999244118171	0.421990831087527	266.706138746888	raw_counts / DESeq2 median-of-ratios (via riborex)	0.231	0.43	2.67	8.765	49.32	92.877	156.225	371.846	49.32	92.877	156.225	371.846
MM_RS04815	-1.30470528373417	0.176697091550205	0.424681304496828	1676.03373964879	raw_counts / DESeq2 median-of-ratios (via riborex)	12.778	10.335	618.013	521.394	2753.281	2230.258	39613.143	23661.988	2753.281	2230.258	39613.143	23661.988
MM_RS15725	-1.04906510132332	0.176761868170234	0.424681304496828	267.459046250551	raw_counts / DESeq2 median-of-ratios (via riborex)	0.327	0.187	2.309	2.093	70.218	40.335	142.146	94.022	70.218	40.335	142.146	94.022
MM_RS07015	-0.859277851206726	0.176421905646207	0.424681304496828	645.737733842239	raw_counts / DESeq2 median-of-ratios (via riborex)	0.788	0.606	4.748	4.626	166.311	130.746	285.866	206.935	166.311	130.746	285.866	206.935
MM_RS12970	0.767682943169791	0.176674054421454	0.424681304496828	330.234750895747	raw_counts / DESeq2 median-of-ratios (via riborex)	0.307	0.392	1.071	3.022	64.967	84.624	62.904	132.619	64.967	84.624	62.904	132.619
MM_RS06820	-0.861727171869674	0.177149962129491	0.425224680577736	110.499186905654	raw_counts / DESeq2 median-of-ratios (via riborex)	0.167	0.106	3.017	2.786	35.377	22.618	178.672	125.971	35.377	22.618	178.672	125.971
MM_RS16195	1.28369094774945	0.178072889378674	0.426227763912053	79.1592875734915	raw_counts / DESeq2 median-of-ratios (via riborex)	0.722	1.325	8.989	31.664	155.009	280.152	503.479	1353.951	155.009	280.152	503.479	1353.951
MM_RS05500	-1.27182588633848	0.178192293061803	0.426227763912053	62.4301306192711	raw_counts / DESeq2 median-of-ratios (via riborex)	0.044	0.014	0.172	0.145	9.255	2.898	10.852	6.2	9.255	2.898	10.852	6.2
MM_RS02695	1.0282649670528	0.17821709245066	0.426227763912053	160.540997253433	raw_counts / DESeq2 median-of-ratios (via riborex)	0.194	0.536	1.635	6.069	41.574	112.758	99.429	268.301	41.574	112.758	99.429	268.301
MM_RS05340	0.797145315806215	0.178063093239541	0.426227763912053	739.815509568525	raw_counts / DESeq2 median-of-ratios (via riborex)	1.98	1.663	7.789	21.867	422.733	356.64	453.404	949.934	422.733	356.64	453.404	949.934
MM_RS07070	1.63977406770091	0.178812150682619	0.427261790439089	161.349922267968	raw_counts / DESeq2 median-of-ratios (via riborex)	0.239	0.553	2.395	9.974	49.702	117.051	131.959	457.408	49.702	117.051	131.959	457.408
MM_RS07665	-1.12291718145775	0.179040237385443	0.427417875794702	69.6015820100847	raw_counts / DESeq2 median-of-ratios (via riborex)	0.363	0.189	8.423	5.92	76.242	39.618	484.142	270.124	76.242	39.618	484.142	270.124
MM_RS03505	0.826048819399513	0.179340065690401	0.427744788831057	132.024859472382	raw_counts / DESeq2 median-of-ratios (via riborex)	0.183	0.188	0.618	1.742	38.818	40.22	35.783	76.871	38.818	40.22	35.783	76.871
MM_RS08845	1.24149109817637	0.180033571386164	0.428562403500909	112.369063088381	raw_counts / DESeq2 median-of-ratios (via riborex)	0.325	1.235	1.41	5.827	70.147	256.098	84.404	254.689	70.147	256.098	84.404	254.689
MM_RS05640	-1.18937278324815	0.179968321163707	0.428562403500909	1782.64162906907	raw_counts / DESeq2 median-of-ratios (via riborex)	491.878	517.115	5074.74	4593.548	104836.347	111613.637	325699.689	218000.979	104836.347	111613.637	325699.689	218000.979
MM_RS10730	-0.868155291263798	0.180172465142804	0.428562403500909	185.214518358168	raw_counts / DESeq2 median-of-ratios (via riborex)	0.199	0.154	2.535	2.557	42.361	32.986	154.919	114.209	42.361	32.986	154.919	114.209
MM_RS08780	-1.35117457971746	0.181933629253629	0.429334781746867	123.19356170569	raw_counts / DESeq2 median-of-ratios (via riborex)	0.84	0.38	6.768	4.996	181.034	78.826	421.272	240.428	181.034	78.826	421.272	240.428
MM_RS10045	-1.18120146405701	0.182132119903279	0.429334781746867	382.224991671685	raw_counts / DESeq2 median-of-ratios (via riborex)	0.263	0.264	3.578	3.363	55.869	56.48	231.616	153.587	55.869	56.48	231.616	153.587
MM_RS16220	-1.15782793102133	0.181878382264939	0.429334781746867	468.268740143572	raw_counts / DESeq2 median-of-ratios (via riborex)	1.18	1.554	24.948	15.287	253.08	331.02	1380.299	674.359	253.08	331.02	1380.299	674.359
MM_RS03335	-1.11173360278738	0.181377338722163	0.429334781746867	89.3347814694519	raw_counts / DESeq2 median-of-ratios (via riborex)	1.581	0.636	2.739	2.379	338.522	134.198	170.32	109.415	338.522	134.198	170.32	109.415
MM_RS03415	-1.0523042093221	0.181968078988541	0.429334781746867	106.35115348173	raw_counts / DESeq2 median-of-ratios (via riborex)	0.148	0.049	0.644	0.448	31.344	10.486	36.009	19.49	31.344	10.486	36.009	19.49
MM_RS07450	1.03547199355103	0.182001783174439	0.429334781746867	212.788673746787	raw_counts / DESeq2 median-of-ratios (via riborex)	0.319	0.92	1.448	4.524	66.947	195.522	82.967	204.097	66.947	195.522	82.967	204.097
MM_RS09235	0.980258553271018	0.181306096343749	0.429334781746867	60.7257602409015	raw_counts / DESeq2 median-of-ratios (via riborex)	0.073	0.128	0.68	2.364	15.635	27.075	40.951	105.176	15.635	27.075	40.951	105.176
MM_RS15330	0.902374707714051	0.181290082051025	0.429334781746867	523.837296963872	raw_counts / DESeq2 median-of-ratios (via riborex)	2.114	2.68	18.529	49.276	448.291	566.058	1039.802	2237.803	448.291	566.058	1039.802	2237.803
MM_RS00890	-0.842694984394158	0.180736519943378	0.429334781746867	219.259881738807	raw_counts / DESeq2 median-of-ratios (via riborex)	0.103	0.057	0.98	0.963	21.905	12.148	58.786	42.154	21.905	12.148	58.786	42.154
MM_RS07875	-0.784052198440157	0.181405503784653	0.429334781746867	173.021423158161	raw_counts / DESeq2 median-of-ratios (via riborex)	0.364	0.488	6.783	6.631	77.375	104.268	402.926	304.398	77.375	104.268	402.926	304.398
MM_RS13390	-0.867445678531587	0.182584350490584	0.43001480214195	86.7537163030898	raw_counts / DESeq2 median-of-ratios (via riborex)	0.053	0.033	0.206	0.192	11.26	6.944	12.163	8.39	11.26	6.944	12.163	8.39
MM_RS03480	0.903481951617542	0.183040422523915	0.43070264296398	101.776351949828	raw_counts / DESeq2 median-of-ratios (via riborex)	0.071	0.161	2.113	6.424	15.115	33.807	123.559	286.912	15.115	33.807	123.559	286.912
MM_RS10635	0.794471561372278	0.183645465595355	0.431739474174936	143.886966818147	raw_counts / DESeq2 median-of-ratios (via riborex)	0.078	0.141	0.759	2.03	16.58	30.169	43.673	91.683	16.58	30.169	43.673	91.683
MM_RS07680	1.39555421244789	0.184730577567349	0.433514295524448	56.4292581806766	raw_counts / DESeq2 median-of-ratios (via riborex)	0.029	0.082	0.463	1.735	6.288	17.282	25.907	78.037	6.288	17.282	25.907	78.037
MM_RS16975	0.792017753947944	0.184607895267406	0.433514295524448	195.515154816282	raw_counts / DESeq2 median-of-ratios (via riborex)	0.172	0.265	1.108	3.414	36.461	56.271	67.013	153.704	36.461	56.271	67.013	153.704
MM_RS05715	0.949865115338814	0.185748043692586	0.434929728857122	91.3908909728396	raw_counts / DESeq2 median-of-ratios (via riborex)	0.114	0.168	1.213	3.86	24.093	36.618	71.401	174.646	24.093	36.618	71.401	174.646
MM_RS13250	0.93520422285372	0.185996224488403	0.434929728857122	242.461472543354	raw_counts / DESeq2 median-of-ratios (via riborex)	0.137	0.237	1.533	5.049	29.524	50.669	91.467	225.15	29.524	50.669	91.467	225.15
MM_RS09315	0.867889689113974	0.185584653173997	0.434929728857122	397.656674675787	raw_counts / DESeq2 median-of-ratios (via riborex)	0.411	0.655	1.689	5.065	86.794	141.26	98.796	218.732	86.794	141.26	98.796	218.732
MM_RS04285	-0.715674821879363	0.185988062767863	0.434929728857122	601.929937199773	raw_counts / DESeq2 median-of-ratios (via riborex)	0.587	0.411	4.849	4.595	124.576	87.527	280.399	211.381	124.576	87.527	280.399	211.381
MM_RS11990	-1.2596956615823	0.18724358478606	0.43745698723149	783.916974181439	raw_counts / DESeq2 median-of-ratios (via riborex)	0.204	0.242	6.34	4.908	44.087	51.646	388.847	223.072	44.087	51.646	388.847	223.072
MM_RS04845	-1.2558382139951	0.18752543789712	0.437726044371411	55.845265839624	raw_counts / DESeq2 median-of-ratios (via riborex)	0.115	0.075	0.714	0.455	24.436	16.294	40.248	18.893	24.436	16.294	40.248	18.893
MM_RS07635	0.791785976121909	0.188066959133079	0.43860020842226	99.0819026981393	raw_counts / DESeq2 median-of-ratios (via riborex)	0.247	0.294	1.163	3.342	52.358	62.626	68.674	151.696	52.358	62.626	68.674	151.696
MM_RS02205	-1.34665855895853	0.188845793713734	0.440025780206091	331.09033582548	raw_counts / DESeq2 median-of-ratios (via riborex)	0.604	0.459	12.592	11.244	128.51	96.836	836.232	512.776	128.51	96.836	836.232	512.776
MM_RS00980	-0.955272856426501	0.189687456067663	0.440813504100605	170.219624694367	raw_counts / DESeq2 median-of-ratios (via riborex)	0.227	0.152	1.126	1.054	47.928	32.669	68.277	46.43	47.928	32.669	68.277	46.43
MM_RS10545	-0.759808031975058	0.189658600480336	0.440813504100605	670.166620435014	raw_counts / DESeq2 median-of-ratios (via riborex)	1.055	0.696	8.568	8.106	225.861	149.851	498.708	362.182	225.861	149.851	498.708	362.182
MM_RS11240	-0.753264517339534	0.189666685792591	0.440813504100605	1536.46885634136	raw_counts / DESeq2 median-of-ratios (via riborex)	0.668	0.817	20.145	19.513	142.912	173.636	1180.507	874.421	142.912	173.636	1180.507	874.421
MM_RS07035	-1.03603450059418	0.190700122560656	0.44217139158796	1681.04680866144	raw_counts / DESeq2 median-of-ratios (via riborex)	20.551	7.877	298.421	263.943	4338.543	1689.681	18021.265	11080.557	4338.543	1689.681	18021.265	11080.557
MM_RS16185	-0.966319898591043	0.190776918000441	0.44217139158796	112.26704690519	raw_counts / DESeq2 median-of-ratios (via riborex)	0.105	0.045	0.852	0.748	22.196	9.603	50.976	34.327	22.196	9.603	50.976	34.327
MM_RS11625	-0.850265151628873	0.190555252476092	0.44217139158796	111.225754947912	raw_counts / DESeq2 median-of-ratios (via riborex)	0.656	0.26	0.91	0.865	139.04	56.287	54.565	39.326	139.04	56.287	54.565	39.326
MM_RS12320	0.975639829022927	0.191024767947912	0.44235541501871	237.719872673024	raw_counts / DESeq2 median-of-ratios (via riborex)	0.19	0.264	2.544	8.672	39.858	56.836	152.403	393.311	39.858	56.836	152.403	393.311
MM_RS06905	-1.08571825021608	0.192780914231043	0.446028793630588	59.1113311394943	raw_counts / DESeq2 median-of-ratios (via riborex)	0.06	0.026	0.302	0.252	12.844	5.57	18.163	11.149	12.844	5.57	18.163	11.149
MM_RS03990	-0.784625499272176	0.193303213099759	0.446843519014055	771.276520342606	raw_counts / DESeq2 median-of-ratios (via riborex)	3.639	1.568	5.771	6.087	770.873	335.974	350.821	271.059	770.873	335.974	350.821	271.059
MM_RS04960	0.830695109148468	0.193509148172945	0.446926141690548	107.938538119558	raw_counts / DESeq2 median-of-ratios (via riborex)	0.105	0.097	0.384	1.143	22.299	20.227	22.74	51.838	22.299	20.227	22.74	51.838
MM_RS12305	-0.916373484520487	0.193913256698597	0.447073057147073	1116.42568651438	raw_counts / DESeq2 median-of-ratios (via riborex)	1.073	0.48	7.124	6.206	225.469	102.828	418.508	278.7	225.469	102.828	418.508	278.7
MM_RS02820	0.791149238278025	0.193770384044895	0.447073057147073	179.260132823859	raw_counts / DESeq2 median-of-ratios (via riborex)	0.539	0.654	6.05	16.575	114.28	139.19	349.979	728.215	114.28	139.19	349.979	728.215
MM_RS00750	-0.945062879108155	0.194121940260102	0.447161592213182	79.8069508278233	raw_counts / DESeq2 median-of-ratios (via riborex)	0.089	0.071	0.8	0.721	19.104	15.063	47.666	31.523	19.104	15.063	47.666	31.523
MM_RS12165	0.777975121497267	0.194466090033445	0.447169835751162	1260.68638184335	raw_counts / DESeq2 median-of-ratios (via riborex)	1.049	1.724	11.221	35.101	222.587	364.32	684.676	1601.723	222.587	364.32	684.676	1601.723
MM_RS10540	-0.76029050440966	0.194360640402983	0.447169835751162	736.615905579006	raw_counts / DESeq2 median-of-ratios (via riborex)	0.893	0.482	2.339	2.36	188.554	103.532	139.169	105.622	188.554	103.532	139.169	105.622
MM_RS01410	0.772359741008563	0.195067668737716	0.448160715752618	227.326215683824	raw_counts / DESeq2 median-of-ratios (via riborex)	0.46	0.598	2.718	7.218	97.354	126.325	157.071	331.557	97.354	126.325	157.071	331.557
MM_RS02835	-1.05353034040052	0.195681484236936	0.448719323482722	82.4785742269183	raw_counts / DESeq2 median-of-ratios (via riborex)	0.176	0.221	1.411	1.092	37.835	46.89	82.006	48.239	37.835	46.89	82.006	48.239
MM_RS04755	-1.03446306927053	0.196165187874396	0.448719323482722	442.716932464678	raw_counts / DESeq2 median-of-ratios (via riborex)	0.714	0.472	16.918	16.451	152.905	100.44	1063.767	733.275	152.905	100.44	1063.767	733.275
MM_RS17275	1.00888659842703	0.196094356691554	0.448719323482722	63.9731986847527	raw_counts / DESeq2 median-of-ratios (via riborex)	0.134	0.321	0.839	3.006	28.778	69.918	50.787	134.941	28.778	69.918	50.787	134.941
MM_RS02610	0.785585769149361	0.196033350030292	0.448719323482722	147.921173297521	raw_counts / DESeq2 median-of-ratios (via riborex)	0.07	0.102	0.808	2.379	14.953	21.869	47.992	104.737	14.953	21.869	47.992	104.737
MM_RS12975	-0.679999678710011	0.196035441636723	0.448719323482722	408.24515088842	raw_counts / DESeq2 median-of-ratios (via riborex)	0.401	0.182	1.755	1.692	85.302	38.638	101.132	77.03	85.302	38.638	101.132	77.03
MM_RS18320	1.16741550162911	0.19786781306761	0.450260725403418	121.115388689529	raw_counts / DESeq2 median-of-ratios (via riborex)	6.597	19.273	3.001	10.873	1422.26	4282.835	174.002	476.077	1422.26	4282.835	174.002	476.077
MM_RS02455	0.994046179051813	0.19750027354525	0.450260725403418	115.263940913916	raw_counts / DESeq2 median-of-ratios (via riborex)	0.293	0.411	2.028	6.182	62.982	87.197	116.525	282.805	62.982	87.197	116.525	282.805
MM_RS15645	-0.89825379551076	0.197841736573908	0.450260725403418	367.360895486969	raw_counts / DESeq2 median-of-ratios (via riborex)	176.205	193.822	477.831	460.241	37789.974	41912.486	28956.231	20684.347	37789.974	41912.486	28956.231	20684.347
MM_RS10205	-0.862707201893082	0.197704172241289	0.450260725403418	500.211138205249	raw_counts / DESeq2 median-of-ratios (via riborex)	0.911	0.369	5.717	4.945	191.782	78.885	331.04	222.851	191.782	78.885	331.04	222.851
MM_RS05570	0.806116602360501	0.197732703615638	0.450260725403418	112.091647402475	raw_counts / DESeq2 median-of-ratios (via riborex)	0.056	0.059	0.11	0.301	11.899	12.603	6.338	13.295	11.899	12.603	6.338	13.295
MM_RS14425	0.788287791091106	0.19735896689741	0.450260725403418	107.651744011429	raw_counts / DESeq2 median-of-ratios (via riborex)	1.874	3.217	14.626	43.31	398.238	685.968	872.626	1946.328	398.238	685.968	872.626	1946.328
MM_RS12450	0.764921392584594	0.19830202820196	0.450858117799434	172.216453805673	raw_counts / DESeq2 median-of-ratios (via riborex)	0.372	0.503	1.834	5.344	78.653	106.864	109.443	240.997	78.653	106.864	109.443	240.997
MM_RS03665	0.897835983326943	0.199038137642665	0.452140267689999	89.7870684982634	raw_counts / DESeq2 median-of-ratios (via riborex)	0.108	0.117	0.321	0.938	23.164	24.855	18.619	43.502	23.164	24.855	18.619	43.502
MM_RS11140	-0.756209818288434	0.199544934605233	0.452899739216371	321.153478440137	raw_counts / DESeq2 median-of-ratios (via riborex)	0.391	0.295	8.015	7.848	83.593	62.893	470.883	346.442	83.593	62.893	470.883	346.442
MM_RS01460	-1.01378566587826	0.20046899951173	0.454604138789121	707.255097339275	raw_counts / DESeq2 median-of-ratios (via riborex)	0.313	0.206	1.747	1.744	66.768	43.773	109.953	75.103	66.768	43.773	109.953	75.103
MM_RS01155	1.57087515465076	0.200775422580297	0.45473454990657	80.5269761745718	raw_counts / DESeq2 median-of-ratios (via riborex)	1.053	3.29	0.932	3.986	228.801	720.795	52.375	182.752	228.801	720.795	52.375	182.752
MM_RS18880	-1.24274686080977	0.201046006261054	0.45473454990657	69.6417684353471	raw_counts / DESeq2 median-of-ratios (via riborex)	3.467	2.639	26.134	22.403	745.108	557.093	1656.888	998.96	745.108	557.093	1656.888	998.96
MM_RS00560	-0.636756135471273	0.20088942790092	0.45473454990657	359.326415064582	raw_counts / DESeq2 median-of-ratios (via riborex)	0.401	0.305	1.852	1.924	85.263	65.615	108.256	87.137	85.263	65.615	108.256	87.137
MM_RS03525	-0.878515727115258	0.201467794900931	0.455296410851846	922.396652420323	raw_counts / DESeq2 median-of-ratios (via riborex)	0.502	0.493	8.395	8.145	105.737	106.295	507.426	366.98	105.737	106.295	507.426	366.98
MM_RS05565	-0.840089236018692	0.201726807963797	0.455489765875263	297.122532476392	raw_counts / DESeq2 median-of-ratios (via riborex)	1.066	0.778	13.227	12.755	228.419	164.885	791.647	581.812	228.419	164.885	791.647	581.812
MM_RS18900	1.62079172855614	0.202670761670316	0.457228024180627	1047.37111239486	raw_counts / DESeq2 median-of-ratios (via riborex)	12.724	29.404	282.453	1175.527	2634.892	6181.827	15624.814	53564.781	2634.892	6181.827	15624.814	53564.781
MM_RS07750	-0.878508267588899	0.203583341242231	0.458892578628411	12337.3877639658	raw_counts / DESeq2 median-of-ratios (via riborex)	3621.309	3326.557	35728.387	35356.404	776626.951	710958.36	2176535.838	1606780.635	776626.951	710958.36	2176535.838	1606780.635
MM_RS06975	-0.910436118071617	0.203783792398575	0.458950462125779	296.962480294433	raw_counts / DESeq2 median-of-ratios (via riborex)	0.229	0.073	0.718	0.592	48.35	15.824	41.167	25.656	48.35	15.824	41.167	25.656
MM_RS14090	-0.680318530363981	0.204553248995083	0.460288630557917	709.820967043758	raw_counts / DESeq2 median-of-ratios (via riborex)	0.234	0.148	1.576	1.568	49.839	31.573	91.365	68.63	49.839	31.573	91.365	68.63
MM_RS14190	-0.927956625621908	0.205861131418558	0.462835043754395	81.6341646837183	raw_counts / DESeq2 median-of-ratios (via riborex)	0.036	0.033	0.709	0.615	7.697	7.061	41.703	27.692	7.697	7.061	41.703	27.692
MM_RS14895	1.08748768000288	0.206088715025532	0.462950355566336	52.0978921640475	raw_counts / DESeq2 median-of-ratios (via riborex)	0.152	0.133	0.639	2.294	32.651	28.577	37.848	101.692	32.651	28.577	37.848	101.692
MM_RS16815	-1.18373559485809	0.206416455674922	0.463290267181492	82.6270164805593	raw_counts / DESeq2 median-of-ratios (via riborex)	0.052	0.042	2.353	1.606	11.253	8.909	135.139	70.364	11.253	8.909	135.139	70.364
MM_RS15895	-0.873926419589877	0.206807143530881	0.463770759105118	204.624737509197	raw_counts / DESeq2 median-of-ratios (via riborex)	0.1	0.095	1.49	1.505	21.085	20.345	91.523	68.775	21.085	20.345	91.523	68.775
MM_RS13420	-0.760054611443518	0.208472935853455	0.467107448422502	1135.46764492416	raw_counts / DESeq2 median-of-ratios (via riborex)	0.272	0.151	0.874	0.941	58.08	32.267	53.111	41.453	58.08	32.267	53.111	41.453
MM_RS07185	0.810732716478425	0.209400269022662	0.468785256993614	220.937302335013	raw_counts / DESeq2 median-of-ratios (via riborex)	0.366	0.346	2.583	7.697	77.756	74.038	154.239	361.373	77.756	74.038	154.239	361.373
MM_RS03190	0.661050521656186	0.209614595498388	0.468865355859255	351.37998228909	raw_counts / DESeq2 median-of-ratios (via riborex)	1.088	1.536	2.784	6.972	232.102	329.482	161.564	315.664	232.102	329.482	161.564	315.664
MM_RS04180	-0.976784305187392	0.210115933680943	0.469586759018006	5383.71631434766	raw_counts / DESeq2 median-of-ratios (via riborex)	2734.298	3688.148	6749.982	5335.211	588904.487	775527.693	388905.783	236556.219	588904.487	775527.693	388905.783	236556.219
MM_RS08300	0.99280412880759	0.213572532136321	0.476906011386035	76.1695398533045	raw_counts / DESeq2 median-of-ratios (via riborex)	0.148	0.264	0.367	1.186	31.729	55.955	21.298	50.783	31.729	55.955	21.298	50.783
MM_RS04335	0.977080569656139	0.213984798556123	0.477015348903548	286.569570415599	raw_counts / DESeq2 median-of-ratios (via riborex)	1.451	2.041	4.772	14.743	304.655	433.244	275.131	642.77	304.655	433.244	275.131	642.77
MM_RS02145	-0.955085549422009	0.213866176038671	0.477015348903548	482.007088684951	raw_counts / DESeq2 median-of-ratios (via riborex)	0.502	0.291	1.998	1.642	108.018	62.67	115.846	72.41	108.018	62.67	115.846	72.41
MM_RS14430	-0.852512113760825	0.214639315875991	0.47769890927477	896.681339703754	raw_counts / DESeq2 median-of-ratios (via riborex)	0.378	0.356	12.767	13.286	79.852	75.669	786.284	598.075	79.852	75.669	786.284	598.075
MM_RS03095	-0.768168003604476	0.214655260070156	0.47769890927477	160.963868927861	raw_counts / DESeq2 median-of-ratios (via riborex)	0.252	0.158	1.563	1.437	53.385	33.762	90.51	65.658	53.385	33.762	90.51	65.658
MM_RS01890	0.966948471000509	0.214856991788623	0.477742980894939	88.2580677470778	raw_counts / DESeq2 median-of-ratios (via riborex)	0.057	0.076	0.315	1.072	12.2	16.233	18.93	48.453	12.2	16.233	18.93	48.453
MM_RS07930	0.912325412931611	0.215091565719262	0.477859942114029	95.3598117336033	raw_counts / DESeq2 median-of-ratios (via riborex)	0.172	0.31	1.108	3.535	36.168	66.581	65.914	159.882	36.168	66.581	65.914	159.882
MM_RS01225	-0.920589879045573	0.216963913554801	0.481612203715052	1098.98025335862	raw_counts / DESeq2 median-of-ratios (via riborex)	458.798	571.681	1871.124	1848.153	97288.059	121826.919	115688.226	87590.282	97288.059	121826.919	115688.226	87590.282
MM_RS05325	1.30031007548291	0.21773194577596	0.482908859465938	53.2054543873781	raw_counts / DESeq2 median-of-ratios (via riborex)	0.029	0.047	0.352	1.202	6.098	9.75	19.564	54.586	6.098	9.75	19.564	54.586
MM_RS06830	-0.996530947823205	0.217998948689738	0.483093028910761	95.8413962812026	raw_counts / DESeq2 median-of-ratios (via riborex)	0.078	0.044	0.648	0.461	16.426	9.38	36.207	20.393	16.426	9.38	36.207	20.393
MM_RS05165	-0.787028944911827	0.218232201062149	0.483202158506917	260.520203726943	raw_counts / DESeq2 median-of-ratios (via riborex)	0.588	0.732	3.196	3.294	125.282	160.138	192.013	142.334	125.282	160.138	192.013	142.334
MM_RS03750	-0.651658075720174	0.21893490920451	0.484349681188748	642.71307716806	raw_counts / DESeq2 median-of-ratios (via riborex)	0.862	0.561	5.743	6.282	182.648	121.59	342.427	281.083	182.648	121.59	342.427	281.083
MM_RS16745	-1.01397796698243	0.219472079590108	0.485129361114162	55.7611419508922	raw_counts / DESeq2 median-of-ratios (via riborex)	0.025	0.014	0.699	0.573	5.471	2.972	41.019	25.233	5.471	2.972	41.019	25.233
MM_RS14145	1.1875985401935	0.219966924927794	0.485814251354405	59.3863334503657	raw_counts / DESeq2 median-of-ratios (via riborex)	0.132	0.175	0.442	1.471	27.773	38.39	24.837	64.276	27.773	38.39	24.837	64.276
MM_RS09620	-1.10319917380359	0.220798891516669	0.487241923632583	150.267344606646	raw_counts / DESeq2 median-of-ratios (via riborex)	0.257	0.132	0.71	0.651	55.174	28.07	44.13	27.534	55.174	28.07	44.13	27.534
MM_RS05145	-1.19291040448903	0.221130360823531	0.487563667105452	70.7898527990601	raw_counts / DESeq2 median-of-ratios (via riborex)	0.273	0.124	2.6	2.39	58.192	26.694	168.005	110.028	58.192	26.694	168.005	110.028
MM_RS09610	-1.39728377266476	0.221564292675975	0.488082723535445	70.2766373307037	raw_counts / DESeq2 median-of-ratios (via riborex)	0.166	0.041	0.652	0.5	35.983	8.557	41.059	21.735	35.983	8.557	41.059	21.735
MM_RS01020	-0.748519477650736	0.221923370868744	0.488082723535445	354.261919267142	raw_counts / DESeq2 median-of-ratios (via riborex)	0.102	0.101	1.496	1.595	21.752	21.281	90.471	71.206	21.752	21.281	90.471	71.206
MM_RS01650	-0.628372343825504	0.221808089670938	0.488082723535445	761.924471553572	raw_counts / DESeq2 median-of-ratios (via riborex)	0.602	0.947	6.556	7.07	128.464	203.039	386.74	315.89	128.464	203.039	386.74	315.89
MM_RS08770	-1.17843237252799	0.222241721132507	0.488373857484488	1566.62804226393	raw_counts / DESeq2 median-of-ratios (via riborex)	2.674	1.722	24.01	23.057	574.136	357.029	1565.165	1047.821	574.136	357.029	1565.165	1047.821
MM_RS10580	0.87290039304238	0.223751450066892	0.490505801258927	1738.29752752065	raw_counts / DESeq2 median-of-ratios (via riborex)	5.697	3.786	21.957	58.238	1218.385	809.599	1234.903	2536.193	1218.385	809.599	1234.903	2536.193
MM_RS06360	0.851805054959744	0.223854478447042	0.490505801258927	67.8862651168947	raw_counts / DESeq2 median-of-ratios (via riborex)	0.103	0.147	0.473	1.315	21.933	31.212	27.023	58.323	21.933	31.212	27.023	58.323
MM_RS01520	-0.72475026059796	0.223835771320967	0.490505801258927	327.575880612648	raw_counts / DESeq2 median-of-ratios (via riborex)	0.079	0.034	0.737	0.774	16.763	7.461	44.006	33.971	16.763	7.461	44.006	33.971
MM_RS04515	-0.702905901165558	0.22395904634785	0.490505801258927	275.632015038254	raw_counts / DESeq2 median-of-ratios (via riborex)	0.155	0.117	1.034	1.128	32.998	25.017	62.338	50.151	32.998	25.017	62.338	50.151
MM_RS06320	0.985890890160448	0.224213077772424	0.490652951858655	2843.71286084885	raw_counts / DESeq2 median-of-ratios (via riborex)	17.852	16.877	89.171	328.265	3745.662	3629.523	5460.897	14538.977	3745.662	3629.523	5460.897	14538.977
MM_RS18260	-1.33169701183529	0.226033223103671	0.491952254012752	220.731912523123	raw_counts / DESeq2 median-of-ratios (via riborex)	5.451	2.251	110.933	72.259	1134.456	479.767	6558.448	3478.581	1134.456	479.767	6558.448	3478.581
MM_RS14490	1.02800691215568	0.226283334186159	0.491952254012752	57.0406584549124	raw_counts / DESeq2 median-of-ratios (via riborex)	0.042	0.064	0.998	3.318	8.731	13.613	58.445	148.931	8.731	13.613	58.445	148.931
MM_RS04760	-0.915517048623908	0.225925036326686	0.491952254012752	228.173489882394	raw_counts / DESeq2 median-of-ratios (via riborex)	0.385	0.276	6.421	6.726	81.635	59.061	402.27	297.683	81.635	59.061	402.27	297.683
MM_RS11555	0.876620015888159	0.225597615121411	0.491952254012752	70.7311046939863	raw_counts / DESeq2 median-of-ratios (via riborex)	0.086	0.074	0.525	1.648	18.327	16.023	31.435	76.58	18.327	16.023	31.435	76.58
MM_RS05010	0.849705517601497	0.22506082541379	0.491952254012752	97.9437222083685	raw_counts / DESeq2 median-of-ratios (via riborex)	0.38	0.401	4.046	11.828	80.548	85.914	235.424	511.24	80.548	85.914	235.424	511.24
MM_RS04890	-0.73749304169174	0.225872560606535	0.491952254012752	2349.17709348685	raw_counts / DESeq2 median-of-ratios (via riborex)	769.539	1124.888	4906.408	5401.056	164171.546	236706.567	299882.884	245516.006	164171.546	236706.567	299882.884	245516.006
MM_RS10170	0.643570246958998	0.225272720560317	0.491952254012752	489.78466696306	raw_counts / DESeq2 median-of-ratios (via riborex)	0.592	0.667	1.72	4.262	126.39	142.318	99.916	193.087	126.39	142.318	99.916	193.087
MM_RS09485	0.621819373435468	0.226305530406475	0.491952254012752	357.713295542749	raw_counts / DESeq2 median-of-ratios (via riborex)	0.413	0.742	2.252	5.553	87.875	156.571	131.407	253.819	87.875	156.571	131.407	253.819
MM_RS15045	1.00576030014632	0.226889401521782	0.492531293339302	142.485180701048	raw_counts / DESeq2 median-of-ratios (via riborex)	0.279	0.369	0.576	2.072	58.639	79.053	34.789	90.788	58.639	79.053	34.789	90.788
MM_RS14780	-0.901042470502723	0.227095514817074	0.492531293339302	100.307105459154	raw_counts / DESeq2 median-of-ratios (via riborex)	0.069	0.078	2.705	2.558	14.637	16.371	163.357	117.037	14.637	16.371	163.357	117.037
MM_RS01500	0.796881836746735	0.227240581078063	0.492531293339302	88.2066643063236	raw_counts / DESeq2 median-of-ratios (via riborex)	0.074	0.087	1.31	3.695	15.784	18.325	76.548	164.747	15.784	18.325	76.548	164.747
MM_RS06275	0.77100066341585	0.22732213538737	0.492531293339302	385.352343152427	raw_counts / DESeq2 median-of-ratios (via riborex)	0.999	1.145	6.04	18.367	211.339	250.62	363.938	802.054	211.339	250.62	363.938	802.054
MM_RS11450	-0.602313501482716	0.227591417872636	0.492708213795171	687.200750919898	raw_counts / DESeq2 median-of-ratios (via riborex)	0.28	0.207	2.268	2.483	59.785	44.799	133.638	110.913	59.785	44.799	133.638	110.913
MM_RS09705	0.919202077091823	0.228508305275036	0.494285675166594	80.33349841296	raw_counts / DESeq2 median-of-ratios (via riborex)	0.269	0.42	1.679	5.848	57.553	88.225	103.145	266.024	57.553	88.225	103.145	266.024
MM_RS10415	0.975435282405978	0.229439387837329	0.495891220132368	89.676725851374	raw_counts / DESeq2 median-of-ratios (via riborex)	0.148	0.453	1.053	2.902	31.491	95.289	58.561	129.189	31.491	95.289	58.561	129.189
MM_RS06480	-0.88748794349201	0.229724034820472	0.496098121248815	470.673143921659	raw_counts / DESeq2 median-of-ratios (via riborex)	0.499	0.195	3.153	3.391	106.115	42.626	197.879	149.065	106.115	42.626	197.879	149.065
MM_RS07445	-0.750433137607247	0.230307052153152	0.496948495443039	296.318847244596	raw_counts / DESeq2 median-of-ratios (via riborex)	0.558	0.397	9.469	8.518	118.054	84.176	542.084	388.107	118.054	84.176	542.084	388.107
MM_RS16905	1.00824652842402	0.230617335635108	0.497209460901308	56.3060084115306	raw_counts / DESeq2 median-of-ratios (via riborex)	0.026	0.018	0.078	0.251	5.603	3.748	4.536	11.1	5.603	3.748	4.536	11.1
MM_RS15100	0.695473559170822	0.231406347228501	0.49850128615426	152.332968657582	raw_counts / DESeq2 median-of-ratios (via riborex)	0.075	0.095	0.585	1.635	15.926	20.455	35.002	73.658	15.926	20.455	35.002	73.658
MM_RS17340	1.02853237845173	0.232172225499428	0.49922554721497	71.5369910403215	raw_counts / DESeq2 median-of-ratios (via riborex)	0.081	0.111	0.6	1.771	17.033	23.591	33.829	80.913	17.033	23.591	33.829	80.913
MM_RS09280	-0.644424854922467	0.232312878406966	0.49922554721497	485.188765007182	raw_counts / DESeq2 median-of-ratios (via riborex)	0.43	0.475	7.011	7.826	91.516	101.023	420.787	354.168	91.516	101.023	420.787	354.168
MM_RS02445	0.641548250578756	0.232175417865607	0.49922554721497	172.188558895795	raw_counts / DESeq2 median-of-ratios (via riborex)	0.391	0.791	1.19	2.993	83.24	170.127	69.431	134.378	83.24	170.127	69.431	134.378
MM_RS15105	-0.707621795263676	0.233714999698769	0.501827955199483	644.696995726143	raw_counts / DESeq2 median-of-ratios (via riborex)	0.365	0.346	7.307	7.909	77.23	72.622	440.503	357.689	77.23	72.622	440.503	357.689
MM_RS08775	-1.13547660129245	0.23522358023186	0.503397941378935	640.823489248596	raw_counts / DESeq2 median-of-ratios (via riborex)	1.146	0.828	1.501	1.311	247.39	173.129	93.481	60.414	247.39	173.129	93.481	60.414
MM_RS17180	-1.04752018917523	0.235121007789604	0.503397941378935	270.127237613426	raw_counts / DESeq2 median-of-ratios (via riborex)	0.32	0.399	3.216	3.32	67.81	83.06	207.859	148.586	67.81	83.06	207.859	148.586
MM_RS09065	1.01623504928148	0.234829970401086	0.503397941378935	165.480885931149	raw_counts / DESeq2 median-of-ratios (via riborex)	0.943	0.742	4.553	15.855	197.466	161.746	271.319	700.049	197.466	161.746	271.319	700.049
MM_RS00360	-0.849485424904974	0.235549541923542	0.503397941378935	89.3655371352368	raw_counts / DESeq2 median-of-ratios (via riborex)	0.126	0.076	1.804	1.496	26.74	16.222	103.052	69.238	26.74	16.222	103.052	69.238
MM_RS03755	0.831755084601758	0.235596370889075	0.503397941378935	56.9828542157136	raw_counts / DESeq2 median-of-ratios (via riborex)	0.25	0.259	1.787	5.005	53.204	56.123	103.425	227.304	53.204	56.123	103.425	227.304
MM_RS15240	-0.760614310580703	0.235263963515025	0.503397941378935	87.7961382974889	raw_counts / DESeq2 median-of-ratios (via riborex)	0.056	0.042	0.5	0.497	11.872	8.768	29.729	22.78	11.872	8.768	29.729	22.78
MM_RS08205	-0.58132874534563	0.235976728228324	0.503800722217545	1320.41567766775	raw_counts / DESeq2 median-of-ratios (via riborex)	0.373	0.294	5.321	5.844	79.615	62.083	312.676	263.604	79.615	62.083	312.676	263.604
MM_RS08000	-0.828928366045373	0.236349588388712	0.503815341888469	407.53971552235	raw_counts / DESeq2 median-of-ratios (via riborex)	0.148	0.185	2.246	2.416	31.288	40.12	138.734	105.436	31.288	40.12	138.734	105.436
MM_RS16925	-0.825884787229066	0.236367289111422	0.503815341888469	53.0673285062918	raw_counts / DESeq2 median-of-ratios (via riborex)	0.179	0.093	0.915	0.839	38.171	20.114	53.651	37.931	38.171	20.114	53.651	37.931
MM_RS15130	-0.82832077397518	0.23700742608445	0.504770073720816	110.042573934137	raw_counts / DESeq2 median-of-ratios (via riborex)	0.182	0.124	2.552	2.65	38.821	27.046	155.913	117.377	38.821	27.046	155.913	117.377
MM_RS13280	1.09263416498985	0.237426679758238	0.504866022264413	64.1949214142061	raw_counts / DESeq2 median-of-ratios (via riborex)	0.047	0.092	0.406	1.459	10.075	19.381	23.872	61.564	10.075	19.381	23.872	61.564
MM_RS09265	1.02432400653736	0.238013760686726	0.504866022264413	55.0483907380436	raw_counts / DESeq2 median-of-ratios (via riborex)	0.046	0.066	0.231	0.75	9.841	13.946	13.335	31.913	9.841	13.946	13.335	31.913
MM_RS14050	-0.812356630478473	0.237548220210206	0.504866022264413	97.31488658232	raw_counts / DESeq2 median-of-ratios (via riborex)	0.199	0.111	3.022	2.86	42.55	23.454	178.51	130.011	42.55	23.454	178.51	130.011
MM_RS12980	-0.789888481646514	0.237822583254758	0.504866022264413	698.446973834421	raw_counts / DESeq2 median-of-ratios (via riborex)	0.565	0.334	5.361	4.425	119.689	71.411	301.564	203.436	119.689	71.411	301.564	203.436
MM_RS15440	-0.69670759806131	0.237928040547755	0.504866022264413	575.753391854904	raw_counts / DESeq2 median-of-ratios (via riborex)	1.807	0.873	3.215	3.299	386.76	184.409	189.372	146.66	386.76	184.409	189.372	146.66
MM_RS08460	0.977221249649557	0.240511507513716	0.50770355203458	119.207160270704	raw_counts / DESeq2 median-of-ratios (via riborex)	0.418	0.557	1.965	5.913	87.876	117.478	113.242	279.496	87.876	117.478	113.242	279.496
MM_RS02200	0.949061828902041	0.240192032039515	0.50770355203458	123.346326554275	raw_counts / DESeq2 median-of-ratios (via riborex)	1.3	1.329	0.635	2.273	274.01	282.631	39.378	102.584	274.01	282.631	39.378	102.584
MM_RS14935	0.820329642412868	0.240031182275416	0.50770355203458	77.6222292593569	raw_counts / DESeq2 median-of-ratios (via riborex)	0.112	0.084	0.243	0.714	23.594	17.96	14.277	31.468	23.594	17.96	14.277	31.468
MM_RS17085	-0.744347459943141	0.240332846525782	0.50770355203458	404.725901745242	raw_counts / DESeq2 median-of-ratios (via riborex)	0.797	0.633	7.893	8.01	168.07	134.059	469.056	359.761	168.07	134.059	469.056	359.761
MM_RS07560	0.741735089171975	0.240067609459523	0.50770355203458	338.520714521536	raw_counts / DESeq2 median-of-ratios (via riborex)	0.269	0.392	0.275	0.7	57.464	87.537	15.686	31.106	57.464	87.537	15.686	31.106
MM_RS01825	-0.688965172012738	0.240193520750923	0.50770355203458	323.147380555121	raw_counts / DESeq2 median-of-ratios (via riborex)	0.107	0.138	3.716	3.959	22.833	29.297	222.239	182.216	22.833	29.297	222.239	182.216
MM_RS14100	1.29875995689977	0.241675978582762	0.508526538267896	65.1799324742922	raw_counts / DESeq2 median-of-ratios (via riborex)	0.104	0.077	1.007	4.288	21.565	16.783	60.157	189.814	21.565	16.783	60.157	189.814
MM_RS10785	0.873307047099333	0.241290753756023	0.508526538267896	65.9076683457209	raw_counts / DESeq2 median-of-ratios (via riborex)	0.088	0.097	0.49	1.491	18.591	20.744	29.108	69.881	18.591	20.744	29.108	69.881
MM_RS16790	-0.849782612648657	0.241278768152485	0.508526538267896	525.470839563898	raw_counts / DESeq2 median-of-ratios (via riborex)	0.518	0.595	6.393	4.969	109.627	125.717	357.383	227.038	109.627	125.717	357.383	227.038
MM_RS07265	-0.717180226414869	0.241560947724425	0.508526538267896	553.242014511752	raw_counts / DESeq2 median-of-ratios (via riborex)	1.056	0.92	5.788	5.873	223.098	197.887	340.734	256.988	223.098	197.887	340.734	256.988
MM_RS10215	0.682191540523548	0.241919963057858	0.508632364283375	156.541922573389	raw_counts / DESeq2 median-of-ratios (via riborex)	0.5	0.406	1.389	3.438	106.357	86.719	79.948	156.671	106.357	86.719	79.948	156.671
MM_RS14750	0.737492593386421	0.242260338156144	0.508940518398427	161.508342209129	raw_counts / DESeq2 median-of-ratios (via riborex)	0.165	0.106	0.58	1.459	35.153	22.426	32.997	64.56	35.153	22.426	32.997	64.56
MM_RS11400	-0.884930688082029	0.242507767420486	0.509053075336687	192.863514725081	raw_counts / DESeq2 median-of-ratios (via riborex)	0.367	0.131	3.721	3.361	78.939	28.82	219.242	148.496	78.939	28.82	219.242	148.496
MM_RS06070	-1.40136077884517	0.24417371401784	0.509309453345882	119.633831613665	raw_counts / DESeq2 median-of-ratios (via riborex)	0.635	0.441	9.393	7.055	137.873	93.83	589.625	313.149	137.873	93.83	589.625	313.149
MM_RS13190	-1.03289483323587	0.243278656158446	0.509309453345882	104.863388615431	raw_counts / DESeq2 median-of-ratios (via riborex)	0.085	0.04	2.268	1.729	18.212	8.519	130.093	73.538	18.212	8.519	130.093	73.538
MM_RS12445	0.978074180239346	0.245345186017723	0.509309453345882	209.977390561479	raw_counts / DESeq2 median-of-ratios (via riborex)	0.424	0.535	2.584	7.879	88.88	116.97	148.458	346.759	88.88	116.97	148.458	346.759
MM_RS08470	0.917263057094296	0.244808121314241	0.509309453345882	128.313792420122	raw_counts / DESeq2 median-of-ratios (via riborex)	0.319	0.636	0.636	2.335	68.231	135.653	39.822	105.084	68.231	135.653	39.822	105.084
MM_RS03385	0.799313644434323	0.24346036587265	0.509309453345882	477.156771095954	raw_counts / DESeq2 median-of-ratios (via riborex)	0.636	1.114	1.167	3.425	134.106	242.303	68.939	149.066	134.106	242.303	68.939	149.066
MM_RS05635	0.797866755605708	0.244156041891274	0.509309453345882	306.905524072417	raw_counts / DESeq2 median-of-ratios (via riborex)	1.253	1.61	4.033	13.121	267.259	346.941	248.934	604.032	267.259	346.941	248.934	604.032
MM_RS07510	0.794300125504921	0.244617516161177	0.509309453345882	729.94131557428	raw_counts / DESeq2 median-of-ratios (via riborex)	3.925	6.456	2.912	8.021	840.103	1360.99	170.071	378.677	840.103	1360.99	170.071	378.677
MM_RS17140	-0.751974793508986	0.245276539300652	0.509309453345882	211.669103090249	raw_counts / DESeq2 median-of-ratios (via riborex)	0.12	0.077	0.668	0.594	25.377	16.374	38.202	27.415	25.377	16.374	38.202	27.415
MM_RS04950	0.749955890979234	0.243611954899184	0.509309453345882	153.222298897423	raw_counts / DESeq2 median-of-ratios (via riborex)	0.189	0.169	1.176	2.956	40.332	35.463	67.079	135.932	40.332	35.463	67.079	135.932
MM_RS16255	0.744488859774685	0.244314334135216	0.509309453345882	84.6126565819004	raw_counts / DESeq2 median-of-ratios (via riborex)	0.124	0.112	0.356	0.925	26.486	23.815	20.459	41.409	26.486	23.815	20.459	41.409
MM_RS01640	-0.704036036449527	0.244063936780072	0.509309453345882	917.759979109627	raw_counts / DESeq2 median-of-ratios (via riborex)	0.299	0.341	5.687	6.392	63.676	72.883	346.205	281.5	63.676	72.883	346.205	281.5
MM_RS13565	-0.655715455376857	0.243776034100277	0.509309453345882	1011.27210346565	raw_counts / DESeq2 median-of-ratios (via riborex)	0.864	0.757	18.693	20.872	183.194	159.111	1125.778	951.739	183.194	159.111	1125.778	951.739
MM_RS11940	-0.646069741397023	0.245301358074089	0.509309453345882	584.488965026409	raw_counts / DESeq2 median-of-ratios (via riborex)	0.415	0.368	4.97	5.16	87.637	78.731	290.978	232.889	87.637	78.731	290.978	232.889
MM_RS08625	-0.615981431614419	0.244537623572422	0.509309453345882	237.7335008631	raw_counts / DESeq2 median-of-ratios (via riborex)	0.085	0.045	0.729	0.761	17.953	9.742	42.393	33.957	17.953	9.742	42.393	33.957
MM_RS04090	-1.13664514004453	0.24587629814687	0.510008814323601	1794.64406503625	raw_counts / DESeq2 median-of-ratios (via riborex)	2.578	1.322	9.075	7.886	557.261	278.386	560.009	341.265	557.261	278.386	560.009	341.265
MM_RS14035	0.751451400218576	0.247077210188969	0.512095306989923	211.08304980769	raw_counts / DESeq2 median-of-ratios (via riborex)	1.113	1.687	9.129	24.472	234.736	364.008	531.394	1116.707	234.736	364.008	531.394	1116.707
MM_RS06330	0.795155505648693	0.24768816541058	0.512956721110555	834.462099560201	raw_counts / DESeq2 median-of-ratios (via riborex)	2.095	3.595	31.338	101.411	448.416	763.165	1925.083	4568.841	448.416	763.165	1925.083	4568.841
MM_RS04740	0.740492389477288	0.247944959552932	0.51308389581245	291.773803996035	raw_counts / DESeq2 median-of-ratios (via riborex)	0.366	0.468	2.428	6.883	77.287	100.316	143.846	301.715	77.287	100.316	143.846	301.715
MM_RS00465	0.891592378193301	0.248971668237978	0.514802835270023	230.604893238732	raw_counts / DESeq2 median-of-ratios (via riborex)	0.164	0.334	1.194	4.153	35.233	70.734	73.376	183.644	35.233	70.734	73.376	183.644
MM_RS08885	-0.88141274874484	0.24998545524407	0.514850908197117	282.513631163348	raw_counts / DESeq2 median-of-ratios (via riborex)	0.144	0.071	0.88	0.825	30.284	15.289	52.382	35.887	30.284	15.289	52.382	35.887
MM_RS09750	-0.84624338342511	0.24994474119227	0.514850908197117	182.476136002557	raw_counts / DESeq2 median-of-ratios (via riborex)	0.156	0.155	1.526	1.492	32.722	32.964	91.71	66.813	32.722	32.964	91.71	66.813
MM_RS19345	-0.791242359063418	0.250171271462118	0.514850908197117	59.4100558194503	raw_counts / DESeq2 median-of-ratios (via riborex)	0.167	0.1	0.724	0.688	35.663	21.884	42.736	31.486	35.663	21.884	42.736	31.486
MM_RS05055	0.778998302827241	0.249982120982742	0.514850908197117	154.962798282124	raw_counts / DESeq2 median-of-ratios (via riborex)	0.238	0.24	0.833	2.199	50.344	52.271	47.662	96.25	50.344	52.271	47.662	96.25
MM_RS07365	0.762310571349634	0.250115524776239	0.514850908197117	251.056766327175	raw_counts / DESeq2 median-of-ratios (via riborex)	0.35	0.718	6.464	17.129	73.856	152.48	373.255	769.026	73.856	152.48	373.255	769.026
MM_RS13605	-0.760208044744435	0.249702499129999	0.514850908197117	122.626468852098	raw_counts / DESeq2 median-of-ratios (via riborex)	0.059	0.021	0.461	0.458	12.549	4.488	27.128	19.833	12.549	4.488	27.128	19.833
MM_RS00780	-1.03595862990168	0.252486054397966	0.518946653496085	1783.01018105797	raw_counts / DESeq2 median-of-ratios (via riborex)	875.401	1070.935	1198.488	1272.775	186783.996	227653.244	78165.08	57654.568	186783.996	227653.244	78165.08	57654.568
MM_RS03325	-0.806292900251714	0.252754291630424	0.518946653496085	221.566483663154	raw_counts / DESeq2 median-of-ratios (via riborex)	0.448	0.374	5.727	6.037	95.59	79.107	351.911	280.553	95.59	79.107	351.911	280.553
MM_RS03660	0.74702799072769	0.252587434881256	0.518946653496085	102.936061898474	raw_counts / DESeq2 median-of-ratios (via riborex)	0.056	0.065	0.263	0.696	11.984	13.858	15.162	30.635	11.984	13.858	15.162	30.635
MM_RS00790	-1.09853046774763	0.253251876303095	0.519562052478067	153.889834025035	raw_counts / DESeq2 median-of-ratios (via riborex)	0.1	0.153	3.42	3.462	21.196	32.552	222.457	154.894	21.196	32.552	222.457	154.894
MM_RS12560	-0.857806812364175	0.254470960181281	0.520436714514052	343.804955321203	raw_counts / DESeq2 median-of-ratios (via riborex)	0.743	0.261	4.586	4.99	157.235	56.203	287.357	222.46	157.235	56.203	287.357	222.46
MM_RS14495	-0.757893699317456	0.254049770321042	0.520436714514052	464.965585903391	raw_counts / DESeq2 median-of-ratios (via riborex)	0.693	0.346	2.788	2.534	148.063	73.078	160.998	119.506	148.063	73.078	160.998	119.506
MM_RS02265	0.730492646025601	0.254331660705064	0.520436714514052	202.837360726786	raw_counts / DESeq2 median-of-ratios (via riborex)	0.144	0.152	0.443	1.353	30.584	32.681	27.078	59.971	30.584	32.681	27.078	59.971
MM_RS15320	-0.69609365927061	0.254353164695966	0.520436714514052	1325.85441881786	raw_counts / DESeq2 median-of-ratios (via riborex)	690.923	906.236	1150.683	1235.723	146976.567	192952.656	69271.249	57898.031	146976.567	192952.656	69271.249	57898.031
MM_RS17520	-0.806962030365806	0.256762365237168	0.524714374406851	152.883615053891	raw_counts / DESeq2 median-of-ratios (via riborex)	0.137	0.054	1.466	1.324	28.806	11.82	85.055	60.067	28.806	11.82	85.055	60.067
MM_RS19185	-1.14700356314202	0.257038355872679	0.524739163404566	1811.98408830079	raw_counts / DESeq2 median-of-ratios (via riborex)	5.147	5.036	96.068	56.577	1102.732	1050.729	5286.914	2757.478	1102.732	1050.729	5286.914	2757.478
MM_RS10900	-0.771510562156595	0.257174144440852	0.524739163404566	153.115245451186	raw_counts / DESeq2 median-of-ratios (via riborex)	0.2	0.17	3.419	3.62	42.779	36.461	207.317	160.422	42.779	36.461	207.317	160.422
MM_RS06640	0.845055187103608	0.257413894197373	0.524820563790607	61.1050878262263	raw_counts / DESeq2 median-of-ratios (via riborex)	0.163	0.226	1.705	5.458	34.668	48.206	103.129	243.34	34.668	48.206	103.129	243.34
MM_RS12070	0.559776220535152	0.258907507990707	0.527456257551278	663.666076393611	raw_counts / DESeq2 median-of-ratios (via riborex)	0.268	0.288	1.016	2.514	56.95	61.602	60.119	112.875	56.95	61.602	60.119	112.875
MM_RS16420	0.735699088114515	0.259112527077146	0.527464725662469	703.901871698977	raw_counts / DESeq2 median-of-ratios (via riborex)	3.207	4.493	14.458	44.369	678.774	976.008	881.731	1940.337	678.774	976.008	881.731	1940.337
MM_RS10065	-0.812080643086311	0.259885431497789	0.527810628857845	145.143025236392	raw_counts / DESeq2 median-of-ratios (via riborex)	0.392	0.141	0.844	0.826	83.197	30.409	49.792	34.977	83.197	30.409	49.792	34.977
MM_RS01430	-0.703790037182062	0.259691998080505	0.527810628857845	722.564878206838	raw_counts / DESeq2 median-of-ratios (via riborex)	0.333	0.361	4.37	5.004	70.724	76.694	268.605	226.518	70.724	76.694	268.605	226.518
MM_RS15665	-0.616797059669394	0.259563549536929	0.527810628857845	427.354839247692	raw_counts / DESeq2 median-of-ratios (via riborex)	0.159	0.132	2.637	2.965	33.877	27.907	157.727	135.217	33.877	27.907	157.727	135.217
MM_RS08660	1.00822860592682	0.260355403666535	0.528304085136717	49.9719996487541	raw_counts / DESeq2 median-of-ratios (via riborex)	0.081	0.091	0.669	2.092	17.102	19.452	38.343	90.994	17.102	19.452	38.343	90.994
MM_RS00470	-0.76030549784571	0.260530765518678	0.528304085136717	445.085773977833	raw_counts / DESeq2 median-of-ratios (via riborex)	0.386	0.208	1.918	2.086	81.52	44.463	117.241	93.12	81.52	44.463	117.241	93.12
MM_RS01505	-0.616855416081954	0.261045090511596	0.528938586175503	179.606857852556	raw_counts / DESeq2 median-of-ratios (via riborex)	0.072	0.021	0.392	0.403	15.388	4.567	22.7	18.136	15.388	4.567	22.7	18.136
MM_RS10395	-2.57505170323186	0.261432359107894	0.529314861231556	634.556548612703	raw_counts / DESeq2 median-of-ratios (via riborex)	0.254	0.312	21.51	4.302	52.661	64.507	1156.05	213.787	52.661	64.507	1156.05	213.787
MM_RS18995	-3.37091229753755	0.26173580655619	0.529520976900274	56.8784090917976	raw_counts / DESeq2 median-of-ratios (via riborex)	0.316	0.048	4.885	0.526	65.147	10.611	260.652	26.681	65.147	10.611	260.652	26.681
MM_RS01030	0.645232593273269	0.262060451019291	0.529769626156011	143.775587198231	raw_counts / DESeq2 median-of-ratios (via riborex)	0.139	0.219	1.635	4.259	29.664	46.659	96.564	192.002	29.664	46.659	96.564	192.002
MM_RS11955	-1.12105715712242	0.262936583560438	0.529912911860998	469.982165516801	raw_counts / DESeq2 median-of-ratios (via riborex)	0.189	0.121	4.994	4.343	39.392	25.486	308.348	195.679	39.392	25.486	308.348	195.679
MM_RS17375	0.724700927009641	0.262477847770097	0.529912911860998	251.520017125954	raw_counts / DESeq2 median-of-ratios (via riborex)	0.37	0.545	5.804	15.429	79.425	114.727	338.769	698.956	79.425	114.727	338.769	698.956
MM_RS05625	-0.604791176109627	0.262938508817548	0.529912911860998	257.677186069599	raw_counts / DESeq2 median-of-ratios (via riborex)	0.466	0.175	2.436	2.686	99.335	37.312	143.826	119.007	99.335	37.312	143.826	119.007
MM_RS10390	-0.52477410931733	0.262553948103723	0.529912911860998	1091.39142436286	raw_counts / DESeq2 median-of-ratios (via riborex)	0.541	0.314	1.891	2.102	115.031	67.322	110.053	94.418	115.031	67.322	110.053	94.418
MM_RS05820	-0.775937973577148	0.263391332403999	0.530011983825978	122.284190421742	raw_counts / DESeq2 median-of-ratios (via riborex)	0.077	0.059	0.532	0.467	16.425	12.614	30.206	20.377	16.425	12.614	30.206	20.377
MM_RS09085	-0.576828141877528	0.263322031989923	0.530011983825978	261.706701648847	raw_counts / DESeq2 median-of-ratios (via riborex)	0.428	0.217	2.145	2.326	91.004	46.825	125.136	103.64	91.004	46.825	125.136	103.64
MM_RS05335	-0.587976012440633	0.263688323372513	0.530203320961882	697.171078850449	raw_counts / DESeq2 median-of-ratios (via riborex)	1.243	0.673	3.695	4.132	264.916	145.146	218.249	182.055	264.916	145.146	218.249	182.055
MM_RS14730	0.597907827271753	0.263968419589579	0.530360420690309	196.594511720043	raw_counts / DESeq2 median-of-ratios (via riborex)	0.189	0.213	0.36	0.875	40.185	45.763	20.936	39.12	40.185	45.763	20.936	39.12
MM_RS01960	-1.0765248918022	0.264502819102737	0.530461827424436	531.110781612688	raw_counts / DESeq2 median-of-ratios (via riborex)	0.504	0.714	10.485	10.843	106.706	149.191	686.437	504.535	106.706	149.191	686.437	504.535
MM_RS04260	0.768411230718816	0.264624902485153	0.530461827424436	135.461108448494	raw_counts / DESeq2 median-of-ratios (via riborex)	0.223	0.14	0.444	1.16	47.61	29.646	25.577	54.202	47.61	29.646	25.577	54.202
MM_RS11365	0.595724277296002	0.264359911548814	0.530461827424436	629.390532496241	raw_counts / DESeq2 median-of-ratios (via riborex)	0.488	0.341	1.16	2.81	104.13	72.427	67.59	126.98	104.13	72.427	67.59	126.98
MM_RS00675	0.813313785375289	0.265134254230848	0.531077461182461	71.2752136150005	raw_counts / DESeq2 median-of-ratios (via riborex)	0.199	0.188	1.208	3.426	42.269	39.932	70.957	161.085	42.269	39.932	70.957	161.085
MM_RS04310	1.5454855915333	0.265642176391581	0.531689295125222	1566.53157778467	raw_counts / DESeq2 median-of-ratios (via riborex)	2.174	4.345	2.532	16.708	473.344	928.495	167.03	731.843	473.344	928.495	167.03	731.843
MM_RS09460	-0.942685987109177	0.267066913321443	0.533039747827357	463.640176557216	raw_counts / DESeq2 median-of-ratios (via riborex)	1.548	1.962	45.442	49.605	329.889	421.241	2909.239	2170.76	329.889	421.241	2909.239	2170.76
MM_RS15335	0.888548841031921	0.267128830213558	0.533039747827357	201.5499762154	raw_counts / DESeq2 median-of-ratios (via riborex)	0.299	0.676	5.017	13.656	62.854	145.734	284.388	620.428	62.854	145.734	284.388	620.428
MM_RS14440	-0.677698580605814	0.266738985776669	0.533039747827357	164.561564586969	raw_counts / DESeq2 median-of-ratios (via riborex)	0.216	0.209	2.053	2.132	45.791	44.301	120.645	93.597	45.791	44.301	120.645	93.597
MM_RS15750	-0.629201748605773	0.266840440310304	0.533039747827357	181.855634983797	raw_counts / DESeq2 median-of-ratios (via riborex)	0.162	0.126	1.607	1.738	34.541	26.879	94.942	77.76	34.541	26.879	94.942	77.76
MM_RS10770	0.708922282281826	0.267745210405229	0.533864026214222	139.068117252815	raw_counts / DESeq2 median-of-ratios (via riborex)	0.076	0.148	1.953	5.318	16.323	31.254	115.411	241.684	16.323	31.254	115.411	241.684
MM_RS15050	0.668084172658357	0.268441752834908	0.534846770064087	625.022568812605	raw_counts / DESeq2 median-of-ratios (via riborex)	0.234	0.952	4.995	14.536	49.779	202.711	304.455	646.475	49.779	202.711	304.455	646.475
MM_RS19335	0.908947576573267	0.270598000184898	0.538734153514438	285.221159296654	raw_counts / DESeq2 median-of-ratios (via riborex)	0.099	0.236	4.697	17.528	21.113	49.781	295.545	789.455	21.113	49.781	295.545	789.455
MM_RS04980	0.985496843396054	0.271399711092948	0.539583750278708	52.5534396165923	raw_counts / DESeq2 median-of-ratios (via riborex)	0.085	0.233	0.155	0.505	18.327	50.758	9.151	23.145	18.327	50.758	9.151	23.145
MM_RS06745	0.719473597530593	0.271435694637538	0.539583750278708	725.911746382101	raw_counts / DESeq2 median-of-ratios (via riborex)	1.069	1.187	10.087	26.158	225.259	255.264	583.019	1150.496	225.259	255.264	583.019	1150.496
MM_RS14130	-0.89411592656829	0.271916039624289	0.539607281076807	79.7300639927266	raw_counts / DESeq2 median-of-ratios (via riborex)	0.065	0.055	0.515	0.5	13.864	11.831	31.256	22.201	13.864	11.831	31.256	22.201
MM_RS09230	0.812112180829469	0.271759585392084	0.539607281076807	64.2382175473709	raw_counts / DESeq2 median-of-ratios (via riborex)	0.093	0.116	0.728	2.03	19.816	24.544	42.046	88.507	19.816	24.544	42.046	88.507
MM_RS11840	-0.567198343526392	0.272063990916105	0.539607281076807	340.509638121604	raw_counts / DESeq2 median-of-ratios (via riborex)	0.305	0.226	1.732	1.836	64.795	48.097	100.19	82.606	64.795	48.097	100.19	82.606
MM_RS17120	-0.641229131358488	0.272396343111543	0.539858714725216	313.684060071417	raw_counts / DESeq2 median-of-ratios (via riborex)	0.15	0.096	0.651	0.637	31.858	20.645	37.444	29.424	31.858	20.645	37.444	29.424
MM_RS00540	1.38387242220457	0.275595088929557	0.54239051604879	286.21679295218	raw_counts / DESeq2 median-of-ratios (via riborex)	0.338	0.835	0.743	3.223	73.585	189.051	43.719	140.591	73.585	189.051	43.719	140.591
MM_RS07815	1.02588211596594	0.274625697666052	0.54239051604879	54.8544208987024	raw_counts / DESeq2 median-of-ratios (via riborex)	0.238	0.252	0.511	1.436	50.865	53.686	28.165	64.418	50.865	53.686	28.165	64.418
MM_RS11330	-0.966255160125838	0.275534377950713	0.54239051604879	101.442440282626	raw_counts / DESeq2 median-of-ratios (via riborex)	0.263	0.042	0.259	0.209	55.243	9.152	14.8	9.183	55.243	9.152	14.8	9.183
MM_RS00390	0.924169861256951	0.275163208157981	0.54239051604879	59.8313998262167	raw_counts / DESeq2 median-of-ratios (via riborex)	0.268	0.43	3.912	11.394	56.383	94.632	224.378	510.804	56.383	94.632	224.378	510.804
MM_RS05200	-0.918437623110346	0.27566901834446	0.54239051604879	264.692197783141	raw_counts / DESeq2 median-of-ratios (via riborex)	0.195	0.088	6.995	7.296	41.072	18.609	436.934	317.071	41.072	18.609	436.934	317.071
MM_RS06710	-0.779749945973149	0.275872720651597	0.54239051604879	434.000546903625	raw_counts / DESeq2 median-of-ratios (via riborex)	0.154	0.181	3.327	2.751	32.506	38.633	186.349	122.984	32.506	38.633	186.349	122.984
MM_RS05075	0.695794516308035	0.274240205188522	0.54239051604879	183.918204096864	raw_counts / DESeq2 median-of-ratios (via riborex)	0.116	0.26	1.058	3.086	24.75	54.837	64.097	136.298	24.75	54.837	64.097	136.298
MM_RS07995	0.663526324045692	0.275945822330992	0.54239051604879	180.139114577862	raw_counts / DESeq2 median-of-ratios (via riborex)	0.367	0.523	0.812	2.018	78.547	116.84	46.967	91.458	78.547	116.84	46.967	91.458
MM_RS05155	0.647496857089546	0.275806322680149	0.54239051604879	631.571326710313	raw_counts / DESeq2 median-of-ratios (via riborex)	0.583	1.419	5.646	16.089	124.096	306.428	344.09	731.538	124.096	306.428	344.09	731.538
MM_RS08575	0.620015118437457	0.274950533925191	0.54239051604879	159.719519123917	raw_counts / DESeq2 median-of-ratios (via riborex)	0.07	0.076	0.536	1.396	14.813	16.29	31.86	62.89	14.813	16.29	31.86	62.89
MM_RS14015	0.607344997738986	0.275562702786271	0.54239051604879	235.109529591502	raw_counts / DESeq2 median-of-ratios (via riborex)	0.069	0.109	0.58	1.487	14.684	23.531	34.274	65.523	14.684	23.531	34.274	65.523
MM_RS00645	-0.720185830811138	0.276472061952099	0.54301842534496	1339.59755807948	raw_counts / DESeq2 median-of-ratios (via riborex)	1.303	0.971	7.33	7.119	279.562	203.882	427.562	326.345	279.562	203.882	427.562	326.345
MM_RS15805	0.881065466419919	0.277342799174557	0.544321517662471	609.231107482247	raw_counts / DESeq2 median-of-ratios (via riborex)	0.873	0.486	1.548	4.418	187.113	103.231	89.854	213.721	187.113	103.231	89.854	213.721
MM_RS00835	-0.718286829901547	0.278219103097525	0.545453765765154	477.012002112143	raw_counts / DESeq2 median-of-ratios (via riborex)	0.11	0.074	1.169	1.28	23.309	15.917	70.731	56.294	23.309	15.917	70.731	56.294
MM_RS11970	0.663836326843757	0.278335127998974	0.545453765765154	223.177817452126	raw_counts / DESeq2 median-of-ratios (via riborex)	0.381	0.313	0.737	2.081	81.301	65.968	44.649	94.347	81.301	65.968	44.649	94.347
MM_RS16140	-0.790096164742884	0.279718112690604	0.547361795553513	866.239245271951	raw_counts / DESeq2 median-of-ratios (via riborex)	0.58	0.337	2.039	2.024	124.64	71.783	121.37	89.404	124.64	71.783	121.37	89.404
MM_RS08005	0.721102059656287	0.279725639616456	0.547361795553513	128.617229745058	raw_counts / DESeq2 median-of-ratios (via riborex)	0.238	0.21	1.751	4.538	50.601	45.057	101.858	213.152	50.601	45.057	101.858	213.152
MM_RS19100	1.17515716928724	0.28022339028867	0.547546422676692	49.6897272737725	raw_counts / DESeq2 median-of-ratios (via riborex)	0.013	0.061	0.764	2.528	2.766	12.697	43.265	115.388	2.766	12.697	43.265	115.388
MM_RS02540	-0.752452027126822	0.280237011453722	0.547546422676692	629.345518908385	raw_counts / DESeq2 median-of-ratios (via riborex)	0.481	0.42	5.369	5.591	101.183	89.562	323.052	254.781	101.183	89.562	323.052	254.781
MM_RS13885	0.822662664236382	0.280647233737341	0.547940249661158	77.794741836643	raw_counts / DESeq2 median-of-ratios (via riborex)	0.102	0.073	0.586	1.552	21.758	15.711	33.264	68.961	21.758	15.711	33.264	68.961
MM_RS00745	-0.859049211171881	0.2818976932528	0.549564471033298	77.1114791933843	raw_counts / DESeq2 median-of-ratios (via riborex)	0.096	0.063	0.499	0.493	20.154	13.662	30.201	21.916	20.154	13.662	30.201	21.916
MM_RS00460	0.649415183538874	0.2817073643268	0.549564471033298	183.875172013937	raw_counts / DESeq2 median-of-ratios (via riborex)	0.197	0.262	0.711	1.987	41.903	55.27	42.995	89.109	41.903	55.27	42.995	89.109
MM_RS01010	0.682447357079841	0.282450733651271	0.550234144338455	89.5957601605816	raw_counts / DESeq2 median-of-ratios (via riborex)	0.084	0.098	0.648	1.731	17.976	21.12	38.175	76.82	17.976	21.12	38.175	76.82
MM_RS02355	0.908728470744501	0.282983330075626	0.550523275578248	695.951389259717	raw_counts / DESeq2 median-of-ratios (via riborex)	0.49	0.556	5.919	19.799	102.55	120.296	357.242	881.413	102.55	120.296	357.242	881.413
MM_RS08675	0.804834851337007	0.283018439463303	0.550523275578248	90.5891822437059	raw_counts / DESeq2 median-of-ratios (via riborex)	0.12	0.145	1.269	3.313	25.636	31.102	71.934	144.639	25.636	31.102	71.934	144.639
MM_RS10570	0.914163510619332	0.283309444363017	0.550681421833665	158.752401434906	raw_counts / DESeq2 median-of-ratios (via riborex)	0.153	0.268	6.459	23.723	32.239	58.289	403.158	1057.171	32.239	58.289	403.158	1057.171
MM_RS15905	-0.862927581784924	0.283889352511913	0.551400473148139	247.590021374275	raw_counts / DESeq2 median-of-ratios (via riborex)	0.186	0.174	5.352	5.85	39.388	37.304	337.254	266.888	39.388	37.304	337.254	266.888
MM_RS08025	-0.741579852613047	0.285803280602511	0.554707623697114	109.546149034764	raw_counts / DESeq2 median-of-ratios (via riborex)	0.203	0.111	1.387	1.247	42.945	23.727	79.556	58.429	42.945	23.727	79.556	58.429
MM_RS09755	1.24291899310488	0.288347649363529	0.557603062314581	110.496367420729	raw_counts / DESeq2 median-of-ratios (via riborex)	0.049	0.152	5.16	17.56	10.107	33.332	289.767	776.647	10.107	33.332	289.767	776.647
MM_RS19575	1.09305608624995	0.287840327861899	0.557603062314581	91.860457085432	raw_counts / DESeq2 median-of-ratios (via riborex)	0.257	0.278	2.617	12.047	54.779	58.756	169.053	511.843	54.779	58.756	169.053	511.843
MM_RS04250	1.03709033206356	0.288468795691363	0.557603062314581	179.038465109647	raw_counts / DESeq2 median-of-ratios (via riborex)	3.773	11.204	6.233	21.331	816.617	2381.365	367.698	950.889	816.617	2381.365	367.698	950.889
MM_RS06775	-0.87907826046677	0.288037743819278	0.557603062314581	420.023786519879	raw_counts / DESeq2 median-of-ratios (via riborex)	0.52	0.338	6.371	4.908	109.346	72.304	356.741	219.809	109.346	72.304	356.741	219.809
MM_RS18030	0.7297543278025	0.288569140017333	0.557603062314581	256.87189573663	raw_counts / DESeq2 median-of-ratios (via riborex)	11.364	10.49	61.807	155.327	2435.291	2225.128	3527.858	6875.109	2435.291	2225.128	3527.858	6875.109
MM_RS05255	-0.56350644106901	0.288506517543078	0.557603062314581	1302.3170582552	raw_counts / DESeq2 median-of-ratios (via riborex)	5.84	2.487	15.841	17.67	1235.271	531.836	931.691	795.472	1235.271	531.836	931.691	795.472
MM_RS06440	0.574104238832193	0.288997366470095	0.558019914963581	482.969025846447	raw_counts / DESeq2 median-of-ratios (via riborex)	0.301	0.61	3.211	7.507	63.997	130.031	185.387	330.763	63.997	130.031	185.387	330.763
MM_RS13075	0.787840557929475	0.289450539621203	0.558484288791535	68.416890467266	raw_counts / DESeq2 median-of-ratios (via riborex)	0.152	0.256	1.494	4.137	32.643	55.501	86.96	185.359	32.643	55.501	86.96	185.359
MM_RS14185	-0.817808987052087	0.292655673826105	0.563242970434291	55.5230901459826	raw_counts / DESeq2 median-of-ratios (via riborex)	0.052	0.028	0.449	0.383	11.183	5.944	25.536	17.056	11.183	5.944	25.536	17.056
MM_RS17265	0.689767076252874	0.292402783233461	0.563242970434291	134.49663262426	raw_counts / DESeq2 median-of-ratios (via riborex)	0.106	0.168	0.395	1.036	22.463	36.043	23.018	44.964	22.463	36.043	23.018	44.964
MM_RS12695	0.656246665303468	0.292774811364359	0.563242970434291	98.8665070946985	raw_counts / DESeq2 median-of-ratios (via riborex)	0.173	0.191	1.311	3.226	36.841	40.494	75.59	143.899	36.841	40.494	75.59	143.899
MM_RS00605	0.597902603876233	0.292609810880517	0.563242970434291	432.992065393581	raw_counts / DESeq2 median-of-ratios (via riborex)	0.599	0.9	4.068	10.052	126.69	192.181	238.064	444.942	126.69	192.181	238.064	444.942
MM_RS06530	0.908631633453264	0.293508911430938	0.56387049316893	54.4059046567618	raw_counts / DESeq2 median-of-ratios (via riborex)	0.076	0.084	0.459	1.309	16.277	17.952	26.162	57.999	16.277	17.952	26.162	57.999
MM_RS13060	-0.736895571326968	0.293745176944058	0.56387049316893	82.7539699816323	raw_counts / DESeq2 median-of-ratios (via riborex)	0.048	0.013	0.217	0.208	10.179	2.805	12.502	8.969	10.179	2.805	12.502	8.969
MM_RS06950	-0.569137285667739	0.293666896063024	0.56387049316893	887.129674448305	raw_counts / DESeq2 median-of-ratios (via riborex)	0.714	0.991	7.809	7.977	151.528	212.306	447.21	363.007	151.528	212.306	447.21	363.007
MM_RS16585	-0.719399887743576	0.294040564518381	0.564025217257319	224.226471246993	raw_counts / DESeq2 median-of-ratios (via riborex)	0.22	0.157	3.148	2.988	46.387	32.9	182.732	140.246	46.387	32.9	182.732	140.246
MM_RS03635	0.757121899682243	0.294319685562493	0.564148535975991	2046.66699012306	raw_counts / DESeq2 median-of-ratios (via riborex)	1.417	5.393	10.254	34.12	302.453	1132.614	642.937	1544.613	302.453	1132.614	642.937	1544.613
MM_RS00350	-0.849150092741761	0.294744539044924	0.564311583466191	295.512544781677	raw_counts / DESeq2 median-of-ratios (via riborex)	0.121	0.117	1.722	1.955	25.848	24.99	109.577	88.373	25.848	24.99	109.577	88.373
MM_RS08325	0.740490737080969	0.294834536373044	0.564311583466191	143.379533822303	raw_counts / DESeq2 median-of-ratios (via riborex)	0.147	0.124	0.598	1.65	31.541	26.52	35.233	74.601	31.541	26.52	35.233	74.601
MM_RS07690	0.79357575873472	0.295660228632668	0.565068239002465	437.080996424056	raw_counts / DESeq2 median-of-ratios (via riborex)	0.978	0.878	7.894	20.807	205.514	183.206	453.267	963.629	205.514	183.206	453.267	963.629
MM_RS09605	-0.730638827665102	0.295593624025	0.565068239002465	64.0757635597394	raw_counts / DESeq2 median-of-ratios (via riborex)	0.174	0.065	0.298	0.287	36.962	13.932	17.24	12.763	36.962	13.932	17.24	12.763
MM_RS10290	-0.689753299037062	0.296520118534951	0.566299513652932	350.853981822075	raw_counts / DESeq2 median-of-ratios (via riborex)	0.35	0.331	3.447	3.757	74.247	71.581	206.229	161.3	74.247	71.581	206.229	161.3
MM_RS02580	-0.823816230471584	0.298301234404885	0.569287094147695	281.945341235258	raw_counts / DESeq2 median-of-ratios (via riborex)	0.577	0.233	6.183	4.923	121.525	49.308	345.583	220.647	121.525	49.308	345.583	220.647
MM_RS05930	0.772931728742259	0.299696366360799	0.571119490612089	392.999369979366	raw_counts / DESeq2 median-of-ratios (via riborex)	0.317	0.555	3.215	9.989	67.121	118.523	194.509	423.504	67.121	118.523	194.509	423.504
MM_RS03320	-0.713338035095775	0.299569304127032	0.571119490612089	331.699116319863	raw_counts / DESeq2 median-of-ratios (via riborex)	0.461	0.286	6.301	7.274	98.261	61.145	389.674	330.898	98.261	61.145	389.674	330.898
MM_RS15160	-0.78607527911699	0.300498720639306	0.571800304068393	114.493886238418	raw_counts / DESeq2 median-of-ratios (via riborex)	0.094	0.104	3.881	3.943	20.119	22.261	233.965	182.042	20.119	22.261	233.965	182.042
MM_RS04460	-0.659214596079314	0.300359798800744	0.571800304068393	668.013513239111	raw_counts / DESeq2 median-of-ratios (via riborex)	1.782	1.219	2.462	2.8	379.96	262.701	148.47	120.976	379.96	262.701	148.47	120.976
MM_RS06435	-0.557246396699478	0.300706862116699	0.571800304068393	5827.25696050071	raw_counts / DESeq2 median-of-ratios (via riborex)	1.606	2.162	63.448	75.515	340.458	463.431	3803.347	3339.555	340.458	463.431	3803.347	3339.555
MM_RS02645	-0.636464320274895	0.301823156678128	0.573507676871754	238.464041042669	raw_counts / DESeq2 median-of-ratios (via riborex)	0.158	0.109	1.024	1.058	33.715	22.825	59.965	49.396	33.715	22.825	59.965	49.396
MM_RS10840	0.675247301223274	0.302277672558844	0.573734832664462	80.8957031872092	raw_counts / DESeq2 median-of-ratios (via riborex)	0.086	0.077	0.322	0.862	18.231	16.465	19.143	39.502	18.231	16.465	19.143	39.502
MM_RS17355	-0.667499832974487	0.302379668091247	0.573734832664462	239.293240663174	raw_counts / DESeq2 median-of-ratios (via riborex)	0.051	0.061	3.156	3.23	10.783	12.878	185.131	148.263	10.783	12.878	185.131	148.263
MM_RS07730	-0.642278021423225	0.303082530010895	0.574653230186722	350.681893908218	raw_counts / DESeq2 median-of-ratios (via riborex)	0.588	0.563	3.102	3.674	125.142	122.407	189.753	163.408	125.142	122.407	189.753	163.408
MM_RS15560	1.06275245575589	0.303787888880774	0.575575033333991	99.8107338297611	raw_counts / DESeq2 median-of-ratios (via riborex)	0.144	0.32	3.883	11.676	31.213	68.278	218.374	524.076	31.213	68.278	218.374	524.076
MM_RS05815	0.787933420139883	0.304519053616154	0.576544365390066	60.2265726247148	raw_counts / DESeq2 median-of-ratios (via riborex)	0.096	0.057	0.246	0.766	20.272	12.173	14.884	33.292	20.272	12.173	14.884	33.292
MM_RS15550	0.930114477696821	0.305576349878047	0.578129319005585	70.5597083782995	raw_counts / DESeq2 median-of-ratios (via riborex)	0.039	0.094	0.458	1.555	8.154	20.333	27.695	69.857	8.154	20.333	27.695	69.857
MM_RS11935	-0.588458772135775	0.306040991893052	0.578591536869081	404.901744626373	raw_counts / DESeq2 median-of-ratios (via riborex)	0.3	0.361	3.44	3.53	63.567	76.448	197.761	158.084	63.567	76.448	197.761	158.084
MM_RS02555	0.662236049929983	0.306541579188133	0.579120997804343	176.789049169394	raw_counts / DESeq2 median-of-ratios (via riborex)	0.683	0.987	1.36	3.938	145.455	211.322	82.916	173.373	145.455	211.322	82.916	173.373
MM_RS14855	-0.927495090078484	0.308723191548183	0.582823221427411	97.7749800091318	raw_counts / DESeq2 median-of-ratios (via riborex)	0.055	0.086	1.59	1.673	11.542	17.795	100.517	76.073	11.542	17.795	100.517	76.073
MM_RS11475	-0.834023069024071	0.309355252102201	0.583596905187055	98.7076126869974	raw_counts / DESeq2 median-of-ratios (via riborex)	0.167	0.087	1.424	1.152	35.828	18.919	79.809	50.352	35.828	18.919	79.809	50.352
MM_RS08760	-0.859632227458826	0.310512633525448	0.584815745476858	2261.64458209192	raw_counts / DESeq2 median-of-ratios (via riborex)	1.534	1.14	11.467	13.481	326.039	241.414	740.956	605.481	326.039	241.414	740.956	605.481
MM_RS08040	-0.666753926366967	0.310669445902596	0.584815745476858	137.04510107406	raw_counts / DESeq2 median-of-ratios (via riborex)	0.377	0.364	10.363	11.578	80.315	78.07	625.928	524.175	80.315	78.07	625.928	524.175
MM_RS09715	0.544281365815987	0.310553382982534	0.584815745476858	544.745734434033	raw_counts / DESeq2 median-of-ratios (via riborex)	0.476	0.671	4.775	11.935	101.05	143.073	285.065	544.533	101.05	143.073	285.065	544.533
MM_RS01760	1.06984383889296	0.311192054827751	0.584960870420668	120.428916455866	raw_counts / DESeq2 median-of-ratios (via riborex)	0.38	0.292	0.147	0.451	79.348	62.63	8.207	19.839	79.348	62.63	8.207	19.839
MM_RS00580	0.965063268232767	0.311050906456785	0.584960870420668	71.8008063251615	raw_counts / DESeq2 median-of-ratios (via riborex)	0.184	0.494	1.696	4.552	39.465	105.649	93.782	201.716	39.465	105.649	93.782	201.716
MM_RS15680	-0.552134223785949	0.313080748214269	0.588090160808776	162.58499628288	raw_counts / DESeq2 median-of-ratios (via riborex)	0.289	0.11	1.413	1.551	61.55	23.607	82.568	70.449	61.55	23.607	82.568	70.449
MM_RS10920	-0.78562403242663	0.313947037371867	0.5892958685765	155.807317749978	raw_counts / DESeq2 median-of-ratios (via riborex)	0.218	0.078	0.835	0.838	46.873	16.554	49.687	36.292	46.873	16.554	49.687	36.292
MM_RS12390	1.10516591961898	0.314548297963922	0.590002736038043	438.711574957319	raw_counts / DESeq2 median-of-ratios (via riborex)	0.518	0.483	3.095	11.851	107.634	103.484	186.95	534.424	107.634	103.484	186.95	534.424
MM_RS06575	-1.16971362609887	0.316830336639912	0.591747129456905	1739.84285297511	raw_counts / DESeq2 median-of-ratios (via riborex)	1.944	1.68	36.506	21.396	404.384	360.114	2008.092	997.876	404.384	360.114	2008.092	997.876
MM_RS08745	-0.804260892000672	0.316065614574686	0.591747129456905	98.0013182853979	raw_counts / DESeq2 median-of-ratios (via riborex)	0.039	0.043	1.127	1.245	8.29	9.212	70.17	56.035	8.29	9.212	70.17	56.035
MM_RS12175	-0.657354146475184	0.316699105766864	0.591747129456905	424.205081468664	raw_counts / DESeq2 median-of-ratios (via riborex)	0.316	0.309	3.671	3.956	66.553	67.219	218.332	179.472	66.553	67.219	218.332	179.472
MM_RS11350	0.647869608399328	0.316050114172327	0.591747129456905	98.0228055734025	raw_counts / DESeq2 median-of-ratios (via riborex)	0.107	0.134	0.939	2.311	22.564	28.643	54.338	104.823	22.564	28.643	54.338	104.823
MM_RS05465	-0.623193259759002	0.316618730971414	0.591747129456905	329.054478088357	raw_counts / DESeq2 median-of-ratios (via riborex)	0.289	0.159	2.343	2.268	61.531	33.782	133.813	105.574	61.531	33.782	133.813	105.574
MM_RS01580	-0.56608558403315	0.316770640692005	0.591747129456905	312.201652205324	raw_counts / DESeq2 median-of-ratios (via riborex)	0.527	0.294	8.835	9.866	112.459	63.146	521.479	454.398	112.459	63.146	521.479	454.398
MM_RS01045	0.829536005444656	0.317916025485327	0.593350035710125	50.1007986039754	raw_counts / DESeq2 median-of-ratios (via riborex)	0.097	0.172	2.126	5.713	20.76	36.062	121.499	259.786	20.76	36.062	121.499	259.786
MM_RS04955	0.627648799451199	0.318362577179371	0.593350035710125	99.1542566087607	raw_counts / DESeq2 median-of-ratios (via riborex)	0.113	0.123	0.353	0.852	23.975	26.524	20.294	37.713	23.975	26.524	20.294	37.713
MM_RS01345	0.517142518819037	0.318366412915296	0.593350035710125	290.788430199842	raw_counts / DESeq2 median-of-ratios (via riborex)	0.899	1.304	4.784	11.348	191.032	279.942	281.403	503.394	191.032	279.942	281.403	503.394
MM_RS02215	-0.754724667540916	0.318763184314141	0.593668171637542	205.530725869305	raw_counts / DESeq2 median-of-ratios (via riborex)	1.141	1.079	59.853	65.935	243.731	225.134	3684.052	3046.919	243.731	225.134	3684.052	3046.919
MM_RS08105	0.998853301507143	0.320580024006437	0.596502629689633	55.5531376376084	raw_counts / DESeq2 median-of-ratios (via riborex)	0.132	0.2	1.287	4.334	28.647	42.031	76.214	193.757	28.647	42.031	76.214	193.757
MM_RS11580	0.806573037550167	0.320739418553603	0.596502629689633	111.717577632857	raw_counts / DESeq2 median-of-ratios (via riborex)	0.067	0.093	0.339	1.146	14.117	19.695	21.166	52.183	14.117	19.695	21.166	52.183
MM_RS16485	0.598047385597406	0.321061318504342	0.596678713653504	361.439853620052	raw_counts / DESeq2 median-of-ratios (via riborex)	0.654	1.148	1.681	4.271	140.002	240.079	99.542	193.308	140.002	240.079	99.542	193.308
MM_RS11645	0.941332845036515	0.321394067416103	0.596874696629906	132.898356696327	raw_counts / DESeq2 median-of-ratios (via riborex)	0.367	0.484	6.356	20.013	76.515	103.57	372.285	880.53	76.515	103.57	372.285	880.53
MM_RS19175	-0.783992795031403	0.322558663082062	0.598614169083741	114.657374023056	raw_counts / DESeq2 median-of-ratios (via riborex)	0.039	0.026	0.308	0.263	8.299	5.475	17.424	11.66	8.299	5.475	17.424	11.66
MM_RS02390	-0.694434915511387	0.323773984444741	0.600445256463199	291.444602446312	raw_counts / DESeq2 median-of-ratios (via riborex)	0.261	0.175	2.09	1.921	55.1	38.028	118.44	83.846	55.1	38.028	118.44	83.846
MM_RS01530	-0.774208419266321	0.324696171399857	0.600459257814102	138.904055801161	raw_counts / DESeq2 median-of-ratios (via riborex)	0.157	0.11	1.647	1.346	33.568	23.474	92.195	62.97	33.568	23.474	92.195	62.97
MM_RS10640	0.755651442427052	0.324537738799681	0.600459257814102	55.8778839384762	raw_counts / DESeq2 median-of-ratios (via riborex)	0.084	0.132	0.73	1.831	17.797	28.058	41.397	81.859	17.797	28.058	41.397	81.859
MM_RS02400	-0.723954615222781	0.324242885944684	0.600459257814102	2286.6671203736	raw_counts / DESeq2 median-of-ratios (via riborex)	0.677	0.613	9.096	11.042	143.805	131.914	573.048	489.878	143.805	131.914	573.048	489.878
MM_RS09945	0.6006604328301	0.324388987851116	0.600459257814102	488.600870136311	raw_counts / DESeq2 median-of-ratios (via riborex)	0.169	0.341	0.858	2.334	35.961	72.469	51.836	102.446	35.961	72.469	51.836	102.446
MM_RS18920	0.741071790826002	0.326592085585574	0.60354033550156	121.194349986585	raw_counts / DESeq2 median-of-ratios (via riborex)	3.875	9.723	42.675	124.472	832.337	2093.158	2558.222	5555.977	832.337	2093.158	2558.222	5555.977
MM_RS02825	0.745903410253237	0.328617179237766	0.605578043984824	57.0663676108699	raw_counts / DESeq2 median-of-ratios (via riborex)	0.059	0.047	0.249	0.639	12.428	9.997	14.286	28.973	12.428	9.997	14.286	28.973
MM_RS10565	0.682785741464801	0.328469408724924	0.605578043984824	820.194313156659	raw_counts / DESeq2 median-of-ratios (via riborex)	0.307	0.612	12.716	37.561	64.711	133.656	775.331	1650.135	64.711	133.656	775.331	1650.135
MM_RS08940	0.595750890590379	0.328454240598557	0.605578043984824	87.3092391852369	raw_counts / DESeq2 median-of-ratios (via riborex)	0.09	0.065	0.457	1.131	19.241	14.048	26.858	51.211	19.241	14.048	26.858	51.211
MM_RS04605	0.593166702040064	0.32827050476531	0.605578043984824	2163.56613867635	raw_counts / DESeq2 median-of-ratios (via riborex)	3.047	4.342	8.007	19.834	653.001	942.964	469.828	883.517	653.001	942.964	469.828	883.517
MM_RS12850	0.621475338354809	0.329637765609516	0.607032799783022	143.102082481386	raw_counts / DESeq2 median-of-ratios (via riborex)	0.049	0.058	0.266	0.617	10.465	12.38	15.153	27.512	10.465	12.38	15.153	27.512
MM_RS04095	-0.753307005704369	0.330168126489221	0.607583391843514	1108.21410012234	raw_counts / DESeq2 median-of-ratios (via riborex)	2.271	1.84	22.753	25.527	487.754	391.433	1405.33	1155.181	487.754	391.433	1405.33	1155.181
MM_RS17190	0.795606450297979	0.330408190945652	0.607599376346837	182.929987995547	raw_counts / DESeq2 median-of-ratios (via riborex)	0.256	0.446	2.846	7.176	53.802	97.399	160.413	319.555	53.802	97.399	160.413	319.555
MM_RS04265	0.742954842336752	0.330742848205134	0.607782687066348	709.063885608502	raw_counts / DESeq2 median-of-ratios (via riborex)	0.375	0.609	10.471	32.379	78.833	130.454	642.084	1482.614	78.833	130.454	642.084	1482.614
MM_RS06895	0.500945091025185	0.330970770184645	0.607782687066348	453.990173437227	raw_counts / DESeq2 median-of-ratios (via riborex)	0.219	0.198	1.3	3.054	46.571	42.539	76.75	139.371	46.571	42.539	76.75	139.371
MM_RS16250	0.725304107040351	0.331219576754752	0.607814541270426	75.8624240658804	raw_counts / DESeq2 median-of-ratios (via riborex)	0.052	0.138	1.403	3.544	10.97	28.642	80.453	160.786	10.97	28.642	80.453	160.786
MM_RS05395	-0.593727385801105	0.33177591655212	0.60841030507393	312.237284302557	raw_counts / DESeq2 median-of-ratios (via riborex)	0.674	0.35	5.907	6.814	143.715	73.776	355.347	315.676	143.715	73.776	355.347	315.676
MM_RS09430	0.725817542654811	0.334002452300472	0.612065903517822	105.686083463205	raw_counts / DESeq2 median-of-ratios (via riborex)	0.216	0.231	0.672	1.797	45.333	49.887	39.278	81.17	45.333	49.887	39.278	81.17
MM_RS12425	0.764960006803445	0.33510421941355	0.613386037551602	157.97496612868	raw_counts / DESeq2 median-of-ratios (via riborex)	0.073	0.168	1.147	3.538	15.342	36.768	69.75	157.901	15.342	36.768	69.75	157.901
MM_RS05750	-0.595307153541721	0.335190009096173	0.613386037551602	368.085634655077	raw_counts / DESeq2 median-of-ratios (via riborex)	0.376	0.504	2.514	2.874	80.535	108.469	150.321	129.741	80.535	108.469	150.321	129.741
MM_RS07350	1.02516455915975	0.336374752356199	0.614274363697845	74.9658282401882	raw_counts / DESeq2 median-of-ratios (via riborex)	0.137	0.189	1.846	6.151	29.628	39.838	108.399	278.967	29.628	39.838	108.399	278.967
MM_RS08385	-0.653092089818493	0.336377202969345	0.614274363697845	206.593928361028	raw_counts / DESeq2 median-of-ratios (via riborex)	0.125	0.133	2.277	2.721	26.506	28.744	140.234	121.965	26.506	28.744	140.234	121.965
MM_RS00930	0.598107770518456	0.336250047689788	0.614274363697845	104.314095963905	raw_counts / DESeq2 median-of-ratios (via riborex)	0.057	0.049	0.372	0.891	12.115	10.429	21.567	39.973	12.115	10.429	21.567	39.973
MM_RS12995	-1.06481720509566	0.33664967794544	0.614344721532123	1233.3961392369	raw_counts / DESeq2 median-of-ratios (via riborex)	1.972	1.66	34.007	21.187	412.428	361.647	1854.101	922.064	412.428	361.647	1854.101	922.064
MM_RS03950	-1.39704165330212	0.337690106554615	0.615388077593628	248.915173528766	raw_counts / DESeq2 median-of-ratios (via riborex)	0.373	0.494	26.915	12.671	77.49	107.439	1447.934	554.192	77.49	107.439	1447.934	554.192
MM_RS03610	-0.764865117387388	0.337480972581424	0.615388077593628	207.44421069963	raw_counts / DESeq2 median-of-ratios (via riborex)	0.446	0.371	6.238	5.993	96.193	79.016	366.005	272.034	96.193	79.016	366.005	272.034
MM_RS01595	0.639792473426198	0.338820957567244	0.61702068971677	113.58924096442	raw_counts / DESeq2 median-of-ratios (via riborex)	1.03	1.879	9.811	27.539	219.457	406.33	595.54	1232.254	219.457	406.33	595.54	1232.254
MM_RS05835	2.33448323996895	0.339833499350376	0.617480188232317	58716.2155456541	raw_counts / DESeq2 median-of-ratios (via riborex)	71.973	182.89	12.375	131.415	15747.218	39965.941	792.94	5725.992	15747.218	39965.941	792.94	5725.992
MM_RS00365	-1.01484992036289	0.340612916259211	0.617480188232317	61.2614035373346	raw_counts / DESeq2 median-of-ratios (via riborex)	0.109	0.075	1.237	0.819	23.054	15.88	68.671	39.776	23.054	15.88	68.671	39.776
MM_RS07065	0.903007292462885	0.33988002114584	0.617480188232317	1093.83333289934	raw_counts / DESeq2 median-of-ratios (via riborex)	0.793	1.739	8.343	24.878	165.37	376.747	484.418	1097.631	165.37	376.747	484.418	1097.631
MM_RS15265	0.853242928240949	0.340088045332885	0.617480188232317	68.5677113550422	raw_counts / DESeq2 median-of-ratios (via riborex)	0.096	0.27	0.933	2.685	20.69	58.746	54.05	117.125	20.69	58.746	54.05	117.125
MM_RS16005	0.745780332791213	0.340053287670284	0.617480188232317	94.5475531094937	raw_counts / DESeq2 median-of-ratios (via riborex)	0.042	0.077	0.556	1.751	8.81	16.262	34.294	78.954	8.81	16.262	34.294	78.954
MM_RS17925	0.68339929524935	0.340719266088586	0.617480188232317	99.7959058744974	raw_counts / DESeq2 median-of-ratios (via riborex)	0.057	0.045	0.834	2.075	12.089	9.781	47.863	90.007	12.089	9.781	47.863	90.007
MM_RS03395	-0.543080314218439	0.340611090665777	0.617480188232317	160.80955250863	raw_counts / DESeq2 median-of-ratios (via riborex)	0.19	0.09	1.189	1.301	40.189	19.244	69.184	58.965	40.189	19.244	69.184	58.965
MM_RS12515	-1.00209431894173	0.341501703451715	0.618471360871865	83.9160274417562	raw_counts / DESeq2 median-of-ratios (via riborex)	0.193	0.134	1.821	1.207	40.678	28.828	99.543	52.446	40.678	28.828	99.543	52.446
MM_RS00815	0.660750584886041	0.342274600797224	0.619443901925231	93.4817399487681	raw_counts / DESeq2 median-of-ratios (via riborex)	0.045	0.048	0.318	0.758	9.61	10.185	18.125	33.876	9.61	10.185	18.125	33.876
MM_RS06660	-1.19469613102705	0.344009871541827	0.620330705188901	71137.1870558591	raw_counts / DESeq2 median-of-ratios (via riborex)	73.408	18.493	391.031	219.641	15265.334	4148.508	21241.839	9566.452	15265.334	4148.508	21241.839	9566.452
MM_RS17420	-0.886128466839092	0.344669765541507	0.620330705188901	131.865121574091	raw_counts / DESeq2 median-of-ratios (via riborex)	0.243	0.159	0.785	0.735	52.421	34.661	46.806	32.331	52.421	34.661	46.806	32.331
MM_RS16160	0.790199116531955	0.344646447233986	0.620330705188901	79.340356488259	raw_counts / DESeq2 median-of-ratios (via riborex)	0.159	0.194	0.798	2.294	34.028	40.364	47.463	109.581	34.028	40.364	47.463	109.581
MM_RS14915	0.709728112517766	0.343937456766329	0.620330705188901	50.5178066072977	raw_counts / DESeq2 median-of-ratios (via riborex)	0.127	0.136	0.567	1.46	27.118	28.982	32.779	65.421	27.118	28.982	32.779	65.421
MM_RS12280	-0.70841092874449	0.343874041000596	0.620330705188901	484.315611310101	raw_counts / DESeq2 median-of-ratios (via riborex)	0.562	0.282	3.526	3.249	118.337	60.726	200.501	140.54	118.337	60.726	200.501	140.54
MM_RS10450	-0.699219823680522	0.344944615843577	0.620330705188901	3151.06356948297	raw_counts / DESeq2 median-of-ratios (via riborex)	1331.962	1447.545	460.35	443.357	280726.855	311683.641	26432.228	18933.977	280726.855	311683.641	26432.228	18933.977
MM_RS19050	0.688547655845143	0.34444996090235	0.620330705188901	56.9291264576537	raw_counts / DESeq2 median-of-ratios (via riborex)	0.129	0.143	0.387	1.086	27.55	30.692	23.277	49.061	27.55	30.692	23.277	49.061
MM_RS00660	-0.665728864532051	0.343880797325556	0.620330705188901	481.036664565459	raw_counts / DESeq2 median-of-ratios (via riborex)	0.76	0.634	19.648	21.321	160.006	138.079	1170.183	938.913	160.006	138.079	1170.183	938.913
MM_RS08365	-0.575191556612501	0.3451268698709	0.620330705188901	818.585619070843	raw_counts / DESeq2 median-of-ratios (via riborex)	0.886	0.824	6.422	7.928	187.894	176.802	392.538	357.352	187.894	176.802	392.538	357.352
MM_RS00555	-0.569988541825024	0.343653851554605	0.620330705188901	183.285449710867	raw_counts / DESeq2 median-of-ratios (via riborex)	0.701	0.587	9.348	9.635	148.639	122.678	537.728	442.949	148.639	122.678	537.728	442.949
MM_RS01590	0.726161632337598	0.345444214973844	0.620476408017314	63.6050100816499	raw_counts / DESeq2 median-of-ratios (via riborex)	0.076	0.129	1.224	3.259	16.029	27.915	71.366	146.243	16.029	27.915	71.366	146.243
MM_RS01655	0.571289032061305	0.346396743978076	0.621762029860853	350.609044692949	raw_counts / DESeq2 median-of-ratios (via riborex)	0.704	1.278	6.477	17.506	149.419	270.624	394.262	785.088	149.419	270.624	394.262	785.088
MM_RS02490	-0.972707542237108	0.346935402298976	0.622303528987097	226.266292595788	raw_counts / DESeq2 median-of-ratios (via riborex)	0.204	0.122	3.862	4.439	42.986	24.982	254.484	193.854	42.986	24.982	254.484	193.854
MM_RS14240	-0.646754164065651	0.347947779484282	0.623693425887866	420.987061184452	raw_counts / DESeq2 median-of-ratios (via riborex)	0.438	0.327	0.948	1.096	92.288	71.433	57.709	49.659	92.288	71.433	57.709	49.659
MM_RS12680	0.752896852927125	0.348835019883237	0.624857272996849	193.909672437389	raw_counts / DESeq2 median-of-ratios (via riborex)	0.386	0.656	3.101	7.523	82.884	138.525	174.433	337.572	82.884	138.525	174.433	337.572
MM_RS16265	0.705738417263593	0.349273535705776	0.624954414512698	111.168062113214	raw_counts / DESeq2 median-of-ratios (via riborex)	0.255	0.35	1.778	4.296	54.61	75.299	100.528	188.218	54.61	75.299	100.528	188.218
MM_RS17160	-0.691722940558064	0.349603212078886	0.624954414512698	335.528481399317	raw_counts / DESeq2 median-of-ratios (via riborex)	0.132	0.111	1.521	1.622	28.404	23.698	90.313	69.44	28.404	23.698	90.313	69.44
MM_RS07115	-0.543219889832111	0.349590592896328	0.624954414512698	167.562284202918	raw_counts / DESeq2 median-of-ratios (via riborex)	3.701	2.529	62.251	71.972	786.247	524.798	3697.161	3291.542	786.247	524.798	3697.161	3291.542
MM_RS06385	0.745257252562475	0.35060901978885	0.625900262383086	60.9484931913359	raw_counts / DESeq2 median-of-ratios (via riborex)	0.072	0.041	0.353	1.098	15.184	8.586	21.661	48.587	15.184	8.586	21.661	48.587
MM_RS01175	-0.497387961060866	0.350401862159666	0.625900262383086	218.591375196837	raw_counts / DESeq2 median-of-ratios (via riborex)	0.127	0.195	1.802	2.108	27.056	40.629	106.145	95.685	27.056	40.629	106.145	95.685
MM_RS16380	0.623583550275312	0.351173493768972	0.626482061574267	96.8455612647718	raw_counts / DESeq2 median-of-ratios (via riborex)	0.086	0.182	1.239	2.902	18.292	38.827	70.869	130.604	18.292	38.827	70.869	130.604
MM_RS06970	0.601873153313851	0.351665191783617	0.626531634506723	429.901179687912	raw_counts / DESeq2 median-of-ratios (via riborex)	0.699	1.127	7.065	17.808	147.25	241.09	417.014	808.864	147.25	241.09	417.014	808.864
MM_RS10745	-0.571355846817452	0.351678457449699	0.626531634506723	190.401317838721	raw_counts / DESeq2 median-of-ratios (via riborex)	0.189	0.165	3.169	3.25	40.088	35.391	181.681	147.322	40.088	35.391	181.681	147.322
MM_RS18875	0.751189371125243	0.352875609673864	0.627387509142564	357.104998695514	raw_counts / DESeq2 median-of-ratios (via riborex)	7.113	6.081	107.804	292.795	1490.138	1310.338	6286.398	13022.356	1490.138	1310.338	6286.398	13022.356
MM_RS16190	0.601171987695337	0.35268208965267	0.627387509142564	93.4932973802954	raw_counts / DESeq2 median-of-ratios (via riborex)	0.089	0.114	0.357	0.849	18.848	24.429	20.556	37.345	18.848	24.429	20.556	37.345
MM_RS09190	-0.600873700820743	0.352552954111384	0.627387509142564	2358.70886322079	raw_counts / DESeq2 median-of-ratios (via riborex)	1.957	2.246	24.69	29.449	413.711	476.134	1494.812	1282.821	413.711	476.134	1494.812	1282.821
MM_RS05615	-0.666758679831903	0.353812728121857	0.628202991242729	744.910306273302	raw_counts / DESeq2 median-of-ratios (via riborex)	0.254	0.251	3.698	4.516	54.406	53.818	230.285	202.314	54.406	53.818	230.285	202.314
MM_RS00600	-0.624343272846897	0.353661029929851	0.628202991242729	580.948580285572	raw_counts / DESeq2 median-of-ratios (via riborex)	0.249	0.162	4.23	4.577	52.505	34.545	249.467	203.856	52.505	34.545	249.467	203.856
MM_RS04450	0.69022358917221	0.354456049973516	0.628495332363573	69.1388259623737	raw_counts / DESeq2 median-of-ratios (via riborex)	0.171	0.233	2.551	6.268	36.251	51.256	145.626	277.099	36.251	51.256	145.626	277.099
MM_RS03995	-0.51927764669939	0.354258673385985	0.628495332363573	2333.2620145661	raw_counts / DESeq2 median-of-ratios (via riborex)	1122.421	1363.386	2728.181	3393.473	238919.335	291193.381	165157.677	155297.724	238919.335	291193.381	165157.677	155297.724
MM_RS00315	-0.792969421466694	0.355082242687244	0.629180815989678	138.876466951893	raw_counts / DESeq2 median-of-ratios (via riborex)	0.291	0.385	5.952	6.544	62.618	80.211	368.916	296.475	62.618	80.211	368.916	296.475
MM_RS10880	0.811712034496725	0.357942555209668	0.631363684346801	66.8600929386927	raw_counts / DESeq2 median-of-ratios (via riborex)	0.079	0.065	0.266	0.678	17.087	13.914	14.977	30.539	17.087	13.914	14.977	30.539
MM_RS02920	0.688042384843069	0.357061103836553	0.631363684346801	127.908904631846	raw_counts / DESeq2 median-of-ratios (via riborex)	0.384	0.696	12.333	29.901	82.427	148.02	703.623	1347.846	82.427	148.02	703.623	1347.846
MM_RS10270	0.678754578658475	0.357997153843254	0.631363684346801	155.434657105134	raw_counts / DESeq2 median-of-ratios (via riborex)	0.146	0.161	0.156	0.402	30.904	35.247	9.02	17.243	30.904	35.247	9.02	17.243
MM_RS01295	0.672731301503564	0.35760165177035	0.631363684346801	165.697857273359	raw_counts / DESeq2 median-of-ratios (via riborex)	0.147	0.227	0.623	1.852	31.468	48.281	38.316	83.112	31.468	48.281	38.316	83.112
MM_RS08425	-0.644910728617266	0.357535269797565	0.631363684346801	125.498720839408	raw_counts / DESeq2 median-of-ratios (via riborex)	0.047	0.034	0.575	0.674	9.949	7.383	35.064	29.848	9.949	7.383	35.064	29.848
MM_RS15615	0.599845636043142	0.357974930515502	0.631363684346801	207.782180469918	raw_counts / DESeq2 median-of-ratios (via riborex)	0.105	0.122	0.609	1.631	22.525	25.757	36.788	74.386	22.525	25.757	36.788	74.386
MM_RS02745	0.598096813753055	0.356995425013119	0.631363684346801	303.23817345288	raw_counts / DESeq2 median-of-ratios (via riborex)	0.106	0.095	0.711	1.663	22.546	20.652	40.761	71.913	22.546	20.652	40.761	71.913
MM_RS16575	-0.778370721325908	0.358645621657254	0.631658888311166	3733.97605337498	raw_counts / DESeq2 median-of-ratios (via riborex)	0.63	1.335	40.693	39.47	132.053	279.864	2389.588	1688.722	132.053	279.864	2389.588	1688.722
MM_RS09760	-0.679881293857603	0.358505550322488	0.631658888311166	100.271213011099	raw_counts / DESeq2 median-of-ratios (via riborex)	0.081	0.155	3.061	3.485	17.244	32.955	186.411	155.329	17.244	32.955	186.411	155.329
MM_RS13365	0.633826443891448	0.358887396884076	0.631661061808031	135.398446587523	raw_counts / DESeq2 median-of-ratios (via riborex)	0.35	0.233	1.997	4.85	73.671	49.489	115.247	216.62	73.671	49.489	115.247	216.62
MM_RS19265	0.530919297017419	0.360566578975733	0.634191451031664	189.387338110395	raw_counts / DESeq2 median-of-ratios (via riborex)	0.046	0.054	0.249	0.594	9.757	11.52	14.61	25.971	9.757	11.52	14.61	25.971
MM_RS03570	0.801402982138358	0.361484323503611	0.635380075984258	1105.67617191552	raw_counts / DESeq2 median-of-ratios (via riborex)	0.419	0.682	2.091	7.469	89.957	144.576	132.673	326.077	89.957	144.576	132.673	326.077
MM_RS12315	0.586182627038364	0.362868883924189	0.637387083066836	575.513019310869	raw_counts / DESeq2 median-of-ratios (via riborex)	1.573	1.352	8.513	20.118	331.638	286.29	492.435	895.011	331.638	286.29	492.435	895.011
MM_RS15950	-0.750182590208341	0.363789525051538	0.638577067369879	56.3163500189291	raw_counts / DESeq2 median-of-ratios (via riborex)	0.079	0.115	1.465	1.482	17.05	24.173	87.007	66.07	17.05	24.173	87.007	66.07
MM_RS06955	-0.745440786247901	0.364184785213305	0.638738528463605	498.266817831144	raw_counts / DESeq2 median-of-ratios (via riborex)	0.951	1.22	45.247	36.729	201.056	259.529	2502.59	1639.506	201.056	259.529	2502.59	1639.506
MM_RS04745	-0.617647094741145	0.364367980060351	0.638738528463605	1212.31860331948	raw_counts / DESeq2 median-of-ratios (via riborex)	0.485	0.702	7.893	9.943	103.476	151.204	490.837	444.537	103.476	151.204	490.837	444.537
MM_RS14640	-0.998080464853322	0.368262541663917	0.638878131854118	754.105748989582	raw_counts / DESeq2 median-of-ratios (via riborex)	0.391	0.185	6.625	7.236	81.596	39.789	432.968	331.898	81.596	39.789	432.968	331.898
MM_RS16395	0.928375892667583	0.366404736581997	0.638878131854118	57.9883409494617	raw_counts / DESeq2 median-of-ratios (via riborex)	0.05	0.097	0.388	1.155	10.742	20.178	22.463	52.784	10.742	20.178	22.463	52.784
MM_RS11185	-0.89966901411894	0.365584399578283	0.638878131854118	849.761048106144	raw_counts / DESeq2 median-of-ratios (via riborex)	401.835	455.637	682.238	803.379	86137.044	95741.758	44775.277	37252.422	86137.044	95741.758	44775.277	37252.422
MM_RS02990	-0.846565741401638	0.368176372832643	0.638878131854118	104.271408409548	raw_counts / DESeq2 median-of-ratios (via riborex)	0.145	0.14	1.626	1.193	30.818	29.586	89.591	56.446	30.818	29.586	89.591	56.446
MM_RS14785	-0.769058878737529	0.367773875095474	0.638878131854118	66.7069779545684	raw_counts / DESeq2 median-of-ratios (via riborex)	0.105	0.059	0.857	0.732	22.599	12.501	48.285	32.746	22.599	12.501	48.285	32.746
MM_RS00670	0.754699072713825	0.366460453889951	0.638878131854118	51.4905918477372	raw_counts / DESeq2 median-of-ratios (via riborex)	0.259	0.801	6.725	19.774	54.919	165.123	404.118	895.537	54.919	165.123	404.118	895.537
MM_RS09120	-0.74572442769789	0.368209480790362	0.638878131854118	766.745246167917	raw_counts / DESeq2 median-of-ratios (via riborex)	391.232	507.128	756.325	783.832	83992.328	106713.401	45635.301	37632.62	83992.328	106713.401	45635.301	37632.62
MM_RS09290	0.701353800675741	0.36592983263295	0.638878131854118	377.334667053982	raw_counts / DESeq2 median-of-ratios (via riborex)	0.667	0.623	1.712	5.052	141.868	132.185	103.375	211.343	141.868	132.185	103.375	211.343
MM_RS02460	0.698540571405842	0.36722015114464	0.638878131854118	105.659756900865	raw_counts / DESeq2 median-of-ratios (via riborex)	0.369	0.959	3.602	10.488	79.19	203.991	218.198	468.417	79.19	203.991	218.198	468.417
MM_RS16875	-0.685289927358236	0.367968818317857	0.638878131854118	87.4829288235088	raw_counts / DESeq2 median-of-ratios (via riborex)	0.114	0.056	0.551	0.491	24.15	11.924	30.835	21.894	24.15	11.924	30.835	21.894
MM_RS09330	-0.667722301727048	0.366411727339619	0.638878131854118	4426.2283154327	raw_counts / DESeq2 median-of-ratios (via riborex)	1.852	1.251	32.264	35.168	391.441	276.248	1917.653	1479.991	391.441	276.248	1917.653	1479.991
MM_RS12720	0.626363052360108	0.365569149788643	0.638878131854118	68.3157060504773	raw_counts / DESeq2 median-of-ratios (via riborex)	0.136	0.213	0.688	1.616	28.929	45.509	39.241	72.129	28.929	45.509	39.241	72.129
MM_RS12550	0.58435549449839	0.364807556942239	0.638878131854118	126.972247780399	raw_counts / DESeq2 median-of-ratios (via riborex)	0.057	0.051	0.162	0.392	12.182	11.113	9.432	17.296	12.182	11.113	9.432	17.296
MM_RS09595	-0.577570433897329	0.36761761287862	0.638878131854118	571.004891529141	raw_counts / DESeq2 median-of-ratios (via riborex)	0.806	0.749	2.799	3.414	171.33	161.384	169.659	147.479	171.33	161.384	169.659	147.479
MM_RS04475	-0.570206614791038	0.36765385913906	0.638878131854118	512.727903323663	raw_counts / DESeq2 median-of-ratios (via riborex)	0.531	0.535	3.154	3.424	113.489	111.243	183.317	148.128	113.489	111.243	183.317	148.128
MM_RS09405	0.530904431566377	0.368340248144377	0.638878131854118	166.009854739363	raw_counts / DESeq2 median-of-ratios (via riborex)	0.093	0.107	1.062	2.656	19.726	22.909	63.49	118.454	19.726	22.909	63.49	118.454
MM_RS13310	-0.799390663887499	0.369090538376133	0.639756933185297	540.77584613847	raw_counts / DESeq2 median-of-ratios (via riborex)	0.883	0.692	2.062	2.354	189.99	146.493	129.387	103.525	189.99	146.493	129.387	103.525
MM_RS08665	-0.96379757185564	0.369481083354106	0.640011428026307	122.116696047293	raw_counts / DESeq2 median-of-ratios (via riborex)	3.381	0.825	5.732	5.06	732.872	175.284	343.216	231.368	732.872	175.284	343.216	231.368
MM_RS10480	0.597095991510295	0.369758669356265	0.640070049920602	371.736756732926	raw_counts / DESeq2 median-of-ratios (via riborex)	0.098	0.162	1.81	4.222	21.108	33.946	104.119	190.058	21.108	33.946	104.119	190.058
MM_RS09260	0.652760770754459	0.37111298028123	0.641991229392957	64.3113635469087	raw_counts / DESeq2 median-of-ratios (via riborex)	0.046	0.06	0.094	0.223	9.881	12.958	5.319	9.887	9.881	12.958	5.319	9.887
MM_RS04345	0.547926369859088	0.371448163484821	0.642148042996142	223.149669484111	raw_counts / DESeq2 median-of-ratios (via riborex)	0.246	0.235	0.882	2.129	52.157	50.65	51.661	92.032	52.157	50.65	51.661	92.032
MM_RS10445	-0.738163794228545	0.371844884056714	0.642410964166402	276.629412265155	raw_counts / DESeq2 median-of-ratios (via riborex)	0.091	0.206	0.795	0.893	19.183	43.313	48.737	38.941	19.183	43.313	48.737	38.941
MM_RS17095	-0.656421002834607	0.372869188006185	0.642911679385583	105.385299263425	raw_counts / DESeq2 median-of-ratios (via riborex)	0.085	0.067	0.512	0.492	18.254	14.097	29.228	22.038	18.254	14.097	29.228	22.038
MM_RS02880	0.509743801641239	0.372562775018456	0.642911679385583	319.697326978879	raw_counts / DESeq2 median-of-ratios (via riborex)	0.165	0.215	1.184	2.722	34.855	45.688	69.052	121.273	34.855	45.688	69.052	121.273
MM_RS02465	0.475782096024306	0.372684471261231	0.642911679385583	258.277415209942	raw_counts / DESeq2 median-of-ratios (via riborex)	0.397	0.457	1.841	4.118	84.246	96.381	107.298	184.74	84.246	96.381	107.298	184.74
MM_RS19580	-0.684988692452538	0.373431798578888	0.643459253981731	53.3148020040066	raw_counts / DESeq2 median-of-ratios (via riborex)	1.281	0.866	11.134	12.501	272.986	182.562	673.569	547.567	272.986	182.562	673.569	547.567
MM_RS07435	0.463934464115599	0.37422304462781	0.644399813241069	1154.20890738866	raw_counts / DESeq2 median-of-ratios (via riborex)	1.339	1.268	6.581	15.332	283.837	273.924	389.476	675.795	283.837	273.924	389.476	675.795
MM_RS14995	-0.686371631125174	0.374560277734058	0.644557856703562	52.8697930704372	raw_counts / DESeq2 median-of-ratios (via riborex)	0.079	0.066	0.794	0.762	17.004	13.787	45.64	34.216	17.004	13.787	45.64	34.216
MM_RS08390	0.685477780572877	0.375183722603079	0.645207894928413	101.250407295814	raw_counts / DESeq2 median-of-ratios (via riborex)	0.211	0.353	5.343	14.622	44.407	77.73	317.603	653.435	44.407	77.73	317.603	653.435
MM_RS03155	-0.709338409564625	0.37651425196154	0.646829308321835	153.272280416083	raw_counts / DESeq2 median-of-ratios (via riborex)	0.235	0.189	4.916	4.175	49.792	40.039	274.56	194.705	49.792	40.039	274.56	194.705
MM_RS12365	-0.536225508792054	0.37665510092816	0.646829308321835	127122.520551716	raw_counts / DESeq2 median-of-ratios (via riborex)	73411.589	61530.559	27527.525	28422.65	15567810.184	13482354.88	1565111.395	1242817.829	15567810.184	13482354.88	1565111.395	1242817.829
MM_RS12370	-0.533918647214957	0.376865514749584	0.646829308321835	127189.010327691	raw_counts / DESeq2 median-of-ratios (via riborex)	73487.011	61572.185	27443.605	28387.254	15586870.14	13490032.861	1560431.934	1241468.531	15586870.14	13490032.861	1560431.934	1241468.531
MM_RS00320	-0.75451757634336	0.377518022870186	0.647408727105592	60.2327876434484	raw_counts / DESeq2 median-of-ratios (via riborex)	0.568	0.505	2.095	2.238	121.495	105.782	128.659	105.601	121.495	105.782	128.659	105.601
MM_RS15710	0.478180532928286	0.377696180474397	0.647408727105592	322.194415700196	raw_counts / DESeq2 median-of-ratios (via riborex)	0.38	0.461	2.621	6.285	80.621	98.642	156.478	282.21	80.621	98.642	156.478	282.21
MM_RS17255	-0.727552156790087	0.378066133914744	0.647620135459959	136.391254053004	raw_counts / DESeq2 median-of-ratios (via riborex)	0.229	0.125	0.571	0.666	49.101	26.677	35.611	29.969	49.101	26.677	35.611	29.969
MM_RS03235	0.653308084526128	0.379368399536996	0.64942726022435	169.80644162007	raw_counts / DESeq2 median-of-ratios (via riborex)	0.07	0.109	0.498	1.317	14.692	23.735	29.405	57.543	14.692	23.735	29.405	57.543
MM_RS17165	0.805543399291045	0.380280840699703	0.650426144031292	58.5210887605116	raw_counts / DESeq2 median-of-ratios (via riborex)	0.11	0.183	0.272	0.723	23.757	39.34	15.48	31.633	23.757	39.34	15.48	31.633
MM_RS07640	0.537488627982131	0.380447279981746	0.650426144031292	208.025761626661	raw_counts / DESeq2 median-of-ratios (via riborex)	0.054	0.096	0.397	0.988	11.617	20.495	23.633	43.833	11.617	20.495	23.633	43.833
MM_RS10670	-0.708822660850478	0.381416899895599	0.651659583035681	162.501901639409	raw_counts / DESeq2 median-of-ratios (via riborex)	0.249	0.154	4.263	4.761	52.717	32.602	257.837	200.505	52.717	32.602	257.837	200.505
MM_RS11335	-0.633695299473312	0.381720812715281	0.651733632991969	89.7294765313911	raw_counts / DESeq2 median-of-ratios (via riborex)	0.302	0.334	0.5	0.547	63.709	71.36	29.901	25.075	63.709	71.36	29.901	25.075
MM_RS09735	-0.573179102444435	0.381956611262239	0.651733632991969	168.458049635623	raw_counts / DESeq2 median-of-ratios (via riborex)	0.475	0.338	1.932	2.164	101.565	72.375	114.639	100.544	101.565	72.375	114.639	100.544
MM_RS09695	-0.973147367352358	0.382740324565402	0.652646813187497	1815.89974203233	raw_counts / DESeq2 median-of-ratios (via riborex)	599.63	631.974	4156.025	4318.779	129461.07	133544.824	266197.099	209992.413	129461.07	133544.824	266197.099	209992.413
MM_RS13430	0.664526539226583	0.383353861608845	0.653268812838953	195.646020003987	raw_counts / DESeq2 median-of-ratios (via riborex)	0.27	0.332	0.458	1.321	57.978	70.911	27.969	59.635	57.978	70.911	27.969	59.635
MM_RS13490	0.487710142574297	0.384176589292194	0.654246253878925	138.330183435796	raw_counts / DESeq2 median-of-ratios (via riborex)	0.142	0.229	0.898	2.01	30.29	47.993	52.265	90.754	30.29	47.993	52.265	90.754
MM_RS05535	-0.963001065807589	0.384995096772651	0.654367070631057	77.5743106423694	raw_counts / DESeq2 median-of-ratios (via riborex)	0.089	0.079	1.412	1.487	19.182	16.728	89.599	64.72	19.182	16.728	89.599	64.72
MM_RS12555	0.545911318942005	0.384851481217728	0.654367070631057	132.776982803041	raw_counts / DESeq2 median-of-ratios (via riborex)	0.081	0.14	1.131	2.695	17.33	29.629	66.398	122.819	17.33	29.629	66.398	122.819
MM_RS02000	0.531761331378154	0.384543625846057	0.654367070631057	114.001757425241	raw_counts / DESeq2 median-of-ratios (via riborex)	0.153	0.144	0.609	1.527	32.514	30.654	36.507	68.717	32.514	30.654	36.507	68.717
MM_RS07605	0.713798339040411	0.385954667216977	0.655573710292225	59.6080449046569	raw_counts / DESeq2 median-of-ratios (via riborex)	0.301	0.228	0.783	1.875	63.657	48.571	43.904	82.942	63.657	48.571	43.904	82.942
MM_RS14625	-1.04548636908014	0.387257839712037	0.655593994395925	246.775776229995	raw_counts / DESeq2 median-of-ratios (via riborex)	0.55	0.18	1.919	1.874	114.137	38.802	121.268	83.712	114.137	38.802	121.268	83.712
MM_RS15155	0.758242117266096	0.386620480934898	0.655593994395925	86.2335968851023	raw_counts / DESeq2 median-of-ratios (via riborex)	0.216	0.361	3.133	9.931	45.583	76	194.144	467.427	45.583	76	194.144	467.427
MM_RS16010	0.706642771703787	0.387963848930414	0.655593994395925	128.60007859989	raw_counts / DESeq2 median-of-ratios (via riborex)	0.675	1.218	1.626	4.281	145.208	262.004	95.28	198.41	145.208	262.004	95.28	198.41
MM_RS11385	0.673188472269448	0.386699403816673	0.655593994395925	209.925479376485	raw_counts / DESeq2 median-of-ratios (via riborex)	0.105	0.211	2.41	7.305	22.457	44.292	149.351	333.002	22.457	44.292	149.351	333.002
MM_RS01915	0.660200939753079	0.387947747636464	0.655593994395925	104.740761690213	raw_counts / DESeq2 median-of-ratios (via riborex)	0.126	0.19	0.725	1.628	26.688	40.943	40.716	75.93	26.688	40.943	40.716	75.93
MM_RS08595	0.600757389964449	0.387278263295658	0.655593994395925	78.1303314421277	raw_counts / DESeq2 median-of-ratios (via riborex)	0.066	0.055	0.324	0.813	14.129	12.139	18.962	35.159	14.129	12.139	18.962	35.159
MM_RS08140	-0.585159292586093	0.387923140925998	0.655593994395925	113.879990369451	raw_counts / DESeq2 median-of-ratios (via riborex)	0.111	0.112	1.531	1.824	23.519	23.817	92.611	81.547	23.519	23.817	92.611	81.547
MM_RS10075	-0.563770358722753	0.387778613032859	0.655593994395925	82.1424515818729	raw_counts / DESeq2 median-of-ratios (via riborex)	0.114	0.021	0.772	0.857	24.218	4.512	45.596	39.611	24.218	4.512	45.596	39.611
MM_RS03065	0.466311223862221	0.388299277022117	0.655738843382688	216.934985466565	raw_counts / DESeq2 median-of-ratios (via riborex)	0.14	0.236	0.582	1.371	29.683	49.61	34.668	61.971	29.683	49.61	34.668	61.971
MM_RS05600	-0.812086653298971	0.389283080982148	0.656134384248473	7040.73966232151	raw_counts / DESeq2 median-of-ratios (via riborex)	5.519	5.015	34.709	43.99	1176.531	1056.809	2271.906	1905.172	1176.531	1056.809	2271.906	1905.172
MM_RS16415	0.738956115610418	0.388949460091595	0.656134384248473	102.576185097699	raw_counts / DESeq2 median-of-ratios (via riborex)	0.37	0.472	0.588	1.68	79.629	99.848	34.883	72.858	79.629	99.848	34.883	72.858
MM_RS05185	-0.65469805429685	0.389160087770399	0.656134384248473	168.045791863772	raw_counts / DESeq2 median-of-ratios (via riborex)	1.126	0.54	2.881	3.414	237.39	114.787	176.629	150.382	237.39	114.787	176.629	150.382
MM_RS04055	0.895768718516445	0.390373747090691	0.656851358359671	572.63423998654	raw_counts / DESeq2 median-of-ratios (via riborex)	2.873	3.103	3.619	10.491	623.05	674.586	208.938	473.861	623.05	674.586	208.938	473.861
MM_RS07645	0.575747877005023	0.390544482744938	0.656851358359671	93.2129841546071	raw_counts / DESeq2 median-of-ratios (via riborex)	0.122	0.14	0.517	1.382	25.926	30.466	31.346	61.783	25.926	30.466	31.346	61.783
MM_RS03195	-0.521167680019104	0.390202341243971	0.656851358359671	178.637890396134	raw_counts / DESeq2 median-of-ratios (via riborex)	0.25	0.153	0.678	0.834	53.174	32.591	40.97	37.911	53.174	32.591	40.97	37.911
MM_RS13435	-0.516470342549956	0.390708995338083	0.656851358359671	207.739216082825	raw_counts / DESeq2 median-of-ratios (via riborex)	0.485	0.196	3.685	4.57	102.914	41.667	222.764	207.889	102.914	41.667	222.764	207.889
MM_RS13270	-0.838766947520896	0.391788139632753	0.657056017832301	469.864640029222	raw_counts / DESeq2 median-of-ratios (via riborex)	0.28	0.427	4.492	5.447	60.134	89.594	291.969	242.688	60.134	89.594	291.969	242.688
MM_RS06840	0.689129666490636	0.391557021421107	0.657056017832301	231.406890506491	raw_counts / DESeq2 median-of-ratios (via riborex)	0.161	0.158	1.691	4.382	33.979	33.812	97.895	183.253	33.979	33.812	97.895	183.253
MM_RS10860	0.580986447160148	0.391831578037084	0.657056017832301	116.135597968377	raw_counts / DESeq2 median-of-ratios (via riborex)	0.221	0.254	2.083	5.225	47.376	53.476	123.296	235.634	47.376	53.476	123.296	235.634
MM_RS03955	-0.509900738184165	0.391643348375585	0.657056017832301	583.568112183712	raw_counts / DESeq2 median-of-ratios (via riborex)	0.438	0.439	7.501	8.389	92.529	93.953	435.534	372.711	92.529	93.953	435.534	372.711
MM_RS04380	0.513834648759021	0.392519124486051	0.657788909317403	387.633058192539	raw_counts / DESeq2 median-of-ratios (via riborex)	4.434	9.431	9.693	21.135	942.265	2046.967	553.571	923.915	942.265	2046.967	553.571	923.915
MM_RS08350	-0.726069439083842	0.392885671839733	0.657983274394859	80.8674438008959	raw_counts / DESeq2 median-of-ratios (via riborex)	0.03	0.042	0.871	1.03	6.312	9	54.405	45.634	6.312	9	54.405	45.634
MM_RS14715	-0.448851490415802	0.393765780293949	0.659036927375341	1590.86849459066	raw_counts / DESeq2 median-of-ratios (via riborex)	1.15	0.945	11.595	14.409	243.398	202.142	688.56	648.308	243.398	202.142	688.56	648.308
MM_RS14405	0.926041102018674	0.3947690189985	0.659853879696131	159.080599162427	raw_counts / DESeq2 median-of-ratios (via riborex)	1.558	3.266	2.516	9.246	324.408	697.817	156.619	410.234	324.408	697.817	156.619	410.234
MM_RS06075	0.598061846187135	0.395007729962802	0.659853879696131	319.494986412967	raw_counts / DESeq2 median-of-ratios (via riborex)	0.406	0.248	1.365	3.511	87.118	52.579	80.786	152.058	87.118	52.579	80.786	152.058
MM_RS01635	-0.476543926142786	0.394625702321481	0.659853879696131	637.003009166973	raw_counts / DESeq2 median-of-ratios (via riborex)	0.312	0.41	6.221	7.944	66.339	87.14	375.696	359.342	66.339	87.14	375.696	359.342
MM_RS06520	0.465407022528256	0.395761345719821	0.66069249450747	277.341746868373	raw_counts / DESeq2 median-of-ratios (via riborex)	0.954	0.906	4.823	10.75	201.962	191.367	281.977	489.217	201.962	191.367	281.977	489.217
MM_RS07190	-0.536612305312109	0.396410023437523	0.661354969216604	261.854567520591	raw_counts / DESeq2 median-of-ratios (via riborex)	0.122	0.078	0.669	0.752	26.195	16.717	39.177	33.628	26.195	16.717	39.177	33.628
MM_RS07675	-0.493737348282974	0.397135661241582	0.662144918362155	149.187194093638	raw_counts / DESeq2 median-of-ratios (via riborex)	0.14	0.099	1.403	1.672	29.847	21.046	83.261	76.542	29.847	21.046	83.261	76.542
MM_RS08510	-0.769843110763853	0.399615698560905	0.662656876667733	72.4253049277626	raw_counts / DESeq2 median-of-ratios (via riborex)	0.084	0.029	0.321	0.295	17.646	6.353	18.342	12.539	17.646	6.353	18.342	12.539
MM_RS10005	0.723830414232682	0.39947243999819	0.662656876667733	61.2023334635612	raw_counts / DESeq2 median-of-ratios (via riborex)	0.103	0.139	0.887	2.848	21.724	29.909	55.477	127.702	21.724	29.909	55.477	127.702
MM_RS18590	0.697319807564695	0.39973472465069	0.662656876667733	126.505850245633	raw_counts / DESeq2 median-of-ratios (via riborex)	1.016	1.289	32.809	95.22	218.078	273.334	1994.425	4438.696	218.078	273.334	1994.425	4438.696
MM_RS07010	0.675229846852059	0.39996616508696	0.662656876667733	122.21274911341	raw_counts / DESeq2 median-of-ratios (via riborex)	0.139	0.24	0.541	1.7	29.643	51.439	33.98	76.172	29.643	51.439	33.98	76.172
MM_RS04650	-0.637222215051003	0.399358688565372	0.662656876667733	744.76761914836	raw_counts / DESeq2 median-of-ratios (via riborex)	1.117	1.426	7.502	9.724	237.297	304.675	474.769	440.36	237.297	304.675	474.769	440.36
MM_RS05675	-0.618973119080279	0.399548451895833	0.662656876667733	589.823835713843	raw_counts / DESeq2 median-of-ratios (via riborex)	0.336	0.383	5.068	6.463	71.837	82.093	316.855	289.93	71.837	82.093	316.855	289.93
MM_RS07535	-0.572059637056451	0.399494050223938	0.662656876667733	172.706795849742	raw_counts / DESeq2 median-of-ratios (via riborex)	0.08	0.086	1.583	1.973	17.083	18.377	96.838	87.159	17.083	18.377	96.838	87.159
MM_RS05360	-0.535860740412015	0.399724328348894	0.662656876667733	2481.86265177886	raw_counts / DESeq2 median-of-ratios (via riborex)	0.795	0.601	4.531	5.585	170.064	128.18	273.175	243.388	170.064	128.18	273.175	243.388
MM_RS00330	-0.479623799172827	0.39860853089891	0.662656876667733	350.372951057014	raw_counts / DESeq2 median-of-ratios (via riborex)	0.27	0.247	2.265	2.663	57.61	52.436	132.639	117.386	57.61	52.436	132.639	117.386
MM_RS11985	-0.447393703271849	0.39842796467579	0.662656876667733	404.273301202107	raw_counts / DESeq2 median-of-ratios (via riborex)	0.408	0.595	6.009	7.296	87.133	128.194	353.433	324.313	87.133	128.194	353.433	324.313
MM_RS10555	0.490722604186887	0.401291224442828	0.664433010962715	648.46086558376	raw_counts / DESeq2 median-of-ratios (via riborex)	0.93	1.428	9.202	22.971	197.926	304.432	556.737	1056.391	197.926	304.432	556.737	1056.391
MM_RS04170	1.08290576979761	0.401574168223358	0.664482524104939	49.560618110553	raw_counts / DESeq2 median-of-ratios (via riborex)	0.018	0.069	1.646	5.22	4.03	14.887	93.742	235.81	4.03	14.887	93.742	235.81
MM_RS06920	0.460218100219629	0.402324683483341	0.665305175583913	475.52860452784	raw_counts / DESeq2 median-of-ratios (via riborex)	0.453	0.654	6.301	13.577	95.939	139.304	363.827	603.655	95.939	139.304	363.827	603.655
MM_RS13295	-0.907713880768097	0.404065420194568	0.667742679869593	2303.53556200199	raw_counts / DESeq2 median-of-ratios (via riborex)	1.24	1.459	12.297	14.79	267.229	311.843	813.665	671.076	267.229	311.843	813.665	671.076
MM_RS10795	-0.529994541206374	0.404307258565367	0.667742679869593	184.362624350275	raw_counts / DESeq2 median-of-ratios (via riborex)	0.186	0.264	2.026	2.354	39.883	56.407	119.823	105.633	39.883	56.407	119.823	105.633
MM_RS15990	0.781258038062093	0.406373526795159	0.669471067355137	52.6292997808529	raw_counts / DESeq2 median-of-ratios (via riborex)	0.125	0.179	1.081	2.632	26.301	38.19	60.625	122.372	26.301	38.19	60.625	122.372
MM_RS16300	-0.665651803437496	0.406065007125	0.669471067355137	50.8582843558936	raw_counts / DESeq2 median-of-ratios (via riborex)	0.096	0.107	1	0.922	20.569	22.299	56.594	42.198	20.569	22.299	56.594	42.198
MM_RS09030	-0.448906191348866	0.406098596411941	0.669471067355137	378.513061687203	raw_counts / DESeq2 median-of-ratios (via riborex)	0.315	0.175	2.32	2.693	66.731	37.472	134.489	120.447	66.731	37.472	134.489	120.447
MM_RS01585	-0.432369565342488	0.406174397875998	0.669471067355137	524.356455225684	raw_counts / DESeq2 median-of-ratios (via riborex)	0.591	0.601	7.454	9.476	126.019	126.917	444.124	423.563	126.019	126.917	444.124	423.563
MM_RS13320	-0.702654940256671	0.408541261638303	0.672620284051526	1046.95209790542	raw_counts / DESeq2 median-of-ratios (via riborex)	0.927	0.666	6.874	8.623	199.016	142.114	436.538	386.205	199.016	142.114	436.538	386.205
MM_RS09885	0.609365554683713	0.408814946304834	0.672649153506575	65.8524588719474	raw_counts / DESeq2 median-of-ratios (via riborex)	0.085	0.173	1.497	3.898	17.907	38.339	89.017	172.867	17.907	38.339	89.017	172.867
MM_RS13125	-0.492144893946143	0.409102097755856	0.672700130686836	149.577396158179	raw_counts / DESeq2 median-of-ratios (via riborex)	0.171	0.082	0.695	0.826	36.365	17.374	40.899	36.275	36.365	17.374	40.899	36.275
MM_RS06935	-0.640353834663405	0.409571603904252	0.67305070829322	82.3440266377505	raw_counts / DESeq2 median-of-ratios (via riborex)	0.034	0.039	0.52	0.624	7.359	8.234	31.885	27.448	7.359	8.234	31.885	27.448
MM_RS18255	-0.851629280826031	0.410536822150534	0.674214943694373	51.8064906107734	raw_counts / DESeq2 median-of-ratios (via riborex)	2.714	1.106	29.678	27.045	569.218	231.419	1764.246	1313.575	569.218	231.419	1764.246	1313.575
MM_RS07110	-0.452225514570486	0.41143337794565	0.675265031553297	366.800900072842	raw_counts / DESeq2 median-of-ratios (via riborex)	0.335	0.286	3.916	4.492	70.982	61.303	226.162	199.013	70.982	61.303	226.162	199.013
MM_RS13315	-0.64602697954578	0.411741741125831	0.6753490394731	670.852227752743	raw_counts / DESeq2 median-of-ratios (via riborex)	1.767	1.081	3.781	4.727	378.991	230.247	235.908	208.189	378.991	230.247	235.908	208.189
MM_RS13640	0.748725220422446	0.413861740793133	0.677979370756561	150.494249981411	raw_counts / DESeq2 median-of-ratios (via riborex)	0.293	0.474	0.979	3.109	61.406	101.698	60.59	141.668	61.406	101.698	60.59	141.668
MM_RS00510	0.516228846340716	0.413812274312554	0.677979370756561	105.121507957914	raw_counts / DESeq2 median-of-ratios (via riborex)	0.153	0.168	0.856	2.086	32.542	35.685	51.105	95.572	32.542	35.685	51.105	95.572
MM_RS08735	-0.522648935901569	0.414285356788927	0.678250216289104	273689.464605291	raw_counts / DESeq2 median-of-ratios (via riborex)	158500.511	198529.207	46571.628	61731.532	33663363.046	43447641.725	2877498.962	2737256.273	33663363.046	43447641.725	2877498.962	2737256.273
MM_RS06555	-0.516412224320642	0.415496298404265	0.679808896953022	488.698272159625	raw_counts / DESeq2 median-of-ratios (via riborex)	0.22	0.235	4.195	5.418	46.91	50.191	256.186	238.568	46.91	50.191	256.186	238.568
MM_RS05150	0.653641686451985	0.416089482974293	0.679861976433616	180.417878608934	raw_counts / DESeq2 median-of-ratios (via riborex)	0.776	1.311	4.41	11.559	166.628	276.578	261.848	548.742	166.628	276.578	261.848	548.742
MM_RS05920	-0.646641902400924	0.416336395299622	0.679861976433616	207.221154235936	raw_counts / DESeq2 median-of-ratios (via riborex)	0.186	0.122	1.794	1.622	39.654	25.435	101.036	77.46	39.654	25.435	101.036	77.46
MM_RS16570	0.601025251979254	0.415997571348277	0.679861976433616	341.926209307735	raw_counts / DESeq2 median-of-ratios (via riborex)	0.187	0.462	2.055	6.164	39.893	98.199	128.946	275.027	39.893	98.199	128.946	275.027
MM_RS06165	0.508995631120245	0.416691951219242	0.679861976433616	296.077545146745	raw_counts / DESeq2 median-of-ratios (via riborex)	0.138	0.192	0.964	2.47	29.546	41.629	58.379	109.529	29.546	41.629	58.379	109.529
MM_RS13520	0.449097972549911	0.416823222413603	0.679861976433616	203.510382572297	raw_counts / DESeq2 median-of-ratios (via riborex)	0.064	0.095	0.51	1.124	13.674	20.453	29.835	50.955	13.674	20.453	29.835	50.955
MM_RS02945	-0.553090306237163	0.417180572887469	0.68002246083333	88.8820030077846	raw_counts / DESeq2 median-of-ratios (via riborex)	0.052	0.018	0.207	0.213	11.019	3.895	11.789	9.493	11.019	3.895	11.789	9.493
MM_RS06030	0.665619389663317	0.418264854451678	0.681117797493025	62.5896788158122	raw_counts / DESeq2 median-of-ratios (via riborex)	0.153	0.154	1.525	3.94	32.225	33.465	89.122	174.593	32.225	33.465	89.122	174.593
MM_RS12005	-0.602057933438656	0.418630664567305	0.681117797493025	259.517806827694	raw_counts / DESeq2 median-of-ratios (via riborex)	0.149	0.214	2.658	3.211	31.382	46.457	161.798	140.665	31.382	46.457	161.798	140.665
MM_RS14565	-0.493483999483071	0.418547195306653	0.681117797493025	258.88184906211	raw_counts / DESeq2 median-of-ratios (via riborex)	0.324	0.323	5.123	5.437	68.898	68.266	292.263	249.609	68.898	68.266	292.263	249.609
MM_RS03300	-0.585255425904911	0.418937093383374	0.681194307879096	594.568419247568	raw_counts / DESeq2 median-of-ratios (via riborex)	1.599	1.238	29.369	37.552	338.921	261.233	1828.398	1738.828	338.921	261.233	1828.398	1738.828
MM_RS17270	0.5844744260031	0.419707296589484	0.682024356957911	172.442733078737	raw_counts / DESeq2 median-of-ratios (via riborex)	0.07	0.123	0.751	1.854	14.981	26.243	44.182	83.734	14.981	26.243	44.182	83.734
MM_RS15300	-0.816215017078387	0.421516303470346	0.682954301833326	53.3075273129668	raw_counts / DESeq2 median-of-ratios (via riborex)	0.024	0.012	0.222	0.167	5.168	2.678	12.165	7.582	5.168	2.678	12.165	7.582
MM_RS06180	-0.750256405109132	0.420564986515165	0.682954301833326	175.854787917684	raw_counts / DESeq2 median-of-ratios (via riborex)	0.116	0.183	4.2	3.667	24.166	38.618	237.947	165.521	24.166	38.618	237.947	165.521
MM_RS02800	-0.71724207713971	0.421501494534624	0.682954301833326	475.12464972438	raw_counts / DESeq2 median-of-ratios (via riborex)	0.231	0.125	1.81	1.644	48.278	26.482	102.879	72.687	48.278	26.482	102.879	72.687
MM_RS05210	-0.688249200794416	0.424097951119215	0.682954301833326	162.378003085044	raw_counts / DESeq2 median-of-ratios (via riborex)	0.147	0.072	1.05	0.966	30.79	15.725	59.412	42.194	30.79	15.725	59.412	42.194
MM_RS07630	0.661270181526415	0.421834640782425	0.682954301833326	79.7508705638807	raw_counts / DESeq2 median-of-ratios (via riborex)	0.041	0.093	0.664	1.646	8.839	20.034	38.361	74.063	8.839	20.034	38.361	74.063
MM_RS10025	-0.657583057545393	0.423772815219391	0.682954301833326	150.823022092238	raw_counts / DESeq2 median-of-ratios (via riborex)	0.121	0.073	1.455	1.82	25.495	15.769	91.222	81.076	25.495	15.769	91.222	81.076
MM_RS02015	-0.585409194291927	0.424570256931524	0.682954301833326	98.4785250211774	raw_counts / DESeq2 median-of-ratios (via riborex)	0.094	0.082	1.24	1.496	20.122	17.248	75.345	66.901	20.122	17.248	75.345	66.901
MM_RS12080	0.583147773068352	0.422928366444188	0.682954301833326	63.0078892689937	raw_counts / DESeq2 median-of-ratios (via riborex)	1.172	0.591	8.248	18.667	249.576	122.175	472.143	861.868	249.576	122.175	472.143	861.868
MM_RS02360	-0.57317738457585	0.422727535291866	0.682954301833326	491.519704490783	raw_counts / DESeq2 median-of-ratios (via riborex)	1.138	1.301	5.996	7.747	241.042	274.894	371.184	337.537	241.042	274.894	371.184	337.537
MM_RS08220	-0.558513638856016	0.422535283690996	0.682954301833326	429.190156776129	raw_counts / DESeq2 median-of-ratios (via riborex)	0.728	0.413	3.941	4.378	153.027	88.493	231.222	197.371	153.027	88.493	231.222	197.371
MM_RS01945	0.557776112564163	0.424576703690003	0.682954301833326	67.721595774092	raw_counts / DESeq2 median-of-ratios (via riborex)	0.244	0.3	2.007	5.106	51.98	63.121	120.455	233.489	51.98	63.121	120.455	233.489
MM_RS07495	0.553815575882759	0.423828153364238	0.682954301833326	89.4814662998958	raw_counts / DESeq2 median-of-ratios (via riborex)	0.192	0.134	2.418	5.504	40.845	28.988	138.785	240.874	40.845	28.988	138.785	240.874
MM_RS02175	0.50006314853343	0.422859477531969	0.682954301833326	115.272720304244	raw_counts / DESeq2 median-of-ratios (via riborex)	0.106	0.108	0.542	1.344	22.561	22.672	32.564	59.734	22.561	22.672	32.564	59.734
MM_RS00805	-0.487020163447272	0.423535378820319	0.682954301833326	146.770779843426	raw_counts / DESeq2 median-of-ratios (via riborex)	0.183	0.176	1.558	1.964	38.871	37.105	93.927	88.328	38.871	37.105	93.927	88.328
MM_RS03500	0.480815889018161	0.424700828215469	0.682954301833326	1328.2995163842	raw_counts / DESeq2 median-of-ratios (via riborex)	1.133	1.474	3.861	9.368	239.397	317.954	231.727	429.721	239.397	317.954	231.727	429.721
MM_RS11930	0.475809609157247	0.424035758926616	0.682954301833326	173.499721374915	raw_counts / DESeq2 median-of-ratios (via riborex)	0.087	0.148	0.537	1.32	18.54	31.4	32.39	59.31	18.54	31.4	32.39	59.31
MM_RS09135	-0.469307303204271	0.421176517163112	0.682954301833326	1859.91066877908	raw_counts / DESeq2 median-of-ratios (via riborex)	4.431	1.198	6.662	7.456	938.234	256.904	382.75	326.543	938.234	256.904	382.75	326.543
MM_RS13655	0.635233935974487	0.425613919427033	0.68319770844694	53.4496672992466	raw_counts / DESeq2 median-of-ratios (via riborex)	0.013	0.015	0.13	0.308	2.79	3.199	7.434	13.54	2.79	3.199	7.434	13.54
MM_RS11480	-0.550110317596844	0.425269835665057	0.68319770844694	208.291236338338	raw_counts / DESeq2 median-of-ratios (via riborex)	0.326	0.278	3.439	3.456	68.966	59.255	194.301	152.217	68.966	59.255	194.301	152.217
MM_RS04855	0.474959873191562	0.425858041002525	0.68319770844694	299.814697858094	raw_counts / DESeq2 median-of-ratios (via riborex)	0.166	0.208	0.781	1.881	35.21	44.431	46.561	81.759	35.21	44.431	46.561	81.759
MM_RS16200	-0.451398020393346	0.425892859378386	0.68319770844694	138.437150833816	raw_counts / DESeq2 median-of-ratios (via riborex)	0.065	0.052	0.726	0.86	13.738	11.15	42.48	39.011	13.738	11.15	42.48	39.011
MM_RS14675	-0.583792107024132	0.426320090802525	0.683465542397698	417.030989442948	raw_counts / DESeq2 median-of-ratios (via riborex)	0.373	0.325	17.139	19.868	80.193	68.348	1026.203	892.768	80.193	68.348	1026.203	892.768
MM_RS17985	0.436209175823089	0.426834205875783	0.683872254197563	383.70222852768	raw_counts / DESeq2 median-of-ratios (via riborex)	0.247	0.291	0.418	0.865	52.651	62.302	23.969	39.246	52.651	62.302	23.969	39.246
MM_RS03510	-0.648858609574118	0.428130120256575	0.683893894991833	542.880475883448	raw_counts / DESeq2 median-of-ratios (via riborex)	0.277	1.135	5.662	7.461	59.067	247.054	361.499	336.232	59.067	247.054	361.499	336.232
MM_RS12820	0.615926243040037	0.427210927867106	0.683893894991833	66.3791557248208	raw_counts / DESeq2 median-of-ratios (via riborex)	0.206	0.197	1.255	3.009	44.031	42.332	72.853	140.333	44.031	42.332	72.853	140.333
MM_RS16960	-0.522136096987203	0.427650893583191	0.683893894991833	164.079750741853	raw_counts / DESeq2 median-of-ratios (via riborex)	0.088	0.101	2.683	3.248	18.834	21.78	160.39	143.239	18.834	21.78	160.39	143.239
MM_RS11435	0.518127149768002	0.42814987180753	0.683893894991833	90.2481180313894	raw_counts / DESeq2 median-of-ratios (via riborex)	0.761	1.074	8.904	21.91	161.423	231.884	530.843	975.791	161.423	231.884	530.843	975.791
MM_RS14070	0.487871032376925	0.427729073514039	0.683893894991833	197.322816430643	raw_counts / DESeq2 median-of-ratios (via riborex)	0.183	0.3	1.403	3.488	38.85	63.451	84.878	159.872	38.85	63.451	84.878	159.872
MM_RS05475	-0.680437023038846	0.428980467108667	0.684759996017081	1095.86063209488	raw_counts / DESeq2 median-of-ratios (via riborex)	1.656	1.874	93.93	123.304	353.453	399.508	6047.315	5631.3	353.453	399.508	6047.315	5631.3
MM_RS02590	0.522372997541939	0.429474376786037	0.684759996017081	133.582676526731	raw_counts / DESeq2 median-of-ratios (via riborex)	0.264	0.364	1.648	4.164	56.474	79.716	99.127	186.237	56.474	79.716	99.127	186.237
MM_RS03305	0.468596145492628	0.429218850579959	0.684759996017081	425.731404034088	raw_counts / DESeq2 median-of-ratios (via riborex)	0.794	0.856	8.567	20.866	169.033	181.081	516.867	961.905	169.033	181.081	516.867	961.905
MM_RS10400	-2.20621596408926	0.430650262462434	0.685240449941436	106.788239460726	raw_counts / DESeq2 median-of-ratios (via riborex)	0.121	0.063	2.238	0.577	24.947	13.142	119.705	27.658	24.947	13.142	119.705	27.658
MM_RS02485	-0.83443308333021	0.430220580852866	0.685240449941436	152.960694809002	raw_counts / DESeq2 median-of-ratios (via riborex)	0.33	0.21	7.885	9.841	69.39	44.001	517.986	438.078	69.39	44.001	517.986	438.078
MM_RS00740	0.526798915281971	0.430819490804764	0.685240449941436	861.975277504038	raw_counts / DESeq2 median-of-ratios (via riborex)	4.101	4.191	11.937	32.971	871.612	890.394	741.677	1497.481	871.612	890.394	741.677	1497.481
MM_RS06010	0.501211678545318	0.430473535433124	0.685240449941436	152.253091010773	raw_counts / DESeq2 median-of-ratios (via riborex)	0.243	0.393	1.582	3.878	51.406	83.024	94.803	175.731	51.406	83.024	94.803	175.731
MM_RS08720	-0.433236131764359	0.431406166027394	0.685758227595603	358.166476083049	raw_counts / DESeq2 median-of-ratios (via riborex)	0.126	0.136	1.066	1.361	26.956	28.711	63.638	60.796	26.956	28.711	63.638	60.796
MM_RS17665	0.559615598678904	0.432764302967546	0.687500943492303	110.909598680364	raw_counts / DESeq2 median-of-ratios (via riborex)	0.128	0.122	0.554	1.247	27.146	26.066	31.592	54.158	27.146	26.066	31.592	54.158
MM_RS16225	0.598684468783467	0.43402310385352	0.689083839612662	810.877005873235	raw_counts / DESeq2 median-of-ratios (via riborex)	0.163	0.512	3.347	7.465	34.692	111.827	188.749	315.608	34.692	111.827	188.749	315.608
MM_RS09700	0.485998550977263	0.434660097097823	0.689678196361863	177.302782445779	raw_counts / DESeq2 median-of-ratios (via riborex)	0.244	0.421	2.861	7.1	52.046	89.084	172.926	323.909	52.046	89.084	172.926	323.909
MM_RS05440	-0.642125942696777	0.436319603255193	0.691893283905879	3082.50096668787	raw_counts / DESeq2 median-of-ratios (via riborex)	845.058	772.64	7963.448	9739.238	178406.913	166462.856	496187.895	464136.97	178406.913	166462.856	496187.895	464136.97
MM_RS03640	0.704132654558921	0.438827366357217	0.69365076643892	317.356883194164	raw_counts / DESeq2 median-of-ratios (via riborex)	0.319	0.198	0.573	1.58	66.742	42.976	33.945	69.946	66.742	42.976	33.945	69.946
MM_RS07160	-0.600352023834595	0.438422501551161	0.69365076643892	86.3575593298277	raw_counts / DESeq2 median-of-ratios (via riborex)	0.14	0.085	1.191	1.299	29.467	18.502	70.391	59.897	29.467	18.502	70.391	59.897
MM_RS03675	0.547321693218561	0.439012785156697	0.69365076643892	207.828390513016	raw_counts / DESeq2 median-of-ratios (via riborex)	0.605	0.927	2.832	7.65	129.354	197.16	173.999	350.856	129.354	197.16	173.999	350.856
MM_RS10240	-0.539838711438922	0.438746108274258	0.69365076643892	358.060843148809	raw_counts / DESeq2 median-of-ratios (via riborex)	0.569	0.86	7.145	9.479	120.785	183.536	444.566	427.641	120.785	183.536	444.566	427.641
MM_RS16860	0.499634490080375	0.438375758137767	0.69365076643892	386.963806105296	raw_counts / DESeq2 median-of-ratios (via riborex)	0.085	0.056	0.396	0.903	18.199	12.148	23.232	42.372	18.199	12.148	23.232	42.372
MM_RS15110	0.463284979536381	0.438420626919751	0.69365076643892	306.096232174858	raw_counts / DESeq2 median-of-ratios (via riborex)	0.071	0.063	0.536	1.168	15.113	13.577	31.163	54.184	15.113	13.577	31.163	54.184
MM_RS13325	-1.86426993094142	0.440559535161892	0.693971753280524	378.552610448122	raw_counts / DESeq2 median-of-ratios (via riborex)	1.32	0.235	9.617	3.387	271.67	49.533	524.824	157.946	271.67	49.533	524.824	157.946
MM_RS00290	-0.771403025506972	0.440279138748051	0.693971753280524	144.502423555077	raw_counts / DESeq2 median-of-ratios (via riborex)	0.055	0.048	1.02	1.28	11.902	10.155	65.861	56.154	11.902	10.155	65.861	56.154
MM_RS13440	-0.607565384756305	0.440188323242305	0.693971753280524	400.579745618265	raw_counts / DESeq2 median-of-ratios (via riborex)	0.219	0.143	1.32	1.735	46.835	30.29	83.315	78.186	46.835	30.29	83.315	78.186
MM_RS03815	0.57358319042931	0.441065824914393	0.693971753280524	106.654733275079	raw_counts / DESeq2 median-of-ratios (via riborex)	0.028	0.053	0.302	0.652	6.064	11.287	17.049	29.607	6.064	11.287	17.049	29.607
MM_RS00155	-0.469322987656069	0.441005581881985	0.693971753280524	109.952064298238	raw_counts / DESeq2 median-of-ratios (via riborex)	0.05	0.022	0.295	0.335	10.551	4.743	17.001	14.849	10.551	4.743	17.001	14.849
MM_RS13150	-0.444613761812948	0.44064269049652	0.693971753280524	275.014669129611	raw_counts / DESeq2 median-of-ratios (via riborex)	1.163	1.253	11.269	13.247	246.497	263.231	658.286	613.338	246.497	263.231	658.286	613.338
MM_RS03440	-0.424542891426222	0.440359703675535	0.693971753280524	315.354047684588	raw_counts / DESeq2 median-of-ratios (via riborex)	0.211	0.147	2.12	2.742	44.882	31.372	126.698	121.364	44.882	31.372	126.698	121.364
MM_RS03180	-0.614649147168371	0.44145388195314	0.694166403598171	332.322332220006	raw_counts / DESeq2 median-of-ratios (via riborex)	0.252	0.203	4.506	4.025	53.679	43.281	249.414	178.912	53.679	43.281	249.414	178.912
MM_RS05195	-0.613646540873825	0.442146517000991	0.694452599303743	440.163815242518	raw_counts / DESeq2 median-of-ratios (via riborex)	0.346	0.242	7.598	10.147	73.652	51.358	481.572	444.5	73.652	51.358	481.572	444.5
MM_RS12430	0.531024557353747	0.442164792854477	0.694452599303743	114.686550494017	raw_counts / DESeq2 median-of-ratios (via riborex)	0.115	0.153	1.484	3.718	24.651	32.74	88.901	167.844	24.651	32.74	88.901	167.844
MM_RS12245	0.605995382152416	0.44261930368151	0.694750921379345	73.0378966750966	raw_counts / DESeq2 median-of-ratios (via riborex)	0.221	0.313	4.139	10.991	47.308	66.685	248.987	501.891	47.308	66.685	248.987	501.891
MM_RS05980	-0.617620197390038	0.444166084949395	0.695869613053641	449.980653967223	raw_counts / DESeq2 median-of-ratios (via riborex)	1.009	0.84	5.018	5.795	217.439	175.25	302.495	259.874	217.439	175.25	302.495	259.874
MM_RS03520	-0.545191568964742	0.444391980613464	0.695869613053641	1795.10956662194	raw_counts / DESeq2 median-of-ratios (via riborex)	2.069	1.412	16.713	17.141	435.434	305.658	951.636	764.392	435.434	305.658	951.636	764.392
MM_RS09995	0.504877143032274	0.444205594836944	0.695869613053641	175.581218218958	raw_counts / DESeq2 median-of-ratios (via riborex)	1.986	1.722	2.766	5.869	424.368	373.619	157.217	265.505	424.368	373.619	157.217	265.505
MM_RS04000	-0.480485897461065	0.443610106597683	0.695869613053641	92.138175325469	raw_counts / DESeq2 median-of-ratios (via riborex)	0.147	0.053	0.592	0.685	31.277	11.071	34.744	31.597	31.277	11.071	34.744	31.597
MM_RS04315	0.764135695177089	0.444767763257891	0.696042995420276	833.969438341485	raw_counts / DESeq2 median-of-ratios (via riborex)	1.665	3.027	14.171	51.087	358.861	651.541	912.982	2270.713	358.861	651.541	912.982	2270.713
MM_RS06720	-0.901495779079665	0.445454304295303	0.696287501833015	9053.19676007347	raw_counts / DESeq2 median-of-ratios (via riborex)	123.474	60.958	87.285	88.063	26839.151	13101.473	5357.562	3794.88	26839.151	13101.473	5357.562	3794.88
MM_RS16290	0.461113747179247	0.445297727891748	0.696287501833015	154.301988071572	raw_counts / DESeq2 median-of-ratios (via riborex)	0.238	0.195	0.795	1.665	50.62	41.601	45.545	75.824	50.62	41.601	45.545	75.824
MM_RS15280	0.54962204188727	0.445746121945217	0.696329158969744	162.713210442022	raw_counts / DESeq2 median-of-ratios (via riborex)	0.14	0.162	1.923	5.046	29.42	33.663	116.556	228.11	29.42	33.663	116.556	228.11
MM_RS12920	-0.631871945097832	0.446696445016241	0.696570584686845	285.256038171734	raw_counts / DESeq2 median-of-ratios (via riborex)	12.902	2.871	64.002	74.362	2705.133	604.152	3887.302	3388.327	2705.133	604.152	3887.302	3388.327
MM_RS10455	-0.570739607389792	0.446255353883478	0.696570584686845	1716.4162129639	raw_counts / DESeq2 median-of-ratios (via riborex)	7.526	7.91	74.375	71.947	1603.29	1705.192	4167.033	3078.87	1603.29	1705.192	4167.033	3078.87
MM_RS03645	0.486232191506406	0.446562430305639	0.696570584686845	212.459192277313	raw_counts / DESeq2 median-of-ratios (via riborex)	0.317	0.447	5.287	13.444	67.413	95.608	321.212	595.996	67.413	95.608	321.212	595.996
MM_RS02060	-0.492616841380499	0.447651674695043	0.697645874035123	362.99847404365	raw_counts / DESeq2 median-of-ratios (via riborex)	0.566	0.512	10.934	14.377	120.099	108.235	671.004	657.113	120.099	108.235	671.004	657.113
MM_RS01185	-0.808679940127868	0.448229328401354	0.698131800938289	532.121204897511	raw_counts / DESeq2 median-of-ratios (via riborex)	218.858	361.109	829.011	1055.281	47086.458	77525.751	54687.926	48451.204	47086.458	77525.751	54687.926	48451.204
MM_RS06940	-0.540740857153708	0.448687516203061	0.698431190011404	400.70161628508	raw_counts / DESeq2 median-of-ratios (via riborex)	0.109	0.084	0.512	0.654	23.048	18.207	31.442	29.51	23.048	18.207	31.442	29.51
MM_RS07705	-0.6107413202912	0.450621213260428	0.700782837390562	830.92300197359	raw_counts / DESeq2 median-of-ratios (via riborex)	0.627	0.568	9.067	9.584	131.569	119.329	531.548	448.746	131.569	119.329	531.548	448.746
MM_RS08230	-0.384979216954872	0.450731992518149	0.700782837390562	314.797290550203	raw_counts / DESeq2 median-of-ratios (via riborex)	0.375	0.492	2.56	3.109	79.869	103.462	148.552	139.782	79.869	103.462	148.552	139.782
MM_RS06495	0.773041911130065	0.451092696822118	0.700928651985138	2628.31886924032	raw_counts / DESeq2 median-of-ratios (via riborex)	0.685	1.926	10.432	24.728	143.565	424.054	577.543	1037.011	143.565	424.054	577.543	1037.011
MM_RS13710	-0.517303630822281	0.45211275761668	0.702098226789711	94.4133925151033	raw_counts / DESeq2 median-of-ratios (via riborex)	0.089	0.054	1.731	1.876	18.91	11.522	100.226	87.387	18.91	11.522	100.226	87.387
MM_RS09845	0.574556481106194	0.452649578713914	0.702238541600872	81.7715890142794	raw_counts / DESeq2 median-of-ratios (via riborex)	0.041	0.05	0.256	0.592	8.703	10.821	14.679	26.043	8.703	10.821	14.679	26.043
MM_RS00325	0.541044152265737	0.452737947802847	0.702238541600872	271.911598700153	raw_counts / DESeq2 median-of-ratios (via riborex)	0.77	0.751	1.241	3.027	165.454	158.515	73.349	134.808	165.454	158.515	73.349	134.808
MM_RS08715	0.387656981986356	0.453628404098934	0.703204361962103	467.21604615214	raw_counts / DESeq2 median-of-ratios (via riborex)	0.16	0.15	1.622	3.656	34.116	31.707	96.856	164.234	34.116	31.707	96.856	164.234
MM_RS09400	0.545081698425182	0.454840175871465	0.704251357216077	193.069975848449	raw_counts / DESeq2 median-of-ratios (via riborex)	0.36	0.502	1.599	3.738	77.388	106.32	93.36	171.969	77.388	106.32	93.36	171.969
MM_RS04780	-0.452858729695008	0.454573236551664	0.704251357216077	264.732498697934	raw_counts / DESeq2 median-of-ratios (via riborex)	0.817	0.5	4.792	5.776	172.511	107.963	281.939	259.665	172.511	107.963	281.939	259.665
MM_RS06655	-2.26709793233561	0.457320384514002	0.706841277065197	4243.95965663213	raw_counts / DESeq2 median-of-ratios (via riborex)	1.639	0.176	19.378	4.763	336.543	36.893	1038.42	234.262	336.543	36.893	1038.42	234.262
MM_RS07515	0.500528797866964	0.456959954836826	0.706841277065197	278.670454436732	raw_counts / DESeq2 median-of-ratios (via riborex)	0.794	0.892	4.343	10.071	169.385	189.573	256.252	476.754	169.385	189.573	256.252	476.754
MM_RS13505	0.431737527770965	0.457238069475953	0.706841277065197	118.635753484036	raw_counts / DESeq2 median-of-ratios (via riborex)	0.663	0.376	4.414	9.853	141.149	79.491	260.035	443.804	141.149	79.491	260.035	443.804
MM_RS06035	0.367125626612283	0.458614042317563	0.708423808897601	602.082027730114	raw_counts / DESeq2 median-of-ratios (via riborex)	0.596	0.589	4.342	9.48	126.79	125.286	257.89	429.125	126.79	125.286	257.89	429.125
MM_RS13370	0.504697513754147	0.459079772263673	0.708726326845624	373.529671642688	raw_counts / DESeq2 median-of-ratios (via riborex)	1.734	2.197	15.615	37	366.284	468.072	926.717	1740.55	366.284	468.072	926.717	1740.55
MM_RS04680	0.370308066731079	0.459975804256303	0.709692398341394	1311.77576297924	raw_counts / DESeq2 median-of-ratios (via riborex)	2.039	1.467	10.893	23.909	433.566	315.705	645.969	1055.967	433.566	315.705	645.969	1055.967
MM_RS16150	0.741160055613982	0.460736781302128	0.710449082618548	230.709142556093	raw_counts / DESeq2 median-of-ratios (via riborex)	4.338	10.135	13.29	40.377	932.164	2107.707	817.276	1986.353	932.164	2107.707	817.276	1986.353
MM_RS14025	0.649388311796571	0.461381942801437	0.711026397767942	53.5103470379563	raw_counts / DESeq2 median-of-ratios (via riborex)	0.372	0.225	2.901	7.443	78.021	48.397	170.005	331.818	78.021	48.397	170.005	331.818
MM_RS00710	-0.708993311878932	0.463443621163555	0.712616233329578	4189.98240370651	raw_counts / DESeq2 median-of-ratios (via riborex)	1970.632	2387.419	5262.358	6485.563	424843.579	502828.791	333936.958	302900.759	424843.579	502828.791	333936.958	302900.759
MM_RS06960	-0.624041029006605	0.463770427555312	0.712616233329578	348.977555768875	raw_counts / DESeq2 median-of-ratios (via riborex)	0.487	0.57	12.028	10.572	102.728	121.089	665.425	481.734	102.728	121.089	665.425	481.734
MM_RS05845	-0.54879713459975	0.463716670997734	0.712616233329578	166.125929887518	raw_counts / DESeq2 median-of-ratios (via riborex)	0.121	0.105	0.451	0.513	26.029	23.011	26.574	22.984	26.029	23.011	26.574	22.984
MM_RS00785	0.501783425710855	0.462918434185331	0.712616233329578	156.175758379339	raw_counts / DESeq2 median-of-ratios (via riborex)	0.307	0.206	0.947	2.002	65.055	44.363	53.677	88.041	65.055	44.363	53.677	88.041
MM_RS07415	-0.482150326184343	0.463456361493573	0.712616233329578	187.737142924349	raw_counts / DESeq2 median-of-ratios (via riborex)	0.113	0.094	1.298	1.607	24.16	19.908	78.028	75.169	24.16	19.908	78.028	75.169
MM_RS12015	-0.585769489372144	0.467886153403577	0.717261552152827	77.3014386559916	raw_counts / DESeq2 median-of-ratios (via riborex)	0.066	0.103	1.656	2.066	14.066	22.056	101.907	92.563	14.066	22.056	101.907	92.563
MM_RS08235	-0.548635737706539	0.467470743515259	0.717261552152827	234.404149358238	raw_counts / DESeq2 median-of-ratios (via riborex)	0.277	0.238	5.099	5.256	59.649	49.536	291.35	237.738	59.649	49.536	291.35	237.738
MM_RS16800	0.529663688197999	0.46746748530109	0.717261552152827	99.9414498704344	raw_counts / DESeq2 median-of-ratios (via riborex)	0.791	1.063	9.937	20.923	167.961	224.777	562.604	967.527	167.961	224.777	562.604	967.527
MM_RS11710	0.497466972047991	0.467823340092694	0.717261552152827	84.9076311951128	raw_counts / DESeq2 median-of-ratios (via riborex)	0.373	0.273	1.717	4.08	78.79	58.577	101.579	181.251	78.79	58.577	101.579	181.251
MM_RS06485	0.631006504760283	0.469097012562452	0.71869822344749	543.394744998301	raw_counts / DESeq2 median-of-ratios (via riborex)	1	2.523	12.959	27.433	210.807	545.34	716.492	1200.886	210.807	545.34	716.492	1200.886
MM_RS11440	0.612800078350266	0.469640699314497	0.719111648046571	180.740492655705	raw_counts / DESeq2 median-of-ratios (via riborex)	0.114	0.318	0.681	1.951	24.573	68.49	41.986	88.644	24.573	68.49	41.986	88.644
MM_RS14345	-0.599652952799899	0.470172619747159	0.719506584764592	82.2045069176426	raw_counts / DESeq2 median-of-ratios (via riborex)	0.057	0.037	1.231	1.353	11.851	8.054	72.734	61.172	11.851	8.054	72.734	61.172
MM_RS18760	0.561966365415655	0.470477133313793	0.719553262715213	114.636197421013	raw_counts / DESeq2 median-of-ratios (via riborex)	8.968	12.724	6.277	15.983	1903.239	2757.577	369.975	671.861	1903.239	2757.577	369.975	671.861
MM_RS11675	0.445222877813213	0.471243941980476	0.720306514342684	111.087465249485	raw_counts / DESeq2 median-of-ratios (via riborex)	0.085	0.078	0.19	0.418	18.197	16.644	11.085	18.739	18.197	16.644	11.085	18.739
MM_RS16740	-0.561874880674935	0.472102010204473	0.721198300638131	96.3370051820386	raw_counts / DESeq2 median-of-ratios (via riborex)	0.109	0.065	0.232	0.281	23.396	13.764	14.071	12.729	23.396	13.764	14.071	12.729
MM_RS07735	-0.463414551927302	0.472681861817288	0.721244955916443	461.048410444716	raw_counts / DESeq2 median-of-ratios (via riborex)	0.45	0.394	5.168	7.029	95.391	85.061	318.061	315.603	95.391	85.061	318.061	315.603
MM_RS15170	0.408144651649056	0.472488637833684	0.721244955916443	261.888024457227	raw_counts / DESeq2 median-of-ratios (via riborex)	0.072	0.085	0.445	0.979	15.187	18.65	26.242	44.388	15.187	18.65	26.242	44.388
MM_RS05895	0.443919111426376	0.473556290887113	0.722159593420185	224.192698305582	raw_counts / DESeq2 median-of-ratios (via riborex)	0.19	0.356	2.122	4.96	40.24	76.66	126.444	220.123	40.24	76.66	126.444	220.123
MM_RS17405	0.550792014405237	0.474741518134776	0.722715750494081	464.206071631209	raw_counts / DESeq2 median-of-ratios (via riborex)	0.283	0.343	4.725	12.233	60.792	73.546	283.094	520.497	60.792	73.546	283.094	520.497
MM_RS01210	0.550096817269924	0.474746637319988	0.722715750494081	128.033860348577	raw_counts / DESeq2 median-of-ratios (via riborex)	0.077	0.136	0.866	2.301	16.279	29.189	52.694	103.6	16.279	29.189	52.694	103.6
MM_RS10180	0.480783887888828	0.474317694043752	0.722715750494081	256.111530343992	raw_counts / DESeq2 median-of-ratios (via riborex)	0.553	0.455	1.685	3.706	118.523	95.479	97.668	167.921	118.523	95.479	97.668	167.921
MM_RS04060	0.477167517545532	0.475708750165684	0.723760821515114	236.587737062883	raw_counts / DESeq2 median-of-ratios (via riborex)	0.113	0.115	0.484	1.221	23.983	24.903	29.336	52.974	23.983	24.903	29.336	52.974
MM_RS08330	-0.638762118256745	0.476414654682342	0.723995881479068	239.170188381058	raw_counts / DESeq2 median-of-ratios (via riborex)	0.174	0.187	5.267	5.855	37.503	39.205	316.768	277.511	37.503	39.205	316.768	277.511
MM_RS08910	0.461292319109797	0.47630362813012	0.723995881479068	87.6893677881963	raw_counts / DESeq2 median-of-ratios (via riborex)	0.066	0.063	0.558	1.28	14.048	13.476	32.967	57.573	14.048	13.476	32.967	57.573
MM_RS12020	-0.539313765546848	0.476971271802676	0.724003791765219	242.433214927419	raw_counts / DESeq2 median-of-ratios (via riborex)	0.136	0.136	2.724	3.602	29.027	29.193	168.836	158.736	29.027	29.193	168.836	158.736
MM_RS08420	-0.412035536977622	0.476872111494535	0.724003791765219	155.889070823144	raw_counts / DESeq2 median-of-ratios (via riborex)	0.321	0.233	3.739	4.793	68.101	50.908	222.21	213.114	68.101	50.908	222.21	213.114
MM_RS15940	0.608367834121955	0.47756675020832	0.724070603953262	139.714162107791	raw_counts / DESeq2 median-of-ratios (via riborex)	0.091	0.115	0.138	0.35	19.677	24.489	8.17	16.007	19.677	24.489	8.17	16.007
MM_RS10165	0.51369474972057	0.47753700675685	0.724070603953262	641.796627581636	raw_counts / DESeq2 median-of-ratios (via riborex)	0.2	0.276	1.914	5.381	42.745	58.635	119.939	241.748	42.745	58.635	119.939	241.748
MM_RS15210	-0.657888972703922	0.477925172941709	0.724195905450046	600.400170149143	raw_counts / DESeq2 median-of-ratios (via riborex)	0.671	0.942	9.463	13.226	142.664	201.708	619.365	590.885	142.664	201.708	619.365	590.885
MM_RS02840	0.455001551028044	0.479011519589611	0.725423443161659	1962.05753175484	raw_counts / DESeq2 median-of-ratios (via riborex)	3.895	7.664	58.659	147.777	822.995	1633.055	3581.822	6623.19	822.995	1633.055	3581.822	6623.19
MM_RS05450	0.439343071407039	0.479494071284645	0.725735695212379	235.621018162626	raw_counts / DESeq2 median-of-ratios (via riborex)	0.072	0.143	1.017	2.378	15.252	30.715	60.71	106.191	15.252	30.715	60.71	106.191
MM_RS12485	-0.52280117792125	0.480056759393322	0.725750748512875	54.301535303291	raw_counts / DESeq2 median-of-ratios (via riborex)	0.113	0.065	0.855	0.932	24.071	14.121	49.1	40.768	24.071	14.121	49.1	40.768
MM_RS09075	-0.429492460566124	0.479948689142701	0.725750748512875	388.921124990854	raw_counts / DESeq2 median-of-ratios (via riborex)	0.253	0.291	3.761	5.108	53.782	62.312	229.379	229.683	53.782	62.312	229.379	229.683
MM_RS18700	0.980074002851666	0.482494002814382	0.726896551814618	573.983208388296	raw_counts / DESeq2 median-of-ratios (via riborex)	7.8	13.68	1.036	3.442	1702.426	2951.188	61.423	154.871	1702.426	2951.188	61.423	154.871
MM_RS07005	0.714626202865879	0.481497913512704	0.726896551814618	49.9991237515033	raw_counts / DESeq2 median-of-ratios (via riborex)	0.049	0.036	0.066	0.16	10.48	7.792	3.706	7.193	10.48	7.792	3.706	7.193
MM_RS06680	-0.605830347944402	0.482159328588875	0.726896551814618	77.9189171646165	raw_counts / DESeq2 median-of-ratios (via riborex)	0.049	0.052	2.306	2.322	10.55	11.176	132.737	107.515	10.55	11.176	132.737	107.515
MM_RS06200	0.572572342935947	0.483199081449154	0.726896551814618	94.2321775557303	raw_counts / DESeq2 median-of-ratios (via riborex)	0.153	0.196	0.899	1.876	32.777	42.645	50.17	85.345	32.777	42.645	50.17	85.345
MM_RS09935	0.54139756948302	0.482208639395201	0.726896551814618	229.19833443981	raw_counts / DESeq2 median-of-ratios (via riborex)	0.152	0.116	0.548	1.448	32.663	24.353	33.396	66.056	32.663	24.353	33.396	66.056
MM_RS09145	-0.449181548746786	0.483413400436209	0.726896551814618	258.926263093205	raw_counts / DESeq2 median-of-ratios (via riborex)	0.273	0.193	4.288	4.869	57.54	40.292	246.906	217.948	57.54	40.292	246.906	217.948
MM_RS11155	-0.438787587704403	0.483582740297082	0.726896551814618	2761.51552895882	raw_counts / DESeq2 median-of-ratios (via riborex)	962.574	1789.908	4946.714	6703.664	204679.872	379248.149	302976.106	310072.256	204679.872	379248.149	302976.106	310072.256
MM_RS09590	-0.432867099356822	0.482149193200477	0.726896551814618	723.03204771849	raw_counts / DESeq2 median-of-ratios (via riborex)	0.799	0.683	4.215	5.544	169.139	148.292	253.435	241.261	169.139	148.292	253.435	241.261
MM_RS11380	-0.401148121389965	0.482612217935704	0.726896551814618	237.900982052051	raw_counts / DESeq2 median-of-ratios (via riborex)	0.48	0.318	1.549	1.83	101.768	67.288	89.49	83.504	101.768	67.288	89.49	83.504
MM_RS09625	-0.351969166660556	0.483478937468097	0.726896551814618	748.381650538858	raw_counts / DESeq2 median-of-ratios (via riborex)	1.279	1.132	3.502	4.616	271.47	243.737	207.057	204.669	271.47	243.737	207.057	204.669
MM_RS17030	-0.426427208628245	0.484181259345813	0.727379855287246	269.389163131041	raw_counts / DESeq2 median-of-ratios (via riborex)	0.223	0.171	1.714	1.905	47.315	36.301	97.416	84.819	47.315	36.301	97.416	84.819
MM_RS08290	-0.496668784656396	0.485686719431469	0.728902161677104	142.025594406873	raw_counts / DESeq2 median-of-ratios (via riborex)	0.15	0.333	5.929	7.596	31.96	69.187	360.664	345.524	31.96	69.187	360.664	345.524
MM_RS12140	0.480291027675081	0.486027298208914	0.728902161677104	59.1477729195183	raw_counts / DESeq2 median-of-ratios (via riborex)	0.064	0.051	0.155	0.351	13.712	10.892	9.109	16.075	13.712	10.892	9.109	16.075
MM_RS00755	0.47576670005062	0.485975759815174	0.728902161677104	149.411833911314	raw_counts / DESeq2 median-of-ratios (via riborex)	0.414	0.24	1.698	3.717	87.244	50.442	98.472	169.691	87.244	50.442	98.472	169.691
MM_RS06925	-0.541866793402687	0.487038075826839	0.729584704575744	175.190210988492	raw_counts / DESeq2 median-of-ratios (via riborex)	0.281	0.389	1.935	1.995	60.33	82.848	109.931	86.997	60.33	82.848	109.931	86.997
MM_RS04395	-0.441163133394933	0.486990794067962	0.729584704575744	167.245894767922	raw_counts / DESeq2 median-of-ratios (via riborex)	0.107	0.065	0.806	0.89	22.574	14.009	45.889	40.014	22.574	14.009	45.889	40.014
MM_RS08295	0.444710575469382	0.488169833035518	0.730863159379287	350.789124712745	raw_counts / DESeq2 median-of-ratios (via riborex)	0.247	0.327	6.388	15.608	52.175	69.226	387.416	708.154	52.175	69.226	387.416	708.154
MM_RS05140	-0.577133261404521	0.489078304364592	0.731806055419611	305.615336150107	raw_counts / DESeq2 median-of-ratios (via riborex)	0.706	0.779	13.214	18.437	150.171	167.823	845.697	825.283	150.171	167.823	845.697	825.283
MM_RS03670	-0.610246609310334	0.490233392731453	0.732699424765393	94.8033714222698	raw_counts / DESeq2 median-of-ratios (via riborex)	0.115	0.096	0.47	0.576	24.698	20.832	28.853	25.447	24.698	20.832	28.853	25.447
MM_RS01420	0.438672391190389	0.490212005871344	0.732699424765393	149.822100581788	raw_counts / DESeq2 median-of-ratios (via riborex)	0.502	0.872	4.896	11.533	107.173	189.215	293.945	526.122	107.173	189.215	293.945	526.122
MM_RS08135	0.505685157670343	0.491503210211159	0.732928693932143	53.7422036672284	raw_counts / DESeq2 median-of-ratios (via riborex)	0.045	0.043	0.425	1.037	9.6	9.359	25.339	46.155	9.6	9.359	25.339	46.155
MM_RS04410	0.402985898259513	0.49077888598494	0.732928693932143	267.998374814698	raw_counts / DESeq2 median-of-ratios (via riborex)	0.231	0.358	1.095	2.46	49.276	77.719	64.89	107.832	49.276	77.719	64.89	107.832
MM_RS05755	-0.3991415582674	0.491222705791995	0.732928693932143	271.699591060151	raw_counts / DESeq2 median-of-ratios (via riborex)	0.297	0.236	1.891	2.168	63.144	50.67	107.917	96.836	63.144	50.67	107.917	96.836
MM_RS10265	-0.396901848088296	0.491478992817026	0.732928693932143	2221.39829966245	raw_counts / DESeq2 median-of-ratios (via riborex)	1205.315	1341.852	1240.65	1643.567	255162.777	284095.441	74575.776	75469.088	255162.777	284095.441	74575.776	75469.088
MM_RS04010	0.49530594079432	0.491937799370336	0.73316042062798	1033.0639035177	raw_counts / DESeq2 median-of-ratios (via riborex)	3.18	5.176	34.375	78.861	668.407	1127.291	2008.313	3462.263	668.407	1127.291	2008.313	3462.263
MM_RS13620	0.426427797557778	0.4923934631222	0.733423275189391	167.222200139982	raw_counts / DESeq2 median-of-ratios (via riborex)	0.115	0.159	1.105	2.541	24.349	33.614	65.959	115.735	24.349	33.614	65.959	115.735
MM_RS10960	0.393947381445188	0.493448189897027	0.734577634166436	363.029506130373	raw_counts / DESeq2 median-of-ratios (via riborex)	0.301	0.336	1.817	4.104	64.428	72.085	108.377	183.95	64.428	72.085	108.377	183.95
MM_RS10690	0.634028577732458	0.493852725764744	0.734723974908816	81.8750358269049	raw_counts / DESeq2 median-of-ratios (via riborex)	0.307	0.255	0.122	0.311	66.081	55.17	7.13	13.782	66.081	55.17	7.13	13.782
MM_RS01560	-0.397508867200393	0.494106069950102	0.734723974908816	241.02670640886	raw_counts / DESeq2 median-of-ratios (via riborex)	0.331	0.276	2.12	2.645	70.213	59.507	124.042	115.193	70.213	59.507	124.042	115.193
MM_RS10370	-0.587264785643314	0.494534682141453	0.734839421795357	469.944126123645	raw_counts / DESeq2 median-of-ratios (via riborex)	0.451	0.239	1.35	1.806	96.91	53.107	84.969	78.763	96.91	53.107	84.969	78.763
MM_RS12660	0.532830310230594	0.494743373089943	0.734839421795357	142.885519262622	raw_counts / DESeq2 median-of-ratios (via riborex)	0.218	0.224	1.313	2.945	46.791	47.035	75.587	131.932	46.791	47.035	75.587	131.932
MM_RS02120	0.495662588214158	0.496150115109664	0.736512268105132	97.9810336868018	raw_counts / DESeq2 median-of-ratios (via riborex)	0.039	0.055	0.264	0.652	8.36	11.706	15.782	28.348	8.36	11.706	15.782	28.348
MM_RS03575	0.736373954420872	0.496940976672947	0.737269494205175	116.075788553914	raw_counts / DESeq2 median-of-ratios (via riborex)	0.153	0.309	1.863	6.704	32.98	63.973	120.65	291.086	32.98	63.973	120.65	291.086
MM_RS11960	-0.512932530395492	0.497488965795299	0.737665739231199	262.073938817317	raw_counts / DESeq2 median-of-ratios (via riborex)	0.124	0.104	2.055	2.34	26.064	22.244	120.486	106.825	26.064	22.244	120.486	106.825
MM_RS10425	0.477557761709078	0.498408369885876	0.738611952212365	425.747707706264	raw_counts / DESeq2 median-of-ratios (via riborex)	0.303	0.621	9.389	23.357	63.772	129.176	567.564	1045.409	63.772	129.176	567.564	1045.409
MM_RS01170	-0.546950560729909	0.499858209869456	0.739302235656838	53.1500423258717	raw_counts / DESeq2 median-of-ratios (via riborex)	0.366	0.398	5.583	7.001	77.597	83.179	342.051	319.032	77.597	83.179	342.051	319.032
MM_RS02350	-0.43109809780289	0.499632205632124	0.739302235656838	361.61643185917	raw_counts / DESeq2 median-of-ratios (via riborex)	0.67	0.699	3.015	3.41	143.072	146.659	173.49	159.557	143.072	146.659	173.49	159.557
MM_RS10190	-0.424392165451448	0.500000293422142	0.739302235656838	200.103249772401	raw_counts / DESeq2 median-of-ratios (via riborex)	0.132	0.115	3.057	3.528	27.913	24.149	176.147	159.417	27.913	24.149	176.147	159.417
MM_RS13535	-0.38705688339012	0.499244360687979	0.739302235656838	607.56418565863	raw_counts / DESeq2 median-of-ratios (via riborex)	0.408	0.207	1.899	2.573	86.655	44.909	114.205	112.911	86.655	44.909	114.205	112.911
MM_RS13515	0.52725905085513	0.501422330595505	0.740154603790779	56.456324570253	raw_counts / DESeq2 median-of-ratios (via riborex)	0.032	0.044	0.262	0.675	6.664	9.158	15.86	30.387	6.664	9.158	15.86	30.387
MM_RS07075	-0.443612860584542	0.501245837456505	0.740154603790779	1737.80544905597	raw_counts / DESeq2 median-of-ratios (via riborex)	0.351	0.462	4.442	6.233	74.776	98.192	274.458	273.887	74.776	98.192	274.458	273.887
MM_RS05800	0.354741056931652	0.501312037842716	0.740154603790779	484.147737337139	raw_counts / DESeq2 median-of-ratios (via riborex)	0.471	0.552	7.135	15.39	99.891	117.847	422.491	684.983	99.891	117.847	422.491	684.983
MM_RS07020	0.52607325916801	0.503139247317488	0.742271721042542	81.2282538752914	raw_counts / DESeq2 median-of-ratios (via riborex)	1.81	1.349	21.439	45.869	381.452	287.101	1217.17	2065.042	381.452	287.101	1217.17	2065.042
MM_RS05090	-0.442494625259007	0.503638066200381	0.742590433375745	371.163395123678	raw_counts / DESeq2 median-of-ratios (via riborex)	0.455	0.394	6.132	7.96	97.477	83.428	368.959	355.957	97.477	83.428	368.959	355.957
MM_RS12925	-0.415282911242179	0.503988778665223	0.742690534666035	444.526528215354	raw_counts / DESeq2 median-of-ratios (via riborex)	0.371	0.222	2.852	3.656	79.191	47.08	170.44	169.909	79.191	47.08	170.44	169.909
MM_RS09370	-0.587751784397874	0.504533550708582	0.743076334358236	232.845821810453	raw_counts / DESeq2 median-of-ratios (via riborex)	105.11	197.852	274.906	353.5	22630.82	41707.026	17121.056	15891.188	22630.82	41707.026	17121.056	15891.188
MM_RS12195	0.687136924567462	0.506542755249106	0.744905238809282	445.804373752279	raw_counts / DESeq2 median-of-ratios (via riborex)	1.754	7.649	19.054	67.712	377.441	1633.901	1244.494	2954.282	377.441	1633.901	1244.494	2954.282
MM_RS00725	-0.635047975648951	0.506626335305932	0.744905238809282	4153.76684488863	raw_counts / DESeq2 median-of-ratios (via riborex)	1971.037	2388.858	5050.93	6477.817	424970.909	503123.701	319101.567	302514.771	424970.909	503123.701	319101.567	302514.771
MM_RS03515	-0.355087117225331	0.50650056526863	0.744905238809282	843.071094735256	raw_counts / DESeq2 median-of-ratios (via riborex)	2.332	3.226	42.61	55.538	493.508	682.666	2517.906	2523.12	493.508	682.666	2517.906	2523.12
MM_RS05795	-0.488812369715405	0.508162552241666	0.745911046498946	138.641995714698	raw_counts / DESeq2 median-of-ratios (via riborex)	0.32	0.153	0.965	1.28	68.537	33.344	59.283	57.325	68.537	33.344	59.283	57.325
MM_RS17015	0.419875772107446	0.508106905816263	0.745911046498946	192.306798369755	raw_counts / DESeq2 median-of-ratios (via riborex)	0.153	0.162	0.897	2.07	32.319	34.476	53.5	91.686	32.319	34.476	53.5	91.686
MM_RS04295	0.359228425555737	0.508071847112988	0.745911046498946	571.94943316457	raw_counts / DESeq2 median-of-ratios (via riborex)	2.899	3.161	7.358	16.56	617.844	671.541	442.485	746.94	617.844	671.541	442.485	746.94
MM_RS00280	-1.89054234885822	0.514668196099286	0.746039843379076	88.1940531584618	raw_counts / DESeq2 median-of-ratios (via riborex)	0.126	0.112	0.424	0.133	27.199	22.66	22.573	6.086	27.199	22.66	22.573	6.086
MM_RS15525	0.83219111665494	0.514564316546222	0.746039843379076	55.2620064823901	raw_counts / DESeq2 median-of-ratios (via riborex)	0.56	1.765	7.488	20.521	117.226	360.873	435.681	1034.937	117.226	360.873	435.681	1034.937
MM_RS01145	0.805565717613757	0.514778206460639	0.746039843379076	56.6030754897221	raw_counts / DESeq2 median-of-ratios (via riborex)	0.05	0.188	1.333	4.456	10.812	39.78	82.759	201.271	10.812	39.78	82.759	201.271
MM_RS10830	0.74513365963469	0.511427880330692	0.746039843379076	100.270979594067	raw_counts / DESeq2 median-of-ratios (via riborex)	0.025	0.046	0.265	0.865	5.526	9.682	16.541	38.564	5.526	9.682	16.541	38.564
MM_RS11550	-0.723132183238246	0.514481080335882	0.746039843379076	87.7401120227927	raw_counts / DESeq2 median-of-ratios (via riborex)	0.103	0.12	1.556	1.189	21.841	26.062	84.398	55.457	21.841	26.062	84.398	55.457
MM_RS06500	0.689919930117355	0.514988989326571	0.746039843379076	456.487428921012	raw_counts / DESeq2 median-of-ratios (via riborex)	0.323	1.058	8.866	18.519	68.301	231.348	481.636	789.678	68.301	231.348	481.636	789.678
MM_RS11200	0.52796522165343	0.513693421039857	0.746039843379076	91.8197814382503	raw_counts / DESeq2 median-of-ratios (via riborex)	0.038	0.104	2.24	5.558	8.243	22.869	133.814	250.164	8.243	22.869	133.814	250.164
MM_RS04255	-0.524145753163599	0.515068635204214	0.746039843379076	55.5688853396072	raw_counts / DESeq2 median-of-ratios (via riborex)	0.067	0.037	0.389	0.401	14.079	7.963	22.058	18.149	14.079	7.963	22.058	18.149
MM_RS06080	-0.503544352700957	0.508619013006675	0.746039843379076	56.0818169224163	raw_counts / DESeq2 median-of-ratios (via riborex)	0.062	0.016	0.487	0.543	13.006	3.284	28.097	23.779	13.006	3.284	28.097	23.779
MM_RS07480	0.496212124113067	0.510844926463818	0.746039843379076	115.040185489221	raw_counts / DESeq2 median-of-ratios (via riborex)	0.078	0.189	3.161	7.511	16.54	39.075	187.926	347.711	16.54	39.075	187.926	347.711
MM_RS03315	-0.48350910023724	0.513840472549892	0.746039843379076	1088.85887685573	raw_counts / DESeq2 median-of-ratios (via riborex)	2.358	0.894	10.462	13.204	495.568	189.486	628.498	581.275	495.568	189.486	628.498	581.275
MM_RS03595	-0.476899248647965	0.513301891480626	0.746039843379076	731.492521638222	raw_counts / DESeq2 median-of-ratios (via riborex)	0.471	0.518	4.477	5.992	99.512	112.333	273.596	258.218	99.512	112.333	273.596	258.218
MM_RS14610	0.42719308653866	0.511730502216908	0.746039843379076	302.142010335039	raw_counts / DESeq2 median-of-ratios (via riborex)	0.306	0.49	3.442	8.64	65.174	105.063	211.698	390.561	65.174	105.063	211.698	390.561
MM_RS00885	-0.425853959843253	0.513337392274883	0.746039843379076	131.389653020137	raw_counts / DESeq2 median-of-ratios (via riborex)	0.04	0.028	0.463	0.576	8.489	5.986	27.239	25.14	8.489	5.986	27.239	25.14
MM_RS04110	0.417578562638309	0.513577050504427	0.746039843379076	1417.44166932789	raw_counts / DESeq2 median-of-ratios (via riborex)	10.27	5.241	23.269	57.684	2188.837	1106.606	1430.108	2651.53	2188.837	1106.606	1430.108	2651.53
MM_RS14325	-0.41657441934458	0.509250633032877	0.746039843379076	130.510989114602	raw_counts / DESeq2 median-of-ratios (via riborex)	0.183	0.167	3.783	4.519	38.791	35.317	219.209	198.388	38.791	35.317	219.209	198.388
MM_RS01735	0.400717356280209	0.514454573557651	0.746039843379076	257.796726359223	raw_counts / DESeq2 median-of-ratios (via riborex)	0.267	0.208	0.332	0.684	56.506	45.783	19.109	30.26	56.506	45.783	19.109	30.26
MM_RS04625	-0.38970543560084	0.51257394720051	0.746039843379076	184.031649539152	raw_counts / DESeq2 median-of-ratios (via riborex)	0.203	0.142	1.574	2.108	42.933	30.12	94.552	94.304	42.933	30.12	94.552	94.304
MM_RS15325	0.384562495870351	0.514305350926771	0.746039843379076	736.239137867209	raw_counts / DESeq2 median-of-ratios (via riborex)	3.4	3.55	12.221	26.196	717.886	765.56	716.739	1162.075	717.886	765.56	716.739	1162.075
MM_RS08410	0.373678788205917	0.514995116028492	0.746039843379076	218.253795416411	raw_counts / DESeq2 median-of-ratios (via riborex)	0.217	0.319	1.736	3.501	45.882	68.753	100.044	156.245	45.882	68.753	100.044	156.245
MM_RS19535	0.367025481547213	0.513301998189101	0.746039843379076	153.600208704155	raw_counts / DESeq2 median-of-ratios (via riborex)	0.164	0.156	1.178	2.431	34.799	33.578	68.542	109.401	34.799	33.578	68.542	109.401
MM_RS06145	0.361806634428524	0.510276250519294	0.746039843379076	267.433343842292	raw_counts / DESeq2 median-of-ratios (via riborex)	0.3	0.473	2.37	5.018	64.042	101.113	139.118	222.212	64.042	101.113	139.118	222.212
MM_RS09950	0.358498113042964	0.511438590247853	0.746039843379076	212.504581852577	raw_counts / DESeq2 median-of-ratios (via riborex)	0.096	0.076	0.322	0.676	20.402	16.123	18.839	29.867	20.402	16.123	18.839	29.867
MM_RS06430	-0.358447967742792	0.512694729774398	0.746039843379076	1163.9233694804	raw_counts / DESeq2 median-of-ratios (via riborex)	2.619	3.353	27.086	34.857	555.764	714.374	1588.323	1517.999	555.764	714.374	1588.323	1517.999
MM_RS17020	0.385350841442046	0.515703503390465	0.746547629494687	147.607861075526	raw_counts / DESeq2 median-of-ratios (via riborex)	0.135	0.118	0.272	0.585	28.827	25.146	15.947	25.74	28.827	25.146	15.947	25.74
MM_RS04195	-0.430999270101627	0.516161409421617	0.746798821565381	280.378965908415	raw_counts / DESeq2 median-of-ratios (via riborex)	1.289	0.875	10.455	11.743	271.924	192.134	597.818	528.086	271.924	192.134	597.818	528.086
MM_RS15275	-0.793640812701263	0.519235728076771	0.750426775937825	961.240118489488	raw_counts / DESeq2 median-of-ratios (via riborex)	328.992	518.136	1524.012	2098.546	70940.249	109151.976	103229.265	95202.056	70940.249	109151.976	103229.265	95202.056
MM_RS06005	0.375210628786131	0.519240461492394	0.750426775937825	499.599735444797	raw_counts / DESeq2 median-of-ratios (via riborex)	0.343	0.566	2.271	4.551	72.755	121.451	130.321	199.068	72.755	121.451	130.321	199.068
MM_RS07235	-0.482226869876454	0.520111013629886	0.751271464132058	659.978372489014	raw_counts / DESeq2 median-of-ratios (via riborex)	0.756	0.475	4.267	5.227	162.579	101.444	254.381	237.231	162.579	101.444	254.381	237.231
MM_RS12200	0.458340478120945	0.520716242939091	0.751732190191344	286.533587067347	raw_counts / DESeq2 median-of-ratios (via riborex)	0.108	0.196	3.084	8.086	23.025	42.056	191.31	367.152	23.025	42.056	191.31	367.152
MM_RS10440	-1.5171902899865	0.523261028481817	0.753065367692403	56527.8436742167	raw_counts / DESeq2 median-of-ratios (via riborex)	62.837	55.598	208.927	110.098	12920.777	11685.373	11884.629	4707.894	12920.777	11685.373	11884.629	4707.894
MM_RS14650	0.468783739875241	0.522538100420255	0.753065367692403	119.706017851858	raw_counts / DESeq2 median-of-ratios (via riborex)	0.185	0.243	0.558	1.396	39.392	50.718	34.132	65.458	39.392	50.718	34.132	65.458
MM_RS04025	-0.465483948427676	0.522687771656796	0.753065367692403	305.336792779106	raw_counts / DESeq2 median-of-ratios (via riborex)	0.575	0.426	2.004	2.199	123.461	94.11	114.672	99.665	123.461	94.11	114.672	99.665
MM_RS02785	0.462222352629335	0.522771593376	0.753065367692403	65.4209414722837	raw_counts / DESeq2 median-of-ratios (via riborex)	0.101	0.134	0.445	1.062	21.659	28.712	26.712	48.045	21.659	28.712	26.712	48.045
MM_RS00490	0.413444012393534	0.523360356450356	0.753065367692403	472.329397154547	raw_counts / DESeq2 median-of-ratios (via riborex)	0.454	0.548	3.254	8.173	96.51	116.377	200.424	362.363	96.51	116.377	200.424	362.363
MM_RS00260	-0.399765301183187	0.522960001947572	0.753065367692403	209.496513133178	raw_counts / DESeq2 median-of-ratios (via riborex)	0.197	0.257	0.854	0.975	42.028	54.752	48.8	44.467	42.028	54.752	48.8	44.467
MM_RS09805	0.400179421684142	0.524856780063377	0.754804986005711	134.5746179027	raw_counts / DESeq2 median-of-ratios (via riborex)	0.15	0.092	0.169	0.353	31.743	19.467	9.778	15.937	31.743	19.467	9.778	15.937
MM_RS13120	-0.581385651903415	0.525471815406945	0.755265537988637	457.651335936798	raw_counts / DESeq2 median-of-ratios (via riborex)	0.736	0.504	10.271	13.275	154.357	110.682	641.549	616.65	154.357	110.682	641.549	616.65
MM_RS09095	-0.461778100601355	0.525903891134094	0.755265537988637	111.391713417761	raw_counts / DESeq2 median-of-ratios (via riborex)	0.422	0.21	1.121	1.327	89.412	45.883	64.994	56.531	89.412	45.883	64.994	56.531
MM_RS12025	-0.431748861335168	0.526039858713335	0.755265537988637	690.384923668658	raw_counts / DESeq2 median-of-ratios (via riborex)	0.299	0.243	3.639	4.412	64.066	51.169	212.766	192.001	64.066	51.169	212.766	192.001
MM_RS13805	0.477434200211127	0.526483532871874	0.755489484875159	77.5978187629199	raw_counts / DESeq2 median-of-ratios (via riborex)	0.079	0.098	0.304	0.762	16.749	21.17	18.593	35.295	16.749	21.17	18.593	35.295
MM_RS03290	0.43339667967741	0.526861893579502	0.755619515313911	336.742052599459	raw_counts / DESeq2 median-of-ratios (via riborex)	4.136	5.953	20.929	49.364	887.245	1264.933	1257.067	2238.899	887.245	1264.933	1257.067	2238.899
MM_RS01965	0.398091712346979	0.527343740965462	0.755897742235428	438.652702215736	raw_counts / DESeq2 median-of-ratios (via riborex)	2.442	3.298	11.188	24.455	518.049	702.002	662.769	1153.253	518.049	702.002	662.769	1153.253
MM_RS10030	0.549707730433497	0.527805845831494	0.75614738197136	56.630584714501	raw_counts / DESeq2 median-of-ratios (via riborex)	0.082	0.076	0.31	0.689	17.293	16.082	17.764	31.651	17.293	16.082	17.764	31.651
MM_RS06630	0.434575936834256	0.528436350133815	0.756637871020392	1879.7237686612	raw_counts / DESeq2 median-of-ratios (via riborex)	758.006	963.384	2418.346	6062.826	162325.241	204713.975	147899.417	266576.454	162325.241	204713.975	147899.417	266576.454
MM_RS04655	0.339005560032667	0.529924650359887	0.75835538520167	1997.50294151538	raw_counts / DESeq2 median-of-ratios (via riborex)	3.085	3.758	24.152	54.529	656.442	811.336	1459.049	2436.704	656.442	811.336	1459.049	2436.704
MM_RS07615	0.434801782571034	0.532108452621597	0.760651495146606	196.640827188604	raw_counts / DESeq2 median-of-ratios (via riborex)	0.127	0.175	1.496	2.972	26.987	37.038	84.468	129.917	26.987	37.038	84.468	129.917
MM_RS05805	0.371728906840899	0.531998485974759	0.760651495146606	242.690320554994	raw_counts / DESeq2 median-of-ratios (via riborex)	0.734	0.706	2.644	5.406	155.38	150.817	153.744	249.514	155.38	150.817	153.744	249.514
MM_RS01290	0.458291994942826	0.53380763302756	0.761009144587607	133.825294440891	raw_counts / DESeq2 median-of-ratios (via riborex)	0.061	0.073	0.104	0.238	13.164	15.659	6.144	10.718	13.164	15.659	6.144	10.718
MM_RS05935	-0.448070498497016	0.533041550462531	0.761009144587607	462.313870583369	raw_counts / DESeq2 median-of-ratios (via riborex)	0.601	0.33	4.478	4.776	126.681	71.055	252.948	215.566	126.681	71.055	252.948	215.566
MM_RS08620	0.433675707010529	0.532802237318104	0.761009144587607	88.8310629933693	raw_counts / DESeq2 median-of-ratios (via riborex)	0.173	0.284	1.372	3.001	37.098	60.059	80.084	133.543	37.098	60.059	80.084	133.543
MM_RS09415	-0.405767400611528	0.533730221805385	0.761009144587607	372.206982990353	raw_counts / DESeq2 median-of-ratios (via riborex)	0.13	0.088	1.447	1.885	27.449	19.069	86.251	82.822	27.449	19.069	86.251	82.822
MM_RS12265	-0.374519478290667	0.533419035402458	0.761009144587607	160.94660119733	raw_counts / DESeq2 median-of-ratios (via riborex)	0.284	0.504	9.084	11.901	60.507	108.331	539.489	532.815	60.507	108.331	539.489	532.815
MM_RS00285	0.392348694731787	0.534632363351616	0.761771343549291	183.907212564229	raw_counts / DESeq2 median-of-ratios (via riborex)	0.179	0.235	6.054	12.052	38.115	49.685	346.193	541.75	38.115	49.685	346.193	541.75
MM_RS03200	-0.558001142569734	0.535825608260629	0.762021211784237	79.1556491487267	raw_counts / DESeq2 median-of-ratios (via riborex)	0.057	0.077	0.849	1.004	12.204	16.293	51.154	46.78	12.204	16.293	51.154	46.78
MM_RS11575	0.551528612888234	0.535728162656144	0.762021211784237	87.8234747058848	raw_counts / DESeq2 median-of-ratios (via riborex)	0.019	0.064	0.493	1.425	3.959	13.463	31.021	64.809	3.959	13.463	31.021	64.809
MM_RS12270	-0.446477271361542	0.536258644088831	0.762021211784237	235.802075472782	raw_counts / DESeq2 median-of-ratios (via riborex)	0.513	0.68	5.848	7.112	110.174	144.643	344.029	315.606	110.174	144.643	344.029	315.606
MM_RS11285	-0.373142891566424	0.536069833702387	0.762021211784237	260.596891939498	raw_counts / DESeq2 median-of-ratios (via riborex)	0.122	0.061	0.617	0.832	26.05	12.962	37.015	37.344	26.05	12.962	37.015	37.344
MM_RS13095	-0.35106587445716	0.53512530395906	0.762021211784237	353.557514847868	raw_counts / DESeq2 median-of-ratios (via riborex)	0.616	0.669	4.489	5.99	130.478	142.51	267.463	273.522	130.478	142.51	267.463	273.522
MM_RS07910	-0.40345616186668	0.537445130346436	0.763294165651564	159.116203077343	raw_counts / DESeq2 median-of-ratios (via riborex)	0.087	0.081	1.026	1.352	18.442	17.409	61.234	58.45	18.442	17.409	61.234	58.45
MM_RS05630	-0.503585104632837	0.53804751445718	0.763337335281237	522.125042903343	raw_counts / DESeq2 median-of-ratios (via riborex)	0.881	0.295	6.087	6.396	189.773	62.033	346.683	291.05	189.773	62.033	346.683	291.05
MM_RS04405	-0.455252309485594	0.538600219600489	0.763337335281237	914.725186650722	raw_counts / DESeq2 median-of-ratios (via riborex)	1.84	1.496	33.24	44.319	395.094	315.295	2029.713	2023.798	395.094	315.295	2029.713	2023.798
MM_RS15460	0.451871302621007	0.539299821392445	0.763337335281237	111.086570652451	raw_counts / DESeq2 median-of-ratios (via riborex)	0.04	0.069	0.995	2.024	8.605	14.693	56.769	94.554	8.605	14.693	56.769	94.554
MM_RS05910	0.440681625533336	0.539510317700676	0.763337335281237	66.9466887395222	raw_counts / DESeq2 median-of-ratios (via riborex)	0.026	0.037	0.086	0.18	5.557	7.834	4.93	7.926	5.557	7.834	4.93	7.926
MM_RS06285	0.43906804084699	0.538661839570679	0.763337335281237	89.9267104577993	raw_counts / DESeq2 median-of-ratios (via riborex)	0.287	0.195	1.235	2.886	60.693	41.212	74.302	134.385	60.693	41.212	74.302	134.385
MM_RS03975	-0.397241397853846	0.539118755506389	0.763337335281237	324.399863716548	raw_counts / DESeq2 median-of-ratios (via riborex)	0.41	0.33	2.708	3.133	86.452	71.296	155.093	140.911	86.452	71.296	155.093	140.911
MM_RS10765	0.374918781240553	0.539480183231485	0.763337335281237	102.693005536912	raw_counts / DESeq2 median-of-ratios (via riborex)	0.067	0.114	0.669	1.46	14.259	24.198	39.619	65.181	14.259	24.198	39.619	65.181
MM_RS03545	0.362976443285184	0.539822295963399	0.763367447065097	329.880252528147	raw_counts / DESeq2 median-of-ratios (via riborex)	0.876	1.094	3.065	6.519	185.277	233.581	179.942	286.322	185.277	233.581	179.942	286.322
MM_RS16305	0.368033452840246	0.540167850953429	0.763444982025676	127.272813076729	raw_counts / DESeq2 median-of-ratios (via riborex)	0.123	0.095	1.239	2.675	26.28	20.511	73.097	118.103	26.28	20.511	73.097	118.103
MM_RS04660	-0.495222288378742	0.540757768780815	0.763867617438634	1710.12513398036	raw_counts / DESeq2 median-of-ratios (via riborex)	8.625	13.232	78.164	115.185	1826.798	2837.285	4993.157	5123.981	1826.798	2837.285	4993.157	5123.981
MM_RS11515	-0.328418551131075	0.544379186925617	0.768569755304662	260.025293167977	raw_counts / DESeq2 median-of-ratios (via riborex)	0.28	0.11	1.811	2.228	59.435	23.411	104.257	100.956	59.435	23.411	104.257	100.956
MM_RS12355	0.334017027347324	0.544991274592979	0.769020465922172	264.794510870437	raw_counts / DESeq2 median-of-ratios (via riborex)	2.939	1.997	22.733	47.399	622.164	424.455	1337.732	2120.9	622.164	424.455	1337.732	2120.9
MM_RS18745	1.00952511552286	0.54564620727817	0.769531117246227	65.2398644847702	raw_counts / DESeq2 median-of-ratios (via riborex)	1.21	1.73	1.854	6.227	264.752	371.911	110.131	294.251	264.752	371.911	110.131	294.251
MM_RS09035	-0.358484820418631	0.546116302301271	0.76978068161199	329.369660836577	raw_counts / DESeq2 median-of-ratios (via riborex)	0.278	0.218	3.603	4.871	59.086	46.414	214.806	211.932	59.086	46.414	214.806	211.932
MM_RS03985	0.518926718710753	0.546579615674042	0.770020424227487	303.868366912536	raw_counts / DESeq2 median-of-ratios (via riborex)	0.751	1.028	13.023	37.08	159.976	215.604	824.047	1757.903	159.976	215.604	824.047	1757.903
MM_RS05245	-0.459435334922353	0.547467709141884	0.770858018341334	1999.35186628515	raw_counts / DESeq2 median-of-ratios (via riborex)	0.96	0.843	20.362	28.414	202.116	178.008	1264.467	1287.85	202.116	178.008	1264.467	1287.85
MM_RS14435	-0.365898648533278	0.547775233156288	0.770877686103115	179.278245509721	raw_counts / DESeq2 median-of-ratios (via riborex)	0.282	0.264	1.895	2.348	59.919	55.62	109.763	102.222	59.919	55.62	109.763	102.222
MM_RS03860	-0.578818771523556	0.54884553936485	0.771556952019324	144.620419306173	raw_counts / DESeq2 median-of-ratios (via riborex)	0.073	0.12	8.099	10.285	15.31	25.324	501.226	467.788	15.31	25.324	501.226	467.788
MM_RS03390	0.413154728029048	0.548677686796558	0.771556952019324	216.614969022048	raw_counts / DESeq2 median-of-ratios (via riborex)	0.242	0.185	1.117	2.326	52.013	38.56	64.664	106.613	52.013	38.56	64.664	106.613
MM_RS03210	0.398985062232857	0.550344483977254	0.772684544348785	133.892136856486	raw_counts / DESeq2 median-of-ratios (via riborex)	0.09	0.129	0.553	1.31	19.091	27.773	33.627	60	19.091	27.773	33.627	60
MM_RS16560	0.385542968461499	0.55053038175041	0.772684544348785	291.91748939536	raw_counts / DESeq2 median-of-ratios (via riborex)	0.159	0.205	2.289	4.986	33.989	43.133	135.674	232.43	33.989	43.133	135.674	232.43
MM_RS13105	0.338842151167537	0.550467281053933	0.772684544348785	325.525549152481	raw_counts / DESeq2 median-of-ratios (via riborex)	0.313	0.396	1.909	3.701	66.686	83.267	109.818	170.051	66.686	83.267	109.818	170.051
MM_RS02115	-0.39887038842053	0.552397799489761	0.77447764092905	66.5022126039231	raw_counts / DESeq2 median-of-ratios (via riborex)	0.053	0.037	0.4	0.516	11.155	7.942	23.737	23.061	11.155	7.942	23.737	23.061
MM_RS07180	-0.394146841909041	0.552260318034721	0.77447764092905	376.986589732477	raw_counts / DESeq2 median-of-ratios (via riborex)	2.151	1.208	32.523	36.742	460.462	253.092	1847.811	1650.118	460.462	253.092	1847.811	1650.118
MM_RS11665	0.443019306275783	0.553261315869331	0.775274394595978	166.114242961023	raw_counts / DESeq2 median-of-ratios (via riborex)	0.49	0.289	1.755	3.589	103.194	61.77	99.966	160.345	103.194	61.77	99.966	160.345
MM_RS08865	0.483995906965128	0.55416582750646	0.77571399948399	139.995362374889	raw_counts / DESeq2 median-of-ratios (via riborex)	0.27	0.465	1.398	3.006	56.877	100.252	79.906	128.932	56.877	100.252	79.906	128.932
MM_RS11670	-0.378797091733886	0.554075029523502	0.77571399948399	132.164664637569	raw_counts / DESeq2 median-of-ratios (via riborex)	0.13	0.077	0.583	0.668	27.742	16.686	33.123	29.891	27.742	16.686	33.123	29.891
MM_RS00045	-0.411263752882234	0.554668463008621	0.776003933862887	214.842936203155	raw_counts / DESeq2 median-of-ratios (via riborex)	0.625	0.312	1.875	2.097	132.055	66.705	106.299	92.996	132.055	66.705	106.299	92.996
MM_RS14180	0.58464407015232	0.555523679906573	0.776081618096312	116.295559934153	raw_counts / DESeq2 median-of-ratios (via riborex)	0.387	1.45	1.249	3.071	83.627	320.405	72.828	130.57	83.627	320.405	72.828	130.57
MM_RS17260	-0.527795785829654	0.555610602445189	0.776081618096312	112.695026178351	raw_counts / DESeq2 median-of-ratios (via riborex)	0.175	0.11	0.83	1.086	37.749	23.547	51.122	47.998	37.749	23.547	51.122	47.998
MM_RS01660	0.377005590953137	0.555098367856043	0.776081618096312	197.824925032512	raw_counts / DESeq2 median-of-ratios (via riborex)	4.103	3.038	18.963	44.437	873.559	655.76	1147.886	1941.868	873.559	655.76	1147.886	1941.868
MM_RS07805	-0.452015688854951	0.556327793602143	0.776257590860376	109.514524833982	raw_counts / DESeq2 median-of-ratios (via riborex)	0.289	0.243	2.298	3.092	62.04	51.063	140.63	139.235	62.04	51.063	140.63	139.235
MM_RS18220	0.422403242355847	0.556319380112166	0.776257590860376	112.300736778114	raw_counts / DESeq2 median-of-ratios (via riborex)	1.605	1.954	64.898	148.772	340.142	413.422	3875.821	6830.939	340.142	413.422	3875.821	6830.939
MM_RS01970	0.372512188574046	0.556989737968739	0.776477819096885	100.624979824229	raw_counts / DESeq2 median-of-ratios (via riborex)	0.546	0.712	2.481	5.372	115.917	149.136	147.322	247.787	115.917	149.136	147.322	247.787
MM_RS11890	-0.340502792192381	0.557077003495252	0.776477819096885	164.060355024287	raw_counts / DESeq2 median-of-ratios (via riborex)	0.041	0.032	0.724	0.979	8.665	6.878	43.117	43.786	8.665	6.878	43.117	43.786
MM_RS07790	0.473086327128877	0.558150018678329	0.776736591971008	85.4248131329869	raw_counts / DESeq2 median-of-ratios (via riborex)	0.135	0.097	0.391	0.883	28.318	21.223	22.934	40.431	28.318	21.223	22.934	40.431
MM_RS07840	-0.465301051269272	0.557907603140209	0.776736591971008	539.814836003401	raw_counts / DESeq2 median-of-ratios (via riborex)	12.187	9.445	5.12	6.971	2617.771	2018.784	316.636	316.463	2617.771	2018.784	316.636	316.463
MM_RS07715	0.356679930683042	0.557915067380366	0.776736591971008	329.740050140848	raw_counts / DESeq2 median-of-ratios (via riborex)	0.514	0.569	2.863	5.538	109.492	121.07	163.157	243.664	109.492	121.07	163.157	243.664
MM_RS02435	0.662297963097371	0.558943217930416	0.777223240951488	62.4510008807154	raw_counts / DESeq2 median-of-ratios (via riborex)	0.272	0.295	0.267	0.639	58.966	64.101	15.256	29.191	58.966	64.101	15.256	29.191
MM_RS11390	-0.350932830433849	0.559091661141417	0.777223240951488	355.886944851903	raw_counts / DESeq2 median-of-ratios (via riborex)	0.236	0.139	2.081	2.567	49.92	30.133	120.135	112.464	49.92	30.133	120.135	112.464
MM_RS06625	0.485232995425583	0.560327365593804	0.777761180905599	1391.5915581769	raw_counts / DESeq2 median-of-ratios (via riborex)	482.898	580.224	2227.712	5719.631	104073.859	121846.482	135975.562	257123.232	104073.859	121846.482	135975.562	257123.232
MM_RS04565	0.371066521128508	0.560367156996723	0.777761180905599	139.574270070546	raw_counts / DESeq2 median-of-ratios (via riborex)	0.272	0.139	1.006	2.041	57.462	29.914	58.044	90.949	57.462	29.914	58.044	90.949
MM_RS07880	-0.33642352796025	0.560236244465834	0.777761180905599	257.0732417154	raw_counts / DESeq2 median-of-ratios (via riborex)	0.169	0.293	2.212	3.04	35.992	62.679	132.34	135.776	35.992	62.679	132.34	135.776
MM_RS04735	0.378597748592371	0.562307445983331	0.780041919256327	224.124892751106	raw_counts / DESeq2 median-of-ratios (via riborex)	0.162	0.254	2.388	5.413	34.758	54.05	142.942	239.34	34.758	54.05	142.942	239.34
MM_RS09650	0.571806397814184	0.565207153595258	0.781309271047707	148.406267165532	raw_counts / DESeq2 median-of-ratios (via riborex)	0.467	0.546	2.633	5.275	97.923	116.918	145.507	244.078	97.923	116.918	145.507	244.078
MM_RS03580	0.520512522840726	0.565575778663453	0.781309271047707	638.760332311463	raw_counts / DESeq2 median-of-ratios (via riborex)	0.327	0.838	3.199	8.776	70.551	178.668	198.169	391.828	70.551	178.668	198.169	391.828
MM_RS12160	-0.501781216421906	0.564750023626316	0.781309271047707	147.820272683715	raw_counts / DESeq2 median-of-ratios (via riborex)	0.08	0.102	1.254	1.253	16.978	22.032	69.786	53.267	16.978	22.032	69.786	53.267
MM_RS17175	-0.436386867484145	0.565670777850478	0.781309271047707	60.7200346489435	raw_counts / DESeq2 median-of-ratios (via riborex)	0.13	0.054	0.521	0.677	27.877	11.309	31.492	30.847	27.877	11.309	31.492	30.847
MM_RS06475	-0.427338125901751	0.563543872057541	0.781309271047707	120.961882673767	raw_counts / DESeq2 median-of-ratios (via riborex)	0.108	0.065	0.895	1.266	23.139	13.743	55.441	56.968	23.139	13.743	55.441	56.968
MM_RS11300	-0.419914127743722	0.5644869375603	0.781309271047707	526.223446064209	raw_counts / DESeq2 median-of-ratios (via riborex)	0.257	0.378	6.268	7.915	54.054	82.576	372.194	360.61	54.054	82.576	372.194	360.61
MM_RS16175	0.387055345227489	0.565898794186115	0.781309271047707	1208.44187823561	raw_counts / DESeq2 median-of-ratios (via riborex)	1.427	1.419	8.165	16.124	300.734	304.599	466.412	723.146	300.734	304.599	466.412	723.146
MM_RS03355	0.361518148419063	0.563985151323849	0.781309271047707	203.746139990337	raw_counts / DESeq2 median-of-ratios (via riborex)	0.172	0.244	1.875	3.66	36.48	52.017	107.44	166.683	36.48	52.017	107.44	166.683
MM_RS03080	-0.349031209135776	0.565775441537277	0.781309271047707	1290.68948758837	raw_counts / DESeq2 median-of-ratios (via riborex)	2.614	2.534	19.899	23.798	552.622	547.92	1138.435	1052.545	552.622	547.92	1138.435	1052.545
MM_RS14045	0.315452595442291	0.566711284083943	0.782019880191505	165.482546894483	raw_counts / DESeq2 median-of-ratios (via riborex)	0.178	0.115	0.721	1.479	37.843	24.787	42.498	67.468	37.843	24.787	42.498	67.468
MM_RS00955	-0.337453158377524	0.5684293994835	0.783826269461007	2845.93030195213	raw_counts / DESeq2 median-of-ratios (via riborex)	1542.512	1846.445	1699.133	2402.53	327695.984	391696.612	103077.002	111174.849	327695.984	391696.612	103077.002	111174.849
MM_RS06015	0.304688484785407	0.568617305149741	0.783826269461007	663.767213876719	raw_counts / DESeq2 median-of-ratios (via riborex)	0.339	0.438	3.745	8.122	71.901	94.245	224.955	362.864	71.901	94.245	224.955	362.864
MM_RS00170	3.16516938606326	0.569066825392559	0.783943058122102	55.5834668862716	raw_counts / DESeq2 median-of-ratios (via riborex)	0.253	0.446	0.514	12.279	51.897	97.397	36.147	531.308	51.897	97.397	36.147	531.308
MM_RS09745	-0.49332932391264	0.570748962640971	0.783943058122102	195.295664718423	raw_counts / DESeq2 median-of-ratios (via riborex)	1.417	1.026	13.173	13.495	297.652	220.687	738.938	585.329	297.652	220.687	738.938	585.329
MM_RS17560	0.444328984019717	0.570791746812437	0.783943058122102	80.4319479883477	raw_counts / DESeq2 median-of-ratios (via riborex)	0.033	0.039	0.255	0.502	7.066	8.443	14.335	22.593	7.066	8.443	14.335	22.593
MM_RS04610	-0.415340401782357	0.569935446483626	0.783943058122102	107.096061244583	raw_counts / DESeq2 median-of-ratios (via riborex)	0.043	0.043	0.656	0.709	9.203	9.13	36.942	32.077	9.203	9.13	36.942	32.077
MM_RS10595	-0.414631796040656	0.570446800924085	0.783943058122102	147.16751966704	raw_counts / DESeq2 median-of-ratios (via riborex)	0.246	0.229	2.479	2.737	52.623	49.038	140.542	124.2	52.623	49.038	140.542	124.2
MM_RS04015	0.392277909580899	0.569947424356165	0.783943058122102	538.054911434058	raw_counts / DESeq2 median-of-ratios (via riborex)	0.467	0.543	5.356	10.696	98.42	116.206	307.063	486.426	98.42	116.206	307.063	486.426
MM_RS15355	0.341353998023698	0.570001122392198	0.783943058122102	723.416513111651	raw_counts / DESeq2 median-of-ratios (via riborex)	0.295	0.378	1.502	3.31	62.967	81.153	89.735	144.567	62.967	81.153	89.735	144.567
MM_RS14510	0.650874006241929	0.571488503761852	0.784489707725366	76.8965024828677	raw_counts / DESeq2 median-of-ratios (via riborex)	0.078	0.069	0.191	0.542	17.003	14.745	11.606	24.46	17.003	14.745	11.606	24.46
MM_RS05730	0.276032055171769	0.571865794731282	0.784597480127663	585.851067943725	raw_counts / DESeq2 median-of-ratios (via riborex)	0.938	0.936	5.544	11.324	199.462	200.567	328.535	507.825	199.462	200.567	328.535	507.825
MM_RS10375	0.519792444800173	0.572409785650942	0.784933732177218	203.869183660392	raw_counts / DESeq2 median-of-ratios (via riborex)	0.61	0.632	1.276	3.541	131.463	136.67	79.49	158.002	131.463	136.67	79.49	158.002
MM_RS06805	-0.313246285839982	0.573273212154446	0.785707440040488	226.385201948068	raw_counts / DESeq2 median-of-ratios (via riborex)	0.753	0.575	4.31	5.325	160.084	122.043	247.532	240.611	160.084	122.043	247.532	240.611
MM_RS13465	0.659500109106507	0.573922093143957	0.78577654671326	62.2193660486029	raw_counts / DESeq2 median-of-ratios (via riborex)	0.072	0.03	0.664	1.846	15.743	6.458	40.026	84.523	15.743	6.458	40.026	84.523
MM_RS08440	-0.501803545802861	0.573770953785992	0.78577654671326	61.2389808848121	raw_counts / DESeq2 median-of-ratios (via riborex)	0.147	0.106	0.811	1.036	31.692	22.464	49.041	44.914	31.692	22.464	49.041	44.914
MM_RS00700	-0.5378709593456	0.574924540890924	0.786456720535743	4085.08494493164	raw_counts / DESeq2 median-of-ratios (via riborex)	2133.698	2236.417	2774.056	4090.299	456322.312	477869.71	180577.435	193641.87	456322.312	477869.71	180577.435	193641.87
MM_RS02525	-0.390548415244904	0.575017861168555	0.786456720535743	270.783240803976	raw_counts / DESeq2 median-of-ratios (via riborex)	0.518	0.24	1.378	1.927	109.419	51.038	83.944	84.813	109.419	51.038	83.944	84.813
MM_RS16285	-0.496832309188421	0.575612113921737	0.786768907787175	135.880883095063	raw_counts / DESeq2 median-of-ratios (via riborex)	0.089	0.068	1.231	1.187	19.043	14.101	68.484	56.666	19.043	14.101	68.484	56.666
MM_RS09570	-0.339033184002081	0.575845331594421	0.786768907787175	179.641085754951	raw_counts / DESeq2 median-of-ratios (via riborex)	0.122	0.124	2.338	2.88	25.993	26.41	134.674	127.588	25.993	26.41	134.674	127.588
MM_RS14295	-0.42545338093707	0.577219174883745	0.787949946156299	261.237689055665	raw_counts / DESeq2 median-of-ratios (via riborex)	0.976	0.395	3.234	3.328	206.738	85.606	179.913	151.984	206.738	85.606	179.913	151.984
MM_RS12190	-0.365882499944408	0.577309861540259	0.787949946156299	137.718460405152	raw_counts / DESeq2 median-of-ratios (via riborex)	0.467	0.284	1.979	2.495	100.005	62.857	115.608	111.052	100.005	62.857	115.608	111.052
MM_RS02605	0.434260475149571	0.578416316472282	0.789049998470759	58.7061318026316	raw_counts / DESeq2 median-of-ratios (via riborex)	1.002	1.495	17.299	39.694	211.286	309.126	1028.749	1785.204	211.286	309.126	1028.749	1785.204
MM_RS11460	0.493240498724845	0.580888073111715	0.791067873877409	82.8885286225772	raw_counts / DESeq2 median-of-ratios (via riborex)	0.095	0.039	0.371	0.757	20.033	8.412	21.04	36.015	20.033	8.412	21.04	36.015
MM_RS06570	-0.457694129123205	0.581390814726764	0.791067873877409	133.167670340761	raw_counts / DESeq2 median-of-ratios (via riborex)	0.233	0.153	3.405	3.484	49.328	32.604	191.214	165.332	49.328	32.604	191.214	165.332
MM_RS07945	-0.455652832241972	0.581401750412566	0.791067873877409	300.293463692755	raw_counts / DESeq2 median-of-ratios (via riborex)	0.145	0.145	2.24	2.655	30.419	31.216	130.794	116.433	30.419	31.216	130.794	116.433
MM_RS05505	-0.411919978080999	0.58055047745076	0.791067873877409	63.9698683059473	raw_counts / DESeq2 median-of-ratios (via riborex)	0.116	0.076	1.013	1.309	24.473	16.178	60.617	59.495	24.473	16.178	60.617	59.495
MM_RS04465	-0.342629417333533	0.581340642600803	0.791067873877409	558.994110239631	raw_counts / DESeq2 median-of-ratios (via riborex)	0.537	0.469	2.716	3.884	113.767	100.641	164.615	169.724	113.767	100.641	164.615	169.724
MM_RS06490	0.505229932029207	0.582406229827334	0.791283950307339	799.553777841568	raw_counts / DESeq2 median-of-ratios (via riborex)	1.353	4.099	18.793	36.38	284.545	881.953	1037.68	1576.729	284.545	881.953	1037.68	1576.729
MM_RS08755	-0.468803869679786	0.582277135684523	0.791283950307339	1387.07752816834	raw_counts / DESeq2 median-of-ratios (via riborex)	3.377	1.57	11.777	17.478	711.526	334.207	750.284	789.14	711.526	334.207	750.284	789.14
MM_RS06135	-0.34588535105955	0.582464537678632	0.791283950307339	413.747007660942	raw_counts / DESeq2 median-of-ratios (via riborex)	0.244	0.187	4.99	7.204	51.676	39.878	304.85	325.326	51.676	39.878	304.85	325.326
MM_RS00715	-0.525471106008649	0.586030535570787	0.791792000521213	4088.13790186712	raw_counts / DESeq2 median-of-ratios (via riborex)	2136.445	2176.996	2748.112	4102.345	456887.3	465886.055	179169.398	194139.805	456887.3	465886.055	179169.398	194139.805
MM_RS05460	-0.520977635717671	0.585179687710943	0.791792000521213	1648.33722417928	raw_counts / DESeq2 median-of-ratios (via riborex)	0.388	0.739	7.61	11.594	83.1	156.762	497.433	529.061	83.1	156.762	497.433	529.061
MM_RS06930	-0.460069381365057	0.583712487858827	0.791792000521213	335.774750572093	raw_counts / DESeq2 median-of-ratios (via riborex)	0.724	0.46	12.923	12.932	152.413	99.512	719.401	598.76	152.413	99.512	719.401	598.76
MM_RS06535	0.439240057675766	0.584866225962849	0.791792000521213	109.03598468277	raw_counts / DESeq2 median-of-ratios (via riborex)	0.089	0.1	2.264	5.675	18.846	21.631	138.775	255.79	18.846	21.631	138.775	255.79
MM_RS14690	0.431523860183416	0.586710829964638	0.791792000521213	216.635843157718	raw_counts / DESeq2 median-of-ratios (via riborex)	0.339	0.298	1.295	2.413	71.678	63.3	72.168	112.878	71.678	63.3	72.168	112.878
MM_RS15705	-0.404433174415174	0.585934794248755	0.791792000521213	408.347491807334	raw_counts / DESeq2 median-of-ratios (via riborex)	0.326	0.175	1.009	1.314	68.653	37.281	60.567	61.478	68.653	37.281	60.567	61.478
MM_RS12010	-0.397512401868232	0.58562184793464	0.791792000521213	144.63967783946	raw_counts / DESeq2 median-of-ratios (via riborex)	0.144	0.221	6.44	9.047	30.621	47.269	394.421	404.781	30.621	47.269	394.421	404.781
MM_RS06450	0.37964244647485	0.585303898712064	0.791792000521213	67.1296714975331	raw_counts / DESeq2 median-of-ratios (via riborex)	0.537	0.314	5.087	10.298	114.72	67.285	293.16	463.447	114.72	67.285	293.16	463.447
MM_RS18580	-0.373374418754107	0.585029065871505	0.791792000521213	125.359770625721	raw_counts / DESeq2 median-of-ratios (via riborex)	1.903	4.373	63.801	84.753	407.297	950.325	3804.251	3775.468	407.297	950.325	3804.251	3775.468
MM_RS06760	0.35847004162142	0.58636535913587	0.791792000521213	254.442956929983	raw_counts / DESeq2 median-of-ratios (via riborex)	0.323	0.277	4.07	8.627	68.957	59.456	240.711	405.014	68.957	59.456	240.711	405.014
MM_RS04575	0.334117700526043	0.586758276090739	0.791792000521213	432.361299929318	raw_counts / DESeq2 median-of-ratios (via riborex)	0.818	1.053	3.223	7.049	172.834	224.407	192.489	310.3	172.834	224.407	192.489	310.3
MM_RS01570	0.328307537582934	0.584025500838659	0.791792000521213	234.564045365514	raw_counts / DESeq2 median-of-ratios (via riborex)	0.384	0.449	5.735	11.393	81.351	94.518	333.694	528.001	81.351	94.518	333.694	528.001
MM_RS01350	-0.269001497202793	0.583450638991168	0.791792000521213	737.034786106349	raw_counts / DESeq2 median-of-ratios (via riborex)	0.666	0.799	5.495	7.462	141.168	171.249	322.387	336.132	141.168	171.249	322.387	336.132
MM_RS00945	0.622537708640293	0.587798099537768	0.792746992957983	4491.42638852454	raw_counts / DESeq2 median-of-ratios (via riborex)	1842.983	1078.976	439.964	1002.438	382570.149	235907.71	24891.71	43222.177	382570.149	235907.71	24891.71	43222.177
MM_RS12420	0.301950081233624	0.588069741920088	0.792746992957983	481.810859906004	raw_counts / DESeq2 median-of-ratios (via riborex)	0.848	0.965	8.354	16.27	181.131	206.843	485.095	743.313	181.131	206.843	485.095	743.313
MM_RS18270	0.600404423251071	0.589798937840526	0.79440988962791	143.240019363394	raw_counts / DESeq2 median-of-ratios (via riborex)	14.149	17.261	12.449	31.719	3071.215	3793.879	735.912	1406.902	3071.215	3793.879	735.912	1406.902
MM_RS08795	0.372508687400978	0.589939330944968	0.79440988962791	554.794473984357	raw_counts / DESeq2 median-of-ratios (via riborex)	0.736	1.046	7.257	18.232	156.373	224.792	452.308	818.659	156.373	224.792	452.308	818.659
MM_RS14105	0.305994209971448	0.59021085097641	0.79440988962791	642.21242767882	raw_counts / DESeq2 median-of-ratios (via riborex)	0.327	0.286	1.159	2.529	69.257	60.282	69.923	115.066	69.257	60.282	69.923	115.066
MM_RS10975	-1.21576960505947	0.597690297747897	0.795910102376257	247.222311707702	raw_counts / DESeq2 median-of-ratios (via riborex)	0.273	0.297	6.67	6.705	59.519	61.529	450.299	319.382	59.519	61.529	450.299	319.382
MM_RS14620	-0.676571043381669	0.591935709538235	0.795910102376257	656.807671040755	raw_counts / DESeq2 median-of-ratios (via riborex)	0.464	0.081	1.861	2.066	96.021	17.41	112.268	92.672	96.021	17.41	112.268	92.672
MM_RS03010	-0.492231724046534	0.594730055561189	0.795910102376257	71.5285860518864	raw_counts / DESeq2 median-of-ratios (via riborex)	0.1	0.078	2.845	3.32	20.854	16.231	167.29	151.056	20.854	16.231	167.29	151.056
MM_RS15340	-0.478486534907999	0.594246472710991	0.795910102376257	137.379215621889	raw_counts / DESeq2 median-of-ratios (via riborex)	0.07	0.081	0.88	1.174	15.099	16.977	54.17	54.415	15.099	16.977	54.17	54.415
MM_RS17380	0.47509988942679	0.593126669275732	0.795910102376257	63.53605353511	raw_counts / DESeq2 median-of-ratios (via riborex)	0.176	0.211	1.376	3.026	37.814	44.444	80.22	141.597	37.814	44.444	80.22	141.597
MM_RS13040	0.417339050775178	0.592897103954156	0.795910102376257	771.885463978362	raw_counts / DESeq2 median-of-ratios (via riborex)	400.87	631.864	486.022	1223.253	85933.042	132433.116	30116.475	57125.23	85933.042	132433.116	30116.475	57125.23
MM_RS16370	0.386932230720708	0.596621942385527	0.795910102376257	82.4869483514479	raw_counts / DESeq2 median-of-ratios (via riborex)	0.02	0.024	0.285	0.668	4.218	4.978	17.261	30.033	4.218	4.978	17.261	30.033
MM_RS10520	0.385778159767963	0.596860233158878	0.795910102376257	108.728878499286	raw_counts / DESeq2 median-of-ratios (via riborex)	0.434	0.378	2.08	3.951	92.163	81.846	116.935	174.534	92.163	81.846	116.935	174.534
MM_RS15960	-0.377281710815395	0.595515593075695	0.795910102376257	49.4405809479966	raw_counts / DESeq2 median-of-ratios (via riborex)	0.024	0.017	0.086	0.108	5.015	3.682	5.012	4.773	5.015	3.682	5.012	4.773
MM_RS03925	-0.373758356951193	0.595451861071132	0.795910102376257	96.2547499628921	raw_counts / DESeq2 median-of-ratios (via riborex)	0.205	0.077	0.899	1.165	43.168	16.272	53.474	53.613	43.168	16.272	53.474	53.613
MM_RS07860	-0.367282630587903	0.595831386476161	0.795910102376257	704.718435298327	raw_counts / DESeq2 median-of-ratios (via riborex)	0.459	0.456	4.362	6.537	97.25	97.965	271.57	294.638	97.25	97.965	271.57	294.638
MM_RS01405	0.364960004848852	0.592264674251115	0.795910102376257	516.698266819521	raw_counts / DESeq2 median-of-ratios (via riborex)	0.774	0.815	3.481	7.422	162.969	172.571	205.31	338.294	162.969	172.571	205.31	338.294
MM_RS13100	0.344709478929136	0.597689897872288	0.795910102376257	447.034148259187	raw_counts / DESeq2 median-of-ratios (via riborex)	0.497	0.557	6.836	14.586	105.309	119.059	406.616	687.869	105.309	119.059	406.616	687.869
MM_RS05620	-0.342394946986584	0.597253073807223	0.795910102376257	744.090071015825	raw_counts / DESeq2 median-of-ratios (via riborex)	0.395	0.307	2.877	4.049	84.595	65.759	173.63	179.217	84.595	65.759	173.63	179.217
MM_RS15685	-0.34161884232172	0.595815967555517	0.795910102376257	307.347518621869	raw_counts / DESeq2 median-of-ratios (via riborex)	0.364	0.161	1.365	1.998	77.696	34.505	83.613	88.847	77.696	34.505	83.613	88.847
MM_RS01300	0.339552003730491	0.592837720670907	0.795910102376257	92.1850442675949	raw_counts / DESeq2 median-of-ratios (via riborex)	0.106	0.117	0.782	1.67	22.733	25.275	46.409	75.172	22.733	25.275	46.409	75.172
MM_RS16130	0.339416344491739	0.594749789312561	0.795910102376257	333.912015230408	raw_counts / DESeq2 median-of-ratios (via riborex)	0.21	0.21	0.621	1.386	45.04	44.735	37.352	61.404	45.04	44.735	37.352	61.404
MM_RS01940	0.327344947325669	0.595211582733552	0.795910102376257	194.349357269461	raw_counts / DESeq2 median-of-ratios (via riborex)	0.122	0.171	0.977	2.161	25.962	36.525	59.021	99.356	25.962	36.525	59.021	99.356
MM_RS03530	0.3202757302741	0.593390745920976	0.795910102376257	566.146878375896	raw_counts / DESeq2 median-of-ratios (via riborex)	1.059	1.042	15.232	34.104	224.473	222.56	923.746	1554.337	224.473	222.56	923.746	1554.337
MM_RS08355	-0.312144339892167	0.59667319537267	0.795910102376257	184.063380937118	raw_counts / DESeq2 median-of-ratios (via riborex)	0.307	0.234	1.594	2.137	64.959	49.722	94.281	97.768	64.959	49.722	94.281	97.768
MM_RS01565	-0.281358945028139	0.597287891116445	0.795910102376257	279.142288331147	raw_counts / DESeq2 median-of-ratios (via riborex)	0.66	0.696	3.043	3.956	140.629	146.411	176.671	180.266	140.629	146.411	176.671	180.266
MM_RS10040	0.362265665482372	0.598709862178816	0.796460029423288	166.430735514189	raw_counts / DESeq2 median-of-ratios (via riborex)	0.292	0.266	0.924	1.939	62.586	56.559	54.163	87.239	62.586	56.559	54.163	87.239
MM_RS10955	-0.36069801651524	0.598637942769669	0.796460029423288	369.313110424125	raw_counts / DESeq2 median-of-ratios (via riborex)	0.356	0.2	4.93	6.798	76.252	42.614	296.645	300.4	76.252	42.614	296.645	300.4
MM_RS02650	-0.6946056594038	0.600078560704285	0.796948070395343	72.9022795607515	raw_counts / DESeq2 median-of-ratios (via riborex)	0.337	0.625	3.631	3.107	73.31	135.137	201.849	139.507	73.31	135.137	201.849	139.507
MM_RS07165	-0.516541865734039	0.602111565751851	0.796948070395343	113.224109011116	raw_counts / DESeq2 median-of-ratios (via riborex)	0.243	0.179	1.103	1.083	52.456	37.87	61.516	48.327	52.456	37.87	61.516	48.327
MM_RS01000	-0.432686266871837	0.600517301457001	0.796948070395343	50.201108569202	raw_counts / DESeq2 median-of-ratios (via riborex)	0.126	0.086	1.128	1.425	26.577	18.025	66.733	61.762	26.577	18.025	66.733	61.762
MM_RS09970	0.38835375660925	0.601931079782712	0.796948070395343	80.6502192448935	raw_counts / DESeq2 median-of-ratios (via riborex)	0.691	0.324	1.563	3.817	147.448	69.307	96.193	169.104	147.448	69.307	96.193	169.104
MM_RS10200	-0.350413948691772	0.601902947489825	0.796948070395343	416.095709731706	raw_counts / DESeq2 median-of-ratios (via riborex)	0.816	0.343	3.606	4.876	171.848	73.972	215.314	218.571	171.848	73.972	215.314	218.571
MM_RS07760	0.318506732706246	0.600236818012131	0.796948070395343	1565.0277821677	raw_counts / DESeq2 median-of-ratios (via riborex)	0.353	0.699	13.959	32.244	75.018	148.743	855.269	1452.865	75.018	148.743	855.269	1452.865
MM_RS09450	-0.294383778669446	0.600821812627336	0.796948070395343	482.956962920849	raw_counts / DESeq2 median-of-ratios (via riborex)	0.469	0.452	4.432	6.196	100.155	94.954	264.517	282.037	100.155	94.954	264.517	282.037
MM_RS07155	-0.287683205494879	0.600971649337818	0.796948070395343	298.869149443468	raw_counts / DESeq2 median-of-ratios (via riborex)	0.27	0.184	1.154	1.611	57.213	39.646	68.585	71.837	57.213	39.646	68.585	71.837
MM_RS06300	-0.283808272582511	0.601427551926736	0.796948070395343	270.941017270733	raw_counts / DESeq2 median-of-ratios (via riborex)	0.115	0.171	0.639	0.876	24.419	35.779	37.652	38.681	24.419	35.779	37.652	38.681
MM_RS00300	-0.265222991903189	0.601845848533846	0.796948070395343	404.628485708169	raw_counts / DESeq2 median-of-ratios (via riborex)	2.339	1.885	26.229	36.089	497.999	396.296	1546.372	1643.886	497.999	396.296	1546.372	1643.886
MM_RS09305	0.411423440466763	0.603328646863396	0.797586594715249	61.0678080641967	raw_counts / DESeq2 median-of-ratios (via riborex)	0.361	0.207	0.634	1.369	77.133	43.774	37.546	64.925	77.133	43.774	37.546	64.925
MM_RS10435	0.340714091305575	0.603323266063267	0.797586594715249	481.437165528377	raw_counts / DESeq2 median-of-ratios (via riborex)	1.657	2.908	17.508	41.953	351.774	610.129	1080.066	1866.907	351.774	610.129	1080.066	1866.907
MM_RS07785	-0.336735443601382	0.603878052777225	0.797586594715249	81.3380782772842	raw_counts / DESeq2 median-of-ratios (via riborex)	0.068	0.039	0.425	0.522	14.34	8.259	24.438	23.29	14.34	8.259	24.438	23.29
MM_RS05525	-0.2844654379144	0.603854613221579	0.797586594715249	393.016130196846	raw_counts / DESeq2 median-of-ratios (via riborex)	0.213	0.281	1.453	2.079	45.449	59.396	87.071	93.186	45.449	59.396	87.071	93.186
MM_RS09210	0.275918857831494	0.604112618769471	0.797586594715249	385.855237305413	raw_counts / DESeq2 median-of-ratios (via riborex)	155.96	488.101	561.224	1152.33	33163.026	102324.306	33249.571	50729.119	33163.026	102324.306	33249.571	50729.119
MM_RS05605	-0.527871094884544	0.605108679984675	0.798500197808923	1656.85845584091	raw_counts / DESeq2 median-of-ratios (via riborex)	5.436	2.982	10.608	16.444	1167.22	638.953	695.206	708.089	1167.22	638.953	695.206	708.089
MM_RS00450	-0.388658360577103	0.605675398718001	0.798846608253878	86.6196535788544	raw_counts / DESeq2 median-of-ratios (via riborex)	1.44	0.895	12.183	13.907	305.408	192.978	689.538	603.756	305.408	192.978	689.538	603.756
MM_RS02970	-0.448568136970501	0.60761702795572	0.800276144443754	127.055505694647	raw_counts / DESeq2 median-of-ratios (via riborex)	0.103	0.143	2.079	3.139	21.811	30.897	132.705	141.268	21.811	30.897	132.705	141.268
MM_RS08960	0.441030165658995	0.608892512032986	0.800276144443754	258.86611581555	raw_counts / DESeq2 median-of-ratios (via riborex)	0.452	0.329	4.982	9.978	96.456	70.847	280.536	415.905	96.456	70.847	280.536	415.905
MM_RS05130	-0.436785682878583	0.608327920581861	0.800276144443754	663.544963825143	raw_counts / DESeq2 median-of-ratios (via riborex)	1.249	0.713	2.351	3.214	269.18	151.63	143.989	144.417	269.18	151.63	143.989	144.417
MM_RS17145	-0.409390220795418	0.60861227580163	0.800276144443754	55.2798778469564	raw_counts / DESeq2 median-of-ratios (via riborex)	0.057	0.039	1.445	1.849	12.015	8.229	86.357	85.913	12.015	8.229	86.357	85.913
MM_RS11830	-0.359295116140968	0.608824257855848	0.800276144443754	306.042634768203	raw_counts / DESeq2 median-of-ratios (via riborex)	0.211	0.162	6.013	7.437	44.408	34.732	349.663	339.411	44.408	34.732	349.663	339.411
MM_RS09545	0.301306185699378	0.608057638940133	0.800276144443754	156.441930564436	raw_counts / DESeq2 median-of-ratios (via riborex)	0.374	0.319	1.161	2.345	79.908	69.837	67.918	103.752	79.908	69.837	67.918	103.752
MM_RS02545	0.290670630579143	0.607172080629812	0.800276144443754	305.674004587062	raw_counts / DESeq2 median-of-ratios (via riborex)	0.942	0.873	5.369	10.986	199.373	185.051	317.829	500.11	199.373	185.051	317.829	500.11
MM_RS13755	-0.353301960131234	0.610481583738312	0.801562319448403	690.448271245383	raw_counts / DESeq2 median-of-ratios (via riborex)	241.067	354.433	1116.133	1682.831	51099.488	75238.875	69194.127	73848.546	51099.488	75238.875	69194.127	73848.546
MM_RS02530	-0.266320096987987	0.610464036532728	0.801562319448403	339.277092107075	raw_counts / DESeq2 median-of-ratios (via riborex)	0.319	0.302	0.976	1.39	67.707	64.427	58.168	62.501	67.707	64.427	58.168	62.501
MM_RS14635	-0.647039184957255	0.611520594717943	0.802525278225546	487.536677400715	raw_counts / DESeq2 median-of-ratios (via riborex)	0.618	0.164	4.81	6.532	128.086	35.572	310.772	295.934	128.086	35.572	310.772	295.934
MM_RS13510	0.539505031539122	0.612785048184999	0.803782985281622	1779.80005665711	raw_counts / DESeq2 median-of-ratios (via riborex)	3.787	4.826	0.264	0.756	820.218	1021.131	16.56	33.808	820.218	1021.131	16.56	33.808
MM_RS04750	0.42185986049259	0.613980642124994	0.804547488133849	1214.74420831512	raw_counts / DESeq2 median-of-ratios (via riborex)	0.41	0.475	6.661	16.176	88.317	100.487	404.83	727.053	88.317	100.487	404.83	727.053
MM_RS07870	0.306239311147988	0.61395602003784	0.804547488133849	288.153064047765	raw_counts / DESeq2 median-of-ratios (via riborex)	0.275	0.331	1.519	3.331	58.621	70.899	91.359	145.478	58.621	70.899	91.359	145.478
MM_RS05840	0.288220486370299	0.614837786684796	0.805268841812606	462.59304891386	raw_counts / DESeq2 median-of-ratios (via riborex)	0.724	0.618	2.565	4.8	154.517	132.44	146.997	213.264	154.517	132.44	146.997	213.264
MM_RS12630	1.56429636984797	0.615767458735007	0.805802042234387	279.443387667568	raw_counts / DESeq2 median-of-ratios (via riborex)	0.225	0.291	0.87	3.143	47.218	62.704	46.358	128.107	47.218	62.704	46.358	128.107
MM_RS15420	0.397048144909062	0.61585860577472	0.805802042234387	166.06037731684	raw_counts / DESeq2 median-of-ratios (via riborex)	0.08	0.079	0.286	0.697	17.105	16.757	17.471	30.522	17.105	16.757	17.471	30.522
MM_RS14535	-0.439183868046451	0.617265490782973	0.806838814731751	57.2590072595342	raw_counts / DESeq2 median-of-ratios (via riborex)	0.086	0.062	1.146	1.633	18.286	13.096	71.715	75.242	18.286	13.096	71.715	75.242
MM_RS02915	0.350698549015457	0.617239495259421	0.806838814731751	55.4548196458151	raw_counts / DESeq2 median-of-ratios (via riborex)	1.768	2.578	5.319	10.887	377.154	555.513	308.559	484.36	377.154	555.513	308.559	484.36
MM_RS09470	-0.407249247964083	0.618744346501011	0.808369479558037	154.822090312408	raw_counts / DESeq2 median-of-ratios (via riborex)	0.194	0.057	1.315	1.603	40.803	12.431	76.227	67.549	40.803	12.431	76.227	67.549
MM_RS16080	-0.35544766881721	0.619064970223082	0.808386181902444	51.6075905379006	raw_counts / DESeq2 median-of-ratios (via riborex)	0.049	0.029	0.25	0.304	10.414	6.395	14.337	13.599	10.414	6.395	14.337	13.599
MM_RS04320	0.487269201698243	0.619740575115555	0.808866178058374	1470.53310641367	raw_counts / DESeq2 median-of-ratios (via riborex)	1.33	2.341	12.4	36.215	286.827	504.154	793.425	1618.174	286.827	504.154	793.425	1618.174
MM_RS15520	-0.460442648285515	0.621698411683475	0.809100523747385	126.257619688435	raw_counts / DESeq2 median-of-ratios (via riborex)	0.128	0.063	2.391	2.333	27.036	13.523	132.037	107.218	27.036	13.523	132.037	107.218
MM_RS16720	-0.398909382804832	0.621091429764371	0.809100523747385	92.9415447082302	raw_counts / DESeq2 median-of-ratios (via riborex)	0.172	0.075	0.602	0.681	36.258	15.76	34.468	32.127	36.258	15.76	34.468	32.127
MM_RS06605	-0.345671178128299	0.621335605729111	0.809100523747385	603.229668618004	raw_counts / DESeq2 median-of-ratios (via riborex)	0.866	0.856	6.851	10.543	184.155	183.187	428.13	472.632	184.155	183.187	428.13	472.632
MM_RS15255	-0.296965849921634	0.622023139496853	0.809100523747385	338.849623757826	raw_counts / DESeq2 median-of-ratios (via riborex)	0.079	0.099	1.021	1.441	16.827	20.992	61.018	63.837	16.827	20.992	61.018	63.837
MM_RS13870	-0.271901631978043	0.622076906872038	0.809100523747385	263.173815858209	raw_counts / DESeq2 median-of-ratios (via riborex)	0.204	0.217	1.533	2.191	43.358	46.63	91.739	99.47	43.358	46.63	91.739	99.47
MM_RS00650	-0.267234439146609	0.621047123146245	0.809100523747385	2269.02052836694	raw_counts / DESeq2 median-of-ratios (via riborex)	1.271	1.12	6.906	9.756	269.151	238.706	409.677	430.791	269.151	238.706	409.677	430.791
MM_RS01610	-0.265898872033827	0.621701838607674	0.809100523747385	245.039978868493	raw_counts / DESeq2 median-of-ratios (via riborex)	0.17	0.154	0.798	1.052	36.152	33.699	46.225	46.704	36.152	33.699	46.225	46.704
MM_RS08975	2.30001316576024	0.623179326440473	0.809331805753057	67.927730213425	raw_counts / DESeq2 median-of-ratios (via riborex)	0.003	0.007	0.197	2.525	0.632	1.42	13.862	115.662	0.632	1.42	13.862	115.662
MM_RS17475	0.557190875372384	0.62289899763646	0.809331805753057	202.862034093568	raw_counts / DESeq2 median-of-ratios (via riborex)	0.804	1.031	1.832	3.879	174.631	222.84	103.144	176.62	174.631	222.84	103.144	176.62
MM_RS05745	0.289390423321812	0.622662232599085	0.809331805753057	311.706841931508	raw_counts / DESeq2 median-of-ratios (via riborex)	0.491	0.446	1.519	3.087	104.392	95.137	89.181	133.702	104.392	95.137	89.181	133.702
MM_RS02935	-0.480060027827728	0.625505057562155	0.809948856586893	172.093799873405	raw_counts / DESeq2 median-of-ratios (via riborex)	0.033	0.04	2.482	3.511	6.962	8.435	156.807	167.757	6.962	8.435	156.807	167.757
MM_RS02600	0.391855699357497	0.625371734367905	0.809948856586893	80.436695245734	raw_counts / DESeq2 median-of-ratios (via riborex)	0.689	0.676	13.685	33.662	145.764	150.175	843.461	1514.268	145.764	150.175	843.461	1514.268
MM_RS15455	-0.333785414023734	0.624704708634148	0.809948856586893	224.789568535512	raw_counts / DESeq2 median-of-ratios (via riborex)	0.124	0.141	1.522	2.274	26.482	29.924	93.933	102.61	26.482	29.924	93.933	102.61
MM_RS05860	0.317612133262383	0.625433673941572	0.809948856586893	81.0850947983735	raw_counts / DESeq2 median-of-ratios (via riborex)	0.096	0.073	0.274	0.568	20.377	15.665	16.163	25.386	20.377	15.665	16.163	25.386
MM_RS13015	-0.308746690794354	0.62398276411351	0.809948856586893	98.6578829161002	raw_counts / DESeq2 median-of-ratios (via riborex)	0.125	0.073	0.821	1.073	26.711	15.563	48.121	49.228	26.711	15.563	48.121	49.228
MM_RS17595	-0.293599270287906	0.624438986432607	0.809948856586893	138.807839966255	raw_counts / DESeq2 median-of-ratios (via riborex)	0.1	0.088	1.242	1.559	21.362	18.605	71.293	69.849	21.362	18.605	71.293	69.849
MM_RS08740	0.305497922884487	0.627559441039975	0.811408711063995	108.083989235715	raw_counts / DESeq2 median-of-ratios (via riborex)	0.156	0.227	2.12	4.406	33.21	47.93	125.513	197.518	33.21	47.93	125.513	197.518
MM_RS02035	-0.298956199683116	0.627070340098793	0.811408711063995	227.542173363396	raw_counts / DESeq2 median-of-ratios (via riborex)	0.281	0.287	1.404	1.909	59.4	60.887	83.091	86.732	59.4	60.887	83.091	86.732
MM_RS13380	0.296890378105639	0.627341394047899	0.811408711063995	116.548212837458	raw_counts / DESeq2 median-of-ratios (via riborex)	0.209	0.255	0.928	1.753	44.458	53.716	53.203	78.463	44.458	53.716	53.203	78.463
MM_RS05390	-0.489766919909696	0.628178113187499	0.811808919896837	1050.39600886319	raw_counts / DESeq2 median-of-ratios (via riborex)	393.857	460.962	1835.161	2583.258	84638.97	98475.911	116187.031	126009.54	84638.97	98475.911	116187.031	126009.54
MM_RS08215	-0.329211601137655	0.629565812621606	0.813202077690279	1565.18078603589	raw_counts / DESeq2 median-of-ratios (via riborex)	2.402	3.399	50.558	78.033	510.594	717.63	3152.305	3536.33	510.594	717.63	3152.305	3536.33
MM_RS07695	-0.340469140581193	0.630175527048861	0.813507069687458	240.566672235393	raw_counts / DESeq2 median-of-ratios (via riborex)	0.223	0.106	1.313	1.521	47.144	22.697	74.64	71.426	47.144	22.697	74.64	71.426
MM_RS02050	-0.317032017999776	0.630421510591766	0.813507069687458	88.3572454435202	raw_counts / DESeq2 median-of-ratios (via riborex)	0.131	0.18	2.865	3.825	27.822	38.838	169.489	174.944	27.822	38.838	169.489	174.944
MM_RS05855	-0.325645236328473	0.631827283492762	0.814920651499014	303.165868458592	raw_counts / DESeq2 median-of-ratios (via riborex)	0.268	0.268	3.523	4.048	56.729	57.314	198.691	186.252	56.729	57.314	198.691	186.252
MM_RS16990	-0.389518269814695	0.633829864846477	0.817102221446661	328.000966481024	raw_counts / DESeq2 median-of-ratios (via riborex)	0.775	0.278	6.334	7.54	162.336	59.712	365.954	341.639	162.336	59.712	365.954	341.639
MM_RS04145	-0.643705356737655	0.637315705887028	0.817114748985652	421.884103366546	raw_counts / DESeq2 median-of-ratios (via riborex)	146.79	150.878	648.352	948.844	31764.576	31753.04	43571.1	46617.838	31764.576	31753.04	43571.1	46617.838
MM_RS10010	0.39839191162256	0.634867108888474	0.817114748985652	1163.06553249671	raw_counts / DESeq2 median-of-ratios (via riborex)	0.268	0.57	15.343	29.314	56.96	122.47	860.397	1225.645	56.96	122.47	860.397	1225.645
MM_RS14150	0.394485876409801	0.637778030328163	0.817114748985652	74.9758647415592	raw_counts / DESeq2 median-of-ratios (via riborex)	0.163	0.237	0.678	1.698	34.373	50.331	42.162	77.286	34.373	50.331	42.162	77.286
MM_RS09770	-0.391770742599103	0.638195868305245	0.817114748985652	321.022199410643	raw_counts / DESeq2 median-of-ratios (via riborex)	0.154	0.376	2.873	3.987	33.156	78.171	174.906	178.807	33.156	78.171	174.906	178.807
MM_RS02515	-0.361116749151938	0.637811239225534	0.817114748985652	104.357983792079	raw_counts / DESeq2 median-of-ratios (via riborex)	0.051	0.09	0.995	1.133	10.909	18.811	56.396	52.318	10.909	18.811	56.396	52.318
MM_RS06965	0.352958594627379	0.635001716015612	0.817114748985652	146.514967729173	raw_counts / DESeq2 median-of-ratios (via riborex)	0.134	0.14	1.439	2.627	28.386	29.941	80.635	116.607	28.386	29.941	80.635	116.607
MM_RS15810	0.327310511226728	0.638144007725898	0.817114748985652	59.4882408840231	raw_counts / DESeq2 median-of-ratios (via riborex)	0.168	0.123	0.453	0.91	35.827	26.694	26.245	40.17	35.827	26.694	26.245	40.17
MM_RS06980	0.32688146746194	0.636644009323269	0.817114748985652	257.673989559008	raw_counts / DESeq2 median-of-ratios (via riborex)	0.235	0.225	2.024	4.071	49.445	48.679	117.665	179.655	49.445	48.679	117.665	179.655
MM_RS06865	0.312073031357423	0.636465035913581	0.817114748985652	69.8183570451397	raw_counts / DESeq2 median-of-ratios (via riborex)	0.13	0.077	0.887	1.755	27.6	16.403	51.528	78.995	27.6	16.403	51.528	78.995
MM_RS04045	-0.309205835713814	0.635456123683175	0.817114748985652	1508.81445021789	raw_counts / DESeq2 median-of-ratios (via riborex)	4.446	3.643	50.664	66.568	940.365	782.48	2981.273	3145.104	940.365	782.48	2981.273	3145.104
MM_RS02380	-0.300859978536337	0.637891192004468	0.817114748985652	222.005024956282	raw_counts / DESeq2 median-of-ratios (via riborex)	0.334	0.362	4.651	5.922	70.721	75.993	270.249	277.703	70.721	75.993	270.249	277.703
MM_RS01705	0.299251834501732	0.637659785829177	0.817114748985652	246.347480161856	raw_counts / DESeq2 median-of-ratios (via riborex)	0.39	0.33	2.202	4.533	82.971	70.455	130.828	213.23	82.971	70.455	130.828	213.23
MM_RS06750	-0.261589008596616	0.635502944463226	0.817114748985652	924.64393871488	raw_counts / DESeq2 median-of-ratios (via riborex)	0.303	0.479	7.719	10.972	64.717	102.125	460.023	503.78	64.717	102.125	460.023	503.78
MM_RS09150	-0.255158469094228	0.637021627049063	0.817114748985652	530.375871432933	raw_counts / DESeq2 median-of-ratios (via riborex)	0.597	0.685	3.404	4.8	127.245	144.403	201.115	211.098	127.245	144.403	201.115	211.098
MM_RS11650	0.389379945857	0.639922184960452	0.817968187927206	65.8316569841538	raw_counts / DESeq2 median-of-ratios (via riborex)	0.076	0.115	0.506	0.985	16.267	24.761	28.864	45.962	16.267	24.761	28.864	45.962
MM_RS02260	-0.38855933758008	0.640517058263532	0.817968187927206	93.2161704910444	raw_counts / DESeq2 median-of-ratios (via riborex)	0.142	0.156	0.715	1.082	30.368	33.651	44.917	48.144	30.368	33.651	44.917	48.144
MM_RS13610	-0.303794426575337	0.640150729332289	0.817968187927206	109.012283736675	raw_counts / DESeq2 median-of-ratios (via riborex)	0.044	0.027	0.251	0.339	9.261	5.8	14.732	14.784	9.261	5.8	14.732	14.784
MM_RS06340	0.303282823909491	0.639754844742661	0.817968187927206	178.785995125569	raw_counts / DESeq2 median-of-ratios (via riborex)	0.143	0.204	1.258	2.417	30.308	44.595	72.318	105.64	30.308	44.595	72.318	105.64
MM_RS13240	-0.294659642546638	0.640731364267427	0.817968187927206	540.941455971761	raw_counts / DESeq2 median-of-ratios (via riborex)	0.392	0.323	1.818	2.649	82.887	68.742	109.801	117.493	82.887	68.742	109.801	117.493
MM_RS07105	-0.239186937662048	0.639645507818882	0.817968187927206	1192.86407355896	raw_counts / DESeq2 median-of-ratios (via riborex)	1.064	0.973	9.465	13.633	225.833	206.563	563.33	622.065	225.833	206.563	563.33	622.065
MM_RS03550	0.53799770335673	0.641297909065323	0.818293639069747	65.5715913335316	raw_counts / DESeq2 median-of-ratios (via riborex)	0.095	0.16	2.167	4.93	20.569	33.732	125.087	218.728	20.569	33.732	125.087	218.728
MM_RS10420	0.257558711530005	0.642003679597846	0.818796339302546	375.991893495071	raw_counts / DESeq2 median-of-ratios (via riborex)	0.286	0.249	1.866	3.629	60.475	53.814	109.362	165.234	60.475	53.814	109.362	165.234
MM_RS14210	-0.299037031482457	0.643832923060444	0.82073070677511	86.9084187645123	raw_counts / DESeq2 median-of-ratios (via riborex)	0.143	0.061	0.227	0.314	30.459	12.934	13.443	13.845	30.459	12.934	13.443	13.845
MM_RS17010	0.280463854904509	0.646051370163155	0.823159096578575	249.625356704273	raw_counts / DESeq2 median-of-ratios (via riborex)	0.238	0.224	1.671	3.069	50.616	47.486	95.756	142.169	50.616	47.486	95.756	142.169
MM_RS06465	-0.393109722667135	0.6469251321908	0.823872646524268	55.6034201937003	raw_counts / DESeq2 median-of-ratios (via riborex)	0.041	0.031	0.608	0.694	8.85	6.611	34.379	29.94	8.85	6.611	34.379	29.94
MM_RS13730	0.315431123005941	0.64748439569117	0.824185178422207	213.367422938491	raw_counts / DESeq2 median-of-ratios (via riborex)	0.379	0.453	5.238	11.314	79.825	96.427	314.34	519.163	79.825	96.427	314.34	519.163
MM_RS05125	-0.285823515438415	0.650147814334481	0.827174496338346	426.089083368717	raw_counts / DESeq2 median-of-ratios (via riborex)	0.767	0.637	4.774	7.197	162.474	137.257	291.346	319.713	162.474	137.257	291.346	319.713
MM_RS10210	0.225735227896602	0.65122328162831	0.828141567823701	570.477718907262	raw_counts / DESeq2 median-of-ratios (via riborex)	0.328	0.4	3.562	6.679	69.814	85.964	207.254	296.619	69.814	85.964	207.254	296.619
MM_RS00335	0.446245079512073	0.653176580166364	0.82901721046314	105.370277243968	raw_counts / DESeq2 median-of-ratios (via riborex)	0.07	0.109	0.241	0.518	15.063	23.301	13.916	22.698	15.063	23.301	13.916	22.698
MM_RS17240	-0.441745653195865	0.653708899221531	0.82901721046314	65.9486278567752	raw_counts / DESeq2 median-of-ratios (via riborex)	0.152	0.078	0.2	0.282	32.711	16.654	12.554	12.964	32.711	16.654	12.554	12.964
MM_RS16180	0.32375504537544	0.653765218834055	0.82901721046314	288.298329070256	raw_counts / DESeq2 median-of-ratios (via riborex)	0.084	0.129	1.463	3.539	17.745	27.194	90.984	157.376	17.745	27.194	90.984	157.376
MM_RS12285	0.319730951061715	0.653806033080412	0.82901721046314	202.454701242694	raw_counts / DESeq2 median-of-ratios (via riborex)	0.288	0.364	1.339	2.431	60.931	79.08	75.454	108.319	60.931	79.08	75.454	108.319
MM_RS15350	0.310301453065928	0.653632706799944	0.82901721046314	223.119919856531	raw_counts / DESeq2 median-of-ratios (via riborex)	0.369	0.269	5.601	12.519	78.974	56.86	340.476	571.493	78.974	56.86	340.476	571.493
MM_RS06055	-0.260258358353463	0.652759863655353	0.82901721046314	322.275354006964	raw_counts / DESeq2 median-of-ratios (via riborex)	0.875	0.577	4.795	6.487	185.006	123.307	279.714	286.302	185.006	123.307	279.714	286.302
MM_RS00255	-0.355017269466792	0.655324065478491	0.830247780175392	317.920320347845	raw_counts / DESeq2 median-of-ratios (via riborex)	0.342	0.284	0.926	1.164	71.717	61.708	54.03	52.592	71.717	61.708	54.03	52.592
MM_RS10510	0.352758492662533	0.655408853123986	0.830247780175392	61.4234716769285	raw_counts / DESeq2 median-of-ratios (via riborex)	0.256	0.379	1.346	2.803	54.912	78.884	79.015	127.71	54.912	78.884	79.015	127.71
MM_RS06580	-0.595506646822607	0.656623248252964	0.831385077103319	1751.70182457054	raw_counts / DESeq2 median-of-ratios (via riborex)	1.272	0.619	20.41	18.117	263.023	132.943	1127.982	841.754	263.023	132.943	1127.982	841.754
MM_RS14700	0.310628243580038	0.657149303447274	0.831650154627731	167.724049571715	raw_counts / DESeq2 median-of-ratios (via riborex)	0.208	0.389	5.207	10.802	44.724	82.653	307.529	481.462	44.724	82.653	307.529	481.462
MM_RS02450	0.247916378726374	0.65814665241934	0.832511131624849	1299.77228107691	raw_counts / DESeq2 median-of-ratios (via riborex)	0.336	0.526	16.087	33.425	71.575	110.632	967.427	1532.259	71.575	110.632	967.427	1532.259
MM_RS16105	0.293265619465001	0.660582489425312	0.834788073739591	155.202602489057	raw_counts / DESeq2 median-of-ratios (via riborex)	0.119	0.15	1.126	2.055	25.234	31.626	63.823	90.586	25.234	31.626	63.823	90.586
MM_RS18460	-0.267879168933607	0.660276534025385	0.834788073739591	282.734786300646	raw_counts / DESeq2 median-of-ratios (via riborex)	0.107	0.06	0.852	1.177	22.753	12.943	50.021	50.886	22.753	12.943	50.021	50.886
MM_RS07050	-0.264219056370673	0.661064128946378	0.834994902651847	350.715988160979	raw_counts / DESeq2 median-of-ratios (via riborex)	1.427	0.86	7.549	9.457	302.526	182.546	431.859	436.12	302.526	182.546	431.859	436.12
MM_RS00615	0.343799481524277	0.661939635364842	0.835698789648113	173.638836220283	raw_counts / DESeq2 median-of-ratios (via riborex)	0.061	0.145	0.665	1.685	12.931	30.707	41.903	75.464	12.931	30.707	41.903	75.464
MM_RS16040	0.351296766374513	0.663172264187928	0.836798887062752	211.590363674561	raw_counts / DESeq2 median-of-ratios (via riborex)	0.883	1.528	21.367	52.802	188.547	322.591	1336.455	2454.297	188.547	322.591	1336.455	2454.297
MM_RS08145	-0.296400985408985	0.663746637685362	0.836798887062752	167.28577148304	raw_counts / DESeq2 median-of-ratios (via riborex)	0.155	0.191	2.324	3.517	32.936	41.007	142.745	159.082	32.936	41.007	142.745	159.082
MM_RS04050	0.273510847289164	0.663766977057012	0.836798887062752	340.386069200389	raw_counts / DESeq2 median-of-ratios (via riborex)	0.154	0.19	1.796	3.81	32.693	40.596	108.404	177.591	32.693	40.596	108.404	177.591
MM_RS04385	0.274263263869825	0.664241867490429	0.836995750494178	161.476762119295	raw_counts / DESeq2 median-of-ratios (via riborex)	0.07	0.082	1.035	2.12	14.901	17.49	61.285	93.329	14.901	17.49	61.285	93.329
MM_RS03535	-0.247181569067369	0.665046836742706	0.837608150257241	158.727909933318	raw_counts / DESeq2 median-of-ratios (via riborex)	0.877	0.413	4.243	6.047	185.93	88.356	251.391	268.75	185.93	88.356	251.391	268.75
MM_RS09335	-0.35142043217965	0.665390801472027	0.837639618727489	61.4396020940954	raw_counts / DESeq2 median-of-ratios (via riborex)	0.138	0.063	0.19	0.277	29.074	13.662	11.675	12.344	29.074	13.662	11.675	12.344
MM_RS17470	0.345710464204636	0.666309124261619	0.838136134062227	76.9470639978873	raw_counts / DESeq2 median-of-ratios (via riborex)	0.024	0.023	0.279	0.499	5.174	5.033	15.584	22.729	5.174	5.033	15.584	22.729
MM_RS01075	0.305808530632816	0.666883439635442	0.838136134062227	115.208016522024	raw_counts / DESeq2 median-of-ratios (via riborex)	0.043	0.02	0.202	0.369	9.11	4.305	11.396	16.189	9.11	4.305	11.396	16.189
MM_RS01900	0.30380766318346	0.667381057244522	0.838136134062227	60.6562733390914	raw_counts / DESeq2 median-of-ratios (via riborex)	0.1	0.122	0.508	1.038	21.21	26.332	29.775	45.312	21.21	26.332	29.775	45.312
MM_RS10760	-0.295451581420461	0.667343999117397	0.838136134062227	90.4796475146659	raw_counts / DESeq2 median-of-ratios (via riborex)	0.136	0.098	0.797	1.009	28.96	21.114	46.257	47.369	28.96	21.114	46.257	47.369
MM_RS03445	0.261409369479794	0.666995409693407	0.838136134062227	107.844758335655	raw_counts / DESeq2 median-of-ratios (via riborex)	0.256	0.368	0.515	0.96	54.391	78.693	29.689	43.615	54.391	78.693	29.689	43.615
MM_RS01370	2.59797623021057	0.669379551747283	0.838733051184439	108.277596567244	raw_counts / DESeq2 median-of-ratios (via riborex)	0.142	0.107	0.048	0.429	31.102	21.757	2.743	22.247	31.102	21.757	2.743	22.247
MM_RS04275	-0.531528122810641	0.670119769236124	0.838733051184439	470.109583541307	raw_counts / DESeq2 median-of-ratios (via riborex)	0.484	0.287	1.362	1.504	100.339	62.077	78.606	62.474	100.339	62.077	78.606	62.474
MM_RS15345	-0.461621054581653	0.669929210794014	0.838733051184439	92.1951544294618	raw_counts / DESeq2 median-of-ratios (via riborex)	0.12	0.09	3.641	3.508	25.354	19.048	201.578	172.108	25.354	19.048	201.578	172.108
MM_RS15720	0.361595525759383	0.670348036481208	0.838733051184439	455.858276214032	raw_counts / DESeq2 median-of-ratios (via riborex)	0.254	0.315	1.557	3.616	54.77	66.994	94.447	161.019	54.77	66.994	94.447	161.019
MM_RS09560	-0.353634273092836	0.671369715761497	0.838733051184439	438.99355421961	raw_counts / DESeq2 median-of-ratios (via riborex)	1.109	0.4	4.041	5.558	232.898	87.373	241.636	237.449	232.898	87.373	241.636	237.449
MM_RS13185	-0.313629445306807	0.671130146104435	0.838733051184439	64.8022600715327	raw_counts / DESeq2 median-of-ratios (via riborex)	0.083	0.068	1.116	1.369	17.662	14.642	63.713	60.743	17.662	14.642	63.713	60.743
MM_RS05510	-0.306353673532928	0.670352066290799	0.838733051184439	138.209582355788	raw_counts / DESeq2 median-of-ratios (via riborex)	0.129	0.075	0.705	1.08	27.443	15.661	43.479	47.499	27.443	15.661	43.479	47.499
MM_RS08075	-0.294681983853192	0.669461503762003	0.838733051184439	227.019577413728	raw_counts / DESeq2 median-of-ratios (via riborex)	0.372	0.263	3.897	5.667	78.453	55.466	236.204	260.138	78.453	55.466	236.204	260.138
MM_RS00495	0.284841851528711	0.6703438961507	0.838733051184439	94.3436843486491	raw_counts / DESeq2 median-of-ratios (via riborex)	0.224	0.167	0.625	1.21	47.848	35.47	36.377	55.612	47.848	35.47	36.377	55.612
MM_RS07285	0.239051464825784	0.670840479791296	0.838733051184439	771.4552955478	raw_counts / DESeq2 median-of-ratios (via riborex)	0.994	0.851	3.76	6.965	210.642	183.236	217.012	305.714	210.642	183.236	217.012	305.714
MM_RS03620	-0.225581663384226	0.671337254833649	0.838733051184439	2114.73357024796	raw_counts / DESeq2 median-of-ratios (via riborex)	4.248	3.078	30.059	41.953	899.049	662.626	1758.959	1856.139	899.049	662.626	1758.959	1856.139
MM_RS14830	0.46445230369076	0.673611420917612	0.84113342431272	49.7201855171676	raw_counts / DESeq2 median-of-ratios (via riborex)	0.282	0.473	0.279	0.755	60.902	98.356	17.761	35.216	60.902	98.356	17.761	35.216
MM_RS09440	-0.345397919721163	0.674208001663954	0.841478237818224	246.33922300978	raw_counts / DESeq2 median-of-ratios (via riborex)	0.323	0.061	0.611	0.681	68.51	12.689	34.477	32.929	68.51	12.689	34.477	32.929
MM_RS18040	0.368630059669854	0.675159416112307	0.841479161275838	75.5571275546969	raw_counts / DESeq2 median-of-ratios (via riborex)	0.623	0.271	2.761	5.834	130.457	59.337	162.66	268.582	130.457	59.337	162.66	268.582
MM_RS13130	0.34048882415428	0.675254464942051	0.841479161275838	94.1338060576785	raw_counts / DESeq2 median-of-ratios (via riborex)	0.044	0.101	1.806	4.006	9.348	21.112	108.887	185.423	9.348	21.112	108.887	185.423
MM_RS03285	-0.302050594308512	0.675471878786235	0.841479161275838	1482.58508949574	raw_counts / DESeq2 median-of-ratios (via riborex)	18.858	12.408	815.986	1216.979	4044.297	2640.921	49954.912	55873.322	4044.297	2640.921	49954.912	55873.322
MM_RS12475	0.28223982707212	0.675490507223711	0.841479161275838	134.207091028094	raw_counts / DESeq2 median-of-ratios (via riborex)	0.33	0.202	1.357	2.436	69.872	42.872	76.844	109.667	69.872	42.872	76.844	109.667
MM_RS07550	0.281084464773956	0.676505743099418	0.842344277562386	553.25390795141	raw_counts / DESeq2 median-of-ratios (via riborex)	0.244	0.304	0.844	1.771	51.557	65.221	50.208	76.41	51.557	65.221	50.208	76.41
MM_RS06735	0.236682922482025	0.677846277645664	0.843613424216831	214.999702536734	raw_counts / DESeq2 median-of-ratios (via riborex)	0.125	0.148	1.21	2.275	26.528	31.783	70.204	100.349	26.528	31.783	70.204	100.349
MM_RS00690	-0.269077513133599	0.678610976330479	0.844165051560321	117.424891878588	raw_counts / DESeq2 median-of-ratios (via riborex)	0.087	0.083	0.736	1.062	18.54	17.726	44.321	48.943	18.54	17.726	44.321	48.943
MM_RS00960	0.483473926527875	0.679363762810768	0.844701345237253	207849.092853419	raw_counts / DESeq2 median-of-ratios (via riborex)	76.378	21.407	1147.621	3334.683	15890.554	4813.437	72933.308	140895.088	15890.554	4813.437	72933.308	140895.088
MM_RS00230	-0.258057531554864	0.6804802752439	0.845689163649068	85.7499413843263	raw_counts / DESeq2 median-of-ratios (via riborex)	0.036	0.037	0.245	0.324	7.633	7.835	14.23	14.8	7.633	7.835	14.23	14.8
MM_RS10805	-0.567005274573228	0.685021040964366	0.848728317689839	411.104431367506	raw_counts / DESeq2 median-of-ratios (via riborex)	0.102	0.268	2.876	4.826	22.02	55.858	198.892	224.873	22.02	55.858	198.892	224.873
MM_RS14585	0.333091017402385	0.685188131569863	0.848728317689839	50.5402293912336	raw_counts / DESeq2 median-of-ratios (via riborex)	0.042	0.094	1.046	2.033	9.031	20.118	60.449	94.486	9.031	20.118	60.449	94.486
MM_RS05915	-0.287428405930335	0.683319142696231	0.848728317689839	223.703530082411	raw_counts / DESeq2 median-of-ratios (via riborex)	0.18	0.552	1.921	2.395	38.586	117.908	110.13	108.994	38.586	117.908	110.13	108.994
MM_RS15980	-0.274265578456281	0.68391804876459	0.848728317689839	59.7550538236165	raw_counts / DESeq2 median-of-ratios (via riborex)	0.015	0.015	0.081	0.113	3.117	3.208	4.798	5.081	3.117	3.208	4.798	5.081
MM_RS05725	-0.272474243147922	0.684564110027802	0.848728317689839	269.931885602817	raw_counts / DESeq2 median-of-ratios (via riborex)	1.21	1.223	6.001	9.369	257.043	262.068	369.288	411.768	257.043	262.068	369.288	411.768
MM_RS07885	0.262998785790493	0.685091728850946	0.848728317689839	300.68822729107	raw_counts / DESeq2 median-of-ratios (via riborex)	0.133	0.282	2.32	4.802	28.469	59.713	138.539	215.403	28.469	59.713	138.539	215.403
MM_RS08225	0.251417500628288	0.684814899637771	0.848728317689839	1080.30824296488	raw_counts / DESeq2 median-of-ratios (via riborex)	1.666	1.28	5.121	9.608	351.996	271.125	297.714	448.027	351.996	271.125	297.714	448.027
MM_RS11455	0.275867635973936	0.68624504561799	0.849636723146083	111.051202902109	raw_counts / DESeq2 median-of-ratios (via riborex)	0.074	0.044	0.348	0.662	15.889	9.268	20.135	29.799	15.889	9.268	20.135	29.799
MM_RS02615	0.27949742973428	0.687342921642204	0.850594963351756	54.6634433080114	raw_counts / DESeq2 median-of-ratios (via riborex)	0.066	0.089	0.487	0.953	14.03	18.83	28.48	43.276	14.03	18.83	28.48	43.276
MM_RS01060	0.270712202456587	0.68812192301764	0.851157875574339	59.5143881156003	raw_counts / DESeq2 median-of-ratios (via riborex)	1.122	3.444	2.63	5.175	238.56	759.771	153.613	230.25	238.56	759.771	153.613	230.25
MM_RS02550	0.207178489569702	0.688611699090405	0.85136267505245	386.967671469901	raw_counts / DESeq2 median-of-ratios (via riborex)	0.351	0.239	3.19	6.075	74.39	50.273	187.782	274.773	74.39	50.273	187.782	274.773
MM_RS09490	0.213833392465299	0.689021581825346	0.851468552410993	348.412880867801	raw_counts / DESeq2 median-of-ratios (via riborex)	0.815	0.875	3.31	6.332	172.718	186.539	194.323	280.733	172.718	186.539	194.323	280.733
MM_RS07345	0.305575360788573	0.690561546038685	0.852970188098582	1327.7005558751	raw_counts / DESeq2 median-of-ratios (via riborex)	3.383	2.873	28.031	57.644	709.873	612.703	1657.496	2656.404	709.873	612.703	1657.496	2656.404
MM_RS12395	0.338576136083849	0.692288371017241	0.853898197412529	49.7183470314913	raw_counts / DESeq2 median-of-ratios (via riborex)	0.02	0.025	0.116	0.223	4.347	5.384	6.594	9.707	4.347	5.384	6.594	9.707
MM_RS09475	0.25262818565586	0.691999144576641	0.853898197412529	919.23201371385	raw_counts / DESeq2 median-of-ratios (via riborex)	0.383	0.832	4.33	9.004	80.814	179.571	259.77	406.067	80.814	179.571	259.77	406.067
MM_RS02140	-0.222058335450208	0.692020153095257	0.853898197412529	361.383377337828	raw_counts / DESeq2 median-of-ratios (via riborex)	0.246	0.204	3.012	3.957	52.382	43.761	172.655	175.971	52.382	43.761	172.655	175.971
MM_RS05810	-0.203686144538985	0.6928895568923	0.854238486572385	495.619294288999	raw_counts / DESeq2 median-of-ratios (via riborex)	0.272	0.206	2.239	3.105	58.07	43.943	130.381	140.868	58.07	43.943	130.381	140.868
MM_RS03555	-0.289343501444403	0.694262156463525	0.855529058129149	70.4118287575998	raw_counts / DESeq2 median-of-ratios (via riborex)	0.083	0.085	1.31	1.84	17.696	18.246	77.845	80.648	17.696	18.246	77.845	80.648
MM_RS03680	-0.237970261246339	0.694635339399341	0.855587430235774	551.782236760021	raw_counts / DESeq2 median-of-ratios (via riborex)	0.868	0.918	25.739	39.102	185.272	192.887	1560.301	1781.99	185.272	192.887	1560.301	1781.99
MM_RS10060	-0.36075824281262	0.695877304264425	0.856640419144254	352.512434027731	raw_counts / DESeq2 median-of-ratios (via riborex)	0.208	0.383	4.569	7.523	43.714	81.491	294.092	334.996	43.714	81.491	294.092	334.996
MM_RS07935	0.273449438431037	0.696142671155307	0.856640419144254	247.754908403334	raw_counts / DESeq2 median-of-ratios (via riborex)	0.491	0.57	3.816	6.583	104.813	120.985	213.98	294.861	104.813	120.985	213.98	294.861
MM_RS13475	0.410833747548139	0.697819011807876	0.858187421579276	572.361922147342	raw_counts / DESeq2 median-of-ratios (via riborex)	206.978	869.059	861.513	2195.201	44824.182	178441.28	53646.924	102316.895	44824.182	178441.28	53646.924	102316.895
MM_RS07055	0.192025568288884	0.698053439639502	0.858187421579276	345.724256301383	raw_counts / DESeq2 median-of-ratios (via riborex)	0.541	0.701	3.353	6.309	115.053	149.145	197.239	284.77	115.053	149.145	197.239	284.77
MM_RS11210	-0.278133862736902	0.698651675218485	0.858520963558139	216.086488193175	raw_counts / DESeq2 median-of-ratios (via riborex)	0.384	0.233	3.123	4.053	80.837	49.39	180.342	178.113	80.837	49.39	180.342	178.113
MM_RS01455	0.345006477540656	0.698994693613589	0.858540722838768	104.208021613838	raw_counts / DESeq2 median-of-ratios (via riborex)	0.906	0.554	2.496	5.467	190.386	118.823	147.933	231.117	190.386	118.823	147.933	231.117
MM_RS10335	0.373217291755059	0.700588634346559	0.860096191582078	106.48747514297	raw_counts / DESeq2 median-of-ratios (via riborex)	0.17	0.125	1.019	2.38	36.701	27.016	61.729	104.86	36.701	27.016	61.729	104.86
MM_RS06400	0.365876638088708	0.702387979466281	0.860165627088008	177.429235275664	raw_counts / DESeq2 median-of-ratios (via riborex)	0.194	0.267	3.157	6.103	40.427	56.378	179.805	271.721	40.427	56.378	179.805	271.721
MM_RS13305	-0.293882689288034	0.701294179345601	0.860165627088008	1104.92703699709	raw_counts / DESeq2 median-of-ratios (via riborex)	1.876	2.088	6.929	9.504	403.183	445.189	408.361	407.757	403.183	445.189	408.361	407.757
MM_RS08825	0.289287976778226	0.701879300175242	0.860165627088008	81.6840791686259	raw_counts / DESeq2 median-of-ratios (via riborex)	0.106	0.096	0.644	1.341	22.342	20.849	38.29	59.985	22.342	20.849	38.29	59.985
MM_RS01315	0.256023510883437	0.702033910766388	0.860165627088008	155.961855348021	raw_counts / DESeq2 median-of-ratios (via riborex)	0.228	0.226	1.324	2.607	48.14	47.336	78.106	119.718	48.14	47.336	78.106	119.718
MM_RS08880	0.216958891518293	0.702610536977829	0.860165627088008	447.849723595133	raw_counts / DESeq2 median-of-ratios (via riborex)	0.534	0.342	2.263	4.333	113.88	72.329	133.468	200.547	113.88	72.329	133.468	200.547
MM_RS09080	-0.196013460627539	0.70148486762807	0.860165627088008	428.354378271403	raw_counts / DESeq2 median-of-ratios (via riborex)	0.428	0.259	1.67	2.491	90.999	54.856	99.355	111.287	90.999	54.856	99.355	111.287
MM_RS06210	-0.300610163749874	0.703274041444951	0.86017588860477	71.9222878469965	raw_counts / DESeq2 median-of-ratios (via riborex)	0.493	0.298	1.789	2.091	104.715	64.892	100.089	92.775	104.715	64.892	100.089	92.775
MM_RS03715	-0.258445346829729	0.703009558378334	0.86017588860477	921.400330003003	raw_counts / DESeq2 median-of-ratios (via riborex)	398.03	616.69	1283.298	1873.675	84928.458	129971.484	77412.432	88689.992	84928.458	129971.484	77412.432	88689.992
MM_RS10865	-0.236539495213431	0.703620816544821	0.860199378140921	164.779752796018	raw_counts / DESeq2 median-of-ratios (via riborex)	0.222	0.105	1.234	1.727	46.955	22.598	72.713	78.673	46.955	22.598	72.713	78.673
MM_RS13225	-0.330174509475917	0.704426776815038	0.860783953427776	50.324647406906	raw_counts / DESeq2 median-of-ratios (via riborex)	0.062	0.083	1.286	1.471	13.032	18.171	72.471	67.831	13.032	18.171	72.471	67.831
MM_RS14540	-0.295004156508094	0.705461335212784	0.861451275426881	319.229602296968	raw_counts / DESeq2 median-of-ratios (via riborex)	0.435	0.489	4.328	6.403	93.395	102.936	263.867	293.982	93.395	102.936	263.867	293.982
MM_RS16495	0.280248106111758	0.705988240519544	0.861451275426881	82.914518959466	raw_counts / DESeq2 median-of-ratios (via riborex)	0.194	0.111	0.158	0.284	41.392	23.724	8.907	12.919	41.392	23.724	8.907	12.919
MM_RS14570	0.221370256112825	0.706174294763013	0.861451275426881	232.908606568663	raw_counts / DESeq2 median-of-ratios (via riborex)	0.103	0.197	2.2	4.425	21.826	41.761	131.272	196.748	21.826	41.761	131.272	196.748
MM_RS02005	0.212770693654927	0.706285070827903	0.861451275426881	258.806885803425	raw_counts / DESeq2 median-of-ratios (via riborex)	0.337	0.295	2.247	3.965	71.518	63.234	128.777	179.718	71.518	63.234	128.777	179.718
MM_RS06595	-0.446301364427903	0.707406259989701	0.861506570157943	876.913865487805	raw_counts / DESeq2 median-of-ratios (via riborex)	0.924	0.247	2.95	3.034	191.606	53.719	164.466	134.236	191.606	53.719	164.466	134.236
MM_RS06240	0.379362013541514	0.70759587289751	0.861506570157943	60.8324585521142	raw_counts / DESeq2 median-of-ratios (via riborex)	0.12	0.16	0.583	1.017	25.339	34.467	31.964	45.002	25.339	34.467	31.964	45.002
MM_RS05610	-0.25220529799612	0.707642677772538	0.861506570157943	262.779810073374	raw_counts / DESeq2 median-of-ratios (via riborex)	0.436	0.15	0.938	1.446	92.167	32.496	57.165	63.37	92.167	32.496	57.165	63.37
MM_RS06825	-0.23564813379541	0.707484143148629	0.861506570157943	198.687828506314	raw_counts / DESeq2 median-of-ratios (via riborex)	0.107	0.123	1.767	2.52	22.623	26.077	104.322	110.834	22.623	26.077	104.322	110.834
MM_RS17225	0.362735464675553	0.708875167432797	0.862262549252893	89.9068700481226	raw_counts / DESeq2 median-of-ratios (via riborex)	0.115	0.213	1.972	4.549	24.879	45.14	119.847	210.256	24.879	45.14	119.847	210.256
MM_RS06885	0.240474844155333	0.708920351803883	0.862262549252893	177.196530292734	raw_counts / DESeq2 median-of-ratios (via riborex)	0.971	0.461	3.604	6.875	205.321	99.05	209.625	300.265	205.321	99.05	209.625	300.265
MM_RS11860	-0.228176939815272	0.709380069290438	0.862422250905875	235.514793761001	raw_counts / DESeq2 median-of-ratios (via riborex)	0.218	0.296	3.755	4.868	46.409	61.876	215.564	225.585	46.409	61.876	215.564	225.585
MM_RS12210	0.25516334087807	0.710084946015594	0.862879716907426	213.780534402541	raw_counts / DESeq2 median-of-ratios (via riborex)	0.194	0.225	3.141	5.404	41.098	48.046	176.67	242.021	41.098	48.046	176.67	242.021
MM_RS07145	0.277089477907574	0.711833991057613	0.863832863811782	155.141312196725	raw_counts / DESeq2 median-of-ratios (via riborex)	0.128	0.096	1.116	2.195	26.966	20.714	64.913	94.019	26.966	20.714	64.913	94.019
MM_RS06715	0.256894835148395	0.711856175662108	0.863832863811782	327.668288759179	raw_counts / DESeq2 median-of-ratios (via riborex)	0.835	1.111	5.034	8.635	177.854	239.154	282.368	379.922	177.854	239.154	282.368	379.922
MM_RS13175	-0.234725827130199	0.71182951996943	0.863832863811782	248.072628737771	raw_counts / DESeq2 median-of-ratios (via riborex)	0.379	0.219	2.072	2.916	81.183	46.05	121.786	128.929	81.183	46.05	121.786	128.929
MM_RS10815	0.458904745982766	0.712351028397509	0.864034088023953	284.036565025389	raw_counts / DESeq2 median-of-ratios (via riborex)	0.344	0.623	2.326	7.289	74.562	130.968	154.513	329.372	74.562	130.968	154.513	329.372
MM_RS16155	-0.415783970935348	0.713421686299627	0.864534078552293	613.437629639903	raw_counts / DESeq2 median-of-ratios (via riborex)	0.658	1.434	23.724	38.037	139.783	292.641	1552.235	1885.982	139.783	292.641	1552.235	1885.982
MM_RS12625	0.272534249237138	0.713364076010233	0.864534078552293	141.126918679037	raw_counts / DESeq2 median-of-ratios (via riborex)	0.046	0.047	0.398	0.688	9.919	9.857	22.311	30.708	9.919	9.857	22.311	30.708
MM_RS17295	-0.281588008677034	0.714322500058631	0.865226423041497	62.6155258055135	raw_counts / DESeq2 median-of-ratios (via riborex)	0.061	0.067	0.532	0.73	13.174	14.034	31.475	33.068	13.174	14.034	31.475	33.068
MM_RS02440	0.254603988183829	0.714940457373789	0.865575675916814	67.2774847632555	raw_counts / DESeq2 median-of-ratios (via riborex)	0.112	0.126	0.881	1.712	23.611	26.85	51.473	75.887	23.611	26.85	51.473	75.887
MM_RS06245	-0.353322008504337	0.716131850197057	0.866219363711411	73.2298881536646	raw_counts / DESeq2 median-of-ratios (via riborex)	0.082	0.04	2.097	2.196	17.403	8.384	115.192	97.525	17.403	8.384	115.192	97.525
MM_RS11265	0.311667419369185	0.715898279908231	0.866219363711411	156.490516217265	raw_counts / DESeq2 median-of-ratios (via riborex)	0.148	0.332	1.715	2.933	31.744	69.96	95.668	138.76	31.744	69.96	95.668	138.76
MM_RS11130	-0.291325360074899	0.718042240197604	0.867730751384679	105.640642353243	raw_counts / DESeq2 median-of-ratios (via riborex)	0.781	0.593	4.942	7.885	166.789	127.984	309.729	358.345	166.789	127.984	309.729	358.345
MM_RS10680	0.278988702624748	0.717931138660918	0.867730751384679	1057.32157657782	raw_counts / DESeq2 median-of-ratios (via riborex)	0.855	0.64	3.223	7.625	180.156	136.88	201.227	342.779	180.156	136.88	201.227	342.779
MM_RS09640	-0.309952702415345	0.721299760081985	0.871266407532333	84.887884977855	raw_counts / DESeq2 median-of-ratios (via riborex)	0.099	0.12	2.992	3.803	21.354	25.581	173.51	172.804	21.354	25.581	173.51	172.804
MM_RS06590	-0.432129167570566	0.723177210199744	0.872330433617147	694.451852399768	raw_counts / DESeq2 median-of-ratios (via riborex)	1.328	0.454	4.372	4.525	275.29	98.937	243.566	200.381	275.29	98.937	243.566	200.381
MM_RS11700	-0.342999987193174	0.722651628193164	0.872330433617147	67.3760258489811	raw_counts / DESeq2 median-of-ratios (via riborex)	0.577	0.227	1.96	2.631	120.651	48.029	115.87	113.809	120.651	48.029	115.87	113.809
MM_RS13595	0.312964985392985	0.722937110545646	0.872330433617147	132.83649114196	raw_counts / DESeq2 median-of-ratios (via riborex)	0.241	0.63	4.023	6.838	50.834	134.228	222.732	306.454	50.834	134.228	222.732	306.454
MM_RS04375	-0.258002346650799	0.724266547421777	0.872704599597416	174.661260226531	raw_counts / DESeq2 median-of-ratios (via riborex)	0.099	0.082	1.224	1.873	20.859	17.491	74.889	86.126	20.859	17.491	74.889	86.126
MM_RS15115	0.243213896900954	0.724397260655109	0.872704599597416	214.119337089708	raw_counts / DESeq2 median-of-ratios (via riborex)	0.162	0.177	1.579	3.436	34.358	37.523	96.81	158.98	34.358	37.523	96.81	158.98
MM_RS12415	0.200593907120311	0.724484397228624	0.872704599597416	215.975737814629	raw_counts / DESeq2 median-of-ratios (via riborex)	0.87	0.913	2.931	5.504	185.627	196.974	172.393	252.852	185.627	196.974	172.393	252.852
MM_RS02480	-0.292201220900984	0.724832090441999	0.872723094681655	307.083611292917	raw_counts / DESeq2 median-of-ratios (via riborex)	0.596	0.227	2.195	2.993	125.532	48.759	130.724	144.427	125.532	48.759	130.724	144.427
MM_RS05290	0.324149474250049	0.725997495561036	0.873725675226069	116.206033314344	raw_counts / DESeq2 median-of-ratios (via riborex)	0.112	0.258	1.119	2.977	23.889	55.11	72.296	133.554	23.889	55.11	72.296	133.554
MM_RS14865	0.353906572496072	0.727531995654075	0.874779306671862	51.5249418038278	raw_counts / DESeq2 median-of-ratios (via riborex)	0.037	0.03	0.247	0.496	7.923	6.385	14.239	21.797	7.923	6.385	14.239	21.797
MM_RS14140	-0.323817579504083	0.727943069080159	0.874779306671862	136.162280350322	raw_counts / DESeq2 median-of-ratios (via riborex)	0.138	0.223	0.857	1.013	29.677	49.764	48.407	43.646	29.677	49.764	48.407	43.646
MM_RS07775	0.280801162367051	0.728205470062715	0.874779306671862	362.617065123808	raw_counts / DESeq2 median-of-ratios (via riborex)	0.35	0.546	8.637	16.432	75.32	115.168	497.742	714.169	75.32	115.168	497.742	714.169
MM_RS02190	-0.208758978394093	0.728052056049041	0.874779306671862	197.151851713269	raw_counts / DESeq2 median-of-ratios (via riborex)	0.172	0.144	0.947	1.243	36.627	30.752	54.087	55.297	36.627	30.752	54.087	55.297
MM_RS09465	0.227154572296172	0.729285128199309	0.875675695771095	1168.7193142783	raw_counts / DESeq2 median-of-ratios (via riborex)	4.03	6.524	180.644	386.953	854.894	1385.959	11054.021	17975.61	854.894	1385.959	11054.021	17975.61
MM_RS15790	0.266867175211218	0.729620162972384	0.875677581337057	139.262004012153	raw_counts / DESeq2 median-of-ratios (via riborex)	0.618	0.338	1.519	3.193	130.383	72.453	90.564	136.67	130.383	72.453	90.564	136.67
MM_RS14215	0.232933373247874	0.731249299365009	0.877231914176571	81.2433439525886	raw_counts / DESeq2 median-of-ratios (via riborex)	0.077	0.097	0.546	1.005	16.53	20.493	31.561	45.491	16.53	20.493	31.561	45.491
MM_RS14285	-0.386232487025557	0.731615397084106	0.877270334585782	135.031629718857	raw_counts / DESeq2 median-of-ratios (via riborex)	0.452	0.346	1.124	1.249	98.053	75.304	63.528	57.043	98.053	75.304	63.528	57.043
MM_RS13005	0.298506346814165	0.732485200201091	0.87754216779793	319.332847761229	raw_counts / DESeq2 median-of-ratios (via riborex)	0.771	0.848	12.569	20.616	164.604	177.209	694.082	970.692	164.604	177.209	694.082	970.692
MM_RS05280	-0.233976200529933	0.732510446234982	0.87754216779793	149.555750913816	raw_counts / DESeq2 median-of-ratios (via riborex)	0.104	0.093	1.384	1.99	22.144	20.027	81.756	86.386	22.144	20.027	81.756	86.386
MM_RS01340	-0.218079167213689	0.732946422399704	0.877664069868501	387.264343610581	raw_counts / DESeq2 median-of-ratios (via riborex)	1.107	1.275	13.724	18.596	233.435	272.612	795.213	838.255	233.435	272.612	795.213	838.255
MM_RS14155	-0.194755763495193	0.734083730044898	0.878625284912444	201.148475719609	raw_counts / DESeq2 median-of-ratios (via riborex)	0.05	0.041	0.527	0.799	10.541	8.59	31.599	36.154	10.541	8.59	31.599	36.154
MM_RS05780	0.473840801704194	0.741273445163727	0.8792159290876	53.3617988958041	raw_counts / DESeq2 median-of-ratios (via riborex)	0.042	0.142	0.743	2.138	9.27	30.166	47.425	94.161	9.27	30.166	47.425	94.161
MM_RS01630	0.31218855605813	0.737912167500641	0.8792159290876	125.422831905417	raw_counts / DESeq2 median-of-ratios (via riborex)	0.199	0.335	0.775	1.384	42.991	71.849	43.751	64.654	42.991	71.849	43.751	64.654
MM_RS11305	-0.310347825785702	0.740518561069185	0.8792159290876	270.864069318498	raw_counts / DESeq2 median-of-ratios (via riborex)	0.309	0.218	1.066	1.18	64.827	47.175	59.271	54.575	64.827	47.175	59.271	54.575
MM_RS00385	0.29156509065081	0.739002595335917	0.8792159290876	120.046818371952	raw_counts / DESeq2 median-of-ratios (via riborex)	0.442	0.812	2.977	5.513	95.36	176.348	170.249	249.901	95.36	176.348	170.249	249.901
MM_RS02040	0.281156701059158	0.737086992716135	0.8792159290876	890.699576758513	raw_counts / DESeq2 median-of-ratios (via riborex)	0.371	0.513	7.903	16.097	77.532	108.088	467.076	719.319	77.532	108.088	467.076	719.319
MM_RS14760	0.274713181499094	0.740861158288226	0.8792159290876	198.576066257188	raw_counts / DESeq2 median-of-ratios (via riborex)	0.875	0.709	4.936	8.953	188.234	148.837	282.431	419.238	188.234	148.837	282.431	419.238
MM_RS06860	0.268606790457928	0.73859171979235	0.8792159290876	175.811603216144	raw_counts / DESeq2 median-of-ratios (via riborex)	0.474	0.63	3.895	6.851	101.713	134.74	219.433	299.27	101.713	134.74	219.433	299.27
MM_RS09660	-0.262207517676258	0.739694883487213	0.8792159290876	203.088483483532	raw_counts / DESeq2 median-of-ratios (via riborex)	0.744	0.407	8.835	10.89	157.223	86.165	498.724	464.465	157.223	86.165	498.724	464.465
MM_RS06870	0.253980408396051	0.738766687534184	0.8792159290876	190.585703354308	raw_counts / DESeq2 median-of-ratios (via riborex)	0.084	0.066	2.971	5.077	17.816	14.144	166.49	222.186	17.816	14.144	166.49	222.186
MM_RS15740	0.236504441907411	0.738402697034718	0.8792159290876	2289.65758076044	raw_counts / DESeq2 median-of-ratios (via riborex)	1.287	1.017	9.296	18.322	276.703	213.969	550.106	835.149	276.703	213.969	550.106	835.149
MM_RS19415	-0.233351652931996	0.739111958207204	0.8792159290876	54.7112537563381	raw_counts / DESeq2 median-of-ratios (via riborex)	0.335	0.28	2.425	3.385	71.247	60.488	143.023	155.475	71.247	60.488	143.023	155.475
MM_RS15015	-0.222054648935413	0.738934799019732	0.8792159290876	162.423085430295	raw_counts / DESeq2 median-of-ratios (via riborex)	0.308	0.145	1.641	2.451	65.872	30.929	98.887	113.843	65.872	30.929	98.887	113.843
MM_RS06290	-0.219187053319853	0.739394258444816	0.8792159290876	516.36735728351	raw_counts / DESeq2 median-of-ratios (via riborex)	0.224	0.332	4.568	7.366	47.695	71.492	281.056	329.193	47.695	71.492	281.056	329.193
MM_RS14410	0.218294917296342	0.739876354410969	0.8792159290876	131.795128593202	raw_counts / DESeq2 median-of-ratios (via riborex)	0.169	0.153	0.799	1.591	36.207	32.681	47.496	70.213	36.207	32.681	47.496	70.213
MM_RS08820	0.21096838302714	0.740731155009905	0.8792159290876	230.451032551414	raw_counts / DESeq2 median-of-ratios (via riborex)	0.087	0.091	0.642	1.098	18.383	18.99	36.513	50.796	18.383	18.99	36.513	50.796
MM_RS08840	-0.200407445405017	0.736280094478612	0.8792159290876	342.304504813402	raw_counts / DESeq2 median-of-ratios (via riborex)	0.404	0.426	4.122	5.925	85.324	89.572	242.455	265.324	85.324	89.572	242.455	265.324
MM_RS05900	-0.197687648116645	0.741233674875404	0.8792159290876	230.047104373519	raw_counts / DESeq2 median-of-ratios (via riborex)	0.208	0.151	2.601	3.561	44.133	31.703	151.074	165.769	44.133	31.703	151.074	165.769
MM_RS17525	0.196843254632161	0.735838420174827	0.8792159290876	718.237889361695	raw_counts / DESeq2 median-of-ratios (via riborex)	0.323	0.345	1.663	3.359	68.739	73.998	99.759	146.5	68.739	73.998	99.759	146.5
MM_RS07905	-0.182598599065226	0.739009190496339	0.8792159290876	159.260374463806	raw_counts / DESeq2 median-of-ratios (via riborex)	0.117	0.077	0.536	0.787	24.813	16.586	31.614	35.186	24.813	16.586	31.614	35.186
MM_RS05160	-0.181776590301748	0.737765594623513	0.8792159290876	454.237739563367	raw_counts / DESeq2 median-of-ratios (via riborex)	1.047	1.639	10.22	15.404	222.712	352.173	607.043	676.274	222.712	352.173	607.043	676.274
MM_RS14945	-0.203991716102027	0.741671435563742	0.879290830605141	245.346962993336	raw_counts / DESeq2 median-of-ratios (via riborex)	0.144	0.126	1.465	2.28	30.522	26.703	88.875	103.83	30.522	26.703	88.875	103.83
MM_RS14420	0.258771449860744	0.743484679757348	0.880645362671536	68.1979394497073	raw_counts / DESeq2 median-of-ratios (via riborex)	0.031	0.049	0.866	1.863	6.557	10.42	52.42	82.282	6.557	10.42	52.42	82.282
MM_RS11215	-0.222007606216626	0.743444902924021	0.880645362671536	136.283238740122	raw_counts / DESeq2 median-of-ratios (via riborex)	0.456	0.464	9.428	14.159	96.604	97.217	568.57	654.375	96.604	97.217	568.57	654.375
MM_RS09870	0.241648612959603	0.743868856345391	0.880703163554101	52.6886125017786	raw_counts / DESeq2 median-of-ratios (via riborex)	0.09	0.125	1.301	2.517	19.042	27.221	76.411	114.089	19.042	27.221	76.411	114.089
MM_RS10120	-0.459489687860811	0.744388304891198	0.880826761904252	657.327892459761	raw_counts / DESeq2 median-of-ratios (via riborex)	22.514	4.745	17.618	28.946	4896.766	1036.034	1153.588	1191.345	4896.766	1036.034	1153.588	1191.345
MM_RS01905	-0.332786710692232	0.744644101838324	0.880826761904252	48581.2899781648	raw_counts / DESeq2 median-of-ratios (via riborex)	99.601	37.159	11.334	18.842	20818.295	8223.92	726.377	839.333	20818.295	8223.92	726.377	839.333
MM_RS00305	-0.272187805627945	0.746173958796924	0.881841951305456	188.102175926477	raw_counts / DESeq2 median-of-ratios (via riborex)	0.323	0.358	5.106	8.568	69.174	75.842	323.106	379.544	69.174	75.842	323.106	379.544
MM_RS01770	0.251389314099338	0.746003539293874	0.881841951305456	69.1394373693598	raw_counts / DESeq2 median-of-ratios (via riborex)	0.127	0.218	0.776	1.687	27.287	47.449	47.475	76.212	27.287	47.449	47.475	76.212
MM_RS09615	-0.275186830894351	0.748544601214596	0.883866439182392	201.599955374973	raw_counts / DESeq2 median-of-ratios (via riborex)	0.351	0.228	0.751	1.255	75.256	49.804	47.477	55.848	75.256	49.804	47.477	55.848
MM_RS08705	0.175590573907264	0.748560152605346	0.883866439182392	334.047559111745	raw_counts / DESeq2 median-of-ratios (via riborex)	0.679	0.797	4.913	9.144	143.697	172.488	289.187	414.806	143.697	172.488	289.187	414.806
MM_RS03935	0.710353144510676	0.751429647830315	0.886552034909156	349.57103711773	raw_counts / DESeq2 median-of-ratios (via riborex)	0.265	0.808	6.739	13.423	54.824	171.011	361.987	616.611	54.824	171.011	361.987	616.611
MM_RS13425	0.347383778420069	0.751509836141577	0.886552034909156	181.915144668318	raw_counts / DESeq2 median-of-ratios (via riborex)	0.155	0.162	1.63	3.22	32.498	33.292	94.84	159.096	32.498	33.292	94.84	159.096
MM_RS06410	0.203213608847051	0.752119212188878	0.886872497174672	150.297843301676	raw_counts / DESeq2 median-of-ratios (via riborex)	0.147	0.123	1.382	2.42	31.27	26.541	78.866	106.267	31.27	26.541	78.866	106.267
MM_RS13570	-0.196589253285057	0.752756360210119	0.887225404807797	762.705552028193	raw_counts / DESeq2 median-of-ratios (via riborex)	1.062	0.821	12.912	17.033	224.481	174.414	737.061	755.606	224.481	174.414	737.061	755.606
MM_RS04325	0.308864718761233	0.753212132397669	0.887364315691467	404.526907945539	raw_counts / DESeq2 median-of-ratios (via riborex)	0.476	0.857	5.038	12.525	102.655	181.246	316.256	534.371	102.655	181.246	316.256	534.371
MM_RS09185	0.158677723501101	0.754020972384324	0.887918867031944	722.963183202027	raw_counts / DESeq2 median-of-ratios (via riborex)	7.488	8.821	29.528	56.774	1593.131	1883.137	1764.109	2565.755	1593.131	1883.137	1764.109	2565.755
MM_RS01040	-0.273076578973138	0.756617418199056	0.889681367780456	217.957007327598	raw_counts / DESeq2 median-of-ratios (via riborex)	0.253	0.535	19.538	24.414	54.728	114.188	1117.505	1109.861	54.728	114.188	1117.505	1109.861
MM_RS01215	0.270631737136823	0.757172013019575	0.889681367780456	196.95200113763	raw_counts / DESeq2 median-of-ratios (via riborex)	3.256	4.845	4.274	7.195	696.465	1046.547	236.313	309.853	696.465	1046.547	236.313	309.853
MM_RS03035	0.263389243771001	0.757819219319905	0.889681367780456	59.8764691907291	raw_counts / DESeq2 median-of-ratios (via riborex)	0.107	0.197	0.097	0.172	22.88	42.756	5.424	7.624	22.88	42.756	5.424	7.624
MM_RS18520	0.246176216805612	0.756624789867512	0.889681367780456	55.885046936988	raw_counts / DESeq2 median-of-ratios (via riborex)	0.204	0.2	1.735	3.123	42.934	42.9	99.065	140.083	42.934	42.9	99.065	140.083
MM_RS09140	0.213193475788274	0.757889268745194	0.889681367780456	410.443952267259	raw_counts / DESeq2 median-of-ratios (via riborex)	0.541	0.492	3.375	5.773	114.005	104.698	191.68	263.958	114.005	104.698	191.68	263.958
MM_RS09725	-0.203237264347349	0.75751800740439	0.889681367780456	86.9659554935902	raw_counts / DESeq2 median-of-ratios (via riborex)	0.201	0.149	1.367	1.973	42.535	31.444	80.918	90.424	42.535	31.444	80.918	90.424
MM_RS17400	-0.194998287905528	0.756943504245146	0.889681367780456	177.141372788696	raw_counts / DESeq2 median-of-ratios (via riborex)	0.255	0.283	3.823	5.887	54.022	59.787	230.415	266.939	54.022	59.787	230.415	266.939
MM_RS07490	-0.225176662591034	0.758807944838812	0.890361779779589	76.6019975786059	raw_counts / DESeq2 median-of-ratios (via riborex)	0.087	0.108	0.717	0.912	18.467	23.281	40.641	40.608	18.467	23.281	40.641	40.608
MM_RS08835	-0.200308336487882	0.760024458804668	0.890992959295115	157.582591604174	raw_counts / DESeq2 median-of-ratios (via riborex)	1.438	1.013	5.806	7.447	306.713	211.993	329.263	338.941	306.713	211.993	329.263	338.941
MM_RS15585	0.190192479626988	0.759972353326739	0.890992959295115	162.944762938777	raw_counts / DESeq2 median-of-ratios (via riborex)	0.107	0.114	1.64	2.854	22.667	24.49	93.977	129.004	22.667	24.49	93.977	129.004
MM_RS02280	0.208655410418964	0.760565021829139	0.891228802910897	354.09294741846	raw_counts / DESeq2 median-of-ratios (via riborex)	2.133	1.798	2.853	4.925	457.036	385.048	162.515	224.969	457.036	385.048	162.515	224.969
MM_RS02305	-0.313502876630483	0.762623295175914	0.892265612282602	58.8588561135542	raw_counts / DESeq2 median-of-ratios (via riborex)	0.046	0.043	0.642	0.823	9.945	8.951	37.781	40.646	9.945	8.951	37.781	40.646
MM_RS10470	0.226185285425374	0.762252296603799	0.892265612282602	340.614536562942	raw_counts / DESeq2 median-of-ratios (via riborex)	0.258	0.172	0.467	1.018	54.294	36.867	28.639	45.11	54.294	36.867	28.639	45.11
MM_RS09540	-0.215734962674538	0.762808948809764	0.892265612282602	162.430918267981	raw_counts / DESeq2 median-of-ratios (via riborex)	0.149	0.091	1.719	2.22	31.5	19.323	97.698	97.523	31.5	19.323	97.698	97.523
MM_RS00310	-0.19205620446367	0.762558844279855	0.892265612282602	848.739343849076	raw_counts / DESeq2 median-of-ratios (via riborex)	0.317	0.386	7.666	12.59	67.434	80.657	471.227	559.007	67.434	80.657	471.227	559.007
MM_RS05950	0.227299063821241	0.764676198500778	0.893256093088542	152.283822242204	raw_counts / DESeq2 median-of-ratios (via riborex)	0.032	0.041	0.463	0.771	6.829	8.828	25.864	33.895	6.829	8.828	25.864	33.895
MM_RS06085	0.211355125304733	0.764377889782917	0.893256093088542	150.752224926973	raw_counts / DESeq2 median-of-ratios (via riborex)	0.025	0.073	1.43	2.931	5.26	15.559	86.249	132.161	5.26	15.559	86.249	132.161
MM_RS03685	0.174535699838033	0.764489569822327	0.893256093088542	838.129363498319	raw_counts / DESeq2 median-of-ratios (via riborex)	0.891	1.206	14.856	28.792	190.547	255.579	884.394	1272.05	190.547	255.579	884.394	1272.05
MM_RS05235	0.23678386794453	0.765710989056634	0.89327279309761	225.476599604054	raw_counts / DESeq2 median-of-ratios (via riborex)	0.674	0.659	1.619	3.178	141.257	146.351	95.639	143.643	141.257	146.351	95.639	143.643
MM_RS08555	-0.224376552840253	0.765358717826675	0.89327279309761	53.2432020229235	raw_counts / DESeq2 median-of-ratios (via riborex)	0.117	0.076	1.484	2.019	24.611	16.142	86.214	91.016	24.611	16.142	86.214	91.016
MM_RS13050	0.16980914121748	0.765691251650289	0.89327279309761	173.585487652974	raw_counts / DESeq2 median-of-ratios (via riborex)	0.438	0.309	5.462	9.842	92.78	66.304	317.978	441.383	92.78	66.304	317.978	441.383
MM_RS01065	0.263529151066668	0.767350455327792	0.894390721567147	440.074298847164	raw_counts / DESeq2 median-of-ratios (via riborex)	0.288	0.153	1.972	3.557	62.003	32.964	111.835	150.062	62.003	32.964	111.835	150.062
MM_RS02405	-0.185874693716788	0.767315099641103	0.894390721567147	528.65398584546	raw_counts / DESeq2 median-of-ratios (via riborex)	2.882	3.333	45.249	72.106	609.55	713.214	2746.712	3197.895	609.55	713.214	2746.712	3197.895
MM_RS16510	0.250768517635929	0.768116142455752	0.894885976081989	94.8732671909678	raw_counts / DESeq2 median-of-ratios (via riborex)	0.134	0.184	2.49	5.065	28.076	39.319	148.431	229.781	28.076	39.319	148.431	229.781
MM_RS14550	0.227598237180405	0.769042759165308	0.895568197591175	70.3210630796669	raw_counts / DESeq2 median-of-ratios (via riborex)	0.034	0.039	0.453	0.775	7.306	8.314	25.648	35.866	7.306	8.314	25.648	35.866
MM_RS03865	1.09704806399251	0.770195863236836	0.895909225552618	202.17659913344	raw_counts / DESeq2 median-of-ratios (via riborex)	0.03	0.044	1.237	4.247	6.496	9.835	72.557	204.459	6.496	9.835	72.557	204.459
MM_RS14310	-0.180174453362906	0.77035911321318	0.895909225552618	683.336602136512	raw_counts / DESeq2 median-of-ratios (via riborex)	0.177	0.169	0.762	0.985	37.581	36.486	43.06	43.759	37.581	36.486	43.06	43.759
MM_RS05585	-0.176016222874692	0.77019345701095	0.895909225552618	612.640765523433	raw_counts / DESeq2 median-of-ratios (via riborex)	0.243	0.32	6.534	9.827	51.641	67.467	389.696	458.657	51.641	67.467	389.696	458.657
MM_RS12340	-0.166268411360311	0.771854436749784	0.897250885748089	241.484525989179	raw_counts / DESeq2 median-of-ratios (via riborex)	0.106	0.087	0.702	0.963	22.605	18.557	40.394	43.843	22.605	18.557	40.394	43.843
MM_RS04415	0.232475881936832	0.773393080397582	0.898641694302677	105.791809041807	raw_counts / DESeq2 median-of-ratios (via riborex)	0.274	0.518	4.117	6.76	58.139	112.879	229.198	302.22	58.139	112.879	229.198	302.22
MM_RS02155	0.156614559711775	0.773771460419307	0.898683704140248	165.609958466684	raw_counts / DESeq2 median-of-ratios (via riborex)	0.165	0.116	0.875	1.55	35.105	24.523	50.803	69.915	35.105	24.523	50.803	69.915
MM_RS17515	-0.183883037591263	0.774604121202886	0.899253060247028	284.600602881896	raw_counts / DESeq2 median-of-ratios (via riborex)	0.34	0.154	2.344	3.168	71.998	33.151	135.209	148.419	71.998	33.151	135.209	148.419
MM_RS07925	-0.222307988530631	0.775122880992102	0.899457660400027	497.675758253654	raw_counts / DESeq2 median-of-ratios (via riborex)	248.753	255.646	372.889	603.682	52379.495	54925.871	23084.911	27712.277	52379.495	54925.871	23084.911	27712.277
MM_RS00060	-0.246640839226342	0.776162555278944	0.899913096194183	58.3385596636126	raw_counts / DESeq2 median-of-ratios (via riborex)	0.04	0.085	2.242	3.006	8.343	17.834	130.745	139.086	8.343	17.834	130.745	139.086
MM_RS01670	-0.212843648522338	0.776543440965735	0.899913096194183	234.390041418401	raw_counts / DESeq2 median-of-ratios (via riborex)	0.766	0.576	27.054	34.903	161.161	120.839	1539.554	1557.699	161.161	120.839	1539.554	1557.699
MM_RS08600	0.204619342217076	0.776331785638995	0.899913096194183	212.53569077549	raw_counts / DESeq2 median-of-ratios (via riborex)	0.089	0.077	0.377	0.808	19.009	16.37	23.064	35.177	19.009	16.37	23.064	35.177
MM_RS11995	-0.199438402339537	0.7778218967978	0.90061211064328	432.732777304821	raw_counts / DESeq2 median-of-ratios (via riborex)	0.172	0.325	4.59	7.076	36.919	68.715	276.355	315.508	36.919	68.715	276.355	315.508
MM_RS00795	0.188566369062795	0.777832546435247	0.90061211064328	89.6743593953611	raw_counts / DESeq2 median-of-ratios (via riborex)	0.093	0.117	1.08	2.104	19.789	25.427	64.19	93.003	19.789	25.427	64.19	93.003
MM_RS06335	0.20919735064774	0.778480841205269	0.900965486560174	415.741189480754	raw_counts / DESeq2 median-of-ratios (via riborex)	0.163	0.386	2.466	5.65	34.578	82.861	154.548	248.365	34.578	82.861	154.548	248.365
MM_RS18050	0.265113583731953	0.780220052741548	0.90258055440498	51.1491302425194	raw_counts / DESeq2 median-of-ratios (via riborex)	0.053	0.086	0.316	0.607	11.405	18.293	18.555	28.985	11.405	18.293	18.555	28.985
MM_RS02415	-0.202867309492073	0.781057150841895	0.903151069181337	58.4282974420764	raw_counts / DESeq2 median-of-ratios (via riborex)	0.131	0.111	1.172	1.601	27.635	24.011	67.552	70.822	27.635	24.011	67.552	70.822
MM_RS19370	-0.234113167262551	0.782166179203479	0.903637653580438	855.740285314779	raw_counts / DESeq2 median-of-ratios (via riborex)	14.848	20.044	557.848	1001.844	3152.622	4240.422	35922.463	45145.565	3152.622	4240.422	35922.463	45145.565
MM_RS10140	0.171888348877312	0.781907166039219	0.903637653580438	94.1150903051613	raw_counts / DESeq2 median-of-ratios (via riborex)	0.392	1.178	1.808	3.163	83.345	249.06	104.318	144.149	83.345	249.06	104.318	144.149
MM_RS03360	0.182736771287824	0.783282600128037	0.904529510965798	203.414818243854	raw_counts / DESeq2 median-of-ratios (via riborex)	0.646	1.371	1.704	3.453	137.959	297.788	102.658	149.946	137.959	297.788	102.658	149.946
MM_RS16170	-0.16633057934197	0.784067234704841	0.905037608059302	479.302452415162	raw_counts / DESeq2 median-of-ratios (via riborex)	2.373	1.807	5.119	6.948	501.497	391.646	293.531	316.158	501.497	391.646	293.531	316.158
MM_RS01790	-0.1603525981291	0.78454590336191	0.905192241752361	109.594102622416	raw_counts / DESeq2 median-of-ratios (via riborex)	0.056	0.032	0.196	0.281	11.907	6.986	11.449	12.73	11.907	6.986	11.449	12.73
MM_RS10560	0.255454568148203	0.786483973690034	0.906001712556488	173.036061861688	raw_counts / DESeq2 median-of-ratios (via riborex)	0.292	0.333	3.793	7.686	60.878	71.276	225.948	355.438	60.878	71.276	225.948	355.438
MM_RS01125	-0.239458716741988	0.785932894366326	0.906001712556488	182.108443960921	raw_counts / DESeq2 median-of-ratios (via riborex)	2.754	1.632	57.081	68.278	578.346	349.456	3187.905	3016.841	578.346	349.456	3187.905	3016.841
MM_RS18175	0.19352810088349	0.7866275341313	0.906001712556488	264.817564870101	raw_counts / DESeq2 median-of-ratios (via riborex)	9.421	6.194	6.299	13.094	2018.317	1315.418	385.257	594.632	2018.317	1315.418	385.257	594.632
MM_RS01980	0.182083312773329	0.785987142816528	0.906001712556488	77.960844385359	raw_counts / DESeq2 median-of-ratios (via riborex)	0.338	0.501	2.313	4.072	72.116	104.302	133.505	186.075	72.116	104.302	133.505	186.075
MM_RS07260	-0.2362111792186	0.789464852518167	0.908074771227642	337.28570762099	raw_counts / DESeq2 median-of-ratios (via riborex)	0.692	0.509	4.531	6.477	144.646	110.917	268.028	287.239	144.646	110.917	268.028	287.239
MM_RS10515	-0.221370582236297	0.78905163563329	0.908074771227642	111.630527196271	raw_counts / DESeq2 median-of-ratios (via riborex)	0.111	0.16	1.831	3.09	23.777	34.095	114.794	138.546	23.777	34.095	114.794	138.546
MM_RS17545	-0.190677039714644	0.789160017888408	0.908074771227642	154.321650157369	raw_counts / DESeq2 median-of-ratios (via riborex)	0.13	0.126	1.084	1.549	27.961	26.418	63.509	69.36	27.961	26.418	63.509	69.36
MM_RS06770	0.188258815634404	0.790686151427791	0.90850412485862	415.716425426321	raw_counts / DESeq2 median-of-ratios (via riborex)	0.366	0.359	3.897	6.768	76.985	76.782	223.021	300.182	76.985	76.782	223.021	300.182
MM_RS04105	-0.187590591902358	0.790876020345318	0.90850412485862	5631.76979682279	raw_counts / DESeq2 median-of-ratios (via riborex)	3.126	2.859	18.305	30.265	669.622	607.928	1125.826	1335.394	669.622	607.928	1125.826	1335.394
MM_RS06425	-0.130117382323768	0.790568771867144	0.90850412485862	1919.39862714925	raw_counts / DESeq2 median-of-ratios (via riborex)	2.064	2.447	41.762	62.99	438.176	521.296	2453.119	2785.688	438.176	521.296	2453.119	2785.688
MM_RS00395	-0.364921536445883	0.792713359521651	0.909421267847906	684.529120040614	raw_counts / DESeq2 median-of-ratios (via riborex)	0.413	1.267	19.386	18.74	85.713	263.606	1053.066	916.63	85.713	263.606	1053.066	916.63
MM_RS12345	0.18938540194628	0.79250921417981	0.909421267847906	107.694836299764	raw_counts / DESeq2 median-of-ratios (via riborex)	0.267	0.278	3.335	6.696	57.123	59.583	201.244	306.158	57.123	59.583	201.244	306.158
MM_RS15675	-0.17025963106359	0.792084928459752	0.909421267847906	1081.34549081809	raw_counts / DESeq2 median-of-ratios (via riborex)	592.3	928.555	328.218	525.305	126636.087	195490.186	19981.049	24130.999	126636.087	195490.186	19981.049	24130.999
MM_RS16135	-0.184908174121751	0.794994867313527	0.911640402430272	124.060261419889	raw_counts / DESeq2 median-of-ratios (via riborex)	0.148	0.131	1.828	3.011	31.461	28.237	112.581	135.751	31.461	28.237	112.581	135.751
MM_RS16020	-0.175352680289919	0.795386046146819	0.911690858656284	148.568519689427	raw_counts / DESeq2 median-of-ratios (via riborex)	0.058	0.087	1.912	2.798	12.478	18.172	112.458	124.975	12.478	18.172	112.458	124.975
MM_RS16955	0.235536352097226	0.797072697276433	0.912827258197957	53.6299805379525	raw_counts / DESeq2 median-of-ratios (via riborex)	0.198	0.225	2.229	4.187	42.346	48.02	130.775	201.226	42.346	48.02	130.775	201.226
MM_RS12520	0.178900898454362	0.797003611777247	0.912827258197957	75.8120201744469	raw_counts / DESeq2 median-of-ratios (via riborex)	0.386	0.495	7.508	13.717	81.769	104.889	437.517	610.127	81.769	104.889	437.517	610.127
MM_RS11250	-0.23293859184845	0.799643674169817	0.914272129798466	144.833976589056	raw_counts / DESeq2 median-of-ratios (via riborex)	0.148	0.252	2.116	2.876	31.949	53.096	123.132	129.18	31.949	53.096	123.132	129.18
MM_RS08155	-0.205955694005187	0.799726992439861	0.914272129798466	62.2904220149513	raw_counts / DESeq2 median-of-ratios (via riborex)	0.086	0.125	0.705	1.015	18.555	25.89	41.439	44.843	18.555	25.89	41.439	44.843
MM_RS13695	-0.171868775383927	0.799624868178493	0.914272129798466	214.294241297065	raw_counts / DESeq2 median-of-ratios (via riborex)	0.138	0.156	0.762	1.127	29.654	33.622	44.918	50.112	29.654	33.622	44.918	50.112
MM_RS08955	0.167028334944065	0.799347216443458	0.914272129798466	201.010054071222	raw_counts / DESeq2 median-of-ratios (via riborex)	0.146	0.178	1.913	3.331	31.089	38.121	109.796	144.188	31.089	38.121	109.796	144.188
MM_RS08060	0.252244170061745	0.800100977737545	0.914301639485985	305.352927457022	raw_counts / DESeq2 median-of-ratios (via riborex)	0.161	0.324	3.283	7.532	34.786	69.628	203.414	328.879	34.786	69.628	203.414	328.879
MM_RS14125	0.194064997542885	0.800981822340305	0.914512289332887	82.1300051386066	raw_counts / DESeq2 median-of-ratios (via riborex)	0.047	0.054	0.596	1.081	9.874	11.687	34.608	48.617	9.874	11.687	34.608	48.617
MM_RS09685	0.149512484483794	0.800808021337366	0.914512289332887	807.444204192651	raw_counts / DESeq2 median-of-ratios (via riborex)	0.366	0.335	2.366	4.765	77.868	71.911	143.576	209.575	77.868	71.911	143.576	209.575
MM_RS07475	0.232645478093427	0.802376951342547	0.914533909351832	78.9183079845318	raw_counts / DESeq2 median-of-ratios (via riborex)	0.071	0.1	1.316	2.23	14.885	20.595	74.452	105.578	14.885	20.595	74.452	105.578
MM_RS04455	0.204292774691283	0.803090325577047	0.914533909351832	69.1838153970887	raw_counts / DESeq2 median-of-ratios (via riborex)	0.059	0.039	0.253	0.544	12.467	8.418	15.605	24.723	12.467	8.418	15.605	24.723
MM_RS13775	0.194712279217565	0.802528875987599	0.914533909351832	58.3865451625577	raw_counts / DESeq2 median-of-ratios (via riborex)	0.132	0.093	0.919	1.567	28.056	19.957	52.464	73.459	28.056	19.957	52.464	73.459
MM_RS05670	-0.161670811623779	0.802157236982265	0.914533909351832	231.67518045334	raw_counts / DESeq2 median-of-ratios (via riborex)	0.306	0.218	2.95	4.655	64.594	45.667	177.42	206.732	64.594	45.667	177.42	206.732
MM_RS01415	-0.154555659865926	0.802620409568919	0.914533909351832	248.070520441357	raw_counts / DESeq2 median-of-ratios (via riborex)	0.136	0.12	3.402	5.108	28.698	25.816	200.865	228.149	28.698	25.816	200.865	228.149
MM_RS09250	0.133305672489915	0.803021431602556	0.914533909351832	381.421934297236	raw_counts / DESeq2 median-of-ratios (via riborex)	0.366	0.331	1.352	2.412	77.944	71.177	78.96	106.333	77.944	71.177	78.96	106.333
MM_RS02300	-0.190949242962883	0.804618075033151	0.915876491130063	150.01273736882	raw_counts / DESeq2 median-of-ratios (via riborex)	0.332	0.241	6.575	8.116	70.707	51.389	366.85	359.383	70.707	51.389	366.85	359.383
MM_RS10740	0.135107525235912	0.805397849922345	0.916366877771264	261.68597917698	raw_counts / DESeq2 median-of-ratios (via riborex)	0.112	0.109	0.449	0.816	23.922	23.763	26.385	36.194	23.922	23.763	26.385	36.194
MM_RS12465	0.131912674133299	0.806390364752069	0.917098786417901	466.091982823678	raw_counts / DESeq2 median-of-ratios (via riborex)	0.269	0.402	3.807	6.908	56.906	85.055	224.042	308.307	56.906	85.055	224.042	308.307
MM_RS15590	-0.185684737241851	0.807420936154828	0.917873323957826	102.455688898459	raw_counts / DESeq2 median-of-ratios (via riborex)	0.14	0.074	0.902	1.168	29.622	15.781	51.331	54.839	29.622	15.781	51.331	54.839
MM_RS09835	-0.172998893039593	0.809433566575147	0.919763109401271	2028.60658465207	raw_counts / DESeq2 median-of-ratios (via riborex)	787.578	990.818	3515.052	5624.927	168797.63	210971.773	214069.347	262259.366	168797.63	210971.773	214069.347	262259.366
MM_RS07240	0.225058580453719	0.809899100081019	0.919894047064341	616.163335937807	raw_counts / DESeq2 median-of-ratios (via riborex)	0.419	0.517	10.634	19.848	90.729	108.007	619.181	899.367	90.729	108.007	619.181	899.367
MM_RS04155	-0.187056662872538	0.812892962858671	0.922895339587924	52.0905962470923	raw_counts / DESeq2 median-of-ratios (via riborex)	0.219	0.313	0.813	1.232	46.12	68.844	48.545	54.78	46.12	68.844	48.545	54.78
MM_RS14940	0.156578518765702	0.813449882107026	0.923128517896737	104.593551291694	raw_counts / DESeq2 median-of-ratios (via riborex)	0.158	0.123	0.716	1.413	33.345	25.998	43.149	63.007	33.345	25.998	43.149	63.007
MM_RS07300	0.179625024894374	0.813822080007653	0.923151957710625	250.219445962209	raw_counts / DESeq2 median-of-ratios (via riborex)	0.339	0.188	1.297	2.288	72.458	40.366	74.354	96.926	72.458	40.366	74.354	96.926
MM_RS05965	0.183765503313434	0.814224323829571	0.923209444894842	999.942957932941	raw_counts / DESeq2 median-of-ratios (via riborex)	0.915	1.366	9.863	19.758	192.105	289.947	591.644	857.881	192.105	289.947	591.644	857.881
MM_RS07685	-0.190322669003959	0.814782301989264	0.923282701038103	703.891840047876	raw_counts / DESeq2 median-of-ratios (via riborex)	0.47	0.569	7.468	9.45	98.729	122.33	421.493	433.186	98.729	122.33	421.493	433.186
MM_RS00910	0.136683351353824	0.814992117671867	0.923282701038103	176.17110701826	raw_counts / DESeq2 median-of-ratios (via riborex)	0.042	0.045	0.211	0.358	8.969	9.561	12.128	15.998	8.969	9.561	12.128	15.998
MM_RS17100	-0.148894729290971	0.815821706455508	0.923823976348497	275.072615629122	raw_counts / DESeq2 median-of-ratios (via riborex)	0.062	0.101	0.831	1.341	13.18	21.456	50.329	60.773	13.18	21.456	50.329	60.773
MM_RS19170	-0.192417479915562	0.816907862419673	0.923858762581422	143.590302742376	raw_counts / DESeq2 median-of-ratios (via riborex)	3.476	1.99	2.473	4.185	745.257	423.47	154.782	187.457	745.257	423.47	154.782	187.457
MM_RS15620	-0.1462461337476	0.816885682905993	0.923858762581422	241.937216954709	raw_counts / DESeq2 median-of-ratios (via riborex)	5.952	2.705	31.486	46.756	1264.515	576.959	1839.544	2008.961	1264.515	576.959	1839.544	2008.961
MM_RS07990	-0.13290223831476	0.816904802042564	0.923858762581422	1707.46757906661	raw_counts / DESeq2 median-of-ratios (via riborex)	1.43	1.283	20.49	31.139	306.065	276.604	1208.428	1389.372	306.065	276.604	1208.428	1389.372
MM_RS13085	0.186560713138529	0.818431275731435	0.925183181261622	198.43099938454	raw_counts / DESeq2 median-of-ratios (via riborex)	0.099	0.182	3.054	6.472	21.341	39.142	187.576	291.766	21.341	39.142	187.576	291.766
MM_RS07530	0.142980471426431	0.818945522452417	0.925194754792969	133.298775151408	raw_counts / DESeq2 median-of-ratios (via riborex)	0.236	0.379	1.548	2.928	50.252	80.61	91.959	128.219	50.252	80.61	91.959	128.219
MM_RS09530	-0.126627270979438	0.819146155709693	0.925194754792969	183.34309619183	raw_counts / DESeq2 median-of-ratios (via riborex)	0.199	0.407	2.789	4.081	42.318	86.731	162.315	184.228	42.318	86.731	162.315	184.228
MM_RS08560	0.182870705314079	0.820100668721276	0.925476732299987	58.8914299473901	raw_counts / DESeq2 median-of-ratios (via riborex)	1.045	1.081	14.356	26.521	223.214	232.317	835.081	1138.213	223.214	232.317	835.081	1138.213
MM_RS14075	-0.141312000564174	0.819949582014873	0.925476732299987	94.1800234667244	raw_counts / DESeq2 median-of-ratios (via riborex)	0.069	0.054	0.378	0.582	14.613	11.438	22.46	26.001	14.613	11.438	22.46	26.001
MM_RS08695	0.18643428095514	0.820814716420315	0.92580163755871	136.572250100978	raw_counts / DESeq2 median-of-ratios (via riborex)	0.125	0.209	1.693	3.693	26.761	44.934	104.955	164.146	26.761	44.934	104.955	164.146
MM_RS15260	0.162481519971553	0.82109368388204	0.92580163755871	62.3246760202908	raw_counts / DESeq2 median-of-ratios (via riborex)	0.031	0.025	0.161	0.313	6.556	5.357	9.677	14.182	6.556	5.357	9.677	14.182
MM_RS16470	-0.165278123047846	0.824985518139328	0.929790545336427	411.574310109071	raw_counts / DESeq2 median-of-ratios (via riborex)	1.449	2.432	12.761	20.608	311.408	514.267	776.121	933.464	311.408	514.267	776.121	933.464
MM_RS13080	-0.182385069502265	0.826875606736236	0.931121502268163	184.891081505733	raw_counts / DESeq2 median-of-ratios (via riborex)	0.174	0.367	16.456	27.838	37.05	79.616	1023.871	1273.137	37.05	79.616	1023.871	1273.137
MM_RS13110	-0.155673198421817	0.82669184771552	0.931121502268163	104.638860790966	raw_counts / DESeq2 median-of-ratios (via riborex)	0.231	0.216	1.475	2.145	48.697	46.773	86.348	97.411	48.697	46.773	86.348	97.411
MM_RS13170	-0.182411050741765	0.82732793364469	0.931231527540058	333.09122848	raw_counts / DESeq2 median-of-ratios (via riborex)	0.119	0.173	1.144	1.389	25.21	36.181	63.889	66.666	25.21	36.181	63.889	66.666
MM_RS13065	0.16260564496316	0.828620201290613	0.931376046990178	181.020609927341	raw_counts / DESeq2 median-of-ratios (via riborex)	0.183	0.192	2.608	4.511	38.497	40.441	150.211	204.288	38.497	40.441	150.211	204.288
MM_RS15230	0.162196595513141	0.828824568266147	0.931376046990178	131.591459918974	raw_counts / DESeq2 median-of-ratios (via riborex)	0.094	0.119	0.621	1.295	19.981	25.13	38.315	59.821	19.981	25.13	38.315	59.821
MM_RS03145	0.156211672641128	0.828380394153534	0.931376046990178	50.2519758333336	raw_counts / DESeq2 median-of-ratios (via riborex)	0.018	0.016	0.099	0.175	3.739	3.475	5.76	8.073	3.739	3.475	5.76	8.073
MM_RS06140	-0.139214169249919	0.829229702156525	0.931376046990178	206.716228713771	raw_counts / DESeq2 median-of-ratios (via riborex)	0.266	0.224	1.362	2.239	56.286	47.601	82.714	99.768	56.286	47.601	82.714	99.768
MM_RS05875	-0.137595799590685	0.829049768431327	0.931376046990178	126.362004282285	raw_counts / DESeq2 median-of-ratios (via riborex)	0.167	0.111	0.677	0.942	35.637	23.72	38.859	42.899	35.637	23.72	38.859	42.899
MM_RS18540	0.192760459075093	0.830321875184225	0.932204037722862	84.1962522756149	raw_counts / DESeq2 median-of-ratios (via riborex)	1.896	1.249	40.716	65.464	398.89	267.795	2279.368	3022.988	398.89	267.795	2279.368	3022.988
MM_RS09925	-0.182448886512694	0.831504621025352	0.932336095137735	297.642403223902	raw_counts / DESeq2 median-of-ratios (via riborex)	0.234	0.478	3.013	5.372	49.351	101.524	190.704	240.363	49.351	101.524	190.704	240.363
MM_RS10430	-0.149369471803328	0.830933870433928	0.932336095137735	662.672378307554	raw_counts / DESeq2 median-of-ratios (via riborex)	0.339	0.636	10.772	17.909	71.504	133.882	659.443	812.786	71.504	133.882	659.443	812.786
MM_RS11570	0.146606027125648	0.831162580751261	0.932336095137735	253.640671049266	raw_counts / DESeq2 median-of-ratios (via riborex)	0.095	0.163	1.95	3.158	20.371	33.378	110.579	146.087	20.371	33.378	110.579	146.087
MM_RS18865	-0.162805819884915	0.832578738098332	0.932743927579446	142.939126302358	raw_counts / DESeq2 median-of-ratios (via riborex)	5.542	2.017	52.63	72.754	1187.701	419.116	3048.241	3447.449	1187.701	419.116	3048.241	3447.449
MM_RS12805	0.150148129145073	0.832342991534472	0.932743927579446	66.0389354537054	raw_counts / DESeq2 median-of-ratios (via riborex)	0.051	0.037	0.254	0.503	10.888	7.733	15.388	22.701	10.888	7.733	15.388	22.701
MM_RS10775	-0.202252135631832	0.833139184083036	0.93297377287934	301.02789346753	raw_counts / DESeq2 median-of-ratios (via riborex)	0.994	0.462	5.395	10.179	209.556	100.31	351.474	459.712	209.556	100.31	351.474	459.712
MM_RS02535	-0.155884457600681	0.835000988554475	0.934261864484044	377.841268721434	raw_counts / DESeq2 median-of-ratios (via riborex)	0.325	0.29	1.336	2.18	68.375	61.957	81.199	96.781	68.375	61.957	81.199	96.781
MM_RS16490	0.150317553631584	0.834926411561197	0.934261864484044	59.4734389569794	raw_counts / DESeq2 median-of-ratios (via riborex)	0.039	0.025	0.202	0.376	8.295	5.373	11.919	16.738	8.295	5.373	11.919	16.738
MM_RS00635	0.165553156680193	0.835700655508866	0.934646474176441	442.929672160435	raw_counts / DESeq2 median-of-ratios (via riborex)	0.617	0.916	11.984	26.975	130.803	194.973	758.694	1244.533	130.803	194.973	758.694	1244.533
MM_RS04355	0.145511314821081	0.836335643550533	0.93474663556335	106.23397236039	raw_counts / DESeq2 median-of-ratios (via riborex)	0.053	0.034	0.589	1.037	11.091	7.314	34.354	48.113	11.091	7.314	34.354	48.113
MM_RS07340	0.11802067116528	0.836502130073828	0.93474663556335	493.708501359456	raw_counts / DESeq2 median-of-ratios (via riborex)	0.383	0.378	3.612	6.097	81.185	81.545	207.979	269.573	81.185	81.545	207.979	269.573
MM_RS14815	-0.145247375815421	0.838878781520085	0.93626350236645	123.935370635627	raw_counts / DESeq2 median-of-ratios (via riborex)	0.122	0.154	1.117	1.477	25.755	32.857	63.164	66.971	25.755	32.857	63.164	66.971
MM_RS01235	0.143674952882433	0.838923503063196	0.93626350236645	55.3273617953399	raw_counts / DESeq2 median-of-ratios (via riborex)	0.093	0.089	0.691	1.196	19.747	18.796	39.954	54.087	19.747	18.796	39.954	54.087
MM_RS07255	-0.14100163514728	0.838929177863007	0.93626350236645	277.928059242041	raw_counts / DESeq2 median-of-ratios (via riborex)	0.326	0.243	3.083	4.347	68.576	53.066	177.602	193.061	68.576	53.066	177.602	193.061
MM_RS15310	-0.179363256934858	0.840039733511064	0.936309142699513	57.9718086716586	raw_counts / DESeq2 median-of-ratios (via riborex)	0.068	0.069	1.459	2.426	14.325	14.788	90.267	110.964	14.325	14.788	90.267	110.964
MM_RS04140	0.15444116958196	0.83980180584559	0.936309142699513	4301.20823270764	raw_counts / DESeq2 median-of-ratios (via riborex)	1996.196	2580.453	4722.451	9585.223	429112.576	553886.826	286924.445	420150.97	429112.576	553886.826	286924.445	420150.97
MM_RS01920	-0.12174660329473	0.839924925454157	0.936309142699513	1478.19574695344	raw_counts / DESeq2 median-of-ratios (via riborex)	14.436	13.454	2.62	4.382	3077.066	2826.951	160.051	197.915	3077.066	2826.951	160.051	197.915
MM_RS12260	-0.119294614072537	0.841122072470333	0.937117760843061	361.060224811071	raw_counts / DESeq2 median-of-ratios (via riborex)	0.175	0.233	9.254	13.584	37.072	48.95	538.752	618.233	37.072	48.95	538.752	618.233
MM_RS10820	-0.212415939311035	0.842004406730888	0.937702956774942	421.034045511298	raw_counts / DESeq2 median-of-ratios (via riborex)	0.115	0.196	2.797	5.577	24.594	41.203	187.02	254.273	24.594	41.203	187.02	254.273
MM_RS09325	0.158652700105584	0.842991367187279	0.938006495861778	757.928540337291	raw_counts / DESeq2 median-of-ratios (via riborex)	2.912	3.649	64.642	102.075	617.642	806.987	3603.694	4355.917	617.642	806.987	3603.694	4355.917
MM_RS00950	-0.112272417068097	0.842796399372208	0.938006495861778	28146.6904254349	raw_counts / DESeq2 median-of-ratios (via riborex)	8.552	14.854	89.92	128.142	1827.86	3139.003	5167.265	5712.153	1827.86	3139.003	5167.265	5712.153
MM_RS03075	-0.110695501272735	0.84382083057148	0.938531766658496	1638.4115774989	raw_counts / DESeq2 median-of-ratios (via riborex)	1.024	1.047	13.882	22.421	216.692	224.683	831.104	993.404	216.692	224.683	831.104	993.404
MM_RS05595	-0.152618741252227	0.844960790868847	0.938763408572476	5954.9714207514	raw_counts / DESeq2 median-of-ratios (via riborex)	13.719	12.493	23.804	43.602	2930.907	2648.41	1507.953	1928.068	2930.907	2648.41	1507.953	1928.068
MM_RS16375	0.151095320047607	0.844888883819188	0.938763408572476	154.522357120167	raw_counts / DESeq2 median-of-ratios (via riborex)	0.071	0.083	0.973	1.727	14.894	17.639	56.579	77.047	14.894	17.639	56.579	77.047
MM_RS06405	0.150357294030037	0.84510156049708	0.938763408572476	216.919198202111	raw_counts / DESeq2 median-of-ratios (via riborex)	0.101	0.108	1.9	3.137	21.144	22.846	108.001	140.711	21.144	22.846	108.001	140.711
MM_RS02055	-0.123409065513955	0.84614886917683	0.939331180196683	279.695780837574	raw_counts / DESeq2 median-of-ratios (via riborex)	0.318	0.516	6.594	10.965	67.424	110.332	401.405	499.189	67.424	110.332	401.405	499.189
MM_RS01700	-0.114008202014535	0.846328093048497	0.939331180196683	150.056016414482	raw_counts / DESeq2 median-of-ratios (via riborex)	0.17	0.137	1.379	2.009	36.008	29.368	79.823	89.974	36.008	29.368	79.823	89.974
MM_RS01080	0.142825941079857	0.848105497656957	0.940906225959936	58.6512126409971	raw_counts / DESeq2 median-of-ratios (via riborex)	0.045	0.043	0.124	0.21	9.655	9.008	7.066	9.241	9.655	9.008	7.066	9.241
MM_RS01845	0.106932004388765	0.848709258720679	0.941178426267105	412.470706705996	raw_counts / DESeq2 median-of-ratios (via riborex)	3.679	3.726	52.869	91.646	779.725	789.2	3076.545	4023.609	779.725	789.2	3076.545	4023.609
MM_RS10015	0.777627095799104	0.852624028561537	0.94257418859861	101.22761736497	raw_counts / DESeq2 median-of-ratios (via riborex)	0.16	0.107	0.053	0.23	34.781	24.924	3.74	11.904	34.781	24.924	3.74	11.904
MM_RS06755	0.655267616444716	0.854249011902478	0.94257418859861	147.674107359628	raw_counts / DESeq2 median-of-ratios (via riborex)	0.019	0.099	0.951	2.479	4.271	20.995	55.823	107.635	4.271	20.995	55.823	107.635
MM_RS06585	-0.223225664275091	0.852746281520186	0.94257418859861	825.126332516062	raw_counts / DESeq2 median-of-ratios (via riborex)	1.703	0.905	8.09	9.17	353.81	194.98	445.043	422.652	353.81	194.98	445.043	422.652
MM_RS10675	-0.161271366029215	0.85205443924991	0.94257418859861	605.872896532977	raw_counts / DESeq2 median-of-ratios (via riborex)	0.911	0.659	2.713	4.503	190.99	141.701	165.556	193.639	190.99	141.701	165.556	193.639
MM_RS12250	0.150960089274815	0.855140349360291	0.94257418859861	253.939393326139	raw_counts / DESeq2 median-of-ratios (via riborex)	0.197	0.268	2.486	5.608	42.182	56.878	157.952	255.107	42.182	56.878	157.952	255.107
MM_RS18905	0.144630634712393	0.85257952054398	0.94257418859861	257.642897619678	raw_counts / DESeq2 median-of-ratios (via riborex)	11.86	8.658	23.348	43.801	2552.72	1830.684	1388.825	1988.205	2552.72	1830.684	1388.825	1988.205
MM_RS11290	0.144232590314654	0.851214720175946	0.94257418859861	74.8721239237984	raw_counts / DESeq2 median-of-ratios (via riborex)	0.094	0.171	2.044	3.452	19.731	36.018	117.232	156.665	19.731	36.018	117.232	156.665
MM_RS16580	0.141677650084542	0.852901070268208	0.94257418859861	118.756636057835	raw_counts / DESeq2 median-of-ratios (via riborex)	0.155	0.094	1.185	1.981	32.681	20.067	67.408	85.339	32.681	20.067	67.408	85.339
MM_RS00915	-0.132180323498006	0.853289613434466	0.94257418859861	122.661422828422	raw_counts / DESeq2 median-of-ratios (via riborex)	0.068	0.044	0.312	0.422	14.311	9.507	17.672	18.714	14.311	9.507	17.672	18.714
MM_RS11870	0.127146053222241	0.854960430801777	0.94257418859861	109.563481161385	raw_counts / DESeq2 median-of-ratios (via riborex)	0.094	0.103	0.563	0.907	20.153	21.984	31.924	41.194	20.153	21.984	31.924	41.194
MM_RS13445	0.120225042596357	0.853841435737112	0.94257418859861	196.990181862083	raw_counts / DESeq2 median-of-ratios (via riborex)	0.088	0.101	0.731	1.468	18.682	21.355	44.695	65.227	18.682	21.355	44.695	65.227
MM_RS07250	0.113262307619844	0.855351976934687	0.94257418859861	300.150950818312	raw_counts / DESeq2 median-of-ratios (via riborex)	1.859	1.157	1.719	3.288	397.405	245.197	103.665	146.973	397.405	245.197	103.665	146.973
MM_RS13055	0.109926257571175	0.851424938183749	0.94257418859861	154.913929333914	raw_counts / DESeq2 median-of-ratios (via riborex)	0.119	0.147	0.989	1.849	25.251	30.629	59.263	83.8	25.251	30.629	59.263	83.8
MM_RS17300	-0.108600735411847	0.854291096779377	0.94257418859861	497.628934070149	raw_counts / DESeq2 median-of-ratios (via riborex)	0.306	0.287	3.249	4.537	64.914	60.944	185.897	209.204	64.914	60.944	185.897	209.204
MM_RS07765	0.0997623548489787	0.853575756265655	0.94257418859861	390.697079701366	raw_counts / DESeq2 median-of-ratios (via riborex)	0.533	0.467	3.081	5.769	113.247	99.896	185.067	260.992	113.247	99.896	185.067	260.992
MM_RS11920	-0.127670059447412	0.856608336428092	0.943125961916651	190.068180359999	raw_counts / DESeq2 median-of-ratios (via riborex)	0.203	0.143	1.054	1.477	42.827	30.332	60.596	67.683	42.827	30.332	60.596	67.683
MM_RS08150	-0.113045191524647	0.856930139045365	0.943125961916651	111.587424524386	raw_counts / DESeq2 median-of-ratios (via riborex)	0.123	0.103	0.751	1.187	26.309	21.534	44.746	53.373	26.309	21.534	44.746	53.373
MM_RS00625	0.104366690424489	0.856532127325499	0.943125961916651	246.943525727531	raw_counts / DESeq2 median-of-ratios (via riborex)	0.404	0.56	8.054	13.216	85.869	119.242	461.556	593.743	85.869	119.242	461.556	593.743
MM_RS07835	0.117570366886156	0.857524739591926	0.943384987921407	447.829531533343	raw_counts / DESeq2 median-of-ratios (via riborex)	0.363	0.295	3.358	5.426	76.74	62.847	190.735	240.451	76.74	62.847	190.735	240.451
MM_RS19135	0.192349893996861	0.858295753170447	0.943837792221773	52.6276181409518	raw_counts / DESeq2 median-of-ratios (via riborex)	0.23	0.318	3.414	7.59	49.636	68.012	212.611	332.86	49.636	68.012	212.611	332.86
MM_RS08185	-0.209102125220665	0.859784144702197	0.944063525761518	137.419422975884	raw_counts / DESeq2 median-of-ratios (via riborex)	0.037	0.07	3.444	6.578	7.902	14.606	225.666	294.391	7.902	14.606	225.666	294.391
MM_RS16210	0.147216443745509	0.858979186623607	0.944063525761518	50.4136594664512	raw_counts / DESeq2 median-of-ratios (via riborex)	0.017	0.031	0.43	0.792	3.627	6.65	25.386	35.562	3.627	6.65	25.386	35.562
MM_RS08035	0.119279198153069	0.859345760409328	0.944063525761518	64.3964840789824	raw_counts / DESeq2 median-of-ratios (via riborex)	0.333	0.491	2.537	4.375	70.663	105.662	146.892	194.837	70.663	105.662	146.892	194.837
MM_RS17625	0.108961445162315	0.859939053168908	0.944063525761518	2734.77831954566	raw_counts / DESeq2 median-of-ratios (via riborex)	34.364	53.055	79.242	142.053	7361.07	11069.276	4662.846	6242.645	7361.07	11069.276	4662.846	6242.645
MM_RS00840	-0.137161478414191	0.862445812286503	0.94641985084177	111.053039837834	raw_counts / DESeq2 median-of-ratios (via riborex)	0.025	0.03	0.453	0.786	5.325	6.225	28.125	35.866	5.325	6.225	28.125	35.866
MM_RS19295	0.119057549772714	0.863483617616011	0.947162898855324	107.554394152334	raw_counts / DESeq2 median-of-ratios (via riborex)	0.101	0.063	0.337	0.583	21.698	13.646	19.695	27.23	21.698	13.646	19.695	27.23
MM_RS05205	-0.145219487987798	0.863990284100381	0.947322958683758	181.038976093849	raw_counts / DESeq2 median-of-ratios (via riborex)	0.467	0.221	2.172	3.979	98.629	46.35	137.43	175.569	98.629	46.35	137.43	175.569
MM_RS17940	-0.625439618768379	0.86580041508853	0.947501203899085	57.2342389115311	raw_counts / DESeq2 median-of-ratios (via riborex)	0.088	0.024	0.053	0.083	18.66	4.919	3.745	4.313	18.66	4.919	3.745	4.313
MM_RS03945	-0.242254366531809	0.866678557412643	0.947501203899085	183.073602933444	raw_counts / DESeq2 median-of-ratios (via riborex)	0.095	0.373	4.786	4.952	19.784	78.675	256.985	222.546	19.784	78.675	256.985	222.546
MM_RS12255	-0.134459553864781	0.866637403463563	0.947501203899085	245.773174690369	raw_counts / DESeq2 median-of-ratios (via riborex)	0.16	0.258	3.362	4.278	33.773	54.782	187.583	194.018	33.773	54.782	187.583	194.018
MM_RS00165	-0.128446778490674	0.865550552493161	0.947501203899085	100.777010575115	raw_counts / DESeq2 median-of-ratios (via riborex)	0.098	0.074	0.801	1.077	21.02	15.791	45.458	49.481	21.02	15.791	45.458	49.481
MM_RS06600	-0.106610103013158	0.864638603937003	0.947501203899085	1378.46454054837	raw_counts / DESeq2 median-of-ratios (via riborex)	1.053	0.812	6.442	10.436	222.216	173.676	386.027	466.432	222.216	173.676	386.027	466.432
MM_RS08360	0.101812055544906	0.866557600315023	0.947501203899085	243.969120437027	raw_counts / DESeq2 median-of-ratios (via riborex)	0.238	0.218	1.362	2.347	50.353	46.604	79.546	107.447	50.353	46.604	79.546	107.447
MM_RS02410	0.0961735094328491	0.865214686302672	0.947501203899085	191.737689294314	raw_counts / DESeq2 median-of-ratios (via riborex)	0.148	0.096	2.252	3.73	31.489	20.624	129.78	168.445	31.489	20.624	129.78	168.445
MM_RS04505	0.108234953517215	0.867345266690071	0.947835484947202	294.076564525549	raw_counts / DESeq2 median-of-ratios (via riborex)	0.245	0.257	1.901	3.467	52.491	54.289	112.53	152.453	52.491	54.289	112.53	152.453
MM_RS00825	0.177591122070468	0.8683062672221	0.948490955792527	278.43928716308	raw_counts / DESeq2 median-of-ratios (via riborex)	0.079	0.093	3.834	5.75	16.687	19.845	209.415	241.727	16.687	19.845	209.415	241.727
MM_RS12330	0.0834207912999988	0.868816867388759	0.948654093040699	559.966475141891	raw_counts / DESeq2 median-of-ratios (via riborex)	0.621	0.43	3.136	5.216	131.804	91.228	181.286	232.966	131.804	91.228	181.286	232.966
MM_RS09215	0.136732756453879	0.870088839962034	0.949648085511347	196.568653080318	raw_counts / DESeq2 median-of-ratios (via riborex)	0.74	0.809	3.088	5.387	159.586	170.856	179.237	241.995	159.586	170.856	179.237	241.995
MM_RS16355	-0.103745799679642	0.871141725254435	0.950402231208204	202.628356663871	raw_counts / DESeq2 median-of-ratios (via riborex)	0.147	0.193	1.5	2.528	31.228	40.622	91.097	112.659	31.228	40.622	91.097	112.659
MM_RS03725	-0.174695031887366	0.872429416067165	0.951411813368926	644.630134640016	raw_counts / DESeq2 median-of-ratios (via riborex)	0.815	0.582	1.221	1.57	176.552	129.3	68.582	67	176.552	129.3	68.582	67
MM_RS00245	-0.105839551515956	0.873349498497832	0.952019835224286	179.057689974231	raw_counts / DESeq2 median-of-ratios (via riborex)	0.122	0.15	1.566	2.686	25.851	32.187	95.808	120.009	25.851	32.187	95.808	120.009
MM_RS16995	0.0922386423223106	0.873959987491606	0.952290011266787	164.832461410834	raw_counts / DESeq2 median-of-ratios (via riborex)	1.238	0.489	5.475	9.132	262.314	103.719	315.848	407.96	262.314	103.719	315.848	407.96
MM_RS12240	0.0849739947608654	0.874368400087492	0.952339866706659	168.370301279316	raw_counts / DESeq2 median-of-ratios (via riborex)	0.671	0.983	4.17	7.28	142.653	205.62	245.191	328.151	142.653	205.62	245.191	328.151
MM_RS04820	0.433674561631447	0.876498390840005	0.954264002630951	144.59319461497	raw_counts / DESeq2 median-of-ratios (via riborex)	0.146	0.182	0.295	0.486	31.316	39.137	15.737	20.127	31.316	39.137	15.737	20.127
MM_RS14170	-0.130104218996161	0.877480702143108	0.954392796361215	51.5978500248857	raw_counts / DESeq2 median-of-ratios (via riborex)	0.06	0.095	1.455	2.041	12.962	20.651	83.638	92.785	12.962	20.651	83.638	92.785
MM_RS13300	-0.122235477276202	0.877707008077812	0.954392796361215	1183.22442427864	raw_counts / DESeq2 median-of-ratios (via riborex)	2.254	2.185	3.155	5.881	482.117	471.241	199.681	260.333	482.117	471.241	199.681	260.333
MM_RS11715	-0.0997745185234378	0.877295418875787	0.954392796361215	84.8749491522636	raw_counts / DESeq2 median-of-ratios (via riborex)	0.156	0.095	0.631	0.973	33.328	20.638	37.369	44.78	33.328	20.638	37.369	44.78
MM_RS00610	0.0975545281105088	0.878566291178785	0.954931738673629	80.9293098062719	raw_counts / DESeq2 median-of-ratios (via riborex)	2.808	2.574	7.76	14.293	596.955	549.653	463.886	640.506	596.955	549.653	463.886	640.506
MM_RS02365	0.093181860545824	0.880027536245486	0.956124249143833	441.539641819507	raw_counts / DESeq2 median-of-ratios (via riborex)	0.441	0.409	1.995	3.852	93.493	87.615	120.977	169.657	93.493	87.615	120.977	169.657
MM_RS12595	-0.128421990153581	0.880720853585468	0.956481787227228	895.990038316225	raw_counts / DESeq2 median-of-ratios (via riborex)	0.884	0.829	3.753	4.603	188.144	177.69	206.247	201.331	188.144	177.69	206.247	201.331
MM_RS08195	-0.0858832860677699	0.881410809865917	0.956835381028483	160.422600853553	raw_counts / DESeq2 median-of-ratios (via riborex)	0.08	0.063	0.414	0.645	17.029	13.639	24.318	28.43	17.029	13.639	24.318	28.43
MM_RS06785	-0.110714363166994	0.882148223072082	0.956844788842333	553.790876150703	raw_counts / DESeq2 median-of-ratios (via riborex)	0.391	0.488	7.633	13.938	83.449	103.342	478.871	630.257	83.449	103.342	478.871	630.257
MM_RS14600	-0.093034527125869	0.882030116298229	0.956844788842333	135.466520341759	raw_counts / DESeq2 median-of-ratios (via riborex)	0.15	0.135	2.466	3.948	32.012	28.931	146.831	177.315	32.012	28.931	146.831	177.315
MM_RS08570	-0.120287615993559	0.883070891600797	0.957450107904085	113.20828793756	raw_counts / DESeq2 median-of-ratios (via riborex)	0.075	0.038	0.297	0.378	15.96	8.103	16.474	16.904	15.96	8.103	16.474	16.904
MM_RS12710	0.122718800494292	0.884039239666506	0.957897648469867	53.156742356617	raw_counts / DESeq2 median-of-ratios (via riborex)	0.141	0.09	0.501	0.822	29.811	19.093	28.375	36.068	29.811	19.093	28.375	36.068
MM_RS08505	0.0965129526231415	0.884213213972185	0.957897648469867	170.682698459061	raw_counts / DESeq2 median-of-ratios (via riborex)	0.105	0.095	0.339	0.575	22.147	21.236	19.577	24.812	22.147	21.236	19.577	24.812
MM_RS17065	0.116742169627749	0.885677061610184	0.959087820118905	353.291936410491	raw_counts / DESeq2 median-of-ratios (via riborex)	0.518	0.246	0.741	1.219	108.604	54.011	42.277	53.694	108.604	54.011	42.277	53.694
MM_RS03060	-0.135838516651585	0.887846341714431	0.961040599069289	312.805394628855	raw_counts / DESeq2 median-of-ratios (via riborex)	0.459	0.322	2.915	4.534	95.736	67.982	174.09	210.101	95.736	67.982	174.09	210.101
MM_RS00530	-0.132822172156227	0.888534648569202	0.961325780078094	50.2789279468604	raw_counts / DESeq2 median-of-ratios (via riborex)	0.034	0.02	1.127	1.463	7.321	4.225	63.518	69.332	7.321	4.225	63.518	69.332
MM_RS16880	0.132452185727578	0.88884196269216	0.961325780078094	49.4672207609825	raw_counts / DESeq2 median-of-ratios (via riborex)	0.064	0.068	0.589	0.966	13.763	14.631	33.35	41.942	13.763	14.631	33.35	41.942
MM_RS16205	0.095430910659994	0.889584918551866	0.961733221950268	94.1813853804632	raw_counts / DESeq2 median-of-ratios (via riborex)	2.675	0.801	1.279	2.196	569.895	169.979	74.495	99.095	569.895	169.979	74.495	99.095
MM_RS03720	-0.147781771277915	0.890077030235824	0.961869251604639	4376.1961497744	raw_counts / DESeq2 median-of-ratios (via riborex)	1230.329	1395.408	8482.291	17228.044	263323.251	294302.346	563588.282	818580.658	263323.251	294302.346	563588.282	818580.658
MM_RS13090	0.0867874278047245	0.890753703343365	0.962204535162352	168.147810992826	raw_counts / DESeq2 median-of-ratios (via riborex)	0.345	0.303	1.292	2.137	72.846	64.26	74.584	96.87	72.846	64.26	74.584	96.87
MM_RS15580	-0.094299184251131	0.891326678022038	0.962427572568204	130.789600170267	raw_counts / DESeq2 median-of-ratios (via riborex)	0.29	0.181	1.578	2.168	61.342	37.694	89.362	98.72	61.342	37.694	89.362	98.72
MM_RS03405	0.113393386320232	0.891821035245755	0.962565572772442	223.237448967566	raw_counts / DESeq2 median-of-ratios (via riborex)	0.225	0.106	2.321	3.904	47.859	22.857	132.817	162.042	47.859	22.857	132.817	162.042
MM_RS09170	-0.12483985500369	0.894384694121933	0.963367438971276	764.638908065334	raw_counts / DESeq2 median-of-ratios (via riborex)	0.645	1.034	7.534	15.284	136.673	222.633	493.691	682.2	136.673	222.633	493.691	682.2
MM_RS03590	-0.112955444729425	0.894154220819768	0.963367438971276	860.132679749436	raw_counts / DESeq2 median-of-ratios (via riborex)	0.381	0.532	5.816	11.398	80.833	114.907	374.735	510.278	80.833	114.907	374.735	510.278
MM_RS00880	0.105228783121984	0.894398254460004	0.963367438971276	53.9090298437845	raw_counts / DESeq2 median-of-ratios (via riborex)	0.027	0.027	0.391	0.676	5.807	5.75	22.742	29.976	5.807	5.75	22.742	29.976
MM_RS01955	-0.0969710858938258	0.893201747489998	0.963367438971276	137.703191660549	raw_counts / DESeq2 median-of-ratios (via riborex)	0.261	0.328	8.263	11.201	55.407	69.731	466.755	513.569	55.407	69.731	466.755	513.569
MM_RS09295	0.082772681249078	0.893333251890032	0.963367438971276	116.730623732051	raw_counts / DESeq2 median-of-ratios (via riborex)	0.262	0.226	1.39	2.513	55.939	47.622	82.945	114.258	55.939	47.622	82.945	114.258
MM_RS16935	0.109950696769207	0.897334160892659	0.965737502665624	65.3146797733874	raw_counts / DESeq2 median-of-ratios (via riborex)	0.088	0.084	0.494	0.817	18.49	18.406	28.202	35.835	18.49	18.406	28.202	35.835
MM_RS12335	-0.078657782619326	0.89707016945267	0.965737502665624	244.581881021892	raw_counts / DESeq2 median-of-ratios (via riborex)	0.394	0.21	2.502	3.745	83.285	44.808	144.771	165.855	83.285	44.808	144.771	165.855
MM_RS06525	-0.106039277752532	0.89858781111488	0.966294673213625	57.11341123305	raw_counts / DESeq2 median-of-ratios (via riborex)	0.055	0.08	1.149	1.719	11.76	17.313	66.871	76.216	11.76	17.313	66.871	76.216
MM_RS16930	0.101712600318617	0.89839753316771	0.966294673213625	56.0266446479573	raw_counts / DESeq2 median-of-ratios (via riborex)	0.077	0.077	0.298	0.474	16.541	16.32	16.94	21.597	16.541	16.32	16.94	21.597
MM_RS03940	0.185633212531365	0.89951351177119	0.966894180070056	309.178863362278	raw_counts / DESeq2 median-of-ratios (via riborex)	0.101	0.513	11.929	16.348	20.934	105.876	639.687	762.567	20.934	105.876	639.687	762.567
MM_RS09020	-0.473096574438482	0.901029202542377	0.96695365602222	68.2743184806584	raw_counts / DESeq2 median-of-ratios (via riborex)	0.153	0.22	2.336	2.658	33.57	47.016	135.532	120.484	33.57	47.016	135.532	120.484
MM_RS02270	0.0988299100530696	0.900050258071046	0.96695365602222	73.2943551057601	raw_counts / DESeq2 median-of-ratios (via riborex)	0.11	0.11	0.203	0.385	23.627	23.062	12.166	16.594	23.627	23.062	12.166	16.594
MM_RS14065	-0.0826030457063258	0.901041735067164	0.96695365602222	252.54024396319	raw_counts / DESeq2 median-of-ratios (via riborex)	0.35	0.423	4.266	7.146	73.991	90.368	257.99	327.822	73.991	90.368	257.99	327.822
MM_RS11895	-0.0781274601034572	0.901003743159201	0.96695365602222	366.540390112768	raw_counts / DESeq2 median-of-ratios (via riborex)	0.165	0.152	1.244	1.757	35.197	32.257	70.796	79.309	35.197	32.257	70.796	79.309
MM_RS15765	0.0934508351226437	0.90190978205257	0.9670947683422	58.9667274389399	raw_counts / DESeq2 median-of-ratios (via riborex)	0.097	0.129	1.087	1.93	20.803	27.574	64.293	88.108	20.803	27.574	64.293	88.108
MM_RS07220	0.0719219034121902	0.901846170328857	0.9670947683422	713.79404786425	raw_counts / DESeq2 median-of-ratios (via riborex)	0.991	0.939	4.104	6.584	209.75	199.816	234.961	292.589	209.75	199.816	234.961	292.589
MM_RS12490	-0.0939565035095379	0.902319272518313	0.967138942707384	71.8506400262683	raw_counts / DESeq2 median-of-ratios (via riborex)	1.712	1.152	3.768	5.64	367.033	245.767	220.668	261.197	367.033	245.767	220.668	261.197
MM_RS14315	0.106977253163836	0.903660869229185	0.967786885234844	80.1365722635355	raw_counts / DESeq2 median-of-ratios (via riborex)	0.213	0.183	0.98	1.476	44.932	40.071	54.428	65.104	44.932	40.071	54.428	65.104
MM_RS08160	0.0835986210985505	0.903547512220488	0.967786885234844	130.244225740006	raw_counts / DESeq2 median-of-ratios (via riborex)	0.164	0.229	1.322	2.351	34.733	47.739	78.658	109.974	34.733	47.739	78.658	109.974
MM_RS10340	-0.11307080582311	0.90426355540873	0.968037544436741	122.375250470729	raw_counts / DESeq2 median-of-ratios (via riborex)	0.183	0.123	1.179	2.165	39.321	25.861	74.059	95.637	39.321	25.861	74.059	95.637
MM_RS00295	-0.0921769389147326	0.904751084506271	0.968164770950884	300.579996613594	raw_counts / DESeq2 median-of-ratios (via riborex)	0.095	0.117	0.953	1.799	20.146	25.199	60.134	79.574	20.146	25.199	60.134	79.574
MM_RS08545	0.0732553515076181	0.906236902827432	0.969359717647591	725.710986546666	raw_counts / DESeq2 median-of-ratios (via riborex)	1.154	0.759	7.945	12.233	245.729	159.243	450.606	565.525	245.729	159.243	450.606	565.525
MM_RS04420	0.130184600626781	0.906989289650896	0.969374796346461	111.260065226347	raw_counts / DESeq2 median-of-ratios (via riborex)	0.265	0.353	7.304	11.037	55.232	77.004	404.399	477.848	55.232	77.004	404.399	477.848
MM_RS04425	0.123703933679819	0.906715381550689	0.969374796346461	94.9793348317542	raw_counts / DESeq2 median-of-ratios (via riborex)	0.128	0.239	2.227	3.286	26.686	51.491	122.837	146.363	26.686	51.491	122.837	146.363
MM_RS03330	0.0832312160681813	0.910131303713454	0.971546668110378	218.072317613527	raw_counts / DESeq2 median-of-ratios (via riborex)	4.627	4.918	12.774	25.239	991.076	1028.232	786.869	1149.392	991.076	1028.232	786.869	1149.392
MM_RS07915	0.0809881030991921	0.909848034554134	0.971546668110378	101.426006659587	raw_counts / DESeq2 median-of-ratios (via riborex)	0.149	0.102	1.156	2.093	31.316	21.685	68.682	92.123	31.316	21.685	68.682	92.123
MM_RS09310	0.0804422394336889	0.910093526038721	0.971546668110378	168.787533123266	raw_counts / DESeq2 median-of-ratios (via riborex)	0.014	0.019	0.791	1.425	2.936	4.08	47.116	64.904	2.936	4.08	47.116	64.904
MM_RS00265	-0.0934667782497292	0.912373234007212	0.971871255499964	90.0240021409763	raw_counts / DESeq2 median-of-ratios (via riborex)	0.482	0.151	1.505	2.123	101.436	32.091	85.204	91.645	101.436	32.091	85.204	91.645
MM_RS06345	-0.0904945461944318	0.911327078718089	0.971871255499964	109.994767897394	raw_counts / DESeq2 median-of-ratios (via riborex)	0.567	0.588	6.29	11.342	121.417	127.452	391.468	515.501	121.417	127.452	391.468	515.501
MM_RS07940	0.0845288337857414	0.912655946710934	0.971871255499964	120.819907965887	raw_counts / DESeq2 median-of-ratios (via riborex)	0.449	0.296	2.274	3.722	94.544	62.765	131.325	172.592	94.544	62.765	131.325	172.592
MM_RS13645	0.080178323753426	0.911445724091333	0.971871255499964	154.099379914444	raw_counts / DESeq2 median-of-ratios (via riborex)	0.099	0.167	0.966	1.79	20.936	35.729	57.89	78.872	20.936	35.729	57.89	78.872
MM_RS05410	0.0685885215874749	0.912595947562049	0.971871255499964	187.106650357675	raw_counts / DESeq2 median-of-ratios (via riborex)	0.301	0.107	1.868	3.023	63.676	22.953	107.788	139.709	63.676	22.953	107.788	139.709
MM_RS17510	0.0638429375841184	0.911829831867314	0.971871255499964	365.270532750304	raw_counts / DESeq2 median-of-ratios (via riborex)	0.206	0.296	2.26	4.082	43.638	62.337	134.984	182.373	43.638	62.337	134.984	182.373
MM_RS08405	0.091612321219055	0.913104668596288	0.971954949223289	380.485966753102	raw_counts / DESeq2 median-of-ratios (via riborex)	0.478	0.868	10.385	22.122	102.092	184.757	657.587	1035.74	102.092	184.757	657.587	1035.74
MM_RS02075	0.10563535648217	0.914753150410615	0.973315143021991	12236.2566887349	raw_counts / DESeq2 median-of-ratios (via riborex)	4372.071	5955.192	18293.184	41979.603	937872.3	1245846.653	1189006.185	1990938.338	937872.3	1245846.653	1189006.185	1990938.338
MM_RS11360	0.401599659634466	0.915834725460413	0.974071279489285	62.666048263922	raw_counts / DESeq2 median-of-ratios (via riborex)	0.031	0.033	0.418	0.785	6.889	7.606	23.368	34.68	6.889	7.606	23.368	34.68
MM_RS10590	0.063538190241997	0.916303283199505	0.974175069506842	157.139521864816	raw_counts / DESeq2 median-of-ratios (via riborex)	0.521	0.456	4.375	7.246	110.352	96.724	253.107	318.693	110.352	96.724	253.107	318.693
MM_RS15800	-0.102011380241836	0.917948971590139	0.974643101405963	50.4994285305387	raw_counts / DESeq2 median-of-ratios (via riborex)	0.204	0.081	1.427	1.781	43.394	16.409	78.333	78.527	43.394	16.409	78.333	78.527
MM_RS07485	-0.0727713678845798	0.918479261040207	0.974643101405963	128.433045740371	raw_counts / DESeq2 median-of-ratios (via riborex)	0.124	0.206	6.017	9.961	26.153	43.577	361.259	452.774	26.153	43.577	361.259	452.774
MM_RS11535	-0.0719525542949166	0.919047481196551	0.974643101405963	105.959290023631	raw_counts / DESeq2 median-of-ratios (via riborex)	0.239	0.247	3.011	5.14	50.556	52.366	182.141	227.482	50.556	52.366	182.141	227.482
MM_RS19150	-0.0707644361477575	0.919341569757262	0.974643101405963	646.878341097981	raw_counts / DESeq2 median-of-ratios (via riborex)	3.781	4.875	1.804	2.475	803.795	1055.009	100.9	108.462	803.795	1055.009	100.9	108.462
MM_RS17425	-0.0662173270756254	0.918339177650914	0.974643101405963	97.6854546006897	raw_counts / DESeq2 median-of-ratios (via riborex)	0.041	0.016	0.204	0.326	8.851	3.365	12.051	14.613	8.851	3.365	12.051	14.613
MM_RS14735	-0.0620493911038469	0.918504011419926	0.974643101405963	87.9998580484772	raw_counts / DESeq2 median-of-ratios (via riborex)	0.071	0.059	0.274	0.43	15.178	12.504	16.05	19.199	15.178	12.504	16.05	19.199
MM_RS03295	0.0568145452132628	0.919205778358995	0.974643101405963	225.086222348427	raw_counts / DESeq2 median-of-ratios (via riborex)	1.922	1.638	27.939	47.182	410.261	352.218	1635.424	2132.184	410.261	352.218	1635.424	2132.184
MM_RS13705	0.315957932769926	0.920547813072444	0.975134553097312	117.795601022153	raw_counts / DESeq2 median-of-ratios (via riborex)	0.142	0.049	0.206	0.652	30.781	10.656	14.454	31.745	30.781	10.656	14.454	31.745
MM_RS09300	-0.069502969393617	0.920433336534156	0.975134553097312	113.911793424351	raw_counts / DESeq2 median-of-ratios (via riborex)	2.145	1.283	5.867	10.353	457.262	267.175	360.352	464.838	457.262	267.175	360.352	464.838
MM_RS07395	-0.0896206029845128	0.92240803126294	0.976317408341991	214.469496489853	raw_counts / DESeq2 median-of-ratios (via riborex)	0.351	0.242	6.742	8.627	73.803	51.217	373.178	389.424	73.803	51.217	373.178	389.424
MM_RS10220	0.0527455901365061	0.922377856040007	0.976317408341991	337.197059642031	raw_counts / DESeq2 median-of-ratios (via riborex)	1.196	0.804	9.228	16.382	254.975	170.944	549.142	730.11	254.975	170.944	549.142	730.11
MM_RS13690	0.0659622150569263	0.923672335568454	0.976646295651384	63.2841050404432	raw_counts / DESeq2 median-of-ratios (via riborex)	0.287	0.385	3.494	5.864	61.318	83.09	203.691	265.632	61.318	83.09	203.691	265.632
MM_RS05660	-0.0647667110951759	0.923834500532383	0.976646295651384	555.960932316663	raw_counts / DESeq2 median-of-ratios (via riborex)	0.603	0.65	4.316	7.425	127.021	138.329	261.725	334.913	127.021	138.329	261.725	334.913
MM_RS14235	0.0593664188022811	0.923469486293261	0.976646295651384	97.7029034617428	raw_counts / DESeq2 median-of-ratios (via riborex)	0.039	0.041	0.184	0.308	8.36	8.918	10.713	13.617	8.36	8.918	10.713	13.617
MM_RS05225	-0.0630180543261531	0.924487948083483	0.976865215541538	263.898109092299	raw_counts / DESeq2 median-of-ratios (via riborex)	0.517	0.558	7.491	11.049	110.787	116.581	431.09	501.229	110.787	116.581	431.09	501.229
MM_RS17685	-0.0590276799924826	0.924785577241532	0.976865215541538	318.640763938834	raw_counts / DESeq2 median-of-ratios (via riborex)	0.111	0.193	6.062	9.333	23.754	40.488	353.42	421.997	23.754	40.488	353.42	421.997
MM_RS05785	-0.056962037260679	0.925834391629761	0.977579860241155	113.898557584955	raw_counts / DESeq2 median-of-ratios (via riborex)	0.213	0.213	1.846	2.739	45.27	45.594	106.33	124.813	45.27	45.594	106.33	124.813
MM_RS03735	0.0619505354377119	0.927053607178612	0.978473783139483	231.322281290846	raw_counts / DESeq2 median-of-ratios (via riborex)	0.187	0.225	3.469	5.869	39.296	47.987	202.947	265.025	39.296	47.987	202.947	265.025
MM_RS10035	0.0799163309672874	0.927456114429996	0.978505326031808	192.137278552158	raw_counts / DESeq2 median-of-ratios (via riborex)	0.453	0.376	1.394	2.192	97.574	78.567	79.441	101.356	97.574	78.567	79.441	101.356
MM_RS09565	-0.07445854815674	0.928614604595951	0.978940968152938	286.886230664972	raw_counts / DESeq2 median-of-ratios (via riborex)	0.512	0.385	4.644	7.019	107.499	83.545	268.454	299.109	107.499	83.545	268.454	299.109
MM_RS10530	0.0643703316541086	0.928506467488245	0.978940968152938	388.939536800628	raw_counts / DESeq2 median-of-ratios (via riborex)	0.922	0.535	4.652	7.503	194.174	114.042	268.585	349.823	194.174	114.042	268.585	349.823
MM_RS03585	-0.38091794483465	0.931125108498325	0.979299289196665	51.3514944031727	raw_counts / DESeq2 median-of-ratios (via riborex)	0.064	0.037	0.974	0.902	13.182	7.817	52.096	40.025	13.182	7.817	52.096	40.025
MM_RS02760	-0.338515249808484	0.93342959667146	0.979299289196665	52.3416235992237	raw_counts / DESeq2 median-of-ratios (via riborex)	0.067	0.202	0.105	0.206	14.117	44.132	7.367	10.688	14.117	44.132	7.367	10.688
MM_RS17755	0.26825249401281	0.932252473695722	0.979299289196665	54.3183381113009	raw_counts / DESeq2 median-of-ratios (via riborex)	0.015	0.074	0.547	1.17	3.207	15.443	33.006	52.366	3.207	15.443	33.006	52.366
MM_RS11950	0.174595832282366	0.93225217527889	0.979299289196665	2026.9444748031	raw_counts / DESeq2 median-of-ratios (via riborex)	1.531	1.485	7.09	10.832	315.865	321.765	391.58	483.173	315.865	321.765	391.58	483.173
MM_RS01880	0.100616279815386	0.932054431674668	0.979299289196665	294.032650424254	raw_counts / DESeq2 median-of-ratios (via riborex)	1.459	1.133	2.283	4.385	317.31	246.226	137.862	192.61	317.31	246.226	137.862	192.61
MM_RS11255	0.0753616419940093	0.930393856914927	0.979299289196665	455.77943691076	raw_counts / DESeq2 median-of-ratios (via riborex)	1.955	2.664	3.848	7.17	419.714	578.644	230.034	299.094	419.714	578.644	230.034	299.094
MM_RS04885	-0.0649166167094842	0.933374331934341	0.979299289196665	64.5854508016451	raw_counts / DESeq2 median-of-ratios (via riborex)	0.062	0.062	1.061	1.84	13.22	13.176	64.367	80.749	13.22	13.176	64.367	80.749
MM_RS16340	-0.0596820517565953	0.930009348770884	0.979299289196665	373.967115774733	raw_counts / DESeq2 median-of-ratios (via riborex)	0.126	0.118	0.836	1.495	26.64	25.042	51.249	65.979	26.64	25.042	51.249	65.979
MM_RS03090	0.0563082158613481	0.931833232193627	0.979299289196665	526.383316874124	raw_counts / DESeq2 median-of-ratios (via riborex)	0.557	0.671	3.106	6.111	118.846	142.24	191.548	271.298	118.846	142.24	191.548	271.298
MM_RS06810	-0.0554798591802234	0.93250887020367	0.979299289196665	380.148255583484	raw_counts / DESeq2 median-of-ratios (via riborex)	0.574	0.38	4.521	6.527	121.905	81.727	256.749	282.711	121.905	81.727	256.749	282.711
MM_RS13385	0.0553019787007341	0.933035814013498	0.979299289196665	116.989171596573	raw_counts / DESeq2 median-of-ratios (via riborex)	0.22	0.136	0.967	1.586	46.489	29.169	55.837	70.042	46.489	29.169	55.837	70.042
MM_RS03310	-0.052203790252138	0.930942341194323	0.979299289196665	931.571626052082	raw_counts / DESeq2 median-of-ratios (via riborex)	0.762	0.689	4.13	7.334	161.729	147.413	252.266	326.947	161.729	147.413	252.266	326.947
MM_RS09630	0.0690381934350726	0.933821287507061	0.979318970045345	952.26254784014	raw_counts / DESeq2 median-of-ratios (via riborex)	0.407	0.684	3.633	7.986	86.819	145.944	232.414	348.62	86.819	145.944	232.414	348.62
MM_RS09005	0.506050641518538	0.937534377097523	0.980398487904617	161.624154972244	raw_counts / DESeq2 median-of-ratios (via riborex)	0.225	0.232	0.121	0.197	49.447	51.06	6.448	10.216	49.447	51.06	6.448	10.216
MM_RS16915	0.0677245789890381	0.938399576891681	0.980398487904617	240.173346836969	raw_counts / DESeq2 median-of-ratios (via riborex)	0.562	0.721	10.504	21.397	120.542	153.312	658.474	1004.414	120.542	153.312	658.474	1004.414
MM_RS15760	-0.0590423096456275	0.938584081718281	0.980398487904617	59.1598520540161	raw_counts / DESeq2 median-of-ratios (via riborex)	0.039	0.019	0.303	0.426	8.239	4.073	17.08	19.151	8.239	4.073	17.08	19.151
MM_RS08455	-0.058111665859206	0.936857121040317	0.980398487904617	162.672870361088	raw_counts / DESeq2 median-of-ratios (via riborex)	0.158	0.096	0.953	1.435	33.298	20.693	54.888	62.549	33.298	20.693	54.888	62.549
MM_RS00190	0.0580875971261699	0.93629419209338	0.980398487904617	81.9266992178884	raw_counts / DESeq2 median-of-ratios (via riborex)	0.034	0.018	0.181	0.282	7.248	3.828	10.312	12.79	7.248	3.828	10.312	12.79
MM_RS14595	0.0556682478166139	0.937995837924508	0.980398487904617	73.5462872639169	raw_counts / DESeq2 median-of-ratios (via riborex)	0.088	0.126	0.751	1.319	18.899	26.587	44.671	60.294	18.899	26.587	44.671	60.294
MM_RS18705	-0.0529623228420812	0.936370196451868	0.980398487904617	91.1236851985309	raw_counts / DESeq2 median-of-ratios (via riborex)	0.054	0.025	0.117	0.173	11.462	5.351	6.711	7.825	11.462	5.351	6.711	7.825
MM_RS00250	0.0516125159072383	0.938001987146338	0.980398487904617	305.044252012242	raw_counts / DESeq2 median-of-ratios (via riborex)	0.633	0.582	6.506	12.207	135.161	123.465	396.421	561.319	135.161	123.465	396.421	561.319
MM_RS01475	-0.0500903770742035	0.938189634513801	0.980398487904617	659.371761863702	raw_counts / DESeq2 median-of-ratios (via riborex)	5.605	11.088	53.966	83.736	1186.152	2405.973	3132.313	3595.657	1186.152	2405.973	3132.313	3595.657
MM_RS11425	-0.045207347717779	0.937493535265611	0.980398487904617	356.805407250813	raw_counts / DESeq2 median-of-ratios (via riborex)	0.342	0.578	4.636	7.018	72.987	122.257	268.521	324.488	72.987	122.257	268.521	324.488
MM_RS01090	-0.0583214198812427	0.939115836486783	0.980563891297929	95.4465180026104	raw_counts / DESeq2 median-of-ratios (via riborex)	0.103	0.038	0.375	0.51	21.89	8.162	20.916	22.897	21.89	8.162	20.916	22.897
MM_RS16055	0.0428084965223551	0.939936486451238	0.981030688959042	406.638011767039	raw_counts / DESeq2 median-of-ratios (via riborex)	0.425	0.265	1.868	3.271	90.19	56.321	111.382	151.244	90.19	56.321	111.382	151.244
MM_RS07525	0.0674626604248763	0.941929979021963	0.981347977542388	4037.56572600788	raw_counts / DESeq2 median-of-ratios (via riborex)	3.298	4.453	98.692	225.51	704.95	955.619	6445.673	10309.648	704.95	955.619	6445.673	10309.648
MM_RS06155	0.0626541933416973	0.941646065840323	0.981347977542388	256.10226013283	raw_counts / DESeq2 median-of-ratios (via riborex)	1.286	1.241	24.169	35.946	275.485	262.246	1349.403	1534.232	275.485	262.246	1349.403	1534.232
MM_RS00430	-0.0556628328871911	0.942109006620091	0.981347977542388	106.160799076172	raw_counts / DESeq2 median-of-ratios (via riborex)	0.53	0.386	1.49	2.35	113.216	80.878	88.346	112.275	113.216	80.878	88.346	112.275
MM_RS04710	0.0503535302040104	0.941620924323737	0.981347977542388	164.782284627092	raw_counts / DESeq2 median-of-ratios (via riborex)	0.081	0.054	1.052	1.659	17.059	11.576	60.213	73.91	17.059	11.576	60.213	73.91
MM_RS12235	0.0487276407668564	0.941332138665146	0.981347977542388	282.809097833936	raw_counts / DESeq2 median-of-ratios (via riborex)	0.347	0.282	4.949	7.916	73.133	59.893	284.843	355.243	73.133	59.893	284.843	355.243
MM_RS03980	-0.0644507679103351	0.942906478162897	0.981400083890514	97.239343832301	raw_counts / DESeq2 median-of-ratios (via riborex)	0.09	0.105	7.587	12.746	18.912	22.855	456.294	573.664	18.912	22.855	456.294	573.664
MM_RS03225	0.0520540335724577	0.942739850472442	0.981400083890514	277.662430871356	raw_counts / DESeq2 median-of-ratios (via riborex)	1.286	1.241	24.756	36.294	273.901	260.588	1389.856	1687.727	273.901	260.588	1389.856	1687.727
MM_RS16475	0.297675597707726	0.951434702054767	0.98218324114456	546.720357624117	raw_counts / DESeq2 median-of-ratios (via riborex)	0.662	0.582	1.223	2.158	145.307	129.355	68.662	95.366	145.307	129.355	68.662	95.366
MM_RS06545	-0.0857721382382912	0.948464710738267	0.98218324114456	22676.4524236937	raw_counts / DESeq2 median-of-ratios (via riborex)	12504.48	18256.039	10219.817	21538.649	2704706.81	3750107.764	680623.63	1066071.736	2704706.81	3750107.764	680623.63	1066071.736
MM_RS06550	-0.0835076043551488	0.949749763073935	0.98218324114456	22551.3744504281	raw_counts / DESeq2 median-of-ratios (via riborex)	12425.94	17993.485	10197.654	21513.474	2687489.557	3692596.282	679007.857	1064993.194	2687489.557	3692596.282	679007.857	1064993.194
MM_RS07565	-0.0739758078528203	0.944960560664638	0.98218324114456	1974.60254414999	raw_counts / DESeq2 median-of-ratios (via riborex)	22.044	10.685	121.807	203.568	4581.112	2382.123	7308.783	8946.9	4581.112	2382.123	7308.783	8946.9
MM_RS15565	-0.0615921634174235	0.947416037945259	0.98218324114456	52.8240846681072	raw_counts / DESeq2 median-of-ratios (via riborex)	0.137	0.077	1.587	2.553	28.697	16.451	93.658	112.238	28.697	16.451	93.658	112.238
MM_RS16630	-0.0540677949075199	0.944163798075377	0.98218324114456	763.385767791898	raw_counts / DESeq2 median-of-ratios (via riborex)	0.518	0.673	3.79	6.715	111.195	142.557	232.199	309.498	111.195	142.557	232.199	309.498
MM_RS14740	-0.0534895600755875	0.949837091407749	0.98218324114456	54.1938127760625	raw_counts / DESeq2 median-of-ratios (via riborex)	0.036	0.034	0.24	0.326	7.565	7.22	13.446	15.156	7.565	7.22	13.446	15.156
MM_RS08690	-0.0512411298592213	0.948851680985329	0.98218324114456	1790.87609857542	raw_counts / DESeq2 median-of-ratios (via riborex)	1008.915	1107.448	626.482	1250.265	215174.559	237748.872	40011.011	56009.869	215174.559	237748.872	40011.011	56009.869
MM_RS11430	-0.0460878870529239	0.949932203640328	0.98218324114456	181.294723436725	raw_counts / DESeq2 median-of-ratios (via riborex)	0.432	0.506	4.445	6.962	90.81	109.205	259.799	314.07	90.81	109.205	259.799	314.07
MM_RS14000	0.0450309463677497	0.947935911102629	0.98218324114456	298.654157496118	raw_counts / DESeq2 median-of-ratios (via riborex)	0.173	0.09	0.693	1.012	36.856	19.239	38.807	46.057	36.856	19.239	38.807	46.057
MM_RS09880	-0.0448177821755368	0.949319100782627	0.98218324114456	120.498436236594	raw_counts / DESeq2 median-of-ratios (via riborex)	0.427	0.245	2.48	3.753	90.084	51.888	143.891	175.291	90.084	51.888	143.891	175.291
MM_RS15365	-0.044301530829852	0.947696826604348	0.98218324114456	403.389181415847	raw_counts / DESeq2 median-of-ratios (via riborex)	0.64	0.328	0.646	1.052	137.339	72.965	38.258	46.92	137.339	72.965	38.258	46.92
MM_RS16950	0.0440169202176248	0.948747818257826	0.98218324114456	129.681048923964	raw_counts / DESeq2 median-of-ratios (via riborex)	0.112	0.163	2.234	3.599	23.739	34.427	129.627	168.882	23.739	34.427	129.627	168.882
MM_RS12640	-0.0412701521181661	0.950021185852488	0.98218324114456	401.371809398863	raw_counts / DESeq2 median-of-ratios (via riborex)	1.021	0.803	12.157	21.741	215.82	172.628	743.698	984.39	215.82	172.628	743.698	984.39
MM_RS06845	-0.0410098311886229	0.948315160903387	0.98218324114456	569.491969715713	raw_counts / DESeq2 median-of-ratios (via riborex)	0.351	0.363	2.871	4.762	74.047	78.183	170.424	208.8	74.047	78.183	170.424	208.8
MM_RS05925	0.0403200492082292	0.947758564430944	0.98218324114456	774.798570565626	raw_counts / DESeq2 median-of-ratios (via riborex)	0.874	0.951	5.792	9.536	186.721	202.723	336.149	414.027	186.721	202.723	336.149	414.027
MM_RS00550	0.0400882944662375	0.949248365492903	0.98218324114456	117.648654038922	raw_counts / DESeq2 median-of-ratios (via riborex)	0.138	0.125	0.855	1.536	29.372	26.645	51.211	67.858	29.372	26.645	51.211	67.858
MM_RS04120	-0.0369089504506003	0.951513391268759	0.98218324114456	185.187377988326	raw_counts / DESeq2 median-of-ratios (via riborex)	0.057	0.069	2.033	3.283	12.086	14.84	119.48	144.779	12.086	14.84	119.48	144.779
MM_RS14040	-0.0346986132616775	0.947227222916193	0.98218324114456	247.694773429375	raw_counts / DESeq2 median-of-ratios (via riborex)	0.204	0.32	2.295	3.614	43.485	68.571	134.178	164.125	43.485	68.571	134.178	164.125
MM_RS07865	0.0334615843658962	0.951099881063767	0.98218324114456	206.035065889976	raw_counts / DESeq2 median-of-ratios (via riborex)	0.164	0.14	1.577	2.731	34.963	29.945	93.685	123.795	34.963	29.945	93.685	123.795
MM_RS08710	-0.0304650178327178	0.951167822236397	0.98218324114456	557.150732804988	raw_counts / DESeq2 median-of-ratios (via riborex)	0.442	0.603	5.335	8.822	93.967	128.288	316.099	393.696	93.967	128.288	316.099	393.696
MM_RS01400	-0.0486869484971355	0.95263501142988	0.982954632618808	385.760481451014	raw_counts / DESeq2 median-of-ratios (via riborex)	0.148	0.201	1.881	3.317	31.884	41.719	114.864	152.596	31.884	41.719	114.864	152.596
MM_RS01335	0.040108224151536	0.953100758903353	0.983048936716499	945.306810597634	raw_counts / DESeq2 median-of-ratios (via riborex)	0.737	0.88	7.087	12.247	155	188.951	419.089	545.268	155	188.951	419.089	545.268
MM_RS08050	-0.0284489198569511	0.955295128160027	0.984925405005194	327.264002971319	raw_counts / DESeq2 median-of-ratios (via riborex)	0.48	0.409	2.776	4.356	101.984	87.861	161.47	194.706	101.984	87.861	161.47	194.706
MM_RS17060	0.0298832318643727	0.956652563682734	0.98593784624445	417.852198256283	raw_counts / DESeq2 median-of-ratios (via riborex)	0.321	0.208	3.175	5.534	67.906	44.388	188.826	246.959	67.906	44.388	188.826	246.959
MM_RS03150	0.0394196128163583	0.957819956966486	0.986145624342915	219.203503236045	raw_counts / DESeq2 median-of-ratios (via riborex)	0.066	0.078	1.601	2.366	14.048	16.447	90.485	111.541	14.048	16.447	90.485	111.541
MM_RS17205	-0.0373299888458262	0.957900727827896	0.986145624342915	147.218457731446	raw_counts / DESeq2 median-of-ratios (via riborex)	0.189	0.181	2.489	3.774	40.155	38.431	144.448	179.115	40.155	38.431	144.448	179.115
MM_RS07225	-0.0325831539894629	0.957980764546373	0.986145624342915	319.929801073734	raw_counts / DESeq2 median-of-ratios (via riborex)	0.146	0.229	2.437	4.27	30.941	48.081	147.336	189.165	30.941	48.081	147.336	189.165
MM_RS07130	0.0346903656461306	0.958418348613713	0.986209476277277	836.715775143243	raw_counts / DESeq2 median-of-ratios (via riborex)	0.301	0.423	3.651	5.594	63.773	89.633	207.26	241.752	63.773	89.633	207.26	241.752
MM_RS03710	-0.0591729233859568	0.963231755305554	0.987447850915126	4035.53994253486	raw_counts / DESeq2 median-of-ratios (via riborex)	1098.653	1399.639	8193.689	17202.613	238504.92	297101.456	538132.261	817298.959	238504.92	297101.456	538132.261	817298.959
MM_RS14990	-0.0554620209341322	0.966983379367534	0.987447850915126	768.02771502258	raw_counts / DESeq2 median-of-ratios (via riborex)	4.299	7.156	171.882	209.682	891.438	1527.015	9339.837	9663.775	891.438	1527.015	9339.837	9663.775
MM_RS14630	0.0535164282614055	0.962575806052083	0.987447850915126	687.142468102947	raw_counts / DESeq2 median-of-ratios (via riborex)	0.508	0.135	4.893	9.493	105.527	28.717	301.885	442.848	105.527	28.717	301.885	442.848
MM_RS07060	0.0434707836951119	0.961010218731222	0.987447850915126	503.041566511752	raw_counts / DESeq2 median-of-ratios (via riborex)	0.98	0.823	3.262	5.324	204.977	179.443	188.597	230.581	204.977	179.443	188.597	230.581
MM_RS10645	0.0411217476149387	0.965004085858365	0.987447850915126	142.727935756048	raw_counts / DESeq2 median-of-ratios (via riborex)	0.827	0.254	3.021	4.545	173.003	54.295	171.092	208.382	173.003	54.295	171.092	208.382
MM_RS17760	-0.0410921342834337	0.960208211522094	0.987447850915126	251.699912710548	raw_counts / DESeq2 median-of-ratios (via riborex)	5.022	5.165	38.707	52.546	1076.847	1099.153	2154.659	2327.563	1076.847	1099.153	2154.659	2327.563
MM_RS08565	0.0405295098660135	0.963728873429364	0.987447850915126	64.5800506481913	raw_counts / DESeq2 median-of-ratios (via riborex)	0.046	0.047	1.046	1.715	9.58	10.423	60.665	75.653	9.58	10.423	60.665	75.653
MM_RS07440	0.0394236592007133	0.966410942917338	0.987447850915126	494.152771732083	raw_counts / DESeq2 median-of-ratios (via riborex)	0.409	0.241	1.264	2.362	85.411	51.556	76.656	102.968	85.411	51.556	76.656	102.968
MM_RS10295	0.0393550361205956	0.962325414922984	0.987447850915126	113.237729054933	raw_counts / DESeq2 median-of-ratios (via riborex)	0.182	0.222	18.795	32.159	39.01	46.862	1105.901	1409.732	39.01	46.862	1105.901	1409.732
MM_RS12000	-0.0345254234966186	0.962599202954263	0.987447850915126	222.546784451981	raw_counts / DESeq2 median-of-ratios (via riborex)	0.633	0.494	20.066	36.326	133.644	106.844	1231.959	1659.12	133.644	106.844	1231.959	1659.12
MM_RS03230	0.033665278635629	0.962422405977221	0.987447850915126	560.161568489852	raw_counts / DESeq2 median-of-ratios (via riborex)	0.595	0.46	5.874	9.426	125.116	98.707	339.412	420.063	125.116	98.707	339.412	420.063
MM_RS08855	0.0325306113914516	0.966616006093284	0.987447850915126	332.119170599726	raw_counts / DESeq2 median-of-ratios (via riborex)	0.215	0.464	6.322	12.741	45.46	99.111	396.187	570.862	45.46	99.111	396.187	570.862
MM_RS09840	0.0320063637201924	0.964730337710906	0.987447850915126	94.8327615657981	raw_counts / DESeq2 median-of-ratios (via riborex)	0.193	0.161	2.353	4.47	40.919	35.186	144.494	200.838	40.919	35.186	144.494	200.838
MM_RS09025	-0.0309935452366411	0.96425373151359	0.987447850915126	106.721183571771	raw_counts / DESeq2 median-of-ratios (via riborex)	0.251	0.24	0.991	1.525	53.833	51.7	57.331	68.56	53.833	51.7	57.331	68.56
MM_RS07740	-0.0309107454297847	0.966376844629575	0.987447850915126	261.538610625944	raw_counts / DESeq2 median-of-ratios (via riborex)	0.11	0.146	2.378	4.202	23.281	31.809	144.821	194.648	23.281	31.809	144.821	194.648
MM_RS04590	-0.0305485654252771	0.96714237340202	0.987447850915126	54.9694591053416	raw_counts / DESeq2 median-of-ratios (via riborex)	0.064	0.075	0.679	1.145	13.587	16.082	40.661	51.946	13.587	16.082	40.661	51.946
MM_RS02560	0.0260096624859306	0.965244946316926	0.987447850915126	292.67550527653	raw_counts / DESeq2 median-of-ratios (via riborex)	0.537	0.727	9.591	17.514	114.418	155.369	581.057	787.875	114.418	155.369	581.057	787.875
MM_RS01840	-0.0252951590712573	0.964825168345748	0.987447850915126	286.331223445048	raw_counts / DESeq2 median-of-ratios (via riborex)	0.144	0.186	2.098	3.54	30.522	39.867	125.009	157.571	30.522	39.867	125.009	157.571
MM_RS14450	-0.0251805558541372	0.963429068073274	0.987447850915126	526.935639345888	raw_counts / DESeq2 median-of-ratios (via riborex)	2.391	1.873	3.613	5.729	508.179	398.212	210.051	250.079	508.179	398.212	210.051	250.079
MM_RS09480	-0.0210569312882128	0.967062259691313	0.987447850915126	1090.14365036665	raw_counts / DESeq2 median-of-ratios (via riborex)	0.566	0.998	7.268	11.235	119.99	212.779	420.273	503.777	119.99	212.779	420.273	503.777
MM_RS17230	-0.0374564242757571	0.969114922773563	0.987768464500657	64.4905504260547	raw_counts / DESeq2 median-of-ratios (via riborex)	0.019	0.025	0.116	0.19	4.212	5.524	6.868	8.585	4.212	5.524	6.868	8.585
MM_RS03470	0.0371337038609137	0.969462691951231	0.987768464500657	2088.99310498527	raw_counts / DESeq2 median-of-ratios (via riborex)	571.52	763.587	4344.547	9238.854	123142.694	163725.706	278311.97	425371.765	123142.694	163725.706	278311.97	425371.765
MM_RS11875	-0.0363097435857352	0.969365960293008	0.987768464500657	127.352489966183	raw_counts / DESeq2 median-of-ratios (via riborex)	0.346	0.097	0.41	0.644	72.247	20.785	23.786	27.98	72.247	20.785	23.786	27.98
MM_RS14030	0.0310427397919955	0.96849021122942	0.987768464500657	79.1663833742007	raw_counts / DESeq2 median-of-ratios (via riborex)	0.073	0.081	0.94	1.748	15.509	17.014	57.566	81.323	15.509	17.014	57.566	81.323
MM_RS14085	-0.0297026211239651	0.972271407922755	0.987768464500657	54.6574098686667	raw_counts / DESeq2 median-of-ratios (via riborex)	0.094	0.067	0.555	0.779	20.005	14.349	31.054	34.807	20.005	14.349	31.054	34.807
MM_RS16145	0.0287030650920598	0.970953068256686	0.987768464500657	58.8605282868975	raw_counts / DESeq2 median-of-ratios (via riborex)	0.096	0.07	0.451	0.689	20.524	14.501	25.789	32.131	20.524	14.501	25.789	32.131
MM_RS08875	0.0273107599609431	0.972130980314144	0.987768464500657	64.5111720447509	raw_counts / DESeq2 median-of-ratios (via riborex)	0.083	0.034	0.465	0.851	17.432	7.175	28.165	37.648	17.432	7.175	28.165	37.648
MM_RS00865	-0.0270945532168596	0.970418241149934	0.987768464500657	122.496749461164	raw_counts / DESeq2 median-of-ratios (via riborex)	0.157	0.105	1.019	1.597	33.805	22.253	59.375	72.757	33.805	22.253	59.375	72.757
MM_RS04510	-0.0269935826746442	0.972346336913252	0.987768464500657	195.338193399263	raw_counts / DESeq2 median-of-ratios (via riborex)	0.285	0.475	1.794	3.217	61.173	101.563	109.086	141.116	61.173	101.563	109.086	141.116
MM_RS03100	-0.0251694819004276	0.968896535085173	0.987768464500657	15404.7048763507	raw_counts / DESeq2 median-of-ratios (via riborex)	44.913	41.592	23.337	40.744	9624.239	8815.958	1409.379	1845.746	9624.239	8815.958	1409.379	1845.746
MM_RS14265	-0.024911337045496	0.972091073497703	0.987768464500657	67.3981169646452	raw_counts / DESeq2 median-of-ratios (via riborex)	0.038	0.025	0.513	0.775	8.026	5.395	29.438	34.836	8.026	5.395	29.438	34.836
MM_RS10185	-0.0227914943025749	0.971492255705176	0.987768464500657	163.085231064197	raw_counts / DESeq2 median-of-ratios (via riborex)	0.624	0.95	14.769	25.842	132.427	202.793	891.546	1157.186	132.427	202.793	891.546	1157.186
MM_RS04485	-0.0189921708098633	0.972024133732117	0.987768464500657	860.460402315338	raw_counts / DESeq2 median-of-ratios (via riborex)	2.692	3.121	52.994	87.544	575.166	656.701	3133.873	3952.398	575.166	656.701	3133.873	3952.398
MM_RS04030	-0.0975893364417341	0.974914201614791	0.989229016012536	826.219264401091	raw_counts / DESeq2 median-of-ratios (via riborex)	1.099	1.329	0.699	1.09	234.721	283.859	40.769	42.153	234.721	283.859	40.769	42.153
MM_RS10950	-0.0242748020351589	0.974569174794371	0.989229016012536	438.070819049224	raw_counts / DESeq2 median-of-ratios (via riborex)	0.813	0.25	2.649	4.686	174.661	52.743	161.018	215.365	174.661	52.743	161.018	215.365
MM_RS04400	-0.0189997841653578	0.974378317791188	0.989229016012536	100.270748875735	raw_counts / DESeq2 median-of-ratios (via riborex)	0.597	0.876	2.142	3.457	126.777	184.335	125.656	155.774	126.777	184.335	125.656	155.774
MM_RS03690	-0.0260980095211484	0.975863826278237	0.989810122752665	123.858246901439	raw_counts / DESeq2 median-of-ratios (via riborex)	2.17	1.276	2.508	3.888	467.169	266.756	144.121	168.645	467.169	266.756	144.121	168.645
MM_RS13740	-0.0209376202847301	0.977074477607709	0.99027309077493	82.9234478810864	raw_counts / DESeq2 median-of-ratios (via riborex)	0.062	0.066	0.689	0.994	13.264	13.805	39.054	45.822	13.264	13.805	39.054	45.822
MM_RS05385	-0.0173369786413911	0.976947348365621	0.99027309077493	155.458035477307	raw_counts / DESeq2 median-of-ratios (via riborex)	0.26	0.234	5.103	8.066	55.102	48.784	297.27	364.838	55.102	48.784	297.27	364.838
MM_RS07025	-0.0298061571994295	0.978146459264242	0.990771190257915	2678.25646006568	raw_counts / DESeq2 median-of-ratios (via riborex)	681.254	743.642	5673.61	11512.425	145297.766	159859.855	366492.349	572105.07	145297.766	159859.855	366492.349	572105.07
MM_RS12915	-0.0224012174213822	0.978320524119868	0.990771190257915	80.9658533703318	raw_counts / DESeq2 median-of-ratios (via riborex)	0.342	0.229	2.375	3.309	72.388	50.524	132.434	146.568	72.388	50.524	132.434	146.568
MM_RS01180	0.0210251498257649	0.979221204711186	0.991131399936794	55.1191260336161	raw_counts / DESeq2 median-of-ratios (via riborex)	0.044	0.06	0.259	0.474	9.387	12.661	15.695	20.914	9.387	12.661	15.695	20.914
MM_RS13650	0.0175220606151096	0.979808497424188	0.991131399936794	90.1684491967753	raw_counts / DESeq2 median-of-ratios (via riborex)	0.056	0.073	0.861	1.405	11.851	15.592	50.213	62.769	11.851	15.592	50.213	62.769
MM_RS04945	0.0166353437761252	0.979667582799463	0.991131399936794	269.773094994489	raw_counts / DESeq2 median-of-ratios (via riborex)	0.132	0.145	2.576	3.849	27.886	30.889	146.019	171.691	27.886	30.889	146.019	171.691
MM_RS06815	0.0173888366708994	0.9805900367215	0.991158366601485	103.211921967227	raw_counts / DESeq2 median-of-ratios (via riborex)	0.286	0.173	2.348	3.512	61.206	36.581	133.489	161.982	61.206	36.581	133.489	161.982
MM_RS19130	-0.0131729287705067	0.980271886135889	0.991158366601485	278.350834480892	raw_counts / DESeq2 median-of-ratios (via riborex)	0.271	0.294	1.104	1.864	57.652	63.292	65.565	82.627	57.652	63.292	65.565	82.627
MM_RS12825	0.0191265599290377	0.982835771010629	0.991901127853156	89.0026514967784	raw_counts / DESeq2 median-of-ratios (via riborex)	0.195	0.229	4.982	7.097	40.952	49.51	278.079	318.714	40.952	49.51	278.079	318.714
MM_RS03205	-0.0184961855701003	0.982264279826391	0.991901127853156	82.9317237111063	raw_counts / DESeq2 median-of-ratios (via riborex)	0.065	0.086	0.698	1.264	13.696	18.261	42.58	56.208	13.696	18.261	42.58	56.208
MM_RS04020	0.0180842639829967	0.982571451422267	0.991901127853156	122.053260720605	raw_counts / DESeq2 median-of-ratios (via riborex)	0.429	0.397	0.685	1.05	90.087	87.1	38.909	46.045	90.087	87.1	38.909	46.045
MM_RS05135	-0.0138969429008766	0.982447814959797	0.991901127853156	217.326649154946	raw_counts / DESeq2 median-of-ratios (via riborex)	0.379	0.405	1.256	2.268	80.713	88.052	76.424	100.271	80.713	88.052	76.424	100.271
MM_RS12955	-0.0147508481367308	0.985308514500251	0.99386234740199	95.4795705983308	raw_counts / DESeq2 median-of-ratios (via riborex)	2.565	5.28	20.44	33.511	551.452	1116.347	1198.914	1457.461	551.452	1116.347	1198.914	1457.461
MM_RS01975	-0.0144483800819017	0.985536006334647	0.99386234740199	241.810616776439	raw_counts / DESeq2 median-of-ratios (via riborex)	0.689	0.741	4.823	8.551	144.767	157.378	292.886	395.268	144.767	157.378	292.886	395.268
MM_RS06315	0.0161775027874442	0.986334486207106	0.994081894645364	533.465899278141	raw_counts / DESeq2 median-of-ratios (via riborex)	0.449	0.484	7.08	10.797	93.65	104.907	403.321	471.567	93.65	104.907	403.321	471.567
MM_RS09655	-0.0122096040439266	0.98651944679941	0.994081894645364	898.232789405401	raw_counts / DESeq2 median-of-ratios (via riborex)	2.3	1.86	14.97	29.307	489.382	400.422	940.368	1334.247	489.382	400.422	940.368	1334.247
MM_RS07770	-0.00881100006211417	0.986889375224853	0.994081894645364	446.88891713835	raw_counts / DESeq2 median-of-ratios (via riborex)	0.657	0.822	5.341	8.897	140.202	174.906	315.759	398.873	140.202	174.906	315.759	398.873
MM_RS03240	-0.018024331808061	0.98765530402232	0.994471943390572	50.0235948200702	raw_counts / DESeq2 median-of-ratios (via riborex)	0.123	0.245	6.472	12.211	25.507	54.015	400.181	535.402	25.507	54.015	400.181	535.402
MM_RS11855	0.0112248600985527	0.988758358032493	0.994819711951466	68.7467992088202	raw_counts / DESeq2 median-of-ratios (via riborex)	0.115	0.073	0.536	0.809	24.28	15.278	30.686	37.919	24.28	15.278	30.686	37.919
MM_RS11850	-0.00924205513438174	0.98865797334739	0.994819711951466	126.052868654665	raw_counts / DESeq2 median-of-ratios (via riborex)	0.153	0.113	0.714	1.252	32.33	24.058	43.043	56.368	32.33	24.058	43.043	56.368
MM_RS17540	0.00794766698216063	0.990000195004116	0.995687672187211	278.308819563145	raw_counts / DESeq2 median-of-ratios (via riborex)	0.083	0.078	0.468	0.704	17.789	16.768	26.683	32.226	17.789	16.768	26.683	32.226
MM_RS14770	0.00958289359542138	0.990998278415969	0.996309907779607	56.8462479510391	raw_counts / DESeq2 median-of-ratios (via riborex)	0.034	0.028	0.428	0.647	7.21	6	24.513	30.369	7.21	6	24.513	30.369
MM_RS14275	-0.00775630082297819	0.992083487588183	0.996637811173133	220.361641275207	raw_counts / DESeq2 median-of-ratios (via riborex)	0.091	0.095	0.809	1.171	19.137	20.555	45.529	51.151	19.137	20.555	45.529	51.151
MM_RS13700	-0.00557402988896755	0.991777488927495	0.996637811173133	602.706322837344	raw_counts / DESeq2 median-of-ratios (via riborex)	0.242	0.132	1.56	2.404	51.244	28.62	89.721	107.13	51.244	28.62	89.721	107.13
MM_RS13255	-0.00581113407224889	0.993004644827743	0.996773287233572	117.161395304658	raw_counts / DESeq2 median-of-ratios (via riborex)	0.208	0.091	1.14	1.878	44.043	19.67	66.768	81.487	44.043	19.67	66.768	81.487
MM_RS08120	0.00526482598329489	0.99307592309461	0.996773287233572	123.149735923132	raw_counts / DESeq2 median-of-ratios (via riborex)	0.094	0.102	1.253	2.056	19.835	21.365	73.424	91.953	19.835	21.365	73.424	91.953
MM_RS06740	-0.00503821795429439	0.99335708023239	0.996773287233572	170.557793880399	raw_counts / DESeq2 median-of-ratios (via riborex)	0.146	0.135	1.476	2.422	31.198	29.065	86.782	108.84	31.198	29.065	86.782	108.84
MM_RS16855	0.00551463708188748	0.994634436065915	0.997389174174966	587.387702216901	raw_counts / DESeq2 median-of-ratios (via riborex)	1.149	1.326	2.748	4.208	247.501	279.381	158.01	195.351	247.501	279.381	158.01	195.351
MM_RS17345	-0.00473452738986405	0.994730482545406	0.997389174174966	278.975210331697	raw_counts / DESeq2 median-of-ratios (via riborex)	0.218	0.243	2.978	5.748	46.197	52.574	185.531	258.413	46.197	52.574	185.531	258.413
MM_RS00055	0.00413237384756655	0.996452892966047	0.997899168933536	49.7509605301892	raw_counts / DESeq2 median-of-ratios (via riborex)	0.063	0.078	2.875	4.324	13.209	16.993	164.511	201.753	13.209	16.993	164.511	201.753
MM_RS09195	0.00378883000294575	0.996148214203181	0.997899168933536	169.225360972938	raw_counts / DESeq2 median-of-ratios (via riborex)	0.367	0.294	1.727	2.882	77.048	63.543	101.946	130.186	77.048	63.543	101.946	130.186
MM_RS01450	-0.00317092010080285	0.996068626809631	0.997899168933536	390.186624706111	raw_counts / DESeq2 median-of-ratios (via riborex)	1.772	1.861	7.295	12.357	379.712	398.833	434.024	563.734	379.712	398.833	434.024	563.734
MM_RS07725	-0.00252561097171581	0.997430526728056	0.997899168933536	113.120282614507	raw_counts / DESeq2 median-of-ratios (via riborex)	1.076	0.567	3.517	5.054	227.691	122.152	196.802	221.769	227.691	122.152	196.802	221.769
MM_RS17450	0.00198461793425231	0.997451127194353	0.997899168933536	89.0578118210109	raw_counts / DESeq2 median-of-ratios (via riborex)	0.153	0.088	0.793	1.284	32.413	18.796	46.385	58.241	32.413	18.796	46.385	58.241
MM_RS08870	-0.00192267990394631	0.997519161633866	0.997899168933536	190.573652586499	raw_counts / DESeq2 median-of-ratios (via riborex)	0.154	0.221	3.118	5.29	32.592	47.241	184.83	232.613	32.592	47.241	184.83	232.613
MM_RS00445	0.00193374282093453	0.998088873305943	0.998088873305943	51.7609072116675	raw_counts / DESeq2 median-of-ratios (via riborex)	0.094	0.088	0.295	0.437	19.811	18.668	16.648	19.487	19.811	18.668	16.648	19.487
MM_RS18485	8.337560117662	0.170569333157188	NA	23.7778554400131	raw_counts / DESeq2 median-of-ratios (via riborex)	0.047	0.033	0	0.691	9.637	6.748	0	30.505	9.637	6.748	0	30.505
MM_RS06175	7.88967716656553	0.211643934277872	NA	15.9014826575199	raw_counts / DESeq2 median-of-ratios (via riborex)	0.011	0	0	0.185	2.3	0	0	9.43	2.3	0	0	9.43
MM_RS08700	7.72624133382005	0.243180687959371	NA	24.4014747924064	raw_counts / DESeq2 median-of-ratios (via riborex)	0.029	0	0	0.218	5.928	0	0	11.319	5.928	0	0	11.319
MM_RS18435	-7.0247223154274	0.221454372751445	NA	14.1359961296662	raw_counts / DESeq2 median-of-ratios (via riborex)	0.038	0.076	0.2	0	8.257	16.911	11.165	0	8.257	16.911	11.165	0
MM_RS19205	5.41371348829325	0.0214119141215914	NA	8.30029541969322	raw_counts / DESeq2 median-of-ratios (via riborex)	0.045	0.084	0	0.152	9.471	16.941	0	7.886	9.471	16.941	0	7.886
MM_RS09505	-4.07071119294943	0.53011262464394	NA	39.7856577803959	raw_counts / DESeq2 median-of-ratios (via riborex)	0.009	0	0.947	0.065	1.884	0	50.464	3.364	1.884	0	50.464	3.364
MM_RS13930	3.87136678232582	0.228422425586733	NA	2.55236307517745	raw_counts / DESeq2 median-of-ratios (via riborex)	0.002	0	0.002	0.038	0.472	0	0.089	1.761	0.472	0	0.089	1.761
MM_RS09240	3.80306659107288	0.148914265406824	NA	2.72031280020953	raw_counts / DESeq2 median-of-ratios (via riborex)	0.033	0.054	0.02	0.417	6.968	11.33	1.051	20.292	6.968	11.33	1.051	20.292
MM_RS17330	3.3215060091497	0.00493009170980432	NA	36.4533798186284	raw_counts / DESeq2 median-of-ratios (via riborex)	0.286	0.496	0.667	8.91	60.067	105.376	36.179	401.478	60.067	105.376	36.179	401.478
MM_RS09850	3.31672869273281	0.182820559713328	NA	5.60874540118284	raw_counts / DESeq2 median-of-ratios (via riborex)	0.008	0.013	0.015	0.203	1.78	2.829	0.817	8.861	1.78	2.829	0.817	8.861
MM_RS00850	-3.22727422167258	0.00029013239357395	NA	44.2578131426921	raw_counts / DESeq2 median-of-ratios (via riborex)	2.454	0.315	9.875	1.727	519.486	65.028	596.539	81.827	519.486	65.028	596.539	81.827
MM_RS18680	-3.18416084496841	0.107607393429511	NA	7.52786149892885	raw_counts / DESeq2 median-of-ratios (via riborex)	0.568	0.518	0.846	0.098	120.693	108.875	47.763	5.105	120.693	108.875	47.763	5.105
MM_RS16865	-3.18357212865255	0.54442913668941	NA	40.3169474266658	raw_counts / DESeq2 median-of-ratios (via riborex)	0.02	0.012	0.374	0.089	4.368	2.501	24.787	4.606	4.368	2.501	24.787	4.606
MM_RS06910	-2.97714677490549	0.0230766163179272	NA	29.3320455149696	raw_counts / DESeq2 median-of-ratios (via riborex)	0.068	0.006	1.792	0.295	14.239	1.157	98.028	13.405	14.239	1.157	98.028	13.405
MM_RS16625	2.85680006389527	0.222634625070927	NA	5.44460954162172	raw_counts / DESeq2 median-of-ratios (via riborex)	0.01	0.007	0.058	0.6	2.038	1.329	3.206	25.738	2.038	1.329	3.206	25.738
MM_RS16440	-2.79807278269045	0.597766304760663	NA	41.0241682904146	raw_counts / DESeq2 median-of-ratios (via riborex)	0.02	0	0.373	0.116	4.369	0	24.707	6.037	4.369	0	24.707	6.037
MM_RS16685	-2.76326420086834	0.0013875937022766	NA	35.9397807828685	raw_counts / DESeq2 median-of-ratios (via riborex)	0.052	0.039	0.38	0.082	11.088	8.647	21.736	3.769	11.088	8.647	21.736	3.769
MM_RS09200	2.71908989896156	0.118727761599036	NA	8.15126199830095	raw_counts / DESeq2 median-of-ratios (via riborex)	0.093	0.118	0.079	0.738	20.15	25.47	4.206	31.885	20.15	25.47	4.206	31.885
MM_RS02160	2.68105410015517	0.262627404279192	NA	3.6034039785136	raw_counts / DESeq2 median-of-ratios (via riborex)	0.019	0.014	0.036	0.47	4.128	2.779	2.538	22.04	4.128	2.779	2.538	22.04
MM_RS08340	2.68061818292544	0.104553243554195	NA	7.4439190595411	raw_counts / DESeq2 median-of-ratios (via riborex)	0.011	0.016	0.043	0.452	2.276	3.321	2.481	19.022	2.276	3.321	2.481	19.022
MM_RS17800	2.64705753020519	0.029364643670794	NA	31.5416614493992	raw_counts / DESeq2 median-of-ratios (via riborex)	0.099	0.05	1.116	12.134	21.024	10.506	66.256	499.866	21.024	10.506	66.256	499.866
MM_RS06850	2.62710187961873	0.422717456341962	NA	39.6079549137167	raw_counts / DESeq2 median-of-ratios (via riborex)	0.097	0.313	0.642	6.642	21.311	65.978	38.06	305.805	21.311	65.978	38.06	305.805
MM_RS02690	2.62303723741209	0.278220919882927	NA	2.63612038608566	raw_counts / DESeq2 median-of-ratios (via riborex)	0.006	0.011	0.007	0.079	1.319	2.496	0.453	3.582	1.319	2.496	0.453	3.582
MM_RS03020	-2.61647168656458	0.190976546145346	NA	23.6980921685409	raw_counts / DESeq2 median-of-ratios (via riborex)	0.041	0.012	0.739	0.141	8.414	2.517	39.696	6.954	8.414	2.517	39.696	6.954
MM_RS05470	2.6099282430106	0.0290355258179233	NA	27.9492363434132	raw_counts / DESeq2 median-of-ratios (via riborex)	0.432	0.865	1.671	15.543	93.722	181.159	95.02	683.422	93.722	181.159	95.02	683.422
MM_RS16895	2.57712487133077	0.384684065637911	NA	2.62829738580335	raw_counts / DESeq2 median-of-ratios (via riborex)	0.003	0	0.019	0.151	0.643	0	1.032	6.907	0.643	0	1.032	6.907
MM_RS18010	2.57711156698804	0.69204786617835	NA	8.67920783936023	raw_counts / DESeq2 median-of-ratios (via riborex)	0.01	0	0.019	0.133	2.278	0	1.026	6.92	2.278	0	1.026	6.92
MM_RS03835	2.52879429121513	0.0537119056104286	NA	17.4185172742313	raw_counts / DESeq2 median-of-ratios (via riborex)	0.113	0.143	0.329	3.192	23.565	30.172	19.55	144.205	23.565	30.172	19.55	144.205
MM_RS14810	2.38971586248877	0.0355325262984179	NA	24.062645859295	raw_counts / DESeq2 median-of-ratios (via riborex)	0.036	0.237	0.441	3.532	7.772	49.763	25.32	164.918	7.772	49.763	25.32	164.918
MM_RS17935	-2.37475118136975	0.647245906280994	NA	30.7122316244137	raw_counts / DESeq2 median-of-ratios (via riborex)	0.035	0.032	0.286	0.075	7.694	6.796	16.144	3.896	7.694	6.796	16.144	3.896
MM_RS17675	2.35707332611536	0.61150690590814	NA	17.3467243362597	raw_counts / DESeq2 median-of-ratios (via riborex)	0.011	0.067	0.066	0.404	2.424	15.283	3.507	18.287	2.424	15.283	3.507	18.287
MM_RS17630	-2.35404317087825	0.0268943112756132	NA	27.0724639178092	raw_counts / DESeq2 median-of-ratios (via riborex)	0.056	0.005	2.458	0.822	11.851	0.933	147.007	37.49	11.851	0.933	147.007	37.49
MM_RS18885	2.35302026148185	0.0417455256365585	NA	47.1445649690493	raw_counts / DESeq2 median-of-ratios (via riborex)	0.242	0.358	10.679	83.788	51.11	75.457	615.574	3915.719	51.11	75.457	615.574	3915.719
MM_RS18280	2.3474902784089	0.158681416323965	NA	13.3504966118567	raw_counts / DESeq2 median-of-ratios (via riborex)	0.114	0.286	2.235	15.297	24.023	61.109	123.305	740.514	24.023	61.109	123.305	740.514
MM_RS01755	2.34670831705167	0.129644968786988	NA	11.5918813108453	raw_counts / DESeq2 median-of-ratios (via riborex)	0.059	0.049	0.018	0.125	12.388	10.216	0.935	5.899	12.388	10.216	0.935	5.899
MM_RS02510	-2.33208934816449	0.0230992248040102	NA	24.6461083154835	raw_counts / DESeq2 median-of-ratios (via riborex)	0.031	0.005	0.663	0.191	6.557	0.975	37.223	8.566	6.557	0.975	37.223	8.566
MM_RS16845	2.32401257717965	0.377165074685421	NA	4.46201183420105	raw_counts / DESeq2 median-of-ratios (via riborex)	0.01	0.012	0.033	0.207	2.179	2.716	1.773	9.175	2.179	2.716	1.773	9.175
MM_RS03015	-2.2671170516195	0.127288671720651	NA	14.1170941078709	raw_counts / DESeq2 median-of-ratios (via riborex)	0.011	0.003	0.29	0.085	2.412	0.617	15.85	3.549	2.412	0.617	15.85	3.549
MM_RS15040	2.25727641655334	0.10484317155827	NA	15.5810876699894	raw_counts / DESeq2 median-of-ratios (via riborex)	0.005	0.002	0.07	0.505	1.003	0.361	3.98	23.326	1.003	0.361	3.98	23.326
MM_RS02685	2.23885300749801	0.00400539958484341	NA	44.7736719164111	raw_counts / DESeq2 median-of-ratios (via riborex)	0.168	0.13	0.573	4.235	35.878	27.651	33.139	194.459	35.878	27.651	33.139	194.459
MM_RS00220	-2.22486765582919	0.00800372960612784	NA	39.6965456438128	raw_counts / DESeq2 median-of-ratios (via riborex)	0.076	0.017	0.371	0.129	16.007	3.587	21.589	5.727	16.007	3.587	21.589	5.727
MM_RS16215	2.22216550740131	0.0974269959389351	NA	47.6428601116463	raw_counts / DESeq2 median-of-ratios (via riborex)	0.016	0.078	0.522	4.458	3.407	16.529	31.871	199.28	3.407	16.529	31.871	199.28
MM_RS02855	2.21673469126501	0.0227632183382981	NA	33.9718808947066	raw_counts / DESeq2 median-of-ratios (via riborex)	0.174	0.1	1.184	8.231	36.73	21.163	67.577	387.415	36.73	21.163	67.577	387.415
MM_RS13905	2.20040042946493	0.263621738080665	NA	13.7693668356636	raw_counts / DESeq2 median-of-ratios (via riborex)	0.005	0.005	0.035	0.268	1.189	0.979	2.079	13.296	1.189	0.979	2.079	13.296
MM_RS01985	2.19150737681065	0.0655910722849794	NA	22.1753680589114	raw_counts / DESeq2 median-of-ratios (via riborex)	0.015	0.129	0.253	1.696	3.254	27.352	14.272	78.032	3.254	27.352	14.272	78.032
MM_RS08525	2.18610818394512	0.429599667932567	NA	3.01827492078112	raw_counts / DESeq2 median-of-ratios (via riborex)	0.018	0.032	0.162	1.008	3.878	6.422	8.974	49.915	3.878	6.422	8.974	49.915
MM_RS19570	2.16063944873588	0.549666777608197	NA	1.63876413761843	raw_counts / DESeq2 median-of-ratios (via riborex)	NA	NA	NA	NA	NA	NA	NA	NA	NA	NA	NA	NA
MM_RS03045	-2.15998860610036	0.0985138347734947	NA	26.1949095692246	raw_counts / DESeq2 median-of-ratios (via riborex)	0.013	0.006	0.647	0.195	2.62	1.205	35.643	8.755	2.62	1.205	35.643	8.755
MM_RS13855	2.12455041824631	0.0476081041147862	NA	19.277049645714	raw_counts / DESeq2 median-of-ratios (via riborex)	0.132	0.262	0.258	1.889	28.235	56.253	15.435	87.7	28.235	56.253	15.435	87.7
MM_RS02960	-2.11932789549874	0.0480049611215279	NA	48.3597947369743	raw_counts / DESeq2 median-of-ratios (via riborex)	0.022	0.008	0.547	0.166	4.687	1.839	29.996	7.484	4.687	1.839	29.996	7.484
MM_RS07315	2.1092390980517	0.139903412686052	NA	12.497878317963	raw_counts / DESeq2 median-of-ratios (via riborex)	0.087	0.124	0.166	1.269	18.885	27.174	10.188	59.525	18.885	27.174	10.188	59.525
MM_RS18170	-2.09418142803342	0.123484176898619	NA	12.7374591661486	raw_counts / DESeq2 median-of-ratios (via riborex)	0.465	0.146	9.633	4.058	100.646	29.61	583.736	181.324	100.646	29.61	583.736	181.324
MM_RS06540	2.09197103314453	0.0284562059006583	NA	31.9228934870609	raw_counts / DESeq2 median-of-ratios (via riborex)	0.214	0.681	1.629	12.303	45.476	146.369	99.139	568.765	45.476	146.369	99.139	568.765
MM_RS08110	2.01890606746134	0.344742408156834	NA	3.99514977196586	raw_counts / DESeq2 median-of-ratios (via riborex)	0.044	0.027	0.097	0.603	9.025	5.421	5.473	26.624	9.025	5.421	5.473	26.624
MM_RS17245	-2.01762237420659	0.0701999441739326	NA	32.4156119384879	raw_counts / DESeq2 median-of-ratios (via riborex)	0.052	0.033	0.223	0.108	11.253	7.017	14.192	5.045	11.253	7.017	14.192	5.045
MM_RS05295	1.9905808072228	0.234377858506827	NA	27.8481765581296	raw_counts / DESeq2 median-of-ratios (via riborex)	0.046	0.037	0.272	1.84	9.381	7.944	16.151	81.289	9.381	7.944	16.151	81.289
MM_RS07650	1.98209855062005	0.533073385532686	NA	2.06901936492501	raw_counts / DESeq2 median-of-ratios (via riborex)	0.013	0.008	0.085	0.438	2.832	1.563	4.547	19.259	2.832	1.563	4.547	19.259
MM_RS18850	1.98038578207443	0.441867909897391	NA	3.33538646976623	raw_counts / DESeq2 median-of-ratios (via riborex)	0.116	0.138	0.697	4.167	25.393	28.031	40.293	205.778	25.393	28.031	40.293	205.778
MM_RS17415	-1.97109244524066	0.0546469825957812	NA	26.7023084395577	raw_counts / DESeq2 median-of-ratios (via riborex)	0.143	0.134	0.567	0.251	30.411	29.347	34.961	12.012	30.411	29.347	34.961	12.012
MM_RS17805	1.95198673785464	0.0475959367477795	NA	21.6416367098758	raw_counts / DESeq2 median-of-ratios (via riborex)	0.023	0.017	0.061	0.369	4.794	3.655	3.515	16.475	4.794	3.655	3.515	16.475
MM_RS14160	-1.9390340919104	0.287085759344379	NA	6.50597527851184	raw_counts / DESeq2 median-of-ratios (via riborex)	0.065	0.051	0.141	0.057	13.881	10.511	8.868	2.937	13.881	10.511	8.868	2.937
MM_RS16850	1.93789283232226	0.431932147797622	NA	3.80512195130159	raw_counts / DESeq2 median-of-ratios (via riborex)	0.004	0.015	0.042	0.312	0.911	3.153	2.685	14.13	0.911	3.153	2.685	14.13
MM_RS15595	1.92479051355436	0.0367422592721159	NA	36.9400131013006	raw_counts / DESeq2 median-of-ratios (via riborex)	0.106	0.103	0.288	1.593	22.592	22.263	16.087	70.253	22.592	22.263	16.087	70.253
MM_RS13450	1.92323122439214	0.0588082578868571	NA	41.0321503854058	raw_counts / DESeq2 median-of-ratios (via riborex)	1.421	0.947	1.058	6.398	298.246	202.409	60.598	273.984	298.246	202.409	60.598	273.984
MM_RS12325	1.92249329269894	0.116738327620369	NA	13.5819956607474	raw_counts / DESeq2 median-of-ratios (via riborex)	0.07	0.033	0.116	0.652	14.893	7.195	6.402	28.562	14.893	7.195	6.402	28.562
MM_RS13850	1.91772065955941	0.108753920762914	NA	27.2901912716669	raw_counts / DESeq2 median-of-ratios (via riborex)	0.632	0.824	2.145	12.575	137.13	175.812	123.233	561.952	137.13	175.812	123.233	561.952
MM_RS01780	-1.90981363560867	0.0523289386481697	NA	20.063042988658	raw_counts / DESeq2 median-of-ratios (via riborex)	0.047	0.021	0.27	0.119	9.989	4.397	16.036	5.45	9.989	4.397	16.036	5.45
MM_RS18930	-1.90463741478328	0.209654696808961	NA	29.1268190037586	raw_counts / DESeq2 median-of-ratios (via riborex)	0.441	0.291	15.633	8.865	96.142	63.683	1011.853	402.844	96.142	63.683	1011.853	402.844
MM_RS16770	1.89736008860107	0.0288008015363337	NA	29.8225054065971	raw_counts / DESeq2 median-of-ratios (via riborex)	0.055	0.039	0.139	0.802	11.608	8.231	7.965	36.153	11.608	8.231	7.965	36.153
MM_RS15000	-1.89037135576743	0.0713624863779499	NA	34.0839948786727	raw_counts / DESeq2 median-of-ratios (via riborex)	0.059	0.045	1.554	0.655	12.815	9.804	89.824	29.641	12.815	9.804	89.824	29.641
MM_RS01995	1.89028966730664	0.0311667055474067	NA	33.7456192381891	raw_counts / DESeq2 median-of-ratios (via riborex)	0.056	0.103	0.097	0.651	11.863	21.83	5.93	28.774	11.863	21.83	5.93	28.774
MM_RS08970	1.85939857462152	0.729959007656178	NA	26.7907421741693	raw_counts / DESeq2 median-of-ratios (via riborex)	0.085	0.167	0.19	1.837	17.456	36.594	13.36	80.685	17.456	36.594	13.36	80.685
MM_RS01510	-1.85327884312231	0.117591787374373	NA	15.6389353595888	raw_counts / DESeq2 median-of-ratios (via riborex)	0.043	0.036	0.487	0.256	9.19	7.754	29.635	10.87	9.19	7.754	29.635	10.87
MM_RS14205	1.83752331678374	0.168568824186537	NA	20.4269213454088	raw_counts / DESeq2 median-of-ratios (via riborex)	0.055	0.268	0.554	2.793	11.855	56.21	30.788	125.452	11.855	56.21	30.788	125.452
MM_RS15165	1.83163984789745	0.0317022023403022	NA	33.3403332412239	raw_counts / DESeq2 median-of-ratios (via riborex)	0.039	0.08	0.045	0.278	8.18	17.058	2.704	12.27	8.18	17.058	2.704	12.27
MM_RS01365	1.8236710191065	0.112991875685675	NA	14.3964777124923	raw_counts / DESeq2 median-of-ratios (via riborex)	0.029	0.024	0.081	0.424	6.248	4.975	4.544	19.227	6.248	4.975	4.544	19.227
MM_RS15970	1.82366292033566	0.399998733332872	NA	4.99048514775304	raw_counts / DESeq2 median-of-ratios (via riborex)	0.008	0.013	0.016	0.09	1.733	2.908	0.904	3.576	1.733	2.908	0.904	3.576
MM_RS18495	1.82257974530145	0.186438817565987	NA	9.21551802765981	raw_counts / DESeq2 median-of-ratios (via riborex)	0.149	0.22	0.28	1.585	31.894	46.524	16.542	75.11	31.894	46.524	16.542	75.11
MM_RS19275	1.82184677084025	0.190699665503286	NA	8.3790896334997	raw_counts / DESeq2 median-of-ratios (via riborex)	0.013	0.007	0.044	0.237	2.782	1.539	2.519	10.966	2.782	1.539	2.519	10.966
MM_RS10155	1.80943110276003	0.248995215944801	NA	12.6014269242165	raw_counts / DESeq2 median-of-ratios (via riborex)	0.02	0.054	0.423	2.27	4.254	11.575	24.338	106.659	4.254	11.575	24.338	106.659
MM_RS09955	1.80518149714755	0.357618739143914	NA	19.5020729708783	raw_counts / DESeq2 median-of-ratios (via riborex)	0.122	0.474	0.486	2.616	26.752	100.146	27.962	119.337	26.752	100.146	27.962	119.337
MM_RS00485	1.79641064715521	0.72515140775983	NA	24.8978413108112	raw_counts / DESeq2 median-of-ratios (via riborex)	0.023	0	0.085	0.356	5.143	0	4.522	15.312	5.143	0	4.522	15.312
MM_RS18310	1.79576851287004	0.223242187770463	NA	18.0674929339561	raw_counts / DESeq2 median-of-ratios (via riborex)	0.878	1.054	4.243	21.395	191.119	222.334	240.245	1021.279	191.119	222.334	240.245	1021.279
MM_RS02775	1.78795422773017	0.151883953841223	NA	12.6130003926701	raw_counts / DESeq2 median-of-ratios (via riborex)	0.027	0.064	0.132	0.8	5.605	13.751	8.034	36.424	5.605	13.751	8.034	36.424
MM_RS15235	1.776938133018	0.27058062143	NA	19.7162093293394	raw_counts / DESeq2 median-of-ratios (via riborex)	0.015	0.051	0.198	1.145	3.274	10.51	11.802	52.624	3.274	10.51	11.802	52.624
MM_RS16715	1.77648936322141	0.335028665508971	NA	6.59785437943431	raw_counts / DESeq2 median-of-ratios (via riborex)	0.01	0.011	0.147	0.751	2.132	2.558	8.339	34.407	2.132	2.558	8.339	34.407
MM_RS06045	1.759312394329	0.0212042572128912	NA	44.8902885525228	raw_counts / DESeq2 median-of-ratios (via riborex)	0.162	0.26	0.771	4.291	34.197	56.407	45.269	192.385	34.197	56.407	45.269	192.385
MM_RS19065	1.75658917167289	0.426538975392975	NA	4.97481548914429	raw_counts / DESeq2 median-of-ratios (via riborex)	0.076	0.186	0.433	2.345	16.73	38.926	24.966	99.841	16.73	38.926	24.966	99.841
MM_RS12830	1.73990645670675	0.212296021774675	NA	16.5459059946122	raw_counts / DESeq2 median-of-ratios (via riborex)	0.028	0.064	0.235	1.108	5.882	13.807	12.966	47.354	5.882	13.807	12.966	47.354
MM_RS11795	-1.73541193100236	0.240359696795911	NA	45.1677913996735	raw_counts / DESeq2 median-of-ratios (via riborex)	1.188	0.412	9.843	5.297	259.34	84.204	599.519	247.334	259.34	84.204	599.519	247.334
MM_RS04865	1.73193467850267	0.251685010659719	NA	11.639241591724	raw_counts / DESeq2 median-of-ratios (via riborex)	0.009	0.015	0.083	0.405	2.061	3.26	4.662	18.132	2.061	3.26	4.662	18.132
MM_RS18730	1.73112757957346	0.211118888368589	NA	8.46127207587806	raw_counts / DESeq2 median-of-ratios (via riborex)	0.411	0.375	0.631	3.399	87.701	81.644	37.001	154.321	87.701	81.644	37.001	154.321
MM_RS11260	1.72305133011261	0.0519851609628271	NA	34.4504376930178	raw_counts / DESeq2 median-of-ratios (via riborex)	0.067	0.088	0.596	3.095	14.407	19.042	34.365	137.093	14.407	19.042	34.365	137.093
MM_RS14365	1.70833256287978	0.0687609637978063	NA	27.2844131264291	raw_counts / DESeq2 median-of-ratios (via riborex)	0.014	0.027	0.043	0.249	3.041	5.641	2.588	10.934	3.041	5.641	2.588	10.934
MM_RS16045	1.70583170864888	0.0994344572220887	NA	22.4333971955216	raw_counts / DESeq2 median-of-ratios (via riborex)	0.045	0.05	0.269	1.33	9.472	10.799	15.436	62.768	9.472	10.799	15.436	62.768
MM_RS17890	1.70559266913655	0.703019347067048	NA	10.3541880526455	raw_counts / DESeq2 median-of-ratios (via riborex)	0.028	0.028	0.022	0.086	6.09	5.968	1.198	3.833	6.09	5.968	1.198	3.833
MM_RS16750	1.70476658893911	0.21001064515319	NA	24.6998311066203	raw_counts / DESeq2 median-of-ratios (via riborex)	0.087	0.047	0.462	2.26	17.936	10.277	26.288	102.475	17.936	10.277	26.288	102.475
MM_RS11135	1.7024663536932	0.288729192786786	NA	9.07689502282663	raw_counts / DESeq2 median-of-ratios (via riborex)	0.027	0.013	0.067	0.284	5.811	2.865	3.568	12.782	5.811	2.865	3.568	12.782
MM_RS11125	1.70204472702967	0.332049939024532	NA	10.948637211476	raw_counts / DESeq2 median-of-ratios (via riborex)	0.022	0.059	0.129	0.663	4.858	13.162	7.356	26.903	4.858	13.162	7.356	26.903
MM_RS06645	1.70062921301644	0.0386402300142452	NA	43.0047612160823	raw_counts / DESeq2 median-of-ratios (via riborex)	0.062	0.094	0.635	3.433	13.295	19.978	37.431	152.555	13.295	19.978	37.431	152.555
MM_RS18375	1.69127463825374	0.0640483078350932	NA	35.2748027045788	raw_counts / DESeq2 median-of-ratios (via riborex)	1.64	1.073	5.598	29.829	347.716	226.372	332.843	1419.929	347.716	226.372	332.843	1419.929
MM_RS02250	1.68434961293724	0.28771204239342	NA	9.07676733253083	raw_counts / DESeq2 median-of-ratios (via riborex)	0.01	0.002	0.072	0.316	2.07	0.351	3.963	15.037	2.07	0.351	3.963	15.037
MM_RS18330	1.67982021226715	0.515000794110044	NA	3.20092272200744	raw_counts / DESeq2 median-of-ratios (via riborex)	0.13	0	0.595	2.654	28.571	0	33.056	126.026	28.571	0	33.056	126.026
MM_RS00800	1.67475879022023	0.143856168135144	NA	14.7299466288157	raw_counts / DESeq2 median-of-ratios (via riborex)	0.193	0.317	0.776	4.355	41.254	66.629	46.925	194.593	41.254	66.629	46.925	194.593
MM_RS02245	1.66620418634063	0.398429962274351	NA	4.54624628992962	raw_counts / DESeq2 median-of-ratios (via riborex)	0.013	0.041	0.049	0.221	2.816	8.8	2.717	9.977	2.816	8.8	2.717	9.977
MM_RS15815	-1.66467906504677	0.371722922384169	NA	6.2278469920643	raw_counts / DESeq2 median-of-ratios (via riborex)	0.013	0.007	0.488	0.221	2.773	1.483	27.024	9.514	2.773	1.483	27.024	9.514
MM_RS09810	1.65603093336922	0.235930332242092	NA	11.3147004825894	raw_counts / DESeq2 median-of-ratios (via riborex)	0.008	0.011	0.037	0.167	1.75	2.236	2.055	7.694	1.75	2.236	2.055	7.694
MM_RS19545	1.65271653456083	0.445951285541272	NA	7.43863311826423	raw_counts / DESeq2 median-of-ratios (via riborex)	0.272	0.486	1.675	8.238	55.712	105.094	98.068	388.05	55.712	105.094	98.068	388.05
MM_RS13795	1.65188296360791	0.050043860445691	NA	44.3136956560452	raw_counts / DESeq2 median-of-ratios (via riborex)	0.024	0.035	0.131	0.761	5.068	7.474	8.085	34.444	5.068	7.474	8.085	34.444
MM_RS02620	1.64291624180158	0.0741417364055874	NA	33.982590197109	raw_counts / DESeq2 median-of-ratios (via riborex)	0.05	0.071	0.305	1.449	10.537	14.778	17.436	65.928	10.537	14.778	17.436	65.928
MM_RS16390	1.63774043831011	0.622362444666621	NA	2.27787783611156	raw_counts / DESeq2 median-of-ratios (via riborex)	0.064	0.06	0.124	0.585	14.14	12.758	7.279	30.317	14.14	12.758	7.279	30.317
MM_RS08480	1.63325150644555	0.294023791306059	NA	12.5770566553903	raw_counts / DESeq2 median-of-ratios (via riborex)	0.026	0.017	0.112	0.479	5.521	3.621	6.129	20.44	5.521	3.621	6.129	20.44
MM_RS07745	1.62936144373716	0.105681958786003	NA	42.411309508883	raw_counts / DESeq2 median-of-ratios (via riborex)	0.048	0.078	0.43	2.107	10.402	16.642	25.025	97.263	10.402	16.642	25.025	97.263
MM_RS19455	1.6248301953068	0.455201419739557	NA	4.09547586840193	raw_counts / DESeq2 median-of-ratios (via riborex)	0.378	0.073	0.879	3.47	79.122	17.024	46.812	165.106	79.122	17.024	46.812	165.106
MM_RS16980	1.61533356183666	0.270639750865936	NA	27.6107135543336	raw_counts / DESeq2 median-of-ratios (via riborex)	0.069	0.2	0.328	1.367	15.012	43.192	18.126	63.409	15.012	43.192	18.126	63.409
MM_RS10605	1.61455029335593	0.372391089441345	NA	5.03001496589959	raw_counts / DESeq2 median-of-ratios (via riborex)	0.033	0.031	0.1	0.522	6.969	6.855	5.924	22.715	6.969	6.855	5.924	22.715
MM_RS19640	1.61424286495042	0.456154577681965	NA	4.20800647702921	raw_counts / DESeq2 median-of-ratios (via riborex)	0.294	0.479	0.165	0.811	61.72	100.99	10.12	39.164	61.72	100.99	10.12	39.164
MM_RS14505	1.61341764546972	0.244751480308591	NA	9.99165400209246	raw_counts / DESeq2 median-of-ratios (via riborex)	0.021	0.033	0.04	0.208	4.436	6.684	2.331	8.914	4.436	6.684	2.331	8.914
MM_RS08045	1.60999628506905	0.0779368633895333	NA	34.6216096617765	raw_counts / DESeq2 median-of-ratios (via riborex)	0.238	0.309	1.275	6.518	51.157	64.94	75.295	288.895	51.157	64.94	75.295	288.895
MM_RS12480	1.60075390291204	0.0400565262081071	NA	45.1871024058762	raw_counts / DESeq2 median-of-ratios (via riborex)	0.072	0.131	0.245	1.205	15.365	28.243	14.243	52.399	15.365	28.243	14.243	52.399
MM_RS15670	1.60024827257217	0.0715052766740421	NA	28.2327624456002	raw_counts / DESeq2 median-of-ratios (via riborex)	0.157	0.223	0.65	3.232	33.66	48.468	38.039	142.602	33.66	48.468	38.039	142.602
MM_RS01275	1.59541668674447	0.15643062866369	NA	14.3415357819913	raw_counts / DESeq2 median-of-ratios (via riborex)	0.036	0.026	0.053	0.267	7.612	5.881	3.1	11.642	7.612	5.881	3.1	11.642
MM_RS06265	-1.57548372455864	0.141228150743425	NA	21.0401163889999	raw_counts / DESeq2 median-of-ratios (via riborex)	0.032	0.012	0.4	0.228	6.83	2.681	23.564	9.918	6.83	2.681	23.564	9.918
MM_RS13895	1.56613457184559	0.269248054878437	NA	46.8666194398315	raw_counts / DESeq2 median-of-ratios (via riborex)	0.112	0.228	2.598	10.887	24.442	48.177	144.892	475.697	24.442	48.177	144.892	475.697
MM_RS07590	1.56587024087256	0.0445496245221529	NA	44.1959398619109	raw_counts / DESeq2 median-of-ratios (via riborex)	0.063	0.096	0.22	1.006	13.369	20.707	12.598	44.674	13.369	20.707	12.598	44.674
MM_RS19495	-1.56059000657592	0.157941229227277	NA	22.186352651118	raw_counts / DESeq2 median-of-ratios (via riborex)	0.105	0.017	0.594	0.323	22.638	3.463	34.469	14.347	22.638	3.463	34.469	14.347
MM_RS19525	1.55228257190663	0.345830408063863	NA	12.8786159473634	raw_counts / DESeq2 median-of-ratios (via riborex)	0.026	0.112	0.425	2.104	5.613	24.469	25.289	96.541	5.613	24.469	25.289	96.541
MM_RS04585	1.54686796353418	0.323924834108704	NA	7.79122264222473	raw_counts / DESeq2 median-of-ratios (via riborex)	0.105	0.149	0.589	2.358	22.101	32.52	32.366	109.59	22.101	32.52	32.366	109.59
MM_RS08175	1.54240986708613	0.155108632970126	NA	22.8008341326931	raw_counts / DESeq2 median-of-ratios (via riborex)	0.07	0.239	0.861	4.172	15.062	51.068	50.493	180.025	15.062	51.068	50.493	180.025
MM_RS08335	1.54111218681974	0.124946556958399	NA	43.5249728902538	raw_counts / DESeq2 median-of-ratios (via riborex)	0.013	0.027	0.114	0.657	2.686	5.534	7.186	29.24	2.686	5.534	7.186	29.24
MM_RS19060	1.53975421387177	0.413620886612725	NA	5.2569994710197	raw_counts / DESeq2 median-of-ratios (via riborex)	0.052	0.234	0.186	0.836	11.316	50.756	10.826	40.118	11.316	50.756	10.826	40.118
MM_RS00820	1.5351731847136	0.528182319083062	NA	3.44346572617424	raw_counts / DESeq2 median-of-ratios (via riborex)	0.057	0.069	0.442	2.035	12.585	13.892	25.912	97.015	12.585	13.892	25.912	97.015
MM_RS19460	1.52697226258184	0.450531836326402	NA	7.81150840312944	raw_counts / DESeq2 median-of-ratios (via riborex)	0.157	1.069	5.441	25.913	34.425	229.486	318.971	1133.693	34.425	229.486	318.971	1133.693
MM_RS16230	1.51828173283136	0.142348305169769	NA	43.0431128831885	raw_counts / DESeq2 median-of-ratios (via riborex)	0.025	0.069	0.456	2.228	5.411	14.532	27.166	100.561	5.411	14.532	27.166	100.561
MM_RS11235	1.51224930819803	0.435078464763833	NA	16.8882465478465	raw_counts / DESeq2 median-of-ratios (via riborex)	0.095	0.07	0.867	3.404	20.896	14.898	47.682	149.685	20.896	14.898	47.682	149.685
MM_RS02130	-1.51177535521737	0.0805884370518954	NA	43.1646965341257	raw_counts / DESeq2 median-of-ratios (via riborex)	0.09	0.033	1.257	0.711	18.91	6.992	73.528	32.716	18.91	6.992	73.528	32.716
MM_RS09175	1.50785182117027	0.312705115457779	NA	18.2762400384359	raw_counts / DESeq2 median-of-ratios (via riborex)	0.09	0.089	0.07	0.314	19.39	18.758	3.873	12.489	19.39	18.758	3.873	12.489
MM_RS14955	1.50544837399385	0.398229327837038	NA	5.39677018643358	raw_counts / DESeq2 median-of-ratios (via riborex)	0.025	0.044	0.082	0.336	5.179	9.806	4.518	14.641	5.179	9.806	4.518	14.641
MM_RS00185	-1.50163108943922	0.170128861456777	NA	16.1311913411959	raw_counts / DESeq2 median-of-ratios (via riborex)	0.025	0.007	0.081	0.044	5.291	1.538	4.681	2.009	5.291	1.538	4.681	2.009
MM_RS15555	1.50076790739555	0.232326816865526	NA	27.0806839777896	raw_counts / DESeq2 median-of-ratios (via riborex)	0.012	0.01	0.137	0.585	2.517	2.06	7.802	26.604	2.517	2.06	7.802	26.604
MM_RS18190	1.48998641642527	0.363986186733507	NA	7.29106648031707	raw_counts / DESeq2 median-of-ratios (via riborex)	0.294	0.409	0.645	3.454	63.531	86.03	40.73	156.182	63.531	86.03	40.73	156.182
MM_RS07570	1.488507583147	0.159808504455132	NA	29.7307127619157	raw_counts / DESeq2 median-of-ratios (via riborex)	0.035	0.056	0.052	0.215	7.516	11.77	2.916	9.597	7.516	11.77	2.916	9.597
MM_RS17440	1.48589508286131	0.186896405827575	NA	16.6438815862875	raw_counts / DESeq2 median-of-ratios (via riborex)	0.032	0.026	0.085	0.395	6.802	5.395	4.948	16.757	6.802	5.395	4.948	16.757
MM_RS13990	1.48180957096582	0.327309782627162	NA	11.5671951319674	raw_counts / DESeq2 median-of-ratios (via riborex)	0.01	0.017	0.1	0.41	2.214	3.64	5.672	18.82	2.214	3.64	5.672	18.82
MM_RS05305	1.47736202251567	0.288021765127033	NA	9.34356177070551	raw_counts / DESeq2 median-of-ratios (via riborex)	0.275	0.083	0.504	2.043	58.825	18.763	28.178	94.425	58.825	18.763	28.178	94.425
MM_RS18205	-1.46228902366147	0.500547341275262	NA	6.20301509588094	raw_counts / DESeq2 median-of-ratios (via riborex)	0.073	0.135	5.309	3.195	16.011	28.892	317.419	152.689	16.011	28.892	317.419	152.689
MM_RS00035	1.45590498075381	0.113139157190824	NA	24.3704595257731	raw_counts / DESeq2 median-of-ratios (via riborex)	0.023	0.07	0.086	0.385	4.822	14.942	5.016	16.917	4.822	14.942	5.016	16.917
MM_RS10130	1.45221560283526	0.18011898266403	NA	17.1298227460201	raw_counts / DESeq2 median-of-ratios (via riborex)	0.02	0.021	0.166	0.742	4.204	4.358	9.757	33.965	4.204	4.358	9.757	33.965
MM_RS18795	1.45112064508707	0.426796962704662	NA	6.5968925906867	raw_counts / DESeq2 median-of-ratios (via riborex)	0.493	0.267	1.014	3.735	102.816	57.688	55.783	182.17	102.816	57.688	55.783	182.17
MM_RS16325	1.45064574076595	0.104640886033003	NA	33.3394929070672	raw_counts / DESeq2 median-of-ratios (via riborex)	0.046	0.05	0.504	2.135	9.728	10.422	28.942	94.56	9.728	10.422	28.942	94.56
MM_RS01805	-1.44788316004015	0.221612877201309	NA	14.4168581558568	raw_counts / DESeq2 median-of-ratios (via riborex)	0.031	0.014	0.105	0.057	6.469	2.88	6.056	2.618	6.469	2.88	6.056	2.618
MM_RS15145	1.43870603695458	0.0485352018991957	NA	47.8255867374152	raw_counts / DESeq2 median-of-ratios (via riborex)	0.046	0.052	0.147	0.679	9.74	11.119	8.747	30.561	9.74	11.119	8.747	30.561
MM_RS18810	1.43217590639404	0.527405822993989	NA	5.1910926296339	raw_counts / DESeq2 median-of-ratios (via riborex)	0.184	0.459	0.859	4.26	40.436	99.296	52.07	177.011	40.436	99.296	52.07	177.011
MM_RS16900	1.4243177191818	0.537937601538405	NA	3.4702748293233	raw_counts / DESeq2 median-of-ratios (via riborex)	0.009	0	0.106	0.455	1.828	0	6.144	21.855	1.828	0	6.144	21.855
MM_RS02235	1.42029285920582	0.143129118476898	NA	38.967902069844	raw_counts / DESeq2 median-of-ratios (via riborex)	0.041	0.048	0.311	1.254	8.778	10.502	17.773	57.337	8.778	10.502	17.773	57.337
MM_RS14260	1.41826215066777	0.342299181728999	NA	10.533590275025	raw_counts / DESeq2 median-of-ratios (via riborex)	0.189	0.19	0.259	1.142	41.037	39.574	15.287	51.863	41.037	39.574	15.287	51.863
MM_RS11560	1.41780917575069	0.308909946461077	NA	9.99466105400533	raw_counts / DESeq2 median-of-ratios (via riborex)	0.065	0.102	0.191	0.96	13.995	20.937	12.093	43.71	13.995	20.937	12.093	43.71
MM_RS10500	1.41504136061964	0.467376141120195	NA	6.08089449211891	raw_counts / DESeq2 median-of-ratios (via riborex)	0.019	0.013	0.074	0.263	4.018	2.605	3.94	10.931	4.018	2.605	3.94	10.931
MM_RS18335	1.41219958942423	0.564830320194449	NA	2.95938283592799	raw_counts / DESeq2 median-of-ratios (via riborex)	0.18	0.145	0.23	0.83	38.945	31.842	12.244	37.897	38.945	31.842	12.244	37.897
MM_RS19390	1.41021282293717	0.329516028376865	NA	19.4348505998478	raw_counts / DESeq2 median-of-ratios (via riborex)	0.488	0.397	10.355	37.303	101.505	86.995	571.323	1744.011	101.505	86.995	571.323	1744.011
MM_RS11605	1.4024130369317	0.411562748165578	NA	6.98365841583504	raw_counts / DESeq2 median-of-ratios (via riborex)	0.014	0.018	0.068	0.298	2.957	3.723	3.979	12.765	2.957	3.723	3.979	12.765
MM_RS05480	1.38936278619529	0.256228014793899	NA	27.5818123946897	raw_counts / DESeq2 median-of-ratios (via riborex)	0.047	0.157	1.926	7.653	9.748	32.73	109.932	342.662	9.748	32.73	109.932	342.662
MM_RS16705	1.38598020775051	0.246369749004857	NA	21.2382306978339	raw_counts / DESeq2 median-of-ratios (via riborex)	0.016	0.029	0.17	0.682	3.436	6.082	9.718	30.651	3.436	6.082	9.718	30.651
MM_RS18715	-1.38534906455138	0.172803998819121	NA	42.0508861626802	raw_counts / DESeq2 median-of-ratios (via riborex)	0.038	0.039	0.643	0.332	8.125	8.628	35.604	15.434	8.125	8.628	35.604	15.434
MM_RS05865	-1.37254183679668	0.160728123684963	NA	43.6352938436574	raw_counts / DESeq2 median-of-ratios (via riborex)	0.068	0.031	0.377	0.221	14.237	6.553	21.569	9.989	14.237	6.553	21.569	9.989
MM_RS09830	1.36887046743602	0.174066692256456	NA	42.5866032067797	raw_counts / DESeq2 median-of-ratios (via riborex)	0.008	0.005	0.188	0.715	1.705	1.01	10.633	32.064	1.705	1.01	10.633	32.064
MM_RS16405	1.36808428114354	0.370534220288051	NA	8.93602959831741	raw_counts / DESeq2 median-of-ratios (via riborex)	0.046	0.038	0.121	0.441	9.834	8.213	6.559	18.759	9.834	8.213	6.559	18.759
MM_RS17105	1.36678080211142	0.113796533856574	NA	48.1031035985525	raw_counts / DESeq2 median-of-ratios (via riborex)	0.114	0.295	1.508	6.925	24.411	63.205	91.186	308.398	24.411	63.205	91.186	308.398
MM_RS05170	1.36224473171967	0.381383834839559	NA	7.02435805926724	raw_counts / DESeq2 median-of-ratios (via riborex)	0.023	0	0.087	0.377	4.948	0	5.16	16.502	4.948	0	5.16	16.502
MM_RS19330	1.35648270719957	0.140043078885149	NA	37.718564093183	raw_counts / DESeq2 median-of-ratios (via riborex)	0.117	0.227	0.643	2.402	24.932	48.424	35.974	104.421	24.932	48.424	35.974	104.421
MM_RS17200	1.3436133879111	0.17676659010864	NA	26.7693186548513	raw_counts / DESeq2 median-of-ratios (via riborex)	0.071	0.099	0.605	2.263	15.268	20.698	34.178	102.301	15.268	20.698	34.178	102.301
MM_RS12205	1.34185613946834	0.103001182777822	NA	44.432232923754	raw_counts / DESeq2 median-of-ratios (via riborex)	0.108	0.13	1.265	5.601	22.9	27.434	76.126	252.933	22.9	27.434	76.126	252.933
MM_RS00405	1.33970960822732	0.0852902675562359	NA	46.113730798313	raw_counts / DESeq2 median-of-ratios (via riborex)	0.032	0.075	0.337	1.4	6.873	15.949	19.849	64.128	6.873	15.949	19.849	64.128
MM_RS17445	1.3379819820836	0.410046724317596	NA	7.08481308661488	raw_counts / DESeq2 median-of-ratios (via riborex)	0.018	0.005	0.04	0.141	3.794	1.015	2.205	6.338	3.794	1.015	2.205	6.338
MM_RS17635	-1.33636689987759	0.665990599848858	NA	1.64715214258472	raw_counts / DESeq2 median-of-ratios (via riborex)	0.061	0	0.791	0.487	13.479	0	45.958	22.503	13.479	0	45.958	22.503
MM_RS14220	1.33442198189871	0.256042703427376	NA	13.9801547131543	raw_counts / DESeq2 median-of-ratios (via riborex)	0.016	0.02	0.032	0.123	3.351	4.479	1.813	5.524	3.351	4.479	1.813	5.524
MM_RS12470	-1.33222322702411	0.0741478091804777	NA	46.818633376215	raw_counts / DESeq2 median-of-ratios (via riborex)	0.161	0.104	0.805	0.523	34.404	21.968	47.364	23.755	34.404	21.968	47.364	23.755
MM_RS05555	1.33160068829216	0.42879354377006	NA	12.4095371305541	raw_counts / DESeq2 median-of-ratios (via riborex)	0.113	0.1	1.617	5.506	23.383	20.83	88.98	251.275	23.383	20.83	88.98	251.275
MM_RS02910	1.32960880115061	0.424501381045999	NA	12.7499805459163	raw_counts / DESeq2 median-of-ratios (via riborex)	0.035	0.113	0.768	3.376	7.704	24.403	46.426	156.893	7.704	24.403	46.426	156.893
MM_RS18475	1.32573469200487	0.163785127552204	NA	35.4348575301249	raw_counts / DESeq2 median-of-ratios (via riborex)	2.34	4.695	4.096	17.67	503.718	974.809	245.286	792.591	503.718	974.809	245.286	792.591
MM_RS13415	1.32374718972111	0.251578945243559	NA	22.6826984509785	raw_counts / DESeq2 median-of-ratios (via riborex)	0.1	0.175	2.558	10.234	21.435	37.479	148.99	466.277	21.435	37.479	148.99	466.277
MM_RS16350	1.31944736418588	0.13243325181239	NA	37.0878183683004	raw_counts / DESeq2 median-of-ratios (via riborex)	0.513	0.541	1.9	8.012	109.41	121.015	114.022	377.998	109.41	121.015	114.022	377.998
MM_RS05885	1.31567713501899	0.153665407287244	NA	47.3008736766771	raw_counts / DESeq2 median-of-ratios (via riborex)	0.373	0.333	1.266	4.714	78.278	70.322	72.13	217.808	78.278	70.322	72.13	217.808
MM_RS14805	1.31388251212015	0.193915769832457	NA	36.4765703448718	raw_counts / DESeq2 median-of-ratios (via riborex)	0.042	0.205	0.634	2.798	8.96	42.569	38.561	130.843	8.96	42.569	38.561	130.843
MM_RS18750	1.31203335233693	0.114879850855154	NA	31.9312884923933	raw_counts / DESeq2 median-of-ratios (via riborex)	1.546	2.566	3.245	14.049	328.509	544.795	195.564	627.718	328.509	544.795	195.564	627.718
MM_RS02565	1.30275563146632	0.249049754914708	NA	36.1339772313154	raw_counts / DESeq2 median-of-ratios (via riborex)	0.05	0.119	0.721	2.928	10.747	25.626	42.753	140.766	10.747	25.626	42.753	140.766
MM_RS06890	1.29768928864902	0.23784279217568	NA	36.7237576419044	raw_counts / DESeq2 median-of-ratios (via riborex)	0.157	0.289	0.579	2.412	34.037	60.926	34.419	108.749	34.037	60.926	34.419	108.749
MM_RS19365	-1.29033867532741	0.559017648416161	NA	11.4315041575718	raw_counts / DESeq2 median-of-ratios (via riborex)	0.954	0.18	6.058	3.868	209.309	36.482	355.848	191.664	209.309	36.482	355.848	191.664
MM_RS13410	1.2852930099106	0.466690924375603	NA	4.5845424904882	raw_counts / DESeq2 median-of-ratios (via riborex)	0.021	0.028	0.05	0.197	4.499	5.923	2.9	8.721	4.499	5.923	2.9	8.721
MM_RS08580	1.28509790509108	0.262836061044013	NA	17.7149616018459	raw_counts / DESeq2 median-of-ratios (via riborex)	0.01	0.007	0.057	0.221	2.039	1.444	3.32	10.044	2.039	1.444	3.32	10.044
MM_RS14975	1.28171892918099	0.145520667952321	NA	38.4111790543819	raw_counts / DESeq2 median-of-ratios (via riborex)	0.03	0.05	0.214	0.863	6.51	10.613	12.659	39.818	6.51	10.613	12.659	39.818
MM_RS08315	1.28101073916699	0.117020091298719	NA	48.7718538742108	raw_counts / DESeq2 median-of-ratios (via riborex)	0.064	0.046	0.424	1.621	13.607	9.802	24.678	76.523	13.607	9.802	24.678	76.523
MM_RS12715	1.27570414108047	0.203970457835115	NA	45.044777218716	raw_counts / DESeq2 median-of-ratios (via riborex)	0.096	0.12	0.129	0.433	20.657	25.294	7.09	19.885	20.657	25.294	7.09	19.885
MM_RS15945	-1.27520394344325	0.172982446693453	NA	47.535774238353	raw_counts / DESeq2 median-of-ratios (via riborex)	0.062	0.036	0.564	0.454	13.224	7.463	35.389	20.773	13.224	7.463	35.389	20.773
MM_RS10980	1.27232313694333	0.433149207184959	NA	14.5676499029101	raw_counts / DESeq2 median-of-ratios (via riborex)	0.016	0.053	0.17	0.699	3.38	10.98	10.269	34.629	3.38	10.98	10.269	34.629
MM_RS01990	1.27044937607775	0.108411114287025	NA	43.7110733313677	raw_counts / DESeq2 median-of-ratios (via riborex)	0.154	0.548	1.006	3.851	33.053	118.116	58.291	172.695	33.053	118.116	58.291	172.695
MM_RS19105	1.26051339126024	0.401323846578907	NA	17.9536502523642	raw_counts / DESeq2 median-of-ratios (via riborex)	0.266	0.971	1.001	3.365	55.199	207.402	55.464	149.545	55.199	207.402	55.464	149.545
MM_RS15975	1.26018141094992	0.366380074574606	NA	9.08754643170011	raw_counts / DESeq2 median-of-ratios (via riborex)	0.029	0.011	0.066	0.231	6.161	2.291	3.646	10.236	6.161	2.291	3.646	10.236
MM_RS18735	1.25871242241938	0.252968483291798	NA	15.8826776203727	raw_counts / DESeq2 median-of-ratios (via riborex)	0.119	0.126	0.266	0.949	25.403	26.733	15.039	43.512	25.403	26.733	15.039	43.512
MM_RS08615	1.25438771189356	0.112866492959605	NA	44.764014641398	raw_counts / DESeq2 median-of-ratios (via riborex)	0.097	0.2	0.637	2.414	20.74	42.475	36.838	106.632	20.74	42.475	36.838	106.632
MM_RS01120	-1.24381482421657	0.460979653829739	NA	11.6246606724367	raw_counts / DESeq2 median-of-ratios (via riborex)	0.043	0.008	0.296	0.209	9.403	1.718	17.628	9.608	9.403	1.718	17.628	9.608
MM_RS13195	1.2405197879858	0.515689381024357	NA	11.3493618604278	raw_counts / DESeq2 median-of-ratios (via riborex)	0.019	0.011	0.121	0.474	4.136	2.283	7.142	21.785	4.136	2.283	7.142	21.785
MM_RS14925	-1.23877886247175	0.345847361510002	NA	44.4049694442382	raw_counts / DESeq2 median-of-ratios (via riborex)	0.017	0.01	1.141	1.008	3.609	2.238	74.06	49.14	3.609	2.238	74.06	49.14
MM_RS15250	1.23855710461907	0.28784434516066	NA	25.6100901649328	raw_counts / DESeq2 median-of-ratios (via riborex)	0.042	0.08	0.52	2.174	8.798	16.744	31.506	99.148	8.798	16.744	31.506	99.148
MM_RS02810	1.23698942616489	0.259400980820397	NA	19.6465044875249	raw_counts / DESeq2 median-of-ratios (via riborex)	0.058	0.059	0.56	1.973	12.454	12.457	31.668	86.795	12.454	12.457	31.668	86.795
MM_RS02890	1.23678617225688	0.13708692327753	NA	46.4515601849741	raw_counts / DESeq2 median-of-ratios (via riborex)	0.217	0.679	0.979	3.576	46.194	148.411	55.818	153.812	46.194	148.411	55.818	153.812
MM_RS01480	1.23613409303734	0.15243818562318	NA	46.0041366305564	raw_counts / DESeq2 median-of-ratios (via riborex)	0.037	0.254	0.789	3.2	7.857	55.448	47.048	141.387	7.857	55.448	47.048	141.387
MM_RS08925	-1.23586024028792	0.238601640307442	NA	26.4580431141497	raw_counts / DESeq2 median-of-ratios (via riborex)	0.045	0.017	1.113	0.663	9.449	3.695	62.219	30.395	9.449	3.695	62.219	30.395
MM_RS18775	1.23169044677449	0.46222932444502	NA	7.49599543188979	raw_counts / DESeq2 median-of-ratios (via riborex)	0.015	0.058	0.086	0.347	3.154	12.638	5.095	14.821	3.154	12.638	5.095	14.821
MM_RS13275	1.22807879706525	0.243702068233948	NA	26.644424882072	raw_counts / DESeq2 median-of-ratios (via riborex)	0.191	0.096	0.2	0.733	41.075	20.49	11.485	32.919	41.075	20.49	11.485	32.919
MM_RS18480	1.2279435997354	0.491369484270958	NA	10.13636289383	raw_counts / DESeq2 median-of-ratios (via riborex)	0.191	0.539	2.23	9.001	41.931	114.706	133.411	405.837	41.931	114.706	133.411	405.837
MM_RS10625	1.22072980020655	0.331714878744768	NA	18.7880806052406	raw_counts / DESeq2 median-of-ratios (via riborex)	0.009	0.009	0.084	0.287	1.843	1.98	4.738	12.795	1.843	1.98	4.738	12.795
MM_RS08485	1.21989489067831	0.435440166698216	NA	8.6382217450968	raw_counts / DESeq2 median-of-ratios (via riborex)	0.011	0.001	0.051	0.181	2.313	0.227	2.88	7.701	2.313	0.227	2.88	7.701
MM_RS04435	1.21968540330255	0.154246113574233	NA	32.5108441524278	raw_counts / DESeq2 median-of-ratios (via riborex)	0.047	0.042	0.116	0.402	9.916	8.984	6.571	18.179	9.916	8.984	6.571	18.179
MM_RS19565	1.21403664376811	0.173608072932615	NA	33.7857099083036	raw_counts / DESeq2 median-of-ratios (via riborex)	3.285	3.244	14.355	54.059	691.583	688.11	836.258	2379.507	691.583	688.11	836.258	2379.507
MM_RS09220	1.21388715033652	0.46964491562146	NA	15.607774534208	raw_counts / DESeq2 median-of-ratios (via riborex)	0.008	0.007	0.042	0.136	1.695	1.442	2.334	6.192	1.695	1.442	2.334	6.192
MM_RS06295	1.21370186105521	0.405493349866084	NA	14.4836077521622	raw_counts / DESeq2 median-of-ratios (via riborex)	0.027	0.041	0.265	0.973	5.938	8.398	15.307	42.878	5.938	8.398	15.307	42.878
MM_RS00425	-1.21054958058377	0.224792059542491	NA	49.2669219931534	raw_counts / DESeq2 median-of-ratios (via riborex)	0.062	0.037	2.346	1.375	13.008	7.748	129.975	63.516	13.008	7.748	129.975	63.516
MM_RS19600	1.20656059250865	0.439875757904532	NA	7.36922555949953	raw_counts / DESeq2 median-of-ratios (via riborex)	0.071	0.235	0.086	0.279	15.172	49.242	4.754	13.226	15.172	49.242	4.754	13.226
MM_RS07205	1.20423673682175	0.394449209220273	NA	8.38737180455897	raw_counts / DESeq2 median-of-ratios (via riborex)	0.296	0.213	0.547	1.904	62.492	45.419	30.745	85.07	62.492	45.419	30.745	85.07
MM_RS12405	1.20157374652566	0.45934842920045	NA	11.1014972154436	raw_counts / DESeq2 median-of-ratios (via riborex)	0.009	0.041	0.333	1.201	1.928	8.531	19.269	54.5	1.928	8.531	19.269	54.5
MM_RS10870	-1.20132570546179	0.164276288099449	NA	28.0155088337963	raw_counts / DESeq2 median-of-ratios (via riborex)	0.067	0.026	0.587	0.425	14.348	5.481	34.394	18.662	14.348	5.481	34.394	18.662
MM_RS19445	-1.19531979697939	0.316512312212276	NA	13.7425160878025	raw_counts / DESeq2 median-of-ratios (via riborex)	1.054	0.833	5.42	4.44	222.885	180.543	335.942	200.42	222.885	180.543	335.942	200.42
MM_RS14775	1.18952540903114	0.190254255229447	NA	46.3636564517784	raw_counts / DESeq2 median-of-ratios (via riborex)	0.152	0.16	4.022	14.581	32.083	34.863	232.932	644.304	32.083	34.863	232.932	644.304
MM_RS03175	1.1888998911893	0.229394264489687	NA	29.5510711829098	raw_counts / DESeq2 median-of-ratios (via riborex)	0.816	0.401	2.415	8.887	171.03	85.721	140.583	394.807	171.03	85.721	140.583	394.807
MM_RS00110	1.18162796542535	0.227477682838293	NA	18.9223007279555	raw_counts / DESeq2 median-of-ratios (via riborex)	0.018	0.023	0.084	0.317	3.888	4.848	4.972	14.183	3.888	4.848	4.972	14.183
MM_RS16590	-1.18039857830622	0.122338905803046	NA	40.5788345265069	raw_counts / DESeq2 median-of-ratios (via riborex)	0.216	0.127	1.513	1.073	46.081	26.499	88.322	48.541	46.081	26.499	88.322	48.541
MM_RS18415	1.17663850065201	0.222311445928452	NA	20.7871641182402	raw_counts / DESeq2 median-of-ratios (via riborex)	0.561	0.8	2.59	9.879	119.318	171.733	153.075	433.591	119.318	171.733	153.075	433.591
MM_RS17730	1.16873873501204	0.218055747709977	NA	24.7522157875854	raw_counts / DESeq2 median-of-ratios (via riborex)	2.744	4.235	5.538	21.044	579.756	902.258	326.456	915.364	579.756	902.258	326.456	915.364
MM_RS01035	1.16854686621043	0.194242449281841	NA	31.8811308511817	raw_counts / DESeq2 median-of-ratios (via riborex)	0.122	0.26	0.995	3.345	26.007	55.027	56.554	152.479	26.007	55.027	56.554	152.479
MM_RS16360	-1.16445915564399	0.630674591505009	NA	3.28092844435858	raw_counts / DESeq2 median-of-ratios (via riborex)	0.037	0.047	0.054	0.053	7.755	10.263	3.532	2.274	7.755	10.263	3.532	2.274
MM_RS12095	1.16126556007953	0.174478326285167	NA	41.6001807299235	raw_counts / DESeq2 median-of-ratios (via riborex)	0.039	0.126	0.51	1.771	8.286	26.593	29.266	78.166	8.286	26.593	29.266	78.166
MM_RS16920	1.15868313029638	0.182202338596378	NA	48.4926740987124	raw_counts / DESeq2 median-of-ratios (via riborex)	0.039	0.11	0.201	0.748	8.481	23.278	11.843	33.367	8.481	23.278	11.843	33.367
MM_RS10695	1.1439104930689	0.297469279235964	NA	19.2945446194291	raw_counts / DESeq2 median-of-ratios (via riborex)	0.058	0.067	0.064	0.249	12.174	14.376	3.965	11.712	12.174	14.376	3.965	11.712
MM_RS13790	1.14375807542493	0.258228970896081	NA	27.0020090931025	raw_counts / DESeq2 median-of-ratios (via riborex)	0.097	0.089	0.34	1.287	20.453	19.087	20.528	61.247	20.453	19.087	20.528	61.247
MM_RS04880	1.13978844869833	0.473396122498384	NA	9.17552229740421	raw_counts / DESeq2 median-of-ratios (via riborex)	0.004	0.009	0.035	0.113	0.927	1.914	1.972	5.07	0.927	1.914	1.972	5.07
MM_RS01100	1.1346497514564	0.601165311046261	NA	12.1838388948679	raw_counts / DESeq2 median-of-ratios (via riborex)	0.091	0.096	0.145	0.541	19.958	19.772	8.671	24.99	19.958	19.772	8.671	24.99
MM_RS16280	-1.13446948378967	0.273240601925927	NA	32.4854908959812	raw_counts / DESeq2 median-of-ratios (via riborex)	0.133	0.079	4.255	2.753	28.512	16.293	239.486	128.372	28.512	16.293	239.486	128.372
MM_RS19325	1.13218801967189	0.38794429939033	NA	11.7188553418546	raw_counts / DESeq2 median-of-ratios (via riborex)	0.082	0.095	0.983	3.369	17.546	20.348	57.109	157.695	17.546	20.348	57.109	157.695
MM_RS15845	1.1190338040802	0.161277445024328	NA	44.8007487772813	raw_counts / DESeq2 median-of-ratios (via riborex)	0.33	0.161	1.098	3.972	69.684	34.896	64.471	172.698	69.684	34.896	64.471	172.698
MM_RS02940	-1.11861390293476	0.229915171961613	NA	22.1911642780259	raw_counts / DESeq2 median-of-ratios (via riborex)	0.045	0.029	0.343	0.265	9.507	6.002	20.431	12.127	9.507	6.002	20.431	12.127
MM_RS10100	1.11705199726406	0.369502403088931	NA	14.8506926104386	raw_counts / DESeq2 median-of-ratios (via riborex)	0.016	0.007	0.092	0.296	3.328	1.458	5.164	12.7	3.328	1.458	5.164	12.7
MM_RS01070	1.11488217036314	0.369929966495226	NA	21.2091362035883	raw_counts / DESeq2 median-of-ratios (via riborex)	0.077	0.055	0.181	0.555	16.545	11.084	10.161	25.983	16.545	11.084	10.161	25.983
MM_RS09910	1.10991371641519	0.232052860129024	NA	28.4267896817866	raw_counts / DESeq2 median-of-ratios (via riborex)	0.084	0.163	0.161	0.581	17.98	35.212	9.515	25.938	17.98	35.212	9.515	25.938
MM_RS00120	1.10642969974702	0.745188313393286	NA	45.954455799411	raw_counts / DESeq2 median-of-ratios (via riborex)	0.146	0.317	2.962	9.289	31.945	65.801	166.585	391.635	31.945	65.801	166.585	391.635
MM_RS11355	1.10533645725341	0.476757107553391	NA	9.67029115550261	raw_counts / DESeq2 median-of-ratios (via riborex)	0.02	0.011	0.172	0.568	4.308	2.224	9.896	26.188	4.308	2.224	9.896	26.188
MM_RS03450	1.10293366873666	0.467638665268376	NA	13.8179203863346	raw_counts / DESeq2 median-of-ratios (via riborex)	0.077	0.039	0.068	0.218	15.97	8.403	3.829	10.134	15.97	8.403	3.829	10.134
MM_RS02950	-1.09841500779295	0.197157547024179	NA	37.8742436746965	raw_counts / DESeq2 median-of-ratios (via riborex)	0.082	0.045	0.495	0.344	17.309	9.7	27.98	15.3	17.309	9.7	27.98	15.3
MM_RS05310	1.09755118744216	0.266086095323721	NA	39.636629106573	raw_counts / DESeq2 median-of-ratios (via riborex)	0.06	0.113	0.753	2.668	12.521	24.142	44.289	118.238	12.521	24.142	44.289	118.238
MM_RS06505	1.09579819441568	0.342288640283808	NA	12.6090540395747	raw_counts / DESeq2 median-of-ratios (via riborex)	0.023	0.024	0.086	0.298	5.005	4.999	5.039	13.638	5.005	4.999	5.039	13.638
MM_RS00420	-1.09516742871661	0.173517922210249	NA	35.2539293528952	raw_counts / DESeq2 median-of-ratios (via riborex)	0.216	0.102	2.895	2.191	46.047	21.261	169.805	100.26	46.047	21.261	169.805	100.26
MM_RS18420	1.08657807032367	0.430135412916632	NA	25.6867589389944	raw_counts / DESeq2 median-of-ratios (via riborex)	0.616	1.13	4.791	16.531	134.287	238.846	281.225	762.136	134.287	238.846	281.225	762.136
MM_RS09165	1.08588987077649	0.285896451493988	NA	18.7862662156714	raw_counts / DESeq2 median-of-ratios (via riborex)	0.132	0.149	0.772	2.549	27.874	32.422	44.311	114.054	27.874	32.422	44.311	114.054
MM_RS18570	-1.07489914347465	0.54567025076611	NA	6.28796295413334	raw_counts / DESeq2 median-of-ratios (via riborex)	0.581	0.351	0.619	0.523	123.113	74.409	38.004	23.464	123.113	74.409	38.004	23.464
MM_RS05110	-1.0699034174669	0.195653427373833	NA	43.7925517818831	raw_counts / DESeq2 median-of-ratios (via riborex)	0.105	0.125	1.632	1.226	22.211	26.781	94.839	56.17	22.211	26.781	94.839	56.17
MM_RS01250	1.06817063349391	0.428794354543816	NA	12.0554962331784	raw_counts / DESeq2 median-of-ratios (via riborex)	0.022	0.059	0.327	1.045	4.63	12.483	18.791	48.7	4.63	12.483	18.791	48.7
MM_RS11375	1.06800197551446	0.534763801860686	NA	14.1210092556698	raw_counts / DESeq2 median-of-ratios (via riborex)	0.013	0.023	0.102	0.282	2.668	4.771	5.542	12.282	2.668	4.771	5.542	12.282
MM_RS11655	-1.05931076366642	0.364281685318753	NA	22.5131399803912	raw_counts / DESeq2 median-of-ratios (via riborex)	0.154	0.054	3.332	2.694	32.767	11.28	200.488	131.813	32.767	11.28	200.488	131.813
MM_RS10410	-1.05746481477367	0.31574424694655	NA	44.0208464838303	raw_counts / DESeq2 median-of-ratios (via riborex)	0.043	0.084	1.043	0.666	9.191	17.646	57.642	31.674	9.191	17.646	57.642	31.674
MM_RS11695	-1.0543646406477	0.189899662725029	NA	48.3287883303543	raw_counts / DESeq2 median-of-ratios (via riborex)	0.532	0.38	5.344	4.045	112.163	81.558	308.948	181.605	112.163	81.558	308.948	181.605
MM_RS16945	1.04950689640142	0.394354821810436	NA	16.2413048975114	raw_counts / DESeq2 median-of-ratios (via riborex)	0.015	0.044	0.107	0.375	3.191	9.642	6.317	16.373	3.191	9.642	6.317	16.373
MM_RS11585	1.04925274532124	0.300110971008317	NA	27.831699690072	raw_counts / DESeq2 median-of-ratios (via riborex)	0.085	0.119	0.743	2.769	17.89	24.603	45.39	127.435	17.89	24.603	45.39	127.435
MM_RS03465	1.04686572868059	0.470138109996252	NA	16.6521407936903	raw_counts / DESeq2 median-of-ratios (via riborex)	0.022	0.022	0.078	0.241	4.531	4.607	4.475	11.146	4.531	4.607	4.475	11.146
MM_RS12075	-1.04476753112911	0.26222097155077	NA	30.0711143838249	raw_counts / DESeq2 median-of-ratios (via riborex)	0.33	0.241	1.417	1.314	70.179	52.365	87.735	57.777	70.179	52.365	87.735	57.777
MM_RS13460	1.04339276588585	0.305643932162346	NA	32.6679132903846	raw_counts / DESeq2 median-of-ratios (via riborex)	0.028	0.084	0.395	1.216	6.052	18.034	22.484	55.646	6.052	18.034	22.484	55.646
MM_RS16890	1.04258819004357	0.52391985877622	NA	23.0593924744173	raw_counts / DESeq2 median-of-ratios (via riborex)	0.012	0.018	0.205	0.762	2.566	3.859	12.474	34.3	2.566	3.859	12.474	34.3
MM_RS16835	1.04044806624388	0.36371756998197	NA	17.3199222100464	raw_counts / DESeq2 median-of-ratios (via riborex)	0.039	0.07	0.593	2.034	8.37	15.503	35.064	92.573	8.37	15.503	35.064	92.573
MM_RS04365	1.03773104207931	0.340584032603882	NA	17.3973928715972	raw_counts / DESeq2 median-of-ratios (via riborex)	0.02	0.009	0.059	0.202	4.285	1.836	3.452	8.612	4.285	1.836	3.452	8.612
MM_RS07405	-1.02249031281799	0.387514119629747	NA	27.4502784222579	raw_counts / DESeq2 median-of-ratios (via riborex)	0.295	0.11	2.566	2.163	61.313	23.005	152.983	97.498	61.313	23.005	152.983	97.498
MM_RS01785	-1.02153162857333	0.295597523048756	NA	23.7375961452079	raw_counts / DESeq2 median-of-ratios (via riborex)	0.05	0.022	0.446	0.369	10.426	4.626	26.255	16.286	10.426	4.626	26.255	16.286
MM_RS13830	-1.02014400642383	0.242274423890037	NA	43.2183074492519	raw_counts / DESeq2 median-of-ratios (via riborex)	0.032	0.017	0.139	0.12	6.758	3.565	8.269	5.176	6.758	3.565	8.269	5.176
MM_RS19180	1.01928178953221	0.470355575634031	NA	8.52893063188651	raw_counts / DESeq2 median-of-ratios (via riborex)	0.123	0.053	0.166	0.579	26.417	10.987	10.016	26.131	26.417	10.987	10.016	26.131
MM_RS16725	1.01769929992833	0.290033629729938	NA	24.9696214927369	raw_counts / DESeq2 median-of-ratios (via riborex)	0.167	0.192	0.506	1.492	35.564	41.473	28.313	66.924	35.564	41.473	28.313	66.924
MM_RS04670	1.01751453757819	0.222272566332867	NA	32.8927400305713	raw_counts / DESeq2 median-of-ratios (via riborex)	0.047	0.052	0.085	0.273	10.017	10.979	4.92	12.167	10.017	10.979	4.92	12.167
MM_RS02980	-1.01526465776961	0.545154654173446	NA	7.59784689722753	raw_counts / DESeq2 median-of-ratios (via riborex)	0.059	0.034	0.098	0.063	12.635	7.383	5.665	3.256	12.635	7.383	5.665	3.256
MM_RS01545	-1.00817836849857	0.533933793087566	NA	7.74808048695678	raw_counts / DESeq2 median-of-ratios (via riborex)	0.032	0.038	0.462	0.375	6.981	8.095	27.191	17.363	6.981	8.095	27.191	17.363
MM_RS06690	1.00770812399947	0.263851782520325	NA	38.6211408946553	raw_counts / DESeq2 median-of-ratios (via riborex)	0.177	0.26	1.834	5.746	37.124	54.801	106.003	263.606	37.124	54.801	106.003	263.606
MM_RS10135	1.0058474397111	0.258452186693925	NA	38.7552438330062	raw_counts / DESeq2 median-of-ratios (via riborex)	0.024	0.029	0.227	0.733	5.169	6.361	13.324	34.532	5.169	6.361	13.324	34.532
MM_RS17920	0.998573121965122	0.579273815250014	NA	5.19476687877369	raw_counts / DESeq2 median-of-ratios (via riborex)	0.056	0.019	0.203	0.655	11.694	4.37	11.406	27.309	11.694	4.37	11.406	27.309
MM_RS17210	0.997767150312136	0.232216380151967	NA	32.5685366938887	raw_counts / DESeq2 median-of-ratios (via riborex)	0.11	0.076	0.624	1.93	23.361	16.953	35.945	88.334	23.361	16.953	35.945	88.334
MM_RS01395	-0.996942501759252	0.36280155038956	NA	43.2984502090549	raw_counts / DESeq2 median-of-ratios (via riborex)	0.949	0.178	0.967	0.996	199.404	40.145	61.77	43.666	199.404	40.145	61.77	43.666
MM_RS19270	0.993132516935927	0.723295568413261	NA	2.27488948059511	raw_counts / DESeq2 median-of-ratios (via riborex)	0.006	0.004	0.023	0.087	1.209	0.89	1.454	4.037	1.209	0.89	1.454	4.037
MM_RS01085	0.990527203932415	0.287539838794469	NA	37.6686952619849	raw_counts / DESeq2 median-of-ratios (via riborex)	0.057	0.037	0.225	0.635	12.212	7.846	12.549	28.772	12.212	7.846	12.549	28.772
MM_RS08950	0.987358235487444	0.519052619066065	NA	11.4336572305311	raw_counts / DESeq2 median-of-ratios (via riborex)	0.075	0.075	0.129	0.413	16.288	16.406	7.395	17.543	16.288	16.406	7.395	17.543
MM_RS17280	0.983639179839472	0.458522913492765	NA	12.3495525654943	raw_counts / DESeq2 median-of-ratios (via riborex)	0.054	0.196	0.139	0.468	11.681	43.136	8.358	21.729	11.681	43.136	8.358	21.729
MM_RS06230	0.983341060688516	0.506341670334959	NA	11.7245861945285	raw_counts / DESeq2 median-of-ratios (via riborex)	0.059	0.044	0.191	0.555	12.251	9.521	10.688	24.502	12.251	9.521	10.688	24.502
MM_RS09535	0.982122708922647	0.260692104748491	NA	39.5177901931756	raw_counts / DESeq2 median-of-ratios (via riborex)	0.778	1.343	3.632	11.127	164.742	294.707	207.21	477.644	164.742	294.707	207.21	477.644
MM_RS04975	0.982096560690228	0.318613274597342	NA	29.4637407446371	raw_counts / DESeq2 median-of-ratios (via riborex)	0.049	0.139	0.175	0.502	10.493	29.737	9.779	22.314	10.493	29.737	9.779	22.314
MM_RS01280	0.977436746902836	0.257355022973527	NA	48.0855102151039	raw_counts / DESeq2 median-of-ratios (via riborex)	0.093	0.153	1.356	4.884	19.587	31.953	82.852	219.274	19.587	31.953	82.852	219.274
MM_RS14475	0.975459282491078	0.504265244267719	NA	25.407962150502	raw_counts / DESeq2 median-of-ratios (via riborex)	0.055	0.063	0.178	0.546	12.045	13.309	10.259	24.308	12.045	13.309	10.259	24.308
MM_RS04005	0.97331522541339	0.240341576001812	NA	37.462036788553	raw_counts / DESeq2 median-of-ratios (via riborex)	0.059	0.081	0.066	0.215	12.636	17.199	3.849	9.387	12.636	17.199	3.849	9.387
MM_RS12815	0.969460969927918	0.282442218778334	NA	48.6054142557318	raw_counts / DESeq2 median-of-ratios (via riborex)	0.027	0.035	0.27	0.739	5.717	7.49	15.063	34.283	5.717	7.49	15.063	34.283
MM_RS15415	-0.968040988631815	0.221371795504929	NA	43.8230026274243	raw_counts / DESeq2 median-of-ratios (via riborex)	0.033	0.035	0.302	0.235	6.968	7.729	17.284	10.646	6.968	7.729	17.284	10.646
MM_RS12500	0.967175982628978	0.280422674548193	NA	30.0214661394611	raw_counts / DESeq2 median-of-ratios (via riborex)	0.102	0.226	0.888	3.042	21.749	48.762	53.536	137.475	21.749	48.762	53.536	137.475
MM_RS19080	-0.96472700344436	0.692961735794553	NA	4.33857003624282	raw_counts / DESeq2 median-of-ratios (via riborex)	0.082	0.404	4.597	3.136	17.882	86.938	251.647	140.785	17.882	86.938	251.647	140.785
MM_RS01485	0.962074048661653	0.319164888245303	NA	33.0921393104502	raw_counts / DESeq2 median-of-ratios (via riborex)	0.189	0.101	0.509	1.72	39.658	21.713	30.502	76.492	39.658	21.713	30.502	76.492
MM_RS13865	0.95458156654836	0.30804826946772	NA	22.6954980789966	raw_counts / DESeq2 median-of-ratios (via riborex)	0.016	0.023	0.102	0.336	3.356	5.015	6.082	15.221	3.356	5.015	6.082	15.221
MM_RS08915	-0.952199707853095	0.262434351051924	NA	45.5637335183742	raw_counts / DESeq2 median-of-ratios (via riborex)	0.092	0.067	0.545	0.436	19.37	14.5	31.037	18.85	19.37	14.5	31.037	18.85
MM_RS04685	0.951664075551505	0.663654960655765	NA	4.46798549093274	raw_counts / DESeq2 median-of-ratios (via riborex)	0.008	0.006	0.007	0.031	1.761	1.186	0.474	1.353	1.761	1.186	0.474	1.353
MM_RS19410	0.951611557283535	0.694682112555993	NA	13.7703479282563	raw_counts / DESeq2 median-of-ratios (via riborex)	1.489	0.291	0.505	1.438	305.86	60.92	26.904	57.542	305.86	60.92	26.904	57.542
MM_RS19090	0.948182774837934	0.401681218910306	NA	17.2586966534938	raw_counts / DESeq2 median-of-ratios (via riborex)	0.807	0.783	1.006	3.135	170.557	165.246	57.337	134.052	170.557	165.246	57.337	134.052
MM_RS14900	0.946368740914828	0.219972674211511	NA	44.1653793001173	raw_counts / DESeq2 median-of-ratios (via riborex)	0.204	0.282	2.185	6.975	43.402	60.643	129.079	318.067	43.402	60.643	129.079	318.067
MM_RS04830	-0.945741243609024	0.300767996887995	NA	37.6979710536395	raw_counts / DESeq2 median-of-ratios (via riborex)	0.068	0.113	2.367	1.916	14.294	24.041	135.82	83.511	14.294	24.041	135.82	83.511
MM_RS09635	0.943434444568628	0.21962786675992	NA	47.4322917973683	raw_counts / DESeq2 median-of-ratios (via riborex)	0.089	0.055	0.097	0.323	18.852	11.914	5.852	14.675	18.852	11.914	5.852	14.675
MM_RS00905	-0.940038724721669	0.320061690182508	NA	31.5013791086911	raw_counts / DESeq2 median-of-ratios (via riborex)	0.036	0.037	0.269	0.219	7.637	7.948	15.43	9.66	7.637	7.948	15.43	9.66
MM_RS10085	0.938913637642825	0.372161850822559	NA	23.1948408124514	raw_counts / DESeq2 median-of-ratios (via riborex)	0.035	0.027	0.083	0.235	7.483	5.895	4.719	11.188	7.483	5.895	4.719	11.188
MM_RS10780	0.936237218292286	0.252636855678563	NA	47.9505194544628	raw_counts / DESeq2 median-of-ratios (via riborex)	0.122	0.137	1.083	3.8	25.987	29.055	66.309	170.507	25.987	29.055	66.309	170.507
MM_RS09825	0.934793449684996	0.34407265192368	NA	40.7385430051232	raw_counts / DESeq2 median-of-ratios (via riborex)	0.02	0.034	0.153	0.44	4.226	7.139	8.703	20.027	4.226	7.139	8.703	20.027
MM_RS04640	-0.931487977122415	0.353991668905442	NA	22.6637343079071	raw_counts / DESeq2 median-of-ratios (via riborex)	0.041	0.02	0.115	0.103	8.737	4.188	6.742	4.445	8.737	4.188	6.742	4.445
MM_RS18290	-0.930014597945516	0.612247185437796	NA	7.96093125273329	raw_counts / DESeq2 median-of-ratios (via riborex)	0.361	0.041	3.988	2.808	74.872	8.351	216.768	120.974	74.872	8.351	216.768	120.974
MM_RS13985	0.924324944967006	0.355101270290421	NA	40.2967630337349	raw_counts / DESeq2 median-of-ratios (via riborex)	0.13	0.073	0.049	0.136	27.747	16.334	2.666	5.978	27.747	16.334	2.666	5.978
MM_RS18550	0.920016650821492	0.58406462103415	NA	5.98749375343914	raw_counts / DESeq2 median-of-ratios (via riborex)	0.304	0.2	0.385	1.397	64.978	45.775	24.737	63.28	64.978	45.775	24.737	63.28
MM_RS15625	0.917078354395259	0.360451661560902	NA	43.6583249532631	raw_counts / DESeq2 median-of-ratios (via riborex)	0.255	0.277	7.427	24.353	54.837	58.68	447.473	1140.156	54.837	58.68	447.473	1140.156
MM_RS10985	0.913105735137113	0.345754374657613	NA	25.2555382815761	raw_counts / DESeq2 median-of-ratios (via riborex)	0.13	0.178	0.285	0.793	27.546	37.029	16.008	35.584	27.546	37.029	16.008	35.584
MM_RS14970	0.910082673032855	0.407264046693469	NA	17.8769643629807	raw_counts / DESeq2 median-of-ratios (via riborex)	0.039	0.06	0.114	0.344	8.218	12.922	6.588	14.962	8.218	12.922	6.588	14.962
MM_RS18120	-0.907839652403095	0.537297079623955	NA	14.1642689617876	raw_counts / DESeq2 median-of-ratios (via riborex)	0.331	0.038	8.73	6.164	71.536	8.906	479.449	283.448	71.536	8.906	479.449	283.448
MM_RS04615	0.906712762158038	0.464715688523785	NA	32.2597151568819	raw_counts / DESeq2 median-of-ratios (via riborex)	0.174	0.294	1.524	5.975	36.73	62.728	99.198	287.97	36.73	62.728	99.198	287.97
MM_RS01620	-0.905385957350849	0.668277534467639	NA	3.29851125333476	raw_counts / DESeq2 median-of-ratios (via riborex)	0.007	0.016	0.051	0.04	1.571	3.317	2.876	1.827	1.571	3.317	2.876	1.827
MM_RS10310	0.90278308518348	0.670669310338451	NA	6.73702370706953	raw_counts / DESeq2 median-of-ratios (via riborex)	0.026	0.011	0.312	0.787	5.613	2.344	17.156	36.548	5.613	2.344	17.156	36.548
MM_RS08465	0.900742702976008	0.296637075406285	NA	34.6652361684875	raw_counts / DESeq2 median-of-ratios (via riborex)	0.926	0.888	3.058	9.339	198.353	191.14	180.457	432.583	198.353	191.14	180.457	432.583
MM_RS11565	0.899969298214977	0.325436548236036	NA	24.1664454163571	raw_counts / DESeq2 median-of-ratios (via riborex)	0.05	0.025	0.335	1.004	10.591	5.253	19.603	46.146	10.591	5.253	19.603	46.146
MM_RS15985	0.898608184327274	0.436567142161791	NA	20.2028841885012	raw_counts / DESeq2 median-of-ratios (via riborex)	0.03	0.085	0.366	1.104	6.5	18.046	21.477	51.243	6.5	18.046	21.477	51.243
MM_RS16410	0.897034385548024	0.533653751073711	NA	12.6395205206614	raw_counts / DESeq2 median-of-ratios (via riborex)	0.046	0.04	0.104	0.337	10.023	8.441	6.285	15.486	10.023	8.441	6.285	15.486
MM_RS14655	0.892459107487112	0.425216294270155	NA	22.7120257583033	raw_counts / DESeq2 median-of-ratios (via riborex)	0.075	0.075	0.07	0.233	16.197	16.024	4.211	10.035	16.197	16.024	4.211	10.035
MM_RS00565	-0.888657488527653	0.557702148760493	NA	18.6921556902141	raw_counts / DESeq2 median-of-ratios (via riborex)	0.108	0.006	0.127	0.115	22.727	1.483	7.232	4.449	22.727	1.483	7.232	4.449
MM_RS16235	0.887477235870744	0.3386144432884	NA	42.7780607753926	raw_counts / DESeq2 median-of-ratios (via riborex)	0.169	0.213	0.988	2.591	35.977	44.459	55.532	123.151	35.977	44.459	55.532	123.151
MM_RS07810	0.885892577182169	0.347121826225808	NA	37.5491509199593	raw_counts / DESeq2 median-of-ratios (via riborex)	0.038	0.038	0.281	0.768	7.932	8.069	15.883	34.569	7.932	8.069	15.883	34.569
MM_RS00765	0.885819195752236	0.361701382670265	NA	36.8230340600672	raw_counts / DESeq2 median-of-ratios (via riborex)	0.074	0.103	1.604	5.374	15.548	21.791	97.831	242.781	15.548	21.791	97.831	242.781
MM_RS02665	0.885813854781155	0.451289819501106	NA	15.2434838218991	raw_counts / DESeq2 median-of-ratios (via riborex)	0.029	0.059	0.388	1.165	6.12	12.605	22.85	54.279	6.12	12.605	22.85	54.279
MM_RS16885	-0.88267064143317	0.460609272627688	NA	19.2082273563081	raw_counts / DESeq2 median-of-ratios (via riborex)	0.014	0.008	0.204	0.169	3.037	1.637	11.543	7.169	3.037	1.637	11.543	7.169
MM_RS08055	0.881731187480133	0.426457154619285	NA	19.4037580658718	raw_counts / DESeq2 median-of-ratios (via riborex)	0.055	0.058	0.055	0.165	11.579	12.813	3.162	7.125	11.579	12.813	3.162	7.125
MM_RS17235	-0.877006104132688	0.341267289488254	NA	22.846022026505	raw_counts / DESeq2 median-of-ratios (via riborex)	0.025	0.009	0.097	0.091	5.391	1.909	5.823	4.092	5.391	1.909	5.823	4.092
MM_RS02255	0.876341390003294	0.699060638115574	NA	4.64969361245477	raw_counts / DESeq2 median-of-ratios (via riborex)	0.01	0.008	0.059	0.159	2.138	1.892	3.346	7.395	2.138	1.892	3.346	7.395
MM_RS15900	-0.868679581840824	0.322050133442595	NA	32.3968990547945	raw_counts / DESeq2 median-of-ratios (via riborex)	0.3	0.445	3.37	3.334	64.185	94.169	203.957	147.655	64.185	94.169	203.957	147.655
MM_RS00665	0.8680877217013	0.286694792011624	NA	41.0080076435647	raw_counts / DESeq2 median-of-ratios (via riborex)	0.054	0.074	0.342	1.054	11.59	16.055	20.362	48.09	11.59	16.055	20.362	48.09
MM_RS11635	0.863914019886244	0.388173458647884	NA	21.0633619914822	raw_counts / DESeq2 median-of-ratios (via riborex)	0.044	0.068	0.56	1.605	9.388	14.914	32.399	72.559	9.388	14.914	32.399	72.559
MM_RS03340	-0.860438144259127	0.573694871388852	NA	9.54636127530403	raw_counts / DESeq2 median-of-ratios (via riborex)	0.016	0.007	0.067	0.082	3.4	1.518	4.294	3.407	3.4	1.518	4.294	3.407
MM_RS18395	0.860201849461403	0.422265907080237	NA	15.0042239246621	raw_counts / DESeq2 median-of-ratios (via riborex)	0.21	0.224	1.114	3.204	44.803	46.607	64.671	145.91	44.803	46.607	64.671	145.91
MM_RS14545	-0.857691583645096	0.295389893418013	NA	41.1590176878281	raw_counts / DESeq2 median-of-ratios (via riborex)	0.025	0.031	0.117	0.119	5.274	6.649	7.197	5.309	5.274	6.649	7.197	5.309
MM_RS03265	-0.856532928394565	0.377459655131334	NA	32.5333917591567	raw_counts / DESeq2 median-of-ratios (via riborex)	0.04	0.022	0.985	0.82	8.435	4.646	56.118	36.686	8.435	4.646	56.118	36.686
MM_RS11610	0.85624415977683	0.468443640306488	NA	22.7897537252737	raw_counts / DESeq2 median-of-ratios (via riborex)	0.034	0.027	0.294	0.787	7.197	5.918	16.493	33.426	7.197	5.918	16.493	33.426
MM_RS18510	0.855038753685812	0.370107780485873	NA	23.8112431648286	raw_counts / DESeq2 median-of-ratios (via riborex)	1.395	0.467	2.029	5.702	295.918	100.65	115.244	251.726	295.918	100.65	115.244	251.726
MM_RS00150	0.854413468533625	0.465614429309716	NA	17.1734243898354	raw_counts / DESeq2 median-of-ratios (via riborex)	0.053	0.042	0.542	1.695	11.418	9.025	32.323	75.206	11.418	9.025	32.323	75.206
MM_RS02770	0.853888478141755	0.488573150124919	NA	37.599489619941	raw_counts / DESeq2 median-of-ratios (via riborex)	0.013	0.035	0.238	0.747	2.923	7.514	14.25	33.137	2.923	7.514	14.25	33.137
MM_RS04790	0.853631649741956	0.420393487402935	NA	35.3037123715406	raw_counts / DESeq2 median-of-ratios (via riborex)	0.114	0.23	0.592	1.807	24.572	48.914	35.05	79.694	24.572	48.914	35.05	79.694
MM_RS09345	0.84976226026462	0.279458325152563	NA	42.1222651305745	raw_counts / DESeq2 median-of-ratios (via riborex)	0.059	0.09	0.516	1.539	12.671	19.247	30.346	68.663	12.671	19.247	30.346	68.663
MM_RS03220	0.848067274993182	0.32178634183068	NA	42.4782940625996	raw_counts / DESeq2 median-of-ratios (via riborex)	0.097	0.07	0.277	0.789	20.531	15.331	15.89	33.75	20.531	15.331	15.89	33.75
MM_RS15190	-0.845499836971043	0.289185034003476	NA	43.8290650133806	raw_counts / DESeq2 median-of-ratios (via riborex)	0.194	0.066	0.576	0.483	41.262	13.682	33.19	22.629	41.262	13.682	33.19	22.629
MM_RS17585	-0.845470947212846	0.663749117945816	NA	5.05225256033109	raw_counts / DESeq2 median-of-ratios (via riborex)	0.006	0	0.035	0.041	1.237	0	2.281	1.821	1.237	0	2.281	1.821
MM_RS19125	0.844514197257572	0.39475921610191	NA	35.7994617279642	raw_counts / DESeq2 median-of-ratios (via riborex)	2.161	0.744	1.343	3.532	463.24	163.441	74.734	160.216	463.24	163.441	74.734	160.216
MM_RS04115	0.842931396920745	0.751921475379485	NA	2.53752911961923	raw_counts / DESeq2 median-of-ratios (via riborex)	0.007	0.015	0.049	0.136	1.551	3.123	2.787	5.832	1.551	3.123	2.787	5.832
MM_RS14680	0.842758693080195	0.373099558513882	NA	42.9964047114487	raw_counts / DESeq2 median-of-ratios (via riborex)	0.035	0.044	0.103	0.286	7.49	9.511	5.923	12.918	7.49	9.511	5.923	12.918
MM_RS19450	0.837883578321922	0.409049131200073	NA	24.6096370352579	raw_counts / DESeq2 median-of-ratios (via riborex)	2.739	2.384	2.454	6.791	585.834	497.199	143.171	320.82	585.834	497.199	143.171	320.82
MM_RS13675	-0.835400769751231	0.287874670621562	NA	40.5487262759634	raw_counts / DESeq2 median-of-ratios (via riborex)	0.071	0.057	0.188	0.182	15.192	12.273	11.326	8.254	15.192	12.273	11.326	8.254
MM_RS19040	0.833801795205144	0.413121698206552	NA	18.3264737719091	raw_counts / DESeq2 median-of-ratios (via riborex)	0.31	0.085	0.46	1.339	65.557	18.186	26.957	60.285	65.557	18.186	26.957	60.285
MM_RS02520	0.832854965637961	0.356071701175923	NA	29.5513388399363	raw_counts / DESeq2 median-of-ratios (via riborex)	0.043	0.058	0.404	1.08	9.203	12.684	22.976	49.124	9.203	12.684	22.976	49.124
MM_RS19560	0.827527925888661	0.600470322607617	NA	6.09423540109092	raw_counts / DESeq2 median-of-ratios (via riborex)	0.737	0.332	1.971	5.598	158.06	67.207	113.569	246.969	158.06	67.207	113.569	246.969
MM_RS14870	-0.826999673597412	0.57968240752311	NA	32.4903242491518	raw_counts / DESeq2 median-of-ratios (via riborex)	0.025	0.01	0.169	0.182	5.4	2.229	10.429	7.968	5.4	2.229	10.429	7.968
MM_RS08270	0.825758788663808	0.473465173397493	NA	17.3200600567813	raw_counts / DESeq2 median-of-ratios (via riborex)	0.037	0.045	0.563	1.533	7.905	9.696	32.137	67.471	7.905	9.696	32.137	67.471
MM_RS13540	0.825314760084267	0.271819255807327	NA	47.4182239040669	raw_counts / DESeq2 median-of-ratios (via riborex)	0.024	0.027	0.11	0.308	5.112	5.815	6.4	14.143	5.112	5.815	6.4	14.143
MM_RS01245	-0.822792141916486	0.395616355983057	NA	27.4695865388587	raw_counts / DESeq2 median-of-ratios (via riborex)	0.106	0.091	0.18	0.162	22.63	19.436	10.431	7.298	22.63	19.436	10.431	7.298
MM_RS18215	0.821884578464256	0.622552781702748	NA	8.59833337880814	raw_counts / DESeq2 median-of-ratios (via riborex)	0.652	0.218	0.65	2.199	137.321	44.185	39.167	87.967	137.321	44.185	39.167	87.967
MM_RS18060	0.820978910783499	0.864967507716762	NA	12.115358044271	raw_counts / DESeq2 median-of-ratios (via riborex)	0.009	0	0.057	0.179	2.041	0	3.53	9.308	2.041	0	3.53	9.308
MM_RS02655	0.819284075925436	0.414746970746397	NA	42.0849780126258	raw_counts / DESeq2 median-of-ratios (via riborex)	0.194	0.203	0.163	0.505	41.83	45.226	9.974	23.575	41.83	45.226	9.974	23.575
MM_RS15510	0.816647678559372	0.626484550301475	NA	8.2398302869065	raw_counts / DESeq2 median-of-ratios (via riborex)	0.07	0.219	0.845	1.887	14.87	48.21	45.783	88.358	14.87	48.21	45.783	88.358
MM_RS13745	-0.816429135781978	0.577443539273985	NA	36.9345654450779	raw_counts / DESeq2 median-of-ratios (via riborex)	0.029	0.013	0.37	0.271	6.021	2.807	20.386	13.483	6.021	2.807	20.386	13.483
MM_RS08585	0.812818346929481	0.435700354957638	NA	24.3560742993495	raw_counts / DESeq2 median-of-ratios (via riborex)	0.03	0.03	0.076	0.203	6.498	6.316	4.312	8.939	6.498	6.316	4.312	8.939
MM_RS04445	0.809166195761574	0.436563556375455	NA	39.5170430055961	raw_counts / DESeq2 median-of-ratios (via riborex)	0.144	0.761	4.461	11.209	30.884	167.17	250.343	505.967	30.884	167.17	250.343	505.967
MM_RS11965	0.806497368382429	0.390704804368773	NA	45.0308646426405	raw_counts / DESeq2 median-of-ratios (via riborex)	0.117	0.169	0.335	1.042	25.254	35.516	20.421	48.476	25.254	35.516	20.421	48.476
MM_RS17075	0.802665575228673	0.373703930004646	NA	27.2169784174813	raw_counts / DESeq2 median-of-ratios (via riborex)	1.411	1.821	4.2	11.427	301.887	401.771	242.772	524.031	301.887	401.771	242.772	524.031
MM_RS03855	-0.802121548458222	0.351998498411648	NA	37.1274977565496	raw_counts / DESeq2 median-of-ratios (via riborex)	0.214	0.223	5.268	5.294	45.415	48.363	316.132	234.218	45.415	48.363	316.132	234.218
MM_RS16260	0.802053561834593	0.691872394494338	NA	4.53356761653684	raw_counts / DESeq2 median-of-ratios (via riborex)	0.011	0.004	0.051	0.13	2.278	0.787	2.797	5.293	2.278	0.787	2.797	5.293
MM_RS14290	-0.799325591815048	0.338308499038808	NA	48.5506484343983	raw_counts / DESeq2 median-of-ratios (via riborex)	0.259	0.074	3.593	3.036	54.747	16.389	203.497	137.853	54.747	16.389	203.497	137.853
MM_RS07545	0.799267148962385	0.685171429764947	NA	5.13225647396886	raw_counts / DESeq2 median-of-ratios (via riborex)	0.061	0.105	0.54	1.271	12.766	21.643	29.243	54.329	12.766	21.643	29.243	54.329
MM_RS16760	0.797100204316336	0.390995276267139	NA	37.9543086241631	raw_counts / DESeq2 median-of-ratios (via riborex)	0.041	0.086	0.296	0.742	8.732	18.322	16.687	34.411	8.732	18.322	16.687	34.411
MM_RS15575	-0.796242847824416	0.425453705770151	NA	29.7970356240215	raw_counts / DESeq2 median-of-ratios (via riborex)	0.021	0.025	0.713	0.657	4.507	5.225	41.642	30.177	4.507	5.225	41.642	30.177
MM_RS06195	0.793513245798928	0.34785037330902	NA	47.9795369262045	raw_counts / DESeq2 median-of-ratios (via riborex)	0.093	0.133	0.185	0.507	19.996	29.447	10.713	22.866	19.996	29.447	10.713	22.866
MM_RS02755	0.793329586731193	0.406922455952044	NA	48.2405804995941	raw_counts / DESeq2 median-of-ratios (via riborex)	0.045	0.025	0.085	0.234	9.355	5.406	4.94	10.738	9.355	5.406	4.94	10.738
MM_RS04825	-0.790347046328798	0.68165099897938	NA	7.37497274546935	raw_counts / DESeq2 median-of-ratios (via riborex)	0.052	0.14	1.653	1.78	11.443	28.421	100.951	77.15	11.443	28.421	100.951	77.15
MM_RS14370	0.789509235953523	0.432645309964869	NA	36.8279641092008	raw_counts / DESeq2 median-of-ratios (via riborex)	0.06	0.064	0.082	0.241	12.511	13.799	4.907	11.022	12.511	13.799	4.907	11.022
MM_RS12835	0.785717640290928	0.58132161484633	NA	22.327800855663	raw_counts / DESeq2 median-of-ratios (via riborex)	0.04	0.244	2.244	6.462	8.73	51.302	132.362	287.522	8.73	51.302	132.362	287.522
MM_RS01130	0.782442287034543	0.594412241166537	NA	9.81685360048651	raw_counts / DESeq2 median-of-ratios (via riborex)	0.024	0.034	0.265	0.687	5.011	7.373	14.911	28.917	5.011	7.373	14.911	28.917
MM_RS01750	-0.77967446955465	0.737632484670264	NA	2.68218404371675	raw_counts / DESeq2 median-of-ratios (via riborex)	0.009	0.019	0.063	0.058	2.003	3.893	3.555	2.432	2.003	3.893	3.555	2.432
MM_RS14115	-0.778588051534743	0.673029613233639	NA	10.9142188041563	raw_counts / DESeq2 median-of-ratios (via riborex)	0.039	0.016	0.355	0.247	8.232	3.72	18.92	11.473	8.232	3.72	18.92	11.473
MM_RS04430	0.775291335839246	0.367757081801944	NA	35.7379832543321	raw_counts / DESeq2 median-of-ratios (via riborex)	0.082	0.248	1.52	4.323	17.485	52.273	89.679	194.352	17.485	52.273	89.679	194.352
MM_RS19655	-0.770144889048571	0.782190606851744	NA	3.54170190068891	raw_counts / DESeq2 median-of-ratios (via riborex)	0.009	0.003	0.154	0.108	2.054	0.567	8.314	5.386	2.054	0.567	8.314	5.386
MM_RS01725	-0.769105737293546	0.587858659250156	NA	13.4435448622235	raw_counts / DESeq2 median-of-ratios (via riborex)	0.212	0.175	4.831	4.283	44.026	37.019	275.779	193.137	44.026	37.019	275.779	193.137
MM_RS09920	0.768479579270592	0.435297983760108	NA	45.8431381127167	raw_counts / DESeq2 median-of-ratios (via riborex)	0.205	0.13	0.642	1.787	42.844	29.26	37.676	80.867	42.844	29.26	37.676	80.867
MM_RS13245	0.767103413936131	0.433065476895538	NA	40.3381412757878	raw_counts / DESeq2 median-of-ratios (via riborex)	0.042	0.03	0.294	0.695	8.971	6.491	16.282	30.809	8.971	6.491	16.282	30.809
MM_RS18505	0.764239927661997	0.568458872537419	NA	12.48601469074	raw_counts / DESeq2 median-of-ratios (via riborex)	0.164	0.125	1.023	2.487	34.412	25.743	57.055	114.136	34.412	25.743	57.055	114.136
MM_RS13820	-0.763004864764226	0.505367473761182	NA	21.0322078142286	raw_counts / DESeq2 median-of-ratios (via riborex)	0.026	0.008	0.172	0.179	5.69	1.794	10.321	7.875	5.69	1.794	10.321	7.875
MM_RS14330	0.760554920021663	0.470659589643029	NA	29.416266861959	raw_counts / DESeq2 median-of-ratios (via riborex)	0.052	0.05	0.649	1.582	10.876	10.776	36.646	74.206	10.876	10.776	36.646	74.206
MM_RS13200	0.757037207210941	0.494624768103342	NA	19.845554027676	raw_counts / DESeq2 median-of-ratios (via riborex)	0.117	0.244	1.066	2.67	24.979	53.865	59.824	114.627	24.979	53.865	59.824	114.627
MM_RS00595	0.756895403925923	0.696621529589888	NA	5.40406760845158	raw_counts / DESeq2 median-of-ratios (via riborex)	0.123	0.146	0.136	0.464	26.688	30.904	8.555	19.248	26.688	30.904	8.555	19.248
MM_RS09340	0.755987268257364	0.478326623871721	NA	29.7670167396871	raw_counts / DESeq2 median-of-ratios (via riborex)	0.042	0.044	0.291	0.798	8.703	9.589	17.032	36.198	8.703	9.589	17.032	36.198
MM_RS17970	0.755390748984188	0.472637671939979	NA	22.5050926832419	raw_counts / DESeq2 median-of-ratios (via riborex)	0.026	0.042	0.313	0.811	5.496	9.013	17.863	35.781	5.496	9.013	17.863	35.781
MM_RS02180	0.753282325490147	0.364423499015656	NA	45.351816189437	raw_counts / DESeq2 median-of-ratios (via riborex)	0.459	0.379	0.439	1.302	98.085	81.704	26.524	56.935	98.085	81.704	26.524	56.935
MM_RS15470	0.752276539668494	0.436959901659987	NA	28.2549181704549	raw_counts / DESeq2 median-of-ratios (via riborex)	0.024	0.032	0.258	0.701	5.232	6.799	15.032	31.449	5.232	6.799	15.032	31.449
MM_RS18860	-0.752128046327774	0.442134884934678	NA	31.0091847912728	raw_counts / DESeq2 median-of-ratios (via riborex)	0.318	0.165	10.806	9.41	67.396	34.13	610.139	421.037	67.396	34.13	610.139	421.037
MM_RS19215	0.750992219378793	0.407452961148407	NA	31.3423609073021	raw_counts / DESeq2 median-of-ratios (via riborex)	0.061	0.128	0.299	0.843	13.094	26.893	17.678	36.688	13.094	26.893	17.678	36.688
MM_RS14835	0.74835797735052	0.382805525015547	NA	47.9321691681267	raw_counts / DESeq2 median-of-ratios (via riborex)	0.051	0.049	0.441	1.11	10.735	10.305	25.227	52.171	10.735	10.305	25.227	52.171
MM_RS04360	0.746713190920799	0.502015678843125	NA	13.9971465715676	raw_counts / DESeq2 median-of-ratios (via riborex)	0.034	0.008	0.132	0.351	7.348	1.762	7.691	16.185	7.348	1.762	7.691	16.185
MM_RS17810	0.742780377780585	0.414646458739286	NA	28.3047087676805	raw_counts / DESeq2 median-of-ratios (via riborex)	0.037	0.024	0.127	0.309	7.786	5.268	7.137	14.139	7.786	5.268	7.137	14.139
MM_RS16515	0.741723781147451	0.397424471252611	NA	39.2213471525794	raw_counts / DESeq2 median-of-ratios (via riborex)	0.11	0.104	0.166	0.439	23.596	22.003	9.551	19.503	23.596	22.003	9.551	19.503
MM_RS10610	0.736280423105667	0.547289067485939	NA	25.2904143784852	raw_counts / DESeq2 median-of-ratios (via riborex)	0.031	0.031	0.124	0.296	6.52	6.591	6.93	13.277	6.52	6.591	6.93	13.277
MM_RS02225	0.736003013826967	0.423568160305569	NA	31.7834884179003	raw_counts / DESeq2 median-of-ratios (via riborex)	0.028	0.019	0.087	0.215	5.901	3.981	4.909	9.611	5.901	3.981	4.909	9.611
MM_RS14755	-0.734726238118609	0.513833295958337	NA	44.1644365110706	raw_counts / DESeq2 median-of-ratios (via riborex)	0.09	0.02	0.253	0.25	18.746	4.309	14.782	10.877	18.746	4.309	14.782	10.877
MM_RS01110	0.732011350778508	0.491950284035672	NA	19.4326919108583	raw_counts / DESeq2 median-of-ratios (via riborex)	0.162	0.141	2.624	6.974	34.423	31.104	152.056	307.351	34.423	31.104	152.056	307.351
MM_RS09645	-0.72741513563578	0.410791017062929	NA	30.1792994188787	raw_counts / DESeq2 median-of-ratios (via riborex)	0.017	0.026	0.317	0.32	3.714	5.697	18.759	14.445	3.714	5.697	18.759	14.445
MM_RS19595	-0.725496587426918	0.422524153854095	NA	42.37112755494	raw_counts / DESeq2 median-of-ratios (via riborex)	0.056	0.018	0.279	0.256	12.021	4.008	15.799	11.026	12.021	4.008	15.799	11.026
MM_RS19235	0.724188077505898	0.418500715931331	NA	41.3638667329913	raw_counts / DESeq2 median-of-ratios (via riborex)	0.048	0.086	0.916	2.241	10.188	18.223	51.772	98.854	10.188	18.223	51.772	98.854
MM_RS15175	0.721900597500951	0.349735518322839	NA	47.1456589752275	raw_counts / DESeq2 median-of-ratios (via riborex)	0.08	0.067	0.24	0.642	16.806	14.445	14.033	29.019	16.806	14.445	14.033	29.019
MM_RS07320	0.71783956208034	0.35768112844258	NA	46.2187486261591	raw_counts / DESeq2 median-of-ratios (via riborex)	0.124	0.093	0.824	2.296	26.475	20.388	48.974	103.143	26.475	20.388	48.974	103.143
MM_RS00985	0.717381224033192	0.469304466063035	NA	34.3359971819564	raw_counts / DESeq2 median-of-ratios (via riborex)	0.037	0.032	0.721	1.954	7.716	6.602	42.509	88.597	7.716	6.602	42.509	88.597
MM_RS09875	0.714038278806181	0.37691554643592	NA	44.7061956435218	raw_counts / DESeq2 median-of-ratios (via riborex)	0.17	0.171	0.499	1.227	36.208	35.958	28.499	56.969	36.208	35.958	28.499	56.969
MM_RS09255	0.713886071828666	0.468720019467475	NA	35.5174791688938	raw_counts / DESeq2 median-of-ratios (via riborex)	0.677	0.369	6.264	14.617	143.219	82.869	348.602	637.229	143.219	82.869	348.602	637.229
MM_RS15450	0.713059698070609	0.548183608885078	NA	44.202375398991	raw_counts / DESeq2 median-of-ratios (via riborex)	0.755	3.546	10.491	23.927	163.577	762.493	581.541	1043.53	163.577	762.493	581.541	1043.53
MM_RS15965	0.711137191025471	0.649892442220699	NA	13.499997797776	raw_counts / DESeq2 median-of-ratios (via riborex)	0.003	0.013	0.142	0.381	0.55	2.627	8.326	17.029	0.55	2.627	8.326	17.029
MM_RS11680	0.709012458799633	0.487510634077487	NA	19.9629132286347	raw_counts / DESeq2 median-of-ratios (via riborex)	0.095	0.094	0.667	1.829	20.244	20.176	39.152	78.755	20.244	20.176	39.152	78.755
MM_RS02185	-0.707105085502218	0.449086877404038	NA	27.668969234139	raw_counts / DESeq2 median-of-ratios (via riborex)	0.36	0.277	4.157	4.175	77.232	58.419	242.438	182.218	77.232	58.419	242.438	182.218
MM_RS02230	0.706390278968163	0.3953038069068	NA	35.1556847608284	raw_counts / DESeq2 median-of-ratios (via riborex)	0.023	0.015	0.091	0.226	4.934	3.194	5.191	10.347	4.934	3.194	5.191	10.347
MM_RS16645	0.703303125471412	0.483140844111401	NA	28.1009737869502	raw_counts / DESeq2 median-of-ratios (via riborex)	0.025	0.037	0.35	0.985	5.317	7.715	20.835	42.579	5.317	7.715	20.835	42.579
MM_RS13875	0.702425618008354	0.487744493705351	NA	48.4264579047809	raw_counts / DESeq2 median-of-ratios (via riborex)	0.297	0.475	12.327	33.113	63.987	101.236	729.433	1548.952	63.987	101.236	729.433	1548.952
MM_RS18620	0.700187899041206	0.543575563709553	NA	12.6918675402052	raw_counts / DESeq2 median-of-ratios (via riborex)	0.046	0.042	0.241	0.604	9.882	8.765	13.959	27.837	9.882	8.765	13.959	27.837
MM_RS17185	0.699859045621494	0.421965937079426	NA	48.9511924545378	raw_counts / DESeq2 median-of-ratios (via riborex)	0.031	0.098	0.856	2.313	6.641	20.589	50.701	106.914	6.641	20.589	50.701	106.914
MM_RS18095	0.696665788855984	0.554614414793898	NA	25.1418550786074	raw_counts / DESeq2 median-of-ratios (via riborex)	0.028	0.029	0.159	0.389	5.82	6.139	8.991	16.44	5.82	6.139	8.991	16.44
MM_RS02420	0.692839095550851	0.415514353856471	NA	33.8030512957803	raw_counts / DESeq2 median-of-ratios (via riborex)	0.119	0.253	1.132	2.887	25.342	53.319	65.286	127.435	25.342	53.319	65.286	127.435
MM_RS19615	-0.692004950463158	0.439846728732463	NA	40.6397486290098	raw_counts / DESeq2 median-of-ratios (via riborex)	5.059	2.391	14.539	16.041	1064.402	514.479	878.666	713.188	1064.402	514.479	878.666	713.188
MM_RS17725	-0.685395638959989	0.419984611753294	NA	32.008800586964	raw_counts / DESeq2 median-of-ratios (via riborex)	0.04	0.016	0.504	0.506	8.365	3.374	29.441	22.763	8.365	3.374	29.441	22.763
MM_RS01745	0.682940143436169	0.731276287185425	NA	6.6628384547978	raw_counts / DESeq2 median-of-ratios (via riborex)	0.004	0.009	0.115	0.271	0.832	1.918	6.487	12.267	0.832	1.918	6.487	12.267
MM_RS03915	0.681318242769418	0.430717164689913	NA	39.0077625002336	raw_counts / DESeq2 median-of-ratios (via riborex)	0.045	0.045	0.095	0.236	9.627	9.761	5.414	10.312	9.627	9.761	5.414	10.312
MM_RS10095	0.678198527806993	0.727745088972383	NA	8.89074152485763	raw_counts / DESeq2 median-of-ratios (via riborex)	0.002	0.005	0.093	0.203	0.45	1.084	5.152	9.451	0.45	1.084	5.152	9.451
MM_RS05285	0.678094875531093	0.744731876377884	NA	10.0066005397763	raw_counts / DESeq2 median-of-ratios (via riborex)	0.026	0.013	0.25	0.617	5.313	2.774	14.311	26.971	5.313	2.774	14.311	26.971
MM_RS18565	0.677765235419076	0.721238044131892	NA	7.30100762066013	raw_counts / DESeq2 median-of-ratios (via riborex)	0.014	0.02	0.342	0.706	2.963	3.961	18.631	33.708	2.963	3.961	18.631	33.708
MM_RS15655	0.677584656662126	0.466962623459294	NA	25.74727516838	raw_counts / DESeq2 median-of-ratios (via riborex)	0.033	0.034	0.182	0.489	6.988	7.433	10.682	21.149	6.988	7.433	10.682	21.149
MM_RS11620	-0.677562334319997	0.550343359437156	NA	48.1858344335013	raw_counts / DESeq2 median-of-ratios (via riborex)	0.013	0.028	1.225	1.275	2.93	6	72.1	56.364	2.93	6	72.1	56.364
MM_RS08260	-0.673146705401344	0.528990513215298	NA	23.6268492091747	raw_counts / DESeq2 median-of-ratios (via riborex)	0.055	0.039	0.11	0.139	11.588	8.412	6.981	6.069	11.588	8.412	6.981	6.069
MM_RS04835	0.672049715172439	0.438632321963686	NA	36.8813181145058	raw_counts / DESeq2 median-of-ratios (via riborex)	0.022	0.017	0.079	0.188	4.781	3.722	4.443	8.213	4.781	3.722	4.443	8.213
MM_RS12570	0.669965722023265	0.548536794287353	NA	18.579881437186	raw_counts / DESeq2 median-of-ratios (via riborex)	0.022	0.034	0.1	0.25	4.659	7.361	5.777	11.062	4.659	7.361	5.777	11.062
MM_RS05240	0.662318478540595	0.535322336608076	NA	17.9681238535416	raw_counts / DESeq2 median-of-ratios (via riborex)	0.622	0.296	1.938	4.832	133.564	61.571	111.59	216.211	133.564	61.571	111.59	216.211
MM_RS12565	0.659983198156822	0.485995642151633	NA	38.1282458717005	raw_counts / DESeq2 median-of-ratios (via riborex)	0.028	0.048	0.255	0.626	6.105	10.222	14.662	27.68	6.105	10.222	14.662	27.68
MM_RS11190	0.65915679873596	0.540960166943145	NA	35.0408072845246	raw_counts / DESeq2 median-of-ratios (via riborex)	0.019	0.023	0.184	0.441	3.919	4.963	10.501	19.642	3.919	4.963	10.501	19.642
MM_RS18545	0.658302023804153	0.74011357719564	NA	4.98827431795137	raw_counts / DESeq2 median-of-ratios (via riborex)	0.279	0.199	0.493	1.215	60.669	41.456	28.514	55.721	60.669	41.456	28.514	55.721
MM_RS04700	-0.657108313776528	0.414725196477112	NA	37.1097167793659	raw_counts / DESeq2 median-of-ratios (via riborex)	0.093	0.052	0.553	0.529	19.803	10.754	31.596	24.165	19.803	10.754	31.596	24.165
MM_RS13630	0.656573678968123	0.414339067470956	NA	42.9609420200513	raw_counts / DESeq2 median-of-ratios (via riborex)	0.072	0.076	0.474	1.132	15.204	16.469	27.108	51.692	15.204	16.469	27.108	51.692
MM_RS15935	-0.655767995822611	0.396901770404436	NA	43.3090858529341	raw_counts / DESeq2 median-of-ratios (via riborex)	0.017	0.019	0.072	0.075	3.658	4.036	4.22	3.404	3.658	4.036	4.22	3.404
MM_RS02750	-0.653561965883732	0.437912982123757	NA	40.7208417419924	raw_counts / DESeq2 median-of-ratios (via riborex)	0.062	0.027	0.274	0.265	13.227	5.815	15.643	11.918	13.227	5.815	15.643	11.918
MM_RS12145	0.646712457158282	0.500147859074874	NA	28.8436299670896	raw_counts / DESeq2 median-of-ratios (via riborex)	0.091	0.084	0.566	1.387	19.527	17.497	32.587	61.831	19.527	17.497	32.587	61.831
MM_RS10705	0.645546465108252	0.605112446240975	NA	13.502122792488	raw_counts / DESeq2 median-of-ratios (via riborex)	0.016	0.005	0.039	0.1	3.262	0.996	2.259	4.328	3.262	0.996	2.259	4.328
MM_RS18790	0.644943083761575	0.440797294181869	NA	40.7074001524846	raw_counts / DESeq2 median-of-ratios (via riborex)	2.424	0.801	4.444	10.778	511.322	172.264	255.756	490.382	511.322	172.264	255.756	490.382
MM_RS08190	0.642416289278633	0.433915486061461	NA	40.3209059523317	raw_counts / DESeq2 median-of-ratios (via riborex)	0.164	0.116	0.812	2.171	34.62	24.863	48.23	94.771	34.62	24.863	48.23	94.771
MM_RS11500	-0.636297617512565	0.527242201555472	NA	24.1936702099707	raw_counts / DESeq2 median-of-ratios (via riborex)	0.03	0.009	0.298	0.28	6.294	1.947	16.843	13.112	6.294	1.947	16.843	13.112
MM_RS15770	0.631493220413361	0.4654699891349	NA	35.5843270114543	raw_counts / DESeq2 median-of-ratios (via riborex)	0.097	0.191	1.015	2.563	20.797	40.341	59.427	115.035	20.797	40.341	59.427	115.035
MM_RS06380	-0.630170676677029	0.589723829095305	NA	28.188733111025	raw_counts / DESeq2 median-of-ratios (via riborex)	0.048	0.041	0.933	0.962	10.075	8.527	54.222	42.98	10.075	8.527	54.222	42.98
MM_RS03000	0.628185997744357	0.494579061288451	NA	30.45616078975	raw_counts / DESeq2 median-of-ratios (via riborex)	0.011	0.019	0.145	0.357	2.297	3.974	8.393	15.593	2.297	3.974	8.393	15.593
MM_RS04300	-0.627988810347478	0.49680388803953	NA	27.5677519335896	raw_counts / DESeq2 median-of-ratios (via riborex)	0.061	0.062	1.041	1.009	13.047	13.721	59.377	46.014	13.047	13.721	59.377	46.014
MM_RS13670	-0.619458453905995	0.462017165259442	NA	32.9795366283876	raw_counts / DESeq2 median-of-ratios (via riborex)	0.066	0.034	0.304	0.342	14.105	7.19	18.294	15.589	14.105	7.19	18.294	15.589
MM_RS17465	-0.618839312970934	0.505347295123497	NA	40.2953153620301	raw_counts / DESeq2 median-of-ratios (via riborex)	0.236	0.132	1.446	1.331	50.171	27.468	80.307	58.424	50.171	27.468	80.307	58.424
MM_RS10105	-0.617499651810312	0.516759734229548	NA	27.446674238342	raw_counts / DESeq2 median-of-ratios (via riborex)	0.029	0.018	0.23	0.22	6.193	3.883	12.99	9.838	6.193	3.883	12.99	9.838
MM_RS13900	-0.608820872916383	0.728443541852654	NA	7.32446873076025	raw_counts / DESeq2 median-of-ratios (via riborex)	0.02	0	0.113	0.118	4.167	0	6.443	4.77	4.167	0	6.443	4.77
MM_RS01800	-0.603999623075323	0.666643280107453	NA	8.12230206894387	raw_counts / DESeq2 median-of-ratios (via riborex)	0.047	0.025	0.207	0.211	10.065	5.546	12.155	10.028	10.065	5.546	12.155	10.028
MM_RS18145	-0.603684419343942	0.79139484592604	NA	4.06699647896755	raw_counts / DESeq2 median-of-ratios (via riborex)	0.086	0.054	1.146	1.398	18.878	11.823	69.897	60.933	18.878	11.823	69.897	60.933
MM_RS04390	0.60359926335808	0.51152269329384	NA	26.6890028980024	raw_counts / DESeq2 median-of-ratios (via riborex)	0.014	0.012	0.064	0.148	3.087	2.559	3.639	6.65	3.087	2.559	3.639	6.65
MM_RS15650	0.603541632611843	0.578596008058624	NA	16.3551450120451	raw_counts / DESeq2 median-of-ratios (via riborex)	0.035	0.031	0.099	0.269	7.413	6.464	5.969	11.981	7.413	6.464	5.969	11.981
MM_RS08495	0.60161363599981	0.726868963043526	NA	15.7201302818294	raw_counts / DESeq2 median-of-ratios (via riborex)	0.039	0.042	0.039	0.075	8.464	8.947	2.115	3.702	8.464	8.947	2.115	3.702
MM_RS01775	-0.601212015244298	0.501223472512369	NA	23.6329542485662	raw_counts / DESeq2 median-of-ratios (via riborex)	0.034	0.028	0.275	0.298	7.27	6.13	16.139	13.43	7.27	6.13	16.139	13.43
MM_RS10790	0.601000912013093	0.454881014963631	NA	41.212049096996	raw_counts / DESeq2 median-of-ratios (via riborex)	0.055	0.09	0.571	1.374	11.634	19.013	33.182	62.518	11.634	19.013	33.182	62.518
MM_RS00070	0.598885099192995	0.586846674874186	NA	34.5256662271577	raw_counts / DESeq2 median-of-ratios (via riborex)	0.056	0.071	0.527	1.281	11.731	15.358	30.516	55.159	11.731	15.358	30.516	55.159
MM_RS06370	-0.595970369586513	0.436315224941518	NA	45.9772832362639	raw_counts / DESeq2 median-of-ratios (via riborex)	0.048	0.029	0.397	0.396	10.266	6.176	22.692	18.095	10.266	6.176	22.692	18.095
MM_RS08210	-0.595614561293974	0.691935266952854	NA	33.4982704000264	raw_counts / DESeq2 median-of-ratios (via riborex)	1.134	0.51	1.704	1.516	247.034	112.168	93.748	69.589	247.034	112.168	93.748	69.589
MM_RS02660	0.594258414895834	0.601539024450331	NA	26.2005276415947	raw_counts / DESeq2 median-of-ratios (via riborex)	0.019	0.048	0.747	1.889	4.005	10.071	44.333	86.889	4.005	10.071	44.333	86.889
MM_RS09865	0.590167222964165	0.761953403492428	NA	3.88943265369428	raw_counts / DESeq2 median-of-ratios (via riborex)	0.016	0.031	0.073	0.17	3.358	6.382	4.253	8.03	3.358	6.382	4.253	8.03
MM_RS07830	0.589025564940687	0.424438579863534	NA	44.3112184744347	raw_counts / DESeq2 median-of-ratios (via riborex)	0.031	0.02	0.127	0.324	6.532	4.139	7.552	14.438	6.532	4.139	7.552	14.438
MM_RS05070	0.588509975322228	0.546108120647198	NA	22.4391561545836	raw_counts / DESeq2 median-of-ratios (via riborex)	0.019	0.026	0.155	0.374	4.065	5.525	9.083	17.121	4.065	5.525	9.083	17.121
MM_RS15505	0.587235287815584	0.662205346311443	NA	17.3340242285435	raw_counts / DESeq2 median-of-ratios (via riborex)	0.035	0.047	0.401	0.884	7.537	9.902	22.656	39.807	7.537	9.902	22.656	39.807
MM_RS15020	0.581100962894359	0.622306938067606	NA	21.5995855235344	raw_counts / DESeq2 median-of-ratios (via riborex)	0.212	0.579	3.13	6.781	44.338	122.328	176.486	311.767	44.338	122.328	176.486	311.767
MM_RS12085	0.580226379014787	0.441212216356182	NA	44.6169754470901	raw_counts / DESeq2 median-of-ratios (via riborex)	0.034	0.058	0.206	0.505	7.198	12.282	12.047	22.152	7.198	12.282	12.047	22.152
MM_RS07175	0.580101764947274	0.510934894709006	NA	35.7908712420569	raw_counts / DESeq2 median-of-ratios (via riborex)	0.086	0.054	0.331	0.752	18.322	11.772	18.79	32.831	18.322	11.772	18.79	32.831
MM_RS05870	-0.574773047576505	0.515422008584052	NA	47.1709259616839	raw_counts / DESeq2 median-of-ratios (via riborex)	0.068	0.036	0.262	0.26	14.235	7.756	14.914	12.044	14.235	7.756	14.914	12.044
MM_RS13485	0.564149466173607	0.664143132949727	NA	15.1573877515181	raw_counts / DESeq2 median-of-ratios (via riborex)	0.056	0.054	1.101	2.336	11.746	11.406	61.401	102.306	11.746	11.406	61.401	102.306
MM_RS16805	0.560101495622514	0.884609975693659	NA	1.72205480963815	raw_counts / DESeq2 median-of-ratios (via riborex)	NA	NA	NA	NA	NA	NA	NA	NA	NA	NA	NA	NA
MM_RS01240	-0.555925325389553	0.759224481649194	NA	7.52213207890653	raw_counts / DESeq2 median-of-ratios (via riborex)	0.04	0.044	1.537	1.778	8.454	9.37	92.594	84.802	8.454	9.37	92.594	84.802
MM_RS02830	-0.55348432165059	0.570922204387874	NA	23.3906718493813	raw_counts / DESeq2 median-of-ratios (via riborex)	0.165	0.07	1.397	1.472	35.481	14.846	79.988	65.22	35.481	14.846	79.988	65.22
MM_RS15795	-0.552805424062702	0.638763756748272	NA	18.7294258956222	raw_counts / DESeq2 median-of-ratios (via riborex)	0.089	0.073	0.236	0.217	19.093	15.852	13.143	10.428	19.093	15.852	13.143	10.428
MM_RS16660	-0.55265196659765	0.681315417773134	NA	12.425600563547	raw_counts / DESeq2 median-of-ratios (via riborex)	0.006	0.005	0.096	0.11	1.316	1.067	5.644	4.776	1.316	1.067	5.644	4.776
MM_RS07200	0.552378241932067	0.555867116795039	NA	25.5851381576525	raw_counts / DESeq2 median-of-ratios (via riborex)	0.044	0.04	0.165	0.38	9.439	8.888	9.465	16.779	9.439	8.888	9.465	16.779
MM_RS14110	-0.548548557940346	0.611728312959728	NA	31.9991018367352	raw_counts / DESeq2 median-of-ratios (via riborex)	0.57	0.261	5.219	6.366	119.425	54.696	318.887	301.575	119.425	54.696	318.887	301.575
MM_RS10315	0.545933558130066	0.710860733384178	NA	7.13618851931769	raw_counts / DESeq2 median-of-ratios (via riborex)	0.013	0.005	0.038	0.087	2.692	1.146	2.178	3.929	2.692	1.146	2.178	3.929
MM_RS02780	0.536802094001119	0.632401435527231	NA	26.2358597160572	raw_counts / DESeq2 median-of-ratios (via riborex)	0.055	0.106	0.586	1.381	11.891	23.234	34.207	61.343	11.891	23.234	34.207	61.343
MM_RS02995	-0.536182063889549	0.732618023612663	NA	22.9998531402153	raw_counts / DESeq2 median-of-ratios (via riborex)	0.009	0.034	0.709	0.603	1.998	7.147	38.302	28.786	1.998	7.147	38.302	28.786
MM_RS05300	0.532941158301112	0.480978844714128	NA	41.7100129158937	raw_counts / DESeq2 median-of-ratios (via riborex)	0.069	0.079	0.372	0.868	14.668	16.661	21.722	39.04	14.668	16.661	21.722	39.04
MM_RS14845	0.530880177714063	0.666723802229765	NA	40.2560399354074	raw_counts / DESeq2 median-of-ratios (via riborex)	0.036	0.071	0.374	0.913	7.408	15.146	22.36	43.435	7.408	15.146	22.36	43.435
MM_RS08895	-0.526459923926202	0.726788902315121	NA	12.1001341649517	raw_counts / DESeq2 median-of-ratios (via riborex)	0.054	0.026	0.329	0.343	11.673	5.318	18.427	14.377	11.673	5.318	18.427	14.377
MM_RS14390	0.525551545292865	0.533575610338924	NA	42.9527255222435	raw_counts / DESeq2 median-of-ratios (via riborex)	0.066	0.089	0.21	0.535	13.824	19.001	12.767	24.544	13.824	19.001	12.767	24.544
MM_RS06620	0.524324684302046	0.627866410358894	NA	26.0133938013998	raw_counts / DESeq2 median-of-ratios (via riborex)	0.042	0.057	0.4	0.866	8.99	12.22	22.939	40.807	8.99	12.22	22.939	40.807
MM_RS00505	0.517503258434074	0.741124946712234	NA	30.0462689733168	raw_counts / DESeq2 median-of-ratios (via riborex)	0.046	0.108	1.388	3.241	10.016	22.866	81.5	148.646	10.016	22.866	81.5	148.646
MM_RS01830	0.516076010108854	0.606845927935502	NA	31.0756920933108	raw_counts / DESeq2 median-of-ratios (via riborex)	0.181	0.112	0.279	0.566	38.82	23.727	15.571	26.142	38.82	23.727	15.571	26.142
MM_RS19225	0.513893705774993	0.826628044984645	NA	3.65283963812698	raw_counts / DESeq2 median-of-ratios (via riborex)	0.013	0.027	0.157	0.403	2.858	5.824	9.614	18.179	2.858	5.824	9.614	18.179
MM_RS02165	0.512751477478608	0.584901099143056	NA	30.3517576119413	raw_counts / DESeq2 median-of-ratios (via riborex)	0.107	0.048	0.661	1.569	22.644	10.01	39.339	74.002	22.644	10.01	39.339	74.002
MM_RS11630	-0.512046528475615	0.632494876465231	NA	15.1882791894695	raw_counts / DESeq2 median-of-ratios (via riborex)	0.026	0.026	0.095	0.115	5.508	5.775	5.637	5.001	5.508	5.775	5.637	5.001
MM_RS08500	0.511770543016084	0.597891017709457	NA	28.3604057377275	raw_counts / DESeq2 median-of-ratios (via riborex)	0.041	0.014	0.112	0.24	8.718	2.988	6.297	10.507	8.718	2.988	6.297	10.507
MM_RS19085	0.508016681382743	0.804395696842214	NA	5.091136332831	raw_counts / DESeq2 median-of-ratios (via riborex)	0.571	0.234	4.851	9.388	118.381	47.409	270.555	460.661	118.381	47.409	270.555	460.661
MM_RS11615	-0.50374119445397	0.712944896891487	NA	13.8059758705367	raw_counts / DESeq2 median-of-ratios (via riborex)	0.032	0.038	0.513	0.687	6.857	8.303	31.543	29.66	6.857	8.303	31.543	29.66
MM_RS01885	-0.503691607682124	0.771063663477889	NA	10.8007103812764	raw_counts / DESeq2 median-of-ratios (via riborex)	0.016	0.036	0.481	0.607	3.613	7.491	29.155	27.292	3.613	7.491	29.155	27.292
MM_RS08320	-0.500303623334967	0.63594209241428	NA	30.8645358119482	raw_counts / DESeq2 median-of-ratios (via riborex)	0.022	0.024	0.332	0.385	4.681	5.105	19.344	16.505	4.681	5.105	19.344	16.505
MM_RS14860	-0.491243865640625	0.769335246060514	NA	16.2081874442475	raw_counts / DESeq2 median-of-ratios (via riborex)	0.008	0.011	0.356	0.33	1.791	2.569	19.146	13.745	1.791	2.569	19.146	13.745
MM_RS05690	0.490946913459832	0.552345211731421	NA	46.5653552599453	raw_counts / DESeq2 median-of-ratios (via riborex)	0.041	0.045	0.175	0.359	8.809	9.458	9.924	16.814	8.809	9.458	9.924	16.814
MM_RS16910	0.488487289579212	0.585005083768853	NA	32.6896430545096	raw_counts / DESeq2 median-of-ratios (via riborex)	0.03	0.031	0.126	0.297	6.406	6.534	7.455	13.252	6.406	6.534	7.455	13.252
MM_RS19320	0.488009436846824	0.673969407914673	NA	13.8919903173185	raw_counts / DESeq2 median-of-ratios (via riborex)	0.023	0.036	0.244	0.519	4.96	7.418	13.928	23.715	4.96	7.418	13.928	23.715
MM_RS11295	-0.487450905878169	0.652295025599167	NA	34.7184581002727	raw_counts / DESeq2 median-of-ratios (via riborex)	0.054	0.096	0.593	0.562	11.436	20.323	32.61	26.042	11.436	20.323	32.61	26.042
MM_RS18035	-0.485573016407803	0.784912542146375	NA	17.8245896355898	raw_counts / DESeq2 median-of-ratios (via riborex)	0.104	0.074	0.023	0.027	22.321	15.02	1.634	1.408	22.321	15.02	1.634	1.408
MM_RS11660	-0.483686510672837	0.652548258813408	NA	20.8169595947871	raw_counts / DESeq2 median-of-ratios (via riborex)	0.07	0.036	1.264	1.569	14.729	7.376	75.127	67.523	14.729	7.376	75.127	67.523
MM_RS14175	0.48103704156407	0.607107257091101	NA	26.6996612636355	raw_counts / DESeq2 median-of-ratios (via riborex)	0.031	0.021	0.493	1.129	6.644	4.404	28.927	50.599	6.644	4.404	28.927	50.599
MM_RS14340	0.480896265149244	0.742876743943499	NA	12.8993140822588	raw_counts / DESeq2 median-of-ratios (via riborex)	0.029	0.076	0.327	0.652	6	16.207	18.152	28.104	6	16.207	18.152	28.104
MM_RS15025	0.477331222959108	0.652550248834462	NA	26.7524943673861	raw_counts / DESeq2 median-of-ratios (via riborex)	0.031	0.075	0.996	2.39	6.635	15.761	59.549	107.305	6.635	15.761	59.549	107.305
MM_RS01615	-0.477141084441605	0.574921417749753	NA	39.5173476917996	raw_counts / DESeq2 median-of-ratios (via riborex)	0.127	0.043	0.232	0.273	26.858	9.167	13.351	11.708	26.858	9.167	13.351	11.708
MM_RS17435	0.47297371955006	0.554971488637242	NA	36.7137516009317	raw_counts / DESeq2 median-of-ratios (via riborex)	0.039	0.019	0.21	0.454	8.293	4.077	12.119	20.666	8.293	4.077	12.119	20.666
MM_RS15090	0.470003561815361	0.600767761644886	NA	31.168368848996	raw_counts / DESeq2 median-of-ratios (via riborex)	0.067	0.063	0.25	0.54	14.235	13.494	14.536	25.549	14.235	13.494	14.536	25.549
MM_RS17740	0.468230692761574	0.573657277941628	NA	38.5550527752518	raw_counts / DESeq2 median-of-ratios (via riborex)	0.382	0.669	2.571	6.065	80.717	142.327	152.266	263.789	80.717	142.327	152.266	263.789
MM_RS15295	-0.467210015590759	0.706935071870602	NA	11.569902310248	raw_counts / DESeq2 median-of-ratios (via riborex)	0.011	0.004	0.127	0.139	2.331	0.86	7.231	6.185	2.331	0.86	7.231	6.185
MM_RS05590	-0.46619318364796	0.617583347216328	NA	39.654972889686	raw_counts / DESeq2 median-of-ratios (via riborex)	1.455	0.518	1.501	1.557	307.993	110.92	85.939	75.003	307.993	110.92	85.939	75.003
MM_RS09775	0.465466077190544	0.610136119555322	NA	30.7806966607254	raw_counts / DESeq2 median-of-ratios (via riborex)	0.027	0.041	0.331	0.694	5.783	9.006	19.012	32.201	5.783	9.006	19.012	32.201
MM_RS02335	0.462652205321518	0.733747993498344	NA	38.1189998636584	raw_counts / DESeq2 median-of-ratios (via riborex)	0.065	0.144	0.232	0.481	14.179	30.034	13.171	21.042	14.179	30.034	13.171	21.042
MM_RS08655	0.462167549957794	0.718647119123093	NA	22.725456459025	raw_counts / DESeq2 median-of-ratios (via riborex)	0.011	0.013	0.293	0.702	2.297	2.638	17.588	31.972	2.297	2.638	17.588	31.972
MM_RS19635	0.457990446920781	0.60373399856471	NA	27.7461360636014	raw_counts / DESeq2 median-of-ratios (via riborex)	2.556	2.837	16.824	35.914	540.526	598.507	967.939	1617.034	540.526	598.507	967.939	1617.034
MM_RS14905	-0.456704258218569	0.679265075987417	NA	27.8403100711606	raw_counts / DESeq2 median-of-ratios (via riborex)	0.101	0.052	2.554	2.752	21.284	10.974	146.157	131.842	21.284	10.974	146.157	131.842
MM_RS03885	-0.455311363735181	0.654288933298662	NA	25.1133248095736	raw_counts / DESeq2 median-of-ratios (via riborex)	0.043	0.029	1.428	1.749	9.105	6.055	84.676	79.151	9.105	6.055	84.676	79.151
MM_RS12600	0.454452148109125	0.758659041568272	NA	16.8247735256799	raw_counts / DESeq2 median-of-ratios (via riborex)	0.012	0.021	0.167	0.342	2.526	4.624	9.451	15.097	2.526	4.624	9.451	15.097
MM_RS03245	0.454045000240823	0.533043418349813	NA	48.8088793159031	raw_counts / DESeq2 median-of-ratios (via riborex)	0.094	0.116	0.745	1.67	20.005	25.157	43.751	75.1	20.005	25.157	43.751	75.1
MM_RS06375	0.453808345248905	0.69351757447126	NA	28.4802697940285	raw_counts / DESeq2 median-of-ratios (via riborex)	0.045	0.054	0.243	0.469	9.742	11.437	13.553	21.293	9.742	11.437	13.553	21.293
MM_RS02680	0.453431220333327	0.58761655063623	NA	37.5629665741657	raw_counts / DESeq2 median-of-ratios (via riborex)	0.032	0.04	0.264	0.638	6.844	8.552	15.958	28.991	6.844	8.552	15.958	28.991
MM_RS18910	0.449290775743231	0.637657386808923	NA	30.7476316262538	raw_counts / DESeq2 median-of-ratios (via riborex)	1.268	0.989	8.51	18.139	267.392	205.615	486.942	780.812	267.392	205.615	486.942	780.812
MM_RS03215	0.44782873708001	0.726632221162822	NA	24.6880471544726	raw_counts / DESeq2 median-of-ratios (via riborex)	0.33	0.452	0.892	2.113	71.653	96.827	53.965	98.905	71.653	96.827	53.965	98.905
MM_RS09800	0.446406741742139	0.671378742582309	NA	17.8903503823731	raw_counts / DESeq2 median-of-ratios (via riborex)	0.019	0.012	0.064	0.131	4.121	2.727	3.64	5.874	4.121	2.727	3.64	5.874
MM_RS13480	-0.443309433370018	0.741857191012125	NA	12.8728949798697	raw_counts / DESeq2 median-of-ratios (via riborex)	0.103	0.06	3.917	4.472	22.116	12.758	224.631	197.378	22.116	12.758	224.631	197.378
MM_RS05700	0.44236866367298	0.781951737100829	NA	9.79669397645036	raw_counts / DESeq2 median-of-ratios (via riborex)	0.055	0.039	0.191	0.382	12.054	8.334	10.688	16.986	12.054	8.334	10.688	16.986
MM_RS16295	0.440669492119325	0.702163968255477	NA	37.1785059665576	raw_counts / DESeq2 median-of-ratios (via riborex)	0.074	0.082	0.619	1.204	15.617	17.011	35.192	60.002	15.617	17.011	35.192	60.002
MM_RS12150	0.440060062536293	0.82466256904816	NA	9.14234040699716	raw_counts / DESeq2 median-of-ratios (via riborex)	0.023	0.031	0.16	0.382	5.055	6.361	9.645	17.213	5.055	6.361	9.645	17.213
MM_RS14280	0.437975648080143	0.655782199838199	NA	33.1299612885662	raw_counts / DESeq2 median-of-ratios (via riborex)	0.035	0.022	0.821	1.681	7.455	4.653	46.966	77.678	7.455	4.653	46.966	77.678
MM_RS11270	0.437761373283087	0.573179740760805	NA	43.0264690652576	raw_counts / DESeq2 median-of-ratios (via riborex)	0.053	0.033	0.141	0.301	11.134	7.123	8.11	13.243	11.134	7.123	8.11	13.243
MM_RS11925	0.437693387436593	0.684820412617694	NA	22.7664506483595	raw_counts / DESeq2 median-of-ratios (via riborex)	0.037	0.025	0.274	0.54	7.793	5.395	15.484	24.921	7.793	5.395	15.484	24.921
MM_RS10110	-0.434400354879182	0.63901446193325	NA	42.9141379477085	raw_counts / DESeq2 median-of-ratios (via riborex)	0.016	0.019	0.842	1.085	3.324	4.234	50.509	48.9	3.324	4.234	50.509	48.9
MM_RS10115	0.433388251171652	0.640992329564264	NA	24.1302500600554	raw_counts / DESeq2 median-of-ratios (via riborex)	0.008	0.011	0.091	0.194	1.766	2.393	5.282	8.721	1.766	2.393	5.282	8.721
MM_RS02275	0.432988267860267	0.669708290095568	NA	19.8888906337582	raw_counts / DESeq2 median-of-ratios (via riborex)	0.082	0.08	0.379	0.812	17.433	17.189	21.749	35.096	17.433	17.189	21.749	35.096
MM_RS15465	0.42881046707302	0.612991841387782	NA	40.1444944810733	raw_counts / DESeq2 median-of-ratios (via riborex)	0.038	0.047	0.675	1.494	8.004	10.341	39.692	67.152	8.004	10.341	39.692	67.152
MM_RS02905	0.428601950733178	0.639436373446536	NA	25.9206583529186	raw_counts / DESeq2 median-of-ratios (via riborex)	0.093	0.074	0.609	1.299	19.676	15.938	35.126	57.066	19.676	15.938	35.126	57.066
MM_RS10485	-0.427774828369129	0.664777423378231	NA	43.4388217227431	raw_counts / DESeq2 median-of-ratios (via riborex)	0.089	0.049	0.205	0.211	18.986	10.611	11.556	10.293	18.986	10.611	11.556	10.293
MM_RS06695	0.426642138628159	0.712304866787814	NA	45.4590024876505	raw_counts / DESeq2 median-of-ratios (via riborex)	0.305	0.202	3.295	6.258	63.62	42.325	184.857	292.55	63.62	42.325	184.857	292.55
MM_RS11325	-0.42456889505073	0.616778929997929	NA	35.0969773531273	raw_counts / DESeq2 median-of-ratios (via riborex)	0.077	0.038	0.59	0.669	16.409	8.171	33.738	30.249	16.409	8.171	33.738	30.249
MM_RS16060	0.422722166741298	0.661642665943879	NA	22.441146309547	raw_counts / DESeq2 median-of-ratios (via riborex)	0.019	0.031	0.096	0.207	4.02	6.762	5.569	9.059	4.02	6.762	5.569	9.059
MM_RS19645	0.420419072537039	0.909832851747234	NA	1.56421325400768	raw_counts / DESeq2 median-of-ratios (via riborex)	NA	NA	NA	NA	NA	NA	NA	NA	NA	NA	NA	NA
MM_RS01765	0.416825938238682	0.721385767816471	NA	27.6763228436427	raw_counts / DESeq2 median-of-ratios (via riborex)	0.061	0.064	0.275	0.696	12.64	13.633	17.077	31.537	12.64	13.633	17.077	31.537
MM_RS13625	-0.416182269863121	0.637390098214314	NA	42.3478196757462	raw_counts / DESeq2 median-of-ratios (via riborex)	0.181	0.134	4.608	6.208	38.547	28.647	280.697	285.116	38.547	28.647	280.697	285.116
MM_RS01195	0.415257897303796	0.736033667727922	NA	18.2189989466047	raw_counts / DESeq2 median-of-ratios (via riborex)	0.035	0.013	0.108	0.217	7.494	2.663	6.226	10.473	7.494	2.663	6.226	10.473
MM_RS17590	-0.412696984152015	0.631813805036854	NA	31.1152207212959	raw_counts / DESeq2 median-of-ratios (via riborex)	0.016	0.013	0.085	0.096	3.417	2.71	4.839	4.321	3.417	2.71	4.839	4.321
MM_RS19550	-0.408952787024563	0.882275175396863	NA	2.26245482282254	raw_counts / DESeq2 median-of-ratios (via riborex)	0.302	0.254	0.496	0.877	63.875	54.161	34.873	39.383	63.875	54.161	34.873	39.383
MM_RS08065	0.404669733269875	0.621212117642	NA	43.9582214684185	raw_counts / DESeq2 median-of-ratios (via riborex)	0.11	0.142	0.253	0.55	23.53	31.205	14.68	23.551	23.53	31.205	14.68	23.551
MM_RS04560	-0.403930756162327	0.678984888109438	NA	20.8222152282732	raw_counts / DESeq2 median-of-ratios (via riborex)	0.041	0.011	0.123	0.16	8.708	2.285	7.418	7.347	8.708	2.285	7.418	7.347
MM_RS17580	-0.403568125621096	0.742216242544316	NA	14.7490278135714	raw_counts / DESeq2 median-of-ratios (via riborex)	0.048	0.132	0.263	0.297	10.321	27.842	14.993	13.641	10.321	27.842	14.993	13.641
MM_RS18500	0.402285530962292	0.760326232292899	NA	11.2621387053516	raw_counts / DESeq2 median-of-ratios (via riborex)	0.486	0.634	1.221	3.034	104.43	137.487	76.035	135.731	104.43	137.487	76.035	135.731
MM_RS16600	-0.400877345272786	0.669275562754305	NA	41.9245962429215	raw_counts / DESeq2 median-of-ratios (via riborex)	0.136	0.094	1.373	1.473	28.83	19.971	77.379	69.864	28.83	19.971	77.379	69.864
MM_RS00860	0.398889513159674	0.676961918556071	NA	23.3985728990428	raw_counts / DESeq2 median-of-ratios (via riborex)	0.089	0.124	0.214	0.52	18.973	26.674	13.137	23.123	18.973	26.674	13.137	23.123
MM_RS07390	-0.397633206455372	0.628865501167687	NA	49.3963913740593	raw_counts / DESeq2 median-of-ratios (via riborex)	0.099	0.056	1.061	1.187	20.831	11.984	60.018	53.281	20.831	11.984	60.018	53.281
MM_RS07800	0.396287865105045	0.739046690519616	NA	12.9266922576109	raw_counts / DESeq2 median-of-ratios (via riborex)	0.036	0.033	0.202	0.471	7.564	7.375	12.267	20.852	7.564	7.375	12.267	20.852
MM_RS18640	0.394395353521932	0.754553398898345	NA	17.1659636624468	raw_counts / DESeq2 median-of-ratios (via riborex)	0.533	0.224	3.504	7.806	110.997	48.648	210.013	358.881	110.997	48.648	210.013	358.881
MM_RS04350	0.39431612363738	0.618718737948716	NA	44.7713467604288	raw_counts / DESeq2 median-of-ratios (via riborex)	0.198	0.257	2.275	5.071	41.81	54.498	135.583	231.445	41.81	54.498	135.583	231.445
MM_RS07210	0.393491795513584	0.76961937741522	NA	12.7428064439272	raw_counts / DESeq2 median-of-ratios (via riborex)	0.023	0.01	0.234	0.427	4.862	2.179	12.887	18.543	4.862	2.179	12.887	18.543
MM_RS01540	-0.392417801369458	0.710319325586384	NA	21.8664317504072	raw_counts / DESeq2 median-of-ratios (via riborex)	0.162	0.139	0.396	0.552	34.089	29.537	24.336	24.792	34.089	29.537	24.336	24.792
MM_RS11505	-0.391820395829075	0.607279819536721	NA	44.958071146999	raw_counts / DESeq2 median-of-ratios (via riborex)	0.051	0.042	0.48	0.556	10.879	8.914	27.44	25.13	10.879	8.914	27.44	25.13
MM_RS02875	0.389009525910367	0.796124075307346	NA	8.55109694130159	raw_counts / DESeq2 median-of-ratios (via riborex)	0.24	0.252	0.56	1.166	51.96	54.669	32.229	51.457	51.96	54.669	32.229	51.457
MM_RS01310	0.385874128710687	0.617226821677676	NA	40.02895239787	raw_counts / DESeq2 median-of-ratios (via riborex)	0.054	0.043	0.484	1.001	11.509	9.245	28.122	45.819	11.509	9.245	28.122	45.819
MM_RS16655	0.381814722834854	0.777515760223557	NA	14.2926243828186	raw_counts / DESeq2 median-of-ratios (via riborex)	0.004	0.006	0.056	0.136	0.834	1.301	3.474	6.264	0.834	1.301	3.474	6.264
MM_RS10050	0.381430165080631	0.66242465718602	NA	35.6468134053594	raw_counts / DESeq2 median-of-ratios (via riborex)	0.055	0.058	0.595	1.213	11.512	12.758	34.461	55.688	11.512	12.758	34.461	55.688
MM_RS01875	0.380833369482609	0.688471985415631	NA	47.2093852721417	raw_counts / DESeq2 median-of-ratios (via riborex)	0.187	0.204	2.012	4.067	40.411	44.193	116.381	188.876	40.411	44.193	116.381	188.876
MM_RS17025	-0.378701155181559	0.674060051744984	NA	47.2479220697259	raw_counts / DESeq2 median-of-ratios (via riborex)	0.054	0.036	1.274	1.72	11.464	7.658	77.194	81.057	11.464	7.658	77.194	81.057
MM_RS08930	-0.377194965744756	0.762054541543442	NA	10.2614498547528	raw_counts / DESeq2 median-of-ratios (via riborex)	0.143	0.036	0.875	1.046	30.314	8.463	50.767	48.491	30.314	8.463	50.767	48.491
MM_RS18305	0.376319672056741	0.777976940613724	NA	9.17620179918831	raw_counts / DESeq2 median-of-ratios (via riborex)	0.866	1.5	6.703	13.316	183.158	336.206	383.017	599.534	183.158	336.206	383.017	599.534
MM_RS15245	-0.370831829836384	0.686154812749889	NA	45.1803530161744	raw_counts / DESeq2 median-of-ratios (via riborex)	0.131	0.072	1.287	1.613	27.392	16.122	74.838	70.25	27.392	16.122	74.838	70.25
MM_RS16430	0.367257667592566	0.798300217247103	NA	10.6069273868589	raw_counts / DESeq2 median-of-ratios (via riborex)	0.007	0.007	0.048	0.096	1.432	1.463	2.779	4.428	1.432	1.463	2.779	4.428
MM_RS17045	-0.366382854919734	0.624395170133233	NA	49.3017435569332	raw_counts / DESeq2 median-of-ratios (via riborex)	0.082	0.059	0.425	0.498	17.365	12.401	24.235	22.528	17.365	12.401	24.235	22.528
MM_RS19220	0.365194786447649	0.739195409896825	NA	35.47544607524	raw_counts / DESeq2 median-of-ratios (via riborex)	0.512	0.44	0.479	1.02	107.165	95.961	27.709	43.423	107.165	95.961	27.709	43.423
MM_RS17055	0.364966559011424	0.674781505423734	NA	30.2651058578148	raw_counts / DESeq2 median-of-ratios (via riborex)	0.092	0.102	0.714	1.465	19.39	21.47	41.694	67.636	19.39	21.47	41.694	67.636
MM_RS02925	-0.363801430904173	0.728171081498633	NA	40.3275762081983	raw_counts / DESeq2 median-of-ratios (via riborex)	0.109	0.046	0.251	0.298	22.759	9.724	14.324	13.285	22.759	9.724	14.324	13.285
MM_RS03850	0.361232921785956	0.83460612011667	NA	9.16791059453582	raw_counts / DESeq2 median-of-ratios (via riborex)	0.003	0.012	0.111	0.217	0.544	2.616	6.382	10.328	0.544	2.616	6.382	10.328
MM_RS19420	-0.360409665065516	0.800436598370807	NA	19.4921502808454	raw_counts / DESeq2 median-of-ratios (via riborex)	2.489	1.347	2.859	4.775	536.891	282.285	190.57	221.737	536.891	282.285	190.57	221.737
MM_RS17815	-0.359970614574095	0.844197056233765	NA	8.2851513949467	raw_counts / DESeq2 median-of-ratios (via riborex)	1.127	2.325	1.355	1.707	245.259	482.907	76.988	72.965	245.259	482.907	76.988	72.965
MM_RS02330	-0.358458519792785	0.746393890779112	NA	16.6750977081267	raw_counts / DESeq2 median-of-ratios (via riborex)	0.014	0.034	0.292	0.353	3.066	7.487	16.723	15.626	3.066	7.487	16.723	15.626
MM_RS17430	-0.354564211005435	0.716765545941177	NA	42.3304613138889	raw_counts / DESeq2 median-of-ratios (via riborex)	0.018	0.012	0.419	0.541	3.956	2.633	24.526	23.537	3.956	2.633	24.526	23.537
MM_RS15870	0.354060204254538	0.8690251524677	NA	5.93110416295114	raw_counts / DESeq2 median-of-ratios (via riborex)	0.001	0.009	0.063	0.119	0.289	2.01	3.582	5.435	0.289	2.01	3.582	5.435
MM_RS16730	0.352005773215912	0.769782123509325	NA	12.6152293353436	raw_counts / DESeq2 median-of-ratios (via riborex)	0.06	0.059	0.331	0.649	12.657	12.94	18.886	28.873	12.657	12.94	18.886	28.873
MM_RS11315	-0.350303352608913	0.844404254752436	NA	10.3379247820375	raw_counts / DESeq2 median-of-ratios (via riborex)	0.009	0.022	0.366	0.413	1.926	4.94	20.505	18.291	1.926	4.94	20.505	18.291
MM_RS19310	0.347609220415759	0.893762346726223	NA	2.04626139710859	raw_counts / DESeq2 median-of-ratios (via riborex)	0.217	0.084	0.644	1.392	45.437	19.553	39.538	66.534	45.437	19.553	39.538	66.534
MM_RS08490	0.347123221813212	0.733830451107789	NA	27.6187254657294	raw_counts / DESeq2 median-of-ratios (via riborex)	0.11	0.169	0.112	0.206	23.247	37.253	6.181	9.234	23.247	37.253	6.181	9.234
MM_RS14795	-0.345533187593158	0.763637149050557	NA	26.4732765206981	raw_counts / DESeq2 median-of-ratios (via riborex)	0.047	0.088	0.975	1.028	9.895	19.127	53.995	48.96	9.895	19.127	53.995	48.96
MM_RS00895	-0.335256352995741	0.892495381694466	NA	2.43693837282466	raw_counts / DESeq2 median-of-ratios (via riborex)	0.022	0.041	0.043	0.054	4.713	8.663	2.483	2.412	4.713	8.663	2.483	2.412
MM_RS10995	-0.333268295418979	0.78103013764795	NA	12.5144298542605	raw_counts / DESeq2 median-of-ratios (via riborex)	0.126	0.046	0.634	0.791	26.583	9.541	36.356	34.872	26.583	9.541	36.356	34.872
MM_RS16070	-0.331796352462549	0.771711261661836	NA	22.7256369590299	raw_counts / DESeq2 median-of-ratios (via riborex)	0.011	0.006	0.428	0.627	2.446	1.151	26.116	27.935	2.446	1.151	26.116	27.935
MM_RS16165	0.32847718392953	0.745038167857139	NA	23.7107310912982	raw_counts / DESeq2 median-of-ratios (via riborex)	0.029	0.049	0.477	0.923	6.161	10.366	27.452	42.195	6.161	10.366	27.452	42.195
MM_RS10090	0.32839047934778	0.796115160867798	NA	12.3760068895274	raw_counts / DESeq2 median-of-ratios (via riborex)	0.06	0.021	0.513	0.932	12.553	4.526	29.04	43.948	12.553	4.526	29.04	43.948
MM_RS11495	-0.324477053432388	0.708462014327559	NA	41.3522997323265	raw_counts / DESeq2 median-of-ratios (via riborex)	0.07	0.062	0.938	1.092	14.868	13.24	53.161	50.662	14.868	13.24	53.161	50.662
MM_RS06235	0.324182221988862	0.748458818689439	NA	43.1269337040556	raw_counts / DESeq2 median-of-ratios (via riborex)	0.13	0.386	0.987	1.796	28.012	82.808	55.476	78.99	28.012	82.808	55.476	78.99
MM_RS05220	-0.322326227139459	0.782424956843878	NA	33.0394634761673	raw_counts / DESeq2 median-of-ratios (via riborex)	0.017	0.036	0.545	0.769	3.687	7.819	32.822	34.426	3.687	7.819	32.822	34.426
MM_RS16830	-0.31941812326328	0.78038634275619	NA	19.587221618983	raw_counts / DESeq2 median-of-ratios (via riborex)	0.04	0.046	0.436	0.518	8.616	10.087	24.641	22.922	8.616	10.087	24.641	22.922
MM_RS16505	-0.318946782600733	0.771777719688197	NA	30.2071738321367	raw_counts / DESeq2 median-of-ratios (via riborex)	0.26	0.479	5.546	6.31	56.05	101.975	310.626	286.736	56.05	101.975	310.626	286.736
MM_RS16595	0.308142790184553	0.854711506018186	NA	5.83889954935512	raw_counts / DESeq2 median-of-ratios (via riborex)	0.208	0.099	0.571	1.164	43.456	20.965	33.78	53.117	43.456	20.965	33.78	53.117
MM_RS04925	0.304705984334062	0.728599429691549	NA	40.122459948414	raw_counts / DESeq2 median-of-ratios (via riborex)	0.048	0.055	0.559	1.229	10.232	11.963	33.688	53.646	10.232	11.963	33.688	53.646
MM_RS14960	0.303983631179008	0.820109905447071	NA	12.893139577559	raw_counts / DESeq2 median-of-ratios (via riborex)	0.004	0.008	0.038	0.063	0.935	1.723	2.108	2.938	0.935	1.723	2.108	2.938
MM_RS16765	0.301103838813393	0.768110295155183	NA	16.9624084896005	raw_counts / DESeq2 median-of-ratios (via riborex)	0.033	0.09	0.083	0.171	6.957	19.311	4.888	7.588	6.957	19.311	4.888	7.588
MM_RS04330	-0.300843633435218	0.720987107203489	NA	49.2990183139262	raw_counts / DESeq2 median-of-ratios (via riborex)	0.087	0.062	0.632	0.759	18.262	13.241	35.996	35.312	18.262	13.241	35.996	35.312
MM_RS16500	0.299958161233593	0.718599436720478	NA	45.0802479245265	raw_counts / DESeq2 median-of-ratios (via riborex)	0.349	0.35	1.451	2.575	74.435	73.754	81.361	116.4	74.435	73.754	81.361	116.4
MM_RS00995	0.29920898774539	0.790360033447751	NA	24.8658091648811	raw_counts / DESeq2 median-of-ratios (via riborex)	0.056	0.081	0.962	1.708	11.762	17.796	54.139	77.917	11.762	17.796	54.139	77.917
MM_RS15030	-0.298886152017606	0.79754788589869	NA	31.6572457819415	raw_counts / DESeq2 median-of-ratios (via riborex)	0.034	0.01	0.333	0.429	7.15	2.207	19.304	19.094	7.15	2.207	19.304	19.094
MM_RS19630	0.297502645698518	0.813559447350971	NA	17.5248804882614	raw_counts / DESeq2 median-of-ratios (via riborex)	0.039	0.043	0.63	1.22	8.367	9.112	36.629	56.602	8.367	9.112	36.629	56.602
MM_RS00160	0.295189046033838	0.846009004638217	NA	10.2614269987539	raw_counts / DESeq2 median-of-ratios (via riborex)	0.058	0.025	0.127	0.208	12.106	5.376	6.892	9.521	12.106	5.376	6.892	9.521
MM_RS16680	0.294831461536189	0.750040562675379	NA	27.0345836057807	raw_counts / DESeq2 median-of-ratios (via riborex)	0.102	0.064	0.732	1.352	21.692	13.236	42.016	63.301	21.692	13.236	42.016	63.301
MM_RS03005	0.292366238644272	0.849229828825824	NA	13.301257774441	raw_counts / DESeq2 median-of-ratios (via riborex)	0.055	0.02	0.09	0.165	11.332	4.487	5.066	7.266	11.332	4.487	5.066	7.266
MM_RS01165	0.291660051848378	0.804950331815176	NA	26.6305654348258	raw_counts / DESeq2 median-of-ratios (via riborex)	0.014	0.013	0.078	0.143	3.009	2.709	4.442	6.501	3.009	2.709	4.442	6.501
MM_RS18555	0.286094410599267	0.916635547048886	NA	2.75646012495641	raw_counts / DESeq2 median-of-ratios (via riborex)	0.163	0.163	0.595	1.056	35.714	35.788	33.056	46.024	35.714	35.788	33.056	46.024
MM_RS12155	0.285176365593919	0.838395182061583	NA	9.05613461593738	raw_counts / DESeq2 median-of-ratios (via riborex)	0.013	0.016	0.195	0.363	2.845	3.55	11.199	16.631	2.845	3.55	11.199	16.631
MM_RS15120	0.28302452992149	0.789322480706711	NA	17.0085948789098	raw_counts / DESeq2 median-of-ratios (via riborex)	0.052	0.052	0.254	0.468	11.074	10.86	14.612	21.941	11.074	10.86	14.612	21.941
MM_RS04305	0.281199726028623	0.783199470705783	NA	19.0554843109646	raw_counts / DESeq2 median-of-ratios (via riborex)	0.086	0.131	0.771	1.502	18.442	28.39	44.903	67.777	18.442	28.39	44.903	67.777
MM_RS16365	0.280475136631589	0.896580732990334	NA	7.801259088572	raw_counts / DESeq2 median-of-ratios (via riborex)	0.106	0.308	0.544	1.217	23.195	66.286	33.748	57.747	23.195	66.286	33.748	57.747
MM_RS01050	0.279848762281308	0.831924209238183	NA	14.6214499649186	raw_counts / DESeq2 median-of-ratios (via riborex)	0.05	0.083	0.769	1.316	10.388	17.424	42.767	58.686	10.388	17.424	42.767	58.686
MM_RS01330	-0.275938009833943	0.793130303648282	NA	46.4852976996331	raw_counts / DESeq2 median-of-ratios (via riborex)	0.081	0.13	1.878	2.185	17.41	27.805	105.267	101.424	17.41	27.805	105.267	101.424
MM_RS15880	-0.272374866088658	0.768458921016017	NA	32.7859282432281	raw_counts / DESeq2 median-of-ratios (via riborex)	0.027	0.022	0.189	0.223	5.857	4.828	10.55	10.011	5.857	4.828	10.55	10.011
MM_RS17565	0.272169977173888	0.860416400248411	NA	8.41385093056088	raw_counts / DESeq2 median-of-ratios (via riborex)	0.016	0.003	0.094	0.163	3.452	0.706	5.251	7.315	3.452	0.706	5.251	7.315
MM_RS14225	0.271215717391892	0.826122765128977	NA	11.0659833024695	raw_counts / DESeq2 median-of-ratios (via riborex)	0.011	0.008	0.05	0.106	2.251	1.661	2.977	4.566	2.251	1.661	2.977	4.566
MM_RS11640	0.271007899124631	0.882559360889265	NA	8.44238611528959	raw_counts / DESeq2 median-of-ratios (via riborex)	0.014	0.044	0.562	1.147	3.022	9.197	33.362	51.675	3.022	9.197	33.362	51.675
MM_RS00855	-0.270422145483875	0.793013229742092	NA	28.1020271001948	raw_counts / DESeq2 median-of-ratios (via riborex)	0.078	0.003	0.189	0.27	16.748	0.676	11.239	11.697	16.748	0.676	11.239	11.697
MM_RS00040	-0.267308736016156	0.814851872388327	NA	35.2036503286446	raw_counts / DESeq2 median-of-ratios (via riborex)	0.044	0.018	0.099	0.125	9.194	3.818	5.605	5.428	9.194	3.818	5.605	5.428
MM_RS19405	0.264168122385066	0.832907909174081	NA	24.7535895408212	raw_counts / DESeq2 median-of-ratios (via riborex)	2.684	2.807	6.266	12.441	581.894	600.429	365.809	536.43	581.894	600.429	365.809	536.43
MM_RS17285	0.259976504603397	0.809020780596505	NA	32.0070416958259	raw_counts / DESeq2 median-of-ratios (via riborex)	0.024	0.049	0.575	1.093	5.206	10.28	33.412	49.412	5.206	10.28	33.412	49.412
MM_RS09895	0.259585232711757	0.798016110408062	NA	30.6372137479135	raw_counts / DESeq2 median-of-ratios (via riborex)	0.036	0.095	0.751	1.43	7.804	20.445	43.635	64.402	7.804	20.445	43.635	64.402
MM_RS08375	0.259265526583526	0.932189843805713	NA	1.85248505670293	raw_counts / DESeq2 median-of-ratios (via riborex)	0.032	0.06	0.38	0.585	7.07	12.758	20.9	27.457	7.07	12.758	20.9	27.457
MM_RS17125	0.256554202931194	0.754626159424721	NA	41.6754016449224	raw_counts / DESeq2 median-of-ratios (via riborex)	0.834	0.53	5.358	11.463	176.566	110.616	325.944	521.117	176.566	110.616	325.944	521.117
MM_RS11310	0.256137792777	0.883758677291311	NA	7.55171559840415	raw_counts / DESeq2 median-of-ratios (via riborex)	0.021	0.059	0.771	1.4	4.552	12.976	44.368	64.911	4.552	12.976	44.368	64.911
MM_RS15515	0.255763389203257	0.840782673013489	NA	16.4079350634331	raw_counts / DESeq2 median-of-ratios (via riborex)	0.089	0.132	2.214	3.753	18.695	28.571	123.406	167.026	18.695	28.571	123.406	167.026
MM_RS03260	-0.254239398008835	0.821741510123181	NA	19.5372231970105	raw_counts / DESeq2 median-of-ratios (via riborex)	0.04	0.009	0.144	0.179	8.462	1.902	8.137	7.89	8.462	1.902	8.137	7.89
MM_RS13205	0.252940398886284	0.851060194036337	NA	17.5495887409219	raw_counts / DESeq2 median-of-ratios (via riborex)	0.073	0.167	1.987	3.852	15.938	35.882	115.704	167.101	15.938	35.882	115.704	167.101
MM_RS18675	-0.252479424298322	0.858227330608347	NA	8.30990916601515	raw_counts / DESeq2 median-of-ratios (via riborex)	0.53	0.261	0.94	1.39	113.013	54.081	56.398	61.111	113.013	54.081	56.398	61.111
MM_RS06250	-0.248467485358154	0.822080745908924	NA	33.8045339322133	raw_counts / DESeq2 median-of-ratios (via riborex)	0.066	0.059	0.551	0.705	13.906	13.039	31.151	29.793	13.906	13.039	31.151	29.793
MM_RS19055	0.248388306883827	0.845154574067196	NA	13.2035963318642	raw_counts / DESeq2 median-of-ratios (via riborex)	0.278	0.27	6.659	12.642	59.116	57.784	386.375	558.137	59.116	57.784	386.375	558.137
MM_RS17350	0.24794186362629	0.912240686754166	NA	2.81769258273385	raw_counts / DESeq2 median-of-ratios (via riborex)	0.061	0.066	0.245	0.466	12.811	13.29	14.726	22.956	12.811	13.29	14.726	22.956
MM_RS15065	0.246928742232651	0.871218732419079	NA	20.9270486826219	raw_counts / DESeq2 median-of-ratios (via riborex)	0.024	0.013	0.148	0.258	5.266	2.808	8.352	11.814	5.266	2.808	8.352	11.814
MM_RS15125	0.246274732531711	0.805251716708623	NA	37.5397290824091	raw_counts / DESeq2 median-of-ratios (via riborex)	0.074	0.111	0.584	0.999	15.832	24.238	33.03	47.224	15.832	24.238	33.03	47.224
MM_RS01730	-0.245993581772275	0.810423925008781	NA	16.4284329825965	raw_counts / DESeq2 median-of-ratios (via riborex)	0.021	0.014	0.133	0.175	4.427	3.085	7.675	7.981	4.427	3.085	7.675	7.981
MM_RS18575	-0.245283040766326	0.852436466856542	NA	12.4287814368504	raw_counts / DESeq2 median-of-ratios (via riborex)	0.203	0.235	5.084	7.455	43.467	49.85	304.616	332.991	43.467	49.85	304.616	332.991
MM_RS13180	0.244058634490664	0.769735975898676	NA	34.1762267787736	raw_counts / DESeq2 median-of-ratios (via riborex)	0.161	0.256	1.965	3.995	34.24	56.8	117.352	179.699	34.24	56.8	117.352	179.699
MM_RS01740	0.243949692094494	0.752755834628369	NA	38.2142362636407	raw_counts / DESeq2 median-of-ratios (via riborex)	0.03	0.019	0.071	0.141	6.43	4.151	4.17	6.233	6.43	4.151	4.17	6.233
MM_RS05085	0.243890464720071	0.799161746832094	NA	39.299437388017	raw_counts / DESeq2 median-of-ratios (via riborex)	0.034	0.018	0.102	0.185	7.121	3.716	5.807	8.136	7.121	3.716	5.807	8.136
MM_RS06565	0.243129669325178	0.764056653905021	NA	41.3453456426189	raw_counts / DESeq2 median-of-ratios (via riborex)	0.044	0.063	0.772	1.454	9.354	13.292	44.926	66.289	9.354	13.292	44.926	66.289
MM_RS19315	-0.238881266974365	0.823497063795447	NA	17.235143145914	raw_counts / DESeq2 median-of-ratios (via riborex)	0.022	0.015	0.057	0.084	4.78	3.232	3.431	3.806	4.78	3.232	3.431	3.806
MM_RS13980	0.23539427324498	0.919546135806185	NA	9.35782816199263	raw_counts / DESeq2 median-of-ratios (via riborex)	0.026	0.016	0.007	0.011	5.699	3.431	0.367	0.453	5.699	3.431	0.367	0.453
MM_RS19300	-0.235146443406057	0.772816897720763	NA	40.9032406311286	raw_counts / DESeq2 median-of-ratios (via riborex)	0.038	0.019	0.138	0.175	8.097	4.04	7.803	7.791	8.097	4.04	7.803	7.791
MM_RS06260	-0.234431040434933	0.772996363831488	NA	46.0757805217162	raw_counts / DESeq2 median-of-ratios (via riborex)	0.093	0.026	0.68	0.929	19.679	5.554	39.762	42.12	19.679	5.554	39.762	42.12
MM_RS00545	0.233014779593396	0.796202098786132	NA	30.4364842774537	raw_counts / DESeq2 median-of-ratios (via riborex)	0.099	0.091	0.929	1.731	21.224	18.852	54.27	81.226	21.224	18.852	54.27	81.226
MM_RS10160	0.232105167224765	0.844734345884002	NA	33.5873806067419	raw_counts / DESeq2 median-of-ratios (via riborex)	0.201	0.278	0.851	1.521	43.678	61.478	48.912	70.799	43.678	61.478	48.912	70.799
MM_RS19120	0.231474647632321	0.90100682322691	NA	11.5241859901903	raw_counts / DESeq2 median-of-ratios (via riborex)	0.973	0.798	1.376	2.88	212.697	182.229	82.828	125.245	212.697	182.229	82.828	125.245
MM_RS02790	-0.226972500023169	0.92536113257813	NA	3.63422862282777	raw_counts / DESeq2 median-of-ratios (via riborex)	0.057	0.008	0.053	0.092	12.358	1.652	3.082	3.577	12.358	1.652	3.082	3.577
MM_RS18135	-0.216282659684343	0.950962485862163	NA	48.2770118077047	raw_counts / DESeq2 median-of-ratios (via riborex)	0.026	0.075	0.536	0.758	5.654	16.101	31.34	32.421	5.654	16.101	31.34	32.421
MM_RS01200	-0.212371261281448	0.907810495584467	NA	6.06344001470294	raw_counts / DESeq2 median-of-ratios (via riborex)	0.013	0.008	0.07	0.121	2.827	1.614	4.548	5.877	2.827	1.614	4.548	5.877
MM_RS09245	0.210306208942362	0.83557206428875	NA	38.0857856886566	raw_counts / DESeq2 median-of-ratios (via riborex)	0.026	0.015	0.097	0.166	5.697	3.239	5.516	7.497	5.697	3.239	5.516	7.497
MM_RS14245	-0.209994088971254	0.856791471422148	NA	37.03117522632	raw_counts / DESeq2 median-of-ratios (via riborex)	0.13	0.056	0.255	0.312	27.098	12.387	14.246	14.205	27.098	12.387	14.246	14.205
MM_RS19605	-0.208961337517474	0.823924882564401	NA	32.4323740305583	raw_counts / DESeq2 median-of-ratios (via riborex)	0.818	0.478	9.058	13.297	171.776	101.815	536.542	585.84	171.776	101.815	536.542	585.84
MM_RS18800	-0.207397856750315	0.957342580767804	NA	1.75817771290446	raw_counts / DESeq2 median-of-ratios (via riborex)	0.069	0.142	0.423	0.414	15.027	30.626	22.517	21.479	15.027	30.626	22.517	21.479
MM_RS01710	-0.205839364340409	0.907758317756744	NA	27.3842314821899	raw_counts / DESeq2 median-of-ratios (via riborex)	0.02	0.003	0.828	0.864	4.142	0.688	44.59	42.662	4.142	0.688	44.59	42.662
MM_RS13600	0.199764092743953	0.836910883432426	NA	26.6850218284957	raw_counts / DESeq2 median-of-ratios (via riborex)	0.175	0.223	2.293	4.203	37.733	47.587	133.176	188.234	37.733	47.587	133.176	188.234
MM_RS12215	-0.199057907371244	0.836677255525398	NA	24.071698940941	raw_counts / DESeq2 median-of-ratios (via riborex)	0.171	0.162	1.453	1.871	36.361	35.086	81.913	82.956	36.361	35.086	81.913	82.956
MM_RS10735	0.196179016047339	0.881372687616974	NA	9.47279368151402	raw_counts / DESeq2 median-of-ratios (via riborex)	0.232	0.137	0.481	0.88	49.086	28.674	27.675	38.985	49.086	28.674	27.675	38.985
MM_RS08730	0.196049573122059	0.847966596820424	NA	38.6418151760983	raw_counts / DESeq2 median-of-ratios (via riborex)	0.044	0.063	0.204	0.342	9.474	13.582	11.539	15.793	9.474	13.582	11.539	15.793
MM_RS14665	-0.195702372987486	0.854061565386025	NA	23.8079604629896	raw_counts / DESeq2 median-of-ratios (via riborex)	0.089	0.107	0.112	0.179	18.913	22.228	7.042	8.359	18.913	22.228	7.042	8.359
MM_RS16425	-0.191713189220393	0.846532331222184	NA	40.4119420223208	raw_counts / DESeq2 median-of-ratios (via riborex)	0.027	0.03	0.432	0.542	5.68	6.294	24.242	24.25	5.68	6.294	24.242	24.25
MM_RS02850	-0.188910841785022	0.906862695312539	NA	12.3011309583582	raw_counts / DESeq2 median-of-ratios (via riborex)	0.023	0.058	0.084	0.121	4.983	13.005	4.868	5.078	4.983	13.005	4.868	5.078
MM_RS10600	-0.187683579892574	0.851270027392105	NA	35.1960906387693	raw_counts / DESeq2 median-of-ratios (via riborex)	0.08	0.098	0.655	1.029	17.253	21.167	39.579	45.51	17.253	21.167	39.579	45.51
MM_RS11685	-0.186445837309816	0.857699601399411	NA	21.3461579040618	raw_counts / DESeq2 median-of-ratios (via riborex)	0.019	0.018	0.495	0.675	3.966	3.743	28.533	30.681	3.966	3.743	28.533	30.681
MM_RS15755	-0.186090074139264	0.881983141877436	NA	35.527758211836	raw_counts / DESeq2 median-of-ratios (via riborex)	0.022	0.029	0.142	0.19	4.85	5.928	8.139	8.568	4.85	5.928	8.139	8.568
MM_RS04645	0.185269828853495	0.875208298496403	NA	11.7961573768061	raw_counts / DESeq2 median-of-ratios (via riborex)	0.023	0.015	0.095	0.172	4.917	3.047	5.527	7.749	4.917	3.047	5.527	7.749
MM_RS10080	0.184803800577934	0.83620152871341	NA	43.6723781713418	raw_counts / DESeq2 median-of-ratios (via riborex)	0.081	0.122	0.249	0.489	17.41	25.37	14.976	22.35	17.41	25.37	14.976	22.35
MM_RS11490	-0.182467714858867	0.84902612396684	NA	38.9333737539784	raw_counts / DESeq2 median-of-ratios (via riborex)	0.03	0.022	0.412	0.504	6.514	4.644	22.95	23.149	6.514	4.644	22.95	23.149
MM_RS03730	0.175862394811654	0.893150776422192	NA	18.372553973392	raw_counts / DESeq2 median-of-ratios (via riborex)	0.043	0.018	0.088	0.131	8.958	3.839	4.758	5.948	8.958	3.839	4.758	5.948
MM_RS03165	0.175823607094578	0.851319092024043	NA	21.1231450198479	raw_counts / DESeq2 median-of-ratios (via riborex)	0.05	0.033	0.237	0.461	10.737	6.912	14.214	20.794	10.737	6.912	14.214	20.794
MM_RS13210	-0.175288893581565	0.837846210877247	NA	34.0645898271589	raw_counts / DESeq2 median-of-ratios (via riborex)	0.069	0.096	0.491	0.686	14.751	21.196	28.693	32.247	14.751	21.196	28.693	32.247
MM_RS00620	0.172931260782529	0.813243661738133	NA	47.3298206799457	raw_counts / DESeq2 median-of-ratios (via riborex)	0.115	0.197	0.693	1.348	24.477	42.571	41.498	60.775	24.477	42.571	41.498	60.775
MM_RS01815	-0.172871028168699	0.892271963696988	NA	36.6997488133765	raw_counts / DESeq2 median-of-ratios (via riborex)	0.011	0.008	0.174	0.296	2.497	1.815	10.785	13.141	2.497	1.815	10.785	13.141
MM_RS13845	0.171384651915174	0.866500221347381	NA	32.5750398799461	raw_counts / DESeq2 median-of-ratios (via riborex)	0.041	0.015	0.124	0.197	8.59	3.311	6.868	8.701	8.59	3.311	6.868	8.701
MM_RS11910	-0.169482299093256	0.865280688179419	NA	20.0556411794054	raw_counts / DESeq2 median-of-ratios (via riborex)	0.011	0.008	0.075	0.115	2.288	1.806	4.458	5.076	2.288	1.806	4.458	5.076
MM_RS00515	0.16780039316252	0.848201351470725	NA	49.0260867998645	raw_counts / DESeq2 median-of-ratios (via riborex)	0.031	0.057	0.332	0.716	6.519	11.919	20.698	32.467	6.519	11.919	20.698	32.467
MM_RS08515	0.166762411431154	0.856806366121746	NA	30.6537132189974	raw_counts / DESeq2 median-of-ratios (via riborex)	0.031	0.028	0.259	0.449	6.577	5.996	14.831	19.835	6.577	5.996	14.831	19.835
MM_RS14745	0.166050101117048	0.891995225850263	NA	17.223815856938	raw_counts / DESeq2 median-of-ratios (via riborex)	0.017	0.031	0.615	1.098	3.691	6.63	35.733	49.507	3.691	6.63	35.733	49.507
MM_RS11205	0.163635332270828	0.936014254256535	NA	3.843850300486	raw_counts / DESeq2 median-of-ratios (via riborex)	0.015	0.018	0.157	0.26	3.277	3.741	8.988	12.528	3.277	3.741	8.988	12.528
MM_RS04040	-0.162783961666955	0.946210531787538	NA	3.92639872812266	raw_counts / DESeq2 median-of-ratios (via riborex)	0.055	0.038	0.702	1.092	11.325	8.382	41.78	47.118	11.325	8.382	41.78	47.118
MM_RS18895	-0.162715667642291	0.879118773173725	NA	37.3765675232171	raw_counts / DESeq2 median-of-ratios (via riborex)	1.267	1.638	8.59	15.07	265.559	356.59	536.377	654.746	265.559	356.59	536.377	654.746
MM_RS14470	0.16236054103862	0.82980139300062	NA	41.1518509447211	raw_counts / DESeq2 median-of-ratios (via riborex)	0.096	0.071	0.568	1.065	20.236	14.935	33.62	47.94	20.236	14.935	33.62	47.94
MM_RS14575	-0.161811765998742	0.863092431028879	NA	37.7643203867812	raw_counts / DESeq2 median-of-ratios (via riborex)	0.07	0.033	0.255	0.351	15.105	6.921	14.547	15.372	15.105	6.921	14.547	15.372
MM_RS06560	-0.161565675839145	0.895264509726936	NA	14.2429950228848	raw_counts / DESeq2 median-of-ratios (via riborex)	0.034	0.085	0.552	0.871	7.147	18.709	33.56	40.525	7.147	18.709	33.56	40.525
MM_RS14455	-0.16136495169327	0.858033772902429	NA	42.1428193609861	raw_counts / DESeq2 median-of-ratios (via riborex)	0.019	0.018	0.118	0.186	4.094	3.864	7.162	8.673	4.094	3.864	7.162	8.673
MM_RS16245	0.160100176825824	0.837486197686313	NA	47.4669915316075	raw_counts / DESeq2 median-of-ratios (via riborex)	0.053	0.039	0.554	1.057	11.134	8.329	32.87	46.288	11.134	8.329	32.87	46.288
MM_RS09860	-0.158386295551728	0.896580282604222	NA	13.9646682404179	raw_counts / DESeq2 median-of-ratios (via riborex)	0.028	0.014	0.181	0.268	6.049	3.014	10.652	11.995	6.049	3.014	10.652	11.995
MM_RS13810	0.158220572705228	0.852295846828977	NA	34.4724421243993	raw_counts / DESeq2 median-of-ratios (via riborex)	0.049	0.052	0.303	0.605	10.504	11.177	18.489	27.632	10.504	11.177	18.489	27.632
MM_RS00525	-0.157207352699604	0.850094177574567	NA	42.7529968704797	raw_counts / DESeq2 median-of-ratios (via riborex)	0.118	0.083	1.514	2.176	25.001	17.429	87.705	95.018	25.001	17.429	87.705	95.018
MM_RS14305	-0.153126942792502	0.926317454094203	NA	5.89265441739459	raw_counts / DESeq2 median-of-ratios (via riborex)	0.023	0.049	0.342	0.482	4.917	10.964	19.616	21.208	4.917	10.964	19.616	21.208
MM_RS14605	-0.151053831931383	0.876774771586758	NA	24.4762083588351	raw_counts / DESeq2 median-of-ratios (via riborex)	0.024	0.044	0.285	0.471	5.024	9.437	17.467	21.102	5.024	9.437	17.467	21.102
MM_RS02670	-0.149170804738056	0.894766391169059	NA	16.6122296103629	raw_counts / DESeq2 median-of-ratios (via riborex)	0.028	0.048	0.166	0.213	5.932	10.126	9.301	9.783	5.932	10.126	9.301	9.783
MM_RS07845	0.145764194609636	0.910500831440188	NA	15.3661128774371	raw_counts / DESeq2 median-of-ratios (via riborex)	0.012	0.024	0.446	0.755	2.464	5.135	25.589	34.482	2.464	5.135	25.589	34.482
MM_RS16670	-0.142513601640911	0.896669707451435	NA	16.1480228431668	raw_counts / DESeq2 median-of-ratios (via riborex)	0.077	0.02	0.503	0.696	16.347	4.073	29.145	33.075	16.347	4.073	29.145	33.075
MM_RS02425	0.141948407983405	0.851446892810132	NA	41.4340617566875	raw_counts / DESeq2 median-of-ratios (via riborex)	0.219	0.115	0.669	1.177	46.469	25.403	38.779	51.951	46.469	25.403	38.779	51.951
MM_RS19360	0.140841654526948	0.91796419640483	NA	11.5806711828659	raw_counts / DESeq2 median-of-ratios (via riborex)	0.279	0.052	0.836	1.766	58.383	10.502	52.301	78.69	58.383	10.502	52.301	78.69
MM_RS15780	0.140194248053798	0.916592132221938	NA	14.1230649218686	raw_counts / DESeq2 median-of-ratios (via riborex)	0.017	0.061	0.316	0.628	3.646	12.878	19.03	26.798	3.646	12.878	19.03	26.798
MM_RS00520	-0.138914549916705	0.889222667873936	NA	42.4512357617141	raw_counts / DESeq2 median-of-ratios (via riborex)	0.34	0.329	3.985	6.167	73.378	68.648	237.58	281.463	73.378	68.648	237.58	281.463
MM_RS18815	-0.137458545249294	0.923439934962736	NA	18.1805263861327	raw_counts / DESeq2 median-of-ratios (via riborex)	0.384	0.134	0.201	0.238	82.821	27.396	11.058	11.592	82.821	27.396	11.058	11.592
MM_RS14335	0.135913229001622	0.920936216654133	NA	12.1426136389744	raw_counts / DESeq2 median-of-ratios (via riborex)	0.041	0.06	0.494	0.799	8.888	12.737	27.682	34.173	8.888	12.737	27.682	34.173
MM_RS00275	-0.133622093742213	0.887205703957694	NA	21.0193497006223	raw_counts / DESeq2 median-of-ratios (via riborex)	0.094	0.051	0.37	0.573	19.893	11.148	22.128	26.117	19.893	11.148	22.128	26.117
MM_RS10615	0.131931777010875	0.914069859610896	NA	15.1434618268437	raw_counts / DESeq2 median-of-ratios (via riborex)	0.021	0.049	0.227	0.438	4.459	10.319	13.702	19.917	4.459	10.319	13.702	19.917
MM_RS16840	0.129713880858193	0.911816401628656	NA	29.3018674348783	raw_counts / DESeq2 median-of-ratios (via riborex)	0.021	0.022	0.166	0.298	4.577	4.661	9.773	13.599	4.577	4.661	9.773	13.599
MM_RS11690	-0.12891416197993	0.876964328416298	NA	32.0670223199755	raw_counts / DESeq2 median-of-ratios (via riborex)	0.062	0.035	0.363	0.516	13.182	7.482	20.879	23.191	13.182	7.482	20.879	23.191
MM_RS15630	0.128513648586352	0.942846707781423	NA	5.92371288423295	raw_counts / DESeq2 median-of-ratios (via riborex)	0.067	0	1.079	1.908	13.905	0	62.841	84.746	13.905	0	62.841	84.746
MM_RS15885	-0.127706188712351	0.93661318017805	NA	9.67433411488518	raw_counts / DESeq2 median-of-ratios (via riborex)	0.048	0.03	0.266	0.305	10.092	6.131	14.412	14.731	10.092	6.131	14.412	14.731
MM_RS13725	-0.125757856396196	0.955201753600108	NA	5.10193303760992	raw_counts / DESeq2 median-of-ratios (via riborex)	0.043	0.005	0.052	0.076	8.902	0.98	3.086	3.599	8.902	0.98	3.086	3.599
MM_RS17555	0.124480702391371	0.885971178655387	NA	35.0996546764392	raw_counts / DESeq2 median-of-ratios (via riborex)	0.023	0.02	0.38	0.658	4.916	4.248	22.071	29.476	4.916	4.248	22.071	29.476
MM_RS11705	-0.124357757286156	0.866786392781906	NA	44.0904805756091	raw_counts / DESeq2 median-of-ratios (via riborex)	0.184	0.212	1.8	2.599	39.241	46.141	104.272	117.327	39.241	46.141	104.272	117.327
MM_RS13825	-0.123080980214315	0.897967182843087	NA	21.2713210330018	raw_counts / DESeq2 median-of-ratios (via riborex)	0.034	0.024	0.148	0.234	7.174	4.868	8.789	10.3	7.174	4.868	8.789	10.3
MM_RS10810	-0.120232765309599	0.985194292544705	NA	26.1735228511908	raw_counts / DESeq2 median-of-ratios (via riborex)	0.008	0.023	0.158	0.363	1.692	4.748	11.11	18.818	1.692	4.748	11.11	18.818
MM_RS04875	-0.119861525041572	0.911119300535865	NA	17.9007442285114	raw_counts / DESeq2 median-of-ratios (via riborex)	0.012	0.01	0.051	0.07	2.525	1.98	2.875	3.166	2.525	1.98	2.875	3.166
MM_RS01190	-0.119723561460345	0.888466146980022	NA	48.8354159790586	raw_counts / DESeq2 median-of-ratios (via riborex)	0.03	0.024	0.539	0.728	6.253	5.091	30.527	33.144	6.253	5.091	30.527	33.144
MM_RS04580	-0.115143490567885	0.89337048890345	NA	35.6937289915669	raw_counts / DESeq2 median-of-ratios (via riborex)	0.147	0.056	0.823	1.27	31.508	12.162	48.42	55.751	31.508	12.162	48.42	55.751
MM_RS19555	0.113823382456097	0.90669586416097	NA	22.8361173820861	raw_counts / DESeq2 median-of-ratios (via riborex)	0.769	0.241	1.195	2.08	163.695	52.083	70.984	97.781	163.695	52.083	70.984	97.781
MM_RS13890	0.113783018312215	0.903888860440986	NA	45.3266805862992	raw_counts / DESeq2 median-of-ratios (via riborex)	0.25	0.215	4.07	6.351	52.825	45.992	227.743	275.745	52.825	45.992	227.743	275.745
MM_RS03965	-0.113356125455006	0.900095051533991	NA	38.065608565241	raw_counts / DESeq2 median-of-ratios (via riborex)	0.02	0.037	0.475	0.788	4.192	7.995	28.762	35.104	4.192	7.995	28.762	35.104
MM_RS15875	-0.112804856230367	0.900707927618898	NA	44.1773391144221	raw_counts / DESeq2 median-of-ratios (via riborex)	0.027	0.02	0.122	0.162	5.764	4.216	6.814	7.244	5.764	4.216	6.814	7.244
MM_RS00940	0.111219530744109	0.906468844023859	NA	43.3974498460625	raw_counts / DESeq2 median-of-ratios (via riborex)	0.065	0.058	0.875	1.361	13.727	12.418	49.481	64.362	13.727	12.418	49.481	64.362
MM_RS12170	-0.10655984658434	0.891778872649041	NA	35.7227799986137	raw_counts / DESeq2 median-of-ratios (via riborex)	0.038	0.029	0.37	0.565	8.119	6.294	21.725	25.394	8.119	6.294	21.725	25.394
MM_RS10825	0.10486825873511	0.941142160104337	NA	14.7669366190343	raw_counts / DESeq2 median-of-ratios (via riborex)	0.025	0.049	0.283	0.61	5.211	10.46	17.943	27.067	5.211	10.46	17.943	27.067
MM_RS19340	-0.10159005860981	0.922007308415901	NA	41.7714095345574	raw_counts / DESeq2 median-of-ratios (via riborex)	0.099	0.06	0.227	0.323	20.858	12.662	13.205	15.665	20.858	12.662	13.205	15.665
MM_RS06190	0.101091170781843	0.932746482768673	NA	24.2281490424557	raw_counts / DESeq2 median-of-ratios (via riborex)	0.027	0.024	0.237	0.454	5.767	5.166	14.187	19.117	5.767	5.166	14.187	19.117
MM_RS16030	-0.10057337853529	0.896302029387637	NA	43.1534374081765	raw_counts / DESeq2 median-of-ratios (via riborex)	0.256	0.188	2.434	3.602	54.676	39.898	141.413	163.197	54.676	39.898	141.413	163.197
MM_RS04860	-0.0974513917471389	0.9359882803038	NA	11.6421165345343	raw_counts / DESeq2 median-of-ratios (via riborex)	0.011	0.007	0.054	0.088	2.411	1.491	3.282	4.055	2.411	1.491	3.282	4.055
MM_RS11275	-0.0964689128345773	0.942268574180639	NA	15.9407333568212	raw_counts / DESeq2 median-of-ratios (via riborex)	0.009	0.015	0.079	0.102	2.014	3.359	4.32	4.299	2.014	3.359	4.32	4.299
MM_RS12180	-0.0937728120063314	0.924638972526677	NA	45.6535575304094	raw_counts / DESeq2 median-of-ratios (via riborex)	0.039	0.047	0.796	1.061	8.147	9.849	44.551	47.5	8.147	9.849	44.551	47.5
MM_RS14820	-0.093320835424202	0.907171034025341	NA	41.1078539673709	raw_counts / DESeq2 median-of-ratios (via riborex)	0.063	0.04	0.431	0.707	13.433	8.355	25.76	30.739	13.433	8.355	25.76	30.739
MM_RS13815	0.0930993262371495	0.914786125127168	NA	27.9022116586801	raw_counts / DESeq2 median-of-ratios (via riborex)	0.047	0.035	0.161	0.275	9.998	7.32	9.45	12.801	9.998	7.32	9.45	12.801
MM_RS18465	-0.0914488803827787	0.937606141552592	NA	37.6086202334732	raw_counts / DESeq2 median-of-ratios (via riborex)	0.017	0.022	0.231	0.364	3.672	4.5	13.798	17.302	3.672	4.5	13.798	17.302
MM_RS04870	0.0861232488885797	0.913490715360312	NA	38.8979991511579	raw_counts / DESeq2 median-of-ratios (via riborex)	0.054	0.068	0.699	1.232	11.599	14.644	41.191	55.29	11.599	14.644	41.191	55.29
MM_RS09790	-0.0829008497003229	0.945497863558459	NA	18.0866195600023	raw_counts / DESeq2 median-of-ratios (via riborex)	0.061	0.043	0.075	0.095	12.991	9.01	4.134	4.506	12.991	9.01	4.134	4.506
MM_RS17695	0.0826781441602218	0.91559229799939	NA	48.1888532827216	raw_counts / DESeq2 median-of-ratios (via riborex)	0.061	0.025	0.282	0.483	12.858	5.177	16.322	20.822	12.858	5.177	16.322	20.822
MM_RS11280	0.0826694470710472	0.947864298150967	NA	10.3935334903318	raw_counts / DESeq2 median-of-ratios (via riborex)	0.019	0.009	0.081	0.127	3.975	1.973	4.603	5.826	3.975	1.973	4.603	5.826
MM_RS18925	-0.0812218715112947	0.936087169718003	NA	26.4893918786759	raw_counts / DESeq2 median-of-ratios (via riborex)	0.489	0.509	10.737	17.22	102.659	111.446	638.909	779.235	102.659	111.446	638.909	779.235
MM_RS19095	-0.080645374886627	0.96148545238577	NA	6.6416989581712	raw_counts / DESeq2 median-of-ratios (via riborex)	0.117	0.184	0.145	0.23	24.868	39.647	9.076	11.194	24.868	39.647	9.076	11.194
MM_RS01205	-0.0803127408613516	0.932167889197159	NA	23.2686754320915	raw_counts / DESeq2 median-of-ratios (via riborex)	0.013	0.008	0.058	0.084	2.809	1.707	3.297	3.706	2.809	1.707	3.297	3.706
MM_RS16565	-0.0802631706189055	0.938272160580213	NA	24.2919911209951	raw_counts / DESeq2 median-of-ratios (via riborex)	0.026	0.034	0.087	0.142	5.551	7.287	5.224	6.398	5.551	7.287	5.224	6.398
MM_RS07585	0.0780656060100823	0.955562714828967	NA	17.6533322803126	raw_counts / DESeq2 median-of-ratios (via riborex)	0.074	0.075	0.627	1.147	16.079	15.604	37.712	53.008	16.079	15.604	37.712	53.008
MM_RS09665	0.0766132799750065	0.954785647888257	NA	15.784313697271	raw_counts / DESeq2 median-of-ratios (via riborex)	0.009	0.011	0.214	0.385	1.952	2.252	12.744	17.182	1.952	2.252	12.744	17.182
MM_RS01260	0.0750981925130463	0.957549915019879	NA	11.392081675588	raw_counts / DESeq2 median-of-ratios (via riborex)	0.133	0.21	3.022	4.53	28.089	44.609	168.724	203.075	28.089	44.609	168.724	203.075
MM_RS09780	0.0731333185969124	0.94704769288985	NA	23.166354655116	raw_counts / DESeq2 median-of-ratios (via riborex)	0.042	0.042	0.291	0.469	8.824	9.115	16.693	21.26	8.824	9.115	16.693	21.26
MM_RS01795	-0.072324165319515	0.93744286968326	NA	29.9227684700776	raw_counts / DESeq2 median-of-ratios (via riborex)	0.035	0.013	0.211	0.321	7.426	2.808	12.158	13.866	7.426	2.808	12.158	13.866
MM_RS06170	-0.0662273464215102	0.961898876894939	NA	11.342406863369	raw_counts / DESeq2 median-of-ratios (via riborex)	0.101	0.185	1.329	1.881	21.828	39.274	75.569	86.49	21.828	39.274	75.569	86.49
MM_RS18615	-0.0646705007899156	0.955781400292954	NA	21.2254494726644	raw_counts / DESeq2 median-of-ratios (via riborex)	0.351	0.071	3.044	5.082	75.382	14.946	185.414	244.236	75.382	14.946	185.414	244.236
MM_RS03050	-0.0625304303456925	0.951255046399626	NA	36.4819768205089	raw_counts / DESeq2 median-of-ratios (via riborex)	0.031	0.037	0.331	0.458	6.611	7.823	18.603	20.724	6.611	7.823	18.603	20.724
MM_RS03880	-0.0596456721539237	0.940749641550067	NA	36.4794409944141	raw_counts / DESeq2 median-of-ratios (via riborex)	0.026	0.03	0.367	0.569	5.512	6.474	21.48	25.92	5.512	6.474	21.48	25.92
MM_RS10495	-0.0595043519764197	0.977070653631913	NA	4.89455221414605	raw_counts / DESeq2 median-of-ratios (via riborex)	0.02	0.017	0.074	0.105	4.07	3.626	4.245	4.996	4.07	3.626	4.245	4.996
MM_RS13215	-0.0562295048981698	0.946716838958221	NA	45.8929289904373	raw_counts / DESeq2 median-of-ratios (via riborex)	0.066	0.062	0.804	1.425	14.061	13.2	49.139	62.834	14.061	13.2	49.139	62.834
MM_RS08815	0.0535481019144206	0.952381400344586	NA	35.9334142870732	raw_counts / DESeq2 median-of-ratios (via riborex)	0.07	0.074	1.209	1.834	14.951	15.705	68.452	84.468	14.951	15.705	68.452	84.468
MM_RS00535	0.0517184336070445	0.959445364131261	NA	32.99502564744	raw_counts / DESeq2 median-of-ratios (via riborex)	0.043	0.073	1.601	2.426	9.131	15.2	90.797	112.892	9.131	15.2	90.797	112.892
MM_RS01625	-0.0473789349955161	0.960414923409198	NA	33.4158105982437	raw_counts / DESeq2 median-of-ratios (via riborex)	0.035	0.022	0.211	0.335	7.642	4.619	12.427	15.386	7.642	4.619	12.427	15.386
MM_RS08345	-0.0470639476922932	0.952919419938426	NA	43.7786156349082	raw_counts / DESeq2 median-of-ratios (via riborex)	0.061	0.048	0.885	1.504	13.067	10.282	53.255	67.562	13.067	10.282	53.255	67.562
MM_RS14965	-0.0470228573566598	0.96515957509253	NA	31.0807714220135	raw_counts / DESeq2 median-of-ratios (via riborex)	0.018	0.027	0.368	0.512	3.941	5.815	20.591	22.315	3.941	5.815	20.591	22.315
MM_RS15290	-0.0469034156887268	0.970130037930392	NA	21.6739187214303	raw_counts / DESeq2 median-of-ratios (via riborex)	0.014	0.019	0.184	0.262	2.972	3.959	10.437	11.968	2.972	3.959	10.437	11.968
MM_RS05695	0.0462582853898132	0.976357382599951	NA	5.90850878381398	raw_counts / DESeq2 median-of-ratios (via riborex)	0.037	0.036	0.144	0.237	7.787	7.229	8.427	10.933	7.787	7.229	8.427	10.933
MM_RS07795	0.0457410444817859	0.951410935045304	NA	47.8660263587302	raw_counts / DESeq2 median-of-ratios (via riborex)	0.065	0.028	0.308	0.488	13.85	5.918	17.642	21.852	13.85	5.918	17.642	21.852
MM_RS15270	-0.0449985199412642	0.951742894060501	NA	48.3356370804652	raw_counts / DESeq2 median-of-ratios (via riborex)	0.186	0.159	1.13	1.863	39.635	34.108	67.126	82.901	39.635	34.108	67.126	82.901
MM_RS11195	-0.044937117377143	0.963737409971954	NA	20.1754201339459	raw_counts / DESeq2 median-of-ratios (via riborex)	0.093	0.034	0.22	0.338	19.804	7.18	12.61	14.998	19.804	7.18	12.61	14.998
MM_RS19620	-0.042229734804712	0.972598721008088	NA	22.7765519944337	raw_counts / DESeq2 median-of-ratios (via riborex)	3.761	1.503	10.211	18.696	787.051	316.136	641.385	885.202	787.051	316.136	641.385	885.202
MM_RS18045	0.0413932427109725	0.979966421118152	NA	5.89036995611384	raw_counts / DESeq2 median-of-ratios (via riborex)	0.078	0.036	0.957	1.714	16.669	7.945	57.534	77.256	16.669	7.945	57.534	77.256
MM_RS15920	0.0372682831341266	0.97043498723407	NA	18.30565782181	raw_counts / DESeq2 median-of-ratios (via riborex)	0.008	0.004	0.05	0.079	1.625	0.907	2.886	3.604	1.625	0.907	2.886	3.604
MM_RS17505	0.0362181777056094	0.975341083835848	NA	23.9323695721737	raw_counts / DESeq2 median-of-ratios (via riborex)	0.029	0.062	0.417	0.718	6.282	13.347	24.671	31.985	6.282	13.347	24.671	31.985
MM_RS16275	-0.027774917103581	0.979808247861782	NA	22.2118878014448	raw_counts / DESeq2 median-of-ratios (via riborex)	0.033	0.044	0.44	0.69	6.916	9.649	25.644	31.327	6.916	9.649	25.644	31.327
MM_RS03345	-0.0264609347636627	0.979497261063647	NA	43.0663875336794	raw_counts / DESeq2 median-of-ratios (via riborex)	0.633	0.353	1.826	2.83	136.745	75.552	105.881	128.188	136.745	75.552	105.881	128.188
MM_RS16635	-0.0253339788280019	0.975490930188934	NA	40.5771919220698	raw_counts / DESeq2 median-of-ratios (via riborex)	0.033	0.025	0.48	0.73	7.009	5.391	27.743	33.78	7.009	5.391	27.743	33.78
MM_RS09205	0.024455858106013	0.979778172769183	NA	37.0939670572621	raw_counts / DESeq2 median-of-ratios (via riborex)	0.022	0.023	0.471	0.693	4.751	4.689	26.644	32.436	4.751	4.689	26.644	32.436
MM_RS14910	-0.0219700359159297	0.977378553287643	NA	39.2943533367981	raw_counts / DESeq2 median-of-ratios (via riborex)	0.039	0.047	0.244	0.4	8.335	9.936	14.317	17.542	8.335	9.936	14.317	17.542
MM_RS14250	-0.0213827768288094	0.980069698746783	NA	34.3773326668545	raw_counts / DESeq2 median-of-ratios (via riborex)	0.086	0.075	0.815	1.214	18.39	15.531	46.574	55.385	18.39	15.531	46.574	55.385
MM_RS18890	0.0204957886331563	0.994850442928339	NA	35.5945213387268	raw_counts / DESeq2 median-of-ratios (via riborex)	0.488	0.362	18.377	29.901	107.141	77.336	1081.038	1481.046	107.141	77.336	1081.038	1481.046
MM_RS13230	0.0189610996069103	0.992293589411005	NA	6.40449557329165	raw_counts / DESeq2 median-of-ratios (via riborex)	0.108	0.042	0.091	0.133	23.508	8.504	5.152	6.246	23.508	8.504	5.152	6.246
MM_RS01810	-0.0181312835797009	0.989333058161221	NA	13.2537960366515	raw_counts / DESeq2 median-of-ratios (via riborex)	0.032	0.01	0.327	0.496	6.741	2.103	18.56	21.258	6.741	2.103	18.56	21.258
MM_RS17290	-0.0156044366885669	0.990707055857399	NA	14.2016801882092	raw_counts / DESeq2 median-of-ratios (via riborex)	0.021	0.009	0.247	0.393	4.472	2.011	14.329	17.184	4.472	2.011	14.329	17.184
MM_RS16465	-0.0154849273910669	0.989144782303332	NA	18.3046302967566	raw_counts / DESeq2 median-of-ratios (via riborex)	0.153	0.089	1.188	1.737	32.094	19.72	67.562	80.279	32.094	19.72	67.562	80.279
MM_RS09795	0.0154334067394857	0.984717460666368	NA	35.6442536058161	raw_counts / DESeq2 median-of-ratios (via riborex)	0.045	0.04	0.19	0.292	9.616	8.686	10.889	13.32	9.616	8.686	10.889	13.32
MM_RS15660	-0.0125971716252449	0.988218395772834	NA	36.0600523563103	raw_counts / DESeq2 median-of-ratios (via riborex)	0.045	0.045	0.554	0.849	9.645	9.698	32.061	39.727	9.645	9.698	32.061	39.727
MM_RS06185	0.0117793732830729	0.990781024140624	NA	42.8123437144374	raw_counts / DESeq2 median-of-ratios (via riborex)	0.06	0.058	0.353	0.596	12.865	12.153	20.859	26.522	12.865	12.153	20.859	26.522
MM_RS14195	0.00990079945037213	0.993256050966438	NA	35.63089432017	raw_counts / DESeq2 median-of-ratios (via riborex)	0.037	0.023	0.27	0.379	7.758	4.95	14.922	16.417	7.758	4.95	14.922	16.417
MM_RS14135	-0.00805577784584679	0.997131461506949	NA	11.0485603462119	raw_counts / DESeq2 median-of-ratios (via riborex)	0.033	0.052	0.177	0.413	7.251	10.565	11.997	19.031	7.251	10.565	11.997	19.031
MM_RS17670	-0.00786659107798537	0.995177108966977	NA	11.3974284046411	raw_counts / DESeq2 median-of-ratios (via riborex)	0.306	0.206	3.33	4.937	65.848	42.666	189.42	225.744	65.848	42.666	189.42	225.744
MM_RS11900	-0.0063147523385714	0.994016506718841	NA	40.3870201523526	raw_counts / DESeq2 median-of-ratios (via riborex)	0.04	0.048	0.403	0.584	8.477	10.407	22.761	26.546	8.477	10.407	22.761	26.546
MM_RS08070	-0.00518963809662236	0.995003719399485	NA	36.4450812134589	raw_counts / DESeq2 median-of-ratios (via riborex)	0.031	0.011	0.346	0.523	6.513	2.246	19.727	23.579	6.513	2.246	19.727	23.579
MM_RS02500	-0.00508661126297499	0.996809812534943	NA	26.9922371075321	raw_counts / DESeq2 median-of-ratios (via riborex)	0.068	0.086	0.842	1.099	14.557	17.838	46.359	53.317	14.557	17.838	46.359	53.317
MM_RS02170	-0.00425619540767356	0.995438944579023	NA	48.4615409867826	raw_counts / DESeq2 median-of-ratios (via riborex)	0.114	0.101	0.904	1.397	24.253	21.667	51.879	61.757	24.253	21.667	51.879	61.757
MM_RS19020	0.00128118205038777	0.998784875914758	NA	40.3739398875881	raw_counts / DESeq2 median-of-ratios (via riborex)	0.04	0.039	0.815	1.33	8.638	8.322	47.771	60.087	8.638	8.322	47.771	60.087
