gene_id	log2FC_Ribo	lfcSE_Ribo	pvalue_Ribo	padj_Ribo	baseMean_counts_Ribo	log2FC_basis_Ribo	TPM_Ribo_NitrogenPlus	TPM_Ribo_NitrogenMinus	RPKM_Ribo_NitrogenPlus	RPKM_Ribo_NitrogenMinus	FPKM_Ribo_NitrogenPlus	FPKM_Ribo_NitrogenMinus
MM_RS11770	-5.11010441537309	0.431285292266406	2.18952125859433e-32	7.56260642718483e-29	2256.96722370908	raw_counts / DESeq2 median-of-ratios	9.771	0.499	581.888	22.195	581.888	22.195
MM_RS11760	-4.94193729188286	0.421910170306776	1.09025208030665e-31	1.25524356179306e-28	2020.47792472284	raw_counts / DESeq2 median-of-ratios	13.666	0.767	810.719	34.768	810.719	34.768
MM_RS00730	4.66746766240439	0.398299596989859	1.02488996071809e-31	1.25524356179306e-28	20613.9718725642	raw_counts / DESeq2 median-of-ratios	95.281	4052.762	5591.424	184027.007	5591.424	184027.007
MM_RS03825	5.68172100235996	0.486540839032825	1.65546666698824e-31	1.42949546694434e-28	3016.39479499515	raw_counts / DESeq2 median-of-ratios	2.069	196.368	126.115	8941.086	126.115	8941.086
MM_RS05000	5.9261874156119	0.517549252804845	2.33846766329499e-30	1.61541346180418e-27	2238.90612542292	raw_counts / DESeq2 median-of-ratios	0.912	103.507	55.571	4515.955	55.571	4515.955
MM_RS11765	-5.37484267449255	0.476108792622797	1.48539625943658e-29	8.5509311334899e-27	2212.86641603635	raw_counts / DESeq2 median-of-ratios	6.201	0.268	374.052	12.322	374.052	12.322
MM_RS11775	-4.64032115505389	0.42256280524453	4.69712689822532e-28	2.31769661521004e-25	1903.57008315108	raw_counts / DESeq2 median-of-ratios	10.091	0.656	586.294	29.859	586.294	29.859
MM_RS18200	7.46343611158095	0.683208478884377	8.8414845666004e-28	3.81731096162972e-25	4370.99778266948	raw_counts / DESeq2 median-of-ratios	8.051	2822.759	508.589	134797.892	508.589	134797.892
MM_RS16525	4.7437496681004	0.445522761216588	1.78911860590547e-26	6.86623962755279e-24	28093.8386374694	raw_counts / DESeq2 median-of-ratios	5.077	222.172	296.1	10301.388	296.1	10301.388
MM_RS03905	-4.31435105053848	0.42709092295165	5.4284079333489e-24	1.87497210017871e-21	3407.10321239144	raw_counts / DESeq2 median-of-ratios	14.988	1.322	890.905	58.457	890.905	58.457
MM_RS08860	5.20053666341663	0.516162101754837	7.09755840837932e-24	2.1374403149763e-21	303.095133114383	raw_counts / DESeq2 median-of-ratios	0.188	11.453	10.993	524.049	10.993	524.049
MM_RS11110	-4.37038624641606	0.434299404498783	8.0447956267203e-24	2.1374403149763e-21	2081.76785940771	raw_counts / DESeq2 median-of-ratios	54.028	4.533	3216.103	207.44	3216.103	207.44
MM_RS11025	-4.14183457894445	0.411539596770446	7.94963876137205e-24	2.1374403149763e-21	1773.49960451426	raw_counts / DESeq2 median-of-ratios	41.575	4.025	2457.363	182.195	2457.363	182.195
MM_RS11085	-4.03566078636999	0.406055203612724	2.8248997587957e-23	6.9694312620574e-21	1616.35007536192	raw_counts / DESeq2 median-of-ratios	41.32	4.241	2425.82	190.114	2425.82	190.114
MM_RS03790	4.74882749229667	0.491451797953386	4.33607803604785e-22	9.98454235767286e-20	9530.5149400911	raw_counts / DESeq2 median-of-ratios	1.756	80.805	104.204	3792.989	104.204	3792.989
MM_RS05760	-4.02817591868809	0.417386958187484	4.87078355288664e-22	1.0514803994794e-19	2196.93690321042	raw_counts / DESeq2 median-of-ratios	22.02	2.316	1304.459	105.488	1304.459	105.488
MM_RS04995	5.20729375987287	0.550990093074191	3.36270723447872e-21	6.83222987522912e-19	1323.31063170677	raw_counts / DESeq2 median-of-ratios	1.187	83.913	73.522	3863.418	73.522	3863.418
MM_RS00020	-4.10432895941051	0.437818701520316	6.95081094839135e-21	1.33378338976354e-18	1252.87324193295	raw_counts / DESeq2 median-of-ratios	12.283	1.269	733.997	56.514	733.997	56.514
MM_RS17315	5.42864376911611	0.580853418806893	9.10433838889826e-21	1.65507288396077e-18	3223.54460108779	raw_counts / DESeq2 median-of-ratios	0.992	79.457	60.806	3759.787	60.806	3759.787
MM_RS03830	5.70297987658225	0.61326337853688	1.41243884469495e-20	2.32312560456018e-18	9152.89824559194	raw_counts / DESeq2 median-of-ratios	1.038	112.029	65.79	4998.497	65.79	4998.497
MM_RS05025	3.65265370052058	0.39264473228361	1.36931660173368e-20	2.32312560456018e-18	15183.9192384263	raw_counts / DESeq2 median-of-ratios	7.298	153.011	427.307	6888.759	427.307	6888.759
MM_RS11090	-4.02379919870441	0.434649943554669	2.09151376350069e-20	3.28367660869609e-18	2342.93300506203	raw_counts / DESeq2 median-of-ratios	53.534	5.785	3198.641	263.912	3198.641	263.912
MM_RS11020	-4.13439313583667	0.447096042196227	2.30418409035484e-20	3.46028341221113e-18	1609.12973957818	raw_counts / DESeq2 median-of-ratios	44.119	4.26	2609.815	196.899	2609.815	196.899
MM_RS11105	-4.20394501923979	0.45574831712745	2.85501910638112e-20	4.10884833060017e-18	1118.16886974853	raw_counts / DESeq2 median-of-ratios	24.496	2.406	1473.774	107.327	1473.774	107.327
MM_RS11070	-4.54036820227655	0.496566871842049	6.04529505401895e-20	8.35217964663259e-18	1003.76737046234	raw_counts / DESeq2 median-of-ratios	395.171	25.779	22457.192	1167.577	22457.192	1167.577
MM_RS11060	-3.76721492749313	0.414730429229429	1.0511255402035e-19	1.39637985225496e-17	2207.55403329953	raw_counts / DESeq2 median-of-ratios	27.483	3.523	1633.614	157.716	1633.614	157.716
MM_RS11010	-4.37855345870223	0.483406312732014	1.33219740449107e-19	1.70422586485635e-17	655.847610419601	raw_counts / DESeq2 median-of-ratios	46.439	3.871	2775.316	179.458	2775.316	179.458
MM_RS11080	-3.66919737775188	0.406314921309371	1.71002677602014e-19	2.10944017299056e-17	1667.952811421	raw_counts / DESeq2 median-of-ratios	31.609	4.132	1851.078	187.235	1851.078	187.235
MM_RS11005	-4.18774616961736	0.467044061861844	3.06112171830091e-19	3.6459015224177e-17	3875.24323674384	raw_counts / DESeq2 median-of-ratios	43.412	4.238	2608.635	195.753	2608.635	195.753
MM_RS11000	-3.5866464126453	0.400706432780223	3.52889153170306e-19	4.06293045016746e-17	3307.89438523208	raw_counts / DESeq2 median-of-ratios	26.866	3.819	1586.379	172.197	1586.379	172.197
MM_RS12650	4.17636529171572	0.470262049920067	6.63024721692734e-19	7.38737867331195e-17	473.801817409204	raw_counts / DESeq2 median-of-ratios	0.503	16.142	30.156	714.289	30.156	714.289
MM_RS11055	-3.91551964789304	0.444461455559292	1.25613349566141e-18	1.35583909187953e-16	1793.0099141508	raw_counts / DESeq2 median-of-ratios	61.024	7.249	3655.532	320.909	3655.532	320.909
MM_RS11065	-3.78915083691702	0.431342799495003	1.56996764386394e-18	1.64323280057759e-16	1641.72285733143	raw_counts / DESeq2 median-of-ratios	32.304	4.149	1930.589	185.015	1930.589	185.015
MM_RS00030	-4.49399254867934	0.521348520808357	6.69896757032733e-18	6.80536293762076e-16	1699.7014836354	raw_counts / DESeq2 median-of-ratios	23.933	2.042	1471.093	90.557	1471.093	90.557
MM_RS11015	-4.38986571213572	0.511705013088268	9.57853925772761e-18	9.45264988462605e-16	3085.08129063161	raw_counts / DESeq2 median-of-ratios	35.237	3.221	2167.035	144.496	2167.035	144.496
MM_RS11100	-3.95595985024566	0.461713834838658	1.05306285237345e-17	1.01035530336053e-15	1410.90933655011	raw_counts / DESeq2 median-of-ratios	19.903	2.291	1197.452	104.977	1197.452	104.977
MM_RS11050	-3.61353739806484	0.425056874811626	1.87473888018493e-17	1.75009407896182e-15	1208.02732695707	raw_counts / DESeq2 median-of-ratios	34.092	4.797	2012.949	212.06	2012.949	212.06
MM_RS03765	6.81687549974781	0.810657977107623	4.13292573787788e-17	3.75661197332374e-15	10265.9329546544	raw_counts / DESeq2 median-of-ratios	0.751	195.069	49.955	9018.278	49.955	9018.278
MM_RS04990	6.34718921078465	0.760232482685721	6.8837042106246e-17	6.09649085730702e-15	6897.91330760063	raw_counts / DESeq2 median-of-ratios	0.381	69.91	25.059	3196.023	25.059	3196.023
MM_RS05275	-3.80770760619738	0.461571720103481	1.59140226746456e-16	1.37417585795564e-14	6995.27749492957	raw_counts / DESeq2 median-of-ratios	278.931	36.648	16915.607	1655.297	16915.607	1655.297
MM_RS11095	-4.01663760126191	0.490160482168218	2.51562167050185e-16	2.11925786583254e-14	2185.67860225355	raw_counts / DESeq2 median-of-ratios	39.152	4.35	2364.406	201.765	2364.406	201.765
MM_RS11030	-4.42856987103729	0.54067978438475	2.59615589101128e-16	2.13502915417928e-14	2273.39595467558	raw_counts / DESeq2 median-of-ratios	18.872	1.709	1164.519	75.058	1164.519	75.058
MM_RS03795	5.1739417884206	0.636896153268159	4.52249908757482e-16	3.63272368569382e-14	2910.78178610155	raw_counts / DESeq2 median-of-ratios	0.346	25.436	21.932	1184.535	21.932	1184.535
MM_RS11075	-3.4413045178788	0.424182111214794	4.94665619134917e-16	3.88312511020909e-14	521.375217326145	raw_counts / DESeq2 median-of-ratios	15.267	2.355	894.675	105.546	894.675	105.546
MM_RS03805	4.26004108269079	0.528444665617713	7.53820867298565e-16	5.78599394588721e-14	364.256467998276	raw_counts / DESeq2 median-of-ratios	0.242	8.717	14.909	390.59	14.909	390.59
MM_RS11735	-3.1032191466455	0.395424634574851	4.23350054674832e-15	3.1788067148845e-13	7795.90136375853	raw_counts / DESeq2 median-of-ratios	26.212	5.176	1543.069	231.71	1543.069	231.71
MM_RS00015	-3.53583547338979	0.454948574763933	7.72897792039862e-15	5.67997653979933e-13	2192.03647661441	raw_counts / DESeq2 median-of-ratios	17.08	2.673	1031.302	121.237	1031.302	121.237
MM_RS11045	-3.57419964826674	0.472540776860802	3.91488754950118e-14	2.81708783249523e-12	1193.96328473376	raw_counts / DESeq2 median-of-ratios	44.204	6.601	2657.482	304.67	2657.482	304.67
MM_RS03900	4.2536659106746	0.570450778529831	8.87333910877047e-14	6.25479862891698e-12	330.761474081197	raw_counts / DESeq2 median-of-ratios	0.475	15.039	27.548	641.573	27.548	641.573
MM_RS03810	4.12677456108796	0.557476227548416	1.33541681233612e-13	9.22505933961792e-12	520.858193971166	raw_counts / DESeq2 median-of-ratios	0.198	6.474	12.179	301.306	12.179	301.306
MM_RS05945	-3.11226677861012	0.422344389152796	1.71879159884127e-13	1.16406003576426e-11	525.083963695693	raw_counts / DESeq2 median-of-ratios	3.67	0.7	214.26	31.588	214.26	31.588
MM_RS11035	-4.32865946140122	0.589876328438361	2.16406055351079e-13	1.43743560612044e-11	863.360198787916	raw_counts / DESeq2 median-of-ratios	98.244	9.535	6118.443	442.103	6118.443	442.103
MM_RS12790	-3.04321299235949	0.416561783481878	2.76134600309438e-13	1.79956398012981e-11	1796.34531038558	raw_counts / DESeq2 median-of-ratios	55.805	11.867	3322.963	532.229	3322.963	532.229
MM_RS03800	4.83791674805606	0.666028208727191	3.76276416979844e-13	2.40677545231182e-11	946.950506201669	raw_counts / DESeq2 median-of-ratios	0.297	17.591	18.998	816.508	18.998	816.508
MM_RS00025	-3.72372733219446	0.516616617639822	5.68161530302773e-13	3.56805441030141e-11	1265.72230689925	raw_counts / DESeq2 median-of-ratios	9.64	1.396	592.896	62.87	592.896	62.87
MM_RS16695	3.20959333115219	0.453319581495961	1.43946493066069e-12	8.8784140544679e-11	1281.92345595178	raw_counts / DESeq2 median-of-ratios	0.689	10.409	40.179	482.312	40.179	482.312
MM_RS18300	-3.40003761908573	0.481082976680808	1.5778829840368e-12	9.56141724011069e-11	3304.4477634857	raw_counts / DESeq2 median-of-ratios	668.163	118.151	40738.949	5344.69	40738.949	5344.69
MM_RS09975	3.33078946847615	0.477655050141054	3.0978736984624e-12	1.84483719904985e-10	537.328369632589	raw_counts / DESeq2 median-of-ratios	4.642	82.087	276.045	3577.836	276.045	3577.836
MM_RS09785	10.7846145974528	1.5483938742296	3.28326529472007e-12	1.92210141151917e-10	162.832501588249	raw_counts / DESeq2 median-of-ratios	0	1.413	0	66.194	0	66.194
MM_RS17915	-3.20832106281608	0.465109688141845	5.27441885210819e-12	3.03630711919695e-10	954.354724568506	raw_counts / DESeq2 median-of-ratios	35.353	6.079	2030.684	267.177	2030.684	267.177
MM_RS11745	-2.80433696323919	0.408702864907615	6.81152291896089e-12	3.85688527247392e-10	1428.77463390781	raw_counts / DESeq2 median-of-ratios	35.647	8.346	2072.344	373.891	2072.344	373.891
MM_RS12765	-3.31724496356281	0.483893158820264	7.11504767090223e-12	3.96377010569295e-10	1172.58969232657	raw_counts / DESeq2 median-of-ratios	28.474	5.305	1733.604	240.324	1733.604	240.324
MM_RS10855	-3.02901651991276	0.442737273975647	7.83318042433917e-12	4.29457225169325e-10	439.265341224121	raw_counts / DESeq2 median-of-ratios	6.392	1.37	381.012	61.988	381.012	61.988
MM_RS03770	6.81528550130834	0.999633867763716	9.24569820112186e-12	4.98978774791795e-10	6014.64368422656	raw_counts / DESeq2 median-of-ratios	1.631	456.529	112.162	21194.624	112.162	21194.624
MM_RS03780	5.7507993969654	0.852922992007135	1.55726821296121e-11	8.27508370395078e-10	7795.8229940381	raw_counts / DESeq2 median-of-ratios	0.535	68.173	35.939	3132.558	35.939	3132.558
MM_RS19375	4.2641218546869	0.634094924498128	1.75909396711542e-11	9.20592509457071e-10	8503.22333109839	raw_counts / DESeq2 median-of-ratios	266.966	7568.798	15119.739	364773.474	15119.739	364773.474
MM_RS06995	2.937304340061	0.438044423688819	2.00725872751033e-11	1.0347868126598e-09	1465.84537589598	raw_counts / DESeq2 median-of-ratios	5.271	64.894	304.147	2869.141	304.147	2869.141
MM_RS13735	-3.37654588012386	0.507537739300402	2.87573444541111e-11	1.46070393741911e-09	715.72635659259	raw_counts / DESeq2 median-of-ratios	5.531	1.008	337.778	44.579	337.778	44.579
MM_RS09940	-2.90657672869681	0.438545221507393	3.40796617648564e-11	1.7059587208089e-09	643.004840556901	raw_counts / DESeq2 median-of-ratios	3.003	0.707	179.531	31.959	179.531	31.959
MM_RS11040	-3.36255834044876	0.507703445781324	3.51800805371776e-11	1.73588568822016e-09	204.525543499427	raw_counts / DESeq2 median-of-ratios	7.306	1.299	440.223	57.584	440.223	57.584
MM_RS01025	-3.02833458627712	0.458027457198062	3.79962484249399e-11	1.84843721210905e-09	3706.2999510816	raw_counts / DESeq2 median-of-ratios	50.401	11.268	3048.861	511.894	3048.861	511.894
MM_RS16090	4.11623449902037	0.626395151788027	4.98756898789888e-11	2.3598716827675e-09	3946.29261014871	raw_counts / DESeq2 median-of-ratios	1.663	59.471	105.528	2729.3	105.528	2729.3
MM_RS02110	3.25741190693441	0.495614363462019	4.94864406617101e-11	2.3598716827675e-09	2737.06475704054	raw_counts / DESeq2 median-of-ratios	2.601	41.045	150.985	1766.059	150.985	1766.059
MM_RS02100	3.6310921123985	0.553866281547393	5.53071806740378e-11	2.58150002767738e-09	9360.33215743564	raw_counts / DESeq2 median-of-ratios	2.549	50.475	146.292	2144.234	146.292	2144.234
MM_RS02105	3.09373662581817	0.475760010886849	7.88777941901878e-11	3.63258534843878e-09	2623.5087841603	raw_counts / DESeq2 median-of-ratios	3.628	54.979	216.28	2385.35	216.28	2385.35
MM_RS11740	-2.97941577783805	0.464710655542868	1.4425064860096e-10	6.55581237194363e-09	2401.06926514497	raw_counts / DESeq2 median-of-ratios	35.847	8.328	2172.117	378.305	2172.117	378.305
MM_RS02320	-3.28213632386243	0.513245047112917	1.60682018099013e-10	7.02526190524038e-09	280.744095969434	raw_counts / DESeq2 median-of-ratios	0.59	0.113	35.933	5.082	35.933	5.082
MM_RS14445	-2.62572662135928	0.410452555127123	1.58303652083659e-10	7.02526190524038e-09	727.034866743112	raw_counts / DESeq2 median-of-ratios	4.519	1.236	265.502	55.298	265.502	55.298
MM_RS09105	-2.56820310186996	0.401531770062206	1.59484661741926e-10	7.02526190524038e-09	2807.03158473624	raw_counts / DESeq2 median-of-ratios	68.317	19.211	4004.788	872.599	4004.788	872.599
MM_RS04540	-3.02824940819815	0.477282641293447	2.22755491486962e-10	9.61746834494958e-09	255.770063739461	raw_counts / DESeq2 median-of-ratios	6.812	1.48	405.032	64.919	405.032	64.919
MM_RS12125	-2.73040502416285	0.43072805864917	2.31192047607339e-10	9.85848558562652e-09	4044.81722668871	raw_counts / DESeq2 median-of-ratios	512.006	132.829	30224.973	5829.459	30224.973	5829.459
MM_RS01325	2.79314120570077	0.441079128269798	2.41193249710749e-10	1.01595302987918e-08	5709.10300633373	raw_counts / DESeq2 median-of-ratios	3.848	48.103	231.248	2134.894	231.248	2134.894
MM_RS11725	-2.67742476657733	0.424473594753234	2.83330279769349e-10	1.17906359797992e-08	2345.79872201242	raw_counts / DESeq2 median-of-ratios	101.366	25.742	5896.415	1180.975	5896.415	1180.975
MM_RS10850	-2.77216006186478	0.441783928740271	3.49807740189738e-10	1.43837611263733e-08	432.876088834994	raw_counts / DESeq2 median-of-ratios	1.687	0.436	100.624	19.464	100.624	19.464
MM_RS16550	-2.73750171631452	0.437527573743771	3.93076609464748e-10	1.59727836363675e-08	1086.79487404398	raw_counts / DESeq2 median-of-ratios	5.309	1.424	318.244	63.579	318.244	63.579
MM_RS12785	-2.68047807436706	0.430520299117364	4.78078108306594e-10	1.92009510010579e-08	732.277124358986	raw_counts / DESeq2 median-of-ratios	65.255	17.701	3883.748	805.422	3883.748	805.422
MM_RS12725	-3.7727225447642	0.609733782776143	6.11291759768319e-10	2.42689854970089e-08	368.802836271648	raw_counts / DESeq2 median-of-ratios	3.662	0.541	228.103	23.482	228.103	23.482
MM_RS04225	-2.846465532389	0.467858373734587	1.17196861358829e-09	4.59997680833404e-08	4858.75943750824	raw_counts / DESeq2 median-of-ratios	255.362	63.683	15381.377	2937.592	15381.377	2937.592
MM_RS06700	-2.87880083853259	0.473898949544111	1.24208475797704e-09	4.82040534163226e-08	1416.29403752652	raw_counts / DESeq2 median-of-ratios	8.667	2.18	525.589	96.708	525.589	96.708
MM_RS11730	-2.91841065995004	0.481398922544853	1.34143601383561e-09	5.14813332420912e-08	16148.791971494	raw_counts / DESeq2 median-of-ratios	88.171	21.9	5383.795	985.543	5383.795	985.543
MM_RS00685	2.62942486187565	0.433892896598727	1.36055428309799e-09	5.16412581738513e-08	3253.89802330878	raw_counts / DESeq2 median-of-ratios	3.656	36.296	210.921	1605.089	210.921	1605.089
MM_RS10710	-2.55173943762729	0.421621690520816	1.428795689127e-09	5.36419598939635e-08	1933.31647940631	raw_counts / DESeq2 median-of-ratios	41.538	11.759	2434.353	539.862	2434.353	539.862
MM_RS04190	2.8312316118155	0.471508471947804	1.91774486844377e-09	7.12246319957503e-08	1157.44908776789	raw_counts / DESeq2 median-of-ratios	12.529	137.851	713.998	6132.36	713.998	6132.36
MM_RS15745	-3.25551753558729	0.542746389704875	1.99480172287558e-09	7.32983526682154e-08	13739.507192765	raw_counts / DESeq2 median-of-ratios	29.325	5.991	1819.325	273.535	1819.325	273.535
MM_RS01320	2.74121263972816	0.457947164129641	2.15234937885799e-09	7.82548921534262e-08	1192.77262767206	raw_counts / DESeq2 median-of-ratios	5.007	57.443	295.053	2501.031	295.053	2501.031
MM_RS03785	4.76888557230751	0.800135382243615	2.5208616750655e-09	9.06985023507941e-08	4944.08450298973	raw_counts / DESeq2 median-of-ratios	0.806	50.271	53.424	2330.644	53.424	2330.644
MM_RS04805	-2.87117201457988	0.482103439811123	2.59261526284901e-09	9.23184857513453e-08	336.063849879871	raw_counts / DESeq2 median-of-ratios	3.157	0.737	185.07	31.982	185.07	31.982
MM_RS02375	-2.3960082633217	0.409887703917285	5.04977211017333e-09	1.77978702740191e-07	1823.84089632035	raw_counts / DESeq2 median-of-ratios	11.266	3.468	653.653	156.824	653.653	156.824
MM_RS13030	-2.88531440190562	0.494305844473453	5.31160856718912e-09	1.85316121121932e-07	654.291461926952	raw_counts / DESeq2 median-of-ratios	136.81	33.939	8311.451	1556.889	8311.451	1556.889
MM_RS06020	2.4122629796096	0.414872915959802	6.08290480194885e-09	2.10103531859313e-07	1393.68550642463	raw_counts / DESeq2 median-of-ratios	3.209	27.669	185.874	1237.348	185.874	1237.348
MM_RS05270	-2.35013182822789	0.404556739143219	6.27898431205299e-09	2.14728829839911e-07	4157.49740536809	raw_counts / DESeq2 median-of-ratios	29.835	9.95	1755.93	441.848	1755.93	441.848
MM_RS12775	-2.57469462903782	0.444274626015955	6.82084081098912e-09	2.30972393736828e-07	1623.37258908916	raw_counts / DESeq2 median-of-ratios	37.539	10.189	2169.226	447.803	2169.226	447.803
MM_RS12855	-3.29261594332844	0.569051624919035	7.20195040995405e-09	2.41510065203702e-07	266.304305910732	raw_counts / DESeq2 median-of-ratios	6.6	1.316	407.292	57.87	407.292	57.87
MM_RS03890	-2.70734931774312	0.468172905977033	7.34682883466263e-09	2.4305347370634e-07	174.799406810794	raw_counts / DESeq2 median-of-ratios	0.894	0.234	52.632	10.379	52.632	10.379
MM_RS12770	-2.66955254817127	0.461840527658362	7.45908170610077e-09	2.4305347370634e-07	1767.37641336702	raw_counts / DESeq2 median-of-ratios	7.776	1.933	446.188	85	446.188	85
MM_RS09395	-2.50873707357047	0.433933337950571	7.40867156167549e-09	2.4305347370634e-07	2447.48793887559	raw_counts / DESeq2 median-of-ratios	117.022	36.774	7025.048	1662.671	7025.048	1662.671
MM_RS09130	-2.63302234218568	0.455770179726413	7.60066138930208e-09	2.45352191015415e-07	6323.53590151934	raw_counts / DESeq2 median-of-ratios	72.62	19.091	4235.616	888.135	4235.616	888.135
MM_RS11230	9.12053693096057	1.58093289426763	7.9702893180237e-09	2.54901660226425e-07	51.1949287804189	raw_counts / DESeq2 median-of-ratios	0	0.568	0	26.809	0	26.809
MM_RS13290	3.56617538198338	0.621102539915672	9.37388552266167e-09	2.97040372433701e-07	4542.18604139993	raw_counts / DESeq2 median-of-ratios	78.861	1394.556	4427.777	59229.231	4427.777	59229.231
MM_RS14360	2.5990650931642	0.453326202662093	9.84824098211316e-09	3.09234766838353e-07	334.846916083712	raw_counts / DESeq2 median-of-ratios	0.359	3.73	21.171	164.182	21.171	164.182
MM_RS03700	2.85866531741476	0.499021824919146	1.01300065835309e-08	3.15216601256899e-07	2812.30689295822	raw_counts / DESeq2 median-of-ratios	2.589	35.717	158.841	1600.152	158.841	1600.152
MM_RS00410	2.66728488632858	0.466236418276546	1.05970669319514e-08	3.2680597484786e-07	555.098569604022	raw_counts / DESeq2 median-of-ratios	0.535	6.198	32.361	278.475	32.361	278.475
MM_RS15700	-3.25130882953441	0.5737350366961	1.45389729705523e-08	4.44403651683961e-07	441.032437668852	raw_counts / DESeq2 median-of-ratios	2.777	0.576	173.039	25.945	173.039	25.945
MM_RS14720	8.99678774163051	1.59472453429494	1.68483396389499e-08	5.03906667076146e-07	47.5648323203019	raw_counts / DESeq2 median-of-ratios	0	0.575	0	24.428	0	24.428
MM_RS11150	-2.45734181707041	0.435549752732228	1.68153121217503e-08	5.03906667076146e-07	428.385563961183	raw_counts / DESeq2 median-of-ratios	3.171	0.996	187.356	44.07	187.356	44.07
MM_RS15820	-2.45321987148298	0.434904130184366	1.69233275566974e-08	5.03906667076146e-07	496.010702673936	raw_counts / DESeq2 median-of-ratios	0.679	0.2	39.278	8.943	39.278	8.943
MM_RS16320	3.28940638899984	0.583884631442627	1.764266165413e-08	5.2083549874671e-07	124.054207177637	raw_counts / DESeq2 median-of-ratios	0.207	3.052	11.651	140.436	11.651	140.436
MM_RS07410	-2.66112972447772	0.474294620935316	2.01497815646975e-08	5.89808012919197e-07	191.595551317424	raw_counts / DESeq2 median-of-ratios	10.979	2.858	637.846	126.048	637.846	126.048
MM_RS05045	-2.81065865410741	0.503783666851928	2.41768438412935e-08	7.01737971662418e-07	1379.8404681937	raw_counts / DESeq2 median-of-ratios	14.756	3.82	885.459	164.826	885.459	164.826
MM_RS05415	3.10191472063629	0.556960792541833	2.55677887280157e-08	7.35926185554719e-07	438.06191802458	raw_counts / DESeq2 median-of-ratios	1.532	25.668	95.31	1161.895	95.31	1161.895
MM_RS09390	-2.32062601118605	0.418563320066443	2.95191304699333e-08	8.42636997050825e-07	1008.48762150479	raw_counts / DESeq2 median-of-ratios	148.553	52.037	8840.875	2333.487	8840.875	2333.487
MM_RS12780	-2.42334614344659	0.440090311252004	3.66090647492808e-08	1.03199320827829e-06	1777.10040896909	raw_counts / DESeq2 median-of-ratios	292.187	86.766	16817.628	3842.363	16817.628	3842.363
MM_RS17155	-2.29717354769142	0.417228163246714	3.67501924198695e-08	1.03199320827829e-06	1117.79840137929	raw_counts / DESeq2 median-of-ratios	4.265	1.401	246.903	62.835	246.903	62.835
MM_RS08015	-2.57783991748266	0.471526992705961	4.57705935146288e-08	1.27493249999619e-06	600.223262107236	raw_counts / DESeq2 median-of-ratios	3.694	1.123	223.304	51.132	223.304	51.132
MM_RS00010	-2.69241481204507	0.493056311361662	4.74357266213904e-08	1.31074399800226e-06	5431.86426622141	raw_counts / DESeq2 median-of-ratios	23.105	6.413	1393.261	298.655	1393.261	298.655
MM_RS12860	-3.23886732222427	0.594342763900752	5.05133289973401e-08	1.3847066536255e-06	602.718241407378	raw_counts / DESeq2 median-of-ratios	2.721	0.573	168.57	24.67	168.57	24.67
MM_RS03280	-3.9857353701771	0.731749472596061	5.12673979113097e-08	1.39431175106822e-06	9836.01627607932	raw_counts / DESeq2 median-of-ratios	64.183	9.052	4194.06	408.857	4194.06	408.857
MM_RS07375	-2.66070197778566	0.49073645573378	5.89836713932429e-08	1.59163750775204e-06	998.140944611144	raw_counts / DESeq2 median-of-ratios	3.903	1.151	236.986	50.61	236.986	50.61
MM_RS12865	-3.37219322284244	0.622238974893849	5.97825533822372e-08	1.60068945257556e-06	395.306281652825	raw_counts / DESeq2 median-of-ratios	1.841	0.348	112.879	14.693	112.879	14.693
MM_RS04150	2.72183942544432	0.503574139244976	6.47931707894922e-08	1.7215047069762e-06	312.904678798606	raw_counts / DESeq2 median-of-ratios	0.225	2.587	13.311	111.907	13.311	111.907
MM_RS00590	-3.28863563581303	0.608726164274374	6.57229530311315e-08	1.73287847152311e-06	158.196433412936	raw_counts / DESeq2 median-of-ratios	2.17	0.438	135.035	19.601	135.035	19.601
MM_RS15485	-2.59738994679551	0.481719598054622	6.97116939303859e-08	1.8241226578451e-06	194.53254038089	raw_counts / DESeq2 median-of-ratios	0.982	0.29	58.949	13.036	58.949	13.036
MM_RS09100	-2.15285720200205	0.399712107695136	7.20351555078541e-08	1.87074757236186e-06	1508.65188655283	raw_counts / DESeq2 median-of-ratios	40.915	15.566	2408.109	701.518	2408.109	701.518
MM_RS06705	-2.57009046751185	0.477825391890091	7.50159863597828e-08	1.91929790286437e-06	1135.62487806037	raw_counts / DESeq2 median-of-ratios	5.577	1.747	338.959	77.824	338.959	77.824
MM_RS01555	-2.50441542744658	0.465518972819218	7.45539924664622e-08	1.91929790286437e-06	1639.55027751206	raw_counts / DESeq2 median-of-ratios	3.572	1.162	216.625	51.965	216.625	51.965
MM_RS04220	-2.72204894735955	0.507788737994575	8.29490358047065e-08	2.09128445014202e-06	616.808779497476	raw_counts / DESeq2 median-of-ratios	179.697	47.056	10722.267	2210.809	10722.267	2210.809
MM_RS07125	-2.39110791245875	0.445951643888331	8.23922503568326e-08	2.09128445014202e-06	704.769359412139	raw_counts / DESeq2 median-of-ratios	2.31	0.751	135.747	32.846	135.747	32.846
MM_RS04545	-2.57036090326546	0.479744595599373	8.42556917479724e-08	2.10883448766302e-06	1124.82884704766	raw_counts / DESeq2 median-of-ratios	6.591	2.067	400.638	91.862	400.638	91.862
MM_RS05575	-3.57770030426883	0.668015809470553	8.52201469312847e-08	2.11762868705509e-06	19082.0880104078	raw_counts / DESeq2 median-of-ratios	122.507	22.114	7872.086	981.094	7872.086	981.094
MM_RS11170	-2.1673639704926	0.405043607381346	8.74986150778264e-08	2.15871583199152e-06	3205.72771892935	raw_counts / DESeq2 median-of-ratios	85.16	32.789	5051.376	1480.086	5051.376	1480.086
MM_RS04470	-2.45752851501747	0.459543073004629	8.90468143196778e-08	2.181331181987e-06	566.109073933326	raw_counts / DESeq2 median-of-ratios	6.315	1.985	375.828	91.711	375.828	91.711
MM_RS08635	-2.54687939870202	0.476398958573605	8.98665212221172e-08	2.18590819930418e-06	176.344105324872	raw_counts / DESeq2 median-of-ratios	0.895	0.25	52.336	11.516	52.336	11.516
MM_RS12300	-2.5529186217253	0.477854253635806	9.16921417835219e-08	2.21471788615584e-06	161.545678796354	raw_counts / DESeq2 median-of-ratios	6.177	1.851	368.477	83.155	368.477	83.155
MM_RS15095	2.78385532851789	0.521460637121547	9.36813328945401e-08	2.24705085984543e-06	346.671132344427	raw_counts / DESeq2 median-of-ratios	0.749	9.223	44.775	397.455	44.775	397.455
MM_RS10750	-2.49993375037211	0.468637439089862	9.58224611953491e-08	2.28255711012921e-06	432.287928683233	raw_counts / DESeq2 median-of-ratios	3.83	1.088	222.552	50.467	222.552	50.467
MM_RS09115	-2.18656961704868	0.410329597497081	9.88568162271644e-08	2.33870851540155e-06	1177.82658186918	raw_counts / DESeq2 median-of-ratios	183.328	65.675	10647.497	2941.87	10647.497	2941.87
MM_RS04205	-2.37275468957552	0.448746230046565	1.23985773587155e-07	2.91324395897981e-06	2268.60980021779	raw_counts / DESeq2 median-of-ratios	49.173	15.729	2883.479	730.046	2883.479	730.046
MM_RS03140	-2.35125776352671	0.444836923320648	1.25250754414946e-07	2.92308179560287e-06	670.742839346802	raw_counts / DESeq2 median-of-ratios	222.146	71.946	13017.456	3324.012	13017.456	3324.012
MM_RS05040	-2.36358506074967	0.448989414717864	1.40775537395783e-07	3.26334702124183e-06	2134.74812721083	raw_counts / DESeq2 median-of-ratios	9.507	3.333	570.89	147.204	570.89	147.204
MM_RS19610	-2.34205889902084	0.445367249336128	1.45066459974101e-07	3.34039701833696e-06	301.636401836925	raw_counts / DESeq2 median-of-ratios	3.02	1.011	177.239	44.594	177.239	44.594
MM_RS18485	8.29639129718923	1.58085021751638	1.53712140911869e-07	3.51603797820923e-06	29.1916386500234	raw_counts / DESeq2 median-of-ratios	0	0.691	0	30.505	0	30.505
MM_RS08010	-3.02914659154321	0.577684589392075	1.57473872629133e-07	3.57838655303306e-06	1182.31237111876	raw_counts / DESeq2 median-of-ratios	7.468	1.842	467.674	82.365	467.674	82.365
MM_RS08530	-3.6527686259715	0.697434609859748	1.62823375781103e-07	3.67576431338517e-06	56806.9158142924	raw_counts / DESeq2 median-of-ratios	254.741	44.382	16445.322	1937.295	16445.322	1937.295
MM_RS07355	-2.36245541669905	0.451998052252063	1.72567930699425e-07	3.87045215997283e-06	224.02430793186	raw_counts / DESeq2 median-of-ratios	2.289	0.766	135.79	34.749	135.79	34.749
MM_RS04550	-2.4364997863816	0.469026547891605	2.04938455687781e-07	4.56682210287481e-06	788.83186885836	raw_counts / DESeq2 median-of-ratios	5.381	1.793	322.65	78.493	322.65	78.493
MM_RS05580	-3.20451151203086	0.617159230136688	2.07647511197427e-07	4.59752886971738e-06	2682.2177039099	raw_counts / DESeq2 median-of-ratios	10.366	2.333	655.826	102.959	655.826	102.959
MM_RS03930	2.70105961380663	0.521358554422716	2.20924433826853e-07	4.86033754419076e-06	229.156502836925	raw_counts / DESeq2 median-of-ratios	0.646	7.257	38.563	339.348	38.563	339.348
MM_RS06310	-2.23065982987276	0.431548469942902	2.35391366639092e-07	5.14583405298369e-06	898.489812726079	raw_counts / DESeq2 median-of-ratios	6.153	2.313	366.677	102.57	366.677	102.57
MM_RS12890	-2.50925574540258	0.487011176979877	2.57231911395658e-07	5.58791837711071e-06	263.892450462716	raw_counts / DESeq2 median-of-ratios	6.345	1.993	378.448	86.943	378.448	86.943
MM_RS13115	8.13480166390696	1.58535695213071	2.87883363879555e-07	6.2146821177499e-06	25.9462913362255	raw_counts / DESeq2 median-of-ratios	0	0.328	0	14.88	0	14.88
MM_RS05215	-2.26569242493755	0.442243763857952	3.00432441958095e-07	6.44530220200784e-06	1057.63314009049	raw_counts / DESeq2 median-of-ratios	7.348	2.711	438.419	119.506	438.419	119.506
MM_RS14705	2.14895121800458	0.420812063734799	3.27873773550431e-07	6.99059267804438e-06	3372.39460438895	raw_counts / DESeq2 median-of-ratios	20.51	149.845	1193.492	6612.587	1193.492	6612.587
MM_RS00570	-2.21068753614674	0.434698844544885	3.66540794667312e-07	7.7670669004963e-06	299.649345320643	raw_counts / DESeq2 median-of-ratios	1.596	0.592	94.416	26.805	94.416	26.805
MM_RS05050	-2.15124790665486	0.423129833487572	3.69311135766607e-07	7.77805282279183e-06	1500.47439328221	raw_counts / DESeq2 median-of-ratios	10.222	4.062	609.656	181	609.656	181
MM_RS10225	-2.11280807154699	0.416095208907053	3.82024371622528e-07	7.99704351263159e-06	659.214271592788	raw_counts / DESeq2 median-of-ratios	2.837	1.08	165.224	48.157	165.224	48.157
MM_RS14500	-2.2377347959174	0.441306824239284	3.96353809690931e-07	8.24702444983418e-06	425.696518430283	raw_counts / DESeq2 median-of-ratios	3.576	1.262	210.022	58.032	210.022	58.032
MM_RS03135	-2.65013355461087	0.524066740218828	4.26209843100951e-07	8.81514250341728e-06	1151.24972315595	raw_counts / DESeq2 median-of-ratios	47.463	12.933	2821.872	612.098	2821.872	612.098
MM_RS09425	-3.11074273767137	0.61925935490316	5.07837562000481e-07	1.04408984473194e-05	5287.82407342304	raw_counts / DESeq2 median-of-ratios	26.288	6.297	1667.322	286.267	1667.322	286.267
MM_RS06850	2.60600298268488	0.520199958768735	5.45382306524363e-07	1.10160847177494e-05	106.249693969181	raw_counts / DESeq2 median-of-ratios	0.642	6.642	38.06	305.805	38.06	305.805
MM_RS12380	2.34763667716322	0.468499924337645	5.41577928054871e-07	1.10160847177494e-05	354.3314181338	raw_counts / DESeq2 median-of-ratios	1.135	10.187	68.041	467.738	68.041	467.738
MM_RS12615	-2.2439215400221	0.447919996945062	5.45296641381836e-07	1.10160847177494e-05	397.529406886264	raw_counts / DESeq2 median-of-ratios	5.32	1.999	318.711	89.884	318.711	89.884
MM_RS01720	-2.13346450381663	0.426495569977073	5.66464032657133e-07	1.13753881906845e-05	2911.45496070027	raw_counts / DESeq2 median-of-ratios	7.137	2.839	425.286	129.708	425.286	129.708
MM_RS16605	-2.04712214411032	0.410078417613813	5.97491934330027e-07	1.19291164229822e-05	1263.54078072037	raw_counts / DESeq2 median-of-ratios	6.392	2.511	371.055	113.392	371.055	113.392
MM_RS10150	2.11571806711296	0.424448455846652	6.20808271619062e-07	1.23234009780014e-05	543.540619563151	raw_counts / DESeq2 median-of-ratios	2.675	18.739	154.946	846.529	154.946	846.529
MM_RS05890	-2.08627223937562	0.418808948556751	6.3112393508312e-07	1.24565832672977e-05	1125.59707915915	raw_counts / DESeq2 median-of-ratios	6.103	2.444	360.461	111.695	360.461	111.695
MM_RS17705	2.43506616182803	0.493180638329155	7.91412967620473e-07	1.55314794895518e-05	589.053177345236	raw_counts / DESeq2 median-of-ratios	11.427	98.482	656.019	4283.258	656.019	4283.258
MM_RS16095	3.24993133132881	0.65905641694379	8.17308767959229e-07	1.59490648843569e-05	201.738285692675	raw_counts / DESeq2 median-of-ratios	0.566	8.678	33.025	420.846	33.025	420.846
MM_RS02370	-2.36945710015243	0.481268326747971	8.50708606863833e-07	1.65075703826274e-05	815.662154517351	raw_counts / DESeq2 median-of-ratios	8.134	2.416	462.772	107.716	462.772	107.716
MM_RS03605	-2.084146836763	0.424068970080071	8.89451968460662e-07	1.71629446875035e-05	335.217003409791	raw_counts / DESeq2 median-of-ratios	1.997	0.79	117.236	35.677	117.236	35.677
MM_RS04800	-2.26851915053502	0.462113752182326	9.15392098162659e-07	1.75653572614101e-05	2968.33601725702	raw_counts / DESeq2 median-of-ratios	73.318	28.049	4441.771	1249.536	4441.771	1249.536
MM_RS03650	2.12452918489325	0.435284721641168	1.05666796819217e-06	2.0164260564286e-05	831.925029225033	raw_counts / DESeq2 median-of-ratios	14.586	100.816	839.915	4572.081	839.915	4572.081
MM_RS19465	-2.35154273003049	0.482132806299154	1.07506668411702e-06	2.04026391590121e-05	165.483000297386	raw_counts / DESeq2 median-of-ratios	10.052	3.49	598.615	154.052	598.615	154.052
MM_RS09110	-2.12551070733105	0.436259394496361	1.10403758204257e-06	2.0837955237022e-05	1891.64443727361	raw_counts / DESeq2 median-of-ratios	48.815	17.848	2822.621	819.278	2822.621	819.278
MM_RS13160	-2.71296024950195	0.557810158662482	1.15275218000279e-06	2.15221947552954e-05	129.440036753657	raw_counts / DESeq2 median-of-ratios	1.434	0.407	86.392	17.576	86.392	17.576
MM_RS12065	2.2650223963858	0.465650944725465	1.14916834538726e-06	2.15221947552954e-05	561.256756392592	raw_counts / DESeq2 median-of-ratios	12.039	103.997	725.789	4753.971	725.789	4753.971
MM_RS12870	-2.63619530441928	0.543180187649743	1.21447589517165e-06	2.25526867845317e-05	687.601580455936	raw_counts / DESeq2 median-of-ratios	2.237	0.674	135.552	28.935	135.552	28.935
MM_RS03485	-2.52965691319866	0.521941491952739	1.25576773225162e-06	2.31947687015887e-05	1983.91168346148	raw_counts / DESeq2 median-of-ratios	13.329	4.455	820.725	197.162	820.725	197.162
MM_RS19590	2.00637495923663	0.415269005085549	1.35503692385156e-06	2.48951996541665e-05	469.766963577558	raw_counts / DESeq2 median-of-ratios	1.99	13.576	117.265	610.238	117.265	610.238
MM_RS00680	2.07742662885308	0.430093616795799	1.36414388780542e-06	2.49299099919573e-05	5386.35876865802	raw_counts / DESeq2 median-of-ratios	6.797	51.433	408.044	2306.01	408.044	2306.01
MM_RS06215	-2.47194893590193	0.512488618263281	1.41115884092976e-06	2.56533822977442e-05	3201.73588563131	raw_counts / DESeq2 median-of-ratios	399.009	134.007	24376.269	6198.152	24376.269	6198.152
MM_RS06615	-1.94504124441809	0.403575818103425	1.43904889362267e-06	2.60234286836268e-05	1319.03134112163	raw_counts / DESeq2 median-of-ratios	7.902	3.423	463.209	155.287	463.209	155.287
MM_RS14095	2.00511058510122	0.416643788665	1.49031755958663e-06	2.68101919313136e-05	2081.9670030283	raw_counts / DESeq2 median-of-ratios	24.175	168.585	1433.526	7476.04	1433.526	7476.04
MM_RS17575	-2.16328136878978	0.449849222157214	1.51760660666439e-06	2.71596539866259e-05	180.967410109287	raw_counts / DESeq2 median-of-ratios	0.954	0.354	55.802	15.93	55.802	15.93
MM_RS15690	-2.08759443863916	0.436518921600793	1.73241523007159e-06	3.08441350756044e-05	599.284056964152	raw_counts / DESeq2 median-of-ratios	3.442	1.429	205.279	63.464	205.279	63.464
MM_RS07900	2.22403945569026	0.46577336166895	1.79761608321759e-06	3.18408510329926e-05	291.248614697492	raw_counts / DESeq2 median-of-ratios	0.741	5.455	42.445	243.963	42.445	243.963
MM_RS02730	-3.02724453465735	0.634950799125717	1.86356110015985e-06	3.28405104079189e-05	939.022574190216	raw_counts / DESeq2 median-of-ratios	5.474	1.398	346.193	60.897	346.193	60.897
MM_RS10940	-2.46043264923687	0.51674105087173	1.92214347168559e-06	3.37009317319899e-05	88.3098308041766	raw_counts / DESeq2 median-of-ratios	1.981	0.583	114.788	26.234	114.788	26.234
MM_RS18600	2.50167327050385	0.526437703759166	2.01336214624522e-06	3.51219841067222e-05	887.966595229539	raw_counts / DESeq2 median-of-ratios	49.728	464.256	2918.6	21996.835	2918.6	21996.835
MM_RS07040	-2.31511131191777	0.487937272590979	2.08825438042431e-06	3.62453800501786e-05	3251.14348778479	raw_counts / DESeq2 median-of-ratios	327.507	123.258	19929.567	5431.486	19929.567	5431.486
MM_RS01015	-1.94436565630951	0.409963619794648	2.10809227500277e-06	3.64067535892978e-05	585.785994659964	raw_counts / DESeq2 median-of-ratios	3.175	1.385	186.125	62.077	186.125	62.077
MM_RS12655	2.79222361535982	0.588879886423962	2.12053402855085e-06	3.64394255453465e-05	178.832438942702	raw_counts / DESeq2 median-of-ratios	0.312	3.35	17.67	143.921	17.67	143.921
MM_RS00200	-2.49345921295797	0.528456202490664	2.37725627223296e-06	4.06487285361022e-05	1194.46675584372	raw_counts / DESeq2 median-of-ratios	6.574	2.265	406.007	101.117	406.007	101.117
MM_RS08630	-2.13724464160084	0.453354027911859	2.42549015839871e-06	4.1269177374922e-05	223.802486278078	raw_counts / DESeq2 median-of-ratios	1.079	0.42	63.894	19.131	63.894	19.131
MM_RS00375	-2.08941982595151	0.44476322707646	2.6294651940119e-06	4.45204548044956e-05	235.328207440565	raw_counts / DESeq2 median-of-ratios	2.655	1.056	155.797	46.824	155.797	46.824
MM_RS09445	2.37423231143067	0.506343706383328	2.7457870083083e-06	4.62631625692531e-05	210.401567033674	raw_counts / DESeq2 median-of-ratios	0.675	5.68	38.952	247.207	38.952	247.207
MM_RS17790	2.53765332105221	0.542853645239041	2.94448672933523e-06	4.93701804035141e-05	8246.3811621143	raw_counts / DESeq2 median-of-ratios	6.52	74.323	405.102	3366.949	405.102	3366.949
MM_RS14615	-2.38784705060753	0.512056412820245	3.11254297485333e-06	5.19358620055237e-05	181.547568454459	raw_counts / DESeq2 median-of-ratios	2.785	0.85	159.73	37.175	159.73	37.175
MM_RS05265	-1.94422565642169	0.417087454242504	3.14013709448737e-06	5.21443919440354e-05	3467.30792286674	raw_counts / DESeq2 median-of-ratios	44.73	18.794	2596.22	858.212	2596.22	858.212
MM_RS01835	2.76942552616967	0.594879568892119	3.23291166082642e-06	5.34281190262893e-05	2348.1665150386	raw_counts / DESeq2 median-of-ratios	1.665	23.097	104.914	1046.774	104.914	1046.774
MM_RS09155	-2.28548102298602	0.491257175337108	3.28235983876312e-06	5.39870042051801e-05	1851.86352583107	raw_counts / DESeq2 median-of-ratios	9.142	3.464	552.825	151.098	552.825	151.098
MM_RS15150	2.62354966623084	0.564287448038896	3.33040481513974e-06	5.45176219502021e-05	603.439831064857	raw_counts / DESeq2 median-of-ratios	5.472	52.624	314.921	2505.602	314.921	2505.602
MM_RS07540	2.38655921360544	0.514081101652531	3.44420657736131e-06	5.61145731990848e-05	92.0225494801661	raw_counts / DESeq2 median-of-ratios	1.487	12.794	86.78	584.861	86.78	584.861
MM_RS09125	-1.99986670354747	0.431041116506277	3.49051510009871e-06	5.6602061764042e-05	485.3701428967	raw_counts / DESeq2 median-of-ratios	83.085	33.846	4817.511	1504.321	4817.511	1504.321
MM_RS01470	2.20752168308999	0.476630202720209	3.62993255818243e-06	5.85877899811313e-05	198.066695023129	raw_counts / DESeq2 median-of-ratios	1.931	15.126	113.325	662.866	113.325	662.866
MM_RS05035	-2.09180380050018	0.452265103452116	3.74288042573743e-06	6.0129809258126e-05	1463.52924139533	raw_counts / DESeq2 median-of-ratios	9.764	4.039	580.866	176.609	580.866	176.609
MM_RS02295	-2.09818788420894	0.455962265741475	4.19116852613881e-06	6.70198893022381e-05	739.013764210577	raw_counts / DESeq2 median-of-ratios	2.698	1.115	161.75	51.188	161.75	51.188
MM_RS02385	2.09593699611109	0.456653486639188	4.43722937992302e-06	7.0627604968913e-05	1585.89313627873	raw_counts / DESeq2 median-of-ratios	2.958	20.173	170.154	885.796	170.154	885.796
MM_RS18340	-2.45363380761447	0.535328355794709	4.57435558351677e-06	7.24762577314996e-05	276.663478459822	raw_counts / DESeq2 median-of-ratios	1.831	0.555	106.053	23.743	106.053	23.743
MM_RS02725	-2.12957253442063	0.464994729674845	4.65470196899873e-06	7.34125141594595e-05	1037.16760340526	raw_counts / DESeq2 median-of-ratios	9.415	3.9	565.841	171.26	565.841	171.26
MM_RS12875	-2.44172774635956	0.533436969103653	4.70903069452853e-06	7.3931781904098e-05	151.495436122448	raw_counts / DESeq2 median-of-ratios	5.588	1.92	340.785	86.31	340.785	86.31
MM_RS00695	2.26952222758729	0.496681154716153	4.89181871851084e-06	7.6454035537269e-05	181.306917645553	raw_counts / DESeq2 median-of-ratios	0.521	4.293	30.627	186.969	30.627	186.969
MM_RS16535	-1.89244623760194	0.414734326997362	5.0419991780969e-06	7.84462394646247e-05	822.545650363856	raw_counts / DESeq2 median-of-ratios	3.195	1.485	189.428	67.215	189.428	67.215
MM_RS12585	-3.3766996074258	0.74195103042765	5.33640303215453e-06	8.26544218522948e-05	1171.81529278916	raw_counts / DESeq2 median-of-ratios	9.146	1.981	597.845	87.809	597.845	87.809
MM_RS01820	1.86507777562132	0.410045264247997	5.40378502417926e-06	8.33244351496213e-05	890.622885303593	raw_counts / DESeq2 median-of-ratios	6.954	41.41	404.415	1870.394	404.415	1870.394
MM_RS05005	2.23973988977058	0.492885484973509	5.51603921428005e-06	8.46773308716591e-05	135.685411793983	raw_counts / DESeq2 median-of-ratios	1.297	9.727	74.4	436.207	74.4	436.207
MM_RS16100	1.94936156844345	0.429643330640725	5.70161982163204e-06	8.67550434533792e-05	517.456755987156	raw_counts / DESeq2 median-of-ratios	0.869	5.814	51.65	264.402	51.65	264.402
MM_RS06990	-1.84790188926717	0.407199541114281	5.67701825216383e-06	8.67550434533792e-05	655.669868252105	raw_counts / DESeq2 median-of-ratios	2.559	1.187	149.903	53.41	149.903	53.41
MM_RS03275	-2.46208769967335	0.544126126683223	6.04390936416237e-06	9.15599251921791e-05	2976.66048168732	raw_counts / DESeq2 median-of-ratios	19.015	6.729	1173.268	293.964	1173.268	293.964
MM_RS09070	-2.24047868001681	0.495338852784632	6.09337344727038e-06	9.19061654448554e-05	656.896247377945	raw_counts / DESeq2 median-of-ratios	2.421	0.958	147.251	42.218	147.251	42.218
MM_RS09580	2.05777004771728	0.455914697757976	6.37670702360578e-06	9.53469526386769e-05	301.861100545029	raw_counts / DESeq2 median-of-ratios	0.452	3.124	26.33	137.3	26.33	137.3
MM_RS11485	1.93909120130381	0.429553212600825	6.35547599993704e-06	9.53469526386769e-05	691.739830665219	raw_counts / DESeq2 median-of-ratios	1.492	9.203	86.163	410.266	86.163	410.266
MM_RS00850	-3.27005572722091	0.726475710955634	6.75519571162019e-06	0.000100570887879035	37.6163825017454	raw_counts / DESeq2 median-of-ratios	9.875	1.727	596.539	81.827	596.539	81.827
MM_RS08180	2.347189390506	0.521817479105279	6.85620965199328e-06	0.000101636687287488	134.347140919113	raw_counts / DESeq2 median-of-ratios	0.473	3.934	27.338	171.436	27.338	171.436
MM_RS07855	2.35478541591732	0.523887091696543	6.96243002368119e-06	0.000102770227785448	215.126137324997	raw_counts / DESeq2 median-of-ratios	0.359	3.452	21.974	153.625	21.974	153.625
MM_RS04070	-2.96937627804979	0.661797971655439	7.22900519897777e-06	0.000106250995562848	1569.25949530217	raw_counts / DESeq2 median-of-ratios	17.818	4.854	1138.021	212.148	1138.021	212.148
MM_RS06985	-1.88401386601253	0.422031442371539	8.03852762405015e-06	0.000117648620396056	837.219262970265	raw_counts / DESeq2 median-of-ratios	4.653	2.126	272.847	93.906	272.847	93.906
MM_RS07045	-2.02677960218064	0.454146745290878	8.08843207813115e-06	0.000117879512227278	1335.35299549435	raw_counts / DESeq2 median-of-ratios	132.281	59.241	7993.307	2658.164	7993.307	2658.164
MM_RS08535	-2.93987169146436	0.659155448901199	8.19373839344254e-06	0.000118912489121641	17307.2404960531	raw_counts / DESeq2 median-of-ratios	150.307	41.749	9594.876	1818.971	9594.876	1818.971
MM_RS05710	2.5320056182262	0.567911815739167	8.25550019633508e-06	0.000119307521665864	155.072560833568	raw_counts / DESeq2 median-of-ratios	0.878	7.951	50.499	375.118	50.499	375.118
MM_RS11780	-3.11530119580681	0.699197978957825	8.36841694875197e-06	0.000120248589029061	1736.47229601885	raw_counts / DESeq2 median-of-ratios	170.986	26.88	9383.158	1202.2	9383.158	1202.2
MM_RS15840	-2.17258007432674	0.487674888845252	8.39024607875032e-06	0.000120248589029061	638.478885544131	raw_counts / DESeq2 median-of-ratios	3.336	1.256	195.43	54.177	195.43	54.177
MM_RS12900	-2.048757192627	0.46066504783395	8.69198862545871e-06	0.00012405838310882	885.722860641655	raw_counts / DESeq2 median-of-ratios	5.518	2.324	326.662	101.176	326.662	101.176
MM_RS08255	-3.67080806866803	0.827625551148373	9.19232933382364e-06	0.000130659693493938	251.086832529184	raw_counts / DESeq2 median-of-ratios	5.207	0.945	340.997	39.823	340.997	39.823
MM_RS08605	2.36603610157438	0.535077642707904	9.78568235347673e-06	0.000138523552659462	217.090579041301	raw_counts / DESeq2 median-of-ratios	2.213	17.171	124.777	769.115	124.777	769.115
MM_RS04235	-2.04347495155569	0.463145510961928	1.02341521238045e-05	0.000144280658920901	1694.163431156	raw_counts / DESeq2 median-of-ratios	289.895	128.551	17552.677	5842.842	17552.677	5842.842
MM_RS04230	-1.99271014170558	0.451951886344857	1.03791462033043e-05	0.000145729963358589	1572.31419047835	raw_counts / DESeq2 median-of-ratios	18.458	7.963	1095.507	368.81	1095.507	368.81
MM_RS09180	-1.74831432218828	0.397631671620378	1.09849084434585e-05	0.000153610824954274	8719.02847643277	raw_counts / DESeq2 median-of-ratios	20.361	10.358	1202.843	468.083	1202.843	468.083
MM_RS15835	-2.39720191789925	0.546207395276288	1.13971205603681e-05	0.000158644781255673	297.72515983146	raw_counts / DESeq2 median-of-ratios	6.233	1.915	358.29	81.853	358.29	81.853
MM_RS17110	2.17183253127303	0.494941676291687	1.14367546417668e-05	0.000158644781255673	239.252346365332	raw_counts / DESeq2 median-of-ratios	0.446	3.552	26.557	154.666	26.557	154.666
MM_RS00205	-1.81533693896389	0.415025975546436	1.21972432356066e-05	0.00016851711254314	2376.6884937744	raw_counts / DESeq2 median-of-ratios	4.798	2.214	278.869	101.019	278.869	101.019
MM_RS17630	-2.38182798060392	0.545709171134496	1.27328113295655e-05	0.000175215658694499	74.1784859042063	raw_counts / DESeq2 median-of-ratios	2.458	0.822	147.007	37.49	147.007	37.49
MM_RS03055	2.52346840938045	0.57841613318312	1.28454515624369e-05	0.000176064244828005	130.604123576612	raw_counts / DESeq2 median-of-ratios	0.224	2.276	13.33	97.192	13.33	97.192
MM_RS01105	2.2067091666726	0.505977884402639	1.29306175490074e-05	0.0001765310395821	251.832711430889	raw_counts / DESeq2 median-of-ratios	1.707	12.197	97.063	539.169	97.063	539.169
MM_RS07150	-2.29098366106033	0.525617288793293	1.30865089526697e-05	0.000177955913080791	20996.9479886375	raw_counts / DESeq2 median-of-ratios	84.632	31.211	5065.869	1333.939	5065.869	1333.939
MM_RS06100	-2.04648061559319	0.470436286679682	1.36028345303102e-05	0.00018425172732428	127.691402566674	raw_counts / DESeq2 median-of-ratios	0.543	0.217	31.659	9.774	31.659	9.774
MM_RS16115	3.9403165389354	0.907253396371779	1.40469004409879e-05	0.000189523414543642	1677.68754465903	raw_counts / DESeq2 median-of-ratios	0.905	25.557	55.638	1294.229	55.638	1294.229
MM_RS05720	-2.11719342073087	0.488231265235006	1.44798367203483e-05	0.000194604498179311	16040.1917684622	raw_counts / DESeq2 median-of-ratios	63.409	26.68	3817.224	1158.48	3817.224	1158.48
MM_RS18885	2.31736464859512	0.534662039747384	1.4625080074594e-05	0.00019579467665755	153.799111811661	raw_counts / DESeq2 median-of-ratios	10.679	83.788	615.574	3915.719	615.574	3915.719
MM_RS07465	1.9908415762618	0.45965013143254	1.48291680347932e-05	0.000197760410780601	2525.19616061677	raw_counts / DESeq2 median-of-ratios	3.381	21.778	195.446	950.006	195.446	950.006
MM_RS15695	-2.2570260569893	0.521309104369189	1.49424464619628e-05	0.000198504654152383	461.714636473003	raw_counts / DESeq2 median-of-ratios	3.378	1.339	206.133	58.593	206.133	58.593
MM_RS13035	-1.83657510191592	0.424365849236277	1.5059875412488e-05	0.000199298121359133	968.436825672763	raw_counts / DESeq2 median-of-ratios	48.805	22.77	2864.208	1044.956	2864.208	1044.956
MM_RS03820	2.57109950600927	0.597452052813674	1.68165841016614e-05	0.00022169649422572	1351.52168794331	raw_counts / DESeq2 median-of-ratios	1.694	20.592	106.786	916.48	106.786	916.48
MM_RS18385	2.23918667933631	0.521095967112868	1.73069307885427e-05	0.000227293303968162	164.251732180626	raw_counts / DESeq2 median-of-ratios	10.99	79.605	625.798	3658.189	625.798	3658.189
MM_RS06105	-2.82052645082345	0.656720301561761	1.74797977246335e-05	0.000228694020230621	166.509766794904	raw_counts / DESeq2 median-of-ratios	1.436	0.3	80.095	12.925	80.095	12.925
MM_RS01115	1.9562351156723	0.4566140731013	1.83381441217564e-05	0.000236695064781851	214.532014462388	raw_counts / DESeq2 median-of-ratios	0.377	2.556	22.417	113.492	22.417	113.492
MM_RS11165	-1.84990512950528	0.431808849174446	1.83494065196139e-05	0.000236695064781851	4428.00201985974	raw_counts / DESeq2 median-of-ratios	49.407	24.426	2963.419	1108.502	2963.419	1108.502
MM_RS16545	-1.80424719451558	0.421170385551294	1.83654537815681e-05	0.000236695064781851	642.759113482171	raw_counts / DESeq2 median-of-ratios	4.329	2.065	252.802	91.479	252.802	91.479
MM_RS11160	-1.79077751231657	0.417999594857042	1.83430152363658e-05	0.000236695064781851	3733.60418964535	raw_counts / DESeq2 median-of-ratios	68.691	31.945	3979.83	1456.7	3979.83	1456.7
MM_RS09045	-2.00574018946976	0.468756146341929	1.87856090671057e-05	0.000241210013820755	516.935977234634	raw_counts / DESeq2 median-of-ratios	3.663	1.672	221.71	75.041	221.71	75.041
MM_RS15830	-2.40089741708202	0.561392026402601	1.89696074200858e-05	0.000242670459366579	491.106410689237	raw_counts / DESeq2 median-of-ratios	4.972	1.449	281.749	62.312	281.749	62.312
MM_RS02715	-2.35337252483154	0.551194386243877	1.95835030299605e-05	0.000248681689211336	361.380733622615	raw_counts / DESeq2 median-of-ratios	2.329	0.865	141.862	37.304	141.862	37.304
MM_RS05420	1.91015719659053	0.447323899136535	1.95308166517343e-05	0.000248681689211336	574.267116738238	raw_counts / DESeq2 median-of-ratios	0.716	4.829	43.08	217.969	43.08	217.969
MM_RS13760	-2.0598762586451	0.482634746810412	1.97249520275975e-05	0.00024956038206345	3042.57808036743	raw_counts / DESeq2 median-of-ratios	28.638	12.844	1747.41	581.576	1747.41	581.576
MM_RS16685	-2.80069615982269	0.656668465438787	1.99895173751266e-05	0.000251984646035355	42.839821957913	raw_counts / DESeq2 median-of-ratios	0.38	0.082	21.736	3.769	21.736	3.769
MM_RS04215	-2.02022375186399	0.473900750804172	2.0172938589115e-05	0.000253372108679284	930.785476773464	raw_counts / DESeq2 median-of-ratios	13.923	5.258	793.735	239.507	793.735	239.507
MM_RS05470	2.55280128924056	0.599454239458128	2.0576420480656e-05	0.000257196335122732	61.4621233946612	raw_counts / DESeq2 median-of-ratios	1.671	15.543	95.02	683.422	95.02	683.422
MM_RS12115	-2.28359592506892	0.536307096449891	2.06263418729e-05	0.000257196335122732	3102.88294077404	raw_counts / DESeq2 median-of-ratios	99.919	40.203	6195.484	1803.288	6195.484	1803.288
MM_RS03600	-1.91859654834219	0.450997763066359	2.09877009741896e-05	0.000259826233565773	525.357165525711	raw_counts / DESeq2 median-of-ratios	3.379	1.575	200.965	69.153	200.965	69.153
MM_RS07170	-1.89669061502017	0.44579158366747	2.09369013254523e-05	0.000259826233565773	1118.15473202945	raw_counts / DESeq2 median-of-ratios	4.338	2.1	260.635	93.238	260.635	93.238
MM_RS06855	-2.56082240077093	0.60241024972552	2.1285535503203e-05	0.000262572284385939	2856.84809799195	raw_counts / DESeq2 median-of-ratios	20.79	7.248	1312.535	323.274	1312.535	323.274
MM_RS10535	-1.77495303015106	0.417866570025921	2.16019696160058e-05	0.000265527413002434	725.812635240265	raw_counts / DESeq2 median-of-ratios	3.698	1.811	216.384	80.231	216.384	80.231
MM_RS04280	-2.53795874440871	0.597761188732375	2.17840393842508e-05	0.000266815858273767	1239.73924326385	raw_counts / DESeq2 median-of-ratios	10.285	3.534	644.855	163.393	644.855	163.393
MM_RS03625	-2.37324447196189	0.55936211964005	2.20778287619671e-05	0.000268890897572682	2369.68644611787	raw_counts / DESeq2 median-of-ratios	7.654	2.862	470.357	123.386	470.357	123.386
MM_RS02020	-1.94358108476838	0.458126905582701	2.21091531298905e-05	0.000268890897572682	398.998838308009	raw_counts / DESeq2 median-of-ratios	1.337	0.623	80.07	27.552	80.07	27.552
MM_RS10925	-1.88833817483129	0.44594662414424	2.29112913058862e-05	0.000277668772528179	515.479447700033	raw_counts / DESeq2 median-of-ratios	2.26	0.986	130.576	43.518	130.576	43.518
MM_RS18275	2.40099945762827	0.567612026765781	2.33690242320819e-05	0.000282225908033604	466.80762478941	raw_counts / DESeq2 median-of-ratios	24.027	242.702	1486.104	11284.695	1486.104	11284.695
MM_RS19075	1.89864454285946	0.449206053776855	2.37177935884405e-05	0.000285439927019072	207.127166276066	raw_counts / DESeq2 median-of-ratios	1.41	8.914	83.218	405.908	83.218	405.908
MM_RS08445	2.32182408104279	0.551436484711777	2.54804564734265e-05	0.00030558853006672	360.364109405263	raw_counts / DESeq2 median-of-ratios	1.26	9.433	70.903	414.673	70.903	414.673
MM_RS17330	3.27222034187253	0.777774486289605	2.58602063274478e-05	0.000309069732370258	72.3034629069064	raw_counts / DESeq2 median-of-ratios	0.667	8.91	36.179	401.478	36.179	401.478
MM_RS16215	2.19961835205784	0.523305493569329	2.6303298299051e-05	0.00031328135284456	154.23438181768	raw_counts / DESeq2 median-of-ratios	0.522	4.458	31.871	199.28	31.871	199.28
MM_RS03420	-2.07969466824193	0.495476512984951	2.7004118863141e-05	0.000320523115303399	482.769372341371	raw_counts / DESeq2 median-of-ratios	2.699	1.094	158.514	47.115	158.514	47.115
MM_RS08245	-3.14216455566382	0.748821050831277	2.71491913286805e-05	0.000321141461812542	228.346308482638	raw_counts / DESeq2 median-of-ratios	2.294	0.571	147.151	24.184	147.151	24.184
MM_RS07625	-2.09604465387159	0.500271929622051	2.7918733914818e-05	0.00032799764265912	2890.00969345616	raw_counts / DESeq2 median-of-ratios	43.988	19.302	2676.192	844.198	2676.192	844.198
MM_RS00135	1.8620526548316	0.444370412285185	2.7856566179079e-05	0.00032799764265912	239.341849404185	raw_counts / DESeq2 median-of-ratios	1.95	11.573	113.441	526.495	113.441	526.495
MM_RS11175	-1.67728420482326	0.400577585073175	2.82461229007647e-05	0.000330719011861835	2988.52275933258	raw_counts / DESeq2 median-of-ratios	27.768	14.21	1615.5	638.86	1615.5	638.86
MM_RS11145	-1.72801014714751	0.413571115235435	2.93739941548233e-05	0.000342762756117431	505.049776406597	raw_counts / DESeq2 median-of-ratios	7.727	3.864	451.738	174.682	451.738	174.682
MM_RS13615	1.97964811752079	0.474068274996035	2.96847587057541e-05	0.000345222749392843	190.297669022191	raw_counts / DESeq2 median-of-ratios	1.135	8.007	68.275	359.628	68.275	359.628
MM_RS15825	-2.66699982762407	0.6400377482507	3.08713737534503e-05	0.000357817868940998	700.561986741359	raw_counts / DESeq2 median-of-ratios	7.478	1.74	418.255	74.017	418.255	74.017
MM_RS02685	2.20310314034878	0.529612511722028	3.1847106174006e-05	0.0003678926579432	86.1847682959364	raw_counts / DESeq2 median-of-ratios	0.573	4.235	33.139	194.459	33.139	194.459
MM_RS05975	-1.89135961539107	0.455549853382999	3.29846007754375e-05	0.000379762703594537	339.636140365939	raw_counts / DESeq2 median-of-ratios	3.036	1.311	175.966	60.306	175.966	60.306
MM_RS09525	-1.89589080276111	0.456779242875617	3.3165916518807e-05	0.000380581646697539	954.436517756635	raw_counts / DESeq2 median-of-ratios	2.836	1.355	169.236	59.327	169.236	59.327
MM_RS03105	-2.1100385040736	0.508848398548395	3.37310666090637e-05	0.000385785112806974	1370.72879481509	raw_counts / DESeq2 median-of-ratios	8.233	3.249	488.424	153.24	488.424	153.24
MM_RS01605	1.77995900670397	0.429549268304187	3.41622848169391e-05	0.000389427497550191	4029.74862840528	raw_counts / DESeq2 median-of-ratios	5.943	36.443	355.965	1622.6	355.965	1622.6
MM_RS18435	-7.08356908525807	1.70980195144788	3.42914751791242e-05	0.00038961432654176	12.2938018017979	raw_counts / DESeq2 median-of-ratios	0.2	0	11.165	0	11.165	0
MM_RS12535	-1.83051658819256	0.442191584834979	3.47842294664282e-05	0.000393917142875551	444.427282223457	raw_counts / DESeq2 median-of-ratios	2.665	1.326	158.995	58.862	158.995	58.862
MM_RS10885	-2.01956822159906	0.488646488740051	3.58083337380849e-05	0.000404189492586096	117.530679647817	raw_counts / DESeq2 median-of-ratios	1.104	0.477	65.536	21.127	65.536	21.127
MM_RS01860	1.85388009102271	0.449250950462323	3.68161964803528e-05	0.000414212191019995	222.334918638603	raw_counts / DESeq2 median-of-ratios	1.558	9.086	90.14	409.87	90.14	409.87
MM_RS12895	-1.97634483682254	0.479858518562363	3.81182726752269e-05	0.000427469200715044	399.238129227171	raw_counts / DESeq2 median-of-ratios	2.587	1.189	155.155	51.98	155.155	51.98
MM_RS06125	-2.2151638612841	0.539067082413587	3.9693835422859e-05	0.00044369743543869	144.275766741045	raw_counts / DESeq2 median-of-ratios	0.834	0.315	49.197	13.509	49.197	13.509
MM_RS12440	1.9183203834834	0.467856491706816	4.12735304193833e-05	0.000459268176782702	154.567220583137	raw_counts / DESeq2 median-of-ratios	0.462	2.817	26.71	127.242	26.71	127.242
MM_RS03430	-1.8042896264157	0.440093320986281	4.13527512968791e-05	0.000459268176782702	261.959702038121	raw_counts / DESeq2 median-of-ratios	1.93	0.962	114.616	43.074	114.616	43.074
MM_RS10245	-2.59371511008412	0.633546078310702	4.24059392619873e-05	0.000469455494265719	1001.19334821779	raw_counts / DESeq2 median-of-ratios	8.879	3.066	561.767	133.712	561.767	133.712
MM_RS12940	-2.35904546285219	0.578307858324881	4.51868973404774e-05	0.000498643908670955	737.666206003677	raw_counts / DESeq2 median-of-ratios	3.984	1.549	249.229	70.48	249.229	70.48
MM_RS00770	-2.09972461131447	0.516734745769403	4.83531614159213e-05	0.000531884775575134	1110.04678985155	raw_counts / DESeq2 median-of-ratios	5.358	2.387	328.202	104.851	328.202	104.851
MM_RS00380	-2.18958465664831	0.53956582698537	4.9484350513214e-05	0.000542599830706797	1558.54726004219	raw_counts / DESeq2 median-of-ratios	7.155	3.07	443.778	138.24	443.778	138.24
MM_RS06130	-1.94044682453624	0.478766380355341	5.05619834052637e-05	0.000552661679372724	248.180770548755	raw_counts / DESeq2 median-of-ratios	1.273	0.603	76.861	27.077	76.861	27.077
MM_RS01355	1.69038170064146	0.41750075330238	5.14784639831714e-05	0.000560904146996448	567.473516143575	raw_counts / DESeq2 median-of-ratios	2.575	13.63	149.765	608.911	149.765	608.911
MM_RS06000	-1.86053350841482	0.459732691824796	5.18805040230601e-05	0.000563507109734748	607.14307102085	raw_counts / DESeq2 median-of-ratios	4.202	1.922	244.639	83.755	244.639	83.755
MM_RS03110	-1.99683910584192	0.493934892447425	5.28353219203353e-05	0.000572079002861562	2866.73385237211	raw_counts / DESeq2 median-of-ratios	14.611	6.92	894.706	312.663	894.706	312.663
MM_RS05020	2.11556931697897	0.523422088806411	5.30416353482868e-05	0.00057251815154057	170.788040319575	raw_counts / DESeq2 median-of-ratios	0.821	5.438	46.494	243.003	46.494	243.003
MM_RS02625	1.75715831129205	0.435628699666664	5.4925359781069e-05	0.000591003715525895	227.115693865905	raw_counts / DESeq2 median-of-ratios	0.658	3.774	38.778	169.931	38.778	169.931
MM_RS01515	-1.93612256288084	0.480678794237866	5.62790377348636e-05	0.000603688808497574	163.062435412701	raw_counts / DESeq2 median-of-ratios	0.568	0.266	34.066	11.921	34.066	11.921
MM_RS10575	-2.36183238097913	0.58852075369384	5.99093615746524e-05	0.000640640665259596	4356.46657452894	raw_counts / DESeq2 median-of-ratios	104.101	40.012	6503.367	1858.814	6503.367	1858.814
MM_RS06395	1.81969465841561	0.453718887230052	6.05591637110743e-05	0.000645590590919909	5862.64728359497	raw_counts / DESeq2 median-of-ratios	12.904	83.4	779.824	3710.978	779.824	3710.978
MM_RS09555	-2.58945597249103	0.647235641986453	6.31305047637764e-05	0.000668873507527864	5408.45393544952	raw_counts / DESeq2 median-of-ratios	27.225	9.408	1717.918	403.354	1717.918	403.354
MM_RS09225	1.87847237645239	0.469468971583767	6.30032668932743e-05	0.000668873507527864	912.005811739868	raw_counts / DESeq2 median-of-ratios	1.802	11.457	106.434	497.118	106.434	497.118
MM_RS11755	-2.15196906333461	0.538937976460866	6.52478173181003e-05	0.00068919254133553	768.024822543526	raw_counts / DESeq2 median-of-ratios	32.264	12.22	1908.716	581.092	1908.716	581.092
MM_RS12730	-2.88782336573739	0.724007705574004	6.64464990167573e-05	0.000696951687361777	806.035714403188	raw_counts / DESeq2 median-of-ratios	4.941	1.473	321.539	66.843	321.539	66.843
MM_RS09090	-2.26732402585909	0.568476320686185	6.65139881141844e-05	0.000696951687361777	2995.4858945433	raw_counts / DESeq2 median-of-ratios	11.307	4.7	707.408	212.305	707.408	212.305
MM_RS13785	1.87833766110768	0.470978507883651	6.6587740830743e-05	0.000696951687361777	172.243766372949	raw_counts / DESeq2 median-of-ratios	0.265	1.715	15.809	76.079	15.809	76.079
MM_RS03460	-1.91886407892382	0.482224402859137	6.91495229445629e-05	0.000721578405590696	2052.2319310967	raw_counts / DESeq2 median-of-ratios	8.951	4.438	545.644	197.808	545.644	197.808
MM_RS13590	-2.15016125708452	0.541112797358544	7.07969184379997e-05	0.000736543844231479	2671.9602015799	raw_counts / DESeq2 median-of-ratios	107.165	47.093	6646.295	2143.344	6646.295	2143.344
MM_RS10550	-1.76980307915881	0.445719791706305	7.16729046255053e-05	0.000743418055785271	2368.98257923323	raw_counts / DESeq2 median-of-ratios	6.657	3.534	400.521	156.894	400.521	156.894
MM_RS05940	-2.20273025005578	0.554968535218412	7.21420734899796e-05	0.000746044077348472	570.213337609749	raw_counts / DESeq2 median-of-ratios	4.052	1.358	229.918	58.433	229.918	58.433
MM_RS13335	-8.59893283530916	2.1695906400116	7.38930635925485e-05	0.00076187057208556	1923.59762917132	raw_counts / DESeq2 median-of-ratios	65.53	0.203	3495.916	9.299	3495.916	9.299
MM_RS06225	-1.74703495037173	0.441020342563746	7.45278911087696e-05	0.000766128975862173	1756.70916064195	raw_counts / DESeq2 median-of-ratios	16.526	8.237	965.548	360.11	965.548	360.11
MM_RS12735	-2.18343492538357	0.551301629485698	7.47902534737338e-05	0.000766544615721889	1922.50738505274	raw_counts / DESeq2 median-of-ratios	6.679	2.892	413.52	126.751	413.52	126.751
MM_RS14810	2.35185744715681	0.594675049159814	7.65790062776029e-05	0.000782555880718463	68.9664036153868	raw_counts / DESeq2 median-of-ratios	0.441	3.532	25.32	164.918	25.32	164.918
MM_RS02720	-2.23958787966685	0.568393569515301	8.14115937068558e-05	0.000827243294745936	837.631701472761	raw_counts / DESeq2 median-of-ratios	3.342	1.413	208.735	63.274	208.735	63.274
MM_RS05330	1.56558910199235	0.397342612930275	8.14310133797389e-05	0.000827243294745936	6605.18287876655	raw_counts / DESeq2 median-of-ratios	11.569	56.506	674.606	2528.669	674.606	2528.669
MM_RS13665	1.73347897327246	0.440704101581079	8.37420451326925e-05	0.000848225876505337	268.099602084371	raw_counts / DESeq2 median-of-ratios	0.528	2.923	30.83	129.553	30.83	129.553
MM_RS12580	-2.91361706760982	0.743689758739901	8.93661155145597e-05	0.000902545505810787	650.133574605914	raw_counts / DESeq2 median-of-ratios	3.49	1.034	228.151	46.807	228.151	46.807
MM_RS17170	1.98076739690935	0.507693091679966	9.55962834493641e-05	0.000959336025063846	155.651712130057	raw_counts / DESeq2 median-of-ratios	0.653	4.19	38.066	194.985	38.066	194.985
MM_RS11810	-1.96018652992261	0.502376240584182	9.5468321018552e-05	0.000959336025063846	1277.40880848973	raw_counts / DESeq2 median-of-ratios	6.422	3.137	393.291	139.32	393.291	139.32
MM_RS03170	1.76669645324354	0.452890696306149	9.5822503951079e-05	0.000959336025063846	234.976851296038	raw_counts / DESeq2 median-of-ratios	0.74	4.095	42.852	181.763	42.852	181.763
MM_RS05350	-1.9696105317591	0.505260410336243	9.69068790468234e-05	0.000966271650840506	359.891070255383	raw_counts / DESeq2 median-of-ratios	2.053	0.987	125.366	43.982	125.366	43.982
MM_RS13550	-1.72212514940955	0.441820982141408	9.70747721023901e-05	0.000966271650840506	1196.08098786897	raw_counts / DESeq2 median-of-ratios	22.893	12.218	1368.994	559.652	1368.994	559.652
MM_RS05375	-2.24262458565707	0.575646612438573	9.78607399606691e-05	0.000971295965011928	889.312604571076	raw_counts / DESeq2 median-of-ratios	3.582	1.089	200.054	49.334	200.054	49.334
MM_RS08275	-3.65454429301071	0.941190409966849	0.00010321980690067	0.00102155075368171	2080.77896991269	raw_counts / DESeq2 median-of-ratios	2.544	0.488	169.439	19.93	169.439	19.93
MM_RS06945	-1.68800376302002	0.435093453971308	0.000104613356214313	0.00103238437818354	1100.69638545075	raw_counts / DESeq2 median-of-ratios	9.326	4.58	536.206	205.044	536.206	205.044
MM_RS02710	-1.92839517412162	0.497423226172322	0.000105852566573098	0.00104163750696148	104.153650220982	raw_counts / DESeq2 median-of-ratios	2.51	1.128	149.1	51.528	149.1	51.528
MM_RS10660	-1.74872743235093	0.451417949889467	0.000107127410202733	0.00105118771261431	245.317455386194	raw_counts / DESeq2 median-of-ratios	3.317	1.59	191.61	70.976	191.61	70.976
MM_RS15475	-1.82325089217673	0.470856219263237	0.000107856036679158	0.00105533923708162	198.625431707423	raw_counts / DESeq2 median-of-ratios	0.402	0.201	23.956	8.891	23.956	8.891
MM_RS11835	-1.96981740245882	0.509614769427143	0.000110949673033157	0.00108254285496194	276.271299409781	raw_counts / DESeq2 median-of-ratios	2.388	0.988	137.559	42.734	137.559	42.734
MM_RS06650	-1.61198994854409	0.417452258309893	0.000112695163923595	0.00109647632730168	502.212582984547	raw_counts / DESeq2 median-of-ratios	731.132	391.82	42568.316	17728.784	42568.316	17728.784
MM_RS08250	-3.76935350644494	0.977689692799882	0.000115555692940005	0.00112114989723252	283.450970997853	raw_counts / DESeq2 median-of-ratios	3.073	0.553	205.04	22.491	205.04	22.491
MM_RS11420	-1.71182828902391	0.444139466015654	0.000116080924111359	0.00112309106969365	388.122532550184	raw_counts / DESeq2 median-of-ratios	0.726	0.384	42.942	16.918	42.942	16.918
MM_RS07100	1.66093179529353	0.431032892425695	0.000116500284530664	0.00112399995186847	555.34162796056	raw_counts / DESeq2 median-of-ratios	1.676	8.93	98.249	393.707	98.249	393.707
MM_RS03835	2.50310500529314	0.650501513392583	0.00011910459610573	0.00114592555696153	33.934937278947	raw_counts / DESeq2 median-of-ratios	0.329	3.192	19.55	144.205	19.55	144.205
MM_RS01695	1.67587997913508	0.435674405240395	0.000119751650596978	0.00114895055878323	260.669809249927	raw_counts / DESeq2 median-of-ratios	0.746	3.901	43.418	176.714	43.418	176.714
MM_RS05120	1.90146365253713	0.494504334882205	0.000120458539151704	0.00115253128595564	324.319300232537	raw_counts / DESeq2 median-of-ratios	1.422	8.556	82.627	399.596	82.627	399.596
MM_RS15285	1.62415435922303	0.422497986869876	0.000120960816414509	0.00115413994446329	328.486308693516	raw_counts / DESeq2 median-of-ratios	3.156	16.511	185.993	744.119	185.993	744.119
MM_RS13765	1.82581504753521	0.47538780617154	0.000122691225945755	0.00116742560445355	111.419390510278	raw_counts / DESeq2 median-of-ratios	0.694	4.131	40.75	186.376	40.75	186.376
MM_RS04520	-1.54715691039786	0.402905466526752	0.000123034411199668	0.00116747487990015	913.096511069297	raw_counts / DESeq2 median-of-ratios	4.756	2.702	278.087	121.665	278.087	121.665
MM_RS02025	-1.61689679851363	0.423830418401662	0.000136204076294664	0.00128890103978567	936.836364118162	raw_counts / DESeq2 median-of-ratios	2.324	1.288	136.633	56.787	136.633	56.787
MM_RS01925	6.69766722944631	1.75604470972076	0.000136699941276475	0.00129005900865832	9.77118839117302	raw_counts / DESeq2 median-of-ratios	0	0.411	0	17.219	0	17.219
MM_RS06040	2.08273074708874	0.546438238855534	0.000138145081073415	0.00130014471397159	91.6356197048691	raw_counts / DESeq2 median-of-ratios	0.79	5.997	47.859	275.609	47.859	275.609
MM_RS04210	-1.77464825000108	0.466960316288924	0.000144447396734939	0.00135270126555605	580.729623318375	raw_counts / DESeq2 median-of-ratios	17.734	8.029	1012.482	359.653	1012.482	359.653
MM_RS08805	-1.71649965469428	0.451745875835175	0.00014487025562286	0.00135270126555605	264.851574527332	raw_counts / DESeq2 median-of-ratios	2.567	1.369	152.467	60.473	152.467	60.473
MM_RS05445	-1.63073224550104	0.429180312575469	0.000144904304648448	0.00135270126555605	2394.46980958798	raw_counts / DESeq2 median-of-ratios	18.094	10.438	1084.296	466.38	1084.296	466.38
MM_RS04905	-1.78835022767374	0.471165345656584	0.000147293058822638	0.00137129440747545	745.088256799958	raw_counts / DESeq2 median-of-ratios	4.049	1.827	231.324	80.862	231.324	80.862
MM_RS07310	1.73948124804033	0.460288544186138	0.000157389604895555	0.00146135401964852	377.639906847977	raw_counts / DESeq2 median-of-ratios	1.515	9.091	90.985	402.605	90.985	402.605
MM_RS09680	1.65732312359202	0.438754282650876	0.000158513690984801	0.00146784527791288	1122.11326278301	raw_counts / DESeq2 median-of-ratios	1.66	9.276	99.092	409.435	99.092	409.435
MM_RS06610	-2.61287995666675	0.692090540883835	0.000159786919551949	0.00147408670092857	814.556823629135	raw_counts / DESeq2 median-of-ratios	12.641	2.911	697.721	125.193	697.721	125.193
MM_RS15375	1.76443794677277	0.46740726062387	0.000160041260233994	0.00147408670092857	186.672936715202	raw_counts / DESeq2 median-of-ratios	0.471	2.841	28.205	126.972	28.205	126.972
MM_RS17305	1.86417600488856	0.494520343833901	0.000163466847119773	0.00149732172205845	171.851520021683	raw_counts / DESeq2 median-of-ratios	1.356	8.778	81.034	384.574	81.034	384.574
MM_RS12135	1.6454236583633	0.436451291137365	0.000163244114273552	0.00149732172205845	387.543269166052	raw_counts / DESeq2 median-of-ratios	0.484	2.584	28.513	114.059	28.513	114.059
MM_RS01140	1.6215280539282	0.43022096764451	0.000163864392280861	0.00149732172205845	270.392541633152	raw_counts / DESeq2 median-of-ratios	2.33	11.918	136.384	539.992	136.384	539.992
MM_RS18935	2.07572967630013	0.551235825614938	0.000166154370914813	0.00151424062569859	142.734402178498	raw_counts / DESeq2 median-of-ratios	7.27	47.263	415.555	2208.596	415.555	2208.596
MM_RS11825	-1.9397493892247	0.516237648903305	0.00017163739884138	0.00156009361999507	1902.35721588029	raw_counts / DESeq2 median-of-ratios	26.189	10.15	1476.483	455.458	1476.483	455.458
MM_RS15640	-2.24895255423211	0.599093101060379	0.000174084669413069	0.00157818490328803	209.310408934289	raw_counts / DESeq2 median-of-ratios	5.106	1.544	285.91	71.198	285.91	71.198
MM_RS18725	2.42489973397881	0.646572029572284	0.000176557067712182	0.00159224050098663	2081.90539401133	raw_counts / DESeq2 median-of-ratios	1.638	18.515	104.676	842.404	104.676	842.404
MM_RS13220	1.88267440946199	0.501910431299326	0.000176118967838393	0.00159224050098663	199.481704511918	raw_counts / DESeq2 median-of-ratios	0.394	2.482	23.148	107.566	23.148	107.566
MM_RS04555	-1.80824867860316	0.483788705286026	0.000185724118385803	0.00167054975235564	196.491923271885	raw_counts / DESeq2 median-of-ratios	2.023	0.975	118.199	42.459	118.199	42.459
MM_RS15000	-1.92632889522727	0.515664508051524	0.000187250016466125	0.00167990014772466	82.2355536202209	raw_counts / DESeq2 median-of-ratios	1.554	0.655	89.824	29.641	89.824	29.641
MM_RS03370	1.64986107003561	0.441888335780488	0.000188716761786251	0.00168867278551738	635.944994219666	raw_counts / DESeq2 median-of-ratios	3.154	17.621	188.734	781.425	188.734	781.425
MM_RS14645	2.42481822277245	0.650062332606743	0.000191379580749701	0.00170571103083108	1380.19691919717	raw_counts / DESeq2 median-of-ratios	2.117	22.745	133.283	1076.245	133.283	1076.245
MM_RS17770	1.57657708130603	0.422694015541152	0.000191608535020978	0.00170571103083108	1379.89891033981	raw_counts / DESeq2 median-of-ratios	23.743	118.52	1388.782	5223.493	1388.782	5223.493
MM_RS07720	-1.62480510295813	0.43792149690986	0.000207041848288145	0.00183836129559705	289.659126560305	raw_counts / DESeq2 median-of-ratios	1.928	1.035	112.299	45.886	112.299	45.886
MM_RS12410	-1.78569621266688	0.484492247290398	0.000228069091596185	0.00201987344198263	958.863591810014	raw_counts / DESeq2 median-of-ratios	3.498	1.891	212.652	83.653	212.652	83.653
MM_RS06915	-2.17396526237686	0.590006076978728	0.000229018081993818	0.00202309067827787	278.05171761379	raw_counts / DESeq2 median-of-ratios	2.449	0.786	136.812	35.457	136.812	35.457
MM_RS11470	-1.56869012128316	0.426924790586212	0.000238414087074776	0.0021007200427456	561.373426375752	raw_counts / DESeq2 median-of-ratios	2.348	1.357	138.425	59.973	138.425	59.973
MM_RS00975	-2.08908084104387	0.568661207466788	0.000239079588484026	0.00210122366062042	1028.43392678166	raw_counts / DESeq2 median-of-ratios	4.377	2.044	273.385	92.841	273.385	92.841
MM_RS00220	-2.25996614032718	0.616192520128631	0.000244809141045202	0.00214611871362977	38.5523605931621	raw_counts / DESeq2 median-of-ratios	0.371	0.129	21.589	5.727	21.589	5.727
MM_RS05455	-1.54531281771664	0.421449683777698	0.000245738909666928	0.00214881568098625	1346.3851039074	raw_counts / DESeq2 median-of-ratios	8.46	4.696	491.563	214.729	491.563	214.729
MM_RS14980	1.76949602263104	0.483106761910655	0.000249528628995937	0.00217644415290901	153.609341611866	raw_counts / DESeq2 median-of-ratios	0.58	3.41	34.247	149.609	34.247	149.609
MM_RS04245	-1.69364520632591	0.463349474465486	0.000256959493976897	0.00223561232291235	1450.50640405543	raw_counts / DESeq2 median-of-ratios	7.045	4.016	427.051	179.704	427.051	179.704
MM_RS06910	-3.01876102687841	0.826922157194773	0.000261629653303864	0.00227052467967725	62.5423154637334	raw_counts / DESeq2 median-of-ratios	1.792	0.295	98.028	13.405	98.028	13.405
MM_RS14005	-1.83584271183787	0.503922396174685	0.000269367829026607	0.00233182075553359	284.019758090674	raw_counts / DESeq2 median-of-ratios	1.363	0.697	81.982	30.328	81.982	30.328
MM_RS04035	-1.60074395854698	0.439862534176246	0.000273495454566936	0.00236163325018549	522.819677356858	raw_counts / DESeq2 median-of-ratios	11.782	6.46	691.859	297.715	691.859	297.715
MM_RS04075	-2.60768040547408	0.717093322204584	0.000276411704411848	0.00238086291032051	6851.1810051673	raw_counts / DESeq2 median-of-ratios	28.252	10.276	1831.861	447.439	1831.861	447.439
MM_RS09520	-1.61955781255252	0.445795666641515	0.000280188497112598	0.00240739071897242	213.970983075355	raw_counts / DESeq2 median-of-ratios	8.594	4.822	509.777	218.308	509.777	218.308
MM_RS03120	-1.48055554474553	0.408175349035176	0.000286451806217201	0.00245509811085413	750.799519499988	raw_counts / DESeq2 median-of-ratios	9.741	5.93	573.484	264.758	573.484	264.758
MM_RS01270	-2.17670038720549	0.600321872609613	0.000287969202246762	0.00245673526674645	400.385469900082	raw_counts / DESeq2 median-of-ratios	3.2	1.028	180.228	48.552	180.228	48.552
MM_RS10145	1.76059553145811	0.485574018653157	0.000288065368567549	0.00245673526674645	108.569237422511	raw_counts / DESeq2 median-of-ratios	2.369	13.907	140.972	628.632	140.972	628.632
MM_RS00065	1.96134920406988	0.541330390292576	0.000290978710906364	0.00247546913170094	281.150563073265	raw_counts / DESeq2 median-of-ratios	0.891	6.335	53.614	272.152	53.614	272.152
MM_RS10935	-1.71779942547952	0.474578639637276	0.000295023738485595	0.00249773896173385	208.210291173611	raw_counts / DESeq2 median-of-ratios	1.336	0.713	79.919	32.652	79.919	32.652
MM_RS03490	-1.52963882093629	0.422597211309423	0.000295042703065261	0.00249773896173385	329.004767955149	raw_counts / DESeq2 median-of-ratios	5.548	3.27	327.203	147.3	327.203	147.3
MM_RS05030	1.86250770014544	0.514766138327185	0.000296701730261261	0.0025052640978854	85.8621120467991	raw_counts / DESeq2 median-of-ratios	1.938	12.016	115.102	549.886	115.102	549.886
MM_RS03910	1.60221401838627	0.442897897036191	0.000297382246709038	0.0025052640978854	361.311334184344	raw_counts / DESeq2 median-of-ratios	1.189	6.401	71.148	286.661	71.148	286.661
MM_RS13070	1.75555209143391	0.486114522940086	0.000304553097592973	0.00255943162794679	109.428219888533	raw_counts / DESeq2 median-of-ratios	0.822	4.595	47.861	203.909	47.861	203.909
MM_RS14010	-1.92681968960875	0.533653869550609	0.000305469561743372	0.00256090258801361	340.429747780093	raw_counts / DESeq2 median-of-ratios	1.447	0.729	88.687	31.964	88.687	31.964
MM_RS02855	2.18026451093416	0.606067897985625	0.000321422453710136	0.00268162597853819	82.344501842735	raw_counts / DESeq2 median-of-ratios	1.184	8.231	67.577	387.415	67.577	387.415
MM_RS06540	2.06273543454454	0.573387573782087	0.00032134727489685	0.00268162597853819	82.2437696285694	raw_counts / DESeq2 median-of-ratios	1.629	12.303	99.139	568.765	99.139	568.765
MM_RS17150	-1.71655170696347	0.47766658410129	0.000326116617238292	0.00271423324323147	248.150019057351	raw_counts / DESeq2 median-of-ratios	1.669	0.789	95.513	35.796	95.513	35.796
MM_RS18185	-1.62131642238606	0.451357895719711	0.000328041424543343	0.00272369009704977	250.657544719516	raw_counts / DESeq2 median-of-ratios	81.958	42.761	4748.201	1952.395	4748.201	1952.395
MM_RS06635	1.68184975852578	0.468989384200719	0.00033564128306377	0.00278010789377041	412.676915728515	raw_counts / DESeq2 median-of-ratios	1.728	10.004	103.835	440.554	103.835	440.554
MM_RS09960	1.7225804399211	0.480913309413433	0.000341112360671487	0.00281866529607492	1925.51035562761	raw_counts / DESeq2 median-of-ratios	20.202	101.963	1147.895	4535.422	1147.895	4535.422
MM_RS05295	1.95956763569331	0.547184311521183	0.000342040813361073	0.00281959181228913	63.2159288498147	raw_counts / DESeq2 median-of-ratios	0.272	1.84	16.151	81.289	16.151	81.289
MM_RS06835	1.70934533412664	0.478680834200504	0.000355688770249201	0.00292511669628748	1009.33823744981	raw_counts / DESeq2 median-of-ratios	1.843	9.694	106.194	421.454	106.194	421.454
MM_RS13340	-8.9200284016823	2.4989881361076	0.000357723178753921	0.00293485952355354	7716.43631574959	raw_counts / DESeq2 median-of-ratios	44.136	0.112	2352.264	5.032	2352.264	5.032
MM_RS06305	-1.70976690220901	0.47910081541955	0.000358757443997947	0.00293637016959457	1027.05069809427	raw_counts / DESeq2 median-of-ratios	7.97	4.012	466.927	187.837	466.927	187.837
MM_RS08310	1.50738141087031	0.422621454035988	0.000361447932211487	0.00295139753630846	382.504996336924	raw_counts / DESeq2 median-of-ratios	2.506	11.694	145.797	523.597	145.797	523.597
MM_RS15040	2.21394980397318	0.621582862592936	0.000368330035143096	0.00300049986175531	45.7243175497499	raw_counts / DESeq2 median-of-ratios	0.07	0.505	3.98	23.326	3.98	23.326
MM_RS10385	-2.37989698456321	0.668296256632541	0.000369247170430811	0.00300089347451299	1226.8709797504	raw_counts / DESeq2 median-of-ratios	3.239	1.338	207.888	59.358	207.888	59.358
MM_RS12990	-1.86287942442895	0.523213105610303	0.000370205459988302	0.00300161891736994	16206.6957959631	raw_counts / DESeq2 median-of-ratios	63.642	26.846	3612.539	1164.643	3612.539	1164.643
MM_RS01985	2.14805559524856	0.604354041864701	0.000378986580883527	0.00306561979009766	64.9990717145067	raw_counts / DESeq2 median-of-ratios	0.253	1.696	14.272	78.032	14.272	78.032
MM_RS14375	-1.92322320587872	0.541756230533894	0.000385261978586555	0.00310910017298589	521.554936573791	raw_counts / DESeq2 median-of-ratios	21.393	10.582	1311.957	491.613	1311.957	491.613
MM_RS09375	-1.51034061371669	0.425792506665904	0.000389455007144295	0.00313561210880279	752.751529831474	raw_counts / DESeq2 median-of-ratios	3.51	2.012	204.567	92.164	204.567	92.164
MM_RS17800	2.60795110538749	0.735460319640379	0.000391108424001545	0.00314160115465427	92.1537642146166	raw_counts / DESeq2 median-of-ratios	1.116	12.134	66.256	499.866	66.256	499.866
MM_RS02510	-2.37136477944076	0.668874921446605	0.000392160862038413	0.00314274621225215	51.9478969017468	raw_counts / DESeq2 median-of-ratios	0.663	0.191	37.223	8.566	37.223	8.566
MM_RS16000	-1.80034552208519	0.508389043910868	0.000398197988723228	0.00318374040057877	165.827617641528	raw_counts / DESeq2 median-of-ratios	3.184	1.644	190.205	71.481	190.205	71.481
MM_RS04620	1.56113672083406	0.441121561458796	0.000401619933602648	0.00320368418167101	232.823026325245	raw_counts / DESeq2 median-of-ratios	0.478	2.379	28.189	108.352	28.189	108.352
MM_RS13350	-7.29632945690461	2.06287001590944	0.000404730708585958	0.00321272060825099	1005.85460650694	raw_counts / DESeq2 median-of-ratios	106.328	0.835	5675.609	37.494	5675.609	37.494
MM_RS05990	-1.85842692305345	0.525434406574227	0.000404800502364616	0.00321272060825099	1331.37112109408	raw_counts / DESeq2 median-of-ratios	8.936	4.765	550.426	210.555	550.426	210.555
MM_RS00415	-1.67929986771806	0.47485468390631	0.000405543192008521	0.00321272060825099	392.609195318165	raw_counts / DESeq2 median-of-ratios	2.002	0.99	115.702	45.903	115.702	45.903
MM_RS14055	-1.52683073337791	0.432515491568295	0.000415374323269533	0.00328307302648276	529.465248497192	raw_counts / DESeq2 median-of-ratios	3.552	2.104	209.04	92.677	209.04	92.677
MM_RS05545	-1.88506115156571	0.534239723671185	0.000417932922800478	0.00329575414464121	408.364772844038	raw_counts / DESeq2 median-of-ratios	1.487	0.773	91.204	33.88	91.204	33.88
MM_RS04775	-1.61954050160319	0.459205244452621	0.000420560928878073	0.00330892357253955	1274.70673385388	raw_counts / DESeq2 median-of-ratios	9.799	5.23	568.395	227.83	568.395	227.83
MM_RS02285	-1.44130889524059	0.410190623004668	0.000441821968906077	0.00346830245591271	508.670380190519	raw_counts / DESeq2 median-of-ratios	2.499	1.545	146.624	69.361	146.624	69.361
MM_RS07095	1.86650786432297	0.531426833748809	0.000444317335770061	0.00347760791749764	993.233851066823	raw_counts / DESeq2 median-of-ratios	15.631	98.063	919.657	4174.787	919.657	4174.787
MM_RS06045	1.7235728531079	0.490789552851121	0.000445021047925291	0.00347760791749764	90.2402751658837	raw_counts / DESeq2 median-of-ratios	0.771	4.291	45.269	192.385	45.269	192.385
MM_RS04965	1.99705740516674	0.569346697688211	0.00045211784533224	0.00352509037873038	867.959895423068	raw_counts / DESeq2 median-of-ratios	2.106	16.046	130.082	750.124	130.082	750.124
MM_RS15185	-1.91350479351764	0.545901136385828	0.000456226308678136	0.0035491118697619	77.6241205933997	raw_counts / DESeq2 median-of-ratios	0.366	0.151	20.987	6.893	20.987	6.893
MM_RS08830	1.7896610299461	0.510730581930601	0.000458119601210195	0.00355583169119104	1554.09718518731	raw_counts / DESeq2 median-of-ratios	9.619	61.571	586.501	2851.532	586.501	2851.532
MM_RS16310	-1.83463677326144	0.524559165040203	0.000469670608420887	0.00362917736350278	136.891513524383	raw_counts / DESeq2 median-of-ratios	1.146	0.591	69.663	26.818	69.663	26.818
MM_RS06115	-1.70775464036428	0.488243399503707	0.000469196083383568	0.00362917736350278	225.667427597731	raw_counts / DESeq2 median-of-ratios	1.316	0.625	75.112	28.035	75.112	28.035
MM_RS13020	-1.60128179151659	0.458134407740369	0.000473666320807328	0.00364374938099891	439.23092591528	raw_counts / DESeq2 median-of-ratios	2.897	1.682	173.444	77.157	173.444	77.157
MM_RS00105	1.47921294360704	0.423167306893882	0.00047304197373874	0.00364374938099891	2323.21492886628	raw_counts / DESeq2 median-of-ratios	3.941	19.443	235.327	865.818	235.327	865.818
MM_RS04715	-1.89295109941492	0.541754895739771	0.000475645321645333	0.00365084209102884	1090.26467402302	raw_counts / DESeq2 median-of-ratios	7.103	3.7	439.598	169.319	439.598	169.319
MM_RS05995	-1.85401218221167	0.532465513034098	0.000497797962381259	0.00381240390701745	2512.76801677796	raw_counts / DESeq2 median-of-ratios	10.256	5.539	635.169	248.298	635.169	248.298
MM_RS14840	2.83267689757568	0.814186147302661	0.000503004268473122	0.00383466830148852	188.177151494827	raw_counts / DESeq2 median-of-ratios	1.912	23.019	113.98	1150.52	113.98	1150.52
MM_RS01535	-1.96058381595961	0.563474551719845	0.000502436507050345	0.00383466830148852	1651.83953621822	raw_counts / DESeq2 median-of-ratios	3.074	1.524	190.376	70.81	190.376	70.81
MM_RS13500	1.52854443192811	0.439413371869324	0.000504035729263401	0.00383466830148852	224.624337589813	raw_counts / DESeq2 median-of-ratios	2.553	12.648	151.191	571.391	151.191	571.391
MM_RS12930	-1.7592840993518	0.506267773586895	0.000510839861655032	0.00387789204869556	407.121626752151	raw_counts / DESeq2 median-of-ratios	2.426	1.353	148.465	60.768	148.465	60.768
MM_RS09455	-1.7196375338766	0.495301873209181	0.000516792842941242	0.0039144791217523	100.611453985348	raw_counts / DESeq2 median-of-ratios	1.647	0.828	96.675	38.003	96.675	38.003
MM_RS13345	-8.5106219719793	2.45508392233866	0.000527222974051477	0.00397604400081616	1678.58030530971	raw_counts / DESeq2 median-of-ratios	168.714	0.586	8993.823	24.304	8993.823	24.304
MM_RS06645	1.66476850882365	0.480176862874196	0.000526320952296758	0.00397604400081616	111.184782769017	raw_counts / DESeq2 median-of-ratios	0.635	3.433	37.431	152.555	37.431	152.555
MM_RS15435	-1.56699535877205	0.452576817015618	0.00053540989282551	0.00402898860527083	1754.56526647372	raw_counts / DESeq2 median-of-ratios	3.087	1.904	186.522	85.12	186.522	85.12
MM_RS09890	1.69468645913061	0.490431707178067	0.000549274458877928	0.00412433474122688	174.378858316137	raw_counts / DESeq2 median-of-ratios	1.488	7.763	85.728	340.877	85.728	340.877
MM_RS04630	-1.56390778764647	0.452677633879688	0.000550714261339989	0.00412617583225233	187.808892612071	raw_counts / DESeq2 median-of-ratios	1.62	0.945	95.725	41.896	95.725	41.896
MM_RS10260	-2.30985969801435	0.670092968150636	0.000566694434177915	0.00423098387010535	247.61155084552	raw_counts / DESeq2 median-of-ratios	5.442	2.327	346.792	102.098	346.792	102.098
MM_RS19145	1.55547626439499	0.451274054157472	0.000567152730706074	0.00423098387010535	301.587170695805	raw_counts / DESeq2 median-of-ratios	2.761	13.638	161.614	599.206	161.614	599.206
MM_RS06780	1.48576980879677	0.431862102209497	0.000580897622531068	0.00432418187116877	2077.1183177547	raw_counts / DESeq2 median-of-ratios	7.146	31.822	411.274	1416.598	411.274	1416.598
MM_RS04910	-2.00200064993192	0.583371256593678	0.000599638176423699	0.00445408658358592	1165.40114899718	raw_counts / DESeq2 median-of-ratios	417.066	151.777	23487.548	7145.007	23487.548	7145.007
MM_RS13585	-1.83433618912372	0.535042459347786	0.000607164290605271	0.00450031214538757	1432.24429911269	raw_counts / DESeq2 median-of-ratios	11.537	6.299	712.253	277.729	712.253	277.729
MM_RS05835	2.30344807740138	0.672096653571461	0.000609711337636764	0.0045095138333991	17421.0616752811	raw_counts / DESeq2 median-of-ratios	12.375	131.415	792.94	5725.992	792.94	5725.992
MM_RS12610	-1.51195288182529	0.441236151980145	0.000611121940070592	0.00451028884829877	2716.29799845965	raw_counts / DESeq2 median-of-ratios	21.791	12.174	1259.728	560.483	1259.728	560.483
MM_RS06795	-1.60035075409396	0.469343278611986	0.000650186388672168	0.00477586096169165	293.702465207214	raw_counts / DESeq2 median-of-ratios	1.371	0.713	78.644	31.678	78.644	31.678
MM_RS14530	1.53430689242014	0.450006398020198	0.000650767344067271	0.00477586096169165	412.881628868536	raw_counts / DESeq2 median-of-ratios	0.743	3.841	44.615	173.871	44.615	173.871
MM_RS11120	-1.52511547041121	0.447337329159198	0.000651253767503407	0.00477586096169165	1552.46034220621	raw_counts / DESeq2 median-of-ratios	16.553	10.434	998.509	470.335	998.509	470.335
MM_RS10650	-1.52869089950887	0.449458726981126	0.000670951588568006	0.00490988726041079	629.677317463975	raw_counts / DESeq2 median-of-ratios	4.775	2.593	273.714	116.532	273.714	116.532
MM_RS16810	-1.48331578304433	0.43642119459239	0.000676779788639775	0.00493164006321051	352.970268583184	raw_counts / DESeq2 median-of-ratios	3.063	1.89	181.821	86.114	181.821	86.114
MM_RS18225	1.41474802577184	0.416210023708681	0.000676029237367446	0.00493164006321051	11501.7916732217	raw_counts / DESeq2 median-of-ratios	800.884	3696.019	47410.226	163356.571	47410.226	163356.571
MM_RS18295	-2.33239090929594	0.686680538378338	0.000682243410337921	0.00496098681959406	1003.72762676074	raw_counts / DESeq2 median-of-ratios	180.679	77.975	11644.937	3448.93	11644.937	3448.93
MM_RS04135	1.5316807962476	0.451184322727851	0.000686786076772305	0.00498352754027635	158.836477979818	raw_counts / DESeq2 median-of-ratios	1.352	6.625	79.686	299.298	79.686	299.298
MM_RS08640	-1.90463812520249	0.562510672967947	0.000709299573869543	0.00513610215544109	324.768830685177	raw_counts / DESeq2 median-of-ratios	1.256	0.661	78.06	29.581	78.06	29.581
MM_RS03270	-1.62853710154348	0.481595936479436	0.000720800956016855	0.00520846548552765	662.813740822417	raw_counts / DESeq2 median-of-ratios	10.707	5.737	622.442	248.158	622.442	248.158
MM_RS13145	-1.66629647333973	0.494237142849899	0.000747732488839052	0.00539179126607534	1911.97379449839	raw_counts / DESeq2 median-of-ratios	77.489	40.722	4560.855	1916.042	4560.855	1916.042
MM_RS01135	1.71298636527676	0.5088469786869	0.00076154074683488	0.00547992029076599	96.3582127156414	raw_counts / DESeq2 median-of-ratios	0.356	2.036	21.127	89.646	21.127	89.646
MM_RS15405	-1.97544828331718	0.587186351073382	0.000767488576971981	0.00550729917736556	1029.97634304282	raw_counts / DESeq2 median-of-ratios	4.204	2.166	263.987	96.602	263.987	96.602
MM_RS07460	1.66680618395745	0.495500289250342	0.000768534511722699	0.00550729917736556	702.139353799718	raw_counts / DESeq2 median-of-ratios	1.564	7.785	89.376	339.61	89.376	339.61
MM_RS10250	-2.28566420563427	0.68034806683848	0.000780691665458923	0.00558283439439983	2286.75824211674	raw_counts / DESeq2 median-of-ratios	7.333	3.251	470.904	141.924	470.904	141.924
MM_RS02065	1.47722193074746	0.439972596997324	0.000786417323168335	0.00561215998806493	215.024092854536	raw_counts / DESeq2 median-of-ratios	0.889	4.165	52.294	189.203	52.294	189.203
MM_RS00845	-1.37030456713924	0.408605181020383	0.000797631880377517	0.00568045466974009	964.877446827372	raw_counts / DESeq2 median-of-ratios	1.629	1.049	95.179	46.672	95.179	46.672
MM_RS19280	2.34064496856943	0.699054211574677	0.000813082082220884	0.00577360129318641	266.783211380652	raw_counts / DESeq2 median-of-ratios	0.78	7.06	47.326	345.151	47.326	345.151
MM_RS01550	-1.81409016140585	0.541847582633447	0.00081405438036531	0.00577360129318641	802.430913552911	raw_counts / DESeq2 median-of-ratios	3.908	2.148	241.779	98.215	241.779	98.215
MM_RS02080	-1.63803308429247	0.490014301603843	0.000829295548238583	0.00586964513036079	19349.5895410872	raw_counts / DESeq2 median-of-ratios	38829.059	20596.59	2255634.466	886501.946	2255634.466	886501.946
MM_RS03740	-1.90801050116133	0.57170119894197	0.000845582057704201	0.00597267981045053	1353.43721947964	raw_counts / DESeq2 median-of-ratios	8.946	4.786	559.815	214.226	559.815	214.226
MM_RS10890	-1.66757640873242	0.499915375527794	0.000850796072684277	0.00599724415316631	148.333680245029	raw_counts / DESeq2 median-of-ratios	0.684	0.367	40.056	15.929	40.056	15.929
MM_RS16025	1.6378195213622	0.491285959030558	0.000856867955063515	0.00602774321138367	96.6831827022929	raw_counts / DESeq2 median-of-ratios	0.177	0.925	10.348	41.045	10.348	41.045
MM_RS06365	1.79808203271206	0.539522683505996	0.000859991577425504	0.00603742054558473	225.637143578236	raw_counts / DESeq2 median-of-ratios	1.145	5.941	64.472	267.154	64.472	267.154
MM_RS10275	-1.52293818625502	0.457450866470124	0.000871007856763917	0.0061023552479971	153.878526362781	raw_counts / DESeq2 median-of-ratios	0.178	0.106	10.5	4.744	10.5	4.744
MM_RS02885	1.60729953952144	0.483048800546144	0.00087658516861594	0.00612899832469526	114.595295266158	raw_counts / DESeq2 median-of-ratios	1.697	8.741	99.563	386.359	99.563	386.359
MM_RS08890	-1.85982985882953	0.559302646875513	0.000883343375874316	0.00615694203496025	63.5401702873943	raw_counts / DESeq2 median-of-ratios	1.005	0.501	60.254	22.085	60.254	22.085
MM_RS10945	-1.65165157820867	0.496735503458132	0.000884146858523533	0.00615694203496025	391.032162822233	raw_counts / DESeq2 median-of-ratios	2.429	1.4	146.964	64.625	146.964	64.625
MM_RS09965	2.0328622329674	0.612696994647657	0.000906996654981935	0.00630335301067929	2267.63478413544	raw_counts / DESeq2 median-of-ratios	11.96	69.606	664.021	3077.682	664.021	3077.682
MM_RS06325	-1.50383461840111	0.454398726654872	0.000934612726743889	0.00648223365095059	2035.77498666529	raw_counts / DESeq2 median-of-ratios	13.46	8.597	809.348	379.121	809.348	379.121
MM_RS07965	-2.33486248267918	0.705875458954227	0.000940473305682962	0.00650980921408607	1310.36488939513	raw_counts / DESeq2 median-of-ratios	87.194	37.915	5627.031	1646.822	5627.031	1646.822
MM_RS13715	-1.52786531351241	0.462052093250787	0.000944036426027524	0.00652140363099814	1210.38785535866	raw_counts / DESeq2 median-of-ratios	6.335	4.001	383.111	182.112	383.111	182.112
MM_RS06665	-1.34150211760344	0.405840623633516	0.000948104917376019	0.00653643589743866	2866.75384974531	raw_counts / DESeq2 median-of-ratios	11.733	7.512	681.008	339.527	681.008	339.527
MM_RS04840	-2.14015140546033	0.648346554483028	0.000963623720232119	0.00661701059578875	737.712503611401	raw_counts / DESeq2 median-of-ratios	25.807	8.447	1435.018	362.811	1435.018	362.811
MM_RS03375	-2.12386673597702	0.643361732222816	0.00096271703843951	0.00661701059578875	404.948060907573	raw_counts / DESeq2 median-of-ratios	0.948	0.424	58.126	17.775	58.126	17.775
MM_RS04100	-2.39751296326149	0.727011975547653	0.000974584667163663	0.00667899888964939	7014.5988148186	raw_counts / DESeq2 median-of-ratios	371.22	155.075	24173.529	7152.544	24173.529	7152.544
MM_RS00355	-1.9171864880816	0.58165079680409	0.000980327343716366	0.00670505078256699	295.806747438793	raw_counts / DESeq2 median-of-ratios	1.938	1.022	121.06	45.986	121.06	45.986
MM_RS15425	1.53823148247751	0.466778465961471	0.000982743879736277	0.00670829517906937	127.636076594915	raw_counts / DESeq2 median-of-ratios	0.328	1.623	19.325	72.34	19.325	72.34
MM_RS12985	-1.61365506340787	0.490257495069038	0.000996744790891399	0.00679044676082622	4096.3775046699	raw_counts / DESeq2 median-of-ratios	25.335	12.982	1448.518	565.308	1448.518	565.308
MM_RS01490	1.6529129271611	0.502769790475399	0.00101040324804347	0.00686726603591223	116.729741351015	raw_counts / DESeq2 median-of-ratios	1.538	8.082	90.521	373.779	90.521	373.779
MM_RS05400	-1.6010409036617	0.487057531251179	0.00101199722416888	0.00686726603591223	181.752433208925	raw_counts / DESeq2 median-of-ratios	1.607	0.881	93.444	38.367	93.444	38.367
MM_RS19070	1.61438779667922	0.491278921765891	0.00101587778696205	0.00688008211013119	334.566505424617	raw_counts / DESeq2 median-of-ratios	1.12	6.313	67.811	277.902	67.811	277.902
MM_RS03125	-1.66922812658914	0.508335840640687	0.00102449824991018	0.00692488640937328	159.389787755652	raw_counts / DESeq2 median-of-ratios	21.702	12.351	1313.081	564.845	1313.081	564.845
MM_RS15010	-1.70152230340636	0.518613849882949	0.0010347492226935	0.00698051526402999	550.633273565289	raw_counts / DESeq2 median-of-ratios	2.415	1.385	147.632	63.847	147.632	63.847
MM_RS06065	-1.81739816975147	0.554052799055236	0.00103737385442093	0.00698457951884972	258.30449160292	raw_counts / DESeq2 median-of-ratios	2.077	1.137	127.503	49.556	127.503	49.556
MM_RS01380	-1.61034976207576	0.491021807387308	0.00103958381235248	0.00698584141608068	239.713853506649	raw_counts / DESeq2 median-of-ratios	17.216	9.688	1024.643	450.807	1024.643	450.807
MM_RS08800	-1.54531368943668	0.471386874205737	0.00104460952617661	0.00700598311342527	431.635245832794	raw_counts / DESeq2 median-of-ratios	1.568	0.982	94.633	43.499	94.633	43.499
MM_RS08130	1.5753954579161	0.482034370457813	0.00108225341453987	0.00724438622833473	548.338947256346	raw_counts / DESeq2 median-of-ratios	1.774	8.1	100.897	362.167	100.897	362.167
MM_RS02570	1.41645730319561	0.433494903428537	0.00108490631576365	0.00724809751382525	529.196487068376	raw_counts / DESeq2 median-of-ratios	1.24	5.417	72.298	248.446	72.298	248.446
MM_RS10475	-1.60717660319952	0.492030810413108	0.00108918669943875	0.00726264644760898	232.431116683028	raw_counts / DESeq2 median-of-ratios	6.589	3.565	381.832	154.842	381.832	154.842
MM_RS13360	1.45637357159433	0.446165778126369	0.00109774307743777	0.00730559651150303	273.271265645237	raw_counts / DESeq2 median-of-ratios	0.607	2.895	36.002	128.12	36.002	128.12
MM_RS11750	-1.87564855038367	0.575586828682676	0.00111935090720668	0.00743507314133055	637.031240260664	raw_counts / DESeq2 median-of-ratios	16.343	6.418	912.888	289.761	912.888	289.761
MM_RS18090	1.7209335153671	0.52835801394586	0.00112542792234297	0.00746008978598291	94.3305054207012	raw_counts / DESeq2 median-of-ratios	0.188	0.959	10.692	43.057	10.692	43.057
MM_RS00130	1.46630677816927	0.450252938026594	0.00112743684663668	0.00746008978598291	443.228452971704	raw_counts / DESeq2 median-of-ratios	5.518	24.917	319.878	1095.087	319.878	1095.087
MM_RS10910	-1.48645188231632	0.45687416452402	0.00113982373747549	0.00752763133697961	203.306319151517	raw_counts / DESeq2 median-of-ratios	1.22	0.694	70.395	31.338	70.395	31.338
MM_RS03380	-1.8901373831628	0.581072161696257	0.00114256005295817	0.00753130233381209	903.051662359629	raw_counts / DESeq2 median-of-ratios	2.028	1.067	124.846	45.739	124.846	45.739
MM_RS04495	-1.48314517139408	0.456897684641952	0.00116989101987715	0.00769676872886797	1241.65900225852	raw_counts / DESeq2 median-of-ratios	3.432	2.103	203.575	97.568	203.575	97.568
MM_RS11260	1.68291936547588	0.518920964981342	0.00118231278886297	0.00776370413067052	84.6617232731793	raw_counts / DESeq2 median-of-ratios	0.596	3.095	34.365	137.093	34.365	137.093
MM_RS12740	-1.84412983098538	0.570101621942072	0.00121754062232015	0.00797985827228423	1173.13427616783	raw_counts / DESeq2 median-of-ratios	7.864	4.309	486.275	186.543	486.275	186.543
MM_RS13850	1.86806544841178	0.578452346980602	0.0012404167744517	0.00811439306620485	48.6732006136738	raw_counts / DESeq2 median-of-ratios	2.145	12.575	123.233	561.952	123.233	561.952
MM_RS01435	1.38067930755192	0.427925838924269	0.00125338191334186	0.00816429653185898	299.704962119107	raw_counts / DESeq2 median-of-ratios	0.407	1.744	23.7	78.065	23.7	78.065
MM_RS06220	-1.33177250528332	0.412818956949797	0.00125513649635701	0.00816429653185898	2401.47237957635	raw_counts / DESeq2 median-of-ratios	18.485	12.153	1081.541	555.975	1081.541	555.975
MM_RS09385	-1.30108061377039	0.403287992532468	0.00125453389971884	0.00816429653185898	4026.92296006132	raw_counts / DESeq2 median-of-ratios	34.065	23.077	1992.608	1025.33	1992.608	1025.33
MM_RS09510	-1.70414929451353	0.528523561912277	0.00126255354997499	0.00819710519100301	1012.58088641236	raw_counts / DESeq2 median-of-ratios	6.39	3.787	394.728	171.496	394.728	171.496
MM_RS12120	-2.48175983056271	0.769908722400013	0.00126657809887524	0.00820780629177315	40686.2892201424	raw_counts / DESeq2 median-of-ratios	3672.55	1435.512	239306.796	68302.778	239306.796	68302.778
MM_RS06675	-1.59042445439491	0.493765676230011	0.0012773944388135	0.00826239773719446	288.713058193182	raw_counts / DESeq2 median-of-ratios	2.953	1.499	167.964	67.598	167.964	67.598
MM_RS02315	-1.40310644431587	0.435755786892731	0.00128218501084875	0.00827788229433941	262.216936616442	raw_counts / DESeq2 median-of-ratios	1.259	0.794	73.904	36.191	73.904	36.191
MM_RS12230	-1.42622072094246	0.443108489256764	0.00128785875633435	0.00829900026936351	223.876745539779	raw_counts / DESeq2 median-of-ratios	1.746	1.053	101.188	47.344	101.188	47.344
MM_RS07195	-1.75646265023534	0.545937250520207	0.00129387734270281	0.00832225761954469	1441.048491102	raw_counts / DESeq2 median-of-ratios	4.284	2.475	265.876	112.752	265.876	112.752
MM_RS12910	-1.45979411294251	0.453901592802965	0.0012994434585499	0.00834252361678688	366.515435764583	raw_counts / DESeq2 median-of-ratios	4.918	3.16	292.939	139.091	292.939	139.091
MM_RS08125	-2.95895056477259	0.923832065277239	0.00136046692769454	0.0087019495708462	255.866503415895	raw_counts / DESeq2 median-of-ratios	1.153	0.34	74.954	13.743	74.954	13.743
MM_RS11520	1.3490423556327	0.421188213446862	0.00136030323997271	0.0087019495708462	314.592386743079	raw_counts / DESeq2 median-of-ratios	1.425	6.11	83.73	275.427	83.73	275.427
MM_RS02740	-2.77707485821666	0.867787472772194	0.00137342475071708	0.00876859351012347	6365.4550893135	raw_counts / DESeq2 median-of-ratios	123.725	43.094	8325.295	1972.224	8325.295	1972.224
MM_RS13140	-1.52460257832047	0.476876318588774	0.00138835665702748	0.00884757175899064	403.019751804354	raw_counts / DESeq2 median-of-ratios	2.172	1.17	124.423	53.744	124.423	53.744
MM_RS06280	1.42053956366667	0.444934864069321	0.00140953661193507	0.0089660026843899	2752.88111926841	raw_counts / DESeq2 median-of-ratios	7.245	33.801	429.414	1477.815	429.414	1477.815
MM_RS15215	1.70917366967027	0.535689308070876	0.00141974612513299	0.00901434396362013	105.687646057717	raw_counts / DESeq2 median-of-ratios	1.109	5.918	64.029	257.146	64.029	257.146
MM_RS16125	1.54829090283867	0.486558280271572	0.00146197008615974	0.00926540307815735	511.965627670673	raw_counts / DESeq2 median-of-ratios	0.87	4.504	52.25	209.098	52.25	209.098
MM_RS09040	-1.71282381279092	0.538541952547157	0.00147029494344062	0.00930109658359691	700.510035874372	raw_counts / DESeq2 median-of-ratios	3.197	1.879	197.563	85.875	197.563	85.875
MM_RS12030	-1.54653569026792	0.486459607771116	0.00147699641156767	0.009326408785292	718.042762307641	raw_counts / DESeq2 median-of-ratios	5.3	3.323	319.502	145.1	319.502	145.1
MM_RS02900	1.46469216202222	0.461871519977185	0.00151804701835307	0.00956812846969253	154.434549802413	raw_counts / DESeq2 median-of-ratios	0.737	3.474	43.451	153.879	43.451	153.879
MM_RS16940	2.02942108844932	0.642048267330905	0.00157307111453832	0.00989688092826114	33.380516683986	raw_counts / DESeq2 median-of-ratios	0.141	0.945	8.233	43.427	8.233	43.427
MM_RS05665	1.26787069524431	0.401251827160825	0.00157883992128184	0.00991511470564996	1618.87159550704	raw_counts / DESeq2 median-of-ratios	7.16	28.702	418.641	1281.47	418.641	1281.47
MM_RS13455	1.65810216663158	0.525109883226914	0.00159057874323597	0.0099707059512469	64.0231789241452	raw_counts / DESeq2 median-of-ratios	0.89	4.774	52.564	215.588	52.564	215.588
MM_RS08520	1.64938920525984	0.522496259526882	0.00159538965453132	0.0099827461354188	142.945354751886	raw_counts / DESeq2 median-of-ratios	0.198	1.01	11.429	43.846	11.429	43.846
MM_RS02975	1.83028652346217	0.580049603821137	0.00160280090444241	0.00999291394213732	206.016014523337	raw_counts / DESeq2 median-of-ratios	0.834	5.819	52.013	264.537	52.013	264.537
MM_RS08090	-1.71083809719371	0.542123017329269	0.00160052215410728	0.00999291394213732	2182.2208439945	raw_counts / DESeq2 median-of-ratios	15.438	9.226	958.149	418.689	958.149	418.689
MM_RS03040	-3.22406606458767	1.02227584078495	0.00161152729020338	0.0100128429236892	222.875510179255	raw_counts / DESeq2 median-of-ratios	4.105	0.539	220.656	25.949	220.656	25.949
MM_RS16770	1.85971353684243	0.589726915351557	0.00161316128689138	0.0100128429236892	44.2238468358871	raw_counts / DESeq2 median-of-ratios	0.139	0.802	7.965	36.153	7.965	36.153
MM_RS12375	1.41328468966978	0.448275346214395	0.00161759303746918	0.0100128429236892	243.073790367045	raw_counts / DESeq2 median-of-ratios	0.69	2.998	40.154	137.162	40.154	137.162
MM_RS07380	-1.38168783564326	0.438222161144306	0.00161635461615567	0.0100128429236892	308.35296070488	raw_counts / DESeq2 median-of-ratios	1.998	1.259	116.683	57.645	116.683	57.645
MM_RS04490	1.7554159532596	0.557345027217069	0.00163492080442867	0.0100888838612094	763.483038918366	raw_counts / DESeq2 median-of-ratios	14.447	83.448	859.251	3979.699	859.251	3979.699
MM_RS06120	-1.55212710871728	0.492823093579767	0.00163571944478206	0.0100888838612094	1223.36516175337	raw_counts / DESeq2 median-of-ratios	3.131	2.009	191.474	90.825	191.474	90.825
MM_RS08100	-1.9586503874703	0.622555507311314	0.00165437518006661	0.010185760912567	1392.02468746936	raw_counts / DESeq2 median-of-ratios	6.035	3.192	382.256	146.306	382.256	146.306
MM_RS10490	1.29597316895256	0.412952957463074	0.00169926782072546	0.0104435427985511	551.873188764452	raw_counts / DESeq2 median-of-ratios	2.524	10.625	149.147	476.129	149.147	476.129
MM_RS07670	-1.77447529043821	0.566266316137182	0.0017265200311001	0.0105734045876237	3968.36952179582	raw_counts / DESeq2 median-of-ratios	7.806	4.485	482.641	194.182	482.641	194.182
MM_RS16230	1.48813642264473	0.474843641833776	0.00172470004702575	0.0105734045876237	124.520138573885	raw_counts / DESeq2 median-of-ratios	0.456	2.228	27.166	100.561	27.166	100.561
MM_RS07745	1.59447758523579	0.508918676509218	0.00172988473588584	0.0105752599606189	104.398917921006	raw_counts / DESeq2 median-of-ratios	0.43	2.107	25.025	97.263	25.025	97.263
MM_RS13635	1.64027709431528	0.524218708389578	0.00175406002614742	0.010685226332122	302.592725830699	raw_counts / DESeq2 median-of-ratios	0.29	1.726	17.869	77.608	17.869	77.608
MM_RS17570	1.47398377195332	0.470995583001208	0.00175100156207485	0.010685226332122	172.870239689334	raw_counts / DESeq2 median-of-ratios	0.301	1.344	17.341	59.657	17.341	59.657
MM_RS16110	2.31151074919575	0.739333358203362	0.00176912707042688	0.0107251668207457	543.308626349985	raw_counts / DESeq2 median-of-ratios	4.767	49.175	305.441	2359.027	305.441	2359.027
MM_RS03475	1.67674268724564	0.536326659556874	0.00176993198836858	0.0107251668207457	969.54409181359	raw_counts / DESeq2 median-of-ratios	6.155	32.403	360.992	1540.277	360.992	1540.277
MM_RS09050	-1.34647188167186	0.430680098078358	0.00176969587357499	0.0107251668207457	253.429564598468	raw_counts / DESeq2 median-of-ratios	1.894	1.227	110.51	55.447	110.51	55.447
MM_RS05380	-2.14476595165374	0.686248022748511	0.00177593007020891	0.0107426663091096	250.619042607056	raw_counts / DESeq2 median-of-ratios	3.78	1.174	209.04	54.932	209.04	54.932
MM_RS08990	5.02829454106686	1.61198099792407	0.00181265170621219	0.0109298405185089	8.6593645469748	raw_counts / DESeq2 median-of-ratios	0.004	0.277	0.312	12.413	0.312	12.413
MM_RS15235	1.75691096597533	0.563250266976894	0.00181320168416491	0.0109298405185089	55.4647572249489	raw_counts / DESeq2 median-of-ratios	0.198	1.145	11.802	52.624	11.802	52.624
MM_RS03400	-1.51478361248908	0.487170130338511	0.00187497941597951	0.0112825416424969	163.61372894443	raw_counts / DESeq2 median-of-ratios	1.091	0.637	63.499	27.779	63.499	27.779
MM_RS02705	-1.48404948545968	0.478167310012454	0.00191168883110023	0.0114634951781601	250.686528064232	raw_counts / DESeq2 median-of-ratios	1.197	0.746	71.487	34.455	71.487	34.455
MM_RS03455	-1.45312545414206	0.468147139449524	0.00190927833930027	0.0114634951781601	980.135299897348	raw_counts / DESeq2 median-of-ratios	7.261	4.891	440.605	220.618	440.605	220.618
MM_RS06790	1.43825957814743	0.463728915766986	0.00192536777788949	0.0115255117934667	262.657614204843	raw_counts / DESeq2 median-of-ratios	0.501	2.438	30.156	109.964	30.156	109.964
MM_RS11815	-1.31015723728096	0.423023016529532	0.00195404219672009	0.0116769234385315	763.269375169382	raw_counts / DESeq2 median-of-ratios	3.516	2.488	209.272	110.91	209.272	110.91
MM_RS04185	-1.50143831372968	0.485171721866805	0.00197043017673496	0.0117469356655219	771.244192057972	raw_counts / DESeq2 median-of-ratios	3.626	2.393	221.073	107.718	221.073	107.718
MM_RS12530	-1.48190653883626	0.478909860159102	0.00197256012912643	0.0117469356655219	570.869435986057	raw_counts / DESeq2 median-of-ratios	1.734	1.146	104.985	50.641	104.985	50.641
MM_RS10715	-1.64369280940302	0.532032800432284	0.00200522287119872	0.0119208946594155	792.221843295874	raw_counts / DESeq2 median-of-ratios	6.107	3.796	376.994	168.468	376.994	168.468
MM_RS12035	-1.45060620261036	0.46984394045556	0.00201901206348769	0.0119822468510077	322.719210289737	raw_counts / DESeq2 median-of-ratios	5.298	3.518	318.857	155.731	318.857	155.731
MM_RS13545	-1.91830027737728	0.621819028415836	0.00203564728400543	0.0120602499467491	5478.74765985483	raw_counts / DESeq2 median-of-ratios	61.429	33.613	3897.235	1534.078	3897.235	1534.078
MM_RS12385	1.50490777657125	0.488327110095793	0.00205779514552694	0.012170589781935	1863.00281558187	raw_counts / DESeq2 median-of-ratios	2.517	13.203	153.206	605.857	153.206	605.857
MM_RS18170	-2.12423729007508	0.690552091908914	0.00209696936723178	0.0123810806742198	29.4509445710983	raw_counts / DESeq2 median-of-ratios	9.633	4.058	583.736	181.324	583.736	181.324
MM_RS12935	-1.50614735115444	0.489740976232215	0.00210223356797203	0.0123909807914256	521.519033117622	raw_counts / DESeq2 median-of-ratios	2.734	1.801	166.65	80.495	166.65	80.495
MM_RS06415	-1.8217824936885	0.592714451425798	0.00211474429628955	0.0124367786783098	21242.9292321498	raw_counts / DESeq2 median-of-ratios	67.765	39.162	4261.465	1728.418	4261.465	1728.418
MM_RS03540	-1.33485670962359	0.43434284404216	0.00211720494002495	0.0124367786783098	526.029249251811	raw_counts / DESeq2 median-of-ratios	3.337	2.339	199.524	105.529	199.524	105.529
MM_RS02340	-1.27342991351235	0.414798122658886	0.00214059329127122	0.0125528170255531	626.6633920476	raw_counts / DESeq2 median-of-ratios	13.528	9.272	789.179	412.64	789.179	412.64
MM_RS00210	-1.5058644634317	0.491330310983391	0.00217763246652625	0.012737819181392	1598.33531834498	raw_counts / DESeq2 median-of-ratios	9.368	5.57	553.665	261.685	553.665	261.685
MM_RS13025	-1.4818544305793	0.483537183573496	0.00217951683155839	0.012737819181392	173.404288294937	raw_counts / DESeq2 median-of-ratios	1.761	1.114	105.618	50.978	105.618	50.978
MM_RS11115	-1.52109289219391	0.49783036983396	0.00224727451433548	0.0131116320481668	2554.3252361582	raw_counts / DESeq2 median-of-ratios	9.798	6.487	600.192	288.767	600.192	288.767
MM_RS04920	-1.29797602167271	0.425146271441024	0.00226558026968788	0.0131961454494131	2026.08372597381	raw_counts / DESeq2 median-of-ratios	6.634	4.8	397.13	215.26	397.13	215.26
MM_RS09675	2.06360147105634	0.677472890820675	0.00231886152760138	0.0134837503642006	264.048423687141	raw_counts / DESeq2 median-of-ratios	5.291	30.538	291.753	1412.517	291.753	1412.517
MM_RS08095	-2.07254457675381	0.68056847036487	0.00232437628897672	0.0134931020203791	557.494246162904	raw_counts / DESeq2 median-of-ratios	11.697	5.693	743.222	268.892	743.222	268.892
MM_RS05765	-1.66348641260413	0.5465029723989	0.00233552618337881	0.013535079592937	795.1223457061	raw_counts / DESeq2 median-of-ratios	9.613	4.436	539.475	200.701	539.475	200.701
MM_RS11395	-1.49841560347804	0.492556998180253	0.00234921219461053	0.0135915894810465	506.021027348148	raw_counts / DESeq2 median-of-ratios	3.14	1.724	178.977	75.799	178.977	75.799
MM_RS14060	-1.29239904026656	0.425348666962512	0.00237801562851529	0.0137352273927957	596.88022595903	raw_counts / DESeq2 median-of-ratios	2.205	1.445	127.414	64.907	127.414	64.907
MM_RS03775	5.23964104879746	1.72516401918744	0.00238799412914259	0.0137698359299808	1148.61636639976	raw_counts / DESeq2 median-of-ratios	0.665	63.037	45.907	2941.582	45.907	2941.582
MM_RS08045	1.57436731371142	0.518725058485335	0.0024047917320912	0.0138205501541481	72.0719332746956	raw_counts / DESeq2 median-of-ratios	1.275	6.518	75.295	288.895	75.295	288.895
MM_RS10460	-1.37477580292629	0.45289283488978	0.00240102758428933	0.0138205501541481	2101.68040948214	raw_counts / DESeq2 median-of-ratios	63.141	44.34	3815.766	2006.986	3815.766	2006.986
MM_RS10930	-1.66302854334886	0.548035843555166	0.00240914678097035	0.0138225797034412	288.095523177231	raw_counts / DESeq2 median-of-ratios	2.59	1.203	145.732	54.67	145.732	54.67
MM_RS09355	1.35428797426317	0.446510108152927	0.00242094602158819	0.0138672430490308	166.196227999762	raw_counts / DESeq2 median-of-ratios	0.531	2.306	31.255	103.345	31.255	103.345
MM_RS04895	2.87046870375016	0.948337222614181	0.00247121567885759	0.0141083949665688	41743.489571137	raw_counts / DESeq2 median-of-ratios	677.011	7584.745	38087.053	299799.359	38087.053	299799.359
MM_RS15735	-1.30022629969203	0.429521044526654	0.0024686824518561	0.0141083949665688	728.463003373922	raw_counts / DESeq2 median-of-ratios	2.75	1.893	161.491	83.284	161.491	83.284
MM_RS14385	1.36202186653925	0.450094705638952	0.00247748055382782	0.0141208215064708	537.72833433528	raw_counts / DESeq2 median-of-ratios	3.324	15.071	197.985	662.628	197.985	662.628
MM_RS02130	-1.54311144798186	0.511085888115302	0.00253376162082163	0.0144178132426983	83.3890914547436	raw_counts / DESeq2 median-of-ratios	1.257	0.711	73.528	32.716	73.528	32.716
MM_RS00970	-2.17700201860852	0.721620852171469	0.00255439343718838	0.0144843376395133	1166.55089827003	raw_counts / DESeq2 median-of-ratios	8.934	4.291	579.264	199.358	579.264	199.358
MM_RS12050	-1.72958017905753	0.573488347618918	0.00256222649037134	0.0144843376395133	276.478114851837	raw_counts / DESeq2 median-of-ratios	6.275	3.741	390.929	168.389	390.929	168.389
MM_RS16540	-1.67247836837879	0.55447727104637	0.00255866905727894	0.0144843376395133	127.84458817873	raw_counts / DESeq2 median-of-ratios	8.267	4.092	471.461	177.314	471.461	177.314
MM_RS03655	-1.41100864909298	0.467641242913222	0.00255046761236019	0.0144843376395133	2767.8860184096	raw_counts / DESeq2 median-of-ratios	8.94	5.261	511.326	231.561	511.326	231.561
MM_RS09980	1.88877639284383	0.627131673606727	0.00259729263947305	0.0146585764325816	584.016148039156	raw_counts / DESeq2 median-of-ratios	13.072	72.373	733.718	3075.75	733.718	3075.75
MM_RS13855	2.09568972281551	0.697200943990315	0.0026482928378408	0.0149220284859741	28.4085830088835	raw_counts / DESeq2 median-of-ratios	0.258	1.889	15.435	87.7	15.435	87.7
MM_RS12290	-1.4266096331759	0.475031062974999	0.00267163554423402	0.015029037735805	843.044643730804	raw_counts / DESeq2 median-of-ratios	5.921	3.4	338.779	156.471	338.779	156.471
MM_RS17805	1.91138097713557	0.63675960332242	0.00268449366325341	0.0150768148176866	33.6279902955986	raw_counts / DESeq2 median-of-ratios	0.061	0.369	3.515	16.475	3.515	16.475
MM_RS05960	-1.65656754334438	0.552388774642372	0.00270941980623605	0.015167481378832	848.778303199494	raw_counts / DESeq2 median-of-ratios	2.998	1.529	172.288	65.01	172.288	65.01
MM_RS04675	1.35566285212268	0.452025550097335	0.00270792131640047	0.015167481378832	4678.91453698249	raw_counts / DESeq2 median-of-ratios	6.431	29.94	387.498	1325.15	387.498	1325.15
MM_RS15380	1.24853839133048	0.416633911453166	0.00272894334680473	0.0152520555337598	424.03207445329	raw_counts / DESeq2 median-of-ratios	1.331	5.352	78.4	242.361	78.4	242.361
MM_RS04080	-1.87519278768438	0.626362427408102	0.00275542416073	0.0153751777886291	7243.12349417762	raw_counts / DESeq2 median-of-ratios	22.535	12.809	1426.95	560.351	1426.95	560.351
MM_RS07330	-1.29594764530185	0.43296668111398	0.00276085956322303	0.0153806595667296	945.907989032885	raw_counts / DESeq2 median-of-ratios	5.877	4.2	349.438	185.367	349.438	185.367
MM_RS02210	-1.27626915716223	0.426889193658167	0.00279254702824076	0.0155321375773648	375.491381183969	raw_counts / DESeq2 median-of-ratios	1.878	1.308	110.646	59.632	110.646	59.632
MM_RS05740	-1.26133930801991	0.422527401530181	0.00283369923524092	0.0157356867500356	433.071924123514	raw_counts / DESeq2 median-of-ratios	1.847	1.251	107.208	56.488	107.208	56.488
MM_RS13835	-1.48141116147189	0.496402159428863	0.00284231320491117	0.0157581858904706	88.5362796506004	raw_counts / DESeq2 median-of-ratios	0.2	0.125	11.884	5.598	11.884	5.598
MM_RS03115	-1.30086638548715	0.436214621094166	0.00286212530939229	0.0158425974657708	264.485647851363	raw_counts / DESeq2 median-of-ratios	6.735	4.564	395.446	208.275	395.446	208.275
MM_RS12945	-1.42720738883029	0.479302725400645	0.00290444483250512	0.0160511239223563	265.533337388788	raw_counts / DESeq2 median-of-ratios	3.407	1.961	194.57	88.43	194.57	88.43
MM_RS00775	-1.40886841518177	0.473433663267116	0.00292176026899501	0.0161210223148703	619.395007387921	raw_counts / DESeq2 median-of-ratios	4.183	2.889	253.61	131.194	253.61	131.194
MM_RS01360	1.51007319615466	0.507888345683082	0.00294675356315653	0.0162329933128272	78.8656176863277	raw_counts / DESeq2 median-of-ratios	0.072	0.352	4.263	15.958	4.263	15.958
MM_RS00455	1.33493444440621	0.449874205700217	0.00300378331336352	0.0165208082234994	193.505520013545	raw_counts / DESeq2 median-of-ratios	5.687	24.883	338.175	1125.582	338.175	1125.582
MM_RS01995	1.85462587781483	0.626907676814821	0.00309269036816715	0.016982754422336	44.2592221280477	raw_counts / DESeq2 median-of-ratios	0.097	0.651	5.93	28.774	5.93	28.774
MM_RS03045	-2.20345659615306	0.745217437151256	0.0031085281499997	0.0170156200160047	70.8553392622373	raw_counts / DESeq2 median-of-ratios	0.647	0.195	35.643	8.755	35.643	8.755
MM_RS04785	-1.28193959971012	0.43355220865419	0.00310820775362895	0.0170156200160047	310.493408095164	raw_counts / DESeq2 median-of-ratios	3.208	2.298	190.477	102.598	190.477	102.598
MM_RS07700	1.72852303112081	0.584877777526204	0.00312306750429862	0.0170681568984928	114.426674071876	raw_counts / DESeq2 median-of-ratios	0.306	1.51	17.158	67.077	17.158	67.077
MM_RS17070	1.40925549982723	0.476982565210488	0.00313153788395973	0.0170874120871989	572.023465634049	raw_counts / DESeq2 median-of-ratios	4.968	24.216	301.489	1101.722	301.489	1101.722
MM_RS07960	-1.86360860671256	0.632298557273235	0.00320504545090027	0.0174334283266292	1453.97657190774	raw_counts / DESeq2 median-of-ratios	102.472	59.102	6515.262	2621.214	6515.262	2621.214
MM_RS12045	-1.63185016209741	0.553664628307346	0.00320497626456887	0.0174334283266292	1520.81169611366	raw_counts / DESeq2 median-of-ratios	8.159	5.218	507.648	231.897	507.648	231.897
MM_RS10355	-2.15180892613818	0.730343921922443	0.0032160511902567	0.0174657874389098	224.457457302502	raw_counts / DESeq2 median-of-ratios	0.761	0.378	49.342	16.693	49.342	16.693
MM_RS13330	-6.68391578620315	2.27080724685538	0.00324618642320364	0.0176017706526615	1232.49169084674	raw_counts / DESeq2 median-of-ratios	79.598	0.976	4245.226	40.768	4245.226	40.768
MM_RS06025	1.85782965665122	0.63133292103197	0.00325353109558693	0.0176139442071431	115.613619439607	raw_counts / DESeq2 median-of-ratios	0.756	3.967	42.27	185.488	42.27	185.488
MM_RS15785	1.34808056991373	0.458620060996531	0.00328818840462223	0.0177737132231067	209.11532713294	raw_counts / DESeq2 median-of-ratios	0.771	3.401	45.894	155.415	45.894	155.415
MM_RS11405	-1.71410760714359	0.58333515621942	0.00329846153268596	0.0178013845842145	62.040300428501	raw_counts / DESeq2 median-of-ratios	0.502	0.242	28.632	10.608	28.632	10.608
MM_RS08650	1.2505672866179	0.425868981657443	0.00331931226059797	0.0178859665337058	410.909551072177	raw_counts / DESeq2 median-of-ratios	0.388	1.575	22.867	69.882	22.867	69.882
MM_RS15400	-1.92665676753485	0.656404641367508	0.00333368993298601	0.0179354595460026	108.161486037972	raw_counts / DESeq2 median-of-ratios	1.589	0.596	88.202	26.861	88.202	26.861
MM_RS03495	-1.25368987444973	0.427735685771246	0.00337881479192198	0.0181499631279915	512.259018874289	raw_counts / DESeq2 median-of-ratios	1.875	1.279	108.685	56.868	108.685	56.868
MM_RS02620	1.60268361392733	0.547515179153815	0.00342034517797406	0.0183155699106907	71.089635699788	raw_counts / DESeq2 median-of-ratios	0.305	1.449	17.436	65.928	17.436	65.928
MM_RS01680	-1.42900374442794	0.488143218543608	0.00341779044396193	0.0183155699106907	795.000538167772	raw_counts / DESeq2 median-of-ratios	6.499	4.527	396.635	203.114	396.635	203.114
MM_RS13530	-1.31016241208487	0.447655274600395	0.0034255524500018	0.0183155699106907	190.705580028765	raw_counts / DESeq2 median-of-ratios	2.549	1.784	151.35	80.166	151.35	80.166
MM_RS06355	-1.44888497437494	0.495683635778138	0.00346672682199805	0.0185070702367562	1356.31841113363	raw_counts / DESeq2 median-of-ratios	5.123	3.547	313.033	157.207	313.033	157.207
MM_RS09010	5.56973801793644	1.90996113080539	0.00354377186521507	0.0188891790469952	4.42323946325786	raw_counts / DESeq2 median-of-ratios	0	0.065	0	2.846	0	2.846
MM_RS13235	-1.30280062302852	0.44683905074089	0.00355013755639615	0.0188939524187863	270.21527760167	raw_counts / DESeq2 median-of-ratios	1.394	0.997	83.111	44.384	83.111	44.384
MM_RS14930	1.52559644275484	0.523696114243403	0.00357822141882394	0.0190037764865403	244.726883491757	raw_counts / DESeq2 median-of-ratios	0.523	2.423	30.397	114.073	30.397	114.073
MM_RS07710	1.25231238553831	0.429930842355274	0.00358177721272082	0.0190037764865403	285.150710818528	raw_counts / DESeq2 median-of-ratios	0.822	3.227	47.966	146.483	47.966	146.483
MM_RS07825	1.42457381098148	0.489658588189486	0.00362215220497068	0.0191885179692772	112.917920259782	raw_counts / DESeq2 median-of-ratios	0.128	0.576	7.55	26.458	7.55	26.458
MM_RS11795	-1.74696521241188	0.601266560130931	0.00366695647193546	0.019396121981723	72.4783616517446	raw_counts / DESeq2 median-of-ratios	9.843	5.297	599.519	247.334	599.519	247.334
MM_RS15595	1.88628856034941	0.650826644093343	0.00375195749258665	0.0196949258045506	55.8150304762759	raw_counts / DESeq2 median-of-ratios	0.288	1.593	16.087	70.253	16.087	70.253
MM_RS09380	-1.68030348264112	0.57958877077803	0.00374199111885538	0.0196949258045506	2014.86823405158	raw_counts / DESeq2 median-of-ratios	20.688	10.218	1182.95	431.988	1182.95	431.988
MM_RS19470	-1.64706730038679	0.568124963138005	0.00374201439321674	0.0196949258045506	722.629788035616	raw_counts / DESeq2 median-of-ratios	30.526	16.467	1781.733	694.286	1781.733	694.286
MM_RS00540	1.34608870273417	0.464366371306065	0.00374636295747296	0.0196949258045506	356.702408780181	raw_counts / DESeq2 median-of-ratios	0.743	3.223	43.719	140.591	43.719	140.591
MM_RS06445	-1.18830920824753	0.40994108200965	0.00374675363053749	0.0196949258045506	1020.60431249654	raw_counts / DESeq2 median-of-ratios	1.608	1.221	95.401	55.03	95.401	55.03
MM_RS02585	-1.18342434214095	0.409476899544119	0.00385133793388998	0.0201859199145007	1005.09166280617	raw_counts / DESeq2 median-of-ratios	4.759	3.627	282.213	162.89	282.213	162.89
MM_RS04240	-1.34501518498466	0.466289607416079	0.00392028249028107	0.0205161450324709	4486.41364461632	raw_counts / DESeq2 median-of-ratios	89.434	59.71	5245.503	2585.276	5245.503	2585.276
MM_RS12310	1.28419643705157	0.445347269976577	0.00393177279703775	0.0205451486247631	176.196483686236	raw_counts / DESeq2 median-of-ratios	0.586	2.43	34.605	109.919	34.605	109.919
MM_RS14790	1.3325022942281	0.462872516159015	0.00399232710398505	0.0208300571256259	297.427577365488	raw_counts / DESeq2 median-of-ratios	0.666	2.735	38.578	120.086	38.578	120.086
MM_RS07120	-1.18803284987838	0.412813545999955	0.00400342023757259	0.0208564306192696	498.541817432346	raw_counts / DESeq2 median-of-ratios	3.282	2.381	191.483	106.714	191.483	106.714
MM_RS07595	-1.46697837569799	0.509848262304004	0.00401114094509724	0.0208651819644064	1077.49025092402	raw_counts / DESeq2 median-of-ratios	4.046	2.794	248.721	126.079	248.721	126.079
MM_RS00080	-1.34442192146695	0.46743071384578	0.00402500863740083	0.0209058343362142	422.82272176716	raw_counts / DESeq2 median-of-ratios	67.158	41.147	3851.906	1885.392	3851.906	1885.392
MM_RS04635	-1.17624484693284	0.409236425481101	0.00404997492506143	0.021003924010754	758.629350573952	raw_counts / DESeq2 median-of-ratios	2.777	2.111	164.189	94.516	164.189	94.516
MM_RS02640	-1.52445964116495	0.531117772743359	0.00410101334958007	0.0212049402836071	730.324647126934	raw_counts / DESeq2 median-of-ratios	8.758	5.779	538.635	265.883	538.635	265.883
MM_RS11545	-1.36993009881372	0.477230535283635	0.00409714974967625	0.0212049402836071	211.884846990918	raw_counts / DESeq2 median-of-ratios	1.385	0.966	83.469	43.698	83.469	43.698
MM_RS10585	-1.38876632300397	0.484457400294538	0.00414850941304566	0.0214184626497156	1117.00661903846	raw_counts / DESeq2 median-of-ratios	6.681	3.904	379.651	173.495	379.651	173.495
MM_RS13795	1.6192011301999	0.565216618893814	0.00417345991977105	0.0215151202431182	97.0545837378388	raw_counts / DESeq2 median-of-ratios	0.131	0.761	8.085	34.444	8.085	34.444
MM_RS02630	-1.65602617766365	0.57957221197912	0.00427228129793616	0.0219917430746222	1234.72192506697	raw_counts / DESeq2 median-of-ratios	5.605	3.587	351.566	161.281	351.566	161.281
MM_RS14480	1.4031547030163	0.491242393952994	0.00428557580245884	0.0220273494370429	242.475058876015	raw_counts / DESeq2 median-of-ratios	0.707	3.292	42.413	152.378	42.413	152.378
MM_RS08340	2.62916289051918	0.921585811602935	0.00433265820539702	0.02214011566674	17.0562205444293	raw_counts / DESeq2 median-of-ratios	0.043	0.452	2.481	19.022	2.481	19.022
MM_RS09320	1.69124070280242	0.592908420051666	0.00433838486621012	0.02214011566674	669.146278901641	raw_counts / DESeq2 median-of-ratios	5.421	26.092	304.385	1123.067	304.385	1123.067
MM_RS14590	-1.44713430545642	0.507374596470029	0.00434176440538132	0.02214011566674	1456.7520573952	raw_counts / DESeq2 median-of-ratios	4.917	3.392	301.107	155.429	301.107	155.429
MM_RS06270	1.31207005525309	0.459760126895658	0.00431977648929225	0.02214011566674	165.377602843934	raw_counts / DESeq2 median-of-ratios	1.192	4.787	68.914	213.99	68.914	213.99
MM_RS04530	-1.21475572471616	0.425936623512706	0.00434500826895702	0.02214011566674	1714.13849934929	raw_counts / DESeq2 median-of-ratios	4.408	3.378	263.914	151.534	263.914	151.534
MM_RS05985	-1.15709919092406	0.405730252139329	0.00434597522352337	0.02214011566674	1183.22321429049	raw_counts / DESeq2 median-of-ratios	6.831	5.083	399.8	231.012	399.8	231.012
MM_RS01445	1.2871299755163	0.451602593223955	0.00437001837697139	0.0222298136584082	228.24236158212	raw_counts / DESeq2 median-of-ratios	0.811	3.228	47.219	147.869	47.219	147.869
MM_RS16240	-1.47871698636601	0.519123455748962	0.0043927496056121	0.0223125840261532	338.710587446604	raw_counts / DESeq2 median-of-ratios	2.031	1.093	114.759	49.079	114.759	49.079
MM_RS02960	-2.16010306784921	0.758660607984764	0.00440975013202696	0.0223660454567123	104.876341001752	raw_counts / DESeq2 median-of-ratios	0.547	0.166	29.996	7.484	29.996	7.484
MM_RS06050	-1.81702241272649	0.638846191279935	0.00445195748655236	0.0224482644650392	123.504030134077	raw_counts / DESeq2 median-of-ratios	0.835	0.481	52.61	21.66	52.61	21.66
MM_RS09955	1.75664633129808	0.617495712506631	0.00444405524455563	0.0224482644650392	36.9435966282866	raw_counts / DESeq2 median-of-ratios	0.486	2.616	27.962	119.337	27.962	119.337
MM_RS18285	1.65228679582573	0.580741856459413	0.00443931287305658	0.0224482644650392	217.509754391768	raw_counts / DESeq2 median-of-ratios	11.106	67.621	690.463	3117.615	690.463	3117.615
MM_RS00090	-1.17532731137425	0.413197262410959	0.00444853428758245	0.0224482644650392	1625.6462703666	raw_counts / DESeq2 median-of-ratios	12.796	9.596	754.581	438.372	754.581	438.372
MM_RS13495	1.44121360411915	0.506901235054833	0.0044665242366993	0.0224888844220982	166.001109018285	raw_counts / DESeq2 median-of-ratios	1.783	7.949	103.203	345.257	103.203	345.257
MM_RS04085	-1.53362748213366	0.540679204608011	0.00456133775890124	0.022932839329323	1663.5351177724	raw_counts / DESeq2 median-of-ratios	52.882	35.772	3272.632	1579.199	3272.632	1579.199
MM_RS12480	1.56393918574045	0.55190968930092	0.0046014409890054	0.0231008389186405	73.7661050162539	raw_counts / DESeq2 median-of-ratios	0.245	1.205	14.243	52.399	14.243	52.399
MM_RS04695	-1.47048833869283	0.519203578068849	0.00462289331681018	0.0231748527086536	403.529681095566	raw_counts / DESeq2 median-of-ratios	2.927	2.019	179.756	90.051	179.756	90.051
MM_RS02815	-1.39535541319953	0.493005831683165	0.00465040788716593	0.023278998322132	151.113616479946	raw_counts / DESeq2 median-of-ratios	1.642	1.016	95.882	47.226	95.882	47.226
MM_RS10360	-1.951482824784	0.689940371694849	0.00467695635471538	0.0233442301288828	1115.44488799905	raw_counts / DESeq2 median-of-ratios	1.423	0.799	91.468	34.78	91.468	34.78
MM_RS08475	1.31809173516462	0.466005329074493	0.00467680612470105	0.0233442301288828	158.427590722952	raw_counts / DESeq2 median-of-ratios	0.338	1.485	20.192	66.279	20.192	66.279
MM_RS15490	-1.30815615992548	0.46265372764519	0.004691214609752	0.0233524805202846	176.343093920257	raw_counts / DESeq2 median-of-ratios	0.999	0.713	59.607	31.795	59.607	31.795
MM_RS00050	-1.248996095937	0.441740445500804	0.00469213129156847	0.0233524805202846	527.432028904004	raw_counts / DESeq2 median-of-ratios	11.517	7.799	668.303	358.446	668.303	358.446
MM_RS02345	1.46922400371286	0.519936757137483	0.00471664629970245	0.0234323740455942	2222.11043154354	raw_counts / DESeq2 median-of-ratios	42.108	183.714	2408.492	7910.738	2408.492	7910.738
MM_RS13555	-1.36226511019609	0.482144719167522	0.00472175226859687	0.0234323740455942	475.656745857024	raw_counts / DESeq2 median-of-ratios	5.066	3.02	288.97	138.116	288.97	138.116
MM_RS07955	-1.98246740299691	0.703051144686963	0.00480527832157973	0.0238126704773836	4232.13062894487	raw_counts / DESeq2 median-of-ratios	25.178	13.997	1626.738	610.083	1626.738	610.083
MM_RS17090	-1.20379552184716	0.427412914075265	0.00485546227457058	0.0240268863844796	320.763810730902	raw_counts / DESeq2 median-of-ratios	0.953	0.679	55.458	30.349	55.458	30.349
MM_RS14255	1.39734964103693	0.496335414875109	0.00487266631419845	0.0240775242478418	165.955577265215	raw_counts / DESeq2 median-of-ratios	0.348	1.666	21.004	73.52	21.004	73.52
MM_RS13955	3.20098956314966	1.13739543480758	0.00488812330811822	0.0241193970089147	9.352521198263	raw_counts / DESeq2 median-of-ratios	0.008	0.12	0.469	5.529	0.469	5.529
MM_RS10440	-1.55758349657	0.553828634370125	0.00491744578716438	0.0241949540582134	40318.0566414584	raw_counts / DESeq2 median-of-ratios	208.927	110.098	11884.629	4707.894	11884.629	4707.894
MM_RS16675	-1.14632839277371	0.407553077540585	0.00491260179816856	0.0241949540582134	592.006716388877	raw_counts / DESeq2 median-of-ratios	1.276	0.968	74.923	43.716	74.923	43.716
MM_RS01255	1.48240809650356	0.527575264041066	0.00495643781227626	0.024349051959036	88.0784063013659	raw_counts / DESeq2 median-of-ratios	2.614	13.263	158.338	597.917	158.338	597.917
MM_RS04770	-1.4512967746913	0.51657970882466	0.00496286409356147	0.024349051959036	377.863272558196	raw_counts / DESeq2 median-of-ratios	4.273	2.947	260.43	129.103	260.43	129.103
MM_RS07590	1.52881030637813	0.544972011760705	0.00502696755066805	0.0246285757730602	71.381836962418	raw_counts / DESeq2 median-of-ratios	0.22	1.006	12.598	44.674	12.598	44.674
MM_RS10525	1.28927813524127	0.459940858151193	0.00506078602865834	0.0247591429787336	1137.40717187063	raw_counts / DESeq2 median-of-ratios	0.815	3.462	48.242	150.634	48.242	150.634
MM_RS09720	-1.97339286770178	0.704970712368835	0.00512206527649746	0.0250234985360993	16024.6266900222	raw_counts / DESeq2 median-of-ratios	38.315	21.524	2482.289	945.955	2482.289	945.955
MM_RS03875	1.29631055514686	0.463431512194875	0.00515476378278647	0.0251476752905995	139.358129310508	raw_counts / DESeq2 median-of-ratios	0.435	1.752	25.256	78.192	25.256	78.192
MM_RS11370	-1.16327977237147	0.415991019246986	0.0051674444219861	0.025173981711622	519.016842317631	raw_counts / DESeq2 median-of-ratios	0.924	0.682	53.886	30.425	53.886	30.425
MM_RS11785	-1.37964820379739	0.493588819606301	0.00518777804126379	0.025209809349585	40772.9294550771	raw_counts / DESeq2 median-of-ratios	81463.413	49435.252	4666925.936	2143711.319	4666925.936	2143711.319
MM_RS12435	1.21623701393044	0.435141831433025	0.00518939619211203	0.025209809349585	240.149936246394	raw_counts / DESeq2 median-of-ratios	1.061	4.123	62.085	183.463	62.085	183.463
MM_RS15670	1.56243731747912	0.559827668773075	0.00525575677486753	0.0254963257027984	51.5499815632622	raw_counts / DESeq2 median-of-ratios	0.65	3.232	38.039	142.602	38.039	142.602
MM_RS07600	-1.20494923965356	0.432440791746316	0.00532984979781951	0.0258194967765338	694.144328724272	raw_counts / DESeq2 median-of-ratios	2.825	2.023	165.308	93.04	165.308	93.04
MM_RS18245	1.89241024858376	0.679723590883894	0.00536784790552488	0.0259671521928332	62.0968283576798	raw_counts / DESeq2 median-of-ratios	4.058	30.506	257.383	1357.317	257.383	1357.317
MM_RS16750	1.65175618978389	0.593682290923959	0.00539880236375931	0.0260803683418527	48.6416619308666	raw_counts / DESeq2 median-of-ratios	0.462	2.26	26.288	102.475	26.288	102.475
MM_RS18005	1.95880318800468	0.704260660581587	0.00541314935261705	0.026113153441256	68.7636940723277	raw_counts / DESeq2 median-of-ratios	0.133	0.73	7.344	32.173	7.344	32.173
MM_RS17220	1.32526927693773	0.476955674498121	0.00545936218324642	0.0262627256001854	415.540094850766	raw_counts / DESeq2 median-of-ratios	6.245	26.557	366.27	1151.843	366.27	1151.843
MM_RS05650	1.17521642432413	0.422916876222459	0.00545541462701562	0.0262627256001854	369.351707390024	raw_counts / DESeq2 median-of-ratios	1.64	6.35	96.867	283.274	96.867	283.274
MM_RS02595	1.33418761682406	0.480441022139768	0.00548621606997998	0.0263552020941737	147.990689543172	raw_counts / DESeq2 median-of-ratios	2.204	9.442	129.48	413.956	129.48	413.956
MM_RS14560	-1.27220287460307	0.458502908277537	0.0055254555688498	0.0265068382427878	202.66338679314	raw_counts / DESeq2 median-of-ratios	11.358	7.519	656.958	342.913	656.958	342.913
MM_RS13580	-1.49489899800016	0.538954585587104	0.00554225514768775	0.0265505537865652	3225.57453154152	raw_counts / DESeq2 median-of-ratios	11.981	8.179	740.197	376.503	740.197	376.503
MM_RS00990	-1.30095001107866	0.469553147854436	0.00559508987251555	0.0267665379773805	1607.8456594133	raw_counts / DESeq2 median-of-ratios	1.516	1.139	91.976	50.639	91.976	50.639
MM_RS14365	1.67504073550827	0.605205158130627	0.00564492686273709	0.0269536423306884	45.6983808870068	raw_counts / DESeq2 median-of-ratios	0.043	0.249	2.588	10.934	2.588	10.934
MM_RS10800	-1.25497794962858	0.453479388234159	0.00564980806236781	0.0269536423306884	235.798402158126	raw_counts / DESeq2 median-of-ratios	2.394	1.771	142.731	78.654	142.731	78.654
MM_RS00180	2.07420278415453	0.75034047978972	0.00570365387333502	0.0271729937634471	21.8022893963327	raw_counts / DESeq2 median-of-ratios	0.163	1.163	9.451	50.717	9.451	50.717
MM_RS14460	-1.47356855779889	0.533448631416643	0.00573880013147151	0.0273027763830614	345.996112064133	raw_counts / DESeq2 median-of-ratios	1.366	0.751	77.405	32.824	77.405	32.824
MM_RS01780	-1.94399932135584	0.706786008410873	0.00595083990486999	0.028272628653949	23.421685154191	raw_counts / DESeq2 median-of-ratios	0.27	0.119	16.036	5.45	16.036	5.45
MM_RS16625	2.74249693754054	0.997533456662401	0.00597266786152786	0.0282948637891354	13.4871377974717	raw_counts / DESeq2 median-of-ratios	0.058	0.6	3.206	25.738	3.206	25.738
MM_RS10000	-1.48469134298756	0.540109544389251	0.00598009570528919	0.0282948637891354	106.07628253164	raw_counts / DESeq2 median-of-ratios	0.225	0.15	13.659	6.62	13.659	6.62
MM_RS12675	-1.26211819873276	0.459037492188247	0.00596883997952029	0.0282948637891354	170.800083210966	raw_counts / DESeq2 median-of-ratios	1.186	0.797	68.573	35.635	68.573	35.635
MM_RS15360	1.25886626248123	0.458750341001066	0.00606732428310427	0.0286683147384981	593.365175974253	raw_counts / DESeq2 median-of-ratios	2.009	8.607	120.291	378.352	120.291	378.352
MM_RS16795	-1.18978607127509	0.434075315055904	0.0061258678064252	0.0289053926275856	640.680579674558	raw_counts / DESeq2 median-of-ratios	6.754	4.698	388.914	211.762	388.914	211.762
MM_RS15165	1.79346435222096	0.654665674123081	0.00615305023217528	0.0289940457052298	31.3406520276985	raw_counts / DESeq2 median-of-ratios	0.045	0.278	2.704	12.27	2.704	12.27
MM_RS07920	1.3733585541319	0.50216019664397	0.00623989908540024	0.0293632308460115	169.117681336224	raw_counts / DESeq2 median-of-ratios	0.502	2.01	28.56	89.868	28.56	89.868
MM_RS01935	1.14991782593214	0.420553777653564	0.00625141286702868	0.0293773878132205	445.864102164481	raw_counts / DESeq2 median-of-ratios	1.132	4.104	65.748	183.64	65.748	183.64
MM_RS09850	3.15985487821885	1.15776509268288	0.00634744865912593	0.0297257375189175	10.4553339902306	raw_counts / DESeq2 median-of-ratios	0.015	0.203	0.817	8.861	0.817	8.861
MM_RS18280	2.30291983237893	0.843594078303924	0.00633552806072977	0.0297257375189175	40.125347618058	raw_counts / DESeq2 median-of-ratios	2.235	15.297	123.305	740.514	123.305	740.514
MM_RS15145	1.40340526152323	0.514243405565808	0.00635135908771311	0.0297257375189175	74.6568021788431	raw_counts / DESeq2 median-of-ratios	0.147	0.679	8.747	30.561	8.747	30.561
MM_RS07620	-1.14566352876112	0.420300230411725	0.00641416182854265	0.02997904594829	2200.67418139032	raw_counts / DESeq2 median-of-ratios	26.395	19.494	1532.113	862.431	1532.113	862.431
MM_RS10970	-2.21824807744505	0.81561344367954	0.0065335306432965	0.0304292034528312	7376.82662202047	raw_counts / DESeq2 median-of-ratios	90.727	45.776	6016.322	1975.837	6016.322	1975.837
MM_RS16050	1.42000353448068	0.522125293853133	0.00653489736419449	0.0304292034528312	140.703459291354	raw_counts / DESeq2 median-of-ratios	0.258	1.287	15.743	57.337	15.743	57.337
MM_RS09730	-1.25083348860604	0.459939837330974	0.00653690473711661	0.0304292034528312	638.496749454033	raw_counts / DESeq2 median-of-ratios	4.181	2.829	242.88	131.219	242.88	131.219
MM_RS00005	-1.87069901462993	0.688755582171617	0.00660646603182951	0.0307116200187606	12824.3927376729	raw_counts / DESeq2 median-of-ratios	41.386	24.722	2672.46	1092.444	2672.46	1092.444
MM_RS03920	-1.20710452886654	0.444511804769079	0.00661610656292224	0.0307150968660395	530.053293025547	raw_counts / DESeq2 median-of-ratios	1.539	1.16	91.75	53.209	91.75	53.209
MM_RS02070	-1.45345744094291	0.536948675263178	0.00679181128245997	0.0314884780800225	575.26224897181	raw_counts / DESeq2 median-of-ratios	1.3	0.924	80.377	41.121	80.377	41.121
MM_RS00405	1.30561785022897	0.482479089287023	0.00680865365424637	0.0315242489567922	113.838689835054	raw_counts / DESeq2 median-of-ratios	0.337	1.4	19.849	64.128	19.849	64.128
MM_RS05175	-1.99054760901319	0.736275356340851	0.00686058260169495	0.0317221583751732	1086.46648698437	raw_counts / DESeq2 median-of-ratios	8.706	4.915	567.68	215.522	567.68	215.522
MM_RS09055	-1.24921169021332	0.462631972781044	0.00692920236220389	0.0319966109078238	320.665464567319	raw_counts / DESeq2 median-of-ratios	2.577	1.961	155.175	87.471	155.175	87.471
MM_RS02310	-1.37553675275705	0.509763095917788	0.00696769461738839	0.0321313981421355	422.265672102716	raw_counts / DESeq2 median-of-ratios	1.385	0.978	83.389	42.347	83.389	42.347
MM_RS12575	1.45678709017122	0.540337085488912	0.00701627317653347	0.0323122767356621	77.6606530883876	raw_counts / DESeq2 median-of-ratios	0.191	0.955	11.603	42.91	11.603	42.91
MM_RS16335	1.44494855140628	0.536850201339226	0.0071125049862413	0.0327118405092909	103.406600708505	raw_counts / DESeq2 median-of-ratios	0.587	2.614	33.912	113.418	33.912	113.418
MM_RS10405	-2.70369157971942	1.0050370804096	0.00714218087533112	0.0328046446055767	133.884219144916	raw_counts / DESeq2 median-of-ratios	1.689	0.324	90.758	15.004	90.758	15.004
MM_RS16325	1.41047303325904	0.524985291821474	0.00721637695643739	0.033101415680657	83.44385982306	raw_counts / DESeq2 median-of-ratios	0.504	2.135	28.942	94.56	28.942	94.56
MM_RS08080	-1.47694203408327	0.550163179384764	0.00726269381709972	0.03326968759186	1631.92429608994	raw_counts / DESeq2 median-of-ratios	8.917	6.253	553.567	286.148	553.567	286.148
MM_RS12545	-1.77738350383376	0.662357332212825	0.0072873213212252	0.0333382885344527	2055.03073297898	raw_counts / DESeq2 median-of-ratios	3.786	2.355	242.922	106.647	242.922	106.647
MM_RS03615	-1.16232307963915	0.433449635754735	0.00732788250106469	0.0334795055008961	427.195525622231	raw_counts / DESeq2 median-of-ratios	6.281	4.687	368.983	215.036	368.983	215.036
MM_RS10465	-1.49355932737012	0.557293923063045	0.00736175769636043	0.0335898429104741	1058.85907716856	raw_counts / DESeq2 median-of-ratios	5.17	3.642	322.202	163.506	322.202	163.506
MM_RS13560	-1.27459457934862	0.475766787247218	0.00738352761640307	0.0336447287428182	102.193969505589	raw_counts / DESeq2 median-of-ratios	2.782	1.925	163.322	87.11	163.322	87.11
MM_RS07030	-1.77045169274273	0.662556014300477	0.00753660558398202	0.0342683797905007	4247.66998111921	raw_counts / DESeq2 median-of-ratios	350.789	219.083	22380.321	9512.125	22380.321	9512.125
MM_RS01855	-1.19269764785577	0.446370138654648	0.00754023411719181	0.0342683797905007	3160.58630329386	raw_counts / DESeq2 median-of-ratios	13.823	9.614	794.871	424.031	794.871	424.031
MM_RS00225	-1.84425040069914	0.690633790854182	0.00757668405000615	0.0343887867394497	228.327402471868	raw_counts / DESeq2 median-of-ratios	1.401	0.837	90.08	37.435	90.08	37.435
MM_RS14695	1.4061775069264	0.526715448165685	0.00759167804045678	0.0344116219839078	182.844439199675	raw_counts / DESeq2 median-of-ratios	0.653	3.202	39.876	147	39.876	147
MM_RS17535	-1.18953403178733	0.445775749060134	0.00762002194926646	0.0344948306851459	569.005778251517	raw_counts / DESeq2 median-of-ratios	0.904	0.712	54.238	31.736	54.238	31.736
MM_RS07970	-1.72518901799708	0.647027314848717	0.00766841398758337	0.0346430726121809	3592.84273703362	raw_counts / DESeq2 median-of-ratios	29.513	18.943	1886.974	848.22	1886.974	848.22
MM_RS12455	1.20353883352441	0.451416628419398	0.00767282876326531	0.0346430726121809	1595.21709387754	raw_counts / DESeq2 median-of-ratios	59.614	250.499	3602.101	11241.156	3602.101	11241.156
MM_RS10155	1.77332547389559	0.665400441802089	0.00769768676999108	0.0347099348610303	37.0484153772066	raw_counts / DESeq2 median-of-ratios	0.423	2.27	24.338	106.659	24.338	106.659
MM_RS14100	1.26653873633226	0.47535749999555	0.0077127620036069	0.0347325683969468	156.386241587772	raw_counts / DESeq2 median-of-ratios	1.007	4.288	60.157	189.814	60.157	189.814
MM_RS08900	1.18826260741094	0.446899907331454	0.00783959970724301	0.0352577830583559	211.640836767622	raw_counts / DESeq2 median-of-ratios	0.776	2.882	44.984	128.485	44.984	128.485
MM_RS14205	1.78029540387156	0.670247130226455	0.00790319835736836	0.035465308888899	51.8624187008165	raw_counts / DESeq2 median-of-ratios	0.554	2.793	30.788	125.452	30.788	125.452
MM_RS06265	-1.61912770191035	0.609600738181069	0.00790627905166539	0.035465308888899	39.7812980087834	raw_counts / DESeq2 median-of-ratios	0.4	0.228	23.564	9.918	23.564	9.918
MM_RS17105	1.33450385003752	0.503532435548102	0.00804241855337694	0.0359359814791254	129.397947765997	raw_counts / DESeq2 median-of-ratios	1.508	6.925	91.186	308.398	91.186	308.398
MM_RS03435	-1.17138554143446	0.441951417709125	0.00803763296626887	0.0359359814791254	668.321988928117	raw_counts / DESeq2 median-of-ratios	3.796	2.968	225.897	130.683	225.897	130.683
MM_RS10685	-1.13588320121938	0.428495347579343	0.00802859907292048	0.0359359814791254	429.049285484526	raw_counts / DESeq2 median-of-ratios	2.191	1.609	126.78	72.123	126.78	72.123
MM_RS15555	1.45459017047618	0.54928836351192	0.00809370096661978	0.0361184019879906	69.863680039601	raw_counts / DESeq2 median-of-ratios	0.137	0.585	7.802	26.604	7.802	26.604
MM_RS01305	1.25981301062257	0.475978123837681	0.00812603668691182	0.0361692406141668	123.649501732572	raw_counts / DESeq2 median-of-ratios	1.36	5.355	78.99	237.478	78.99	237.478
MM_RS04940	-1.07368300148213	0.405592112485137	0.00811615962451997	0.0361692406141668	2450.44179570717	raw_counts / DESeq2 median-of-ratios	10.692	8.496	625.746	377.167	625.746	377.167
MM_RS09515	-1.21018270055975	0.457768055991848	0.00820152040080398	0.0364113772035694	1068.51832105805	raw_counts / DESeq2 median-of-ratios	11.172	8.829	675.876	397.846	675.876	397.846
MM_RS03160	1.19121331345249	0.450580568481267	0.00819980638079324	0.0364113772035694	166.260760635536	raw_counts / DESeq2 median-of-ratios	1.875	7.126	109.893	324.205	109.893	324.205
MM_RS15180	1.2385470828801	0.468694767710764	0.00822854948099131	0.0364377050094154	559.285849026521	raw_counts / DESeq2 median-of-ratios	15.959	67.466	961.098	3098.62	961.098	3098.62
MM_RS05970	-1.19129784774984	0.450795476601056	0.00822583050186051	0.0364377050094154	520.323707419119	raw_counts / DESeq2 median-of-ratios	4.041	2.786	232.555	127.363	232.555	127.363
MM_RS14880	-1.30366635821038	0.493688877448567	0.00827437782152891	0.0365937272670433	1528.72500428065	raw_counts / DESeq2 median-of-ratios	6.537	4.944	399.098	225.87	399.098	225.87
MM_RS12205	1.3092843074708	0.496244377285237	0.00833016586124747	0.036793341284845	114.795162312622	raw_counts / DESeq2 median-of-ratios	1.265	5.601	76.126	252.933	76.126	252.933
MM_RS16315	-1.20973865547813	0.458677751158352	0.00835324646760735	0.0368481651329703	173.471476852309	raw_counts / DESeq2 median-of-ratios	1.614	1.138	93.499	50.56	93.499	50.56
MM_RS13925	5.2545390679953	1.99578335791377	0.00846791207926896	0.0372588131487834	3.53336614817076	raw_counts / DESeq2 median-of-ratios	0	0.058	0	2.587	0	2.587
MM_RS16735	1.26586181535947	0.480800386591827	0.00846787234793986	0.0372588131487834	122.342812605392	raw_counts / DESeq2 median-of-ratios	0.385	1.484	22.19	66.498	22.19	66.498
MM_RS05825	1.3350661180021	0.507228009505594	0.00848631787795809	0.0372922925578464	311.412545373864	raw_counts / DESeq2 median-of-ratios	0.478	2.009	27.84	86.53	27.84	86.53
MM_RS18230	1.88576107436994	0.717221168171485	0.0085570858047328	0.0375221307976904	271.599916536879	raw_counts / DESeq2 median-of-ratios	13.151	86.049	795.719	4227.919	795.719	4227.919
MM_RS06470	-1.83597001887343	0.698318295704509	0.0085603471536132	0.0375221307976904	407.726161951208	raw_counts / DESeq2 median-of-ratios	1.992	1.212	128.268	53.093	128.268	53.093
MM_RS07520	1.54235421062486	0.588459082146515	0.0087670970003416	0.0383796616466158	4943.82005128414	raw_counts / DESeq2 median-of-ratios	27.455	155.855	1707.797	7295.14	1707.797	7295.14
MM_RS00655	1.12948872371473	0.432119330133332	0.00895322058952971	0.0391448404002983	289.57595913021	raw_counts / DESeq2 median-of-ratios	1.173	4.213	68.198	187.783	68.198	187.783
MM_RS00115	-1.40908398991155	0.539206352282492	0.00896842163748346	0.039161729880996	290.87210138848	raw_counts / DESeq2 median-of-ratios	37.392	25.571	2271.525	1196.075	2271.525	1196.075
MM_RS05655	1.11461309643507	0.42675399809407	0.00900564309250151	0.0392746101534094	313.944189281715	raw_counts / DESeq2 median-of-ratios	2.051	7.276	119.282	325.756	119.282	325.756
MM_RS10235	-1.4494067526882	0.555324375416034	0.00905373933394119	0.039434572079991	66917.280389694	raw_counts / DESeq2 median-of-ratios	172.226	125.599	10738.971	5602.834	10738.971	5602.834
MM_RS12040	-1.28081393185621	0.491665914148561	0.00918610485699507	0.0399104480202025	309.349088811231	raw_counts / DESeq2 median-of-ratios	8.06	6.14	488.465	271.121	488.465	271.121
MM_RS05560	1.2784659236937	0.49076030199849	0.00918549539277411	0.0399104480202025	237.087119800832	raw_counts / DESeq2 median-of-ratios	0.907	3.41	51.876	156.725	51.876	156.725
MM_RS18375	1.65815723015665	0.636680973242566	0.00920414736638151	0.0399385992506052	60.6303820043502	raw_counts / DESeq2 median-of-ratios	5.598	29.829	332.843	1419.929	332.843	1419.929
MM_RS10665	-1.20826524918938	0.464321437891311	0.00926231605654614	0.0401405767369013	240.093982665813	raw_counts / DESeq2 median-of-ratios	1.892	1.376	110.579	60.183	110.579	60.183
MM_RS08020	-1.38479806249893	0.53230648590777	0.00928156725328781	0.0401506082698573	1541.59398720173	raw_counts / DESeq2 median-of-ratios	3.589	2.462	216.696	116.059	216.696	116.059
MM_RS03425	-1.18339924922656	0.454931000856366	0.00928787956213548	0.0401506082698573	361.377719278793	raw_counts / DESeq2 median-of-ratios	3.01	2.082	172.986	94.682	172.986	94.682
MM_RS10720	-1.17242027407882	0.450940526373494	0.00932388792031838	0.0402558860959746	741.124186157799	raw_counts / DESeq2 median-of-ratios	4.03	3.228	242.165	143.082	242.165	143.082
MM_RS06460	-1.53476038918239	0.59105283486411	0.00941363805242435	0.0405420272232839	914.314533938148	raw_counts / DESeq2 median-of-ratios	3.824	2.684	240.479	120.179	240.479	120.179
MM_RS06420	-1.48290561807986	0.57099007227254	0.00940206365959357	0.0405420272232839	14621.2365989192	raw_counts / DESeq2 median-of-ratios	118.165	84.537	7363.35	3700.336	7363.35	3700.336
MM_RS10345	-1.7617349030696	0.67889265511029	0.00945874882836649	0.0406855771521518	134.976408265244	raw_counts / DESeq2 median-of-ratios	0.895	0.547	56.265	23.397	56.265	23.397
MM_RS07335	-1.04664671262154	0.404794221317945	0.00972021645078723	0.0417582433097252	1205.86211814302	raw_counts / DESeq2 median-of-ratios	4.949	4.014	290.582	182.34	290.582	182.34
MM_RS05180	-1.63464595132218	0.632612865061191	0.00976732948957585	0.0419085168409876	898.759121941568	raw_counts / DESeq2 median-of-ratios	6.649	4.44	419.602	192.471	419.602	192.471
MM_RS16045	1.67042578744401	0.646817717676487	0.00980789985756467	0.0419643397349803	47.8052463872097	raw_counts / DESeq2 median-of-ratios	0.269	1.33	15.436	62.768	15.436	62.768
MM_RS02235	1.37963805791325	0.534163650251005	0.00980020198583803	0.0419643397349803	86.474778668807	raw_counts / DESeq2 median-of-ratios	0.311	1.254	17.773	57.337	17.773	57.337
MM_RS04665	1.28282626179449	0.496792616370224	0.00981678821825827	0.0419643397349803	88.891086155094	raw_counts / DESeq2 median-of-ratios	0.35	1.479	20.777	65.743	20.777	65.743
MM_RS14890	1.24983947343887	0.484894935994664	0.00995043569715812	0.0424830715673475	294.125367659027	raw_counts / DESeq2 median-of-ratios	1.285	5.624	78.072	254.121	78.072	254.121
MM_RS02795	-1.17351382409662	0.455401006015015	0.00996965043657781	0.0425125587752343	206.686866129443	raw_counts / DESeq2 median-of-ratios	1.736	1.254	100.526	55.551	100.526	55.551
MM_RS17250	-1.88779302348448	0.733099803632641	0.0100215962838098	0.0426813730755597	179.774994549979	raw_counts / DESeq2 median-of-ratios	0.577	0.343	37.464	15.295	37.464	15.295
MM_RS06160	1.31856048122002	0.51228495317186	0.0100564870134199	0.0427772243157048	310.750876852628	raw_counts / DESeq2 median-of-ratios	0.836	3.899	50.872	170.982	50.872	170.982
MM_RS08175	1.50206019967087	0.584336836186056	0.0101540607169531	0.0431391460225782	60.3141181808392	raw_counts / DESeq2 median-of-ratios	0.861	4.172	50.493	180.025	50.493	180.025
MM_RS11990	-1.29103359926372	0.502667519520872	0.0102179541182194	0.0433572647719038	2124.49689013494	raw_counts / DESeq2 median-of-ratios	6.34	4.908	388.847	223.072	388.847	223.072
MM_RS13720	1.23573664128714	0.481508653681041	0.0102764661192185	0.0435520416880745	121.096045510154	raw_counts / DESeq2 median-of-ratios	0.421	1.7	24.967	77.765	24.967	77.765
MM_RS17245	-2.04676751770186	0.79798793884568	0.0103202468387349	0.0436839860061157	35.2374858279093	raw_counts / DESeq2 median-of-ratios	0.223	0.108	14.192	5.045	14.192	5.045
MM_RS02635	-1.39441874025034	0.543852188817046	0.0103483561030143	0.0437493537084594	494.159521678659	raw_counts / DESeq2 median-of-ratios	2.796	2.078	173.237	92.889	173.237	92.889
MM_RS02775	1.76642357394184	0.689616965200227	0.0104234417250097	0.04391566323084	26.6819710522812	raw_counts / DESeq2 median-of-ratios	0.132	0.8	8.034	36.424	8.034	36.424
MM_RS17955	-1.33381400494632	0.520741147436618	0.0104258378255034	0.04391566323084	412.724404383451	raw_counts / DESeq2 median-of-ratios	161.523	97.166	9140.256	4286.191	9140.256	4286.191
MM_RS07140	1.13556795995383	0.443260619148262	0.0104115772833615	0.04391566323084	901.814744609832	raw_counts / DESeq2 median-of-ratios	0.956	3.294	54.861	149.395	54.861	149.395
MM_RS07455	1.22012832905907	0.476439590347156	0.0104392457659905	0.0439185808474193	689.873235390261	raw_counts / DESeq2 median-of-ratios	1.693	6.57	98.647	284.571	98.647	284.571
MM_RS12905	-1.2730700312672	0.497757408812857	0.0105393789747448	0.0442859063002049	374.794324634814	raw_counts / DESeq2 median-of-ratios	6.644	4.42	382.36	191.68	382.36	191.68
MM_RS03365	1.08549790830931	0.424721186179216	0.0105947217633171	0.0444643608390004	780.430895113263	raw_counts / DESeq2 median-of-ratios	2.645	9.357	154.508	412.936	154.508	412.936
MM_RS05260	-1.85079865191888	0.72474958523092	0.0106582666076476	0.0446767631830276	10362.8932671488	raw_counts / DESeq2 median-of-ratios	153.287	84.908	9668.016	4121.695	9668.016	4121.695
MM_RS01510	-1.89332001906739	0.742219045194486	0.0107447867511709	0.0449811058281191	28.5827184373711	raw_counts / DESeq2 median-of-ratios	0.487	0.256	29.635	10.87	29.635	10.87
MM_RS05480	1.34567097198082	0.527611090660308	0.0107569176068403	0.0449811058281191	85.8768173991607	raw_counts / DESeq2 median-of-ratios	1.926	7.653	109.932	342.662	109.932	342.662
MM_RS05355	-1.32452676109431	0.519821963119691	0.0108330284313564	0.0452445951655441	604.713510131695	raw_counts / DESeq2 median-of-ratios	3.489	2.645	213.211	115.722	213.211	115.722
MM_RS10380	-1.69132378084048	0.664276504771742	0.0108929574255191	0.0454399455890615	752.473111143388	raw_counts / DESeq2 median-of-ratios	2.281	1.508	145.818	66.099	145.818	66.099
MM_RS14355	1.53522874745457	0.603158166244262	0.010917856693465	0.0454817587958616	132.563698736109	raw_counts / DESeq2 median-of-ratios	1.764	7.756	99.244	335.026	99.244	335.026
MM_RS08380	1.16660427166246	0.458399555843396	0.0109293166764809	0.0454817587958616	758.053858743278	raw_counts / DESeq2 median-of-ratios	11.811	43.259	684.03	1889.791	684.03	1889.791
MM_RS04130	1.02334317014313	0.402260426760622	0.0109596821717038	0.04555323973654	955.113883392038	raw_counts / DESeq2 median-of-ratios	3.344	11.263	195.422	507.747	195.422	507.747
MM_RS05495	1.11317052968246	0.437714419842267	0.0109860137607447	0.0456078023192456	301.607401441996	raw_counts / DESeq2 median-of-ratios	0.541	1.89	31.27	84.445	31.27	84.445
MM_RS07315	2.1010891459217	0.826665828500889	0.0110332905995963	0.0457490825102109	18.8641654854238	raw_counts / DESeq2 median-of-ratios	0.166	1.269	10.188	59.525	10.188	59.525
MM_RS12755	-1.85588900527299	0.730454901189592	0.0110621168201913	0.045813610907603	19927.0753958831	raw_counts / DESeq2 median-of-ratios	59.27	36.582	3872.619	1652.182	3872.619	1652.182
MM_RS18930	-1.92748024896007	0.759166341749017	0.011118786150368	0.0459931585190075	81.9818008258635	raw_counts / DESeq2 median-of-ratios	15.633	8.865	1011.853	402.844	1011.853	402.844
MM_RS17415	-2.01172559307333	0.792899813666844	0.0111751072650618	0.0461045944881956	25.8620523271068	raw_counts / DESeq2 median-of-ratios	0.567	0.251	34.961	12.012	34.961	12.012
MM_RS03970	-1.60367504031725	0.632154303263464	0.0111857701740324	0.0461045944881956	1031.32434898903	raw_counts / DESeq2 median-of-ratios	186.021	97.071	10804.583	4719.448	10804.583	4719.448
MM_RS17335	1.24331214589614	0.490016160335895	0.0111714993238859	0.0461045944881956	186.847152702676	raw_counts / DESeq2 median-of-ratios	0.586	2.501	35.4	114.133	35.4	114.133
MM_RS04935	1.30622595771749	0.515504225832674	0.0112807286503874	0.0464405682460525	295.749898847045	raw_counts / DESeq2 median-of-ratios	0.574	2.597	34.583	112.566	34.583	112.566
MM_RS01230	-1.29708256461264	0.512063593936032	0.0113074899287813	0.0464953216833458	489.56214171755	raw_counts / DESeq2 median-of-ratios	4.273	2.857	250.474	134.809	250.474	134.809
MM_RS14395	1.72160511758861	0.6800442132553	0.0113540966111892	0.0466314502913763	66.4756786022943	raw_counts / DESeq2 median-of-ratios	1.953	10.714	112.906	448.653	112.906	448.653
MM_RS11510	-1.17037047381255	0.462802019411885	0.0114427351859353	0.0469396761665326	321.793984502356	raw_counts / DESeq2 median-of-ratios	1.808	1.262	103.615	56.341	103.615	56.341
MM_RS05365	1.20951595768331	0.478394905605904	0.0114623112335339	0.0469642028477177	2762.45080521819	raw_counts / DESeq2 median-of-ratios	7.073	30.609	431.285	1373.741	431.285	1373.741
MM_RS18720	1.46912104179228	0.581581645920102	0.0115343620258431	0.0471475579139197	120.04003969356	raw_counts / DESeq2 median-of-ratios	1.165	6.277	72.247	277.272	72.247	277.272
MM_RS00640	-1.16557986834674	0.461361094815719	0.0115240182557643	0.0471475579139197	1089.05695191275	raw_counts / DESeq2 median-of-ratios	4.968	3.8	292.56	165.086	292.56	165.086
MM_RS12665	-1.51700745013182	0.601019863532589	0.0116009634902072	0.0473637445569451	62.2125412885623	raw_counts / DESeq2 median-of-ratios	0.675	0.39	39.952	18.485	39.952	18.485
MM_RS13450	1.88422337141303	0.747031956155004	0.0116597031451004	0.0474817065061848	25.7365770524927	raw_counts / DESeq2 median-of-ratios	1.058	6.398	60.598	273.984	60.598	273.984
MM_RS12495	1.31544201031039	0.521600094497071	0.0116710969379707	0.0474817065061848	217.817421605201	raw_counts / DESeq2 median-of-ratios	0.576	2.704	35.186	119.421	35.186	119.421
MM_RS08645	1.18757554492952	0.470815865354021	0.0116564401120687	0.0474817065061848	106.540107222783	raw_counts / DESeq2 median-of-ratios	0.29	1.117	17.079	50.288	17.079	50.288
MM_RS05550	-1.34872890270041	0.535082168470978	0.0117154453484533	0.0475816876918756	88.6548256114793	raw_counts / DESeq2 median-of-ratios	1.239	0.892	75.101	40.076	75.101	40.076
MM_RS03130	-1.29232902987694	0.512917371298654	0.0117499700809709	0.0475816876918756	279.933049948724	raw_counts / DESeq2 median-of-ratios	3.279	2.37	197.228	110.646	197.228	110.646
MM_RS07850	1.25032354183716	0.496097822733168	0.0117249345514964	0.0475816876918756	154.707058105803	raw_counts / DESeq2 median-of-ratios	1.015	4.412	61.447	196.723	61.447	196.723
MM_RS12810	-1.08882121379351	0.432150522462911	0.011750775796517	0.0475816876918756	305.855413431178	raw_counts / DESeq2 median-of-ratios	0.337	0.262	19.647	11.648	19.647	11.648
MM_RS02135	-1.63068766797949	0.647443883645841	0.0117804075865479	0.047645817100628	130.265463802353	raw_counts / DESeq2 median-of-ratios	1.435	0.683	80.081	29.532	80.081	29.532
MM_RS12470	-1.36732096885516	0.543940699824298	0.0119461284421676	0.0482595644903471	52.6901890389817	raw_counts / DESeq2 median-of-ratios	0.805	0.523	47.364	23.755	47.364	23.755
MM_RS03410	-1.16477336885999	0.463818955971726	0.0120298574760293	0.048484396408641	385.551928779906	raw_counts / DESeq2 median-of-ratios	3.482	2.619	203.742	114.095	203.742	114.095
MM_RS02395	-1.11036889258015	0.44213150099222	0.0120253473526475	0.048484396408641	253.037175853109	raw_counts / DESeq2 median-of-ratios	2.073	1.669	123.344	75.648	123.344	75.648
MM_RS18410	-1.24645994951984	0.496515181950834	0.0120588806976277	0.0485447248596806	540.925532415783	raw_counts / DESeq2 median-of-ratios	1097.116	710.967	62373.149	31369.147	62373.149	31369.147
MM_RS17850	1.09674045226313	0.437227557057698	0.012128019506818	0.0487662158050632	438.251339724991	raw_counts / DESeq2 median-of-ratios	0.989	3.47	57.449	153.215	57.449	153.215
MM_RS09740	-1.08708780903816	0.433525168430591	0.0121569973619354	0.0487691857004933	1912.0165124059	raw_counts / DESeq2 median-of-ratios	11.787	9.948	707.206	444.108	707.206	444.108
MM_RS07135	1.02356943817897	0.408162385142381	0.0121502414759826	0.0487691857004933	867.636196524832	raw_counts / DESeq2 median-of-ratios	1.524	5.111	88.809	228.222	88.809	228.222
MM_RS12750	-1.6018754903813	0.63925471514792	0.01221579373324	0.0488313363404007	7993.53735609012	raw_counts / DESeq2 median-of-ratios	51.864	35.998	3309.939	1625.628	3309.939	1625.628
MM_RS19525	1.53255632721251	0.611628008296644	0.0122209245782785	0.0488313363404007	36.9288326988002	raw_counts / DESeq2 median-of-ratios	0.425	2.104	25.289	96.541	25.289	96.541
MM_RS16610	-1.44926778346275	0.578442573834008	0.0122290405137367	0.0488313363404007	707.635962110763	raw_counts / DESeq2 median-of-ratios	14.255	7.64	803.618	359.164	803.618	359.164
MM_RS01990	1.23293683527921	0.491870946976053	0.012188937414639	0.0488313363404007	89.7584839290415	raw_counts / DESeq2 median-of-ratios	1.006	3.851	58.291	172.695	58.291	172.695
MM_RS10655	-1.07965726286338	0.431034042338166	0.0122518085733172	0.0488657584436923	385.873588201691	raw_counts / DESeq2 median-of-ratios	3.755	2.874	217.941	130.814	217.941	130.814
MM_RS16815	-1.22501230279278	0.489257365677164	0.0122860574683266	0.0489458390952712	233.638466831985	raw_counts / DESeq2 median-of-ratios	2.353	1.606	135.139	70.364	135.139	70.364
MM_RS09410	-1.11387362936938	0.445017305018141	0.0123149207254594	0.0490043043614479	242.316323226648	raw_counts / DESeq2 median-of-ratios	1.976	1.472	114.254	65.869	114.254	65.869
MM_RS04480	1.0442065911286	0.417553052078092	0.0123921581500271	0.0492549070773228	705.889575541239	raw_counts / DESeq2 median-of-ratios	8.566	28.647	496.453	1282.193	496.453	1282.193
MM_RS08115	1.71044227320712	0.685402643881714	0.0125769423245156	0.0499319066538815	497.071648380188	raw_counts / DESeq2 median-of-ratios	1.244	8.075	78.241	387.009	78.241	387.009
MM_RS02030	1.40917410733018	0.565267074371252	0.0126692015623087	0.0502404388016238	159.001746743648	raw_counts / DESeq2 median-of-ratios	0.67	3.39	41.029	147.172	41.029	147.172
MM_RS01480	1.20133223812852	0.482388700451171	0.0127605785553315	0.0505201597713203	132.854107655159	raw_counts / DESeq2 median-of-ratios	0.789	3.2	47.048	141.387	47.048	141.387
MM_RS12110	-1.02799589590019	0.412825225835288	0.0127689923220506	0.0505201597713203	11680.2031490405	raw_counts / DESeq2 median-of-ratios	881.284	725.578	51619.188	32031.344	51619.188	32031.344
MM_RS18900	1.58042415490269	0.635026982895296	0.0128192646907735	0.0506610300250933	2997.27825065744	raw_counts / DESeq2 median-of-ratios	282.453	1175.527	15624.814	53564.781	15624.814	53564.781
MM_RS13265	-1.06155691462797	0.426732855786316	0.0128594512658358	0.0507617653396535	422.838322399318	raw_counts / DESeq2 median-of-ratios	0.892	0.737	52.747	32.723	52.747	32.723
MM_RS06685	-1.07647727183384	0.432980924235719	0.0129115298026966	0.050909159747162	329.294120089384	raw_counts / DESeq2 median-of-ratios	1.035	0.799	59.993	35.615	59.993	35.615
MM_RS11410	-1.58541023436755	0.638228671767142	0.0129887107517533	0.0511021485237243	58.7800576133617	raw_counts / DESeq2 median-of-ratios	1.75	1.095	105.371	46.482	105.371	46.482
MM_RS14415	1.28407554325147	0.516929980755232	0.0129900655483005	0.0511021485237243	114.565470803466	raw_counts / DESeq2 median-of-ratios	0.189	0.783	11.069	33.982	11.069	33.982
MM_RS07360	1.18661384416844	0.478091874834223	0.0130655089497155	0.0513404640640699	857.515014452674	raw_counts / DESeq2 median-of-ratios	12.741	44.317	725.511	2020.783	725.511	2020.783
MM_RS03015	-2.3196444549222	0.935064956620081	0.0131113344793853	0.0514619878315871	30.6618109280755	raw_counts / DESeq2 median-of-ratios	0.29	0.085	15.85	3.549	15.85	3.549
MM_RS16700	-1.56464652467253	0.631756523659477	0.0132617925879862	0.0519683110647199	758.695854043508	raw_counts / DESeq2 median-of-ratios	2.414	1.676	153.005	77.211	153.005	77.211
MM_RS13415	1.28787624369525	0.520053908390794	0.0132704256974762	0.0519683110647199	67.3808075719568	raw_counts / DESeq2 median-of-ratios	2.558	10.234	148.99	466.277	148.99	466.277
MM_RS13905	2.18667898320128	0.884356299973463	0.0134125865583246	0.0523519073614891	34.9434306262118	raw_counts / DESeq2 median-of-ratios	0.035	0.268	2.079	13.296	2.079	13.296
MM_RS01950	1.46383641356384	0.592003474073792	0.0134103360828186	0.0523519073614891	1085.33327777554	raw_counts / DESeq2 median-of-ratios	3.621	19.597	225.843	913.753	225.843	913.753
MM_RS01930	1.27864303490258	0.517127310043671	0.0134138500332709	0.0523519073614891	322.724128662513	raw_counts / DESeq2 median-of-ratios	0.75	3.225	44.654	138.687	44.654	138.687
MM_RS18445	1.18469661108004	0.479316550953854	0.0134495936713477	0.0524321631386399	172.484595219395	raw_counts / DESeq2 median-of-ratios	1.643	6.719	99.05	303.036	99.05	303.036
MM_RS08285	-2.0535151076536	0.831532197279212	0.0135280942457672	0.0526787345263586	628.001989636698	raw_counts / DESeq2 median-of-ratios	0.635	0.362	42.359	15.986	42.359	15.986
MM_RS00800	1.64684149181332	0.667728903346922	0.0136504557322274	0.0530953537152177	28.1346463895862	raw_counts / DESeq2 median-of-ratios	0.776	4.355	46.925	194.593	46.925	194.593
MM_RS08435	1.4465781615231	0.586639558030276	0.0136680101239273	0.0531038323600055	108.065985380195	raw_counts / DESeq2 median-of-ratios	0.439	1.777	24.618	79.1	24.618	79.1
MM_RS13950	3.55974534782426	1.44427778976423	0.0137119034137146	0.0531559241999708	7.23339475622598	raw_counts / DESeq2 median-of-ratios	0.003	0.068	0.196	3.109	0.196	3.109
MM_RS06255	-1.70190481175783	0.690507531153432	0.0137121970069988	0.0531559241999708	133.861369971231	raw_counts / DESeq2 median-of-ratios	1.97	0.86	108.96	37.459	108.96	37.459
MM_RS00900	-1.56414192795381	0.636759690389383	0.0140333526858524	0.054339910512258	435.455815593114	raw_counts / DESeq2 median-of-ratios	1.655	1.121	102.766	47.571	102.766	47.571
MM_RS00435	-1.27797976195561	0.520406063979203	0.0140596510068534	0.0543807778025437	321.974438583104	raw_counts / DESeq2 median-of-ratios	5.136	3.17	290.545	144.558	290.545	144.558
MM_RS09830	1.32641551499958	0.540371597286433	0.0141027352318958	0.0544416887551297	122.183728808282	raw_counts / DESeq2 median-of-ratios	0.188	0.715	10.633	32.064	10.633	32.064
MM_RS01870	-1.11550539098451	0.454468178876618	0.0141069228245052	0.0544416887551297	393.445602772247	raw_counts / DESeq2 median-of-ratios	1.608	1.268	94.566	55.399	94.566	55.399
MM_RS08845	1.20708553612959	0.492118444355281	0.0141735181941387	0.0546376471457086	200.816257413366	raw_counts / DESeq2 median-of-ratios	1.41	5.827	84.404	254.689	84.404	254.689
MM_RS13325	-1.90408026623163	0.776618609545269	0.0142160550322734	0.0547405285189211	420.262792086317	raw_counts / DESeq2 median-of-ratios	9.617	3.387	524.824	157.946	524.824	157.946
MM_RS09930	-1.35079098855188	0.551141609129644	0.014250095886281	0.0547495341392822	118.531085736021	raw_counts / DESeq2 median-of-ratios	0.948	0.628	55.234	26.865	55.234	26.865
MM_RS06880	1.09506027566849	0.446749279417291	0.0142391052086005	0.0547495341392822	168.96907983386	raw_counts / DESeq2 median-of-ratios	0.458	1.62	26.793	73.471	26.793	73.471
MM_RS00145	1.25228390352295	0.511062553753037	0.0142716036020897	0.054771243157353	160.279919732473	raw_counts / DESeq2 median-of-ratios	1.013	3.699	57.631	168.533	57.631	168.533
MM_RS04720	1.08944462691002	0.445385144767592	0.0144421710886859	0.0553643273477482	224.757456414288	raw_counts / DESeq2 median-of-ratios	0.631	2.279	37.261	104.079	37.261	104.079
MM_RS07980	-1.65586550694711	0.679092850598495	0.0147545134536612	0.0564989905420685	3284.03207528207	raw_counts / DESeq2 median-of-ratios	22.978	15.811	1478.984	697.117	1478.984	697.117
MM_RS13895	1.51416537968658	0.622059335494428	0.0149281571958409	0.0571006145674801	137.454571334082	raw_counts / DESeq2 median-of-ratios	2.598	10.887	144.892	475.697	144.892	475.697
MM_RS02965	-1.15319940507932	0.474047310873935	0.0149880644712403	0.0572030659488	159.099505436066	raw_counts / DESeq2 median-of-ratios	1.986	1.423	114.26	63.49	114.26	63.49
MM_RS16330	1.01607795508621	0.417628659251065	0.0149755459780593	0.0572030659488	1081.56145702619	raw_counts / DESeq2 median-of-ratios	17.506	59.958	1032.414	2741.716	1032.414	2741.716
MM_RS10230	-1.03896063109571	0.428318386342261	0.0152800030227911	0.0582529033562038	1055.95965597857	raw_counts / DESeq2 median-of-ratios	11.794	10.164	705.608	459.672	705.608	459.672
MM_RS01685	-1.14695696714845	0.473003556118613	0.015315221906229	0.0583227965425743	411.366479836759	raw_counts / DESeq2 median-of-ratios	3.136	2.577	189.706	117.203	189.706	117.203
MM_RS02475	-1.29505466119303	0.534546021622765	0.0154048486509767	0.0585995013661602	413.346621678461	raw_counts / DESeq2 median-of-ratios	2.017	1.305	115.495	56.055	115.495	56.055
MM_RS13355	-1.61867801073036	0.669228876653114	0.0155751765365849	0.0591822439574964	48.4596733618585	raw_counts / DESeq2 median-of-ratios	0.231	0.146	14.061	6.205	14.061	6.205
MM_RS05865	-1.41147919700709	0.584399176563032	0.0157237415995202	0.0596811027304865	48.3055405763644	raw_counts / DESeq2 median-of-ratios	0.377	0.221	21.569	9.989	21.569	9.989
MM_RS04865	1.67015460447866	0.692010973707912	0.0158009975783449	0.0599085023442407	28.3224040905914	raw_counts / DESeq2 median-of-ratios	0.083	0.405	4.662	18.132	4.662	18.132
MM_RS10130	1.42009953761054	0.588552882579916	0.0158276154017703	0.0599436223659152	40.3003055350934	raw_counts / DESeq2 median-of-ratios	0.166	0.742	9.757	33.965	9.757	33.965
MM_RS11525	1.13377502819518	0.470461965395253	0.015956081254086	0.0603639700455785	489.049368506815	raw_counts / DESeq2 median-of-ratios	0.789	3.159	47.604	139.512	47.604	139.512
MM_RS14975	1.25058579739824	0.51918174562365	0.0160066871623793	0.0604891657099103	83.5777052425799	raw_counts / DESeq2 median-of-ratios	0.214	0.863	12.659	39.818	12.659	39.818
MM_RS07665	-1.15883688313893	0.48148146326752	0.0160923125382496	0.0607462814285399	164.337495951694	raw_counts / DESeq2 median-of-ratios	8.423	5.92	484.142	270.124	484.142	270.124
MM_RS10255	-1.48300367837594	0.616561943325205	0.0161601097994014	0.0608691594843319	1060.93690875243	raw_counts / DESeq2 median-of-ratios	4.412	3.191	275.392	136.921	275.392	136.921
MM_RS04440	1.18621264642718	0.493149491334796	0.0161555920337505	0.0608691594843319	460.653482339254	raw_counts / DESeq2 median-of-ratios	2.948	12.418	179.55	566.62	179.55	566.62
MM_RS14775	1.1504168869594	0.478511822565148	0.0162098711972912	0.0609900818251021	135.740949172155	raw_counts / DESeq2 median-of-ratios	4.022	14.581	232.932	644.304	232.932	644.304
MM_RS04175	1.14421591163125	0.476105853695741	0.0162487187221365	0.0610339592259239	387.792134780694	raw_counts / DESeq2 median-of-ratios	2.402	8.313	137.324	367.432	137.324	367.432
MM_RS11320	-1.10178359027708	0.458484856562321	0.0162568739107846	0.0610339592259239	134.345084901958	raw_counts / DESeq2 median-of-ratios	0.181	0.139	10.561	6.228	10.561	6.228
MM_RS03895	-1.15272492191868	0.480008898697715	0.0163295383865821	0.0611746788051145	131.366884612674	raw_counts / DESeq2 median-of-ratios	1.238	0.957	73.466	43.891	73.466	43.891
MM_RS08170	1.10696599492955	0.460955347478416	0.0163297781871209	0.0611746788051145	204.717163291273	raw_counts / DESeq2 median-of-ratios	1.12	4.276	66.969	189.917	66.969	189.917
MM_RS06890	1.26885624971716	0.528598157438098	0.0163763832944438	0.0612828037909091	60.862164558942	raw_counts / DESeq2 median-of-ratios	0.579	2.412	34.419	108.749	34.419	108.749
MM_RS08615	1.21603664610648	0.506714731593259	0.0164020303827998	0.0613123516690372	91.6160078660725	raw_counts / DESeq2 median-of-ratios	0.637	2.414	36.838	106.632	36.838	106.632
MM_RS11880	-1.01659740720871	0.424354555043346	0.0165917329393652	0.0618875222165956	349.409174922605	raw_counts / DESeq2 median-of-ratios	0.59	0.504	34.987	22.652	34.987	22.652
MM_RS12305	-0.951594697828729	0.397185297501976	0.0165820679502662	0.0618875222165956	1559.13636896027	raw_counts / DESeq2 median-of-ratios	7.124	6.206	418.508	278.7	418.508	278.7
MM_RS19495	-1.60243033071214	0.669209688376412	0.0166425191050232	0.0619748297231857	26.1093536980529	raw_counts / DESeq2 median-of-ratios	0.594	0.323	34.469	14.347	34.469	14.347
MM_RS02325	1.27959137828466	0.534426958944255	0.0166510254728188	0.0619748297231857	150.831443593764	raw_counts / DESeq2 median-of-ratios	0.784	3.283	46.16	141.049	46.16	141.049
MM_RS01155	1.5195138262342	0.635075139517778	0.0167270962722237	0.0621909478194409	49.6826054165721	raw_counts / DESeq2 median-of-ratios	0.932	3.986	52.375	182.752	52.375	182.752
MM_RS18310	1.75390088884205	0.733944753124568	0.0168625709701731	0.0625654969520033	36.1354359971644	raw_counts / DESeq2 median-of-ratios	4.243	21.395	240.245	1021.279	240.245	1021.279
MM_RS08335	1.51132784111628	0.632445221637119	0.01686406417554	0.0625654969520033	112.181066665498	raw_counts / DESeq2 median-of-ratios	0.114	0.657	7.186	29.24	7.186	29.24
MM_RS00035	1.41770889218447	0.593431775432425	0.0168942728640981	0.0626103202495654	40.7574083591747	raw_counts / DESeq2 median-of-ratios	0.086	0.385	5.016	16.917	5.016	16.917
MM_RS08610	1.00997308825076	0.423730128418225	0.0171475290620714	0.063480777470948	468.76714507433	raw_counts / DESeq2 median-of-ratios	1.143	4.017	67.977	179.983	67.977	179.983
MM_RS08085	-1.30669770895533	0.548472277536931	0.0171987247574545	0.0636021363086166	2632.94279577962	raw_counts / DESeq2 median-of-ratios	7.876	6.071	485.559	282.17	485.559	282.17
MM_RS07975	-1.64406200708732	0.690486729624432	0.0172648224825495	0.0637782854061239	2122.58840733049	raw_counts / DESeq2 median-of-ratios	55.003	38.198	3534.145	1656.049	3534.145	1656.049
MM_RS00195	-1.15402673654566	0.485150336525193	0.017373845018221	0.0641124580052727	127.843739812499	raw_counts / DESeq2 median-of-ratios	0.388	0.277	22.31	12.377	22.31	12.377
MM_RS04725	1.1931210965572	0.501812993069732	0.0174247263767777	0.0642315954166385	916.436854757991	raw_counts / DESeq2 median-of-ratios	13.454	53.418	802.827	2507	802.827	2507
MM_RS10350	-1.60638241035224	0.676512464138553	0.0175724854274533	0.0645706374210766	316.598059346817	raw_counts / DESeq2 median-of-ratios	0.922	0.645	58.791	27.945	58.791	27.945
MM_RS06070	-1.4319453115069	0.602984553893949	0.0175602288692176	0.0645706374210766	264.422049630832	raw_counts / DESeq2 median-of-ratios	9.393	7.055	589.625	313.149	589.625	313.149
MM_RS10845	1.0030642963372	0.422431976737612	0.0175727849379884	0.0645706374210766	541.631538260732	raw_counts / DESeq2 median-of-ratios	2.127	7.052	123.971	312.736	123.971	312.736
MM_RS02955	-1.3322388058918	0.561402288618949	0.0176416113965857	0.0646173125809195	176.178335790015	raw_counts / DESeq2 median-of-ratios	1.521	0.889	85.74	40.847	85.74	40.847
MM_RS00075	-1.06624326830913	0.449174905208939	0.0176069462430896	0.0646173125809195	1651.51915883026	raw_counts / DESeq2 median-of-ratios	213.177	163.533	12362.665	7566.285	12362.665	7566.285
MM_RS12220	-0.969781675833037	0.40862488600045	0.0176308452669695	0.0646173125809195	585.175004055084	raw_counts / DESeq2 median-of-ratios	12.578	10.687	736.456	483.347	736.456	483.347
MM_RS07070	1.597377438481	0.673296146888356	0.0176694183419618	0.0646506048232373	381.786103393202	raw_counts / DESeq2 median-of-ratios	2.395	9.974	131.959	457.408	131.959	457.408
MM_RS01285	-1.11515427728777	0.471085313472288	0.0179231287843214	0.0655095098635408	108.956421761529	raw_counts / DESeq2 median-of-ratios	0.947	0.74	55.641	32.977	55.641	32.977
MM_RS12275	-0.996001897240777	0.421242740211986	0.0180575010468242	0.0659308759151487	910.17406972072	raw_counts / DESeq2 median-of-ratios	9.695	8.283	573.071	378.84	573.071	378.84
MM_RS12390	1.07349997954201	0.454401392938873	0.0181546539385646	0.0662156015879643	860.892797458212	raw_counts / DESeq2 median-of-ratios	3.095	11.851	186.95	534.424	186.95	534.424
MM_RS02575	1.40596462123265	0.595396934702397	0.0182065514308307	0.0663348403397567	49800.1617551365	raw_counts / DESeq2 median-of-ratios	402.138	1529.489	22390.402	67437.314	22390.402	67437.314
MM_RS09160	-1.01821899210083	0.431465043696306	0.0182793325218032	0.0665298361752456	1232.26632551321	raw_counts / DESeq2 median-of-ratios	8.044	6.535	467.622	287.55	467.622	287.55
MM_RS16705	1.3394533320767	0.567683051884347	0.018299131598842	0.0665317900446318	50.8015761345355	raw_counts / DESeq2 median-of-ratios	0.17	0.682	9.718	30.651	9.718	30.651
MM_RS04340	0.978188725928328	0.414948753594087	0.0184047809112201	0.0668455449709297	459.544197722517	raw_counts / DESeq2 median-of-ratios	5.112	17.107	301.496	774.2	301.496	774.2
MM_RS07895	-1.01801378487318	0.432003505599629	0.0184483523421147	0.0669334128042692	1745.28556043302	raw_counts / DESeq2 median-of-ratios	3.211	2.81	192.276	127.789	192.276	127.789
MM_RS07270	-1.13538390247115	0.482113559233839	0.0185220367122276	0.0671302358909069	122.701215686933	raw_counts / DESeq2 median-of-ratios	3.275	2.433	189.608	107.647	189.608	107.647
MM_RS11340	-1.06722260697705	0.453463896390692	0.0185981233906077	0.06733534401589	178.424190025993	raw_counts / DESeq2 median-of-ratios	2.249	1.877	133.864	84.203	133.864	84.203
MM_RS02675	1.0635157169938	0.45235103066261	0.0187187579092695	0.0677011411713265	164.092695644675	raw_counts / DESeq2 median-of-ratios	0.129	0.44	7.511	19.823	7.511	19.823
MM_RS12540	-1.30278515417065	0.554519840910888	0.0188040367589677	0.0679384340643038	2184.47295236692	raw_counts / DESeq2 median-of-ratios	5.889	4.702	364.926	205.864	364.926	205.864
MM_RS01365	1.7819907708435	0.759008842236648	0.018885339053403	0.0680897297395136	21.2253667660927	raw_counts / DESeq2 median-of-ratios	0.081	0.424	4.544	19.227	4.544	19.227
MM_RS04180	-1.01433582575232	0.432029710751908	0.0188827257425518	0.0680897297395136	3667.47958413701	raw_counts / DESeq2 median-of-ratios	6749.982	5335.211	388905.783	236556.219	388905.783	236556.219
MM_RS02290	-0.971119848775639	0.413720321555243	0.0189107414250665	0.0681102198979976	637.660786640817	raw_counts / DESeq2 median-of-ratios	1.617	1.375	94.541	61.138	94.541	61.138
MM_RS07680	1.35166337853067	0.576095574108708	0.0189634592638401	0.0682289461430245	151.745316819059	raw_counts / DESeq2 median-of-ratios	0.463	1.735	25.907	78.037	25.907	78.037
MM_RS05530	-1.37866459204762	0.590902063254114	0.0196401458682498	0.0705900768251143	217.91466062393	raw_counts / DESeq2 median-of-ratios	1.306	1.001	81.275	43.851	81.275	43.851
MM_RS12745	-1.20165842746482	0.515629811615584	0.0197814650777638	0.0710240960276467	2318.88988947336	raw_counts / DESeq2 median-of-ratios	13.107	10.98	807.034	488.531	807.034	488.531
MM_RS13965	3.20234835775557	1.37447658818129	0.019813154239487	0.0710307089301912	6.55586968599201	raw_counts / DESeq2 median-of-ratios	0.01	0.133	0.508	5.848	0.508	5.848
MM_RS14580	1.25588934024567	0.539178252929122	0.0198450011921351	0.0710307089301912	88.6418343351218	raw_counts / DESeq2 median-of-ratios	0.312	1.248	18.401	58.245	18.401	58.245
MM_RS15855	1.16922658249366	0.501935633133313	0.0198360167966928	0.0710307089301912	78.1901171364186	raw_counts / DESeq2 median-of-ratios	0.381	1.468	22.563	66.496	22.563	66.496
MM_RS18915	1.37672474816754	0.591980401186015	0.0200385351439188	0.07164917224337	337.472242765461	raw_counts / DESeq2 median-of-ratios	34.172	149.141	2022.367	7165.347	2022.367	7165.347
MM_RS00400	1.36163561757789	0.586639656572993	0.0202827065513319	0.0724472269165465	68.9810101999936	raw_counts / DESeq2 median-of-ratios	0.29	1.16	16.45	50.74	16.45	50.74
MM_RS08590	-1.24366194613213	0.536278294028815	0.0203917422430664	0.0727614439127598	161.846023177262	raw_counts / DESeq2 median-of-ratios	0.438	0.342	26.464	14.827	26.464	14.827
MM_RS11445	1.02092016033563	0.440458488932018	0.0204570485740645	0.0729191390865003	2293.95558934831	raw_counts / DESeq2 median-of-ratios	4.224	15.253	252.431	672.182	252.431	672.182
MM_RS05015	-1.35705089114773	0.586000297149095	0.0205699926453624	0.0732165843667447	821.036665044623	raw_counts / DESeq2 median-of-ratios	48.57	38.379	3049.989	1720.843	3049.989	1720.843
MM_RS17035	0.989700289499798	0.427414909316308	0.020582890393778	0.0732165843667447	287.874981382783	raw_counts / DESeq2 median-of-ratios	0.565	1.91	33.354	86.533	33.354	86.533
MM_RS06175	7.86226139098846	3.39979137533301	0.0207461978358412	0.0737076652176358	21.4885260236069	raw_counts / DESeq2 median-of-ratios	0	0.185	0	9.43	0	9.43
MM_RS15540	1.16693958430536	0.504675949000015	0.0207636242781586	0.0737076652176358	109.315509462035	raw_counts / DESeq2 median-of-ratios	0.408	1.454	23.394	64.583	23.394	64.583
MM_RS05190	-1.52196729757087	0.658832914794334	0.0208828384714287	0.0740547475157235	315.941334889395	raw_counts / DESeq2 median-of-ratios	4.019	2.961	256.253	130.635	256.253	130.635
MM_RS17910	1.45288965392519	0.629164456778603	0.0209304500781572	0.0740714903380688	31.2953075493561	raw_counts / DESeq2 median-of-ratios	1.672	7.474	97.286	340.875	97.286	340.875
MM_RS00240	1.16039646083997	0.502462614860738	0.0209203691383953	0.0740714903380688	144.379692733513	raw_counts / DESeq2 median-of-ratios	0.463	1.88	27.923	82.802	27.923	82.802
MM_RS18260	-1.36083316236832	0.590766437417546	0.021250472803986	0.0750502383077378	502.716622634556	raw_counts / DESeq2 median-of-ratios	110.933	72.259	6558.448	3478.581	6558.448	3478.581
MM_RS16920	1.12372250456812	0.487757896503149	0.0212308954835566	0.0750502383077378	89.77612633393	raw_counts / DESeq2 median-of-ratios	0.201	0.748	11.843	33.367	11.843	33.367
MM_RS07985	-1.35491357679971	0.588374978334952	0.0212897467881544	0.0751121403537132	2009.15595413091	raw_counts / DESeq2 median-of-ratios	15.752	12.314	980.145	532.62	980.145	532.62
MM_RS04900	1.28901644750262	0.560912698340993	0.0215578253895959	0.0759803356078208	379.491587446753	raw_counts / DESeq2 median-of-ratios	0.491	2.366	30.544	105.891	30.544	105.891
MM_RS02835	-1.09288441971531	0.475651804116094	0.021581351966262	0.0759857183399277	127.480873337267	raw_counts / DESeq2 median-of-ratios	1.411	1.092	82.006	48.239	82.006	48.239
MM_RS08550	-1.1618679241056	0.505950394595803	0.0216526328172259	0.0761590567726053	434.971716825908	raw_counts / DESeq2 median-of-ratios	3.903	2.686	223.498	125.171	223.498	125.171
MM_RS09990	1.17005069998612	0.509749933731319	0.021713502370548	0.076295460008009	82.9001673746971	raw_counts / DESeq2 median-of-ratios	0.84	3.161	49.444	145.351	49.444	145.351
MM_RS16665	-1.20824500482829	0.527088669903494	0.0218883764744566	0.0768317605109483	222.481484313827	raw_counts / DESeq2 median-of-ratios	0.43	0.349	26.138	15.223	26.138	15.223
MM_RS03020	-2.64737919795749	1.15529915728057	0.0219339528724861	0.0768355712186279	41.5093856807255	raw_counts / DESeq2 median-of-ratios	0.739	0.141	39.696	6.954	39.696	6.954
MM_RS01055	1.00305783666349	0.437717623738762	0.0219308296208093	0.0768355712186279	301.40191175256	raw_counts / DESeq2 median-of-ratios	0.315	1.016	18.196	45.561	18.196	45.561
MM_RS16590	-1.21562620746943	0.530953137435553	0.0220493342595032	0.0770834013485061	56.9584577340238	raw_counts / DESeq2 median-of-ratios	1.513	1.073	88.322	48.541	88.322	48.541
MM_RS10175	-0.953858333184582	0.416596678586839	0.022041927654234	0.0770834013485061	1372.43542211568	raw_counts / DESeq2 median-of-ratios	8.356	7.533	497.552	341.027	497.552	341.027
MM_RS10020	-1.08096933922665	0.472970679904893	0.0222841641353714	0.0778255843514385	251.095828741682	raw_counts / DESeq2 median-of-ratios	0.796	0.671	47.519	29.432	47.519	29.432
MM_RS13285	-1.45189146949515	0.635376874112754	0.0223077237517355	0.0778291695338326	2245.5121214657	raw_counts / DESeq2 median-of-ratios	15.77	12.079	1004.74	547.098	1004.74	547.098
MM_RS12965	-1.03186083578451	0.452100504651944	0.0224674779585624	0.0783074357909933	293.964864783197	raw_counts / DESeq2 median-of-ratios	1.251	0.974	72.262	44.512	72.262	44.512
MM_RS11245	-0.896933373891509	0.393057340861636	0.0224928670046353	0.0783168978165426	5840.13247766928	raw_counts / DESeq2 median-of-ratios	18.083	16.318	1061.222	731.864	1061.222	731.864
MM_RS01690	-1.08031984316315	0.474782576005893	0.0228819996984947	0.0795915679341398	623.377846663146	raw_counts / DESeq2 median-of-ratios	2.833	2.481	172.014	110.817	172.014	110.817
MM_RS00370	-1.2559215131523	0.552258103709018	0.0229565615550922	0.0796904156897372	5411.80872506283	raw_counts / DESeq2 median-of-ratios	21.709	14.165	1236.537	605.381	1236.537	605.381
MM_RS18870	-0.986141674965004	0.433562709377822	0.0229354850352641	0.0796904156897372	696.002871887862	raw_counts / DESeq2 median-of-ratios	111.081	91.725	6445.724	4046.25	6445.724	4046.25
MM_RS16530	-1.19177758804192	0.524339907964996	0.0230315847695691	0.0798705760984855	444.412918215707	raw_counts / DESeq2 median-of-ratios	6.662	4.332	375.818	196.106	375.818	196.106
MM_RS17050	1.10393302665961	0.485849043388603	0.0230760698010455	0.0799445788292992	192.499549660384	raw_counts / DESeq2 median-of-ratios	0.286	0.955	16.334	42.871	16.334	42.871
MM_RS07215	0.920025956608815	0.405172830454834	0.0231651434611671	0.080172751016905	863.954283399258	raw_counts / DESeq2 median-of-ratios	3.494	11.207	205.897	507.07	205.897	507.07
MM_RS07080	0.967486688082166	0.426988682142169	0.0234613746064281	0.0811167045951979	488.111873712723	raw_counts / DESeq2 median-of-ratios	1.456	4.83	85.924	220.775	85.924	220.775
MM_RS12525	1.03801490807452	0.458303682021307	0.0235184285739359	0.0812326522943745	237.105609074723	raw_counts / DESeq2 median-of-ratios	9.196	32.893	545.342	1447.556	545.342	1447.556
MM_RS08810	0.92454097752	0.408283795035346	0.0235460396798414	0.0812467742798922	558.148727712496	raw_counts / DESeq2 median-of-ratios	13.871	44.034	812.573	1972.727	812.573	1972.727
MM_RS13800	1.26681298767102	0.560755922809289	0.0238761357090851	0.082303565607964	260.158344109653	raw_counts / DESeq2 median-of-ratios	0.47	2.148	28.698	92.63	28.698	92.63
MM_RS02145	-0.993247705406147	0.440238855913953	0.0240608389827354	0.0828575651509152	481.360030670806	raw_counts / DESeq2 median-of-ratios	1.998	1.642	115.846	72.41	115.846	72.41
MM_RS11915	1.32733593906702	0.588924965720957	0.0242069519783892	0.0831948379436382	127.813067017192	raw_counts / DESeq2 median-of-ratios	0.115	0.432	6.517	20.355	6.517	20.355
MM_RS07350	0.991373600465101	0.439800525946672	0.0241871270277308	0.0831948379436382	192.686123559763	raw_counts / DESeq2 median-of-ratios	1.846	6.151	108.399	278.967	108.399	278.967
MM_RS00705	-1.20520258439868	0.535457669778158	0.0243988630024399	0.0837710465312399	28691.5919816384	raw_counts / DESeq2 median-of-ratios	59075.004	38243.703	3327820.963	1677896.789	3327820.963	1677896.789
MM_RS00760	-0.911364296305448	0.405354797266261	0.0245562641249343	0.0842277420928728	683.931400952588	raw_counts / DESeq2 median-of-ratios	8.433	7.457	493.165	334.657	493.165	334.657
MM_RS02470	-1.361569638738	0.6061453959077	0.0246863577183996	0.084362827817563	109.721066835082	raw_counts / DESeq2 median-of-ratios	0.782	0.454	43.898	19.918	43.898	19.918
MM_RS10280	1.2473068851915	0.55528896235879	0.0246892612309558	0.084362827817563	140.47577181789	raw_counts / DESeq2 median-of-ratios	1.223	4.35	68.866	194.289	68.866	194.289
MM_RS00720	-1.20097006509834	0.534675446733603	0.0246933465325872	0.084362827817563	28606.4888593092	raw_counts / DESeq2 median-of-ratios	58822.315	38207.616	3314024.853	1676457.811	3314024.853	1676457.811
MM_RS05405	-1.08987371930783	0.485055491390055	0.0246460845565066	0.084362827817563	154.324680921984	raw_counts / DESeq2 median-of-ratios	1.214	0.907	69.686	40.309	69.686	40.309
MM_RS14800	-1.73983717592813	0.775258477725398	0.0248193618213022	0.0847095609987924	230.101135580338	raw_counts / DESeq2 median-of-ratios	0.761	0.302	41.646	14.241	41.646	14.241
MM_RS16745	-1.05183272589871	0.468941747220787	0.0248973113580416	0.0848917210569357	143.608263562886	raw_counts / DESeq2 median-of-ratios	0.699	0.573	41.019	25.233	41.019	25.233
MM_RS03630	-1.35237064533199	0.604483530080491	0.0252711000515789	0.0859964330819246	194.1103555421	raw_counts / DESeq2 median-of-ratios	2.379	1.339	132.651	60.302	132.651	60.302
MM_RS16520	1.02154966382977	0.45659190303973	0.0252643648617342	0.0859964330819246	358.748936152716	raw_counts / DESeq2 median-of-ratios	1.276	4.654	76.83	210.665	76.83	210.665
MM_RS00125	1.3779060671288	0.616220882098844	0.0253479260323364	0.0861364739982379	81.5199444829089	raw_counts / DESeq2 median-of-ratios	2.474	10.416	142.013	443.026	142.013	443.026
MM_RS11590	1.04029412883274	0.465280719659637	0.0253621291419247	0.0861364739982379	219.746647033633	raw_counts / DESeq2 median-of-ratios	2.709	9.992	162.956	450.803	162.956	450.803
MM_RS06095	-1.38164390208417	0.618442278234261	0.0254784078419047	0.0864463857425724	154.924940257243	raw_counts / DESeq2 median-of-ratios	0.703	0.436	40.327	18.348	40.327	18.348
MM_RS14490	0.992089416523472	0.444179343411945	0.0255137877219073	0.0864814747708221	163.237882809261	raw_counts / DESeq2 median-of-ratios	0.998	3.318	58.445	148.931	58.445	148.931
MM_RS14805	1.28619568008138	0.576149196253757	0.0255885132515284	0.0866497301674306	100.955174803259	raw_counts / DESeq2 median-of-ratios	0.634	2.798	38.561	130.843	38.561	130.843
MM_RS05885	1.27712641524476	0.572716313154212	0.025751032257348	0.0870728938743457	68.0487824473698	raw_counts / DESeq2 median-of-ratios	1.266	4.714	72.13	217.808	72.13	217.808
MM_RS04250	1.002008414423	0.449488318581315	0.0257992608510055	0.0870728938743457	162.752516787274	raw_counts / DESeq2 median-of-ratios	6.233	21.331	367.698	950.889	367.698	950.889
MM_RS05080	0.976990769238413	0.438310215448976	0.0258143148023538	0.0870728938743457	310.434473013025	raw_counts / DESeq2 median-of-ratios	2.128	6.826	123.827	312.032	123.827	312.032
MM_RS17530	-0.969778378541747	0.43506850808767	0.0258122724281958	0.0870728938743457	628.097228497633	raw_counts / DESeq2 median-of-ratios	0.851	0.693	49.016	30.91	49.016	30.91
MM_RS10125	1.19494769748332	0.536440237528828	0.0259105073974293	0.087312090293386	77.118343176456	raw_counts / DESeq2 median-of-ratios	0.19	0.677	10.867	30.932	10.867	30.932
MM_RS12295	-1.08913200736832	0.489333683584515	0.0260312656423268	0.0876335200083789	745.342249646156	raw_counts / DESeq2 median-of-ratios	5.197	4.321	309.1	186.625	309.1	186.625
MM_RS12950	-1.79576866066231	0.811956290506111	0.0269903867619636	0.0907739005606837	69.9526566785126	raw_counts / DESeq2 median-of-ratios	1.855	0.715	101.198	32.362	101.198	32.362
MM_RS00345	-1.39028982187874	0.628845857032022	0.0270455696752847	0.0908710093953632	531.800587221499	raw_counts / DESeq2 median-of-ratios	1.725	1.361	109.481	61.804	109.481	61.804
MM_RS05110	-1.10384101743502	0.49964591947068	0.0271574975796296	0.091158402954364	90.8186637321782	raw_counts / DESeq2 median-of-ratios	1.632	1.226	94.839	56.17	94.839	56.17
MM_RS17200	1.30131129772056	0.590342668693805	0.0275009966616582	0.0921077223387956	60.0033300758599	raw_counts / DESeq2 median-of-ratios	0.605	2.263	34.178	102.301	34.178	102.301
MM_RS08315	1.24687180180789	0.565644560110537	0.0275005819796971	0.0921077223387956	101.124069242375	raw_counts / DESeq2 median-of-ratios	0.424	1.621	24.678	76.523	24.678	76.523
MM_RS11955	-1.15230877812467	0.522812534945764	0.0275203154179609	0.0921077223387956	1216.2843326983	raw_counts / DESeq2 median-of-ratios	4.994	4.343	308.348	195.679	308.348	195.679
MM_RS14190	-0.96262323384521	0.436942312065823	0.0275884065942157	0.0922462307612982	192.272960644047	raw_counts / DESeq2 median-of-ratios	0.709	0.615	41.703	27.692	41.703	27.692
MM_RS17840	-0.982703092043146	0.446518716700252	0.0277494400710672	0.0926949381097353	649.576763714024	raw_counts / DESeq2 median-of-ratios	149.747	127.628	8828.857	5901.003	8828.857	5901.003
MM_RS15955	0.969782737616913	0.440796522509838	0.0278020042281502	0.0927807947865032	274.286433868558	raw_counts / DESeq2 median-of-ratios	1.031	3.369	60.505	154.308	60.505	154.308
MM_RS07325	-1.32898510328495	0.604651460946423	0.027953680008554	0.0931849370501042	179.177439612319	raw_counts / DESeq2 median-of-ratios	3.764	2.898	233.976	134.934	233.976	134.934
MM_RS12095	1.12158621989358	0.510366863670428	0.0279770641925183	0.0931849370501042	105.280895785421	raw_counts / DESeq2 median-of-ratios	0.51	1.771	29.266	78.166	29.266	78.166
MM_RS00215	-1.10237364777959	0.502044060954327	0.028108358599568	0.0935320526039576	199.682931604468	raw_counts / DESeq2 median-of-ratios	0.953	0.692	54.377	30.55	54.377	30.55
MM_RS15250	1.21614226289309	0.554001620410803	0.0281495253293239	0.0935788840110537	65.9388520958787	raw_counts / DESeq2 median-of-ratios	0.52	2.174	31.506	99.148	31.506	99.148
MM_RS05370	1.15277065599094	0.525608042591833	0.0282920001644657	0.0938766524673034	523.479810259001	raw_counts / DESeq2 median-of-ratios	11.775	50.324	726.359	2273.573	726.359	2273.573
MM_RS00420	-1.12901133091551	0.514779674839346	0.028293455477262	0.0938766524673034	70.0526245605952	raw_counts / DESeq2 median-of-ratios	2.895	2.191	169.805	100.26	169.805	100.26
MM_RS16715	1.72317546937424	0.786250304718261	0.0284057087432311	0.0941586545097122	18.028372180211	raw_counts / DESeq2 median-of-ratios	0.147	0.751	8.339	34.407	8.339	34.407
MM_RS14985	0.91305165412711	0.416854410132852	0.0284998025572564	0.0943799789384118	638.336811375404	raw_counts / DESeq2 median-of-ratios	0.957	2.918	55.448	131.227	55.448	131.227
MM_RS05310	1.06042993586934	0.484470209121494	0.028608146620809	0.0945775472634707	98.8535028535434	raw_counts / DESeq2 median-of-ratios	0.753	2.668	44.289	118.238	44.289	118.238
MM_RS15315	-0.99167576588048	0.453076343368835	0.0286142260828972	0.0945775472634707	856.960854739988	raw_counts / DESeq2 median-of-ratios	15.807	14.481	953.568	646.529	953.568	646.529
MM_RS01095	0.980064020722293	0.447972754962433	0.0286859263675051	0.0947238907011115	161.942517572984	raw_counts / DESeq2 median-of-ratios	0.34	1.147	20.096	51.701	20.096	51.701
MM_RS09420	-1.01092562047872	0.462573989697432	0.0288569300250281	0.095197551391067	295.817296513815	raw_counts / DESeq2 median-of-ratios	1.622	1.424	96.612	62.522	96.612	62.522
MM_RS13260	1.01793917310173	0.465936569933304	0.028909661540265	0.0952805066412931	526.736696291069	raw_counts / DESeq2 median-of-ratios	1.326	4.8	79.789	220.365	79.789	220.365
MM_RS15715	-1.22774889800201	0.562635989492362	0.0290994116897875	0.0958144594628465	812.368785959333	raw_counts / DESeq2 median-of-ratios	3.65	3.002	225.89	139.325	225.89	139.325
MM_RS00095	-0.984996205577931	0.451999732778507	0.0293170787803391	0.0964392286736107	889.119758693562	raw_counts / DESeq2 median-of-ratios	85.725	77.863	5161.667	3546.327	5161.667	3546.327
MM_RS02195	1.19085169516996	0.547204517832866	0.0295368638627125	0.0970697695354986	408.212255648945	raw_counts / DESeq2 median-of-ratios	0.948	3.44	54.338	147.176	54.338	147.176
MM_RS07450	0.997243418225094	0.459026093512216	0.0298164546275245	0.0978954698512067	337.106995175107	raw_counts / DESeq2 median-of-ratios	1.448	4.524	82.967	204.097	82.967	204.097
MM_RS01600	1.15622784630545	0.532490406196232	0.0299040441386656	0.0980898085991936	1080.67328640845	raw_counts / DESeq2 median-of-ratios	5.322	23.111	329.34	1032.884	329.34	1032.884
MM_RS16980	1.56053222150161	0.718873484700954	0.0299461192290592	0.0981346260124957	50.8887524785669	raw_counts / DESeq2 median-of-ratios	0.328	1.367	18.126	63.409	18.126	63.409
MM_RS11695	-1.09159863068052	0.503084715528959	0.0300211846421448	0.098287366591439	81.6503647415634	raw_counts / DESeq2 median-of-ratios	5.344	4.045	308.948	181.605	308.948	181.605
MM_RS07950	1.19394562956428	0.550637854440929	0.0301362040234834	0.0984772456926316	495.14966598944	raw_counts / DESeq2 median-of-ratios	1.25	4.643	72.077	197.571	72.077	197.571
MM_RS13840	1.01888921192472	0.469895690215431	0.0301335405317631	0.0984772456926316	901.375133375422	raw_counts / DESeq2 median-of-ratios	8.05	29.877	486.152	1316.862	486.152	1316.862
MM_RS09755	1.20044965980298	0.553753274517554	0.030170702660447	0.098496792995448	364.282486012164	raw_counts / DESeq2 median-of-ratios	5.16	17.56	289.767	776.647	289.767	776.647
MM_RS18475	1.29472767333284	0.597953656515675	0.0303674547730875	0.099045504047445	37.6931333304727	raw_counts / DESeq2 median-of-ratios	4.096	17.67	245.286	792.591	245.286	792.591
MM_RS05775	1.44954218421055	0.669846729546332	0.0304650527273546	0.0992700869059271	684.866147658356	raw_counts / DESeq2 median-of-ratios	6.342	25.455	353.959	1074.035	353.959	1074.035
MM_RS09065	0.981760583017265	0.453846198084451	0.0305257177231976	0.0993740141526149	285.246710163948	raw_counts / DESeq2 median-of-ratios	4.553	15.855	271.319	700.049	271.319	700.049
MM_RS10870	-1.23805062747402	0.574803582215961	0.031250581681804	0.101615458180693	44.7442206316552	raw_counts / DESeq2 median-of-ratios	0.587	0.425	34.394	18.662	34.394	18.662
MM_RS00340	-1.08066603890037	0.501887005208117	0.0313025036202251	0.101615458180693	947.640378359718	raw_counts / DESeq2 median-of-ratios	1.486	1.324	90.583	58.14	90.583	58.14
MM_RS12320	0.942954925629492	0.437883712631725	0.0312843616157762	0.101615458180693	604.650669347688	raw_counts / DESeq2 median-of-ratios	2.544	8.672	152.403	393.311	152.403	393.311
MM_RS07275	-1.00378374817395	0.466352483979804	0.0313647396337506	0.101721887976502	503.982544303696	raw_counts / DESeq2 median-of-ratios	2.661	2.316	157.65	100.825	157.65	100.825
MM_RS17135	-1.15633577984306	0.537397884744852	0.0314185336019034	0.101800764597537	235.241189018417	raw_counts / DESeq2 median-of-ratios	1.224	0.832	69.783	38.894	69.783	38.894
MM_RS13780	1.27745767730038	0.594260501848683	0.0315821656769831	0.101853221520354	433.732921092065	raw_counts / DESeq2 median-of-ratios	3.051	11.061	171.446	475.946	171.446	475.946
MM_RS05515	1.16033196221647	0.539504675294968	0.031497067333066	0.101853221520354	56.4182488459242	raw_counts / DESeq2 median-of-ratios	0.182	0.664	10.562	30.28	10.562	30.28
MM_RS04370	1.11170701020423	0.516992690192152	0.0315287970819839	0.101853221520354	554.776221351451	raw_counts / DESeq2 median-of-ratios	0.466	1.919	28.573	84.489	28.573	84.489
MM_RS14685	-1.07607019258446	0.500530233333412	0.0315662485456222	0.101853221520354	106.892158986239	raw_counts / DESeq2 median-of-ratios	0.644	0.544	38.71	24.691	38.71	24.691
MM_RS15910	1.03384761830116	0.480773130036594	0.0315247260026435	0.101853221520354	213.619940071675	raw_counts / DESeq2 median-of-ratios	0.781	2.918	47.253	130.776	47.253	130.776
MM_RS15995	-0.950463478932119	0.442321849763127	0.0316498471668456	0.101976279957355	955.115733155477	raw_counts / DESeq2 median-of-ratios	2.471	2.009	141.749	89.932	141.749	89.932
MM_RS12960	-0.956282355493269	0.445185128246931	0.0317093481440591	0.102072775852358	1873.74338759342	raw_counts / DESeq2 median-of-ratios	8.249	7.697	497.341	347.673	497.341	347.673
MM_RS19565	1.17462537682742	0.546968023135412	0.0317518183372681	0.102114320797881	56.5359718581427	raw_counts / DESeq2 median-of-ratios	14.355	54.059	836.258	2379.507	836.258	2379.507
MM_RS19460	1.4820138769319	0.690572560149901	0.0318677613459911	0.102391858315398	24.4598516468432	raw_counts / DESeq2 median-of-ratios	5.441	25.913	318.971	1133.693	318.971	1133.693
MM_RS10205	-0.899011061133284	0.419213866344017	0.0319915233226873	0.102693979141786	664.152725068185	raw_counts / DESeq2 median-of-ratios	5.717	4.945	331.04	222.851	331.04	222.851
MM_RS00870	1.03180859231216	0.481466901239854	0.0321089253499825	0.102975142208765	101.364508744922	raw_counts / DESeq2 median-of-ratios	3.218	11.269	190.713	511.5	190.713	511.5
MM_RS09550	-0.961870002753358	0.449123952007342	0.0322209952229731	0.103143018999211	5619.58105101124	raw_counts / DESeq2 median-of-ratios	42.012	39.232	2537.624	1776.136	2537.624	1776.136
MM_RS04200	-0.870820871971571	0.406603550527237	0.0322180173321957	0.103143018999211	1958.82037849684	raw_counts / DESeq2 median-of-ratios	8.994	7.991	521.833	358.564	521.833	358.564
MM_RS19100	1.1353759465049	0.530574678310067	0.0323629721586075	0.103501579477621	157.825932701179	raw_counts / DESeq2 median-of-ratios	0.764	2.528	43.265	115.388	43.265	115.388
MM_RS18585	1.41244460941219	0.660646799437456	0.0325189850720028	0.103904324180109	124.900762792503	raw_counts / DESeq2 median-of-ratios	10.569	43.891	610.345	2127.638	610.345	2127.638
MM_RS19275	1.7853578400732	0.837158895770715	0.0329543387279402	0.10519804617958	14.3082064649862	raw_counts / DESeq2 median-of-ratios	0.044	0.237	2.519	10.966	2.519	10.966
MM_RS04930	1.13091618557783	0.530467075185808	0.0330129868686325	0.105287956273552	171.221948255727	raw_counts / DESeq2 median-of-ratios	0.729	2.967	44.261	129.36	44.261	129.36
MM_RS15500	-1.10836605862425	0.520036397715716	0.033062458666545	0.105348461470707	494.01749190728	raw_counts / DESeq2 median-of-ratios	1.148	1.022	70.605	45.554	70.605	45.554
MM_RS02095	0.87448499250976	0.41043805837359	0.033120971470436	0.105437636367637	562.937611720608	raw_counts / DESeq2 median-of-ratios	6.069	18.734	356.862	848.693	356.862	848.693
MM_RS05060	1.04115718016192	0.489452967333153	0.0334046861294388	0.106242896768952	297.599365813632	raw_counts / DESeq2 median-of-ratios	0.775	2.935	46.904	129.461	46.904	129.461
MM_RS11400	-0.921464748154428	0.433999498232499	0.0337376723733754	0.107203238617883	350.308258463458	raw_counts / DESeq2 median-of-ratios	3.721	3.361	219.242	148.496	219.242	148.496
MM_RS12325	1.88627242422971	0.890125764409636	0.0340813601679852	0.108195788621526	15.0701549661982	raw_counts / DESeq2 median-of-ratios	0.116	0.652	6.402	28.562	6.402	28.562
MM_RS12830	1.68259130038887	0.794357123276104	0.0341598338893069	0.108345331729721	38.007991997851	raw_counts / DESeq2 median-of-ratios	0.235	1.108	12.966	47.354	12.966	47.354
MM_RS14895	1.0524161368836	0.497693287598626	0.0344650973165329	0.109213253331472	86.7974572002608	raw_counts / DESeq2 median-of-ratios	0.639	2.294	37.848	101.692	37.848	101.692
MM_RS17370	-1.71409466840986	0.810998726804121	0.0345528442865172	0.109390947906169	639.49785311833	raw_counts / DESeq2 median-of-ratios	23.953	9.583	1309.806	462.11	1309.806	462.11
MM_RS09710	1.17928467235205	0.558152825228665	0.0346149161864425	0.109487106692282	888.457421855741	raw_counts / DESeq2 median-of-ratios	1.684	7.446	104.652	341.902	104.652	341.902
MM_RS09200	2.67090161818273	1.26520963730151	0.0347693177734513	0.109674176794065	7.62864107169398	raw_counts / DESeq2 median-of-ratios	0.079	0.738	4.206	31.885	4.206	31.885
MM_RS16350	1.2865296335449	0.609373490068496	0.0347522597955595	0.109674176794065	61.5748360789556	raw_counts / DESeq2 median-of-ratios	1.9	8.012	114.022	377.998	114.022	377.998
MM_RS06900	0.902903518712607	0.427660168989644	0.034749626591169	0.109674176794065	250.136534580385	raw_counts / DESeq2 median-of-ratios	1.424	4.409	83.173	198.797	83.173	198.797
MM_RS05715	0.915312905375252	0.434131365476312	0.0349983287011547	0.110295827859296	213.252449716781	raw_counts / DESeq2 median-of-ratios	1.213	3.86	71.401	174.646	71.401	174.646
MM_RS12360	-0.865904638591336	0.410808305141432	0.0350476834644376	0.110350682485112	1111.42105442365	raw_counts / DESeq2 median-of-ratios	20.324	19.364	1207.031	872.19	1207.031	872.19
MM_RS08305	1.11220076112992	0.52794718585168	0.0351477941843994	0.110565101195734	818.823855255322	raw_counts / DESeq2 median-of-ratios	2.249	9.423	138.867	419.535	138.867	419.535
MM_RS18750	1.27569758006429	0.605773238205064	0.0352130801678236	0.110669680527446	37.876924647953	raw_counts / DESeq2 median-of-ratios	3.245	14.049	195.564	627.718	195.564	627.718
MM_RS04525	-1.23784956217639	0.588280094738592	0.0353623997764354	0.111037935298007	1232.05332060879	raw_counts / DESeq2 median-of-ratios	5.149	4.426	322.858	194.989	322.858	194.989
MM_RS13165	-1.18757176578863	0.565997343736197	0.0358880839538102	0.112382087014017	47.7555725192399	raw_counts / DESeq2 median-of-ratios	0.552	0.419	32.523	18.385	32.523	18.385
MM_RS05850	-1.16523068818234	0.555319440681265	0.035878031615703	0.112382087014017	390.661989890476	raw_counts / DESeq2 median-of-ratios	1.835	1.195	102.958	54.063	102.958	54.063
MM_RS13250	0.901032521829189	0.429373716935646	0.03586268995773	0.112382087014017	587.560249327807	raw_counts / DESeq2 median-of-ratios	1.533	5.049	91.467	225.15	91.467	225.15
MM_RS01440	1.0410970561264	0.496313707987074	0.0359352542625553	0.112427869767089	239.204540169851	raw_counts / DESeq2 median-of-ratios	1.893	6.896	113.722	319.48	113.722	319.48
MM_RS09610	-1.42995065363229	0.681992256198761	0.03601786893698	0.112584361365003	77.1233953758026	raw_counts / DESeq2 median-of-ratios	0.652	0.5	41.059	21.735	41.059	21.735
MM_RS02735	-1.06055728163558	0.505917733122837	0.0360552472115967	0.112599298253938	1640.51525756386	raw_counts / DESeq2 median-of-ratios	5.845	5.336	357.952	235.634	357.952	235.634
MM_RS07430	1.34782759912487	0.643415327381727	0.0361886132274413	0.112913703782821	1733.68567412551	raw_counts / DESeq2 median-of-ratios	5.961	32.081	380.011	1415.055	380.011	1415.055
MM_RS04290	-1.03009593917969	0.491966745523309	0.0362749078298521	0.113080804733131	694.142134597121	raw_counts / DESeq2 median-of-ratios	2.792	2.508	168.385	109.289	168.385	109.289
MM_RS05230	1.00293606502843	0.479275684333373	0.0363841741844553	0.113319150255283	3390.67611718587	raw_counts / DESeq2 median-of-ratios	7.04	25.867	424.798	1130.505	424.798	1130.505
MM_RS12060	1.1146817575779	0.533203681695254	0.0365696333224283	0.113794156302403	366.973836473202	raw_counts / DESeq2 median-of-ratios	10.81	45.207	667.564	2025.319	667.564	2025.319
MM_RS02220	1.21100258245662	0.579692662745176	0.0367039017844457	0.114109160003128	98.6716881787739	raw_counts / DESeq2 median-of-ratios	0.305	1.05	17.204	48.374	17.204	48.374
MM_RS08105	0.965421482732743	0.462400287816467	0.0368115546313394	0.114340925986193	129.965507037414	raw_counts / DESeq2 median-of-ratios	1.287	4.334	76.214	193.757	76.214	193.757
MM_RS16185	-0.99808990739922	0.478240951768154	0.0368879377724493	0.114475235459155	179.872643643252	raw_counts / DESeq2 median-of-ratios	0.852	0.748	50.976	34.327	50.976	34.327
MM_RS08680	-1.34476289070258	0.64453459102842	0.0369415737054232	0.114538775205145	695.539245407674	raw_counts / DESeq2 median-of-ratios	1.536	1.262	97.193	54.619	97.193	54.619
MM_RS05520	1.02885212820903	0.49359160629104	0.0371219963278113	0.114994955440592	164.664600100348	raw_counts / DESeq2 median-of-ratios	0.871	2.753	49.686	124.148	49.686	124.148
MM_RS08785	-1.04580633857047	0.501824374042399	0.0371593800407974	0.115007615287557	188.482893149461	raw_counts / DESeq2 median-of-ratios	0.85	0.643	48.516	28.374	48.516	28.374
MM_RS04170	1.04077506292461	0.499827076988112	0.0373177898134986	0.115361903369967	162.87976950968	raw_counts / DESeq2 median-of-ratios	1.646	5.22	93.742	235.81	93.742	235.81
MM_RS11720	1.01631726560919	0.488140031218145	0.0373406508302325	0.115361903369967	133.565782648275	raw_counts / DESeq2 median-of-ratios	0.494	1.784	29.722	80.694	29.722	80.694
MM_RS11540	1.07661048279425	0.517347422683845	0.0374320490619089	0.115540927131218	480.234179874386	raw_counts / DESeq2 median-of-ratios	0.945	3.815	58.143	170.973	58.143	170.973
MM_RS04090	-1.17036983201372	0.562723422231809	0.0375410017399076	0.115743457235476	1818.92065151482	raw_counts / DESeq2 median-of-ratios	9.075	7.886	560.009	341.265	560.009	341.265
MM_RS07295	-0.983169992413659	0.472774855757039	0.0375646831386708	0.115743457235476	224.065172335273	raw_counts / DESeq2 median-of-ratios	1.212	1.003	70.808	46.512	70.808	46.512
MM_RS06905	-1.12008516375147	0.539052241229621	0.0377205339177614	0.116120075001736	72.9071013108687	raw_counts / DESeq2 median-of-ratios	0.302	0.252	18.163	11.149	18.163	11.149
MM_RS13660	0.941085374836185	0.453223965734397	0.0378547014605415	0.116429331117284	219.223716167297	raw_counts / DESeq2 median-of-ratios	0.794	2.432	45.762	109.381	45.762	109.381
MM_RS13575	-0.834221710037665	0.402312064744365	0.0381193834781129	0.117139101898044	1766.32006597254	raw_counts / DESeq2 median-of-ratios	13.646	13.062	804.588	582.716	804.588	582.716
MM_RS06350	-1.03994118969006	0.501741482652525	0.0382036194938964	0.117293601539483	1009.57899536652	raw_counts / DESeq2 median-of-ratios	3.73	3.389	226.545	148.032	226.545	148.032
MM_RS15725	-1.08086250540628	0.522748368536836	0.038672615323515	0.118522815729743	420.353077395486	raw_counts / DESeq2 median-of-ratios	2.309	2.093	142.146	94.022	142.146	94.022
MM_RS06820	-0.896034027683738	0.433300182826517	0.0386466969525751	0.118522815729743	252.849991614092	raw_counts / DESeq2 median-of-ratios	3.017	2.786	178.672	125.971	178.672	125.971
MM_RS07230	-1.20257614427177	0.582862389755394	0.0390912738428168	0.11969969845132	133.967335284304	raw_counts / DESeq2 median-of-ratios	1.961	1.671	121.807	74.874	121.807	74.874
MM_RS15085	0.94915174406654	0.460137008726352	0.0391355336813094	0.11972908178498	146.334601126193	raw_counts / DESeq2 median-of-ratios	0.512	1.625	29.742	72.322	29.742	72.322
MM_RS05735	-1.11903345867252	0.542861594591401	0.0392686584400673	0.120030040930967	570.854395692029	raw_counts / DESeq2 median-of-ratios	6.132	5.272	375.48	245.813	375.48	245.813
MM_RS02910	1.31854961522195	0.639857086061618	0.0393322488146813	0.12011811441725	37.7856307627503	raw_counts / DESeq2 median-of-ratios	0.768	3.376	46.426	156.893	46.426	156.893
MM_RS13990	1.42902489350292	0.694293841603796	0.0395668882199751	0.120727943384977	28.113064095312	raw_counts / DESeq2 median-of-ratios	0.1	0.41	5.672	18.82	5.672	18.82
MM_RS09855	1.06404216725974	0.517345644145849	0.0397118586135212	0.121063335967434	147.666008933368	raw_counts / DESeq2 median-of-ratios	3.725	12.562	216.697	587.541	216.697	587.541
MM_RS16270	-1.26394847703132	0.614666268811578	0.0397520053379124	0.121078859292019	151.903891568921	raw_counts / DESeq2 median-of-ratios	5.476	4.14	326.814	173.807	326.814	173.807
MM_RS07610	0.980960222609498	0.477192832453778	0.0398124693181572	0.121156184162921	151.499012435123	raw_counts / DESeq2 median-of-ratios	1.456	4.743	85.272	218.806	85.272	218.806
MM_RS01645	-1.04771701373581	0.509886860189159	0.0398980432094259	0.121309719406124	1628.10945174643	raw_counts / DESeq2 median-of-ratios	6.505	6.007	398.72	265.005	398.72	265.005
MM_RS08240	1.40516013099374	0.684944875142889	0.040218887586797	0.122177693689355	1182.80892806019	raw_counts / DESeq2 median-of-ratios	4.914	28.286	316.965	1253.9	316.965	1253.9
MM_RS09810	1.60524800610209	0.782731029246973	0.0402835386168111	0.122266557453836	19.9732967913769	raw_counts / DESeq2 median-of-ratios	0.037	0.167	2.055	7.694	2.055	7.694
MM_RS19330	1.31781102857163	0.643062138036603	0.040435252251431	0.122619281190907	69.5540578279338	raw_counts / DESeq2 median-of-ratios	0.643	2.402	35.974	104.421	35.974	104.421
MM_RS12185	1.1325727049631	0.552780740701585	0.0404753896981903	0.122633329839955	4841.57350003953	raw_counts / DESeq2 median-of-ratios	18.597	59.387	1041.318	2653.344	1041.318	2653.344
MM_RS08580	1.24739142459124	0.60895538183537	0.0405196606961139	0.122659866822417	34.3138839954405	raw_counts / DESeq2 median-of-ratios	0.057	0.221	3.32	10.044	3.32	10.044
MM_RS00270	-0.97146237961616	0.474515915762761	0.0406315443791747	0.122890853139816	1425.56219848713	raw_counts / DESeq2 median-of-ratios	3.825	3.546	231.418	162.933	231.418	162.933
MM_RS03480	0.867594495343821	0.42385892952949	0.0406684480140921	0.122894855153696	300.043305495828	raw_counts / DESeq2 median-of-ratios	2.113	6.424	123.559	286.912	123.559	286.912
MM_RS11645	0.903723606419519	0.441726975293672	0.0407674606720407	0.12308637164443	352.03137576409	raw_counts / DESeq2 median-of-ratios	6.356	20.013	372.285	880.53	372.285	880.53
MM_RS14080	0.904981763370412	0.442526081981634	0.0408513102241461	0.123231812676158	188.100649478002	raw_counts / DESeq2 median-of-ratios	0.645	2.061	38.123	93.337	38.123	93.337
MM_RS13930	3.82217985287551	1.86985650500551	0.0409433431990647	0.123294077950802	3.52886062205544	raw_counts / DESeq2 median-of-ratios	0.002	0.038	0.089	1.761	0.089	1.761
MM_RS04690	0.887948122358595	0.434366435196595	0.0409300977785818	0.123294077950802	681.982475134329	raw_counts / DESeq2 median-of-ratios	0.675	2.161	39.938	95.125	39.938	95.125
MM_RS19530	1.08003172528241	0.528560915637195	0.0410184062394457	0.123412521908576	516.773686863363	raw_counts / DESeq2 median-of-ratios	3.128	12.739	193.097	575.715	193.097	575.715
MM_RS06765	0.873397270229163	0.42789916005629	0.041238033127868	0.123965331961406	440.7799002354	raw_counts / DESeq2 median-of-ratios	1.939	5.763	112.298	256.936	112.298	256.936
MM_RS07065	0.865693664581876	0.42458606295242	0.0414588002831522	0.124520605372181	2476.29687764025	raw_counts / DESeq2 median-of-ratios	8.343	24.878	484.418	1097.631	484.418	1097.631
MM_RS10365	-1.27383938933757	0.625679823623447	0.0417575347665132	0.125200108579459	811.488894369597	raw_counts / DESeq2 median-of-ratios	2.29	1.974	145.233	87.552	145.233	87.552
MM_RS15140	0.901966055477265	0.442987504768582	0.0417404967304921	0.125200108579459	587.556858063157	raw_counts / DESeq2 median-of-ratios	1.548	4.712	90.192	217.272	90.192	217.272
MM_RS08200	-0.939039653873053	0.461420754800854	0.0418403158347449	0.12533950641215	288.376078324188	raw_counts / DESeq2 median-of-ratios	0.76	0.714	45.658	31.707	45.658	31.707
MM_RS07570	1.44403229301789	0.709861496481925	0.0419268862739012	0.125490004497448	26.5684825577568	raw_counts / DESeq2 median-of-ratios	0.052	0.215	2.916	9.597	2.916	9.597
MM_RS07660	1.03895318053047	0.510835541273842	0.0419686336951929	0.125506199812291	190.692190840752	raw_counts / DESeq2 median-of-ratios	0.721	2.604	42.803	112.512	42.803	112.512
MM_RS05770	-1.35995059084435	0.670026679976274	0.0423874317496746	0.126539489423834	6522.81138971074	raw_counts / DESeq2 median-of-ratios	41.586	34.865	2675.789	1571.458	2675.789	1571.458
MM_RS04815	-1.33387896457551	0.657090592571036	0.042358850206962	0.126539489423834	5006.41792715208	raw_counts / DESeq2 median-of-ratios	618.013	521.394	39613.143	23661.988	39613.143	23661.988
MM_RS16650	-0.906585212220475	0.447566459427518	0.042807030790572	0.127681765415057	235.920609751714	raw_counts / DESeq2 median-of-ratios	0.501	0.442	29.158	19.523	29.158	19.523
MM_RS02010	-0.965016796062655	0.476621639349152	0.0428979710691647	0.127842616111212	505.579832977089	raw_counts / DESeq2 median-of-ratios	2.905	2.719	175.075	119.449	175.075	119.449
MM_RS07890	-1.1323587788579	0.559576545732296	0.043011383766286	0.128050732819423	1762.27887639656	raw_counts / DESeq2 median-of-ratios	8.957	7.914	550.552	341.308	550.552	341.308
MM_RS02455	0.957183294194198	0.473079637305354	0.0430419515933267	0.128050732819423	228.042264177977	raw_counts / DESeq2 median-of-ratios	2.028	6.182	116.525	282.805	116.525	282.805
MM_RS10070	-0.947809587245679	0.468550802873766	0.0430882636520861	0.12807819505534	251.518315672748	raw_counts / DESeq2 median-of-ratios	2.18	1.968	129.038	86.011	129.038	86.011
MM_RS12105	-1.62635439372704	0.804475818682248	0.0432143405116339	0.128338301013071	15040.8830136842	raw_counts / DESeq2 median-of-ratios	882.812	656.43	58528.176	30436.29	58528.176	30436.29
MM_RS06725	-1.06706922198808	0.527915784375289	0.04325008175426	0.128338301013071	2158.33303833886	raw_counts / DESeq2 median-of-ratios	7.082	6.451	433.342	280.546	433.342	280.546
MM_RS08780	-1.37832273575344	0.683009783357912	0.0435898900810645	0.129124768730701	204.871313994232	raw_counts / DESeq2 median-of-ratios	6.768	4.996	421.272	240.428	421.272	240.428
MM_RS09350	-1.02662089266502	0.50872468095076	0.0435882957126333	0.129124768730701	1655.82776288939	raw_counts / DESeq2 median-of-ratios	7.363	6.886	450.947	303.469	450.947	303.469
MM_RS03525	-0.911463746706192	0.451787545602807	0.0436474285926977	0.129184420187813	2087.63254541591	raw_counts / DESeq2 median-of-ratios	8.395	8.145	507.426	366.98	507.426	366.98
MM_RS02090	-1.0199046465559	0.505633213854831	0.0436867519698258	0.129190103855975	675.565379401595	raw_counts / DESeq2 median-of-ratios	12.851	10.814	762.63	508.934	762.63	508.934
MM_RS02565	1.27462396539698	0.632216051024256	0.0437873397747256	0.129376793483235	97.8174301578517	raw_counts / DESeq2 median-of-ratios	0.721	2.928	42.753	140.766	42.753	140.766
MM_RS01035	1.12989741165262	0.560586745407722	0.0438457836731307	0.129438749407687	68.6500201007589	raw_counts / DESeq2 median-of-ratios	0.995	3.345	56.554	152.479	56.554	152.479
MM_RS18715	-1.42403769762696	0.707224425854214	0.0440559156145158	0.129800409129623	82.4485676071293	raw_counts / DESeq2 median-of-ratios	0.643	0.332	35.604	15.434	35.604	15.434
MM_RS15945	-1.30545554637234	0.648263543352738	0.0440333836967476	0.129800409129623	85.1781224214348	raw_counts / DESeq2 median-of-ratios	0.564	0.454	35.389	20.773	35.389	20.773
MM_RS02695	0.995052815307783	0.494234932306824	0.0440810306627237	0.129800409129623	366.628149868434	raw_counts / DESeq2 median-of-ratios	1.635	6.069	99.429	268.301	99.429	268.301
MM_RS05325	1.25732502137848	0.624640006454244	0.0441273148546278	0.129826018320174	128.506285681314	raw_counts / DESeq2 median-of-ratios	0.352	1.202	19.564	54.586	19.564	54.586
MM_RS02890	1.19951507360497	0.597053367332044	0.0445309423484357	0.130902021167231	77.7496267483883	raw_counts / DESeq2 median-of-ratios	0.979	3.576	55.818	153.812	55.818	153.812
MM_RS03760	0.904872752282027	0.450696237082938	0.0446728410480999	0.131207477023926	294.864562684261	raw_counts / DESeq2 median-of-ratios	0.718	2.396	43.055	107.731	43.055	107.731
MM_RS03030	-3.62948669509356	1.81009565910473	0.0449485850290906	0.131905193449855	1012.94215026758	raw_counts / DESeq2 median-of-ratios	12.096	1.193	649.67	59.322	649.67	59.322
MM_RS07290	-1.14332131681921	0.570420424816908	0.0450327430354266	0.132039978305911	277.157364263226	raw_counts / DESeq2 median-of-ratios	5.214	3.437	292.842	158.503	292.842	158.503
MM_RS15730	-0.98059022006063	0.489475430908265	0.0451398184649538	0.132241673433376	434.166865218601	raw_counts / DESeq2 median-of-ratios	3.822	3.604	232.862	162.932	232.862	162.932
MM_RS12445	0.938348071089016	0.46853141662844	0.0452048679302109	0.132320011721143	381.725279374747	raw_counts / DESeq2 median-of-ratios	2.584	7.879	148.458	346.759	148.458	346.759
MM_RS09985	0.958024130499191	0.478762028221406	0.0453875929099058	0.132406035397647	122.827096130376	raw_counts / DESeq2 median-of-ratios	1.35	4.369	78.731	192.609	78.731	192.609
MM_RS05105	-0.933896257141739	0.466567325491442	0.0453242859282737	0.132406035397647	711.836697040823	raw_counts / DESeq2 median-of-ratios	4.576	4.261	273.02	185.901	273.02	185.901
MM_RS07015	-0.892884020714204	0.446090228655389	0.0453302256297282	0.132406035397647	898.905167199695	raw_counts / DESeq2 median-of-ratios	4.748	4.626	285.866	206.935	285.866	206.935
MM_RS11240	-0.788772601537794	0.394134581711773	0.0453625118965404	0.132406035397647	4100.38415653332	raw_counts / DESeq2 median-of-ratios	20.145	19.513	1180.507	874.421	1180.507	874.421
MM_RS08775	-1.16399151052111	0.583977942054267	0.046238299739986	0.134660275971258	301.357736372772	raw_counts / DESeq2 median-of-ratios	1.501	1.311	93.481	60.414	93.481	60.414
MM_RS05955	-0.98885032192966	0.496101469687036	0.0462349460723813	0.134660275971258	473.31058232583	raw_counts / DESeq2 median-of-ratios	1.56	1.429	93.723	62.074	93.723	62.074
MM_RS17195	0.981218083825259	0.492399708839197	0.0462913738080214	0.134701268014242	178.135732028312	raw_counts / DESeq2 median-of-ratios	0.781	2.422	44.64	107.164	44.64	107.164
MM_RS02700	9.53420213090118	4.78557956980999	0.0463406274802477	0.13473108359998	68.5749818877373	raw_counts / DESeq2 median-of-ratios	0	0.576	0	29.876	0	29.876
MM_RS09060	0.836169995359741	0.419784515576477	0.0463817123614905	0.1347371190047	1102.22775454734	raw_counts / DESeq2 median-of-ratios	5.271	15.783	308.566	696.717	308.566	696.717
MM_RS03185	-1.15509100150873	0.580509646271339	0.0466143179015411	0.135299037001616	47.215678726013	raw_counts / DESeq2 median-of-ratios	0.618	0.433	35.403	19.687	35.403	19.687
MM_RS16455	1.07924385265191	0.543051918753067	0.0468816623303247	0.135960757085593	77.0591408131414	raw_counts / DESeq2 median-of-ratios	0.28	0.939	16.147	43.488	16.147	43.488
MM_RS01890	0.935196626275559	0.470745993817742	0.0469637645877681	0.136084599736704	166.490872335349	raw_counts / DESeq2 median-of-ratios	0.315	1.072	18.93	48.453	18.93	48.453
MM_RS05100	-1.05503876730902	0.533059607322974	0.0477919744087881	0.138245704855754	244.006585863688	raw_counts / DESeq2 median-of-ratios	3.321	3.066	204.432	137.991	204.432	137.991
MM_RS00440	-1.04964355027108	0.530298070185492	0.0477770243138084	0.138245704855754	1844.60190519405	raw_counts / DESeq2 median-of-ratios	6.053	5.697	374.594	255.674	374.594	255.674
MM_RS13155	-0.827473889138396	0.418152886444678	0.0478296517957807	0.138245704855754	408.804042608849	raw_counts / DESeq2 median-of-ratios	3.494	3.302	204.688	147.044	204.688	147.044
MM_RS19285	1.11700594112168	0.564693786147314	0.0479203901925073	0.138392163649599	351.968039365244	raw_counts / DESeq2 median-of-ratios	1.163	4.847	71.987	224.369	71.987	224.369
MM_RS14020	-1.28892715874089	0.653311396189645	0.048505368477615	0.13951303839812	667.283745245926	raw_counts / DESeq2 median-of-ratios	16.427	14.162	1049.75	644.116	1049.75	644.116
MM_RS06875	1.04299736632695	0.528763627682504	0.0485501599891438	0.13951303839812	2021.31239843877	raw_counts / DESeq2 median-of-ratios	2.604	9.325	155.557	441.412	155.557	441.412
MM_RS00750	-0.980455200325004	0.497058458332834	0.0485508604963928	0.13951303839812	137.005511032538	raw_counts / DESeq2 median-of-ratios	0.8	0.721	47.666	31.523	47.666	31.523
MM_RS05565	-0.873031625600937	0.442515581813939	0.0485088534568378	0.13951303839812	603.60535244803	raw_counts / DESeq2 median-of-ratios	13.227	12.755	791.647	581.812	791.647	581.812
MM_RS04055	0.85789555530384	0.43479704636154	0.0484848244294111	0.13951303839812	383.664976714415	raw_counts / DESeq2 median-of-ratios	3.619	10.491	208.938	473.861	208.938	473.861
MM_RS08415	-0.790350566670639	0.400664411087946	0.0485411674288951	0.13951303839812	2401.23524706008	raw_counts / DESeq2 median-of-ratios	17.654	17.445	1043.063	788.826	1043.063	788.826
MM_RS01220	-0.989656204445267	0.502456807925412	0.0488802882275714	0.140342905684149	216.884168326264	raw_counts / DESeq2 median-of-ratios	0.776	0.605	44.159	26.801	44.159	26.801
MM_RS03175	1.14872835158959	0.584301013175645	0.0493000815416601	0.141430632595427	39.1476344532968	raw_counts / DESeq2 median-of-ratios	2.415	8.887	140.583	394.807	140.583	394.807
MM_RS16850	1.9655497774654	1.00071668795191	0.0495136150723708	0.1419253331618	10.6018465452967	raw_counts / DESeq2 median-of-ratios	0.042	0.312	2.685	14.13	2.685	14.13
MM_RS09600	-1.16479806787646	0.593589229549763	0.0497279744077444	0.142303582107994	202.337451764189	raw_counts / DESeq2 median-of-ratios	2.102	1.698	125.535	71.591	125.535	71.591
MM_RS13135	-1.11500010064473	0.568159922509757	0.0497071149372938	0.142303582107994	405.656978789892	raw_counts / DESeq2 median-of-ratios	5.057	3.396	284.004	157.033	284.004	157.033
MM_RS14525	0.938763130148222	0.478979576560547	0.0500047807484215	0.142977245616761	377.863329362102	raw_counts / DESeq2 median-of-ratios	2.532	8.962	153.762	401.881	153.762	401.881
MM_RS16195	1.24162519878356	0.63453801028383	0.0503781756514582	0.143925739206068	196.62289519731	raw_counts / DESeq2 median-of-ratios	8.989	31.664	503.479	1353.951	503.479	1353.951
MM_RS11180	-1.35453590459475	0.692421054460685	0.0504378848461612	0.143977234924496	322196.042982115	raw_counts / DESeq2 median-of-ratios	426858.955	364769.382	27630849.703	16426628.394	27630849.703	16426628.394
MM_RS12100	1.02065216587239	0.521877547889953	0.0504968356939592	0.144026482648171	75.8541241257643	raw_counts / DESeq2 median-of-ratios	1.043	3.698	62.416	169.017	62.416	169.017
MM_RS07090	1.04320551110712	0.533540460199536	0.0505534532357146	0.144068999567787	5445.89922629815	raw_counts / DESeq2 median-of-ratios	5.44	21.533	333.679	936.386	333.679	936.386
MM_RS10545	-0.795976112982576	0.407238513401105	0.0506338649176645	0.144179199856235	1078.1216052042	raw_counts / DESeq2 median-of-ratios	8.568	8.106	498.708	362.182	498.708	362.182
MM_RS07930	0.879212735131794	0.449984410206882	0.0507161475245513	0.144294541639045	184.745045350515	raw_counts / DESeq2 median-of-ratios	1.108	3.535	65.914	159.882	65.914	159.882
MM_RS07780	0.902783671400179	0.4621851977064	0.0507847429891729	0.144370783773336	231.175208969416	raw_counts / DESeq2 median-of-ratios	0.999	3.325	59.778	147.214	59.778	147.214
MM_RS08925	-1.27447713328129	0.652988123634941	0.0509665174220957	0.144412101046693	61.9966085961694	raw_counts / DESeq2 median-of-ratios	1.113	0.663	62.219	30.395	62.219	30.395
MM_RS15845	1.08208848420224	0.554370372801212	0.0509473036588419	0.144412101046693	64.023093852881	raw_counts / DESeq2 median-of-ratios	1.098	3.972	64.471	172.698	64.471	172.698
MM_RS00980	-0.989107828444352	0.506712029199984	0.050936811111165	0.144412101046693	209.10669876503	raw_counts / DESeq2 median-of-ratios	1.126	1.054	68.277	46.43	68.277	46.43
MM_RS04335	0.937804023701717	0.480322494303587	0.0508852043360884	0.144412101046693	374.274404836014	raw_counts / DESeq2 median-of-ratios	4.772	14.743	275.131	642.77	275.131	642.77
MM_RS07245	-0.9105912099891	0.466734657252347	0.0510591118840893	0.144555879055446	723.577226907428	raw_counts / DESeq2 median-of-ratios	20.438	19.661	1233.973	899.495	1233.973	899.495
MM_RS17275	0.976537614216756	0.50076728148264	0.0511662624282999	0.144740598220596	129.017298111739	raw_counts / DESeq2 median-of-ratios	0.839	3.006	50.787	134.941	50.787	134.941
MM_RS17410	-1.06182665139113	0.545444103433353	0.0515683770887632	0.145758735241071	97.1699021960894	raw_counts / DESeq2 median-of-ratios	0.759	0.621	44.424	26.667	44.424	26.667
MM_RS15645	-0.931059200067959	0.478517804922065	0.05168900157565	0.145940353183439	304.346010465841	raw_counts / DESeq2 median-of-ratios	477.831	460.241	28956.231	20684.347	28956.231	20684.347
MM_RS05790	-0.800510241935866	0.411471672410453	0.0517171373180454	0.145940353183439	920.382980332315	raw_counts / DESeq2 median-of-ratios	36.789	35.626	2158.779	1580.79	2158.779	1580.79
MM_RS09905	1.49692544080179	0.769591119431643	0.0517639204736913	0.145953127605004	137.50428377604	raw_counts / DESeq2 median-of-ratios	0.15	0.684	8.808	33.989	8.808	33.989
MM_RS13405	3.20209567929196	1.64858581712853	0.0520973110384644	0.146653718277796	4.44035552320488	raw_counts / DESeq2 median-of-ratios	0.144	2.058	7.694	87.228	7.694	87.228
MM_RS19545	1.62970580390777	0.838896647465613	0.0520551130867844	0.146653718277796	15.172241885085	raw_counts / DESeq2 median-of-ratios	1.675	8.238	98.068	388.05	98.068	388.05
MM_RS04310	1.51648044480739	0.781928619839686	0.0524513933391248	0.147530221981545	1653.21372999455	raw_counts / DESeq2 median-of-ratios	2.532	16.708	167.03	731.843	167.03	731.843
MM_RS02355	0.875328136615435	0.45195089731665	0.0527725995046135	0.148312903733877	1711.44789957272	raw_counts / DESeq2 median-of-ratios	5.919	19.799	357.242	881.413	357.242	881.413
MM_RS14780	-0.933363644188145	0.482262912936286	0.0529432627720861	0.148550795787803	284.012583241087	raw_counts / DESeq2 median-of-ratios	2.705	2.558	163.357	117.037	163.357	117.037
MM_RS17520	-0.842578781102642	0.435311599571377	0.0529196249941458	0.148550795787803	275.650157598768	raw_counts / DESeq2 median-of-ratios	1.466	1.324	85.055	60.067	85.055	60.067
MM_RS04160	0.997886066990026	0.515726320578217	0.0530008524978326	0.148591675752852	105.694914880395	raw_counts / DESeq2 median-of-ratios	0.319	1.101	18.832	47.869	18.832	47.869
MM_RS00175	1.09232298118694	0.56472804213756	0.0530828837437333	0.148631689371277	73.2154433459116	raw_counts / DESeq2 median-of-ratios	2.225	8.677	134.309	377.643	134.309	377.643
MM_RS09235	0.945890611342368	0.48906055607095	0.053101188385685	0.148631689371277	139.892128553501	raw_counts / DESeq2 median-of-ratios	0.68	2.364	40.951	105.176	40.951	105.176
MM_RS17000	-0.884759005208122	0.45755020106134	0.0531515883238269	0.148652296413359	136.229399456809	raw_counts / DESeq2 median-of-ratios	0.526	0.467	30.632	21.133	30.632	21.133
MM_RS09750	-0.879596353349424	0.454985469005579	0.0532065729370849	0.148685681977906	329.421813403806	raw_counts / DESeq2 median-of-ratios	1.526	1.492	91.71	66.813	91.71	66.813
MM_RS04915	-1.21134872635762	0.627353614424716	0.0534970700125429	0.149376620714085	1922.54211502981	raw_counts / DESeq2 median-of-ratios	20.344	12.485	1136.891	590.337	1136.891	590.337
MM_RS18880	-1.27305802130596	0.659794215171983	0.053671624129218	0.149742964250662	115.684367315171	raw_counts / DESeq2 median-of-ratios	26.134	22.403	1656.888	998.96	1656.888	998.96
MM_RS09240	3.77014327757901	1.95435240001093	0.0537183180073624	0.149752276349822	3.33695149920994	raw_counts / DESeq2 median-of-ratios	0.02	0.417	1.051	20.292	1.051	20.292
MM_RS08400	9.22664791878366	4.78577996707481	0.0538638558053291	0.149928079382576	55.4421256945694	raw_counts / DESeq2 median-of-ratios	0	0.588	0	22.739	0	22.739
MM_RS08370	-1.50949279806257	0.782974614899373	0.0538681952848226	0.149928079382576	5046.41357209553	raw_counts / DESeq2 median-of-ratios	562.509	453.074	37192.009	20635.736	37192.009	20635.736
MM_RS18420	1.05831428215611	0.549202740890511	0.0539794936805737	0.150116885002175	56.2103933295376	raw_counts / DESeq2 median-of-ratios	4.791	16.531	281.225	762.136	281.225	762.136
MM_RS15305	1.26176069147585	0.654978778771659	0.0540526240725526	0.150199327068863	49.1298460534478	raw_counts / DESeq2 median-of-ratios	0.054	0.242	3.281	10.426	3.281	10.426
MM_RS05540	-1.17091003393635	0.609012526304631	0.0545256502935919	0.15139195829105	559.260495435918	raw_counts / DESeq2 median-of-ratios	1.803	1.627	112.887	70.621	112.887	70.621
MM_RS14465	-1.00551177793339	0.523131644645918	0.0545930693684818	0.151457398874487	961.680194645707	raw_counts / DESeq2 median-of-ratios	6.309	4.678	355.55	208.575	355.55	208.575
MM_RS14050	-0.846173246593482	0.440473627579413	0.0547250080737385	0.151668965854748	211.682393999222	raw_counts / DESeq2 median-of-ratios	3.022	2.86	178.51	130.011	178.51	130.011
MM_RS03610	-0.799111868735079	0.416031138153404	0.0547571512509758	0.151668965854748	437.440066761162	raw_counts / DESeq2 median-of-ratios	6.238	5.993	366.005	272.034	366.005	272.034
MM_RS06060	-0.864077871200363	0.450012628374719	0.0548428493163806	0.151784616617611	381.170064153483	raw_counts / DESeq2 median-of-ratios	2.249	2.162	134.233	99.006	134.233	99.006
MM_RS01525	-1.18607203881289	0.618234255869871	0.0550497692537045	0.152235310650357	74.2667249997919	raw_counts / DESeq2 median-of-ratios	0.874	0.563	49	25.424	49	25.424
MM_RS11235	1.43499508358591	0.748148948550046	0.0551033170035239	0.152261485544137	39.368467405439	raw_counts / DESeq2 median-of-ratios	0.867	3.404	47.682	149.685	47.682	149.685
MM_RS16075	0.987301531907413	0.515267328514803	0.0553529107548504	0.1528288998779	118.404296741499	raw_counts / DESeq2 median-of-ratios	0.609	1.86	34.685	84.589	34.685	84.589
MM_RS01675	-1.00335856429856	0.523755534874795	0.0554032714973414	0.152845766574934	203.426039429353	raw_counts / DESeq2 median-of-ratios	1.521	1.141	86.166	52.085	86.166	52.085
MM_RS08885	-0.917772806385881	0.479371635839282	0.0555520893258688	0.153134011597407	385.877324723787	raw_counts / DESeq2 median-of-ratios	0.88	0.825	52.382	35.887	52.382	35.887
MM_RS03085	-0.887049635661306	0.463606509579971	0.0557010199158593	0.153422107487542	1291.88572377575	raw_counts / DESeq2 median-of-ratios	19.708	19.619	1195.098	883.002	1195.098	883.002
MM_RS02160	2.71715438926164	1.42076000930657	0.0558165237800001	0.153617747518821	6.87178932862466	raw_counts / DESeq2 median-of-ratios	0.036	0.47	2.538	22.04	2.538	22.04
MM_RS09435	1.01092309573515	0.528824762161531	0.0559222570410112	0.153786206862781	1064.84693967651	raw_counts / DESeq2 median-of-ratios	4.279	12.714	240.762	575.75	240.762	575.75
MM_RS18495	1.79095547006461	0.9399780042007	0.0567389600223117	0.155098895068121	11.6346850232858	raw_counts / DESeq2 median-of-ratios	0.28	1.585	16.542	75.11	16.542	75.11
MM_RS02810	1.19052310568643	0.624524009255901	0.0566127503872689	0.155098895068121	45.2118853892434	raw_counts / DESeq2 median-of-ratios	0.56	1.973	31.668	86.795	31.668	86.795
MM_RS12405	1.1611382904401	0.609358793207218	0.0567140184249025	0.155098895068121	34.1477999699346	raw_counts / DESeq2 median-of-ratios	0.333	1.201	19.269	54.5	19.269	54.5
MM_RS06690	0.971403151678992	0.509879173865367	0.0567588313161856	0.155098895068121	88.6108922954612	raw_counts / DESeq2 median-of-ratios	1.834	5.746	106.003	263.606	106.003	263.606
MM_RS08850	0.954894607187199	0.500862694358996	0.0565853966370653	0.155098895068121	684.245278058111	raw_counts / DESeq2 median-of-ratios	2.864	9.957	172.836	463.585	172.836	463.585
MM_RS06320	0.952977798557363	0.500019236277257	0.0566654814806091	0.155098895068121	5149.16152101418	raw_counts / DESeq2 median-of-ratios	89.171	328.265	5460.897	14538.977	5460.897	14538.977
MM_RS14765	0.951735627184339	0.499129174531604	0.0565474991111032	0.155098895068121	141.733086094959	raw_counts / DESeq2 median-of-ratios	0.33	0.995	18.815	44.434	18.815	44.434
MM_RS07750	-0.910583566285407	0.477386502976589	0.0564643235156359	0.155098895068121	23074.7553305214	raw_counts / DESeq2 median-of-ratios	35728.387	35356.404	2176535.838	1606780.635	2176535.838	1606780.635
MM_RS16140	-0.825295878236663	0.433453647998605	0.0569101443871394	0.155389437717928	857.933163960268	raw_counts / DESeq2 median-of-ratios	2.039	2.024	121.37	89.404	121.37	89.404
MM_RS07280	-0.953944535876443	0.502335764872804	0.0575621417344238	0.156944783538821	837.540943641797	raw_counts / DESeq2 median-of-ratios	3.715	3.598	226.069	157.644	226.069	157.644
MM_RS14900	0.912363312145337	0.480455970851559	0.0575706545291505	0.156944783538821	104.186657744397	raw_counts / DESeq2 median-of-ratios	2.185	6.975	129.079	318.067	129.079	318.067
MM_RS09285	1.12819358391828	0.59531228021028	0.0580753095783738	0.157946550617089	1018.16567718264	raw_counts / DESeq2 median-of-ratios	2.173	9.532	136.469	438.344	136.469	438.344
MM_RS13685	0.899978394806843	0.474849125747885	0.0580535474349554	0.157946550617089	163.258645927969	raw_counts / DESeq2 median-of-ratios	1.065	3.174	61.599	145.717	61.599	145.717
MM_RS04795	-0.818858828080279	0.431940670126034	0.0579908736691423	0.157946550617089	242.520624142068	raw_counts / DESeq2 median-of-ratios	0.784	0.729	45.608	32.774	45.608	32.774
MM_RS00480	-1.06942193521988	0.564641781669386	0.0582272664640066	0.15823523081564	964.924987297398	raw_counts / DESeq2 median-of-ratios	7.409	6.892	460.516	317.77	460.516	317.77
MM_RS00110	1.14601223204687	0.605684777310442	0.0584785238105959	0.158668359184445	33.1068436865803	raw_counts / DESeq2 median-of-ratios	0.084	0.317	4.972	14.183	4.972	14.183
MM_RS13190	-1.07362909684038	0.567331654259008	0.05843520112558	0.158668359184445	263.320334131366	raw_counts / DESeq2 median-of-ratios	2.268	1.729	130.093	73.538	130.093	73.538
MM_RS06800	-0.841388387865037	0.444995858557314	0.0586539826114168	0.159019510156855	606.176373090147	raw_counts / DESeq2 median-of-ratios	3.2	3.101	190.513	142.512	190.513	142.512
MM_RS16280	-1.17090414626463	0.619642754875439	0.0588056029243933	0.159305531373219	83.777424849492	raw_counts / DESeq2 median-of-ratios	4.255	2.753	239.486	128.372	239.486	128.372
MM_RS15045	0.972276464560891	0.515276145067517	0.0591732793976921	0.160175945955822	150.634200146295	raw_counts / DESeq2 median-of-ratios	0.576	2.072	34.789	90.788	34.789	90.788
MM_RS15560	1.02105676921445	0.541622123370334	0.0594051476898639	0.160551940626596	289.105619282577	raw_counts / DESeq2 median-of-ratios	3.883	11.676	218.374	524.076	218.374	524.076
MM_RS18365	0.885493105595174	0.469635083377674	0.0593634685175324	0.160551940626596	963.944319353162	raw_counts / DESeq2 median-of-ratios	103.728	346.025	6261.762	15891.091	6261.762	15891.091
MM_RS16895	2.45044797231472	1.3001555285545	0.0594656928365622	0.160589916385837	6.53814959636883	raw_counts / DESeq2 median-of-ratios	0.019	0.151	1.032	6.907	1.032	6.907
MM_RS02765	1.16163006558588	0.616611075807374	0.0595792799877479	0.160770963341938	50.4077804172913	raw_counts / DESeq2 median-of-ratios	1.139	4.39	66.843	188.026	66.843	188.026
MM_RS17440	1.44625929078453	0.767972325808205	0.0596708336004939	0.160785809891476	22.9107645831727	raw_counts / DESeq2 median-of-ratios	0.085	0.395	4.948	16.757	4.948	16.757
MM_RS06295	1.16252248663845	0.6173234451576	0.0596778831154814	0.160785809891476	34.3832542797429	raw_counts / DESeq2 median-of-ratios	0.265	0.973	15.307	42.878	15.307	42.878
MM_RS10285	0.854850760486138	0.454049408965031	0.0597374703286676	0.160820906091362	295.917304276921	raw_counts / DESeq2 median-of-ratios	2.731	7.787	156.847	350.81	156.847	350.81
MM_RS06455	-0.973874726539798	0.517999220443356	0.0600985562971973	0.161478257768067	322.596566989934	raw_counts / DESeq2 median-of-ratios	1.567	1.508	95.619	66.199	95.619	66.199
MM_RS12670	-0.839773325696068	0.446712033737065	0.0601218990995176	0.161478257768067	232.839426121972	raw_counts / DESeq2 median-of-ratios	2.417	2.171	139.603	97.273	139.603	97.273
MM_RS10540	-0.794725057845071	0.422625949857439	0.0600473899222417	0.161478257768067	572.782104954545	raw_counts / DESeq2 median-of-ratios	2.339	2.36	139.169	105.622	139.169	105.622
MM_RS10195	0.809570668933086	0.431010202812229	0.0603388026907231	0.161934906366556	270.028974440558	raw_counts / DESeq2 median-of-ratios	1.304	3.723	75.732	167.726	75.732	167.726
MM_RS18415	1.13979544934257	0.60729877865237	0.0605416495882021	0.162092410108265	36.5098424080319	raw_counts / DESeq2 median-of-ratios	2.59	9.879	153.075	433.591	153.075	433.591
MM_RS14825	-1.11970885452402	0.596697337156397	0.0605852059785091	0.162092410108265	51.9275835198149	raw_counts / DESeq2 median-of-ratios	0.191	0.162	11.663	7.331	11.663	7.331
MM_RS04730	0.956225755822584	0.509539854432892	0.0605666750762473	0.162092410108265	201.900654226627	raw_counts / DESeq2 median-of-ratios	3.137	9.371	178.227	415.135	178.227	415.135
MM_RS17420	-0.923124163532604	0.491690835919971	0.0604566658963067	0.162092410108265	122.249367266329	raw_counts / DESeq2 median-of-ratios	0.785	0.735	46.806	32.331	46.806	32.331
MM_RS04435	1.18514714370413	0.631972164854871	0.0607493436740441	0.162154739605988	37.8838992810517	raw_counts / DESeq2 median-of-ratios	0.116	0.402	6.571	18.179	6.571	18.179
MM_RS05250	-0.916969321189858	0.488817707820477	0.0606700850862714	0.162154739605988	554.213536266537	raw_counts / DESeq2 median-of-ratios	38.862	37.25	2350.091	1719.565	2350.091	1719.565
MM_RS11140	-0.792112457413029	0.422353488616813	0.0607277153664729	0.162154739605988	772.312942907245	raw_counts / DESeq2 median-of-ratios	8.015	7.848	470.883	346.442	470.883	346.442
MM_RS09275	8.97129542656897	4.78598205696214	0.0608623459242515	0.162330921098351	46.4146187840665	raw_counts / DESeq2 median-of-ratios	0	0.449	0	23.277	0	23.277
MM_RS02940	-1.15103495635147	0.614317579594963	0.0609744557451243	0.162504452271342	33.8622168219887	raw_counts / DESeq2 median-of-ratios	0.343	0.265	20.431	12.127	20.431	12.127
MM_RS17085	-0.778622545546767	0.415689639329439	0.0610564764796532	0.162597586554142	733.196339816148	raw_counts / DESeq2 median-of-ratios	7.893	8.01	469.056	359.761	469.056	359.761
MM_RS15815	-1.73042432964847	0.924201828078461	0.0611589400619589	0.162744976097077	16.2007926793743	raw_counts / DESeq2 median-of-ratios	0.488	0.221	27.024	9.514	27.024	9.514
MM_RS02505	-1.29856892642648	0.69372349842276	0.0612228512326699	0.162789629066699	1095.78124642894	raw_counts / DESeq2 median-of-ratios	1.899	1.662	122.545	76.404	122.545	76.404
MM_RS16450	1.56915478517189	0.838843462084396	0.0613981957187362	0.162987860553148	16.793129048253	raw_counts / DESeq2 median-of-ratios	0.402	1.761	22.376	81.011	22.376	81.011
MM_RS01275	1.55982115679142	0.834116900078316	0.0614800631462103	0.162987860553148	14.1820553471932	raw_counts / DESeq2 median-of-ratios	0.053	0.267	3.1	11.642	3.1	11.642
MM_RS15415	-1.00467762574696	0.5374608017278	0.0615805321429814	0.162987860553148	70.4612024160938	raw_counts / DESeq2 median-of-ratios	0.302	0.235	17.284	10.646	17.284	10.646
MM_RS12795	0.971788629483778	0.519833293487352	0.0615639030412611	0.162987860553148	179.008166185594	raw_counts / DESeq2 median-of-ratios	0.997	3.093	57.039	134.622	57.039	134.622
MM_RS13045	-0.858752460615563	0.459382999538144	0.0615726680354643	0.162987860553148	334.302979538647	raw_counts / DESeq2 median-of-ratios	0.516	0.514	31.076	23.137	31.076	23.137
MM_RS07370	-0.792909622922678	0.42409037186238	0.0615294688147634	0.162987860553148	405.107336164013	raw_counts / DESeq2 median-of-ratios	2.63	2.56	154.318	113.483	154.318	113.483
MM_RS16220	-1.199095096658	0.641621295967273	0.0616434395165668	0.163029433453462	1040.1700996632	raw_counts / DESeq2 median-of-ratios	24.948	15.287	1380.299	674.359	1380.299	674.359
MM_RS00425	-1.24943367370452	0.669354453622939	0.0619539912850598	0.163725390894106	129.693511469065	raw_counts / DESeq2 median-of-ratios	2.346	1.375	129.975	63.516	129.975	63.516
MM_RS10625	1.16768400759673	0.62641169849255	0.0623099128660148	0.164414391932174	42.3458635926701	raw_counts / DESeq2 median-of-ratios	0.084	0.287	4.738	12.795	4.738	12.795
MM_RS16905	0.968173121190392	0.519381595199966	0.0623093144035055	0.164414391932174	73.0203025422306	raw_counts / DESeq2 median-of-ratios	0.078	0.251	4.536	11.1	4.536	11.1
MM_RS19475	0.854258298171931	0.458393413262489	0.0623790218456476	0.164471100347227	288.365125736991	raw_counts / DESeq2 median-of-ratios	3.681	10.928	214.975	504.783	214.975	504.783
MM_RS05490	-0.82628964973116	0.443482913172389	0.0624365792808444	0.164497288204452	314.751348665634	raw_counts / DESeq2 median-of-ratios	548.367	499.263	31831.569	22863.244	31831.569	22863.244
MM_RS02250	1.6369967927021	0.880084932622029	0.0628792859052761	0.165331076053567	20.2823459797848	raw_counts / DESeq2 median-of-ratios	0.072	0.316	3.963	15.037	3.963	15.037
MM_RS14145	1.14282587568513	0.614448489101012	0.0628966513996487	0.165331076053567	79.298753103847	raw_counts / DESeq2 median-of-ratios	0.442	1.471	24.837	64.276	24.837	64.276
MM_RS01385	-1.02773485036066	0.552387137720232	0.0628100640425986	0.165331076053567	1320.62034839	raw_counts / DESeq2 median-of-ratios	2000.065	1895.021	123828.482	87493.136	123828.482	87493.136
MM_RS00575	1.20602761481515	0.648663802879689	0.0629918330515625	0.165455354646462	575.188685594176	raw_counts / DESeq2 median-of-ratios	1.251	4.242	69.875	180.334	69.875	180.334
MM_RS11415	-0.88096030176571	0.475017662040207	0.0636556107477697	0.167071792950453	152.592139813363	raw_counts / DESeq2 median-of-ratios	0.833	0.795	49.509	35.003	49.509	35.003
MM_RS07405	-1.05194128438262	0.56742909236128	0.0637573792671656	0.167211835982377	44.6871323722072	raw_counts / DESeq2 median-of-ratios	2.566	2.163	152.983	97.498	152.983	97.498
MM_RS18320	1.12655406670176	0.608490198598182	0.0641131364058567	0.168017278562845	37.7643294002941	raw_counts / DESeq2 median-of-ratios	3.001	10.873	174.002	476.077	174.002	476.077
MM_RS16890	1.02411185943549	0.553398163970168	0.0642288843324862	0.168176684840311	64.5831330386488	raw_counts / DESeq2 median-of-ratios	0.205	0.762	12.474	34.3	12.474	34.3
MM_RS08665	-0.988765203020847	0.534383069667438	0.0642713445249595	0.168176684840311	67.8785111653279	raw_counts / DESeq2 median-of-ratios	5.732	5.06	343.216	231.368	343.216	231.368
MM_RS16395	0.891425807034494	0.482181178248524	0.0644959114712427	0.168636546723446	121.014347421521	raw_counts / DESeq2 median-of-ratios	0.388	1.155	22.463	52.784	22.463	52.784
MM_RS15550	0.899801881023322	0.486822258438369	0.0645564905058715	0.168667260368593	172.907889887333	raw_counts / DESeq2 median-of-ratios	0.458	1.555	27.695	69.857	27.695	69.857
MM_RS18205	-1.45763616555591	0.789449769789298	0.0648348620574371	0.16902682337913	19.1330678195248	raw_counts / DESeq2 median-of-ratios	5.309	3.195	317.419	152.689	317.419	152.689
MM_RS10725	-1.2081746170114	0.654653837043466	0.0649624052466757	0.16902682337913	5416.37977652621	raw_counts / DESeq2 median-of-ratios	21.638	19.981	1386.546	895.561	1386.546	895.561
MM_RS04830	-0.986094800153513	0.53433515246522	0.0649704753166137	0.16902682337913	101.092905253134	raw_counts / DESeq2 median-of-ratios	2.367	1.916	135.82	83.511	135.82	83.511
MM_RS02045	0.906106869709228	0.4910236802254	0.0649877305869963	0.16902682337913	113.550922723766	raw_counts / DESeq2 median-of-ratios	1.291	3.884	74.797	178.303	74.797	178.303
MM_RS00890	-0.877299539122259	0.475358487296058	0.0649570577041203	0.16902682337913	395.485211671354	raw_counts / DESeq2 median-of-ratios	0.98	0.963	58.786	42.154	58.786	42.154
MM_RS13860	0.769328952292194	0.416621824125658	0.0648068428901898	0.16902682337913	448.787161950133	raw_counts / DESeq2 median-of-ratios	0.448	1.29	26.376	58.554	26.376	58.554
MM_RS04850	-1.00068668407398	0.542459384239752	0.0650780093262505	0.169134269535643	175.66915283745	raw_counts / DESeq2 median-of-ratios	1.51	1.412	91.594	61.162	91.594	61.162
MM_RS19390	1.3631988644386	0.739303171482125	0.0651981594091773	0.1692033043991	54.2376976842836	raw_counts / DESeq2 median-of-ratios	10.355	37.303	571.323	1744.011	571.323	1744.011
MM_RS13460	1.00321903392536	0.544183466356308	0.0652515348753914	0.1692033043991	82.7966096734081	raw_counts / DESeq2 median-of-ratios	0.395	1.216	22.484	55.646	22.484	55.646
MM_RS00390	0.884749075848622	0.479848277659192	0.0652108278540874	0.1692033043991	149.500096321056	raw_counts / DESeq2 median-of-ratios	3.912	11.394	224.378	510.804	224.378	510.804
MM_RS07875	-0.818293167105722	0.444455961330473	0.0656051596266294	0.169992664178828	405.091114887613	raw_counts / DESeq2 median-of-ratios	6.783	6.631	402.926	304.398	402.926	304.398
MM_RS01575	-0.76580086709761	0.416512472391578	0.0659736754015571	0.170819396429519	1143.56752621298	raw_counts / DESeq2 median-of-ratios	6.135	6.225	362.828	275.891	362.828	275.891
MM_RS06975	-0.948842801606528	0.516269678672264	0.0660797801848822	0.170965963115044	236.33645686862	raw_counts / DESeq2 median-of-ratios	0.718	0.592	41.167	25.656	41.167	25.656
MM_RS11865	0.87655458101504	0.477339248551245	0.0663081846050821	0.171428495229007	1019.00876495402	raw_counts / DESeq2 median-of-ratios	6.169	17.271	350.907	784.289	350.907	784.289
MM_RS18480	1.20866125392555	0.658489751656468	0.0664308939141728	0.171617283155986	26.18459942498	raw_counts / DESeq2 median-of-ratios	2.23	9.001	133.411	405.837	133.411	405.837
MM_RS05645	0.930594241910303	0.507095420109151	0.0664840275702639	0.171626181784523	1625.29070089761	raw_counts / DESeq2 median-of-ratios	3.708	13.456	227.107	593.843	227.107	593.843
MM_RS01850	-0.777484387080853	0.424167130270328	0.066807466562687	0.172332329729291	2506.02000603164	raw_counts / DESeq2 median-of-ratios	396.159	403.994	23614.099	18426.482	23614.099	18426.482
MM_RS04600	-8.72782311142785	4.78623128232912	0.0682235755364627	0.17578749514639	38.9554139356043	raw_counts / DESeq2 median-of-ratios	0.357	0	19.035	0	19.035	0
MM_RS05500	-1.3035942555334	0.714940227684593	0.0682487061352951	0.17578749514639	67.4025527663411	raw_counts / DESeq2 median-of-ratios	0.172	0.145	10.852	6.2	10.852	6.2
MM_RS09365	0.983693400531632	0.541743520447839	0.0694023274187524	0.178625662372855	1222.52912877245	raw_counts / DESeq2 median-of-ratios	10.56	31.071	594.174	1366.547	594.174	1366.547
MM_RS02950	-1.1343579922045	0.624971551713002	0.0695153956265685	0.178783452341152	45.841738829516	raw_counts / DESeq2 median-of-ratios	0.495	0.344	27.98	15.3	27.98	15.3
MM_RS01785	-1.05990690100279	0.584217679709985	0.0696418860516452	0.178975501802368	39.0470643786741	raw_counts / DESeq2 median-of-ratios	0.446	0.369	26.255	16.286	26.255	16.286
MM_RS03865	1.06672214192049	0.589632364375778	0.07043066644538	0.180868046024046	633.867491467404	raw_counts / DESeq2 median-of-ratios	1.237	4.247	72.557	204.459	72.557	204.459
MM_RS14130	-0.927265600667605	0.513279977484233	0.0708325756522218	0.181765019541437	133.517431862154	raw_counts / DESeq2 median-of-ratios	0.515	0.5	31.256	22.201	31.256	22.201
MM_RS04755	-1.06563457975827	0.590074171205788	0.0709287629267188	0.181876723941267	1148.60346628067	raw_counts / DESeq2 median-of-ratios	16.918	16.451	1063.767	733.275	1063.767	733.275
MM_RS16835	1.00990429169899	0.560302591367183	0.0714783141260137	0.18287859036389	45.8112534530479	raw_counts / DESeq2 median-of-ratios	0.593	2.034	35.064	92.573	35.064	92.573
MM_RS07755	-0.847052511455021	0.469780462506963	0.071375399241799	0.18287859036389	847.038930894324	raw_counts / DESeq2 median-of-ratios	1514.764	1333.523	87483.774	61925.382	87483.774	61925.382
MM_RS03745	-0.749800852668481	0.415976861729042	0.0714658075517975	0.18287859036389	560.987618440931	raw_counts / DESeq2 median-of-ratios	2.056	2.115	121.949	95.264	121.949	95.264
MM_RS19485	-1.3442449449871	0.746559751066985	0.0717681766440573	0.183484294691764	44.856688341555	raw_counts / DESeq2 median-of-ratios	19.031	11.443	1065.11	482.606	1065.11	482.606
MM_RS04535	-0.788831754834228	0.438215764293461	0.0718450090200653	0.183544867718421	210.44401418109	raw_counts / DESeq2 median-of-ratios	2.736	2.643	159.94	117.617	159.94	117.617
MM_RS15225	-0.949213009637049	0.527841634578634	0.0721308605857078	0.184002948643305	321.392920560821	raw_counts / DESeq2 median-of-ratios	1.753	1.356	99.22	62.365	99.22	62.365
MM_RS00645	-0.754867390333724	0.419765971514952	0.0721286331527864	0.184002948643305	1764.45454675354	raw_counts / DESeq2 median-of-ratios	7.33	7.119	427.562	326.345	427.562	326.345
MM_RS10730	-0.901322402090559	0.501338366599615	0.0722035575796482	0.184052463380151	385.520029900042	raw_counts / DESeq2 median-of-ratios	2.535	2.557	154.919	114.209	154.919	114.209
MM_RS13195	1.22185176330582	0.680166099541561	0.0724306009309915	0.18449505576375	24.0375721746833	raw_counts / DESeq2 median-of-ratios	0.121	0.474	7.142	21.785	7.142	21.785
MM_RS03070	0.867516962354875	0.483137579078184	0.0725597617056128	0.184687853302275	93.6079300617043	raw_counts / DESeq2 median-of-ratios	0.298	0.927	17.638	42.022	17.638	42.022
MM_RS01280	0.945602046257021	0.527237983017699	0.0728927913490652	0.185398896406238	127.057320353897	raw_counts / DESeq2 median-of-ratios	1.356	4.884	82.852	219.274	82.852	219.274
MM_RS16845	2.19120333927459	1.22409310895681	0.0734438423293681	0.186569804013645	7.79412106752375	raw_counts / DESeq2 median-of-ratios	0.033	0.207	1.773	9.175	1.773	9.175
MM_RS08935	0.769461524113962	0.42987763883811	0.0734611851356563	0.186569804013645	528.253637890732	raw_counts / DESeq2 median-of-ratios	2.165	6.509	129.186	290.663	129.186	290.663
MM_RS08660	0.966318350028145	0.540061667355276	0.073570684202091	0.186603947563142	104.320712260849	raw_counts / DESeq2 median-of-ratios	0.669	2.092	38.343	90.994	38.343	90.994
MM_RS05905	-0.966087217420136	0.53995497787188	0.0735826799597567	0.186603947563142	184.305128372789	raw_counts / DESeq2 median-of-ratios	0.777	0.621	44.255	26.957	44.255	26.957
MM_RS18700	0.950756316491874	0.531743868364378	0.0737765297381619	0.186958278588123	55.5793696064031	raw_counts / DESeq2 median-of-ratios	1.036	3.442	61.423	154.871	61.423	154.871
MM_RS17340	0.989525221468692	0.55408890764014	0.0741219275204192	0.187695848721061	140.515044993054	raw_counts / DESeq2 median-of-ratios	0.6	1.771	33.829	80.913	33.829	80.913
MM_RS16015	0.76788051316017	0.431172863408374	0.0749269845745387	0.189595461333668	446.085833357263	raw_counts / DESeq2 median-of-ratios	0.663	1.973	39.499	89.475	39.499	89.475
MM_RS13830	-1.05728576541904	0.59401341789215	0.0750919741936227	0.189873849827798	48.1153521613222	raw_counts / DESeq2 median-of-ratios	0.139	0.12	8.269	5.176	8.269	5.176
MM_RS07035	-1.0723771417242	0.603805701111089	0.0757279446233765	0.191341858616783	3563.6527530086	raw_counts / DESeq2 median-of-ratios	298.421	263.943	18021.265	11080.557	18021.265	11080.557
MM_RS03695	-1.09510921829654	0.617099907949513	0.0759629607488778	0.191795370194901	1441.64311437889	raw_counts / DESeq2 median-of-ratios	4.772	4.598	302.185	209.659	302.185	209.659
MM_RS00185	-1.53725769605005	0.866591489957134	0.076077582863567	0.191944463996173	12.4280570284656	raw_counts / DESeq2 median-of-ratios	0.081	0.044	4.681	2.009	4.681	2.009
MM_RS19520	-2.28838639466278	1.29042666789237	0.0761696682686508	0.19203652131381	5.3268545856361	raw_counts / DESeq2 median-of-ratios	2.295	0.806	134.053	37.062	134.053	37.062
MM_RS03095	-0.803791614450462	0.454363007428792	0.0768852605278277	0.19369926321161	216.17885087792	raw_counts / DESeq2 median-of-ratios	1.563	1.437	90.51	65.658	90.51	65.658
MM_RS19200	0.875356061070811	0.495417865657198	0.0772442216356916	0.194461764963323	214.563756235935	raw_counts / DESeq2 median-of-ratios	1.257	4.228	75.978	186.173	75.978	186.173
MM_RS13280	1.0538762380457	0.596995010156204	0.0775130931803015	0.194592180533323	144.781267486364	raw_counts / DESeq2 median-of-ratios	0.406	1.459	23.872	61.564	23.872	61.564
MM_RS04500	0.802982100015071	0.454882350813599	0.0775213782321518	0.194592180533323	304.86873520169	raw_counts / DESeq2 median-of-ratios	0.843	2.568	50.033	112.851	50.033	112.851
MM_RS05830	0.757381480344703	0.428917742133841	0.0774299832069663	0.194592180533323	1053.56584260633	raw_counts / DESeq2 median-of-ratios	1.526	4.445	90.156	195.69	90.156	195.69
MM_RS05345	0.74287703175014	0.420659782823524	0.0773990972204037	0.194592180533323	1653.88360317517	raw_counts / DESeq2 median-of-ratios	12.085	33.664	705.642	1484.565	705.642	1484.565
MM_RS12460	0.981962880349698	0.556446112834913	0.0776134657701859	0.1946818524112	500.970049101759	raw_counts / DESeq2 median-of-ratios	1.546	5.873	95.621	271.316	95.621	271.316
MM_RS11790	-0.892680832470821	0.506133382889345	0.0777780464273394	0.194953100406408	653.040539538517	raw_counts / DESeq2 median-of-ratios	0.896	0.872	54.204	40.592	54.204	40.592
MM_RS04765	-0.913991701798885	0.51843558307584	0.0779038181564381	0.195126749755139	1388.83968537344	raw_counts / DESeq2 median-of-ratios	5.629	5.735	345.654	252.497	345.654	252.497
MM_RS17210	0.961546615184901	0.546087210318369	0.0782734209218057	0.195910431785447	58.9076513600087	raw_counts / DESeq2 median-of-ratios	0.624	1.93	35.945	88.334	35.945	88.334
MM_RS00630	0.98564755033721	0.560725619267128	0.0787803139110259	0.1970363535472	54.9348549002203	raw_counts / DESeq2 median-of-ratios	0.171	0.605	10.258	26.572	10.258	26.572
MM_RS01500	0.760914387324246	0.433237124117262	0.0790293089403739	0.197516087612194	232.609061235461	raw_counts / DESeq2 median-of-ratios	1.31	3.695	76.548	164.747	76.548	164.747
MM_RS14485	0.815927208412415	0.465139472492096	0.0794037758809821	0.19830849016118	143.528921251765	raw_counts / DESeq2 median-of-ratios	0.795	2.258	46.067	102.749	46.067	102.749
MM_RS11125	1.64144223118336	0.936894185696938	0.0797731439262646	0.199087022486501	23.3327420404945	raw_counts / DESeq2 median-of-ratios	0.129	0.663	7.356	26.903	7.356	26.903
MM_RS02540	-0.785039154728772	0.448327553526578	0.0799391448494239	0.199357260873581	1222.04433513198	raw_counts / DESeq2 median-of-ratios	5.369	5.591	323.052	254.781	323.052	254.781
MM_RS04845	-1.29018012101657	0.738161099808165	0.0804934674786152	0.200161581476701	67.4699930467979	raw_counts / DESeq2 median-of-ratios	0.714	0.455	40.248	18.893	40.248	18.893
MM_RS02430	-1.18640118389143	0.678440643756936	0.0803398233832812	0.200161581476701	13798.3656109341	raw_counts / DESeq2 median-of-ratios	707.357	641.285	45023.617	30303.778	45023.617	30303.778
MM_RS13390	-0.900518304328027	0.515119315966718	0.0804338655677725	0.200161581476701	88.3964900055484	raw_counts / DESeq2 median-of-ratios	0.206	0.192	12.163	8.39	12.163	8.39
MM_RS04960	0.796095341103678	0.455421486613255	0.0804569622746438	0.200161581476701	152.35569893367	raw_counts / DESeq2 median-of-ratios	0.384	1.143	22.74	51.838	22.74	51.838
MM_RS11585	1.02306262983133	0.585633606180951	0.0806489734077926	0.200403995791738	63.7902626819546	raw_counts / DESeq2 median-of-ratios	0.743	2.769	45.39	127.435	45.39	127.435
MM_RS03335	-1.14774048131391	0.657769893459991	0.0810028612076588	0.200849879835789	52.2377630828405	raw_counts / DESeq2 median-of-ratios	2.739	2.379	170.32	109.415	170.32	109.415
MM_RS07085	0.953000795409861	0.546110107863846	0.0809725480048763	0.200849879835789	645.24768217467	raw_counts / DESeq2 median-of-ratios	2.67	8.765	156.225	371.846	156.225	371.846
MM_RS12500	0.935969544701747	0.536258351201386	0.0809203848952824	0.200849879835789	67.7629859692858	raw_counts / DESeq2 median-of-ratios	0.888	3.042	53.536	137.475	53.536	137.475
MM_RS19065	1.68406009528715	0.96834555576173	0.0820152969074854	0.203068699296383	10.8313108500968	raw_counts / DESeq2 median-of-ratios	0.433	2.345	24.966	99.841	24.966	99.841
MM_RS16385	0.72479947446496	0.416744769731372	0.0820008675233925	0.203068699296383	1667.28978135979	raw_counts / DESeq2 median-of-ratios	5.705	15.482	331.741	685.718	331.741	685.718
MM_RS18875	0.714504401215516	0.411359531505389	0.0823988020287699	0.203872107598403	893.590602019372	raw_counts / DESeq2 median-of-ratios	107.804	292.795	6286.398	13022.356	6286.398	13022.356
MM_RS14505	1.56951421217157	0.903953486987911	0.0825147577998358	0.204012865741326	12.2449465265544	raw_counts / DESeq2 median-of-ratios	0.04	0.208	2.331	8.914	2.331	8.914
MM_RS15895	-0.90591549396277	0.522395138818829	0.0828901258610341	0.204794345296146	453.939857324656	raw_counts / DESeq2 median-of-ratios	1.49	1.505	91.523	68.775	91.523	68.775
MM_RS10135	0.973374823874355	0.561457101857409	0.0829787108527049	0.204866667108822	87.0491508938933	raw_counts / DESeq2 median-of-ratios	0.227	0.733	13.324	34.532	13.324	34.532
MM_RS06575	-1.20912247476352	0.699052967174037	0.0836914178755035	0.206478683815706	3574.08087577341	raw_counts / DESeq2 median-of-ratios	36.506	21.396	2008.092	997.876	2008.092	997.876
MM_RS18730	1.69527007040952	0.981987249864367	0.0842814658682215	0.207785997936358	9.01703008519052	raw_counts / DESeq2 median-of-ratios	0.631	3.399	37.001	154.321	37.001	154.321
MM_RS14430	-0.884419770842223	0.51241255587128	0.084348922658595	0.207803979217395	2498.36949009567	raw_counts / DESeq2 median-of-ratios	12.767	13.286	786.284	598.075	786.284	598.075
MM_RS14625	-1.07468376578413	0.623781367498125	0.0849150635560468	0.208900733278195	248.534241056861	raw_counts / DESeq2 median-of-ratios	1.919	1.874	121.268	83.712	121.268	83.712
MM_RS04980	0.953661411363422	0.553522716744098	0.0849075505496416	0.208900733278195	49.8680671501022	raw_counts / DESeq2 median-of-ratios	0.155	0.505	9.151	23.145	9.151	23.145
MM_RS10045	-1.21002878581937	0.702750672143509	0.0850973284385498	0.209200122723666	840.624837618221	raw_counts / DESeq2 median-of-ratios	3.578	3.363	231.616	153.587	231.616	153.587
MM_RS08030	0.885384236560809	0.514688022713292	0.0853897736478666	0.209763435292575	219.241554132284	raw_counts / DESeq2 median-of-ratios	1.298	3.625	73.517	163.806	73.517	163.806
MM_RS15440	-0.732133683525496	0.425680205816294	0.0854479309370738	0.209763435292575	331.034778760437	raw_counts / DESeq2 median-of-ratios	3.215	3.299	189.372	146.66	189.372	146.66
MM_RS00360	-0.8857513182473	0.515486828678234	0.085745339733438	0.21034403653359	179.847396041997	raw_counts / DESeq2 median-of-ratios	1.804	1.496	103.052	69.238	103.052	69.238
MM_RS03415	-1.08763742668659	0.634412245120735	0.0864549779391049	0.211753273681884	101.014094364004	raw_counts / DESeq2 median-of-ratios	0.644	0.448	36.009	19.49	36.009	19.49
MM_RS09315	0.830671469006375	0.484600639216287	0.0865037258729409	0.211753273681884	595.331404589401	raw_counts / DESeq2 median-of-ratios	1.689	5.065	98.796	218.732	98.796	218.732
MM_RS08165	0.76791243796821	0.447980243735858	0.0864982697045348	0.211753273681884	162.280336120061	raw_counts / DESeq2 median-of-ratios	0.946	2.686	55.516	122.062	55.516	122.062
MM_RS00745	-0.892292403659337	0.520932870340781	0.0867357103517169	0.212170781554412	98.5863972403394	raw_counts / DESeq2 median-of-ratios	0.499	0.493	30.201	21.916	30.201	21.916
MM_RS09910	1.07445298280281	0.627616951611868	0.0869046667299758	0.212283393836872	29.215799202545	raw_counts / DESeq2 median-of-ratios	0.161	0.581	9.515	25.938	9.515	25.938
MM_RS01665	0.744695485866443	0.434996382180087	0.0869044302031147	0.212283393836872	2270.16140721107	raw_counts / DESeq2 median-of-ratios	6.351	19.008	381.269	862.464	381.269	862.464
MM_RS07445	-0.787005320558136	0.459897915157455	0.0870329607094788	0.212446534480947	645.778585739766	raw_counts / DESeq2 median-of-ratios	9.469	8.518	542.084	388.107	542.084	388.107
MM_RS08525	2.13563878917073	1.24880885410739	0.0872398668763284	0.212640686618593	7.90824008586365	raw_counts / DESeq2 median-of-ratios	0.162	1.008	8.974	49.915	8.974	49.915
MM_RS09165	1.04505239978554	0.611062579900202	0.0872249099752959	0.212640686618593	34.7142142714024	raw_counts / DESeq2 median-of-ratios	0.772	2.549	44.311	114.054	44.311	114.054
MM_RS08460	0.94296999596882	0.5514990534365	0.0872971898162029	0.212640686618593	191.773252131689	raw_counts / DESeq2 median-of-ratios	1.965	5.913	113.242	279.496	113.242	279.496
MM_RS15610	0.745039236572344	0.436095105666189	0.0875560424929334	0.213120909633962	342.343439060735	raw_counts / DESeq2 median-of-ratios	0.748	2.175	44.509	99.017	44.509	99.017
MM_RS07365	0.72549367131823	0.425088607438397	0.0878800386582899	0.213758910933615	659.465188263138	raw_counts / DESeq2 median-of-ratios	6.464	17.129	373.255	769.026	373.255	769.026
MM_RS11940	-0.681305401820032	0.399770723171383	0.0883361916147842	0.214717245487308	1149.48280992003	raw_counts / DESeq2 median-of-ratios	4.97	5.16	290.978	232.889	290.978	232.889
MM_RS15335	0.850366815738607	0.499112083778102	0.0884260790091544	0.214784582909718	515.735315968154	raw_counts / DESeq2 median-of-ratios	5.017	13.656	284.388	620.428	284.388	620.428
MM_RS02205	-1.37425279328739	0.807487445161479	0.0887764585417174	0.215332786378576	843.54619452363	raw_counts / DESeq2 median-of-ratios	12.592	11.244	836.232	512.776	836.232	512.776
MM_RS05640	-1.21651016370392	0.714734587137832	0.088747002854437	0.215332786378576	3487.94769639206	raw_counts / DESeq2 median-of-ratios	5074.74	4593.548	325699.689	218000.979	325699.689	218000.979
MM_RS07265	-0.753346692716775	0.443852878004198	0.0896419995622485	0.217279625605618	714.600015668188	raw_counts / DESeq2 median-of-ratios	5.788	5.873	340.734	256.988	340.734	256.988
MM_RS01020	-0.782057892593405	0.460959209961075	0.0897745684057665	0.217448358536829	782.328177008817	raw_counts / DESeq2 median-of-ratios	1.496	1.595	90.471	71.206	90.471	71.206
MM_RS08480	1.56902831638406	0.925547947016938	0.0900294069840219	0.217912804290688	20.7871975021061	raw_counts / DESeq2 median-of-ratios	0.112	0.479	6.129	20.44	6.129	20.44
MM_RS04285	-0.751218385082234	0.443564528018401	0.0903423896097292	0.218517236493	963.440472059534	raw_counts / DESeq2 median-of-ratios	4.849	4.595	280.399	211.381	280.399	211.381
MM_RS06830	-1.03485602868267	0.611649137629394	0.0906629054816138	0.219139031164097	139.545670454984	raw_counts / DESeq2 median-of-ratios	0.648	0.461	36.207	20.393	36.207	20.393
MM_RS03665	0.862824236660443	0.510212406027619	0.0908161943605831	0.219202750049933	111.191836445805	raw_counts / DESeq2 median-of-ratios	0.321	0.938	18.619	43.502	18.619	43.502
MM_RS10635	0.758512374068752	0.448522679940155	0.0908110339197078	0.219202750049933	312.722310954	raw_counts / DESeq2 median-of-ratios	0.759	2.03	43.673	91.683	43.673	91.683
MM_RS13470	0.899481275508308	0.532024136981194	0.0908984003429383	0.219247957251752	66.3287133348565	raw_counts / DESeq2 median-of-ratios	0.311	0.93	17.996	42.673	17.996	42.673
MM_RS09620	-1.13660666220668	0.67258018019	0.0910432709781782	0.21944414372549	128.485238023189	raw_counts / DESeq2 median-of-ratios	0.71	0.651	44.13	27.534	44.13	27.534
MM_RS15950	-0.784868475633525	0.46490722043747	0.0913678464054315	0.220072902011409	132.83951022115	raw_counts / DESeq2 median-of-ratios	1.465	1.482	87.007	66.07	87.007	66.07
MM_RS09345	0.814060852831587	0.482493953435703	0.091566074837989	0.220162891365364	91.2203306604365	raw_counts / DESeq2 median-of-ratios	0.516	1.539	30.346	68.663	30.346	68.663
MM_RS03505	0.790130676048068	0.468280471455483	0.0915452555922598	0.220162891365364	171.425063814771	raw_counts / DESeq2 median-of-ratios	0.618	1.742	35.783	76.871	35.783	76.871
MM_RS14425	0.753395449420029	0.446579357797076	0.0915964316421623	0.220162891365364	223.414396667346	raw_counts / DESeq2 median-of-ratios	14.626	43.31	872.626	1946.328	872.626	1946.328
MM_RS03990	-0.818163381670245	0.4855171015634	0.0919619241211949	0.220887681442703	418.369751911276	raw_counts / DESeq2 median-of-ratios	5.771	6.087	350.821	271.059	350.821	271.059
MM_RS16925	-0.861157341008195	0.511187728887197	0.0920618084790561	0.22097393084549	64.7339133756219	raw_counts / DESeq2 median-of-ratios	0.915	0.839	53.651	37.931	53.651	37.931
MM_RS17375	0.689347246684537	0.409983026549382	0.0926844000337499	0.22231383174762	642.075057615871	raw_counts / DESeq2 median-of-ratios	5.804	15.429	338.769	698.956	338.769	698.956
MM_RS06720	-0.935794699446172	0.556804304913968	0.0928303787441761	0.222483552700726	2514.02942546423	raw_counts / DESeq2 median-of-ratios	87.285	88.063	5357.562	3794.88	5357.562	3794.88
MM_RS07635	0.756494549061118	0.450193344131361	0.092883984653864	0.222483552700726	160.32936941445	raw_counts / DESeq2 median-of-ratios	1.163	3.342	68.674	151.696	68.674	151.696
MM_RS09765	-4.5859032227246	2.73055753606964	0.0930594996888563	0.222595229865173	2.14433471205161	raw_counts / DESeq2 median-of-ratios	0.073	0	3.864	0	3.864	0
MM_RS15240	-0.795367801021274	0.473502086955005	0.093004869316221	0.222595229865173	152.038080709207	raw_counts / DESeq2 median-of-ratios	0.5	0.497	29.729	22.78	29.729	22.78
MM_RS00905	-0.982087571748596	0.58551057813969	0.0934802678827841	0.223446951741963	46.3564636445165	raw_counts / DESeq2 median-of-ratios	0.269	0.219	15.43	9.66	15.43	9.66
MM_RS15160	-0.817976889760656	0.488251058884051	0.0938714129042727	0.224226735941465	330.494600461409	raw_counts / DESeq2 median-of-ratios	3.881	3.943	233.965	182.042	233.965	182.042
MM_RS17730	1.132201646492	0.676161441382929	0.0940412867500788	0.22433554081232	26.2446694398624	raw_counts / DESeq2 median-of-ratios	5.538	21.044	326.456	915.364	326.456	915.364
MM_RS14035	0.716241144136339	0.4277531812612	0.0940468625061494	0.22433554081232	429.128193867757	raw_counts / DESeq2 median-of-ratios	9.129	24.472	531.394	1116.707	531.394	1116.707
MM_RS05145	-1.22290698393076	0.730741250124783	0.0942258105896118	0.224607280729137	134.125351357469	raw_counts / DESeq2 median-of-ratios	2.6	2.39	168.005	110.028	168.005	110.028
MM_RS09915	0.707444171116485	0.42281617733093	0.0942934491166567	0.224613498792367	363.943352834105	raw_counts / DESeq2 median-of-ratios	0.845	2.315	49.499	102.895	49.499	102.895
MM_RS10780	0.903394550622047	0.54030827165954	0.094524643089594	0.225009040131949	109.366567087116	raw_counts / DESeq2 median-of-ratios	1.083	3.8	66.309	170.507	66.309	170.507
MM_RS02610	0.750151879018138	0.449010349828459	0.0947852236220281	0.225473941040279	350.743856886027	raw_counts / DESeq2 median-of-ratios	0.808	2.379	47.992	104.737	47.992	104.737
MM_RS01520	-0.759638266348281	0.454937116240156	0.0949657839727697	0.22574798199721	583.177801019357	raw_counts / DESeq2 median-of-ratios	0.737	0.774	44.006	33.971	44.006	33.971
MM_RS15570	2.36808970117401	1.41861167827329	0.0950577689599554	0.22581123382922	4.42773219172436	raw_counts / DESeq2 median-of-ratios	0.018	0.156	1.037	6.864	1.037	6.864
MM_RS08770	-1.20676227796084	0.723607243499524	0.0953746152864435	0.226252693131439	2951.40077865836	raw_counts / DESeq2 median-of-ratios	24.01	23.057	1565.165	1047.821	1565.165	1047.821
MM_RS15130	-0.861679093271908	0.516629187263685	0.0953381654125753	0.226252693131439	238.810310675955	raw_counts / DESeq2 median-of-ratios	2.552	2.65	155.913	117.377	155.913	117.377
MM_RS09825	0.893951737439461	0.53634647858588	0.0955655191573832	0.226394583792594	83.3593988979772	raw_counts / DESeq2 median-of-ratios	0.153	0.44	8.703	20.027	8.703	20.027
MM_RS13075	0.751093593859584	0.45060086882879	0.0955400262408819	0.226394583792594	151.972253001022	raw_counts / DESeq2 median-of-ratios	1.494	4.137	86.96	185.359	86.96	185.359
MM_RS08300	0.955047815973404	0.573414201327553	0.0958038441704455	0.226803617385003	86.8143022517866	raw_counts / DESeq2 median-of-ratios	0.367	1.186	21.298	50.783	21.298	50.783
MM_RS07305	0.806455239920187	0.48446608943321	0.0959872335794885	0.227082126564078	170.857516902273	raw_counts / DESeq2 median-of-ratios	0.451	1.429	27.253	63.838	27.253	63.838
MM_RS01805	-1.48313269553136	0.891149962330594	0.096054327397988	0.227085316107221	11.363705462967	raw_counts / DESeq2 median-of-ratios	0.105	0.057	6.056	2.618	6.056	2.618
MM_RS02770	0.82225283202791	0.494318620687942	0.0962310826374381	0.227347578269296	102.563017668176	raw_counts / DESeq2 median-of-ratios	0.238	0.747	14.25	33.137	14.25	33.137
MM_RS10900	-0.805156338480605	0.485182529792945	0.0970167695020748	0.228422577955124	356.748584167636	raw_counts / DESeq2 median-of-ratios	3.419	3.62	207.317	160.422	207.317	160.422
MM_RS03755	0.795956318352427	0.479575846493153	0.0969730206382583	0.228422577955124	111.155783951511	raw_counts / DESeq2 median-of-ratios	1.787	5.005	103.425	227.304	103.425	227.304
MM_RS02820	0.754340034470977	0.454317777746964	0.0968380829287765	0.228422577955124	411.214697969963	raw_counts / DESeq2 median-of-ratios	6.05	16.575	349.979	728.215	349.979	728.215
MM_RS15105	-0.74074506953378	0.446033069681247	0.096765626841134	0.228422577955124	1569.02838306014	raw_counts / DESeq2 median-of-ratios	7.307	7.909	440.503	357.689	440.503	357.689
MM_RS12450	0.730421599931464	0.440038671420446	0.0969339271083036	0.228422577955124	287.276408258202	raw_counts / DESeq2 median-of-ratios	1.834	5.344	109.443	240.997	109.443	240.997
MM_RS09265	0.985065509993646	0.594698658048934	0.0976385771651077	0.22973000376586	95.0225593908074	raw_counts / DESeq2 median-of-ratios	0.231	0.75	13.335	31.913	13.335	31.913
MM_RS01120	-1.25951165144879	0.761588029402549	0.0981688582902278	0.230820446926104	17.0206002992578	raw_counts / DESeq2 median-of-ratios	0.296	0.209	17.628	9.608	17.628	9.608
MM_RS12970	0.731681689566605	0.442851859518701	0.0984929364017087	0.231424899545239	442.52799240554	raw_counts / DESeq2 median-of-ratios	1.071	3.022	62.904	132.619	62.904	132.619
MM_RS01460	-1.04638752267572	0.633752600895844	0.0987186072529056	0.231482735540758	1000.34190915662	raw_counts / DESeq2 median-of-ratios	1.747	1.744	109.953	75.103	109.953	75.103
MM_RS03265	-0.897025185369155	0.543277686155733	0.0987108680400927	0.231482735540758	79.0124260509297	raw_counts / DESeq2 median-of-ratios	0.985	0.82	56.118	36.686	56.118	36.686
MM_RS09705	0.886640404378372	0.536840226512522	0.0986179871847328	0.231482735540758	161.448860167394	raw_counts / DESeq2 median-of-ratios	1.679	5.848	103.145	266.024	103.145	266.024
MM_RS01650	-0.663479700506094	0.402362039106258	0.0991554261448531	0.232349282160327	1464.96571794382	raw_counts / DESeq2 median-of-ratios	6.556	7.07	386.74	315.89	386.74	315.89
MM_RS00665	0.835786569072872	0.507816590048069	0.0997960100848013	0.233549306423556	79.2435806735724	raw_counts / DESeq2 median-of-ratios	0.342	1.054	20.362	48.09	20.362	48.09
MM_RS12175	-0.690957639146527	0.419828178402936	0.099802772519157	0.233549306423556	835.679178215366	raw_counts / DESeq2 median-of-ratios	3.671	3.956	218.332	179.472	218.332	179.472
MM_RS17355	-0.701779156256741	0.426510924960333	0.0998882771352509	0.233591136916152	725.769124918113	raw_counts / DESeq2 median-of-ratios	3.156	3.23	185.131	148.263	185.131	148.263
MM_RS06775	-0.918701361696276	0.558614792683977	0.100051043679209	0.233813467434363	758.422474534072	raw_counts / DESeq2 median-of-ratios	6.371	4.908	356.741	219.809	356.741	219.809
MM_RS06530	0.867074731856922	0.52798274146675	0.100540136969011	0.234797588296798	98.7397388383203	raw_counts / DESeq2 median-of-ratios	0.459	1.309	26.162	57.999	26.162	57.999
MM_RS10320	1.40340801233282	0.854786222889238	0.100626610657628	0.234840752169897	84.3653731255761	raw_counts / DESeq2 median-of-ratios	0.344	1.282	18.839	53.152	18.839	53.152
MM_RS00465	0.858853525515898	0.52335147785918	0.100784029213855	0.235049315938323	493.238859616392	raw_counts / DESeq2 median-of-ratios	1.194	4.153	73.376	183.644	73.376	183.644
MM_RS05555	1.26923277797449	0.77368337460906	0.100899851640198	0.235160652878032	31.1463916732341	raw_counts / DESeq2 median-of-ratios	1.617	5.506	88.98	251.275	88.98	251.275
MM_RS15265	0.812527933090513	0.495467433952253	0.101021391007953	0.235285154781842	153.077198105624	raw_counts / DESeq2 median-of-ratios	0.933	2.685	54.05	117.125	54.05	117.125
MM_RS03855	-0.836476668521204	0.510558291331325	0.101347277092746	0.235726259312017	95.0657449060326	raw_counts / DESeq2 median-of-ratios	5.268	5.294	316.132	234.218	316.132	234.218
MM_RS15575	-0.82821708297643	0.505510064375203	0.101342653270914	0.235726259312017	81.5500589052883	raw_counts / DESeq2 median-of-ratios	0.713	0.657	41.642	30.177	41.642	30.177
MM_RS19325	1.10042500116699	0.672118704447015	0.101578662363154	0.236105450741814	28.9659478651742	raw_counts / DESeq2 median-of-ratios	0.983	3.369	57.109	157.695	57.109	157.695
MM_RS13790	1.11378738563482	0.680593560452219	0.101736207381158	0.236312616203442	41.4465941146605	raw_counts / DESeq2 median-of-ratios	0.34	1.287	20.528	61.247	20.528	61.247
MM_RS05340	0.759924589605342	0.464470831197611	0.10181691999591	0.236341157033518	1064.46942112463	raw_counts / DESeq2 median-of-ratios	7.789	21.867	453.404	949.934	453.404	949.934
MM_RS06640	0.811090151031591	0.495974756334071	0.101976612859458	0.236552868244841	144.310155180935	raw_counts / DESeq2 median-of-ratios	1.705	5.458	103.129	243.34	103.129	243.34
MM_RS18850	1.96203800558261	1.2003512227406	0.102142732396412	0.236779193085373	7.7343402698306	raw_counts / DESeq2 median-of-ratios	0.697	4.167	40.293	205.778	40.293	205.778
MM_RS00830	1.02339580235412	0.62696558295406	0.102616343114844	0.237717537973622	89.3984808556974	raw_counts / DESeq2 median-of-ratios	0.627	1.841	34.966	83.849	34.966	83.849
MM_RS13865	0.922604631836722	0.565497787800248	0.102786727345956	0.237952651644057	44.9399806768006	raw_counts / DESeq2 median-of-ratios	0.102	0.336	6.082	15.221	6.082	15.221
MM_RS18745	0.99247588670662	0.608673668779524	0.102984253494334	0.238162403160129	57.3642212800913	raw_counts / DESeq2 median-of-ratios	1.854	6.227	110.131	294.251	110.131	294.251
MM_RS03750	-0.686039790645988	0.420777913329022	0.103015237498909	0.238162403160129	967.390861437404	raw_counts / DESeq2 median-of-ratios	5.743	6.282	342.427	281.083	342.427	281.083
MM_RS11555	0.842857000030298	0.517287958481112	0.103233276362855	0.238191029802674	134.281122010078	raw_counts / DESeq2 median-of-ratios	0.525	1.648	31.435	76.58	31.435	76.58
MM_RS13420	-0.793776991738902	0.487167740241258	0.103234502494095	0.238191029802674	1090.76354858068	raw_counts / DESeq2 median-of-ratios	0.874	0.941	53.111	41.453	53.111	41.453
MM_RS03385	0.762869066301465	0.468091340072638	0.10315560774562	0.238191029802674	416.786347803638	raw_counts / DESeq2 median-of-ratios	1.167	3.425	68.939	149.066	68.939	149.066
MM_RS08325	0.706090167072253	0.433452592886225	0.103315024660172	0.238217687033535	213.127982711528	raw_counts / DESeq2 median-of-ratios	0.598	1.65	35.233	74.601	35.233	74.601
MM_RS16975	0.757778010743022	0.465452043398982	0.10351482562457	0.23836013847151	380.691038375259	raw_counts / DESeq2 median-of-ratios	1.108	3.414	67.013	153.704	67.013	153.704
MM_RS01410	0.736963780848726	0.45259394583283	0.103458920612374	0.23836013847151	397.172666558252	raw_counts / DESeq2 median-of-ratios	2.718	7.218	157.071	331.557	157.071	331.557
MM_RS02930	-1.66609435168847	1.02358988612055	0.103589115385112	0.238372288168007	9.78761083790216	raw_counts / DESeq2 median-of-ratios	0.449	0.234	25.372	9.846	25.372	9.846
MM_RS04585	1.49664837426429	0.919742645795025	0.103684669353956	0.238433320871214	14.8428056641064	raw_counts / DESeq2 median-of-ratios	0.589	2.358	32.366	109.59	32.366	109.59
MM_RS00600	-0.659712622852404	0.405868133450225	0.104069717913996	0.239159551347267	1317.89371475243	raw_counts / DESeq2 median-of-ratios	4.23	4.577	249.467	203.856	249.467	203.856
MM_RS11975	0.676199769682007	0.416637932068078	0.104591248933107	0.240198253866324	460.622807639579	raw_counts / DESeq2 median-of-ratios	0.879	2.418	52.033	108.323	52.033	108.323
MM_RS15625	0.887902943043478	0.548195776008296	0.105300560793967	0.241666536200904	130.321613286255	raw_counts / DESeq2 median-of-ratios	7.427	24.353	447.473	1140.156	447.473	1140.156
MM_RS10920	-0.822485693404414	0.50848370727401	0.105764755665033	0.242409731962193	163.840228082607	raw_counts / DESeq2 median-of-ratios	0.835	0.838	49.687	36.292	49.687	36.292
MM_RS00560	-0.672160748640341	0.415479504855352	0.105706741195666	0.242409731962193	418.121273586216	raw_counts / DESeq2 median-of-ratios	1.852	1.924	108.256	87.137	108.256	87.137
MM_RS16945	1.00966159136258	0.624468418262129	0.105914180061718	0.242430469140606	34.398531756522	raw_counts / DESeq2 median-of-ratios	0.107	0.375	6.317	16.373	6.317	16.373
MM_RS05010	0.812672848171864	0.502561845277515	0.105865248197502	0.242430469140606	224.124576460674	raw_counts / DESeq2 median-of-ratios	4.046	11.828	235.424	511.24	235.424	511.24
MM_RS12975	-0.716022471545367	0.443134609228182	0.106134843117354	0.242774667634	442.530571952989	raw_counts / DESeq2 median-of-ratios	1.755	1.692	101.132	77.03	101.132	77.03
MM_RS04760	-0.947415414995579	0.586784996164567	0.106400166819035	0.24305964033925	534.286868239814	raw_counts / DESeq2 median-of-ratios	6.421	6.726	402.27	297.683	402.27	297.683
MM_RS15900	-0.902136195931095	0.558664953865506	0.106352451120723	0.24305964033925	63.4832364985738	raw_counts / DESeq2 median-of-ratios	3.37	3.334	203.957	147.655	203.957	147.655
MM_RS11560	1.39914208815015	0.867209546101439	0.106661086578582	0.243494641799353	16.0824894350939	raw_counts / DESeq2 median-of-ratios	0.191	0.96	12.093	43.71	12.093	43.71
MM_RS08915	-0.989144102423234	0.61332477500336	0.106797212897722	0.243644368129941	56.34742447269	raw_counts / DESeq2 median-of-ratios	0.545	0.436	31.037	18.85	31.037	18.85
MM_RS16575	-0.81597502357612	0.50628681686643	0.107030436708685	0.244015266265213	11324.9654835882	raw_counts / DESeq2 median-of-ratios	40.693	39.47	2389.588	1688.722	2389.588	1688.722
MM_RS02690	2.59911311044825	1.61445381989449	0.107419160773104	0.244739961286478	3.53365536536002	raw_counts / DESeq2 median-of-ratios	0.007	0.079	0.453	3.582	0.453	3.582
MM_RS18105	7.70455567154263	4.78773314324047	0.107566430235243	0.244913942012214	19.3153212097209	raw_counts / DESeq2 median-of-ratios	0	0.247	0	9.57	0	9.57
MM_RS08700	7.69820427565295	4.78774635880397	0.107857680966127	0.245146915172971	19.194015286644	raw_counts / DESeq2 median-of-ratios	0	0.218	0	11.319	0	11.319
MM_RS00765	0.855826247997751	0.532211437034649	0.107822728027349	0.245146915172971	104.558037696923	raw_counts / DESeq2 median-of-ratios	1.604	5.374	97.831	242.781	97.831	242.781
MM_RS13605	-0.795621226085417	0.494854644801113	0.107881676625048	0.245146915172971	194.244068070263	raw_counts / DESeq2 median-of-ratios	0.461	0.458	27.128	19.833	27.128	19.833
MM_RS05165	-0.82153373798033	0.512613136082369	0.109014406518087	0.247558027688017	346.802267256787	raw_counts / DESeq2 median-of-ratios	3.196	3.294	192.013	142.334	192.013	142.334
MM_RS14090	-0.717057746409495	0.448108208485838	0.109556701067352	0.248462800713483	1024.33402981828	raw_counts / DESeq2 median-of-ratios	1.576	1.568	91.365	68.63	91.365	68.63
MM_RS00660	-0.700952691310786	0.43796709135042	0.109494609772771	0.248462800713483	1245.38382062901	raw_counts / DESeq2 median-of-ratios	19.648	21.321	1170.183	938.913	1170.183	938.913
MM_RS00470	-0.793150312929862	0.496264478741446	0.109989318184334	0.249228056035373	573.189446059592	raw_counts / DESeq2 median-of-ratios	1.918	2.086	117.241	93.12	117.241	93.12
MM_RS01825	-0.722249908655697	0.451965395808507	0.110038443964662	0.249228056035373	900.940415678852	raw_counts / DESeq2 median-of-ratios	3.716	3.959	222.239	182.216	222.239	182.216
MM_RS05200	-0.951114415690398	0.595856148578796	0.11044083966315	0.249975530928257	748.261293647686	raw_counts / DESeq2 median-of-ratios	6.995	7.296	436.934	317.071	436.934	317.071
MM_RS10770	0.674545262250164	0.422873611824815	0.11067953183065	0.250351737356296	396.936196914391	raw_counts / DESeq2 median-of-ratios	1.953	5.318	115.411	241.684	115.411	241.684
MM_RS04515	-0.736946497054105	0.462461173573066	0.111040983624172	0.251004945967206	421.640881855918	raw_counts / DESeq2 median-of-ratios	1.034	1.128	62.338	50.151	62.338	50.151
MM_RS06360	0.815705018518199	0.512622884351859	0.111556021652013	0.25200425035059	105.288345572866	raw_counts / DESeq2 median-of-ratios	0.473	1.315	27.023	58.323	27.023	58.323
MM_RS07690	0.757900647564668	0.476513303840796	0.111719197288212	0.252207913355219	871.692092579813	raw_counts / DESeq2 median-of-ratios	7.894	20.807	453.267	963.629	453.267	963.629
MM_RS11625	-0.889954069632341	0.560098097791134	0.112077245776925	0.252850951609078	51.2198055108606	raw_counts / DESeq2 median-of-ratios	0.91	0.865	54.565	39.326	54.565	39.326
MM_RS19345	-0.827288500664435	0.520820402783111	0.112188379647754	0.25293646429722	65.9360940540918	raw_counts / DESeq2 median-of-ratios	0.724	0.688	42.736	31.486	42.736	31.486
MM_RS15330	0.864299200379395	0.544375268439477	0.112356442761485	0.253150132614591	1078.05274072447	raw_counts / DESeq2 median-of-ratios	18.529	49.276	1039.802	2237.803	1039.802	2237.803
MM_RS12715	1.24375707692053	0.784213580376413	0.112740947252739	0.253520333210261	32.554930591549	raw_counts / DESeq2 median-of-ratios	0.129	0.433	7.09	19.885	7.09	19.885
MM_RS01485	0.929956861307133	0.586197535382609	0.11264353775477	0.253520333210261	40.5558064696878	raw_counts / DESeq2 median-of-ratios	0.509	1.72	30.502	76.492	30.502	76.492
MM_RS14440	-0.713395728642795	0.449771512341352	0.112710004424696	0.253520333210261	291.068132681665	raw_counts / DESeq2 median-of-ratios	2.053	2.132	120.645	93.597	120.645	93.597
MM_RS01045	0.792185776379855	0.499625775914977	0.112839550859231	0.253576973759131	137.550380389725	raw_counts / DESeq2 median-of-ratios	2.126	5.713	121.499	259.786	121.499	259.786
MM_RS11450	-0.63748363096318	0.403287297804143	0.113942451332043	0.255888964174823	1144.49650980312	raw_counts / DESeq2 median-of-ratios	2.268	2.483	133.638	110.913	133.638	110.913
MM_RS17140	-0.788329813598198	0.499163470982928	0.11426682834932	0.256450698582555	260.174990516277	raw_counts / DESeq2 median-of-ratios	0.668	0.594	38.202	27.415	38.202	27.415
MM_RS14220	1.29587290399178	0.822353772241744	0.115069707513546	0.258047806645626	14.5211331442179	raw_counts / DESeq2 median-of-ratios	0.032	0.123	1.813	5.524	1.813	5.524
MM_RS06180	-0.788972493647621	0.500757739889906	0.11512787204427	0.258047806645626	473.619248699328	raw_counts / DESeq2 median-of-ratios	4.2	3.667	237.947	165.521	237.947	165.521
MM_RS04740	0.704700032549265	0.447447137752695	0.115271513488077	0.258202209849428	552.0716324124	raw_counts / DESeq2 median-of-ratios	2.428	6.883	143.846	301.715	143.846	301.715
MM_RS13275	1.19036480769858	0.756077106818149	0.115395917299264	0.258278650161307	17.1739134490727	raw_counts / DESeq2 median-of-ratios	0.2	0.733	11.485	32.919	11.485	32.919
MM_RS15750	-0.664141100544998	0.421907386819205	0.115455192776218	0.258278650161307	335.707549337459	raw_counts / DESeq2 median-of-ratios	1.607	1.738	94.942	77.76	94.942	77.76
MM_RS00835	-0.752354401246727	0.478255338615738	0.115690374972544	0.258637252527616	916.378809401647	raw_counts / DESeq2 median-of-ratios	1.169	1.28	70.731	56.294	70.731	56.294
MM_RS01225	-0.950331620595165	0.604413809467907	0.115876472177206	0.258885727619709	1245.42021391019	raw_counts / DESeq2 median-of-ratios	1871.124	1848.153	115688.226	87590.282	115688.226	87590.282
MM_RS14185	-0.855372790629491	0.544537962841005	0.116223753459175	0.259350496663053	87.9053944257378	raw_counts / DESeq2 median-of-ratios	0.449	0.383	25.536	17.056	25.536	17.056
MM_RS10785	0.839403392417075	0.534497623742137	0.116309762400425	0.259350496663053	118.868997973804	raw_counts / DESeq2 median-of-ratios	0.49	1.491	29.108	69.881	29.108	69.881
MM_RS04890	-0.769473306778296	0.489884936131869	0.116247113331888	0.259350496663053	3569.623617025	raw_counts / DESeq2 median-of-ratios	4906.408	5401.056	299882.884	245516.006	299882.884	245516.006
MM_RS14620	-0.709196714672871	0.452218793164029	0.116820430728398	0.260321140474766	707.943084737048	raw_counts / DESeq2 median-of-ratios	1.861	2.066	112.268	92.672	112.268	92.672
MM_RS18920	0.707633841335038	0.451707720563122	0.117214158922104	0.261030112776884	286.355237900338	raw_counts / DESeq2 median-of-ratios	42.675	124.472	2558.222	5555.977	2558.222	5555.977
MM_RS18735	1.22230767478521	0.780571192635236	0.117368657007383	0.261205761149163	17.5090897496582	raw_counts / DESeq2 median-of-ratios	0.266	0.949	15.039	43.512	15.039	43.512
MM_RS08110	1.95767927185023	1.25088002049985	0.117573154851612	0.261324116381896	5.49179454003378	raw_counts / DESeq2 median-of-ratios	0.097	0.603	5.473	26.624	5.473	26.624
MM_RS01250	1.03253264818784	0.659661382885878	0.117525130244094	0.261324116381896	30.9237850250099	raw_counts / DESeq2 median-of-ratios	0.327	1.045	18.791	48.7	18.791	48.7
MM_RS12075	-1.07809300575774	0.689072998272578	0.117687150751866	0.26140927247392	34.7499102472818	raw_counts / DESeq2 median-of-ratios	1.417	1.314	87.735	57.777	87.735	57.777
MM_RS00120	1.04891718113309	0.671363002010713	0.118200931668609	0.262381759629419	127.283222932203	raw_counts / DESeq2 median-of-ratios	2.962	9.289	166.585	391.635	166.585	391.635
MM_RS19105	1.19380682377154	0.764799631586308	0.118537758089301	0.262792512870323	25.3458499596305	raw_counts / DESeq2 median-of-ratios	1.001	3.365	55.464	149.545	55.464	149.545
MM_RS08205	-0.616335776903477	0.394849362799285	0.118538139852914	0.262792512870323	2839.24716707717	raw_counts / DESeq2 median-of-ratios	5.321	5.844	312.676	263.604	312.676	263.604
MM_RS11605	1.34834632583217	0.864503712764096	0.118836293315023	0.263115741737237	13.4882946662288	raw_counts / DESeq2 median-of-ratios	0.068	0.298	3.979	12.765	3.979	12.765
MM_RS00790	-1.12807427816949	0.723135745882212	0.118765595379057	0.263115741737237	437.835570828757	raw_counts / DESeq2 median-of-ratios	3.42	3.462	222.457	154.894	222.457	154.894
MM_RS08000	-0.862057928070524	0.552992083185369	0.11902066266575	0.263331631827438	919.088556378327	raw_counts / DESeq2 median-of-ratios	2.246	2.416	138.734	105.436	138.734	105.436
MM_RS11620	-0.715764857397325	0.459229784812512	0.119086279361453	0.263331631827438	153.481866483082	raw_counts / DESeq2 median-of-ratios	1.225	1.275	72.1	56.364	72.1	56.364
MM_RS04670	0.983194137234114	0.632189277483045	0.119893408053216	0.264744980478012	29.4059218316597	raw_counts / DESeq2 median-of-ratios	0.085	0.273	4.92	12.167	4.92	12.167
MM_RS04430	0.740644370344262	0.476310609325349	0.119955383453413	0.264744980478012	95.7888746194081	raw_counts / DESeq2 median-of-ratios	1.52	4.323	89.679	194.352	89.679	194.352
MM_RS09280	-0.678058877768122	0.435956339717945	0.119865910425153	0.264744980478012	1111.30994131382	raw_counts / DESeq2 median-of-ratios	7.011	7.826	420.787	354.168	420.787	354.168
MM_RS16790	-0.888311600249954	0.571975081142527	0.120408809119407	0.265455370075948	959.857165389439	raw_counts / DESeq2 median-of-ratios	6.393	4.969	357.383	227.038	357.383	227.038
MM_RS10570	0.882323472621803	0.568153317631202	0.120430968416043	0.265455370075948	497.540287296265	raw_counts / DESeq2 median-of-ratios	6.459	23.723	403.158	1057.171	403.158	1057.171
MM_RS09220	1.14938595348451	0.740989851016226	0.120865887990185	0.266244118060012	28.1418974422253	raw_counts / DESeq2 median-of-ratios	0.042	0.136	2.334	6.192	2.334	6.192
MM_RS18680	-3.212705699875	2.07578625041122	0.121693228521312	0.267623892682598	2.31160120161224	raw_counts / DESeq2 median-of-ratios	0.846	0.098	47.763	5.105	47.763	5.105
MM_RS17180	-1.07740642794672	0.695984566349523	0.121614575783846	0.267623892682598	531.361945695487	raw_counts / DESeq2 median-of-ratios	3.216	3.32	207.859	148.586	207.859	148.586
MM_RS01590	0.689711132257778	0.445672247420425	0.121724706254882	0.267623892682598	161.884503983685	raw_counts / DESeq2 median-of-ratios	1.224	3.259	71.366	146.243	71.366	146.243
MM_RS06745	0.681879850604721	0.441089110319486	0.122128613804879	0.268341114556013	1538.31580754062	raw_counts / DESeq2 median-of-ratios	10.087	26.158	583.019	1150.496	583.019	1150.496
MM_RS08625	-0.651625818742657	0.421774613772236	0.12235541622397	0.268668536323962	398.665723095791	raw_counts / DESeq2 median-of-ratios	0.729	0.761	42.393	33.957	42.393	33.957
MM_RS06480	-0.919509469396583	0.595851630055523	0.122785825811538	0.269442339487327	721.705064522506	raw_counts / DESeq2 median-of-ratios	3.153	3.391	197.879	149.065	197.879	149.065
MM_RS04790	0.817090081838855	0.529781739985623	0.122997176779005	0.269734761012497	62.3805467107042	raw_counts / DESeq2 median-of-ratios	0.592	1.807	35.05	79.694	35.05	79.694
MM_RS10700	1.10820979528129	0.718865486804262	0.123168538747535	0.269767997992381	23.4252138774744	raw_counts / DESeq2 median-of-ratios	0.142	0.509	8.195	21.95	8.195	21.95
MM_RS02800	-0.756854083470225	0.49091666390784	0.123142618131579	0.269767997992381	706.350447478942	raw_counts / DESeq2 median-of-ratios	1.81	1.644	102.879	72.687	102.879	72.687
MM_RS14935	0.784469196871298	0.509990689359516	0.123998993208845	0.271414779812009	77.1031656667279	raw_counts / DESeq2 median-of-ratios	0.243	0.714	14.277	31.468	14.277	31.468
MM_RS14405	0.898591765950299	0.584378418383452	0.124124883728186	0.27151827004253	144.114265978074	raw_counts / DESeq2 median-of-ratios	2.516	9.246	156.619	410.234	156.619	410.234
MM_RS11565	0.865919413962967	0.563821040983524	0.124586108587806	0.27235469560904	47.0401917675109	raw_counts / DESeq2 median-of-ratios	0.335	1.004	19.603	46.146	19.603	46.146
MM_RS09535	0.944081036965277	0.615084937724183	0.124813519687182	0.272506888116009	63.2107479192496	raw_counts / DESeq2 median-of-ratios	3.632	11.127	207.21	477.644	207.21	477.644
MM_RS13565	-0.688575103202826	0.448593893510408	0.124792875962344	0.272506888116009	2528.59145746197	raw_counts / DESeq2 median-of-ratios	18.693	20.872	1125.778	951.739	1125.778	951.739
MM_RS14855	-0.957561749487707	0.624037506432704	0.124916070604252	0.272558501495317	266.451078964667	raw_counts / DESeq2 median-of-ratios	1.59	1.673	100.517	76.073	100.517	76.073
MM_RS06660	-1.23884077992796	0.808110017954905	0.12527337842662	0.27316556129138	68910.0867539703	raw_counts / DESeq2 median-of-ratios	391.031	219.641	21241.839	9566.452	21241.839	9566.452
MM_RS03325	-0.837883652374749	0.547439760860552	0.125880770740033	0.274316834155253	468.364556021463	raw_counts / DESeq2 median-of-ratios	5.727	6.037	351.911	280.553	351.911	280.553
MM_RS12165	0.745944313665951	0.487957726698641	0.126337136271045	0.275137748222061	2989.43135274918	raw_counts / DESeq2 median-of-ratios	11.221	35.101	684.676	1601.723	684.676	1601.723
MM_RS09230	0.774579462885547	0.506886216762721	0.126484462026423	0.275285023213147	129.851419924333	raw_counts / DESeq2 median-of-ratios	0.728	2.03	42.046	88.507	42.046	88.507
MM_RS12560	-0.889431419612905	0.582959597990749	0.127080337263353	0.276407736087922	518.211226077786	raw_counts / DESeq2 median-of-ratios	4.586	4.99	287.357	222.46	287.357	222.46
MM_RS10415	0.937696463369305	0.615440175349362	0.127603865819147	0.277003318745993	169.303582067567	raw_counts / DESeq2 median-of-ratios	1.053	2.902	58.561	129.189	58.561	129.189
MM_RS12980	-0.827602295787023	0.543168216883585	0.127594305888684	0.277003318745993	1138.81369086834	raw_counts / DESeq2 median-of-ratios	5.361	4.425	301.564	203.436	301.564	203.436
MM_RS19175	-0.823369036182687	0.540572362787273	0.127722920968165	0.277003318745993	173.73231632335	raw_counts / DESeq2 median-of-ratios	0.308	0.263	17.424	11.66	17.424	11.66
MM_RS13540	0.790004456753367	0.518711151910172	0.127755149612729	0.277003318745993	73.7629770755633	raw_counts / DESeq2 median-of-ratios	0.11	0.308	6.4	14.143	6.4	14.143
MM_RS07185	0.777594608703853	0.510210015593305	0.127491798522986	0.277003318745993	442.411670374562	raw_counts / DESeq2 median-of-ratios	2.583	7.697	154.239	361.373	154.239	361.373
MM_RS06275	0.736123659222611	0.483847827133339	0.128160745837593	0.277708416639302	719.922586160886	raw_counts / DESeq2 median-of-ratios	6.04	18.367	363.938	802.054	363.938	802.054
MM_RS03950	-1.44233165883992	0.949345257264481	0.128689276430673	0.278678846891251	722.826342204799	raw_counts / DESeq2 median-of-ratios	26.915	12.671	1447.934	554.192	1447.934	554.192
MM_RS14495	-0.792820890988908	0.522202313119593	0.128957550078639	0.279084823290488	474.129211951962	raw_counts / DESeq2 median-of-ratios	2.788	2.534	160.998	119.506	160.998	119.506
MM_RS15985	0.869444279332558	0.573138493835848	0.129269686536909	0.279585157982771	49.4881504008504	raw_counts / DESeq2 median-of-ratios	0.366	1.104	21.477	51.243	21.477	51.243
MM_RS12425	0.732475169852277	0.483012253419428	0.129399725090884	0.279691270628231	412.891320263992	raw_counts / DESeq2 median-of-ratios	1.147	3.538	69.75	157.901	69.75	157.901
MM_RS14475	0.923873146044053	0.60984289034416	0.129788530622272	0.28018099048083	34.3742304298634	raw_counts / DESeq2 median-of-ratios	0.178	0.546	10.259	24.308	10.259	24.308
MM_RS06330	0.763088744494644	0.503645638193762	0.129739421005507	0.28018099048083	2197.41580829351	raw_counts / DESeq2 median-of-ratios	31.338	101.411	1925.083	4568.841	1925.083	4568.841
MM_RS05170	1.32230584518572	0.87359602980955	0.130118346491317	0.280458421123219	11.8746320615605	raw_counts / DESeq2 median-of-ratios	0.087	0.377	5.16	16.502	5.16	16.502
MM_RS14290	-0.837097030627625	0.553142539185866	0.130191343396567	0.280458421123219	95.6718527115959	raw_counts / DESeq2 median-of-ratios	3.593	3.036	203.497	137.853	203.497	137.853
MM_RS11635	0.826053664582455	0.545916966890686	0.130241837719063	0.280458421123219	50.9864987254752	raw_counts / DESeq2 median-of-ratios	0.56	1.605	32.399	72.559	32.399	72.559
MM_RS05570	0.772777918014369	0.510510933267662	0.130093237945427	0.280458421123219	98.9252910542338	raw_counts / DESeq2 median-of-ratios	0.11	0.301	6.338	13.295	6.338	13.295
MM_RS11330	-1.00277702009166	0.664042671102905	0.131015534209772	0.281948694804082	29.3126923932178	raw_counts / DESeq2 median-of-ratios	0.259	0.209	14.8	9.183	14.8	9.183
MM_RS09430	0.690249581638648	0.457220948686739	0.131129418775427	0.282018065037562	127.828346592109	raw_counts / DESeq2 median-of-ratios	0.672	1.797	39.278	81.17	39.278	81.17
MM_RS18190	1.48046004091601	0.981279745366156	0.13137460859765	0.282193966477787	10.2531536663652	raw_counts / DESeq2 median-of-ratios	0.645	3.454	40.73	156.182	40.73	156.182
MM_RS03640	0.668946901045981	0.443374316488715	0.131359280193599	0.282193966477787	262.78778527728	raw_counts / DESeq2 median-of-ratios	0.573	1.58	33.945	69.946	33.945	69.946
MM_RS08465	0.867836460085395	0.575856519854568	0.131801450365021	0.28223323593353	47.3687347416241	raw_counts / DESeq2 median-of-ratios	3.058	9.339	180.457	432.583	180.457	432.583
MM_RS02580	-0.863265191192657	0.572823176047482	0.13180141046072	0.28223323593353	479.659509768669	raw_counts / DESeq2 median-of-ratios	6.183	4.923	345.583	220.647	345.583	220.647
MM_RS09645	-0.76103130462524	0.504696566772499	0.131580451528032	0.28223323593353	70.5698175837373	raw_counts / DESeq2 median-of-ratios	0.317	0.32	18.759	14.445	18.759	14.445
MM_RS16585	-0.753756213844265	0.500064423226677	0.131729110827316	0.28223323593353	466.307425406247	raw_counts / DESeq2 median-of-ratios	3.148	2.988	182.732	140.246	182.732	140.246
MM_RS00670	0.722043612565165	0.478818021665206	0.131561991255458	0.28223323593353	148.636650795414	raw_counts / DESeq2 median-of-ratios	6.725	19.774	404.118	895.537	404.118	895.537
MM_RS19445	-1.22587467903912	0.813657339948705	0.131907376352672	0.282285054474677	17.364433547799	raw_counts / DESeq2 median-of-ratios	5.42	4.44	335.942	200.42	335.942	200.42
MM_RS01640	-0.737680683069614	0.489967306808172	0.132177277428038	0.282687502313587	2226.10212105667	raw_counts / DESeq2 median-of-ratios	5.687	6.392	346.205	281.5	346.205	281.5
MM_RS13885	0.78405649223441	0.521532194161808	0.132743343219239	0.283722467499537	134.014049796047	raw_counts / DESeq2 median-of-ratios	0.586	1.552	33.264	68.961	33.264	68.961
MM_RS14925	-1.26466142911767	0.841994708685425	0.133101594191084	0.284312248816329	138.345158633444	raw_counts / DESeq2 median-of-ratios	1.141	1.008	74.06	49.14	74.06	49.14
MM_RS08040	-0.700054855887267	0.466393928503301	0.133356909614041	0.284681561067304	366.077481241374	raw_counts / DESeq2 median-of-ratios	10.363	11.578	625.928	524.175	625.928	524.175
MM_RS10605	1.57499147127618	1.0513139860183	0.134102826224881	0.285391966593185	7.80009827488303	raw_counts / DESeq2 median-of-ratios	0.1	0.522	5.924	22.715	5.924	22.715
MM_RS00315	-0.823655497988126	0.549601752064377	0.133966894831093	0.285391966593185	348.732530518767	raw_counts / DESeq2 median-of-ratios	5.952	6.544	368.916	296.475	368.916	296.475
MM_RS05820	-0.812360688724761	0.541947783693439	0.133882746055562	0.285391966593185	169.524682381079	raw_counts / DESeq2 median-of-ratios	0.532	0.467	30.206	20.377	30.206	20.377
MM_RS04095	-0.784679635066155	0.523719662901077	0.134060052685248	0.285391966593185	2155.06785112534	raw_counts / DESeq2 median-of-ratios	22.753	25.527	1405.33	1155.181	1405.33	1155.181
MM_RS08390	0.651254985359311	0.434433961019268	0.133850656423933	0.285391966593185	287.094974482302	raw_counts / DESeq2 median-of-ratios	5.343	14.622	317.603	653.435	317.603	653.435
MM_RS07810	0.84389756842336	0.563694971017459	0.134371934857876	0.285692489228292	72.2734336818336	raw_counts / DESeq2 median-of-ratios	0.281	0.768	15.883	34.569	15.883	34.569
MM_RS15100	0.660760490101123	0.441408138782026	0.134409465835546	0.285692489228292	312.260182608275	raw_counts / DESeq2 median-of-ratios	0.585	1.635	35.002	73.658	35.002	73.658
MM_RS05255	-0.598529973058905	0.39996167133253	0.134531655726038	0.285776346173269	1056.96391685768	raw_counts / DESeq2 median-of-ratios	15.841	17.67	931.691	795.472	931.691	795.472
MM_RS19185	-1.18423819143316	0.791649751882327	0.134676645473716	0.285908502437747	3814.19846654332	raw_counts / DESeq2 median-of-ratios	96.068	56.577	5286.914	2757.478	5286.914	2757.478
MM_RS05535	-0.99448816405833	0.665394467223297	0.1350229503598	0.286364253830258	182.390016404412	raw_counts / DESeq2 median-of-ratios	1.412	1.487	89.599	64.72	89.599	64.72
MM_RS10580	0.832687921738954	0.557185589384348	0.135057142295741	0.286364253830258	2369.89909817501	raw_counts / DESeq2 median-of-ratios	21.957	58.238	1234.903	2536.193	1234.903	2536.193
MM_RS10980	1.25554069420792	0.841273141615867	0.135586636082972	0.287310577319377	37.2927985422334	raw_counts / DESeq2 median-of-ratios	0.17	0.699	10.269	34.629	10.269	34.629
MM_RS15665	-0.650403226006291	0.435905344493912	0.135679629740673	0.287331355686258	984.403650795797	raw_counts / DESeq2 median-of-ratios	2.637	2.965	157.727	135.217	157.727	135.217
MM_RS11655	-1.08651741973578	0.728481944572367	0.135835097258227	0.287484329613919	54.6641915113428	raw_counts / DESeq2 median-of-ratios	3.332	2.694	200.488	131.813	200.488	131.813
MM_RS11355	1.06464349390321	0.713991489809867	0.135931277743398	0.287511716672196	21.5710002048552	raw_counts / DESeq2 median-of-ratios	0.172	0.568	9.896	26.188	9.896	26.188
MM_RS19335	0.8779943841157	0.59103762877881	0.137407846560272	0.290456977979914	907.040673659083	raw_counts / DESeq2 median-of-ratios	4.697	17.528	295.545	789.455	295.545	789.455
MM_RS10410	-1.09560064810156	0.739416947559563	0.138417776548645	0.29205558961455	102.767209518921	raw_counts / DESeq2 median-of-ratios	1.043	0.666	57.642	31.674	57.642	31.674
MM_RS12835	0.749804957712306	0.506000002669668	0.138386074274041	0.29205558961455	71.0398600670837	raw_counts / DESeq2 median-of-ratios	2.244	6.462	132.362	287.522	132.362	287.522
MM_RS05625	-0.639771710357355	0.431677965677207	0.138324907348266	0.29205558961455	334.575657785455	raw_counts / DESeq2 median-of-ratios	2.436	2.686	143.826	119.007	143.826	119.007
MM_RS03660	0.710550449859424	0.479673093479995	0.138520708959641	0.292094339894139	159.584361858267	raw_counts / DESeq2 median-of-ratios	0.263	0.696	15.162	30.635	15.162	30.635
MM_RS15905	-0.893204811463807	0.603828713229916	0.13907740994107	0.293089306855677	675.181522899384	raw_counts / DESeq2 median-of-ratios	5.352	5.85	337.254	266.888	337.254	266.888
MM_RS06710	-0.818988447789694	0.55507062611404	0.140087006737371	0.295036903213951	1005.27876338746	raw_counts / DESeq2 median-of-ratios	3.327	2.751	186.349	122.984	186.349	122.984
MM_RS08470	0.88389526241016	0.599299226321913	0.140244440513278	0.295188481129106	140.988147238407	raw_counts / DESeq2 median-of-ratios	0.636	2.335	39.822	105.084	39.822	105.084
MM_RS08745	-0.836063084210366	0.567180087731833	0.140462777050302	0.29546798534211	267.11599483864	raw_counts / DESeq2 median-of-ratios	1.127	1.245	70.17	56.035	70.17	56.035
MM_RS14545	-0.891794969226981	0.605164320511345	0.140578269521004	0.295530945176841	51.2206466682891	raw_counts / DESeq2 median-of-ratios	0.117	0.119	7.197	5.309	7.197	5.309
MM_RS06505	1.06273008791407	0.721648264222453	0.140847389813561	0.295736707851696	19.0989901702583	raw_counts / DESeq2 median-of-ratios	0.086	0.298	5.039	13.638	5.039	13.638
MM_RS01505	-0.652409388215267	0.442991869372759	0.140822652840973	0.295736707851696	229.198369237167	raw_counts / DESeq2 median-of-ratios	0.392	0.403	22.7	18.136	22.7	18.136
MM_RS12815	0.932512868204049	0.633461691930017	0.140996470631207	0.295869872150783	106.296088245086	raw_counts / DESeq2 median-of-ratios	0.27	0.739	15.063	34.283	15.063	34.283
MM_RS14260	1.38710746359022	0.942506654642393	0.141096054538553	0.295899072480972	9.54950148395354	raw_counts / DESeq2 median-of-ratios	0.259	1.142	15.287	51.863	15.287	51.863
MM_RS01085	0.951986614952613	0.647839378867467	0.141702808073611	0.296985134746222	53.479604001193	raw_counts / DESeq2 median-of-ratios	0.225	0.635	12.549	28.772	12.549	28.772
MM_RS03190	0.625564849851013	0.425793891672345	0.141785896698472	0.296985134746222	366.516013784697	raw_counts / DESeq2 median-of-ratios	2.784	6.972	161.564	315.664	161.564	315.664
MM_RS05055	0.741642549102162	0.50569502636151	0.14249016237762	0.298098740673712	198.148812667894	raw_counts / DESeq2 median-of-ratios	0.833	2.199	47.662	96.25	47.662	96.25
MM_RS16250	0.688655898839823	0.469528842057363	0.142458873329586	0.298098740673712	215.133172897676	raw_counts / DESeq2 median-of-ratios	1.403	3.544	80.453	160.786	80.453	160.786
MM_RS10395	-2.61414570096363	1.78298086893141	0.142603103575486	0.29815443084124	1847.95491942756	raw_counts / DESeq2 median-of-ratios	21.51	4.302	1156.05	213.787	1156.05	213.787
MM_RS13395	7.00516473065522	4.78960091399264	0.143582897901312	0.299974240884096	11.8653912681072	raw_counts / DESeq2 median-of-ratios	0	0.115	0	5.939	0	5.939
MM_RS00780	-1.0647213967084	0.728092699149123	0.143647190046987	0.299974240884096	960.612075542574	raw_counts / DESeq2 median-of-ratios	1198.488	1272.775	78165.08	57654.568	78165.08	57654.568
MM_RS19425	1.95362440254382	1.33807497865712	0.144282898882027	0.30111971766678	5.79782268121918	raw_counts / DESeq2 median-of-ratios	0.707	4.433	42.227	220.05	42.227	220.05
MM_RS11475	-0.873247657107228	0.598529639091055	0.144568366373287	0.301533295563607	151.636198153562	raw_counts / DESeq2 median-of-ratios	1.424	1.152	79.809	50.352	79.809	50.352
MM_RS09460	-0.973751728728691	0.66787751984089	0.144846195173997	0.30156646059734	1279.52816459094	raw_counts / DESeq2 median-of-ratios	45.442	49.605	2909.239	2170.76	2909.239	2170.76
MM_RS00675	0.77887828789513	0.533999668335281	0.144682262174041	0.30156646059734	130.888697403326	raw_counts / DESeq2 median-of-ratios	1.208	3.426	70.957	161.085	70.957	161.085
MM_RS08220	-0.59355826459008	0.407062280512984	0.144798931134254	0.30156646059734	558.36187594332	raw_counts / DESeq2 median-of-ratios	3.941	4.378	231.222	197.371	231.222	197.371
MM_RS05750	-0.62896969341169	0.431825832560495	0.145244618769157	0.3022138031498	568.745885926694	raw_counts / DESeq2 median-of-ratios	2.514	2.874	150.321	129.741	150.321	129.741
MM_RS01755	2.36248339212038	1.62255715433135	0.145385774911312	0.302325386239417	3.70304965527776	raw_counts / DESeq2 median-of-ratios	0.018	0.125	0.935	5.899	0.935	5.899
MM_RS02215	-0.785816110822814	0.539870807089348	0.145513391238675	0.302408696352817	620.637272343093	raw_counts / DESeq2 median-of-ratios	59.853	65.935	3684.052	3046.919	3684.052	3046.919
MM_RS01960	-1.10375880713351	0.75853488003996	0.14563621380763	0.302481949784458	1355.28546959959	raw_counts / DESeq2 median-of-ratios	10.485	10.843	686.437	504.535	686.437	504.535
MM_RS10170	0.607992603782037	0.417953244762721	0.145754970944395	0.302546676467511	556.846527982732	raw_counts / DESeq2 median-of-ratios	1.72	4.262	99.916	193.087	99.916	193.087
MM_RS02845	2.20695564298571	1.51825360862996	0.146053181160635	0.302801733330633	4.62325359381975	raw_counts / DESeq2 median-of-ratios	0.079	0.54	4.205	22.669	4.205	22.669
MM_RS07510	0.760443566474467	0.523059004624602	0.145990955346728	0.302801733330633	302.374114299866	raw_counts / DESeq2 median-of-ratios	2.912	8.021	170.071	378.677	170.071	378.677
MM_RS04880	1.07991530068693	0.743422390441899	0.146327396172162	0.303188258175553	19.8426273498197	raw_counts / DESeq2 median-of-ratios	0.035	0.113	1.972	5.07	1.972	5.07
MM_RS05305	1.44070180002483	0.992377676619391	0.146566223860403	0.303421243622749	9.54381349378352	raw_counts / DESeq2 median-of-ratios	0.504	2.043	28.178	94.425	28.178	94.425
MM_RS01030	0.610240635798626	0.420394515489037	0.146615534338844	0.303421243622749	335.693843698934	raw_counts / DESeq2 median-of-ratios	1.635	4.259	96.564	192.002	96.564	192.002
MM_RS19060	1.51507543536084	1.04451518976723	0.146917497786429	0.303864094224147	8.81190639883715	raw_counts / DESeq2 median-of-ratios	0.186	0.836	10.826	40.118	10.826	40.118
MM_RS14680	0.80223180171177	0.553806708105398	0.147455676546193	0.304794677911759	52.0583768643118	raw_counts / DESeq2 median-of-ratios	0.103	0.286	5.923	12.918	5.923	12.918
MM_RS01430	-0.735800259469975	0.508058432255877	0.147544595176043	0.304796071613669	1555.75706347158	raw_counts / DESeq2 median-of-ratios	4.37	5.004	268.605	226.518	268.605	226.518
MM_RS02245	1.5990578595458	1.10466178623349	0.147741754924272	0.3050209333583	7.61121019926007	raw_counts / DESeq2 median-of-ratios	0.049	0.221	2.717	9.977	2.717	9.977
MM_RS14345	-0.633140337944709	0.43761458195334	0.147953227975108	0.305275059394279	202.449017819124	raw_counts / DESeq2 median-of-ratios	1.231	1.353	72.734	61.172	72.734	61.172
MM_RS19155	1.51291607943823	1.0470516878133	0.148477633437194	0.305643347371699	8.87796641872767	raw_counts / DESeq2 median-of-ratios	0.259	1.371	15.642	57.999	15.642	57.999
MM_RS18030	0.691436808846102	0.478438583329262	0.148403261065567	0.305643347371699	423.40513132061	raw_counts / DESeq2 median-of-ratios	61.807	155.327	3527.858	6875.109	3527.858	6875.109
MM_RS01010	0.646850767825868	0.447677644833786	0.148485136210699	0.305643347371699	179.322877330146	raw_counts / DESeq2 median-of-ratios	0.648	1.731	38.175	76.82	38.175	76.82
MM_RS05335	-0.62322239835563	0.431366268703944	0.148524223647584	0.305643347371699	616.379651874557	raw_counts / DESeq2 median-of-ratios	3.695	4.132	218.249	182.055	218.249	182.055
MM_RS14675	-0.61742177090344	0.427403915409874	0.148574169147969	0.305643347371699	1232.27373893043	raw_counts / DESeq2 median-of-ratios	17.139	19.868	1026.203	892.768	1026.203	892.768
MM_RS11135	1.66616407540842	1.15430453015777	0.148897844756178	0.305944768463913	11.1562936343971	raw_counts / DESeq2 median-of-ratios	0.067	0.284	3.568	12.782	3.568	12.782
MM_RS08025	-0.777991989869934	0.538975699376197	0.148889821783221	0.305944768463913	154.734456014596	raw_counts / DESeq2 median-of-ratios	1.387	1.247	79.556	58.429	79.556	58.429
MM_RS09085	-0.612080163143114	0.424415931576224	0.149254262625966	0.306494781872821	324.661263030079	raw_counts / DESeq2 median-of-ratios	2.145	2.326	125.136	103.64	125.136	103.64
MM_RS14995	-0.723778737042255	0.503042144725522	0.150206239087358	0.308212083872981	93.8743330035198	raw_counts / DESeq2 median-of-ratios	0.794	0.762	45.64	34.216	45.64	34.216
MM_RS05980	-0.650600356321813	0.452251164121171	0.150269006729039	0.308212083872981	594.659444078976	raw_counts / DESeq2 median-of-ratios	5.018	5.795	302.495	259.874	302.495	259.874
MM_RS10445	-0.771846897479353	0.537000701027709	0.150624417729124	0.308757708508246	489.493103631251	raw_counts / DESeq2 median-of-ratios	0.795	0.893	48.737	38.941	48.737	38.941
MM_RS12995	-1.10856333459611	0.772142919467759	0.151088556580567	0.309511413116294	2445.2318775202	raw_counts / DESeq2 median-of-ratios	34.007	21.187	1854.101	922.064	1854.101	922.064
MM_RS09760	-0.713112596107122	0.496801879745003	0.151171324240645	0.309511413116294	286.261186577572	raw_counts / DESeq2 median-of-ratios	3.061	3.485	186.411	155.329	186.411	155.329
MM_RS07560	0.705548481739895	0.492029501217205	0.151584920272259	0.310174357002596	171.587299332117	raw_counts / DESeq2 median-of-ratios	0.275	0.7	15.686	31.106	15.686	31.106
MM_RS00820	1.52167946251383	1.06194796023656	0.151882587285224	0.310599441375467	8.10973869531832	raw_counts / DESeq2 median-of-ratios	0.442	2.035	25.912	97.015	25.912	97.015
MM_RS04950	0.714140932767747	0.499189549605014	0.152544678891351	0.311584459426804	269.672329208785	raw_counts / DESeq2 median-of-ratios	1.176	2.956	67.079	135.932	67.079	135.932
MM_RS11935	-0.625284774442244	0.43701195318804	0.152482248039116	0.311584459426804	766.945705953669	raw_counts / DESeq2 median-of-ratios	3.44	3.53	197.761	158.084	197.761	158.084
MM_RS17190	0.755841419275943	0.529343694585036	0.153325234795714	0.312993712165719	404.546683632477	raw_counts / DESeq2 median-of-ratios	2.846	7.176	160.413	319.555	160.413	319.555
MM_RS18775	1.18544880780298	0.831607453993594	0.154015366193659	0.314216819157057	15.2644162195043	raw_counts / DESeq2 median-of-ratios	0.086	0.347	5.095	14.821	5.095	14.821
MM_RS17120	-0.677280266864427	0.475815835993161	0.154617793306265	0.315259656481605	337.374600274742	raw_counts / DESeq2 median-of-ratios	0.651	0.637	37.444	29.424	37.444	29.424
MM_RS15320	-0.72869535229835	0.512138344600841	0.154780034693578	0.315404271287091	752.134784967945	raw_counts / DESeq2 median-of-ratios	1150.683	1235.723	69271.249	57898.031	69271.249	57898.031
MM_RS00985	0.68462046805401	0.481394646938937	0.154979652973621	0.315624835713967	92.037183019025	raw_counts / DESeq2 median-of-ratios	0.721	1.954	42.509	88.597	42.509	88.597
MM_RS10065	-0.843723641915335	0.593458309883827	0.155111420856334	0.31570704044654	94.5204440544536	raw_counts / DESeq2 median-of-ratios	0.844	0.826	49.792	34.977	49.792	34.977
MM_RS18995	-3.41264309026083	2.40453659727394	0.155825595143854	0.316787289951073	88.1045548441556	raw_counts / DESeq2 median-of-ratios	4.885	0.526	260.652	26.681	260.652	26.681
MM_RS14785	-0.808583033753674	0.569689065260223	0.155799631426924	0.316787289951073	102.119594283098	raw_counts / DESeq2 median-of-ratios	0.857	0.732	48.285	32.746	48.285	32.746
MM_RS04975	0.940799252115911	0.663458735899878	0.156184267693482	0.317329682713699	39.7098845352755	raw_counts / DESeq2 median-of-ratios	0.175	0.502	9.779	22.314	9.779	22.314
MM_RS16255	0.710047559138403	0.500850261141103	0.156282951565985	0.317343512468497	95.6757402291588	raw_counts / DESeq2 median-of-ratios	0.356	0.925	20.459	41.409	20.459	41.409
MM_RS02520	0.794450623731521	0.560765070386972	0.156562964399865	0.317725310832628	63.2017323547415	raw_counts / DESeq2 median-of-ratios	0.404	1.08	22.976	49.124	22.976	49.124
MM_RS08675	0.766707979604264	0.5418787392811	0.157095787927751	0.318619407811187	200.510670067676	raw_counts / DESeq2 median-of-ratios	1.269	3.313	71.934	144.639	71.934	144.639
MM_RS00150	0.821576518315044	0.580806514410415	0.157202163039799	0.318648046443348	40.2107258700062	raw_counts / DESeq2 median-of-ratios	0.542	1.695	32.323	75.206	32.323	75.206
MM_RS11840	-0.603044170882872	0.426697035835305	0.157572183295447	0.319210745514647	449.156677777167	raw_counts / DESeq2 median-of-ratios	1.732	1.836	100.19	82.606	100.19	82.606
MM_RS01760	1.02429537339147	0.725165620889122	0.157803223268325	0.319491402795307	26.602701880002	raw_counts / DESeq2 median-of-ratios	0.147	0.451	8.207	19.839	8.207	19.839
MM_RS17725	-0.721397269135395	0.511625977167875	0.158537004252952	0.320788993959986	64.0338990677578	raw_counts / DESeq2 median-of-ratios	0.504	0.506	29.441	22.763	29.441	22.763
MM_RS17160	-0.728381734582573	0.516906785003136	0.158800805674549	0.321134650351225	663.779864608179	raw_counts / DESeq2 median-of-ratios	1.521	1.622	90.313	69.44	90.313	69.44
MM_RS16725	0.982624761307992	0.699523857640255	0.160108975452394	0.323590638509402	30.2970297002384	raw_counts / DESeq2 median-of-ratios	0.506	1.492	28.313	66.924	28.313	66.924
MM_RS05635	0.765671198120086	0.545255922246599	0.160246836456134	0.323679867321338	431.743002014159	raw_counts / DESeq2 median-of-ratios	4.033	13.121	248.934	604.032	248.934	604.032
MM_RS19575	1.06023630659977	0.755589184244626	0.16055974721201	0.324122365207646	233.457041889391	raw_counts / DESeq2 median-of-ratios	2.617	12.047	169.053	511.843	169.053	511.843
MM_RS00580	0.92418307596006	0.659408476039857	0.161054594107331	0.324659875089775	151.27736328301	raw_counts / DESeq2 median-of-ratios	1.696	4.552	93.782	201.716	93.782	201.716
MM_RS02200	0.909568837701743	0.649063913353281	0.161107998235053	0.324659875089775	41.7462570635426	raw_counts / DESeq2 median-of-ratios	0.635	2.273	39.378	102.584	39.378	102.584
MM_RS10290	-0.725259884316977	0.517325259393097	0.1609326390512	0.324659875089775	646.386280664567	raw_counts / DESeq2 median-of-ratios	3.447	3.757	206.229	161.3	206.229	161.3
MM_RS07320	0.683950471118099	0.488192355650011	0.161218372637072	0.324692862442244	88.7062343224719	raw_counts / DESeq2 median-of-ratios	0.824	2.296	48.974	103.143	48.974	103.143
MM_RS17855	2.69641318715288	1.92522842055735	0.161343316103165	0.324755136258935	2.98346387697382	raw_counts / DESeq2 median-of-ratios	0.155	1.281	8.275	63.953	8.275	63.953
MM_RS03465	1.00411136104001	0.717192157578109	0.161495640462201	0.324796634728568	22.6305570270493	raw_counts / DESeq2 median-of-ratios	0.078	0.241	4.475	11.146	4.475	11.146
MM_RS12280	-0.747998079579229	0.534453484150064	0.161646037955532	0.324796634728568	636.795536152729	raw_counts / DESeq2 median-of-ratios	3.526	3.249	200.501	140.54	200.501	140.54
MM_RS04265	0.711731458685445	0.50849190245909	0.161605917637746	0.324796634728568	2083.05861519136	raw_counts / DESeq2 median-of-ratios	10.471	32.379	642.084	1482.614	642.084	1482.614
MM_RS15470	0.714973217299435	0.511032121748302	0.161789935351736	0.324896765526102	64.4678324550959	raw_counts / DESeq2 median-of-ratios	0.258	0.701	15.032	31.449	15.032	31.449
MM_RS10100	1.06727965968947	0.763748537190835	0.16228645093439	0.324989352794128	26.6420435556876	raw_counts / DESeq2 median-of-ratios	0.092	0.296	5.164	12.7	5.164	12.7
MM_RS09635	0.899562748178532	0.643391187461474	0.162065526911955	0.324989352794128	30.601167168819	raw_counts / DESeq2 median-of-ratios	0.097	0.323	5.852	14.675	5.852	14.675
MM_RS13675	-0.873211147172439	0.625042123752635	0.162400437081383	0.324989352794128	32.2575908648487	raw_counts / DESeq2 median-of-ratios	0.188	0.182	11.326	8.254	11.326	8.254
MM_RS02665	0.856913770890595	0.613321930280834	0.162363058967691	0.324989352794128	38.1679261366021	raw_counts / DESeq2 median-of-ratios	0.388	1.165	22.85	54.279	22.85	54.279
MM_RS13060	-0.770324486665531	0.55096761757291	0.162073960853909	0.324989352794128	91.3203210677687	raw_counts / DESeq2 median-of-ratios	0.217	0.208	12.502	8.969	12.502	8.969
MM_RS09920	0.734546713702165	0.525786691818088	0.162400585675352	0.324989352794128	56.2893275051514	raw_counts / DESeq2 median-of-ratios	0.642	1.787	37.676	80.867	37.676	80.867
MM_RS02645	-0.671109753567223	0.480517651775485	0.162522118088709	0.325044236177418	346.653088056706	raw_counts / DESeq2 median-of-ratios	1.024	1.058	59.965	49.396	59.965	49.396
MM_RS19365	-1.26799864049349	0.908816351334649	0.162949543936317	0.325710488863448	15.5796550465679	raw_counts / DESeq2 median-of-ratios	6.058	3.868	355.848	191.664	355.848	191.664
MM_RS02445	0.606288393618949	0.435354652234922	0.163731397508943	0.327084006359681	202.455588828994	raw_counts / DESeq2 median-of-ratios	1.19	2.993	69.431	134.378	69.431	134.378
MM_RS07630	0.623534162931312	0.447851912239006	0.163838367194922	0.327108508838879	202.815761867139	raw_counts / DESeq2 median-of-ratios	0.664	1.646	38.361	74.063	38.361	74.063
MM_RS04605	0.557443080905427	0.400603422468541	0.164071273771475	0.327384274758333	2323.828354368	raw_counts / DESeq2 median-of-ratios	8.007	19.834	469.828	883.517	469.828	883.517
MM_RS14750	0.70163165625562	0.504353999783248	0.16418019233426	0.327412462079985	204.618486125668	raw_counts / DESeq2 median-of-ratios	0.58	1.459	32.997	64.56	32.997	64.56
MM_RS03320	-0.744950888145919	0.536062676775125	0.16462873003177	0.328117503479362	731.181268468241	raw_counts / DESeq2 median-of-ratios	6.301	7.274	389.674	330.898	389.674	330.898
MM_RS01070	1.07248617856509	0.772550422817128	0.165063668582437	0.328338367396813	22.9738511330001	raw_counts / DESeq2 median-of-ratios	0.181	0.555	10.161	25.983	10.161	25.983
MM_RS14640	-1.02570706075836	0.738967404776927	0.1651286790441	0.328338367396813	1807.05303154676	raw_counts / DESeq2 median-of-ratios	6.625	7.236	432.968	331.898	432.968	331.898
MM_RS13310	-0.831173201738164	0.598938187968142	0.165214847288842	0.328338367396813	439.884027485078	raw_counts / DESeq2 median-of-ratios	2.062	2.354	129.387	103.525	129.387	103.525
MM_RS02390	-0.733306645680489	0.528052952557713	0.164924276227193	0.328338367396813	442.803715992203	raw_counts / DESeq2 median-of-ratios	2.09	1.921	118.44	83.846	118.44	83.846
MM_RS06970	0.567673084480056	0.408999837953765	0.16515096097891	0.328338367396813	939.853674444672	raw_counts / DESeq2 median-of-ratios	7.065	17.808	417.014	808.864	417.014	808.864
MM_RS09485	0.586701254477121	0.423110876296261	0.165552437940285	0.328820080877368	592.48857109504	raw_counts / DESeq2 median-of-ratios	2.252	5.553	131.407	253.819	131.407	253.819
MM_RS10390	-0.560493439180111	0.40473993051886	0.16610638893581	0.329730728381774	1061.35631662301	raw_counts / DESeq2 median-of-ratios	1.891	2.102	110.053	94.418	110.053	94.418
MM_RS00350	-0.879397736811505	0.635523424975995	0.166438778413293	0.330014015931591	669.392514811454	raw_counts / DESeq2 median-of-ratios	1.722	1.955	109.577	88.373	109.577	88.373
MM_RS18860	-0.792010710712795	0.57237244827592	0.166440189853165	0.330014015931591	82.5761621143435	raw_counts / DESeq2 median-of-ratios	10.806	9.41	610.139	421.037	610.139	421.037
MM_RS17095	-0.694341355160033	0.502544423329314	0.167078672447895	0.33108992233794	140.225488357439	raw_counts / DESeq2 median-of-ratios	0.512	0.492	29.228	22.038	29.228	22.038
MM_RS07815	0.990748599137741	0.71746512439171	0.167309277551917	0.331356791665322	51.3923575485894	raw_counts / DESeq2 median-of-ratios	0.511	1.436	28.165	64.418	28.165	64.418
MM_RS04260	0.733213769086595	0.53126730728191	0.167549043801426	0.331456290406478	120.729910758823	raw_counts / DESeq2 median-of-ratios	0.444	1.16	25.577	54.202	25.577	54.202
MM_RS02460	0.665941204353954	0.482526110348841	0.167551442689551	0.331456290406478	240.632528293691	raw_counts / DESeq2 median-of-ratios	3.602	10.488	218.198	468.417	218.198	468.417
MM_RS14240	-0.679167481802171	0.492907629424973	0.168240392603056	0.332628686920982	302.225901809852	raw_counts / DESeq2 median-of-ratios	0.948	1.096	57.709	49.659	57.709	49.659
MM_RS02920	0.650377897983591	0.472144624168569	0.168358579752528	0.3326719304721	372.89643652509	raw_counts / DESeq2 median-of-ratios	12.333	29.901	703.623	1347.846	703.623	1347.846
MM_RS16420	0.701642844000027	0.509608510557104	0.168565688119218	0.332890729996442	1148.50640604612	raw_counts / DESeq2 median-of-ratios	14.458	44.369	881.731	1940.337	881.731	1940.337
MM_RS04005	0.942125449060316	0.685083600237564	0.169070135076408	0.333084751283982	23.5831672999663	raw_counts / DESeq2 median-of-ratios	0.066	0.215	3.849	9.387	3.849	9.387
MM_RS15805	0.848215369292038	0.616520320884188	0.168880190084268	0.333084751283982	526.113650955595	raw_counts / DESeq2 median-of-ratios	1.548	4.418	89.854	213.721	89.854	213.721
MM_RS01145	0.779864611959644	0.566934250774163	0.16895104905739	0.333084751283982	168.400701248602	raw_counts / DESeq2 median-of-ratios	1.333	4.456	82.759	201.271	82.759	201.271
MM_RS07995	0.627825720844371	0.456491281659044	0.169029454134229	0.333084751283982	169.091470511737	raw_counts / DESeq2 median-of-ratios	0.812	2.018	46.967	91.458	46.967	91.458
MM_RS01580	-0.600222552445875	0.436540507336986	0.169146107050407	0.333084751283982	716.44458149173	raw_counts / DESeq2 median-of-ratios	8.835	9.866	521.479	454.398	521.479	454.398
MM_RS00365	-1.05179841854856	0.765699508123325	0.16955227728633	0.33369433945697	103.390654579281	raw_counts / DESeq2 median-of-ratios	1.237	0.819	68.671	39.776	68.671	39.776
MM_RS16010	0.67408622747941	0.491274248558955	0.170026714383608	0.334437512232905	134.905833529188	raw_counts / DESeq2 median-of-ratios	1.626	4.281	95.28	198.41	95.28	198.41
MM_RS15190	-0.885138626813149	0.645323823464954	0.170181974811145	0.334552385314568	34.3878826536128	raw_counts / DESeq2 median-of-ratios	0.576	0.483	33.19	22.629	33.19	22.629
MM_RS09340	0.722488100918711	0.527038075922366	0.170422930723065	0.334612109330992	56.4593130270965	raw_counts / DESeq2 median-of-ratios	0.291	0.798	17.032	36.198	17.032	36.198
MM_RS17185	0.667641528696417	0.487340793013969	0.170696739039146	0.334612109330992	140.739018704919	raw_counts / DESeq2 median-of-ratios	0.856	2.313	50.701	106.914	50.701	106.914
MM_RS05075	0.661381075511653	0.48258205619229	0.170529345030686	0.334612109330992	406.248344532173	raw_counts / DESeq2 median-of-ratios	1.058	3.086	64.097	136.298	64.097	136.298
MM_RS10215	0.647043166789259	0.472028960735448	0.170446646987747	0.334612109330992	171.0033975565	raw_counts / DESeq2 median-of-ratios	1.389	3.438	79.948	156.671	79.948	156.671
MM_RS07190	-0.572418927373997	0.417783652737994	0.170645569088651	0.334612109330992	351.012106822424	raw_counts / DESeq2 median-of-ratios	0.669	0.752	39.177	33.628	39.177	33.628
MM_RS02825	0.708848734635218	0.5187477865436	0.171794244023922	0.336521038141701	81.4501652903005	raw_counts / DESeq2 median-of-ratios	0.249	0.639	14.286	28.973	14.286	28.973
MM_RS11365	0.560225132600981	0.410050526794683	0.17186540569831	0.336521038141701	619.245231544459	raw_counts / DESeq2 median-of-ratios	1.16	2.81	67.59	126.98	67.59	126.98
MM_RS08575	0.585151983625851	0.42846084466761	0.172030939875861	0.336654315201827	317.800003164931	raw_counts / DESeq2 median-of-ratios	0.536	1.396	31.86	62.89	31.86	62.89
MM_RS11350	0.61202935049003	0.448719282696432	0.172584225221095	0.337545817618155	200.77983258796	raw_counts / DESeq2 median-of-ratios	0.939	2.311	54.338	104.823	54.338	104.823
MM_RS02265	0.695917489208676	0.511374706458799	0.173552926021673	0.339248334170265	266.902918652019	raw_counts / DESeq2 median-of-ratios	0.443	1.353	27.078	59.971	27.078	59.971
MM_RS12920	-0.662835835894123	0.487218154576024	0.173687631686414	0.339319615296874	367.538808115515	raw_counts / DESeq2 median-of-ratios	64.002	74.362	3887.302	3388.327	3887.302	3388.327
MM_RS06030	0.627927883382444	0.462778600149773	0.174824248257928	0.341347062454994	135.584853001711	raw_counts / DESeq2 median-of-ratios	1.525	3.94	89.122	174.593	89.122	174.593
MM_RS16900	1.3974524017644	1.03369502126285	0.176407275825934	0.344243350679535	8.99060095817479	raw_counts / DESeq2 median-of-ratios	0.106	0.455	6.144	21.855	6.144	21.855
MM_RS17235	-0.912289552633776	0.675635837729062	0.176929984887961	0.344873683861748	23.5785073032235	raw_counts / DESeq2 median-of-ratios	0.097	0.091	5.823	4.092	5.823	4.092
MM_RS07705	-0.6438136073235	0.476785833434037	0.176913251634005	0.344873683861748	1763.61282361212	raw_counts / DESeq2 median-of-ratios	9.067	9.584	531.548	448.746	531.548	448.746
MM_RS12695	0.620240258555427	0.459624836120452	0.177192802862598	0.345191168126009	189.622123874033	raw_counts / DESeq2 median-of-ratios	1.311	3.226	75.59	143.899	75.59	143.899
MM_RS06435	-0.59171595984383	0.438657955088983	0.177361586186961	0.34532520782963	16743.4721540937	raw_counts / DESeq2 median-of-ratios	63.448	75.515	3803.347	3339.555	3803.347	3339.555
MM_RS10450	-0.738093963993633	0.547360384960036	0.177510254440638	0.345419954274908	366.334657764574	raw_counts / DESeq2 median-of-ratios	460.35	443.357	26432.228	18933.977	26432.228	18933.977
MM_RS04365	0.998548896198008	0.74136750277061	0.178012004146407	0.346201273829781	22.7278409172602	raw_counts / DESeq2 median-of-ratios	0.059	0.202	3.452	8.612	3.452	8.612
MM_RS18810	1.39058321020325	1.03310164570228	0.178293652718585	0.346358985652414	10.3090201699703	raw_counts / DESeq2 median-of-ratios	0.859	4.26	52.07	177.011	52.07	177.011
MM_RS00605	0.561767117808239	0.41732674980401	0.17826750258546	0.346358985652414	794.087407602629	raw_counts / DESeq2 median-of-ratios	4.068	10.052	238.064	444.942	238.064	444.942
MM_RS06950	-0.605706664524977	0.450769085499836	0.179039500761308	0.347417098668291	1645.47680872225	raw_counts / DESeq2 median-of-ratios	7.809	7.977	447.21	363.007	447.21	363.007
MM_RS10795	-0.564691468304945	0.420217204390542	0.17901030691138	0.347417098668291	360.990821782278	raw_counts / DESeq2 median-of-ratios	2.026	2.354	119.823	105.633	119.823	105.633
MM_RS10640	0.718414145089788	0.535029385050485	0.17935085693351	0.347813889275425	113.249734028792	raw_counts / DESeq2 median-of-ratios	0.73	1.831	41.397	81.859	41.397	81.859
MM_RS07730	-0.675548018337154	0.503214750962447	0.179445382365028	0.347813889275425	483.340583170305	raw_counts / DESeq2 median-of-ratios	3.102	3.674	189.753	163.408	189.753	163.408
MM_RS14870	-0.85853247532259	0.639935698865485	0.179728391885296	0.348167058649362	52.8369762159048	raw_counts / DESeq2 median-of-ratios	0.169	0.182	10.429	7.968	10.429	7.968
MM_RS01545	-1.02792305025643	0.76660656567816	0.179961264192435	0.348422761502618	16.3082518771025	raw_counts / DESeq2 median-of-ratios	0.462	0.375	27.191	17.363	27.191	17.363
MM_RS12515	-1.04392055297759	0.779182727383211	0.180322256088772	0.348535575003144	125.128135641414	raw_counts / DESeq2 median-of-ratios	1.821	1.207	99.543	52.446	99.543	52.446
MM_RS02185	-0.747777908322752	0.558130682407309	0.180313626877607	0.348535575003144	53.6201113394627	raw_counts / DESeq2 median-of-ratios	4.157	4.175	242.438	182.218	242.438	182.218
MM_RS08005	0.686494921786981	0.512218678725787	0.180167991054639	0.348535575003144	249.855951996625	raw_counts / DESeq2 median-of-ratios	1.751	4.538	101.858	213.152	101.858	213.152
MM_RS10975	-1.23859288870522	0.924896960339076	0.180515819800507	0.348701932802392	673.439033809274	raw_counts / DESeq2 median-of-ratios	6.67	6.705	450.299	319.382	450.299	319.382
MM_RS05210	-0.729387594173179	0.544901216888873	0.180711192737777	0.348701932802392	228.871594809018	raw_counts / DESeq2 median-of-ratios	1.05	0.966	59.412	42.194	59.412	42.194
MM_RS08425	-0.678359419339692	0.506697332786189	0.180640270037252	0.348701932802392	264.147386711107	raw_counts / DESeq2 median-of-ratios	0.575	0.674	35.064	29.848	35.064	29.848
MM_RS15680	-0.587719597579207	0.439281073451542	0.180924992755235	0.348919556100828	199.802107368048	raw_counts / DESeq2 median-of-ratios	1.413	1.551	82.568	70.449	82.568	70.449
MM_RS06195	0.755928025335185	0.565507973421877	0.181312776604492	0.349472282584774	43.7405062330664	raw_counts / DESeq2 median-of-ratios	0.185	0.507	10.713	22.866	10.713	22.866
MM_RS16485	0.563761853132243	0.421877982687053	0.181446353763148	0.349534693752322	389.445589101593	raw_counts / DESeq2 median-of-ratios	1.681	4.271	99.542	193.308	99.542	193.308
MM_RS03235	0.61670384731074	0.461921159644315	0.181848644513564	0.349989267566412	324.000021938603	raw_counts / DESeq2 median-of-ratios	0.498	1.317	29.405	57.543	29.405	57.543
MM_RS10745	-0.607871890753765	0.455343751112776	0.181884984157994	0.349989267566412	421.300193039905	raw_counts / DESeq2 median-of-ratios	3.169	3.25	181.681	147.322	181.681	147.322
MM_RS04460	-0.693572737251353	0.52130410050494	0.18336771488629	0.352645928294681	329.016195760609	raw_counts / DESeq2 median-of-ratios	2.462	2.8	148.47	120.976	148.47	120.976
MM_RS04445	0.767783958349539	0.577356230264737	0.183575246562644	0.352652336833911	114.79858396471	raw_counts / DESeq2 median-of-ratios	4.461	11.209	250.343	505.967	250.343	505.967
MM_RS19580	-0.719131574104931	0.54072219301796	0.183535907591212	0.352652336833911	94.54047157163	raw_counts / DESeq2 median-of-ratios	11.134	12.501	673.569	547.567	673.569	547.567
MM_RS14915	0.67275261131722	0.50623130078214	0.183866731737534	0.353015948538878	75.9994989196831	raw_counts / DESeq2 median-of-ratios	0.567	1.46	32.779	65.421	32.779	65.421
MM_RS18255	-0.879549285319361	0.662144678925954	0.184067794664699	0.353205645984372	96.5977506892667	raw_counts / DESeq2 median-of-ratios	29.678	27.045	1764.246	1313.575	1764.246	1313.575
MM_RS12680	0.713556890376659	0.537570438923515	0.184385078020967	0.353618023034104	379.78982318205	raw_counts / DESeq2 median-of-ratios	3.101	7.523	174.433	337.572	174.433	337.572
MM_RS10880	0.771085392364078	0.5810885958675	0.184519598251031	0.353679629500034	83.093330158644	raw_counts / DESeq2 median-of-ratios	0.266	0.678	14.977	30.539	14.977	30.539
MM_RS03395	-0.57863467538458	0.4364471200648	0.184911203554303	0.354037304366166	228.02736772611	raw_counts / DESeq2 median-of-ratios	1.189	1.301	69.184	58.965	69.184	58.965
MM_RS17270	0.549765093771785	0.414587875426128	0.184822463896257	0.354037304366166	388.82970990636	raw_counts / DESeq2 median-of-ratios	0.751	1.854	44.182	83.734	44.182	83.734
MM_RS13365	0.596348717027106	0.449954508956941	0.185053980962935	0.354114376867578	224.342276959848	raw_counts / DESeq2 median-of-ratios	1.997	4.85	115.247	216.62	115.247	216.62
MM_RS16005	0.713537366637195	0.538560758519804	0.185205418669784	0.354207926957604	239.561775118353	raw_counts / DESeq2 median-of-ratios	0.556	1.751	34.294	78.954	34.294	78.954
MM_RS01530	-0.811727958622149	0.612956394067214	0.185408951756662	0.35440095150388	238.24134181688	raw_counts / DESeq2 median-of-ratios	1.647	1.346	92.195	62.97	92.195	62.97
MM_RS05845	-0.583839524103924	0.441010520510574	0.185547031850909	0.35446872124615	175.733020308172	raw_counts / DESeq2 median-of-ratios	0.451	0.513	26.574	22.984	26.574	22.984
MM_RS07160	-0.632170385303684	0.4779937253931	0.185985221774959	0.355109428419407	146.155437127398	raw_counts / DESeq2 median-of-ratios	1.191	1.299	70.391	59.897	70.391	59.897
MM_RS11580	0.775088696224983	0.587387189683839	0.186984208234505	0.356819588531482	202.087656341033	raw_counts / DESeq2 median-of-ratios	0.339	1.146	21.166	52.183	21.166	52.183
MM_RS17265	0.653385750038066	0.495377446475864	0.187180654250325	0.356997227929665	180.798754625908	raw_counts / DESeq2 median-of-ratios	0.395	1.036	23.018	44.964	23.018	44.964
MM_RS08485	1.15672760259098	0.877742164870165	0.187555739008986	0.357121015731553	14.9220674498559	raw_counts / DESeq2 median-of-ratios	0.051	0.181	2.88	7.701	2.88	7.701
MM_RS10840	0.640105959758993	0.485662951085209	0.187502138243174	0.357121015731553	112.321501429698	raw_counts / DESeq2 median-of-ratios	0.322	0.862	19.143	39.502	19.143	39.502
MM_RS07115	-0.57754257039464	0.438177012354713	0.187484344455977	0.357121015731553	386.949358109365	raw_counts / DESeq2 median-of-ratios	62.251	71.972	3697.161	3291.542	3697.161	3291.542
MM_RS18330	1.61988994444238	1.23026929273569	0.187940739083242	0.357656921649322	5.9975475945918	raw_counts / DESeq2 median-of-ratios	0.595	2.654	33.056	126.026	33.056	126.026
MM_RS16885	-0.932725662070233	0.70886463363789	0.188240432339283	0.35791427586447	38.9552751549466	raw_counts / DESeq2 median-of-ratios	0.204	0.169	11.543	7.169	11.543	7.169
MM_RS15050	0.6347202897829	0.482483232283849	0.188332452061133	0.35791427586447	1743.30705958553	raw_counts / DESeq2 median-of-ratios	4.995	14.536	304.455	646.475	304.455	646.475
MM_RS03955	-0.546548662124211	0.415510632038454	0.188386842362943	0.35791427586447	1324.40938557211	raw_counts / DESeq2 median-of-ratios	7.501	8.389	435.534	372.711	435.534	372.711
MM_RS02755	0.760152755319627	0.579030578358618	0.189249528093518	0.358993079933657	41.5652240702349	raw_counts / DESeq2 median-of-ratios	0.085	0.234	4.94	10.738	4.94	10.738
MM_RS08385	-0.685647206836037	0.522297524764489	0.189266473236592	0.358993079933657	501.403738971921	raw_counts / DESeq2 median-of-ratios	2.277	2.721	140.234	121.965	140.234	121.965
MM_RS14015	0.571796706174334	0.435558902988429	0.1892542360524	0.358993079933657	481.798383101067	raw_counts / DESeq2 median-of-ratios	0.58	1.487	34.274	65.523	34.274	65.523
MM_RS06755	0.616416744924015	0.470644035451852	0.19028709581464	0.360730861110739	461.082019717865	raw_counts / DESeq2 median-of-ratios	0.951	2.479	55.823	107.635	55.823	107.635
MM_RS06680	-0.640622400204265	0.489485729700513	0.190613544436015	0.361109548350743	227.059532964692	raw_counts / DESeq2 median-of-ratios	2.306	2.322	132.737	107.515	132.737	107.515
MM_RS11960	-0.547056926933441	0.41807205020796	0.190695951416258	0.361109548350743	591.249734445139	raw_counts / DESeq2 median-of-ratios	2.055	2.34	120.486	106.825	120.486	106.825
MM_RS15175	0.686475832277826	0.52505632395545	0.191065781526766	0.361611621585452	56.1232434796455	raw_counts / DESeq2 median-of-ratios	0.24	0.642	14.033	29.019	14.033	29.019
MM_RS08510	-0.811481355933058	0.621304439596235	0.1915209460149	0.362274560534209	68.0919655270718	raw_counts / DESeq2 median-of-ratios	0.321	0.295	18.342	12.539	18.342	12.539
MM_RS05815	0.752248725423404	0.577084549979671	0.192392875008505	0.363386244228198	70.3907877453486	raw_counts / DESeq2 median-of-ratios	0.246	0.766	14.884	33.292	14.884	33.292
MM_RS13875	0.671866099439295	0.515455735932975	0.192424273507057	0.363386244228198	148.779072303448	raw_counts / DESeq2 median-of-ratios	12.327	33.113	729.433	1548.952	729.433	1548.952
MM_RS06380	-0.670856993921628	0.514653719072342	0.192400224273965	0.363386244228198	65.2928915861353	raw_counts / DESeq2 median-of-ratios	0.933	0.962	54.222	42.98	54.222	42.98
MM_RS04450	0.652416855607725	0.500779653158993	0.192642284663175	0.36347919612296	169.165744230495	raw_counts / DESeq2 median-of-ratios	2.551	6.268	145.626	277.099	145.626	277.099
MM_RS10565	0.64910271475007	0.498282473674907	0.192683962970799	0.36347919612296	2524.59574358642	raw_counts / DESeq2 median-of-ratios	12.716	37.561	775.331	1650.135	775.331	1650.135
MM_RS00555	-0.605954334995129	0.465311396795743	0.192829051505781	0.363554336190484	373.19722574474	raw_counts / DESeq2 median-of-ratios	9.348	9.635	537.728	442.949	537.728	442.949
MM_RS14025	0.612412859939643	0.470900697163807	0.19342492608572	0.364478829623609	104.887255897759	raw_counts / DESeq2 median-of-ratios	2.901	7.443	170.005	331.818	170.005	331.818
MM_RS17165	0.762027797873843	0.586483811178582	0.193835506659079	0.365053347873751	60.675673316687	raw_counts / DESeq2 median-of-ratios	0.272	0.723	15.48	31.633	15.48	31.633
MM_RS14955	1.44734363051337	1.11426594820198	0.19397098323771	0.365109414770055	7.8073228333828	raw_counts / DESeq2 median-of-ratios	0.082	0.336	4.518	14.641	4.518	14.641
MM_RS16415	0.70161330449144	0.540407983841095	0.194183237295254	0.365309859268958	82.3053792087614	raw_counts / DESeq2 median-of-ratios	0.588	1.68	34.883	72.858	34.883	72.858
MM_RS13640	0.720006358037335	0.554710991093216	0.194292605753055	0.365316635966822	210.068538582665	raw_counts / DESeq2 median-of-ratios	0.979	3.109	60.59	141.668	60.59	141.668
MM_RS09695	-0.998973758406632	0.770842163172205	0.194992328441062	0.366010669346445	3035.4649884501	raw_counts / DESeq2 median-of-ratios	4156.025	4318.779	266197.099	209992.413	266197.099	209992.413
MM_RS08760	-0.888993108662921	0.686771973953563	0.195509462925359	0.366010669346445	3957.99738238284	raw_counts / DESeq2 median-of-ratios	11.467	13.481	740.956	605.481	740.956	605.481
MM_RS08270	0.779556185280657	0.602061261794307	0.195385069124183	0.366010669346445	43.093022569098	raw_counts / DESeq2 median-of-ratios	0.563	1.533	32.137	67.471	32.137	67.471
MM_RS05465	-0.659359565376799	0.509022110883163	0.195201025938071	0.366010669346445	519.03985428093	raw_counts / DESeq2 median-of-ratios	2.343	2.268	133.813	105.574	133.813	105.574
MM_RS05395	-0.626714821694682	0.483702840781543	0.195092363621336	0.366010669346445	558.439478073367	raw_counts / DESeq2 median-of-ratios	5.907	6.814	355.347	315.676	355.347	315.676
MM_RS00460	0.614744380867099	0.474865331735922	0.195470083709834	0.366010669346445	257.944508882329	raw_counts / DESeq2 median-of-ratios	0.711	1.987	42.995	89.109	42.995	89.109
MM_RS10480	0.560151685115264	0.432385634794231	0.195150914675149	0.366010669346445	965.133995463181	raw_counts / DESeq2 median-of-ratios	1.81	4.222	104.119	190.058	104.119	190.058
MM_RS12315	0.549108952225684	0.423691644538991	0.194971759993788	0.366010669346445	919.366627006493	raw_counts / DESeq2 median-of-ratios	8.513	20.118	492.435	895.011	492.435	895.011
MM_RS08140	-0.61872384765609	0.478188039794296	0.195702606499622	0.366173782692142	247.613451874414	raw_counts / DESeq2 median-of-ratios	1.531	1.824	92.611	81.547	92.611	81.547
MM_RS08350	-0.75815761966867	0.586559138626312	0.196166385251417	0.366842823312613	222.561099482737	raw_counts / DESeq2 median-of-ratios	0.871	1.03	54.405	45.634	54.405	45.634
MM_RS11965	0.779204330576393	0.603588614398759	0.196720091598257	0.367553709034605	58.1191567552582	raw_counts / DESeq2 median-of-ratios	0.335	1.042	20.421	48.476	20.421	48.476
MM_RS12070	0.524859505114119	0.406603240715432	0.196759353794147	0.367553709034605	897.906252093385	raw_counts / DESeq2 median-of-ratios	1.016	2.514	60.119	112.875	60.119	112.875
MM_RS09120	-0.77607300478834	0.60189135702393	0.1972623583947	0.368294154537997	497.03532777692	raw_counts / DESeq2 median-of-ratios	756.325	783.832	45635.301	37632.62	45635.301	37632.62
MM_RS01100	1.1295513565228	0.876427740899521	0.197463148881821	0.368469862905354	11.661390569842	raw_counts / DESeq2 median-of-ratios	0.145	0.541	8.671	24.99	8.671	24.99
MM_RS05115	6.16737409313614	4.79342411796081	0.198222494897331	0.369581385174852	6.63065982629521	raw_counts / DESeq2 median-of-ratios	0	0.361	0	18.744	0	18.744
MM_RS11970	0.628995736081097	0.488924694842727	0.198272816076723	0.369581385174852	208.252226809746	raw_counts / DESeq2 median-of-ratios	0.737	2.081	44.649	94.347	44.649	94.347
MM_RS14160	-2.02504395378993	1.57607756358028	0.198840116508646	0.370239225024724	4.06787486490746	raw_counts / DESeq2 median-of-ratios	0.141	0.057	8.868	2.937	8.868	2.937
MM_RS09190	-0.635371127248113	0.494470602201449	0.198808960457874	0.370239225024724	4951.83193495667	raw_counts / DESeq2 median-of-ratios	24.69	29.449	1494.812	1282.821	1494.812	1282.821
MM_RS01175	-0.532291820129914	0.415773477928184	0.200459065459004	0.373052592723815	473.058898270687	raw_counts / DESeq2 median-of-ratios	1.802	2.108	106.145	95.685	106.145	95.685
MM_RS05930	0.73708938421051	0.575931309364276	0.200607852227156	0.373128444584059	905.987503999085	raw_counts / DESeq2 median-of-ratios	3.215	9.989	194.509	423.504	194.509	423.504
MM_RS07650	1.85191926581764	1.44919745570034	0.201287161068828	0.373691096974294	4.61003903031188	raw_counts / DESeq2 median-of-ratios	0.085	0.438	4.547	19.259	4.547	19.259
MM_RS02490	-1.00250051081356	0.784338171688143	0.201197136773447	0.373691096974294	567.664771808603	raw_counts / DESeq2 median-of-ratios	3.862	4.439	254.484	193.854	254.484	193.854
MM_RS01725	-0.813228074284888	0.636613804620856	0.201451309370624	0.373691096974294	31.9474633912601	raw_counts / DESeq2 median-of-ratios	4.831	4.283	275.779	193.137	275.779	193.137
MM_RS03220	0.812512942359226	0.635445081200623	0.20101973036161	0.373691096974294	49.1917555503398	raw_counts / DESeq2 median-of-ratios	0.277	0.789	15.89	33.75	15.89	33.75
MM_RS16160	0.758092684998245	0.593390457596464	0.20140415299698	0.373691096974294	135.169493536346	raw_counts / DESeq2 median-of-ratios	0.798	2.294	47.463	109.581	47.463	109.581
MM_RS06385	0.711642478321056	0.558537678037846	0.2026218735269	0.375627315354033	104.853182322041	raw_counts / DESeq2 median-of-ratios	0.353	1.098	21.661	48.587	21.661	48.587
MM_RS05155	0.614969394627577	0.482760113528508	0.202712598673977	0.375627315354033	1423.48218291701	raw_counts / DESeq2 median-of-ratios	5.646	16.089	344.09	731.538	344.09	731.538
MM_RS16235	0.851939163100596	0.670382055456953	0.203790441681132	0.377422083413743	73.6546713092875	raw_counts / DESeq2 median-of-ratios	0.988	2.591	55.532	123.151	55.532	123.151
MM_RS10860	0.546734060578776	0.430655492963309	0.204248793382847	0.378068238126662	250.359306542859	raw_counts / DESeq2 median-of-ratios	2.083	5.225	123.296	235.634	123.296	235.634
MM_RS17255	-0.75921208355319	0.598284589913106	0.204447658043388	0.37823364267909	116.015020319602	raw_counts / DESeq2 median-of-ratios	0.571	0.666	35.611	29.969	35.611	29.969
MM_RS02400	-0.755217763979241	0.59594485502075	0.205061926026875	0.379166966004725	5071.28786250177	raw_counts / DESeq2 median-of-ratios	9.096	11.042	573.048	489.878	573.048	489.878
MM_RS13465	0.633878940396172	0.500616032986722	0.20544226011194	0.379484731997923	138.478057474598	raw_counts / DESeq2 median-of-ratios	0.664	1.846	40.026	84.523	40.026	84.523
MM_RS08235	-0.586040114400534	0.462846051254857	0.205453517323716	0.379484731997923	541.113259622169	raw_counts / DESeq2 median-of-ratios	5.099	5.256	291.35	237.738	291.35	237.738
MM_RS05615	-0.698292539355513	0.552297933227108	0.206107907641256	0.380489958841742	1699.30961689615	raw_counts / DESeq2 median-of-ratios	3.698	4.516	230.285	202.314	230.285	202.314
MM_RS18590	0.666500155391035	0.527569259724623	0.206466467497711	0.380744889875651	379.474575568994	raw_counts / DESeq2 median-of-ratios	32.809	95.22	1994.425	4438.696	1994.425	4438.696
MM_RS04475	-0.607569563803515	0.480899706871992	0.206444811233541	0.380744889875651	707.211607655867	raw_counts / DESeq2 median-of-ratios	3.154	3.424	183.317	148.128	183.317	148.128
MM_RS18395	0.824132741098959	0.652551823459674	0.206611326482927	0.380804178967271	25.6593269894191	raw_counts / DESeq2 median-of-ratios	1.114	3.204	64.671	145.91	64.671	145.91
MM_RS03635	0.726471416853127	0.575359777455859	0.206719118576617	0.380804178967271	4344.68082072277	raw_counts / DESeq2 median-of-ratios	10.254	34.12	642.937	1544.613	642.937	1544.613
MM_RS14755	-0.782935217385421	0.622165579525057	0.208245939668148	0.383050925468299	34.272239864592	raw_counts / DESeq2 median-of-ratios	0.253	0.25	14.782	10.877	14.782	10.877
MM_RS17925	0.645674798349175	0.513208307307861	0.208350360380869	0.383050925468299	244.925845177891	raw_counts / DESeq2 median-of-ratios	0.834	2.075	47.863	90.007	47.863	90.007
MM_RS12005	-0.635949904311208	0.505477325242061	0.208349239854012	0.383050925468299	618.040956801632	raw_counts / DESeq2 median-of-ratios	2.658	3.211	161.798	140.665	161.798	140.665
MM_RS00930	0.562120680536676	0.446827565478806	0.208382365070913	0.383050925468299	185.307263349508	raw_counts / DESeq2 median-of-ratios	0.372	0.891	21.567	39.973	21.567	39.973
MM_RS14730	0.563111763245232	0.447987472367861	0.208760497718	0.383541893147858	162.830783843809	raw_counts / DESeq2 median-of-ratios	0.36	0.875	20.936	39.12	20.936	39.12
MM_RS15935	-0.690446532690968	0.550563212450608	0.209815424797917	0.385275107523661	48.2091225400379	raw_counts / DESeq2 median-of-ratios	0.072	0.075	4.22	3.404	4.22	3.404
MM_RS13915	1.93796390279318	1.54661219818279	0.210191866607661	0.385507303835872	3.87001413000031	raw_counts / DESeq2 median-of-ratios	0.009	0.063	0.558	3.033	0.558	3.033
MM_RS13820	-0.799076481685695	0.637986046775581	0.210388323025657	0.385507303835872	31.9302431524391	raw_counts / DESeq2 median-of-ratios	0.172	0.179	10.321	7.875	10.321	7.875
MM_RS19215	0.713232401256025	0.569418264331893	0.210364690223259	0.385507303835872	51.7880132324762	raw_counts / DESeq2 median-of-ratios	0.299	0.843	17.678	36.688	17.678	36.688
MM_RS05185	-0.68795374352662	0.548985348603932	0.210155925093386	0.385507303835872	139.172275683981	raw_counts / DESeq2 median-of-ratios	2.881	3.414	176.629	150.382	176.629	150.382
MM_RS09885	0.574352997207253	0.458735565707887	0.210557100274195	0.385611995942243	172.405060909926	raw_counts / DESeq2 median-of-ratios	1.497	3.898	89.017	172.867	89.017	172.867
MM_RS04640	-0.962330325237307	0.769691271465424	0.211196939035327	0.386578816866994	17.4071503749821	raw_counts / DESeq2 median-of-ratios	0.115	0.103	6.742	4.445	6.742	4.445
MM_RS10830	0.716598154655429	0.573339456622529	0.211348079935435	0.386650565729338	242.682692921003	raw_counts / DESeq2 median-of-ratios	0.265	0.865	16.541	38.564	16.541	38.564
MM_RS02015	-0.618401231802082	0.495131356178007	0.211678246741295	0.387049584036227	213.557750968303	raw_counts / DESeq2 median-of-ratios	1.24	1.496	75.345	66.901	75.345	66.901
MM_RS09605	-0.759709479882193	0.608482489903459	0.21183652584371	0.387134053049828	33.5463748640907	raw_counts / DESeq2 median-of-ratios	0.298	0.287	17.24	12.763	17.24	12.763
MM_RS06655	-2.30704692310081	1.85087803865677	0.212595271484497	0.387709308517893	5959.93889273626	raw_counts / DESeq2 median-of-ratios	19.378	4.763	1038.42	234.262	1038.42	234.262
MM_RS15975	1.22095203851778	0.979057916253221	0.212372474884381	0.387709308517893	9.92732972463644	raw_counts / DESeq2 median-of-ratios	0.066	0.231	3.646	10.236	3.646	10.236
MM_RS02420	0.653781437465	0.524636512390156	0.212705380148517	0.387709308517893	72.3391140021515	raw_counts / DESeq2 median-of-ratios	1.132	2.887	65.286	127.435	65.286	127.435
MM_RS00815	0.623631590615386	0.500222203600054	0.212504168185002	0.387709308517893	169.796742358332	raw_counts / DESeq2 median-of-ratios	0.318	0.758	18.125	33.876	18.125	33.876
MM_RS01595	0.605813858643655	0.486151842431108	0.212712547666881	0.387709308517893	253.361792225899	raw_counts / DESeq2 median-of-ratios	9.811	27.539	595.54	1232.254	595.54	1232.254
MM_RS16300	-0.702636152363011	0.564585711211665	0.213309583223076	0.38859245804457	89.7746823280528	raw_counts / DESeq2 median-of-ratios	1	0.922	56.594	42.198	56.594	42.198
MM_RS16760	0.759363381235808	0.610563186213303	0.213606410173146	0.388869427974834	71.8184458604606	raw_counts / DESeq2 median-of-ratios	0.296	0.742	16.687	34.411	16.687	34.411
MM_RS03520	-0.583401763894349	0.469164275234798	0.213686790473722	0.388869427974834	2810.44011486088	raw_counts / DESeq2 median-of-ratios	16.713	17.141	951.636	764.392	951.636	764.392
MM_RS06935	-0.673607003920026	0.541962603850036	0.213903540833589	0.389008806322922	187.926992805064	raw_counts / DESeq2 median-of-ratios	0.52	0.624	31.885	27.448	31.885	27.448
MM_RS08365	-0.607713901702492	0.489037956878818	0.213988631156211	0.389008806322922	1355.07416108107	raw_counts / DESeq2 median-of-ratios	6.422	7.928	392.538	357.352	392.538	357.352
MM_RS19050	0.653718666024792	0.526427798950273	0.214309924393512	0.389183217063717	71.3238997202829	raw_counts / DESeq2 median-of-ratios	0.387	1.086	23.277	49.061	23.277	49.061
MM_RS09735	-0.607152901656351	0.488831264428552	0.214218092342933	0.389183217063717	189.133171471863	raw_counts / DESeq2 median-of-ratios	1.932	2.164	114.639	100.544	114.639	100.544
MM_RS16380	0.586991049518547	0.472923016404316	0.21453265456589	0.38938296840283	232.976158614952	raw_counts / DESeq2 median-of-ratios	1.239	2.902	70.869	130.604	70.869	130.604
MM_RS10695	1.09409578711818	0.88284265166488	0.215239077886602	0.389927125289465	13.9399549132637	raw_counts / DESeq2 median-of-ratios	0.064	0.249	3.965	11.712	3.965	11.712
MM_RS17075	0.766881345981235	0.618425197402557	0.214954999223463	0.389927125289465	32.7302244040914	raw_counts / DESeq2 median-of-ratios	4.2	11.427	242.772	524.031	242.772	524.031
MM_RS14835	0.713073589357956	0.575446377287827	0.215284026614652	0.389927125289465	97.7336096799812	raw_counts / DESeq2 median-of-ratios	0.441	1.11	25.227	52.171	25.227	52.171
MM_RS08940	0.560391604906323	0.452151279420987	0.215201241564133	0.389927125289465	139.331076429751	raw_counts / DESeq2 median-of-ratios	0.457	1.131	26.858	51.211	26.858	51.211
MM_RS01110	0.690669011153074	0.558346361086873	0.216090698117757	0.391183056236233	49.6431137825366	raw_counts / DESeq2 median-of-ratios	2.624	6.974	152.056	307.351	152.056	307.351
MM_RS06955	-0.786132553126324	0.63616150654662	0.216553860355864	0.391816151738687	1405.57578935959	raw_counts / DESeq2 median-of-ratios	45.247	36.729	2502.59	1639.506	2502.59	1639.506
MM_RS13430	0.632865105511969	0.513674624767638	0.217936018014938	0.394110474462616	170.057897141425	raw_counts / DESeq2 median-of-ratios	0.458	1.321	27.969	59.635	27.969	59.635
MM_RS10670	-0.744413652642701	0.604615521190334	0.218241254468174	0.39445593560077	377.210106011408	raw_counts / DESeq2 median-of-ratios	4.263	4.761	257.837	200.505	257.837	200.505
MM_RS16960	-0.556892764301023	0.452595433250737	0.218531357351988	0.394773696806363	449.796784267213	raw_counts / DESeq2 median-of-ratios	2.683	3.248	160.39	143.239	160.39	143.239
MM_RS16405	1.32828558408464	1.08030471016799	0.218866728923568	0.395172860272872	10.6637423456981	raw_counts / DESeq2 median-of-ratios	0.121	0.441	6.559	18.759	6.559	18.759
MM_RS00320	-0.788705514422036	0.643001409117956	0.219972977400883	0.396670802312209	65.1061683662451	raw_counts / DESeq2 median-of-ratios	2.095	2.238	128.659	105.601	128.659	105.601
MM_RS09330	-0.705112454090743	0.574935838080821	0.22004089670822	0.396670802312209	10196.4038397502	raw_counts / DESeq2 median-of-ratios	32.264	35.168	1917.653	1479.991	1917.653	1479.991
MM_RS16265	0.667072262520071	0.543759344425258	0.21990586096808	0.396670802312209	203.160732238988	raw_counts / DESeq2 median-of-ratios	1.778	4.296	100.528	188.218	100.528	188.218
MM_RS01295	0.640172275848947	0.522929450950861	0.220875316475303	0.397967315130775	264.072556852518	raw_counts / DESeq2 median-of-ratios	0.623	1.852	38.316	83.112	38.316	83.112
MM_RS17970	0.710652340681506	0.580782692927766	0.221098846182847	0.398057053970309	52.6674431058769	raw_counts / DESeq2 median-of-ratios	0.313	0.811	17.863	35.781	17.863	35.781
MM_RS19235	0.684508375182101	0.559485227458232	0.221155612787789	0.398057053970309	108.01833844669	raw_counts / DESeq2 median-of-ratios	0.916	2.241	51.772	98.854	51.772	98.854
MM_RS10075	-0.599187705579416	0.490025292034993	0.221416980948182	0.398319923018239	125.060303041463	raw_counts / DESeq2 median-of-ratios	0.772	0.857	45.596	39.611	45.596	39.611
MM_RS08330	-0.668925586788889	0.547366649055025	0.22167754663285	0.398581075517888	655.902423925742	raw_counts / DESeq2 median-of-ratios	5.267	5.855	316.768	277.511	316.768	277.511
MM_RS18350	1.78101093450071	1.45942647008337	0.22233226410286	0.399550281067262	5.11158857359266	raw_counts / DESeq2 median-of-ratios	0.517	2.335	27.523	112.387	27.523	112.387
MM_RS03155	-0.747089101936969	0.612775937221789	0.222772825289599	0.400133821398999	352.32429477039	raw_counts / DESeq2 median-of-ratios	4.916	4.175	274.56	194.705	274.56	194.705
MM_RS13270	-0.868198217903992	0.713685162767897	0.22379439507593	0.401342596361507	1134.19044976511	raw_counts / DESeq2 median-of-ratios	4.492	5.447	291.969	242.688	291.969	242.688
MM_RS15770	0.595368036133062	0.489348585802731	0.22373579303113	0.401342596361507	79.5279798421658	raw_counts / DESeq2 median-of-ratios	1.015	2.563	59.427	115.035	59.427	115.035
MM_RS07235	-0.51544206679071	0.423572184772549	0.223644893225828	0.401342596361507	944.263344881613	raw_counts / DESeq2 median-of-ratios	4.267	5.227	254.381	237.231	254.381	237.231
MM_RS06440	0.537137998577885	0.4417224241433	0.22398187707569	0.40147037022285	1052.84953705007	raw_counts / DESeq2 median-of-ratios	3.211	7.507	185.387	330.763	185.387	330.763
MM_RS15990	0.743060041483756	0.61243393525287	0.225018919787892	0.403119994267312	104.718405861096	raw_counts / DESeq2 median-of-ratios	1.081	2.632	60.625	122.372	60.625	122.372
MM_RS10985	0.879514596095663	0.725139595908453	0.225171862751037	0.403184869850743	23.7414748267333	raw_counts / DESeq2 median-of-ratios	0.285	0.793	16.008	35.584	16.008	35.584
MM_RS02990	-0.885138897587862	0.730450919959818	0.225600232579825	0.403742592399334	177.814094374525	raw_counts / DESeq2 median-of-ratios	1.626	1.193	89.591	56.446	89.591	56.446
MM_RS03570	0.769749496241084	0.636457499792042	0.226498471839296	0.405140197686654	2056.05696044403	raw_counts / DESeq2 median-of-ratios	2.091	7.469	132.673	326.077	132.673	326.077
MM_RS14970	0.867873991169249	0.718185733605331	0.226883616367621	0.405619053278346	21.4664706731245	raw_counts / DESeq2 median-of-ratios	0.114	0.344	6.588	14.962	6.588	14.962
MM_RS11185	-0.927190774176714	0.769315332164553	0.228120114458104	0.407618662875474	573.252898451788	raw_counts / DESeq2 median-of-ratios	682.238	803.379	44775.277	37252.422	44775.277	37252.422
MM_RS00330	-0.515658251561202	0.428262423159738	0.228562239131039	0.408197504632166	601.008267262188	raw_counts / DESeq2 median-of-ratios	2.265	2.663	132.639	117.386	132.639	117.386
MM_RS15965	0.673985840644165	0.560143974653948	0.228884700026951	0.408562146714775	42.5124355701711	raw_counts / DESeq2 median-of-ratios	0.142	0.381	8.326	17.029	8.326	17.029
MM_RS15970	1.77082440179165	1.47262450795489	0.229171593362109	0.408862956339218	5.88852533439456	raw_counts / DESeq2 median-of-ratios	0.016	0.09	0.904	3.576	0.904	3.576
MM_RS09175	1.49132297041365	1.24116065872342	0.229535930466205	0.408879372785082	9.98859500122238	raw_counts / DESeq2 median-of-ratios	0.07	0.314	3.873	12.489	3.873	12.489
MM_RS12245	0.574108908176845	0.477633703533537	0.229369046881365	0.408879372785082	196.534115781221	raw_counts / DESeq2 median-of-ratios	4.139	10.991	248.987	501.891	248.987	501.891
MM_RS15615	0.566913784068778	0.471787318940532	0.229506922750698	0.408879372785082	372.550180448607	raw_counts / DESeq2 median-of-ratios	0.609	1.631	36.788	74.386	36.788	74.386
MM_RS17280	0.962179970162881	0.801219445342289	0.229792154671149	0.409124794966056	15.3701154176409	raw_counts / DESeq2 median-of-ratios	0.139	0.468	8.358	21.729	8.358	21.729
MM_RS04955	0.593021457731741	0.495113730371571	0.231015154308343	0.411090336414743	115.244996596411	raw_counts / DESeq2 median-of-ratios	0.353	0.852	20.294	37.713	20.294	37.713
MM_RS12555	0.511221043573063	0.427021655405893	0.231237080511219	0.411273365646627	322.308582186736	raw_counts / DESeq2 median-of-ratios	1.131	2.695	66.398	122.819	66.398	122.819
MM_RS02555	0.626856932883005	0.524076596296092	0.231650899432992	0.411627959278557	169.921544221976	raw_counts / DESeq2 median-of-ratios	1.36	3.938	82.916	173.373	82.916	173.373
MM_RS12850	0.584974732686296	0.489086503957354	0.231674798157937	0.411627959278557	225.841018680537	raw_counts / DESeq2 median-of-ratios	0.266	0.617	15.153	27.512	15.153	27.512
MM_RS15155	0.728020206603188	0.60887623335714	0.23182205407674	0.411677827650931	224.354773130407	raw_counts / DESeq2 median-of-ratios	3.133	9.931	194.144	467.427	194.144	467.427
MM_RS16875	-0.721155254303278	0.603951535796971	0.232453926437553	0.412587801600877	95.9224250551656	raw_counts / DESeq2 median-of-ratios	0.551	0.491	30.835	21.894	30.835	21.894
MM_RS13295	-0.935371510152968	0.785327507079786	0.233630366434336	0.413899031675698	4737.66925465029	raw_counts / DESeq2 median-of-ratios	12.297	14.79	813.665	671.076	813.665	671.076
MM_RS10085	0.903711148407717	0.758534730825953	0.233500281221515	0.413899031675698	23.4813778836402	raw_counts / DESeq2 median-of-ratios	0.083	0.235	4.719	11.188	4.719	11.188
MM_RS04700	-0.69322302823542	0.5820741746748	0.233672006881184	0.413899031675698	48.423348659847	raw_counts / DESeq2 median-of-ratios	0.553	0.529	31.596	24.165	31.596	24.165
MM_RS14715	-0.483198697203343	0.405646960236915	0.233582783042997	0.413899031675698	3024.33839987907	raw_counts / DESeq2 median-of-ratios	11.595	14.409	688.56	648.308	688.56	648.308
MM_RS15940	0.576907961009007	0.484642768027165	0.23389795964931	0.414086905499086	102.438360213488	raw_counts / DESeq2 median-of-ratios	0.138	0.35	8.17	16.007	8.17	16.007
MM_RS03010	-0.5252153644761	0.441947559714297	0.234671504204952	0.415243532542983	189.642960309309	raw_counts / DESeq2 median-of-ratios	2.845	3.32	167.29	151.056	167.29	151.056
MM_RS04745	-0.649342169521597	0.54692683065853	0.235126652001872	0.415835870975149	2872.8649199883	raw_counts / DESeq2 median-of-ratios	7.893	9.943	490.837	444.537	490.837	444.537
MM_RS07675	-0.528342027554486	0.445261668082277	0.235390282019853	0.416089065556076	282.219664192062	raw_counts / DESeq2 median-of-ratios	1.403	1.672	83.261	76.542	83.261	76.542
MM_RS09715	0.510589040445965	0.430695141335472	0.235819860172717	0.416635190300032	1196.98530475985	raw_counts / DESeq2 median-of-ratios	4.775	11.935	285.065	544.533	285.065	544.533
MM_RS11335	-0.670247169798379	0.565576180083092	0.23598990690475	0.416722463419738	49.7788858534684	raw_counts / DESeq2 median-of-ratios	0.5	0.547	29.901	25.075	29.901	25.075
MM_RS10400	-2.24756752085842	1.90300076931927	0.237576919864736	0.41889280762518	192.020767723753	raw_counts / DESeq2 median-of-ratios	2.238	0.577	119.705	27.658	119.705	27.658
MM_RS04300	-0.665289904813651	0.563303692501717	0.23758280548284	0.41889280762518	61.0244378527779	raw_counts / DESeq2 median-of-ratios	1.041	1.009	59.377	46.014	59.377	46.014
MM_RS07535	-0.605432299155228	0.512460024084849	0.237434539516615	0.41889280762518	428.824820481931	raw_counts / DESeq2 median-of-ratios	1.583	1.973	96.838	87.159	96.838	87.159
MM_RS16645	0.665882115648783	0.564487331098919	0.238150277985909	0.419350082479142	69.5453921558779	raw_counts / DESeq2 median-of-ratios	0.35	0.985	20.835	42.579	20.835	42.579
MM_RS12565	0.617298346359936	0.52363481647846	0.238449207292714	0.419350082479142	79.4307397560207	raw_counts / DESeq2 median-of-ratios	0.255	0.626	14.662	27.68	14.662	27.68
MM_RS05360	-0.570621152275304	0.483757357104951	0.238174993263541	0.419350082479142	3574.7087043737	raw_counts / DESeq2 median-of-ratios	4.531	5.585	273.175	243.388	273.175	243.388
MM_RS09945	0.566154244616972	0.480099840616399	0.238301537381897	0.419350082479142	820.446112406043	raw_counts / DESeq2 median-of-ratios	0.858	2.334	51.836	102.446	51.836	102.446
MM_RS11985	-0.48285750274322	0.409533303254089	0.238380929138354	0.419350082479142	893.413859946597	raw_counts / DESeq2 median-of-ratios	6.009	7.296	353.433	324.313	353.433	324.313
MM_RS11385	0.642045606635885	0.544950224640963	0.238727669326287	0.419626142418828	600.690884087434	raw_counts / DESeq2 median-of-ratios	2.41	7.305	149.351	333.002	149.351	333.002
MM_RS02750	-0.690831202203707	0.586530370598021	0.238865653449863	0.41965512055739	44.5452423197791	raw_counts / DESeq2 median-of-ratios	0.274	0.265	15.643	11.918	15.643	11.918
MM_RS13320	-0.733024956778498	0.622796313589731	0.239199546558836	0.419878807833439	1837.40965774078	raw_counts / DESeq2 median-of-ratios	6.874	8.623	436.538	386.205	436.538	386.205
MM_RS03995	-0.551797747327348	0.468857630269651	0.239236101278578	0.419878807833439	1890.09546734956	raw_counts / DESeq2 median-of-ratios	2728.181	3393.473	165157.677	155297.724	165157.677	155297.724
MM_RS13315	-0.678216842154731	0.576714963603671	0.239594844907364	0.420085723938006	516.444900111072	raw_counts / DESeq2 median-of-ratios	3.781	4.727	235.908	208.189	235.908	208.189
MM_RS04780	-0.487886425643034	0.414871498856171	0.239597242662962	0.420085723938006	371.795820481881	raw_counts / DESeq2 median-of-ratios	4.792	5.776	281.939	259.665	281.939	259.665
MM_RS18120	-0.951241260327057	0.809719152026878	0.240083042668664	0.420723911404143	34.4636884284235	raw_counts / DESeq2 median-of-ratios	8.73	6.164	479.449	283.448	479.449	283.448
MM_RS17445	1.29275275745017	1.10401554956986	0.24161678206283	0.423196939779419	7.79410826987494	raw_counts / DESeq2 median-of-ratios	0.04	0.141	2.205	6.338	2.205	6.338
MM_RS19595	-0.763238404955343	0.652363112910238	0.242017277669265	0.423329040768331	48.5332951733265	raw_counts / DESeq2 median-of-ratios	0.279	0.256	15.799	11.026	15.799	11.026
MM_RS02650	-0.739135094978501	0.63172642405855	0.241991299646283	0.423329040768331	129.678270587549	raw_counts / DESeq2 median-of-ratios	3.631	3.107	201.849	139.507	201.849	139.507
MM_RS19615	-0.725380196468368	0.620060660286433	0.242059888684845	0.423329040768331	35.281868098752	raw_counts / DESeq2 median-of-ratios	14.539	16.041	878.666	713.188	878.666	713.188
MM_RS10025	-0.689091233194957	0.589863207373722	0.2427171893597	0.424263751036641	319.932003789912	raw_counts / DESeq2 median-of-ratios	1.455	1.82	91.222	81.076	91.222	81.076
MM_RS12550	0.547999979474593	0.469311524287873	0.242940769113963	0.424439765563798	140.948382320086	raw_counts / DESeq2 median-of-ratios	0.162	0.392	9.432	17.296	9.432	17.296
MM_RS06370	-0.63225886177763	0.542003239439922	0.243403340573632	0.425032931416241	73.2522043311412	raw_counts / DESeq2 median-of-ratios	0.397	0.396	22.692	18.095	22.692	18.095
MM_RS09595	-0.612041414096564	0.525266794846292	0.243937625951975	0.425750661969744	594.422065056236	raw_counts / DESeq2 median-of-ratios	2.799	3.414	169.659	147.479	169.659	147.479
MM_RS14510	0.62668049357599	0.538125173596366	0.244196058263857	0.425986457193617	87.0681662122711	raw_counts / DESeq2 median-of-ratios	0.191	0.542	11.606	24.46	11.606	24.46
MM_RS13435	-0.550134078527337	0.472793523678357	0.244593411179278	0.426464231304	350.192854056485	raw_counts / DESeq2 median-of-ratios	3.685	4.57	222.764	207.889	222.764	207.889
MM_RS06075	0.56157731665114	0.483747547324994	0.245686950145978	0.428154755703435	411.243241961412	raw_counts / DESeq2 median-of-ratios	1.365	3.511	80.786	152.058	80.786	152.058
MM_RS02230	0.670288355266699	0.577713790728885	0.245949902972852	0.428396855707631	48.1363977271454	raw_counts / DESeq2 median-of-ratios	0.091	0.226	5.191	10.347	5.191	10.347
MM_RS16865	-3.20116557499417	2.76199066586791	0.246453470575995	0.42905760452091	94.7953067855528	raw_counts / DESeq2 median-of-ratios	0.374	0.089	24.787	4.606	24.787	4.606
MM_RS10005	0.691667887352863	0.597498988422202	0.247025219475483	0.429836326482781	136.609899048059	raw_counts / DESeq2 median-of-ratios	0.887	2.848	55.477	127.702	55.477	127.702
MM_RS09030	-0.485039915992765	0.419246028843796	0.247299393739666	0.430096730099096	593.381914470985	raw_counts / DESeq2 median-of-ratios	2.32	2.693	134.489	120.447	134.489	120.447
MM_RS13630	0.619739073566747	0.535922750597419	0.247519103714605	0.430262196391669	76.1232595140691	raw_counts / DESeq2 median-of-ratios	0.474	1.132	27.108	51.692	27.108	51.692
MM_RS12015	-0.618013895221179	0.534710709101129	0.247766601628779	0.430475775666902	205.518231101246	raw_counts / DESeq2 median-of-ratios	1.656	2.066	101.907	92.563	101.907	92.563
MM_RS10790	0.565252532509819	0.489598302985762	0.24828578871175	0.431160942287775	89.5769295631824	raw_counts / DESeq2 median-of-ratios	0.571	1.374	33.182	62.518	33.182	62.518
MM_RS14330	0.722968957896296	0.626462915318627	0.24848004326519	0.431281441928626	67.7102583882676	raw_counts / DESeq2 median-of-ratios	0.649	1.582	36.646	74.206	36.646	74.206
MM_RS01395	-1.03298692461452	0.896167479515508	0.249045146558133	0.43185477695482	16.8337486427668	raw_counts / DESeq2 median-of-ratios	0.967	0.996	61.77	43.666	61.77	43.666
MM_RS07640	0.502555862800793	0.436006256183129	0.249060427242039	0.43185477695482	403.111776761974	raw_counts / DESeq2 median-of-ratios	0.397	0.988	23.633	43.833	23.633	43.833
MM_RS14370	0.760355068772291	0.660486919564313	0.249648391607985	0.432657072059198	25.9977614649796	raw_counts / DESeq2 median-of-ratios	0.082	0.241	4.907	11.022	4.907	11.022
MM_RS12365	-0.575405820921916	0.500115664944722	0.249919270919941	0.432909308805154	16348.5663111423	raw_counts / DESeq2 median-of-ratios	27527.525	28422.65	1565111.395	1242817.829	1565111.395	1242817.829
MM_RS03670	-0.642541779778632	0.559222926904544	0.250559935294438	0.433297311773127	114.335129966655	raw_counts / DESeq2 median-of-ratios	0.47	0.576	28.853	25.447	28.853	25.447
MM_RS12720	0.590664742748297	0.514165188242847	0.250645057591982	0.433297311773127	104.929710001892	raw_counts / DESeq2 median-of-ratios	0.688	1.616	39.241	72.129	39.241	72.129
MM_RS00325	0.505806262851118	0.440267764904793	0.25061349040441	0.433297311773127	204.288616778109	raw_counts / DESeq2 median-of-ratios	1.241	3.027	73.349	134.808	73.349	134.808
MM_RS12270	-0.482512086814057	0.419797604468943	0.250394300140306	0.433297311773127	474.135657862118	raw_counts / DESeq2 median-of-ratios	5.848	7.112	344.029	315.606	344.029	315.606
MM_RS12370	-0.57308452078484	0.499553534251189	0.251301695943113	0.434215136461987	16312.3515180824	raw_counts / DESeq2 median-of-ratios	27443.605	28387.254	1560431.934	1241468.531	1560431.934	1241468.531
MM_RS05675	-0.650265596517482	0.567077102812966	0.251506882492667	0.434352386064836	1371.92918135808	raw_counts / DESeq2 median-of-ratios	5.068	6.463	316.855	289.93	316.855	289.93
MM_RS02880	0.473675566959688	0.413415399725699	0.251893730682835	0.43480307135358	589.426216070404	raw_counts / DESeq2 median-of-ratios	1.184	2.722	69.052	121.273	69.052	121.273
MM_RS01345	0.481656372654803	0.420601928453667	0.252143014372743	0.435015969851876	470.013544034732	raw_counts / DESeq2 median-of-ratios	4.784	11.348	281.403	503.394	281.403	503.394
MM_RS11190	0.613664698591845	0.538960433753831	0.254866661533436	0.439299968804239	73.0298929276815	raw_counts / DESeq2 median-of-ratios	0.184	0.441	10.501	19.642	10.501	19.642
MM_RS16200	-0.486697973185609	0.42746238154216	0.254880468292905	0.439299968804239	271.388971506861	raw_counts / DESeq2 median-of-ratios	0.726	0.86	42.48	39.011	42.48	39.011
MM_RS00710	-0.737278108958249	0.648273535945722	0.255415075866228	0.439563364246115	3930.99922695215	raw_counts / DESeq2 median-of-ratios	5262.358	6485.563	333936.958	302900.759	333936.958	302900.759
MM_RS05150	0.622062249262831	0.546827348349785	0.255294072633482	0.439563364246115	318.350287270769	raw_counts / DESeq2 median-of-ratios	4.41	11.559	261.848	548.742	261.848	548.742
MM_RS09400	0.510855436751998	0.448963075888451	0.255180517122405	0.439563364246115	283.96957403424	raw_counts / DESeq2 median-of-ratios	1.599	3.738	93.36	171.969	93.36	171.969
MM_RS00290	-0.801895236239124	0.7053250381732	0.25557345308166	0.439616885928313	362.97899779157	raw_counts / DESeq2 median-of-ratios	1.02	1.28	65.861	56.154	65.861	56.154
MM_RS15300	-0.855594359978215	0.752878017684952	0.255775982634783	0.439746263823067	80.4917781647865	raw_counts / DESeq2 median-of-ratios	0.222	0.167	12.165	7.582	12.165	7.582
MM_RS18795	1.41276998707623	1.24472079120212	0.256371316361178	0.440144138961983	6.69520977199532	raw_counts / DESeq2 median-of-ratios	1.014	3.735	55.783	182.17	55.783	182.17
MM_RS11610	0.807603527726182	0.711947883129476	0.256644555839442	0.440144138961983	45.8512566589658	raw_counts / DESeq2 median-of-ratios	0.294	0.787	16.493	33.426	16.493	33.426
MM_RS16190	0.565903906580708	0.498620207195935	0.256400552337784	0.440144138961983	126.809069395373	raw_counts / DESeq2 median-of-ratios	0.357	0.849	20.556	37.345	20.556	37.345
MM_RS05630	-0.540937687013973	0.476445637354708	0.256224188477418	0.440144138961983	774.805279536246	raw_counts / DESeq2 median-of-ratios	6.087	6.396	346.683	291.05	346.683	291.05
MM_RS03315	-0.518079125958634	0.456614852665202	0.256539359924506	0.440144138961983	1318.60835426664	raw_counts / DESeq2 median-of-ratios	10.462	13.204	628.498	581.275	628.498	581.275
MM_RS02485	-0.863518739499862	0.76437038615729	0.258597410613952	0.442979024261504	409.105086613947	raw_counts / DESeq2 median-of-ratios	7.885	9.841	517.986	438.078	517.986	438.078
MM_RS09875	0.678650874627096	0.600714695260257	0.258586179601379	0.442979024261504	50.5828718815921	raw_counts / DESeq2 median-of-ratios	0.499	1.227	28.499	56.969	28.499	56.969
MM_RS13125	-0.526940775069205	0.466560999808624	0.258723003741043	0.442979024261504	167.690048942452	raw_counts / DESeq2 median-of-ratios	0.695	0.826	40.899	36.275	40.899	36.275
MM_RS01635	-0.509685887512217	0.451366248803418	0.258810559050294	0.442979024261504	1585.96805841809	raw_counts / DESeq2 median-of-ratios	6.221	7.944	375.696	359.342	375.696	359.342
MM_RS03200	-0.586805217840052	0.520065541570614	0.259180849958522	0.44329713545693	179.669191888247	raw_counts / DESeq2 median-of-ratios	0.849	1.004	51.154	46.78	51.154	46.78
MM_RS09405	0.496193543301164	0.439826197347874	0.259253101801679	0.44329713545693	381.726979481026	raw_counts / DESeq2 median-of-ratios	1.062	2.656	63.49	118.454	63.49	118.454
MM_RS03195	-0.556409323188889	0.493361046302936	0.259407188775649	0.443341133117809	156.593697524177	raw_counts / DESeq2 median-of-ratios	0.678	0.834	40.97	37.911	40.97	37.911
MM_RS13655	0.596455493938527	0.529909329538502	0.260343217036568	0.44472080694575	112.471516036181	raw_counts / DESeq2 median-of-ratios	0.13	0.308	7.434	13.54	7.434	13.54
MM_RS07205	1.17027768058553	1.04014014341181	0.260540141583126	0.444837196751417	7.79469950190229	raw_counts / DESeq2 median-of-ratios	0.547	1.904	30.745	85.07	30.745	85.07
MM_RS10270	0.643165615565109	0.572597591722632	0.261334765337996	0.445112236823805	80.7848883642519	raw_counts / DESeq2 median-of-ratios	0.156	0.402	9.02	17.243	9.02	17.243
MM_RS03860	-0.609230436148291	0.542300989016421	0.261260209260239	0.445112236823805	469.921641656179	raw_counts / DESeq2 median-of-ratios	8.099	10.285	501.226	467.788	501.226	467.788
MM_RS06940	-0.572760564719743	0.509871020224872	0.261291412338228	0.445112236823805	518.810853368096	raw_counts / DESeq2 median-of-ratios	0.512	0.654	31.442	29.51	31.442	29.51
MM_RS01655	0.537922875180835	0.478547055212762	0.260981126625318	0.445112236823805	764.257876529107	raw_counts / DESeq2 median-of-ratios	6.477	17.506	394.262	785.088	394.262	785.088
MM_RS07110	-0.488890553890076	0.435259429369693	0.261345575066206	0.445112236823805	719.113449026154	raw_counts / DESeq2 median-of-ratios	3.916	4.492	226.162	199.013	226.162	199.013
MM_RS11200	0.494382786395205	0.440955500112391	0.262218683826802	0.446327967002137	290.199562578402	raw_counts / DESeq2 median-of-ratios	2.24	5.558	133.814	250.164	133.814	250.164
MM_RS07945	-0.493349918316468	0.440125690895182	0.262317826582032	0.446327967002137	660.075856196657	raw_counts / DESeq2 median-of-ratios	2.24	2.655	130.794	116.433	130.794	116.433
MM_RS12820	0.581574651635499	0.520148864885691	0.263527401515733	0.447932419670494	116.160961504981	raw_counts / DESeq2 median-of-ratios	1.255	3.009	72.853	140.333	72.853	140.333
MM_RS13710	-0.552580817823341	0.4944452384279	0.26374753087389	0.447932419670494	224.113013930036	raw_counts / DESeq2 median-of-ratios	1.731	1.876	100.226	87.387	100.226	87.387
MM_RS00805	-0.521097285050149	0.466120452658608	0.263590249990873	0.447932419670494	263.154498150302	raw_counts / DESeq2 median-of-ratios	1.558	1.964	93.927	88.328	93.927	88.328
MM_RS09020	-0.509318986662114	0.455765422640556	0.263779543025416	0.447932419670494	153.552962585852	raw_counts / DESeq2 median-of-ratios	2.336	2.658	135.532	120.484	135.532	120.484
MM_RS06895	0.466433555026656	0.41770130029591	0.264136428416853	0.448318046069686	781.521324882838	raw_counts / DESeq2 median-of-ratios	1.3	3.054	76.75	139.371	76.75	139.371
MM_RS11375	1.00067191636724	0.896812835838494	0.264503860996071	0.448721186581744	26.9877546791847	raw_counts / DESeq2 median-of-ratios	0.102	0.282	5.542	12.282	5.542	12.282
MM_RS09145	-0.486212884013107	0.436004636682553	0.264783874852185	0.448930689045274	568.098914372159	raw_counts / DESeq2 median-of-ratios	4.288	4.869	246.906	217.948	246.906	217.948
MM_RS01585	-0.466854907351704	0.418736272876772	0.264887302916696	0.448930689045274	1108.18708809289	raw_counts / DESeq2 median-of-ratios	7.454	9.476	444.124	423.563	444.124	423.563
MM_RS08190	0.606310718496704	0.54456903145352	0.265546482617792	0.449827146131365	65.0780290712787	raw_counts / DESeq2 median-of-ratios	0.812	2.171	48.23	94.771	48.23	94.771
MM_RS17890	1.53322422956091	1.37912732008136	0.266252069583593	0.450359769021416	5.31641024510795	raw_counts / DESeq2 median-of-ratios	0.022	0.086	1.198	3.833	1.198	3.833
MM_RS01775	-0.636015979431274	0.572000405881144	0.266174587303165	0.450359769021416	38.8326788158472	raw_counts / DESeq2 median-of-ratios	0.275	0.298	16.139	13.43	16.139	13.43
MM_RS11480	-0.588477638579056	0.52919502139722	0.266127771232043	0.450359769021416	372.311387574702	raw_counts / DESeq2 median-of-ratios	3.439	3.456	194.301	152.217	194.301	152.217
MM_RS05600	-0.842477466791582	0.758738386506869	0.266841252586624	0.451135431441116	11556.1971543067	raw_counts / DESeq2 median-of-ratios	34.709	43.99	2271.906	1905.172	2271.906	1905.172
MM_RS12430	0.497658596884449	0.449227219095945	0.267943696490256	0.452777655419444	276.332874034761	raw_counts / DESeq2 median-of-ratios	1.484	3.718	88.901	167.844	88.901	167.844
MM_RS19205	5.3149025387445	4.80040016415343	0.26821651934038	0.453017045379791	3.66431200926841	raw_counts / DESeq2 median-of-ratios	0	0.152	0	7.886	0	7.886
MM_RS16515	0.705234887727717	0.638377392101853	0.269276442969724	0.454584962862867	28.3589627456484	raw_counts / DESeq2 median-of-ratios	0.166	0.439	9.551	19.503	9.551	19.503
MM_RS08585	0.770162463856771	0.697532453829824	0.269539264107222	0.454806359661136	25.5392179660711	raw_counts / DESeq2 median-of-ratios	0.076	0.203	4.312	8.939	4.312	8.939
MM_RS13670	-0.653170120707181	0.591861712972191	0.269772898702577	0.454978316464209	40.7481011633379	raw_counts / DESeq2 median-of-ratios	0.304	0.342	18.294	15.589	18.294	15.589
MM_RS00170	3.140079870939	2.84678169257622	0.270015012861355	0.455164399425631	128.102367840627	raw_counts / DESeq2 median-of-ratios	0.514	12.279	36.147	531.308	36.147	531.308
MM_RS18270	0.564443325675762	0.512977541340703	0.271189428899442	0.456921115813986	67.8692690129202	raw_counts / DESeq2 median-of-ratios	12.449	31.719	735.912	1406.902	735.912	1406.902
MM_RS01465	1.35846670644427	1.2378181806711	0.272436557147762	0.45829531315383	5.30829243974275	raw_counts / DESeq2 median-of-ratios	0.02	0.077	1.117	3.491	1.117	3.491
MM_RS11440	0.582436198311919	0.530955806975951	0.272659770458353	0.45829531315383	340.497061224546	raw_counts / DESeq2 median-of-ratios	0.681	1.951	41.986	88.644	41.986	88.644
MM_RS06925	-0.581635584361748	0.530235568068451	0.272668462226729	0.45829531315383	255.655291289382	raw_counts / DESeq2 median-of-ratios	1.935	1.995	109.931	86.997	109.931	86.997
MM_RS02660	0.564819007388333	0.514844515857417	0.272612037627523	0.45829531315383	79.7675938591857	raw_counts / DESeq2 median-of-ratios	0.747	1.889	44.333	86.889	44.333	86.889
MM_RS02745	0.560017189294364	0.510085918430177	0.272253415256185	0.45829531315383	541.97300922269	raw_counts / DESeq2 median-of-ratios	0.711	1.663	40.761	71.913	40.761	71.913
MM_RS02945	-0.58801836848592	0.536259542582778	0.27285204664876	0.458380821558763	89.8212220680988	raw_counts / DESeq2 median-of-ratios	0.207	0.213	11.789	9.493	11.789	9.493
MM_RS14565	-0.529977177369458	0.483657377644197	0.273179501199499	0.458707825543545	564.934366909669	raw_counts / DESeq2 median-of-ratios	5.123	5.437	292.263	249.609	292.263	249.609
MM_RS04825	-0.829085990765615	0.75716700994346	0.273523513351583	0.458938587780816	20.5785441936277	raw_counts / DESeq2 median-of-ratios	1.653	1.78	100.951	77.15	100.951	77.15
MM_RS12145	0.605175285473337	0.552885243547208	0.273702143742378	0.458938587780816	51.0423396337828	raw_counts / DESeq2 median-of-ratios	0.566	1.387	32.587	61.831	32.587	61.831
MM_RS12660	0.494511555644777	0.45179600930322	0.273715544536329	0.458938587780816	242.596398784419	raw_counts / DESeq2 median-of-ratios	1.313	2.945	75.587	131.932	75.587	131.932
MM_RS06555	-0.549906656360966	0.502588943408199	0.27389010033882	0.45900844569155	1207.01304025364	raw_counts / DESeq2 median-of-ratios	4.195	5.418	256.186	238.568	256.186	238.568
MM_RS06230	0.923958590857079	0.844800889333758	0.274086647932239	0.459115073694449	14.3634561412665	raw_counts / DESeq2 median-of-ratios	0.191	0.555	10.688	24.502	10.688	24.502
MM_RS08720	-0.467677121424596	0.4277349010727	0.274226647011901	0.459126921366508	636.082765737863	raw_counts / DESeq2 median-of-ratios	1.066	1.361	63.638	60.796	63.638	60.796
MM_RS15280	0.517169302599898	0.473803980812734	0.275041554680845	0.460268183075406	400.853402252998	raw_counts / DESeq2 median-of-ratios	1.923	5.046	116.556	228.11	116.556	228.11
MM_RS04650	-0.667558977907779	0.611997132865105	0.275366286266643	0.460588451702172	1235.26702754227	raw_counts / DESeq2 median-of-ratios	7.502	9.724	474.769	440.36	474.769	440.36
MM_RS08595	0.564881460097944	0.518334096317212	0.275800436307679	0.461091339306254	122.087841012719	raw_counts / DESeq2 median-of-ratios	0.324	0.813	18.962	35.159	18.962	35.159
MM_RS02225	0.697584936218338	0.641187745084388	0.276613925154073	0.46200410903393	37.3988361727441	raw_counts / DESeq2 median-of-ratios	0.087	0.215	4.909	9.611	4.909	9.611
MM_RS07605	0.678429590135311	0.623574263596852	0.276608706611226	0.46200410903393	59.0629432506723	raw_counts / DESeq2 median-of-ratios	0.783	1.875	43.904	82.942	43.904	82.942
MM_RS01245	-0.857245324988922	0.788637969232397	0.277039133942566	0.462490656663906	14.3699733900578	raw_counts / DESeq2 median-of-ratios	0.18	0.162	10.431	7.298	10.431	7.298
MM_RS03000	0.587753726329422	0.541028751720089	0.277318335723337	0.46273310704754	72.2039518321278	raw_counts / DESeq2 median-of-ratios	0.145	0.357	8.393	15.593	8.393	15.593
MM_RS11300	-0.453364448809758	0.417982793864656	0.278077324734614	0.463775509238705	1361.21035398713	raw_counts / DESeq2 median-of-ratios	6.268	7.915	372.194	360.61	372.194	360.61
MM_RS08290	-0.529174136665972	0.488237447609235	0.278433147397063	0.464144831616532	413.191650761764	raw_counts / DESeq2 median-of-ratios	5.929	7.596	360.664	345.524	360.664	345.524
MM_RS16410	0.880853116785751	0.813690876820321	0.279012545168423	0.464375263590098	14.3189656180013	raw_counts / DESeq2 median-of-ratios	0.104	0.337	6.285	15.486	6.285	15.486
MM_RS04315	0.734258425275676	0.678355817608377	0.279070842006224	0.464375263590098	1938.59708429217	raw_counts / DESeq2 median-of-ratios	14.171	51.087	912.982	2270.713	912.982	2270.713
MM_RS05920	-0.683042887330111	0.631089865287875	0.279109162482062	0.464375263590098	350.142566294811	raw_counts / DESeq2 median-of-ratios	1.794	1.622	101.036	77.46	101.036	77.46
MM_RS09135	-0.506921994309024	0.467976766349838	0.278710593437004	0.464375263590098	900.629714722947	raw_counts / DESeq2 median-of-ratios	6.662	7.456	382.75	326.543	382.75	326.543
MM_RS19265	0.495086451118295	0.459142700708577	0.280906818234344	0.467141141156198	308.795361820336	raw_counts / DESeq2 median-of-ratios	0.249	0.594	14.61	25.971	14.61	25.971
MM_RS09370	-0.618257923683593	0.573711298558729	0.281191580586894	0.467389662823452	211.825237252664	raw_counts / DESeq2 median-of-ratios	274.906	353.5	17121.056	15891.188	17121.056	15891.188
MM_RS16740	-0.594207911675738	0.551848768876816	0.281588122042784	0.46782365249436	70.8571666025066	raw_counts / DESeq2 median-of-ratios	0.232	0.281	14.071	12.729	14.071	12.729
MM_RS02360	-0.606312141747153	0.563781092445024	0.282178254712854	0.468578697970287	692.941804774149	raw_counts / DESeq2 median-of-ratios	5.996	7.747	371.184	337.537	371.184	337.537
MM_RS07645	0.540963804130975	0.503255754985716	0.282406874190025	0.468732985801223	141.657233203101	raw_counts / DESeq2 median-of-ratios	0.517	1.382	31.346	61.783	31.346	61.783
MM_RS17810	0.70725075563607	0.659322501985108	0.28340879839033	0.469938187529821	35.0520840090748	raw_counts / DESeq2 median-of-ratios	0.127	0.309	7.137	14.139	7.137	14.139
MM_RS03300	-0.615472000071757	0.57408328237428	0.283677220903207	0.469938187529821	1462.9076263106	raw_counts / DESeq2 median-of-ratios	29.369	37.552	1828.398	1738.828	1828.398	1738.828
MM_RS09845	0.535403830447862	0.499005477916829	0.283297234557734	0.469938187529821	138.346121835292	raw_counts / DESeq2 median-of-ratios	0.256	0.592	14.679	26.043	14.679	26.043
MM_RS04025	-0.502676044776311	0.468779421107972	0.283581598528503	0.469938187529821	293.730568397331	raw_counts / DESeq2 median-of-ratios	2.004	2.199	114.672	99.665	114.672	99.665
MM_RS07010	0.642803086850998	0.5998355786275	0.283885289962158	0.470057426428233	191.471905232447	raw_counts / DESeq2 median-of-ratios	0.541	1.7	33.98	76.172	33.98	76.172
MM_RS03550	0.496520904346767	0.463492480081327	0.284052588330808	0.470109075272933	179.764428055591	raw_counts / DESeq2 median-of-ratios	2.167	4.93	125.087	218.728	125.087	218.728
MM_RS01945	0.523821035257684	0.489283450101926	0.2843546801322	0.470167466328213	138.865449606592	raw_counts / DESeq2 median-of-ratios	2.007	5.106	120.455	233.489	120.455	233.489
MM_RS11435	0.483294876596429	0.451562049614692	0.284496237587135	0.470167466328213	208.160339717105	raw_counts / DESeq2 median-of-ratios	8.904	21.91	530.843	975.791	530.843	975.791
MM_RS05090	-0.476129242449982	0.444847156477578	0.284474856090669	0.470167466328213	816.204936899514	raw_counts / DESeq2 median-of-ratios	6.132	7.96	368.959	355.957	368.959	355.957
MM_RS01185	-0.836064727374332	0.782418813936157	0.28526609110285	0.471214289177066	664.585021018398	raw_counts / DESeq2 median-of-ratios	829.011	1055.281	54687.926	48451.204	54687.926	48451.204
MM_RS04010	0.458439175529161	0.429162349153339	0.285421946199044	0.471246368150812	2248.36136574649	raw_counts / DESeq2 median-of-ratios	34.375	78.861	2008.313	3462.263	2008.313	3462.263
MM_RS11680	0.669358390655718	0.627339748639563	0.285981280768422	0.471781190627724	38.5120796087494	raw_counts / DESeq2 median-of-ratios	0.667	1.829	39.152	78.755	39.152	78.755
MM_RS07830	0.553684188107079	0.518967620742421	0.286019054190635	0.471781190627724	63.9569049576606	raw_counts / DESeq2 median-of-ratios	0.127	0.324	7.552	14.438	7.552	14.438
MM_RS18510	0.828893124218811	0.777539819755744	0.28640290085547	0.47200700856469	16.6672543500004	raw_counts / DESeq2 median-of-ratios	2.029	5.702	115.244	251.726	115.244	251.726
MM_RS15655	0.63947620942733	0.59989087696974	0.286429267501908	0.47200700856469	44.358229422587	raw_counts / DESeq2 median-of-ratios	0.182	0.489	10.682	21.149	10.682	21.149
MM_RS06840	0.649961484297756	0.610251250357007	0.286843375193835	0.472449747095295	510.234027500151	raw_counts / DESeq2 median-of-ratios	1.691	4.382	97.895	183.253	97.895	183.253
MM_RS00155	-0.504520672680028	0.473822282839678	0.286971502433679	0.472449747095295	151.388863079674	raw_counts / DESeq2 median-of-ratios	0.295	0.335	17.001	14.849	17.001	14.849
MM_RS01170	-0.579034065499953	0.544518136043179	0.287606020880884	0.473268792816853	122.009072611467	raw_counts / DESeq2 median-of-ratios	5.583	7.001	342.051	319.032	342.051	319.032
MM_RS19455	1.5813134131721	1.48830807042298	0.288012999208492	0.473380444011463	4.58811542941146	raw_counts / DESeq2 median-of-ratios	0.879	3.47	46.812	165.106	46.812	165.106
MM_RS13245	0.727386414918839	0.684707296753828	0.288085029910856	0.473380444011463	71.3112393334267	raw_counts / DESeq2 median-of-ratios	0.294	0.695	16.282	30.809	16.282	30.809
MM_RS02000	0.496634585829854	0.467333708516015	0.287918939355196	0.473380444011463	162.354255295815	raw_counts / DESeq2 median-of-ratios	0.609	1.527	36.507	68.717	36.507	68.717
MM_RS09290	0.664972925696393	0.626744453053395	0.288692032262446	0.474152296450066	429.954584803953	raw_counts / DESeq2 median-of-ratios	1.712	5.052	103.375	211.343	103.375	211.343
MM_RS13150	-0.479421556112926	0.452657334204681	0.289541993654819	0.475322265248927	502.909184115653	raw_counts / DESeq2 median-of-ratios	11.269	13.247	658.286	613.338	658.286	613.338
MM_RS01210	0.518070901259708	0.489572979363608	0.289959826101077	0.475556144042318	296.48101915318	raw_counts / DESeq2 median-of-ratios	0.866	2.301	52.694	103.6	52.694	103.6
MM_RS10190	-0.460810539128471	0.435385604232208	0.289874777810367	0.475556144042318	499.954379808245	raw_counts / DESeq2 median-of-ratios	3.057	3.528	176.147	159.417	176.147	159.417
MM_RS13440	-0.638333445735448	0.604116051592663	0.290675720496583	0.476277959485387	631.742289951059	raw_counts / DESeq2 median-of-ratios	1.32	1.735	83.315	78.186	83.315	78.186
MM_RS02590	0.488428631232517	0.462147361662917	0.290571959649457	0.476277959485387	243.330879204675	raw_counts / DESeq2 median-of-ratios	1.648	4.164	99.127	186.237	99.127	186.237
MM_RS13410	1.24586976200998	1.17982323694584	0.290977344486508	0.476546110884968	5.49208375722305	raw_counts / DESeq2 median-of-ratios	0.05	0.197	2.9	8.721	2.9	8.721
MM_RS03510	-0.678821861520011	0.643217901399167	0.291263966988032	0.476584718348481	1399.20810489447	raw_counts / DESeq2 median-of-ratios	5.662	7.461	361.499	336.232	361.499	336.232
MM_RS09260	0.621439513015287	0.588860994850955	0.29127687910644	0.476584718348481	53.9095959838478	raw_counts / DESeq2 median-of-ratios	0.094	0.223	5.319	9.887	5.319	9.887
MM_RS02465	0.440181767024511	0.417347368043029	0.29155652499021	0.476816400244405	376.124400405339	raw_counts / DESeq2 median-of-ratios	1.841	4.118	107.298	184.74	107.298	184.74
MM_RS05440	-0.670573810370241	0.637167738494828	0.292602766079428	0.478248794271793	5878.14599677552	raw_counts / DESeq2 median-of-ratios	7963.448	9739.238	496187.895	464136.97	496187.895	464136.97
MM_RS08735	-0.555031283723885	0.527497641960816	0.292709308364381	0.478248794271793	35358.8808840521	raw_counts / DESeq2 median-of-ratios	46571.628	61731.532	2877498.962	2737256.273	2877498.962	2737256.273
MM_RS12085	0.543748880904963	0.516971463305217	0.292892831812181	0.478322383489018	77.6776593806145	raw_counts / DESeq2 median-of-ratios	0.206	0.505	12.047	22.152	12.047	22.152
MM_RS01915	0.62418499493067	0.594588222596743	0.293820687475625	0.479610895340647	169.640092149511	raw_counts / DESeq2 median-of-ratios	0.725	1.628	40.716	75.93	40.716	75.93
MM_RS04615	0.880406033074938	0.839286653755173	0.294181225934516	0.479745965239762	76.6332861171073	raw_counts / DESeq2 median-of-ratios	1.524	5.975	99.198	287.97	99.198	287.97
MM_RS02655	0.784764427566332	0.748008431225705	0.294114388647317	0.479745965239762	21.7235027649294	raw_counts / DESeq2 median-of-ratios	0.163	0.505	9.974	23.575	9.974	23.575
MM_RS05475	-0.709207604632558	0.676834549371556	0.294716897929477	0.480392716115345	3392.05934828062	raw_counts / DESeq2 median-of-ratios	93.93	123.304	6047.315	5631.3	6047.315	5631.3
MM_RS00725	-0.663565737640296	0.633466053262122	0.294861721178032	0.480402068372134	3803.65180839092	raw_counts / DESeq2 median-of-ratios	5050.93	6477.817	319101.567	302514.771	319101.567	302514.771
MM_RS12080	0.547458503754701	0.523167950150665	0.295362666388951	0.480764679409725	114.484290934062	raw_counts / DESeq2 median-of-ratios	8.248	18.667	472.143	861.868	472.143	861.868
MM_RS13490	0.452256833215933	0.432137256329977	0.295303342044456	0.480764679409725	238.928680617236	raw_counts / DESeq2 median-of-ratios	0.898	2.01	52.265	90.754	52.265	90.754
MM_RS12485	-0.558862881172849	0.534982863779372	0.296190783153858	0.481662128426613	84.3513374324749	raw_counts / DESeq2 median-of-ratios	0.855	0.932	49.1	40.768	49.1	40.768
MM_RS04000	-0.517044922221337	0.494953965975543	0.2961929243712	0.481662128426613	101.510943897639	raw_counts / DESeq2 median-of-ratios	0.592	0.685	34.744	31.597	34.744	31.597
MM_RS07495	0.51667755728711	0.495683528874104	0.297247726902089	0.483149952338736	205.274528868679	raw_counts / DESeq2 median-of-ratios	2.418	5.504	138.785	240.874	138.785	240.874
MM_RS10500	1.36497336193657	1.31217449499141	0.298229486238631	0.484052601257271	8.90112457311976	raw_counts / DESeq2 median-of-ratios	0.074	0.263	3.94	10.931	3.94	10.931
MM_RS06960	-0.663775941422831	0.638647800759275	0.298643918146857	0.484052601257271	841.841994297619	raw_counts / DESeq2 median-of-ratios	12.028	10.572	665.425	481.734	665.425	481.734
MM_RS10105	-0.656899491140385	0.631977611956622	0.298602589579176	0.484052601257271	42.4351918170586	raw_counts / DESeq2 median-of-ratios	0.23	0.22	12.99	9.838	12.99	9.838
MM_RS04345	0.511840485075544	0.491975438385933	0.298164259705021	0.484052601257271	286.427067929684	raw_counts / DESeq2 median-of-ratios	0.882	2.129	51.661	92.032	51.661	92.032
MM_RS03440	-0.459159888195991	0.441564123649724	0.298410190582051	0.484052601257271	607.359913934675	raw_counts / DESeq2 median-of-ratios	2.12	2.742	126.698	121.364	126.698	121.364
MM_RS15710	0.443685315960045	0.426664680418802	0.298389940118638	0.484052601257271	599.2685403557	raw_counts / DESeq2 median-of-ratios	2.621	6.285	156.478	282.21	156.478	282.21
MM_RS00945	0.580005193331962	0.559756566985488	0.300120980555386	0.485918491418476	520.694271992844	raw_counts / DESeq2 median-of-ratios	439.964	1002.438	24891.71	43222.177	24891.71	43222.177
MM_RS06080	-0.541246656603884	0.5222369579823	0.300015326286482	0.485918491418476	89.8451820881312	raw_counts / DESeq2 median-of-ratios	0.487	0.543	28.097	23.779	28.097	23.779
MM_RS06010	0.467498688406406	0.451267578822282	0.300217157118422	0.485918491418476	277.175564288337	raw_counts / DESeq2 median-of-ratios	1.582	3.878	94.803	175.731	94.803	175.731
MM_RS12020	-0.571902706194975	0.552316817986883	0.300453517370339	0.486073278218806	614.849640760705	raw_counts / DESeq2 median-of-ratios	2.724	3.602	168.836	158.736	168.836	158.736
MM_RS10240	-0.571456072967809	0.552935330039796	0.301372161972783	0.487331201991569	779.358096257376	raw_counts / DESeq2 median-of-ratios	7.145	9.479	444.566	427.641	444.566	427.641
MM_RS13120	-0.610583412391858	0.591144728013195	0.30165859805811	0.48756611965031	1025.51954027233	raw_counts / DESeq2 median-of-ratios	10.271	13.275	641.549	616.65	641.549	616.65
MM_RS03180	-0.655066242437777	0.634410323573093	0.301810210564898	0.487583006216632	724.14573153612	raw_counts / DESeq2 median-of-ratios	4.506	4.025	249.414	178.912	249.414	178.912
MM_RS12025	-0.468943613688432	0.454484283701736	0.302158881188053	0.487918081170423	1415.76936164889	raw_counts / DESeq2 median-of-ratios	3.639	4.412	212.766	192.001	212.766	192.001
MM_RS19080	-1.02771623328903	0.997066917988592	0.302663007050474	0.488503750631934	12.6242345496742	raw_counts / DESeq2 median-of-ratios	4.597	3.136	251.647	140.785	251.647	140.785
MM_RS02180	0.715427789103868	0.694975232139939	0.303278039077287	0.489267794008851	24.2837856375066	raw_counts / DESeq2 median-of-ratios	0.439	1.302	26.524	56.935	26.524	56.935
MM_RS08420	-0.446843232595233	0.435962723572982	0.305383274708827	0.4921824441279	317.938907814874	raw_counts / DESeq2 median-of-ratios	3.739	4.793	222.21	213.114	222.21	213.114
MM_RS10180	0.444716791204668	0.433901086325338	0.305397794080606	0.4921824441279	288.669402286684	raw_counts / DESeq2 median-of-ratios	1.685	3.706	97.668	167.921	97.668	167.921
MM_RS06520	0.430273964703534	0.419908838178544	0.305512206198673	0.4921824441279	425.246055640622	raw_counts / DESeq2 median-of-ratios	4.823	10.75	281.977	489.217	281.977	489.217
MM_RS00510	0.481658068232367	0.470581403145136	0.306053422034308	0.492824484711654	177.43906639919	raw_counts / DESeq2 median-of-ratios	0.856	2.086	51.105	95.572	51.105	95.572
MM_RS02060	-0.524525796699384	0.512677716268368	0.306255748593606	0.492920482591946	903.996857842349	raw_counts / DESeq2 median-of-ratios	10.934	14.377	671.004	657.113	671.004	657.113
MM_RS05195	-0.645257435682318	0.631405731969375	0.306810302117976	0.493583038432925	1150.43797676357	raw_counts / DESeq2 median-of-ratios	7.598	10.147	481.572	444.5	481.572	444.5
MM_RS13200	0.713005016015906	0.698529159697807	0.307385533895818	0.494278228154635	40.6781135915979	raw_counts / DESeq2 median-of-ratios	1.066	2.67	59.824	114.627	59.824	114.627
MM_RS09935	0.510237509588495	0.501117398747241	0.308583133572161	0.495973077411933	320.344911329656	raw_counts / DESeq2 median-of-ratios	0.548	1.448	33.396	66.056	33.396	66.056
MM_RS11500	-0.672238309571287	0.66082641350291	0.309025418536996	0.496452928198505	41.6597395351494	raw_counts / DESeq2 median-of-ratios	0.298	0.28	16.843	13.112	16.843	13.112
MM_RS04195	-0.468368461738717	0.461175384667669	0.309821205344415	0.497499973621389	452.242700092555	raw_counts / DESeq2 median-of-ratios	10.455	11.743	597.818	528.086	597.818	528.086
MM_RS09255	0.673039567273375	0.664965972869569	0.311470466919057	0.49991588881897	71.5439618132017	raw_counts / DESeq2 median-of-ratios	6.264	14.617	348.602	637.229	348.602	637.229
MM_RS06495	0.729241335187293	0.721557392833772	0.312184403082775	0.500797501346708	6292.67557402107	raw_counts / DESeq2 median-of-ratios	10.432	24.728	577.543	1037.011	577.543	1037.011
MM_RS07005	0.671467788903176	0.664564704576602	0.312309733034398	0.500797501346708	31.3619597001156	raw_counts / DESeq2 median-of-ratios	0.066	0.16	3.706	7.193	3.706	7.193
MM_RS07415	-0.515164899871359	0.510177248811731	0.312602472405968	0.50103431076112	383.156107627125	raw_counts / DESeq2 median-of-ratios	1.298	1.607	78.028	75.169	78.028	75.169
MM_RS07435	0.428418792778098	0.424870634177146	0.313285915255351	0.501896823419286	1778.59957224567	raw_counts / DESeq2 median-of-ratios	6.581	15.332	389.476	675.795	389.476	675.795
MM_RS17260	-0.559802012442259	0.556618979184237	0.314550994794814	0.503689910070138	152.072456777945	raw_counts / DESeq2 median-of-ratios	0.83	1.086	51.122	47.998	51.122	47.998
MM_RS08230	-0.420695955982318	0.418512251745928	0.314791996241059	0.503842240508164	481.48898712516	raw_counts / DESeq2 median-of-ratios	2.56	3.109	148.552	139.782	148.552	139.782
MM_RS17935	-2.3990936232094	2.39058803587679	0.315591732570378	0.50488830212973	40.8322380736518	raw_counts / DESeq2 median-of-ratios	0.286	0.075	16.144	3.896	16.144	3.896
MM_RS19090	0.926606595877611	0.925682962865017	0.316827879015637	0.505875924082636	11.1886871711233	raw_counts / DESeq2 median-of-ratios	1.006	3.135	57.337	134.052	57.337	134.052
MM_RS03915	0.646509377255218	0.64601642775756	0.316941372239382	0.505875924082636	34.7784622022644	raw_counts / DESeq2 median-of-ratios	0.095	0.236	5.414	10.312	5.414	10.312
MM_RS10455	-0.612104576434469	0.611449670368452	0.316792449753867	0.505875924082636	2937.19497468616	raw_counts / DESeq2 median-of-ratios	74.375	71.947	4167.033	3078.87	4167.033	3078.87
MM_RS04255	-0.561612619570025	0.56094333550106	0.316733442309143	0.505875924082636	71.8620416215627	raw_counts / DESeq2 median-of-ratios	0.389	0.401	22.058	18.149	22.058	18.149
MM_RS06165	0.475033904771549	0.474277269132824	0.316539070373073	0.505875924082636	570.429155691332	raw_counts / DESeq2 median-of-ratios	0.964	2.47	58.379	109.529	58.379	109.529
MM_RS10370	-0.619361486034805	0.619528622916112	0.317441083549122	0.506439493107929	478.9372857323	raw_counts / DESeq2 median-of-ratios	1.35	1.806	84.969	78.763	84.969	78.763
MM_RS03815	0.536118452502354	0.536859393508438	0.317978875610934	0.507063267017621	227.458078418564	raw_counts / DESeq2 median-of-ratios	0.302	0.652	17.049	29.607	17.049	29.607
MM_RS19040	0.797934482444173	0.799919779125149	0.318513077953245	0.507680743539689	13.6327315103748	raw_counts / DESeq2 median-of-ratios	0.46	1.339	26.957	60.285	26.957	60.285
MM_RS00885	-0.461893427626034	0.464034439834293	0.319548520269979	0.508861497931078	266.0340825657	raw_counts / DESeq2 median-of-ratios	0.463	0.576	27.239	25.14	27.239	25.14
MM_RS03500	0.44804304968996	0.450045596771626	0.319468670614889	0.508861497931078	1686.28077986072	raw_counts / DESeq2 median-of-ratios	3.861	9.368	231.727	429.721	231.727	429.721
MM_RS16440	-2.81669091277415	2.83956906632856	0.321225287829055	0.509917702174363	97.2333867150938	raw_counts / DESeq2 median-of-ratios	0.373	0.116	24.707	6.037	24.707	6.037
MM_RS07400	1.40432577187189	1.41883563076758	0.322284887234177	0.509917702174363	12.3058659842366	raw_counts / DESeq2 median-of-ratios	0.016	0.1	1.125	4.89	1.125	4.89
MM_RS14655	0.856508858027103	0.865052413124603	0.322113681991172	0.509917702174363	12.9488751285065	raw_counts / DESeq2 median-of-ratios	0.07	0.233	4.211	10.035	4.211	10.035
MM_RS04360	0.712675641722063	0.717568835006172	0.320621817916412	0.509917702174363	19.6308575393451	raw_counts / DESeq2 median-of-ratios	0.132	0.351	7.691	16.185	7.691	16.185
MM_RS15450	0.665669396344219	0.670392876236097	0.320732293379565	0.509917702174363	104.572770880994	raw_counts / DESeq2 median-of-ratios	10.491	23.927	581.541	1043.53	581.541	1043.53
MM_RS04835	0.637207955430421	0.644176360075075	0.322573879343075	0.509917702174363	45.2586896500227	raw_counts / DESeq2 median-of-ratios	0.079	0.188	4.443	8.213	4.443	8.213
MM_RS05870	-0.610943488371215	0.616727955267973	0.321870818439917	0.509917702174363	45.9183538564965	raw_counts / DESeq2 median-of-ratios	0.262	0.26	14.914	12.044	14.914	12.044
MM_RS05070	0.554672171980582	0.560572908399802	0.322431411966801	0.509917702174363	45.1252701696642	raw_counts / DESeq2 median-of-ratios	0.155	0.374	9.083	17.121	9.083	17.121
MM_RS04405	-0.486874549974381	0.491925503976279	0.322304993394517	0.509917702174363	2247.26293438918	raw_counts / DESeq2 median-of-ratios	33.24	44.319	2029.713	2023.798	2029.713	2023.798
MM_RS07480	0.463413072883599	0.467729578771667	0.321797234996764	0.509917702174363	347.29584191614	raw_counts / DESeq2 median-of-ratios	3.161	7.511	187.926	347.711	187.926	347.711
MM_RS11710	0.4621052743381	0.465790794154612	0.321154791445855	0.509917702174363	126.346687949541	raw_counts / DESeq2 median-of-ratios	1.717	4.08	101.579	181.251	101.579	181.251
MM_RS14325	-0.453130146836878	0.457107653637481	0.32153982873359	0.509917702174363	318.091599886088	raw_counts / DESeq2 median-of-ratios	3.783	4.519	219.209	198.388	219.209	198.388
MM_RS03065	0.431295944914946	0.43570360240041	0.322230910419065	0.509917702174363	308.404109919214	raw_counts / DESeq2 median-of-ratios	0.582	1.371	34.668	61.971	34.668	61.971
MM_RS16990	-0.425868872190335	0.428911246496804	0.320755399560145	0.509917702174363	539.745731175632	raw_counts / DESeq2 median-of-ratios	6.334	7.54	365.954	341.639	365.954	341.639
MM_RS06920	0.423436224185558	0.426988536252363	0.321353384553201	0.509917702174363	1117.56151869908	raw_counts / DESeq2 median-of-ratios	6.301	13.577	363.827	603.655	363.827	603.655
MM_RS13520	0.413842651717039	0.41800660100979	0.322155273888471	0.509917702174363	393.098493946378	raw_counts / DESeq2 median-of-ratios	0.51	1.124	29.835	50.955	29.835	50.955
MM_RS17675	2.3059642527666	2.3413258960865	0.324674792668657	0.511848880633095	39.6247223280595	raw_counts / DESeq2 median-of-ratios	0.066	0.404	3.507	18.287	3.507	18.287
MM_RS18790	0.609334764817571	0.618719774324268	0.324706812171446	0.511848880633095	32.0448707456815	raw_counts / DESeq2 median-of-ratios	4.444	10.778	255.756	490.382	255.756	490.382
MM_RS02830	-0.594673977090416	0.603613606483845	0.324530842720576	0.511848880633095	38.7006025801319	raw_counts / DESeq2 median-of-ratios	1.397	1.472	79.988	65.22	79.988	65.22
MM_RS05300	0.496984775505783	0.504542657463322	0.324614084429719	0.511848880633095	67.8446656714235	raw_counts / DESeq2 median-of-ratios	0.372	0.868	21.722	39.04	21.722	39.04
MM_RS00505	0.487900685977808	0.495544458442748	0.324832873870221	0.511848880633095	87.7656049584128	raw_counts / DESeq2 median-of-ratios	1.388	3.241	81.5	148.646	81.5	148.646
MM_RS02175	0.465103421079064	0.472372692886019	0.324815109935393	0.511848880633095	188.318920426638	raw_counts / DESeq2 median-of-ratios	0.542	1.344	32.564	59.734	32.564	59.734
MM_RS09415	-0.440965577526971	0.447296362928834	0.324208417520004	0.511848880633095	743.769007192313	raw_counts / DESeq2 median-of-ratios	1.447	1.885	86.251	82.822	86.251	82.822
MM_RS04395	-0.477985084107657	0.486297151521259	0.325652999991335	0.512765200923949	258.709336384262	raw_counts / DESeq2 median-of-ratios	0.806	0.89	45.889	40.014	45.889	40.014
MM_RS08135	0.471056124516375	0.479305459712193	0.325711305971958	0.512765200923949	115.155294543682	raw_counts / DESeq2 median-of-ratios	0.425	1.037	25.339	46.155	25.339	46.155
MM_RS10425	0.444326011820416	0.454488385329262	0.328252420927975	0.516530233205115	1242.94696036812	raw_counts / DESeq2 median-of-ratios	9.389	23.357	567.564	1045.409	567.564	1045.409
MM_RS14635	-0.675325799412174	0.691013733726609	0.328422030091401	0.516561790498952	872.057040677558	raw_counts / DESeq2 median-of-ratios	4.81	6.532	310.772	295.934	310.772	295.934
MM_RS16570	0.569251791139107	0.583496025297104	0.329268613385219	0.517657619769025	818.305696438465	raw_counts / DESeq2 median-of-ratios	2.055	6.164	128.946	275.027	128.946	275.027
MM_RS19350	1.75170995717389	1.79682596587751	0.329614194395191	0.517965162621014	2.66481240430791	raw_counts / DESeq2 median-of-ratios	0.161	0.795	8.57	33.978	8.57	33.978
MM_RS08950	0.933893528556597	0.959398237504327	0.330346624280474	0.518678911190675	10.1246248228139	raw_counts / DESeq2 median-of-ratios	0.129	0.413	7.395	17.543	7.395	17.543
MM_RS03675	0.515252934967361	0.529348735059401	0.330368733242468	0.518678911190675	338.960554587132	raw_counts / DESeq2 median-of-ratios	2.832	7.65	173.999	350.856	173.999	350.856
MM_RS13515	0.494813445486464	0.508756855299375	0.330755535761141	0.519050259208987	116.299782933027	raw_counts / DESeq2 median-of-ratios	0.262	0.675	15.86	30.387	15.86	30.387
MM_RS03575	0.705760064079102	0.725903102463117	0.330925662171961	0.519081397430497	299.263809485566	raw_counts / DESeq2 median-of-ratios	1.863	6.704	120.65	291.086	120.65	291.086
MM_RS00755	0.440207428813596	0.453199841289858	0.331383065837035	0.519562918475316	199.163072150176	raw_counts / DESeq2 median-of-ratios	1.698	3.717	98.472	169.691	98.472	169.691
MM_RS12570	0.624905481550669	0.643828402207726	0.331743146375809	0.519803359632555	28.3673697682029	raw_counts / DESeq2 median-of-ratios	0.1	0.25	5.777	11.062	5.777	11.062
MM_RS10110	-0.467007833691082	0.481243225300831	0.331837408219393	0.519803359632555	129.890073419303	raw_counts / DESeq2 median-of-ratios	0.842	1.085	50.509	48.9	50.509	48.9
MM_RS12265	-0.409167750415736	0.422290231101197	0.332582388516977	0.520734165882882	447.26270950453	raw_counts / DESeq2 median-of-ratios	9.084	11.901	539.489	532.815	539.489	532.815
MM_RS00070	0.552985735551616	0.571155716937469	0.332950815332235	0.520838820723524	71.1882294140857	raw_counts / DESeq2 median-of-ratios	0.527	1.281	30.516	55.159	30.516	55.159
MM_RS08910	0.426349390540462	0.440344004390685	0.332935054365029	0.520838820723524	176.935157338919	raw_counts / DESeq2 median-of-ratios	0.558	1.28	32.967	57.573	32.967	57.573
MM_RS03450	1.06559303508166	1.10350463529885	0.334222166445576	0.522354462852045	6.717422590085	raw_counts / DESeq2 median-of-ratios	0.068	0.218	3.829	10.134	3.829	10.134
MM_RS07735	-0.495786198382898	0.513279809744377	0.33408522322699	0.522354462852045	966.13222389639	raw_counts / DESeq2 median-of-ratios	5.168	7.029	318.061	315.603	318.061	315.603
MM_RS16150	0.712898833742835	0.739401517300342	0.334967432513184	0.522809539946018	312.085253958287	raw_counts / DESeq2 median-of-ratios	13.29	40.377	817.276	1986.353	817.276	1986.353
MM_RS10610	0.685416502085824	0.710718848542473	0.334845954941378	0.522809539946018	32.6164466923778	raw_counts / DESeq2 median-of-ratios	0.124	0.296	6.93	13.277	6.93	13.277
MM_RS02435	0.620594866747842	0.643630452268092	0.334940692033713	0.522809539946018	30.4474437517437	raw_counts / DESeq2 median-of-ratios	0.267	0.639	15.256	29.191	15.256	29.191
MM_RS09590	-0.467754781622329	0.485525699032859	0.335347525613153	0.523046038291456	996.359527294532	raw_counts / DESeq2 median-of-ratios	4.215	5.544	253.435	241.261	253.435	241.261
MM_RS10555	0.45826082228083	0.475744177940468	0.335421822471215	0.523046038291456	1430.84370346165	raw_counts / DESeq2 median-of-ratios	9.202	22.971	556.737	1056.391	556.737	1056.391
MM_RS06580	-0.634654515239134	0.659761393311956	0.336076972180835	0.523831165123016	3570.08545095432	raw_counts / DESeq2 median-of-ratios	20.41	18.117	1127.982	841.754	1127.982	841.754
MM_RS03885	-0.487466736326616	0.507026044322383	0.336339290678279	0.524003567885781	70.1815450025262	raw_counts / DESeq2 median-of-ratios	1.428	1.749	84.676	79.151	84.676	79.151
MM_RS05795	-0.521710607374421	0.543380369220429	0.336994594763188	0.5247452644958	137.657505811468	raw_counts / DESeq2 median-of-ratios	0.965	1.28	59.283	57.325	59.283	57.325
MM_RS03515	-0.38937833813576	0.405656159905911	0.337119207271621	0.5247452644958	2020.73552431072	raw_counts / DESeq2 median-of-ratios	42.61	55.538	2517.906	2523.12	2517.906	2523.12
MM_RS09700	0.452529152027011	0.471889200768493	0.337572187599806	0.52521366485123	413.631040894984	raw_counts / DESeq2 median-of-ratios	2.861	7.1	172.926	323.909	172.926	323.909
MM_RS07020	0.487536557181978	0.508634043289263	0.337799963261288	0.525331415175366	178.453035566331	raw_counts / DESeq2 median-of-ratios	21.439	45.869	1217.17	2065.042	1217.17	2065.042
MM_RS11380	-0.436954188958895	0.456183303041496	0.338139494347015	0.5256227783414	219.28115775822	raw_counts / DESeq2 median-of-ratios	1.549	1.83	89.49	83.504	89.49	83.504
MM_RS14180	0.543136748572445	0.567244055590737	0.338314443594209	0.525658159322716	142.982162715888	raw_counts / DESeq2 median-of-ratios	1.249	3.071	72.828	130.57	72.828	130.57
MM_RS17665	0.522829486630066	0.546531358037466	0.338752938413542	0.525866359227135	152.126053026263	raw_counts / DESeq2 median-of-ratios	0.554	1.247	31.592	54.158	31.592	54.158
MM_RS03975	-0.434409934566338	0.454027628344042	0.338672326576983	0.525866359227135	470.646669433059	raw_counts / DESeq2 median-of-ratios	2.708	3.133	155.093	140.911	155.093	140.911
MM_RS11930	0.441399216702465	0.461749647285251	0.33910883063445	0.52618234546783	309.850953795687	raw_counts / DESeq2 median-of-ratios	0.537	1.32	32.39	59.31	32.39	59.31
MM_RS09075	-0.462399016471836	0.483903982920259	0.339294864087542	0.526234602855128	892.165673077455	raw_counts / DESeq2 median-of-ratios	3.761	5.108	229.379	229.683	229.379	229.683
MM_RS08440	-0.537465218485598	0.563312126242944	0.340024832852445	0.527130059547732	88.0027528654291	raw_counts / DESeq2 median-of-ratios	0.811	1.036	49.041	44.914	49.041	44.914
MM_RS04380	0.477262204742768	0.500842133169684	0.340630889914653	0.527832702451867	332.010647605758	raw_counts / DESeq2 median-of-ratios	9.693	21.135	553.571	923.915	553.571	923.915
MM_RS05935	-0.486319848917313	0.510853330927835	0.341109413438727	0.528337181173705	694.049249193979	raw_counts / DESeq2 median-of-ratios	4.478	4.776	252.948	215.566	252.948	215.566
MM_RS08320	-0.545230412018375	0.574547680227569	0.342634188433825	0.530460998140041	68.7442430355031	raw_counts / DESeq2 median-of-ratios	0.332	0.385	19.344	16.505	19.344	16.505
MM_RS17030	-0.463657014458987	0.489518458830774	0.343552351387873	0.531644185346645	420.874094707047	raw_counts / DESeq2 median-of-ratios	1.714	1.905	97.416	84.819	97.416	84.819
MM_RS02780	0.496671077525944	0.524551507652486	0.343715722048994	0.531658801593025	58.4873881228023	raw_counts / DESeq2 median-of-ratios	0.586	1.381	34.207	61.343	34.207	61.343
MM_RS16860	0.46600689765784	0.493244020420518	0.34477139911128	0.5329505175612	579.558636634086	raw_counts / DESeq2 median-of-ratios	0.396	0.903	23.232	42.372	23.232	42.372
MM_RS14070	0.454361638642989	0.481005864006843	0.344859411334477	0.5329505175612	392.83825868274	raw_counts / DESeq2 median-of-ratios	1.403	3.488	84.878	159.872	84.878	159.872
MM_RS10030	0.512520045990592	0.543074669510243	0.345303697621773	0.533398466719859	70.9765327760682	raw_counts / DESeq2 median-of-ratios	0.31	0.689	17.764	31.651	17.764	31.651
MM_RS05450	0.404975144046016	0.4293841698833	0.345602439999711	0.533621290907019	570.396303393275	raw_counts / DESeq2 median-of-ratios	1.017	2.378	60.71	106.191	60.71	106.191
MM_RS18620	0.664761654724237	0.70566263298368	0.346172721295288	0.53365240571383	20.6991233989318	raw_counts / DESeq2 median-of-ratios	0.241	0.604	13.959	27.837	13.959	27.837
MM_RS04390	0.564390445929168	0.599012450504745	0.346089471968242	0.53365240571383	38.2775578375947	raw_counts / DESeq2 median-of-ratios	0.064	0.148	3.639	6.65	3.639	6.65
MM_RS17405	0.514459432508907	0.546364602984814	0.346395105272266	0.53365240571383	1204.22970486695	raw_counts / DESeq2 median-of-ratios	4.725	12.233	283.094	520.497	283.094	520.497
MM_RS12925	-0.448068422242437	0.475799475846168	0.346337584289228	0.53365240571383	758.702645342081	raw_counts / DESeq2 median-of-ratios	2.852	3.656	170.44	169.909	170.44	169.909
MM_RS05895	0.409103718908946	0.433955510645915	0.345818033611063	0.53365240571383	502.01026396201	raw_counts / DESeq2 median-of-ratios	2.122	4.96	126.444	220.123	126.444	220.123
MM_RS06625	0.452970262442629	0.481979764525905	0.347314113122372	0.534829668624465	2223.1815403679	raw_counts / DESeq2 median-of-ratios	2227.712	5719.631	135975.562	257123.232	135975.562	257123.232
MM_RS11830	-0.394437775557747	0.420244787278429	0.347941019299005	0.53555627480337	814.738334337242	raw_counts / DESeq2 median-of-ratios	6.013	7.437	349.663	339.411	349.663	339.411
MM_RS17465	-0.655020081509259	0.698440440669734	0.348330542667996	0.535917013084748	51.3714554534283	raw_counts / DESeq2 median-of-ratios	1.446	1.331	80.307	58.424	80.307	58.424
MM_RS13370	0.472210733101218	0.503676754671136	0.348487361960059	0.535919567324151	775.686805984062	raw_counts / DESeq2 median-of-ratios	15.615	37	926.717	1740.55	926.717	1740.55
MM_RS17475	0.515433584369269	0.550268121146654	0.348915294412285	0.536338863773936	181.387016340771	raw_counts / DESeq2 median-of-ratios	1.832	3.879	103.144	176.62	103.144	176.62
MM_RS10265	-0.429899638003434	0.459149836497097	0.349121387007098	0.536416935374785	883.052444433857	raw_counts / DESeq2 median-of-ratios	1240.65	1643.567	74575.776	75469.088	74575.776	75469.088
MM_RS03645	0.452302709186472	0.483312893971004	0.349356457006996	0.536539440863568	551.294384035201	raw_counts / DESeq2 median-of-ratios	5.287	13.444	321.212	595.996	321.212	595.996
MM_RS18290	-0.993508450087343	1.06228656357619	0.349657079590189	0.536632350266739	12.8197559517696	raw_counts / DESeq2 median-of-ratios	3.988	2.808	216.768	120.974	216.768	120.974
MM_RS13745	-0.850760319570912	0.90997277563854	0.349824674087981	0.536632350266739	66.0901957937165	raw_counts / DESeq2 median-of-ratios	0.37	0.271	20.386	13.483	20.386	13.483
MM_RS03595	-0.511274621521284	0.546925313034077	0.349883049450115	0.536632350266739	1394.15910082506	raw_counts / DESeq2 median-of-ratios	4.477	5.992	273.596	258.218	273.596	258.218
MM_RS04625	-0.423901409730777	0.453665201082013	0.350101410144028	0.536728926159552	316.374368797345	raw_counts / DESeq2 median-of-ratios	1.574	2.108	94.552	94.304	94.552	94.304
MM_RS07805	-0.484024547028206	0.518432464917274	0.350494341996296	0.537092926910029	195.741599672913	raw_counts / DESeq2 median-of-ratios	2.298	3.092	140.63	139.235	140.63	139.235
MM_RS15110	0.428627254139916	0.459789424220103	0.351220192749917	0.537754687364708	570.106559636754	raw_counts / DESeq2 median-of-ratios	0.536	1.168	31.163	54.184	31.163	54.184
MM_RS18580	-0.407867734039126	0.437536426934387	0.351237572291483	0.537754687364708	352.986568056116	raw_counts / DESeq2 median-of-ratios	63.801	84.753	3804.251	3775.468	3804.251	3775.468
MM_RS01560	-0.433242245279994	0.46552725071983	0.352035409130302	0.538737396161304	359.110818969742	raw_counts / DESeq2 median-of-ratios	2.12	2.645	124.042	115.193	124.042	115.193
MM_RS05130	-0.468396392543658	0.503914528277971	0.352621967642971	0.539396047935705	469.092887411038	raw_counts / DESeq2 median-of-ratios	2.351	3.214	143.989	144.417	143.989	144.417
MM_RS15210	-0.686992159810384	0.740567960869325	0.353586146002284	0.540631495481137	1408.24797328981	raw_counts / DESeq2 median-of-ratios	9.463	13.226	619.365	590.885	619.365	590.885
MM_RS05140	-0.607450358699618	0.655140846886393	0.353819719236804	0.540749252320318	772.824730921981	raw_counts / DESeq2 median-of-ratios	13.214	18.437	845.697	825.283	845.697	825.283
MM_RS08055	0.860185409524774	0.930065146800325	0.35503573872519	0.541649046624031	10.294610344759	raw_counts / DESeq2 median-of-ratios	0.055	0.165	3.162	7.125	3.162	7.125
MM_RS10310	0.838067484124787	0.905403206236758	0.354638805760286	0.541649046624031	15.7449747005383	raw_counts / DESeq2 median-of-ratios	0.312	0.787	17.156	36.548	17.156	36.548
MM_RS15525	0.801895660270257	0.866891876386408	0.354953502036669	0.541649046624031	134.798734184239	raw_counts / DESeq2 median-of-ratios	7.488	20.521	435.681	1034.937	435.681	1034.937
MM_RS18505	0.717447073680626	0.775408892783412	0.354835883465065	0.541649046624031	21.0670601381674	raw_counts / DESeq2 median-of-ratios	1.023	2.487	57.055	114.136	57.055	114.136
MM_RS02350	-0.46650962792669	0.505476567803524	0.356053852413578	0.542962475159602	419.638868783671	raw_counts / DESeq2 median-of-ratios	3.015	3.41	173.49	159.557	173.49	159.557
MM_RS05755	-0.435790220159162	0.473074413403563	0.356952560960491	0.543907478721883	387.04709239663	raw_counts / DESeq2 median-of-ratios	1.891	2.168	107.917	96.836	107.917	96.836
MM_RS09625	-0.387077903084599	0.420225896007064	0.356988492838017	0.543907478721883	651.231040655115	raw_counts / DESeq2 median-of-ratios	3.502	4.616	207.057	204.669	207.057	204.669
MM_RS13505	0.396531577429742	0.431777770827641	0.358425402049847	0.545855969435701	212.354142268544	raw_counts / DESeq2 median-of-ratios	4.414	9.853	260.035	443.804	260.035	443.804
MM_RS03305	0.435884058726721	0.474950032842202	0.358751235075115	0.546111399713287	963.221554870069	raw_counts / DESeq2 median-of-ratios	8.567	20.866	516.867	961.905	516.867	961.905
MM_RS15340	-0.507668426004494	0.554213483135324	0.359658495441354	0.547164225055125	301.158280348299	raw_counts / DESeq2 median-of-ratios	0.88	1.174	54.17	54.415	54.17	54.415
MM_RS16800	0.493377244005422	0.539457632976291	0.360412082299578	0.547164225055125	224.94969115379	raw_counts / DESeq2 median-of-ratios	9.937	20.923	562.604	967.527	562.604	967.527
MM_RS03580	0.488912326215814	0.534731183181146	0.360551759185138	0.547164225055125	1454.90086022547	raw_counts / DESeq2 median-of-ratios	3.199	8.776	198.169	391.828	198.169	391.828
MM_RS05505	-0.444608548224796	0.485823652720639	0.360105291142059	0.547164225055125	114.975346605628	raw_counts / DESeq2 median-of-ratios	1.013	1.309	60.617	59.495	60.617	59.495
MM_RS04855	0.439444903453163	0.480261365275425	0.360185340196303	0.547164225055125	458.508621810102	raw_counts / DESeq2 median-of-ratios	0.781	1.881	46.561	81.759	46.561	81.759
MM_RS02115	-0.433633381662982	0.473751915081465	0.360025015489694	0.547164225055125	110.983764568685	raw_counts / DESeq2 median-of-ratios	0.4	0.516	23.737	23.061	23.737	23.061
MM_RS00255	-0.390496292035815	0.426940685110771	0.360381557939966	0.547164225055125	261.136865557989	raw_counts / DESeq2 median-of-ratios	0.926	1.164	54.03	52.592	54.03	52.592
MM_RS11285	-0.407132308045862	0.446813997087948	0.362195434729756	0.549417229493447	356.573853433573	raw_counts / DESeq2 median-of-ratios	0.617	0.832	37.015	37.344	37.015	37.344
MM_RS19180	0.980032026910801	1.07647580311303	0.362607456708223	0.549559524120317	6.72311058025501	raw_counts / DESeq2 median-of-ratios	0.166	0.579	10.016	26.131	10.016	26.131
MM_RS16660	-0.599518714724376	0.658485338405097	0.362584648022762	0.549559524120317	28.2272839795447	raw_counts / DESeq2 median-of-ratios	0.096	0.11	5.644	4.776	5.644	4.776
MM_RS07165	-0.558772817591756	0.61483250510219	0.363444511970888	0.550586554538353	123.619797225314	raw_counts / DESeq2 median-of-ratios	1.103	1.083	61.516	48.327	61.516	48.327
MM_RS15275	-0.820324666480838	0.903274618198765	0.363789723578398	0.55086791110907	1417.19368414037	raw_counts / DESeq2 median-of-ratios	1524.012	2098.546	103229.265	95202.056	103229.265	95202.056
MM_RS19125	0.829707502635336	0.914282582005752	0.364144727634	0.550962466338702	11.6893434675386	raw_counts / DESeq2 median-of-ratios	1.343	3.532	74.734	160.216	74.734	160.216
MM_RS02120	0.460203951186391	0.507142183227194	0.364171195903664	0.550962466338702	183.212183198064	raw_counts / DESeq2 median-of-ratios	0.264	0.652	15.782	28.348	15.782	28.348
MM_RS17635	-1.3592172423723	1.5016196696433	0.3653766848926	0.551337295595912	3.19335671133414	raw_counts / DESeq2 median-of-ratios	0.791	0.487	45.958	22.503	45.958	22.503
MM_RS19355	0.712612229738067	0.785981347689347	0.364590403855138	0.551337295595912	15.0367649025744	raw_counts / DESeq2 median-of-ratios	2.355	6.14	135.977	282.582	135.977	282.582
MM_RS18095	0.647166299722651	0.714453543492707	0.365031140009353	0.551337295595912	40.8841177271679	raw_counts / DESeq2 median-of-ratios	0.159	0.389	8.991	16.44	8.991	16.44
MM_RS09745	-0.534510504214956	0.589969636560445	0.364937634651957	0.551337295595912	323.685164517659	raw_counts / DESeq2 median-of-ratios	13.173	13.495	738.938	585.329	738.938	585.329
MM_RS05245	-0.490454197437038	0.541668345599035	0.365226456580034	0.551337295595912	5140.3636377263	raw_counts / DESeq2 median-of-ratios	20.362	28.414	1264.467	1287.85	1264.467	1287.85
MM_RS11155	-0.469864193996956	0.519083515392366	0.365369854389676	0.551337295595912	3878.40411874278	raw_counts / DESeq2 median-of-ratios	4946.714	6703.664	302976.106	310072.256	302976.106	310072.256
MM_RS06485	0.589357561153659	0.651741281216451	0.365846171999511	0.551804662919787	1212.7595173101	raw_counts / DESeq2 median-of-ratios	12.959	27.433	716.492	1200.886	716.492	1200.886
MM_RS00740	0.4952508788008	0.547866533169657	0.366015210935582	0.551818654985378	1071.01436430831	raw_counts / DESeq2 median-of-ratios	11.937	32.971	741.677	1497.481	741.677	1497.481
MM_RS00260	-0.436129350713924	0.483266172033786	0.366811504716127	0.552777895850568	235.665293094868	raw_counts / DESeq2 median-of-ratios	0.854	0.975	48.8	44.467	48.8	44.467
MM_RS16225	0.557468587268202	0.618280106964044	0.36724597661577	0.55319127921102	2119.62967350837	raw_counts / DESeq2 median-of-ratios	3.347	7.465	188.749	315.608	188.749	315.608
MM_RS05240	0.622612259777966	0.690786256577966	0.367423750061103	0.553217799786857	21.440330763298	raw_counts / DESeq2 median-of-ratios	1.938	4.832	111.59	216.211	111.59	216.211
MM_RS19450	0.793002329175144	0.880837309502219	0.367969983534109	0.553798833606455	12.0097686362866	raw_counts / DESeq2 median-of-ratios	2.454	6.791	143.171	320.82	143.171	320.82
MM_RS13535	-0.421593274842276	0.46850484072327	0.36818963704965	0.553888068976259	783.388234715615	raw_counts / DESeq2 median-of-ratios	1.899	2.573	114.205	112.911	114.205	112.911
MM_RS09505	-4.10897270152304	4.57172253710534	0.368769864476214	0.554089898079017	121.352566921056	raw_counts / DESeq2 median-of-ratios	0.947	0.065	50.464	3.364	50.464	3.364
MM_RS07790	0.440121304908559	0.489898606076444	0.368976255796563	0.554089898079017	92.3771028723199	raw_counts / DESeq2 median-of-ratios	0.391	0.883	22.934	40.431	22.934	40.431
MM_RS01290	0.424231445374909	0.471869539170796	0.36862926133988	0.554089898079017	101.824137737814	raw_counts / DESeq2 median-of-ratios	0.104	0.238	6.144	10.718	6.144	10.718
MM_RS03290	0.400570199425709	0.445742740392975	0.36883495058301	0.554089898079017	543.018756135292	raw_counts / DESeq2 median-of-ratios	20.929	49.364	1257.067	2238.899	1257.067	2238.899
MM_RS15170	0.373468018687755	0.415836847901651	0.369125899096647	0.554089898079017	447.77541027155	raw_counts / DESeq2 median-of-ratios	0.445	0.979	26.242	44.388	26.242	44.388
MM_RS19600	1.17827344086677	1.31292714669565	0.369484134747436	0.554145984115347	4.76740122077644	raw_counts / DESeq2 median-of-ratios	0.086	0.279	4.754	13.226	4.754	13.226
MM_RS07180	-0.432010141052227	0.48131683978077	0.369420838906237	0.554145984115347	816.268318358568	raw_counts / DESeq2 median-of-ratios	32.523	36.742	1847.811	1650.118	1847.811	1650.118
MM_RS12190	-0.402112854038966	0.448266685080361	0.369697922073415	0.55422596477499	161.056884929209	raw_counts / DESeq2 median-of-ratios	1.979	2.495	115.608	111.052	115.608	111.052
MM_RS04275	-0.574434760739269	0.642153622481952	0.371030823383169	0.555885477158789	366.942819777377	raw_counts / DESeq2 median-of-ratios	1.362	1.504	78.606	62.474	78.606	62.474
MM_RS10200	-0.384358696282629	0.429756103591645	0.371126783534501	0.555885477158789	510.98987871024	raw_counts / DESeq2 median-of-ratios	3.606	4.876	215.314	218.571	215.314	218.571
MM_RS11550	-0.763506607240465	0.854397770686002	0.37152544763612	0.556241394076792	170.842880996412	raw_counts / DESeq2 median-of-ratios	1.556	1.189	84.398	55.457	84.398	55.457
MM_RS09995	0.469889629473211	0.527346509712405	0.372904867791383	0.558064737154002	104.884352725901	raw_counts / DESeq2 median-of-ratios	2.766	5.869	157.217	265.505	157.217	265.505
MM_RS08620	0.397074222347497	0.446422302840252	0.373756584192556	0.559097116414503	171.213101140723	raw_counts / DESeq2 median-of-ratios	1.372	3.001	80.084	133.543	80.084	133.543
MM_RS10595	-0.452251410572762	0.508685251529513	0.373971150747244	0.559115566661522	266.806832346514	raw_counts / DESeq2 median-of-ratios	2.479	2.737	140.542	124.2	140.542	124.2
MM_RS13620	0.392677856888862	0.441790209437642	0.37409266779235	0.559115566661522	354.137431594777	raw_counts / DESeq2 median-of-ratios	1.105	2.541	65.959	115.735	65.959	115.735
MM_RS06200	0.534782417912044	0.603446196894179	0.375502265589794	0.560257592202164	150.241975298709	raw_counts / DESeq2 median-of-ratios	0.899	1.876	50.17	85.345	50.17	85.345
MM_RS01000	-0.470171713121085	0.530153604823717	0.375154597230011	0.560257592202164	89.6384432498717	raw_counts / DESeq2 median-of-ratios	1.128	1.425	66.733	61.762	66.733	61.762
MM_RS07515	0.467360340858557	0.527130079032099	0.375287333154482	0.560257592202164	460.188366613111	raw_counts / DESeq2 median-of-ratios	4.343	10.071	256.252	476.754	256.252	476.754
MM_RS09770	-0.424159675160964	0.478704688095009	0.375586772868308	0.560257592202164	799.774452449981	raw_counts / DESeq2 median-of-ratios	2.873	3.987	174.906	178.807	174.906	178.807
MM_RS13095	-0.384914571165454	0.434486574414357	0.375667800677537	0.560257592202164	583.820975211037	raw_counts / DESeq2 median-of-ratios	4.489	5.99	267.463	273.522	267.463	273.522
MM_RS07075	-0.476463538994225	0.538375395712408	0.376155315213178	0.56074253722327	3810.5665880936	raw_counts / DESeq2 median-of-ratios	4.442	6.233	274.458	273.887	274.458	273.887
MM_RS14110	-0.57198995034514	0.646849366875304	0.376550094426658	0.56108888099641	58.8943128935611	raw_counts / DESeq2 median-of-ratios	5.219	6.366	318.887	301.575	318.887	301.575
MM_RS16290	0.425639440808706	0.481569254394076	0.376772196347762	0.561177734448111	178.337612595136	raw_counts / DESeq2 median-of-ratios	0.795	1.665	45.545	75.824	45.545	75.824
MM_RS01420	0.405162652341075	0.45879334368872	0.377179594080717	0.561542378428792	324.341411396388	raw_counts / DESeq2 median-of-ratios	4.896	11.533	293.945	526.122	293.945	526.122
MM_RS01130	0.727400517362041	0.824405693357202	0.377596645243177	0.561615254843816	21.870124011147	raw_counts / DESeq2 median-of-ratios	0.265	0.687	14.911	28.917	14.911	28.917
MM_RS15025	0.44555883290365	0.505174270673442	0.377782024584456	0.561615254843816	78.6266007725671	raw_counts / DESeq2 median-of-ratios	0.996	2.39	59.549	107.305	59.549	107.305
MM_RS14175	0.445224816501141	0.504626774096237	0.377622509791458	0.561615254843816	66.785989298446	raw_counts / DESeq2 median-of-ratios	0.493	1.129	28.927	50.599	28.927	50.599
MM_RS03245	0.418690778704597	0.474807759211792	0.377878938117264	0.561615254843816	93.8775269078648	raw_counts / DESeq2 median-of-ratios	0.745	1.67	43.751	75.1	43.751	75.1
MM_RS12195	0.656922951448502	0.745497985221373	0.378216746225046	0.561875544714542	1114.29735237803	raw_counts / DESeq2 median-of-ratios	19.054	67.712	1244.494	2954.282	1244.494	2954.282
MM_RS08295	0.411989352877266	0.467743487770578	0.37842505104424	0.561943304517113	994.180069291978	raw_counts / DESeq2 median-of-ratios	6.388	15.608	387.416	708.154	387.416	708.154
MM_RS07910	-0.438680121001982	0.499742293326017	0.380045382990173	0.563622478681004	329.405261161521	raw_counts / DESeq2 median-of-ratios	1.026	1.352	61.234	58.45	61.234	58.45
MM_RS02605	0.400609179369945	0.456261880244028	0.379930339798045	0.563622478681004	149.821040009487	raw_counts / DESeq2 median-of-ratios	17.299	39.694	1028.749	1785.204	1028.749	1785.204
MM_RS06430	-0.395033972009866	0.449876571852596	0.379892644234232	0.563622478681004	2232.06209149927	raw_counts / DESeq2 median-of-ratios	27.086	34.857	1588.323	1517.999	1588.323	1517.999
MM_RS13985	0.970778087535593	1.10702461376688	0.380527117098077	0.564094704917063	8.33890098528039	raw_counts / DESeq2 median-of-ratios	0.049	0.136	2.666	5.978	2.666	5.978
MM_RS07175	0.541805818221384	0.618558157340661	0.381074970060786	0.56466449875159	46.4987147276365	raw_counts / DESeq2 median-of-ratios	0.331	0.752	18.79	32.831	18.79	32.831
MM_RS02840	0.422359460202918	0.48238775078327	0.381269232395797	0.564710089491888	4940.53507006355	raw_counts / DESeq2 median-of-ratios	58.659	147.777	3581.822	6623.19	3581.822	6623.19
MM_RS11660	-0.523741199555015	0.599134043238232	0.382029140890059	0.565593078711644	49.3533655162599	raw_counts / DESeq2 median-of-ratios	1.264	1.569	75.127	67.523	75.127	67.523
MM_RS03340	-0.895054224369873	1.02719191351004	0.383557471049524	0.567369381158482	12.0673183535904	raw_counts / DESeq2 median-of-ratios	0.067	0.082	4.294	3.407	4.294	3.407
MM_RS17145	-0.441783411832232	0.506946218582678	0.383502972469203	0.567369381158482	146.044018033833	raw_counts / DESeq2 median-of-ratios	1.445	1.849	86.357	85.913	86.357	85.913
MM_RS11890	-0.375073846766861	0.431027432792921	0.38419900745794	0.56807507352728	393.878932924092	raw_counts / DESeq2 median-of-ratios	0.724	0.979	43.117	43.786	43.117	43.786
MM_RS00785	0.465235207123407	0.535406649928171	0.384881019408316	0.568839983327482	167.315109855299	raw_counts / DESeq2 median-of-ratios	0.947	2.002	53.677	88.041	53.677	88.041
MM_RS17175	-0.469719472281133	0.54088654464171	0.385161638150261	0.569011248148418	71.5530678814769	raw_counts / DESeq2 median-of-ratios	0.521	0.677	31.492	30.847	31.492	30.847
MM_RS15020	0.538871168268349	0.620842827818515	0.385412326508199	0.569138168345156	50.9859211899384	raw_counts / DESeq2 median-of-ratios	3.13	6.781	176.486	311.767	176.486	311.767
MM_RS11675	0.409853041298947	0.472508771116352	0.385724118442672	0.569355173120081	99.9306261935749	raw_counts / DESeq2 median-of-ratios	0.19	0.418	11.085	18.739	11.085	18.739
MM_RS17985	0.400783095082146	0.463894633639902	0.387613787387364	0.571655858939349	266.226996356703	raw_counts / DESeq2 median-of-ratios	0.418	0.865	23.969	39.246	23.969	39.246
MM_RS10955	-0.394938267880684	0.456974090959973	0.387452481853617	0.571655858939349	827.670654749956	raw_counts / DESeq2 median-of-ratios	4.93	6.798	296.645	300.4	296.645	300.4
MM_RS11575	0.520636005839913	0.603322149090951	0.388165726235783	0.572225530695004	256.595364313445	raw_counts / DESeq2 median-of-ratios	0.493	1.425	31.021	64.809	31.021	64.809
MM_RS02785	0.428641201350244	0.497003667737172	0.388439506672224	0.572230745768801	97.5363231676297	raw_counts / DESeq2 median-of-ratios	0.445	1.062	26.712	48.045	26.712	48.045
MM_RS17015	0.385053724983962	0.446522085412031	0.388500607651372	0.572230745768801	325.189264933218	raw_counts / DESeq2 median-of-ratios	0.897	2.07	53.5	91.686	53.5	91.686
MM_RS14350	-0.620370656751647	0.721383040313434	0.389803376309574	0.573904885666355	23.9630337574646	raw_counts / DESeq2 median-of-ratios	3.381	3.276	190.41	147.709	190.41	147.709
MM_RS07840	-0.497083899689844	0.578827435811543	0.390463358220814	0.574631631569958	101.808908598762	raw_counts / DESeq2 median-of-ratios	5.12	6.971	316.636	316.463	316.636	316.463
MM_RS00045	-0.448871429808302	0.523035329212698	0.390779386319373	0.574851788904223	178.430725161714	raw_counts / DESeq2 median-of-ratios	1.875	2.097	106.299	92.996	106.299	92.996
MM_RS15705	-0.435884895348993	0.508570305441853	0.391401262483259	0.575521481744221	391.786086886947	raw_counts / DESeq2 median-of-ratios	1.009	1.314	60.567	61.478	60.567	61.478
MM_RS15505	0.536799158397517	0.627747783358116	0.39248518247985	0.576869710759745	38.8079535254376	raw_counts / DESeq2 median-of-ratios	0.401	0.884	22.656	39.807	22.656	39.807
MM_RS10375	0.489618870971555	0.573909266080932	0.39358754617895	0.577998037628442	207.126920568325	raw_counts / DESeq2 median-of-ratios	1.276	3.541	79.49	158.002	79.49	158.002
MM_RS07880	-0.370728459645614	0.434416380237746	0.39344068530091	0.577998037628442	560.662171219864	raw_counts / DESeq2 median-of-ratios	2.212	3.04	132.34	135.776	132.34	135.776
MM_RS01370	2.56709427608633	3.01358332313786	0.394302265017705	0.578555659885791	51.7969994655232	raw_counts / DESeq2 median-of-ratios	0.048	0.429	2.743	22.247	2.743	22.247
MM_RS04060	0.442267495182025	0.519105987332855	0.394225645880249	0.578555659885791	350.080756098063	raw_counts / DESeq2 median-of-ratios	0.484	1.221	29.336	52.974	29.336	52.974
MM_RS12010	-0.430336981069645	0.505435373913535	0.394536970095263	0.57859588429831	431.412371540814	raw_counts / DESeq2 median-of-ratios	6.44	9.047	394.421	404.781	394.421	404.781
MM_RS18220	0.389155066181101	0.457190286773995	0.394664708571748	0.57859588429831	338.777241559253	raw_counts / DESeq2 median-of-ratios	64.898	148.772	3875.821	6830.939	3875.821	6830.939
MM_RS14390	0.493560654896388	0.580690424273018	0.395350176854298	0.57935490490231	53.7655767934919	raw_counts / DESeq2 median-of-ratios	0.21	0.535	12.767	24.544	12.767	24.544
MM_RS16390	1.63279431342307	1.9228552670392	0.395797321015232	0.579764184387876	2.80505853482546	raw_counts / DESeq2 median-of-ratios	0.124	0.585	7.279	30.317	7.279	30.317
MM_RS09095	-0.494967277063302	0.58394468604194	0.396645737820528	0.580514567132247	88.6699824769162	raw_counts / DESeq2 median-of-ratios	1.121	1.327	64.994	56.531	64.994	56.531
MM_RS17380	0.442691452973316	0.522211870112023	0.396591785053952	0.580514567132247	123.055792910317	raw_counts / DESeq2 median-of-ratios	1.376	3.026	80.22	141.597	80.22	141.597
MM_RS15325	0.348602507408125	0.411870370952976	0.397335832464705	0.581278257235533	903.140452622978	raw_counts / DESeq2 median-of-ratios	12.221	26.196	716.739	1162.075	716.739	1162.075
MM_RS10960	0.359591419068634	0.4250501746159	0.397554094337394	0.581351330161456	626.829624054756	raw_counts / DESeq2 median-of-ratios	1.817	4.104	108.377	183.95	108.377	183.95
MM_RS11390	-0.388190481666977	0.459268908817628	0.397979248700875	0.581726756247492	618.153678548467	raw_counts / DESeq2 median-of-ratios	2.081	2.567	120.135	112.464	120.135	112.464
MM_RS14845	0.50774224246768	0.601050738997642	0.398246133995182	0.581870620481963	88.460215082177	raw_counts / DESeq2 median-of-ratios	0.374	0.913	22.36	43.435	22.36	43.435
MM_RS03390	0.377758588508637	0.448245215132691	0.399368360059669	0.583263558412725	310.846983215036	raw_counts / DESeq2 median-of-ratios	1.117	2.326	64.664	106.613	64.664	106.613
MM_RS03080	-0.387019075436146	0.459567739461516	0.399711177736614	0.583517501226654	2043.27194749826	raw_counts / DESeq2 median-of-ratios	19.899	23.798	1138.435	1052.545	1138.435	1052.545
MM_RS05285	0.609462292738999	0.724117311013509	0.399976966673685	0.583658826738871	20.5804988544766	raw_counts / DESeq2 median-of-ratios	0.25	0.617	14.311	26.971	14.311	26.971
MM_RS15465	0.393774307340602	0.468927021991729	0.40105713533491	0.58498789925962	102.385455281139	raw_counts / DESeq2 median-of-ratios	0.675	1.494	39.692	67.152	39.692	67.152
MM_RS10165	0.482433648030156	0.575049366123609	0.401501288922609	0.585388540286489	1451.76763771637	raw_counts / DESeq2 median-of-ratios	1.914	5.381	119.939	241.748	119.939	241.748
MM_RS19190	0.721249276361428	0.860035390931851	0.401678408698205	0.585399672423461	19.5617681868607	raw_counts / DESeq2 median-of-ratios	0.185	0.552	10.966	22.802	10.966	22.802
MM_RS09570	-0.375858487053829	0.448762139011793	0.402286291848668	0.585791252970194	429.81605509714	raw_counts / DESeq2 median-of-ratios	2.338	2.88	134.674	127.588	134.674	127.588
MM_RS08715	0.353295590590067	0.421715500982989	0.402166557072474	0.585791252970194	1008.40776580451	raw_counts / DESeq2 median-of-ratios	1.622	3.656	96.856	164.234	96.856	164.234
MM_RS01745	0.62543425773323	0.748474238229588	0.403373063381851	0.586904495225149	19.3101303557591	raw_counts / DESeq2 median-of-ratios	0.115	0.271	6.487	12.267	6.487	12.267
MM_RS14435	-0.401903828860791	0.480987254342196	0.403390640319775	0.586904495225149	271.125484179098	raw_counts / DESeq2 median-of-ratios	1.895	2.348	109.763	102.222	109.763	102.222
MM_RS04610	-0.452959033125971	0.543390534557256	0.404518165142651	0.588297154695881	227.139542689509	raw_counts / DESeq2 median-of-ratios	0.656	0.709	36.942	32.077	36.942	32.077
MM_RS10690	0.598720203390549	0.719235404614853	0.405160723590703	0.588306754368286	18.4313438038227	raw_counts / DESeq2 median-of-ratios	0.122	0.311	7.13	13.782	7.13	13.782
MM_RS12140	0.444020858130259	0.533448435490636	0.405206070828649	0.588306754368286	57.3365246177567	raw_counts / DESeq2 median-of-ratios	0.155	0.351	9.109	16.075	9.109	16.075
MM_RS09035	-0.393770309220893	0.472647258498826	0.404778933919605	0.588306754368286	708.344808067911	raw_counts / DESeq2 median-of-ratios	3.603	4.871	214.806	211.932	214.806	211.932
MM_RS04750	0.3892598829793	0.467435391980331	0.404982045901747	0.588306754368286	3135.04311370152	raw_counts / DESeq2 median-of-ratios	6.661	16.176	404.83	727.053	404.83	727.053
MM_RS02255	0.828375914302447	0.996849050430675	0.405976829326274	0.589178138022248	8.48844738521784	raw_counts / DESeq2 median-of-ratios	0.059	0.159	3.346	7.395	3.346	7.395
MM_RS11325	-0.462078095873118	0.55630121908679	0.406185105189929	0.589232823740451	56.0528573831088	raw_counts / DESeq2 median-of-ratios	0.59	0.669	33.738	30.249	33.738	30.249
MM_RS03925	-0.406976508179429	0.490203312193645	0.40641450823245	0.589318098839161	116.529582516879	raw_counts / DESeq2 median-of-ratios	0.899	1.165	53.474	53.613	53.474	53.613
MM_RS13625	-0.447218271532913	0.539500109674592	0.407133061943282	0.590112293727275	113.121041551784	raw_counts / DESeq2 median-of-ratios	4.608	6.208	280.697	285.116	280.697	285.116
MM_RS07200	0.512743545286007	0.618934918047625	0.407427670960737	0.590291600460732	33.1614765355355	raw_counts / DESeq2 median-of-ratios	0.165	0.38	9.465	16.779	9.465	16.779
MM_RS06475	-0.459822880237656	0.555342039120066	0.407670834539778	0.590324948778838	223.678325412897	raw_counts / DESeq2 median-of-ratios	0.895	1.266	55.441	56.968	55.441	56.968
MM_RS16910	0.453675613872403	0.548059996934148	0.407792509492272	0.590324948778838	47.1254051653221	raw_counts / DESeq2 median-of-ratios	0.126	0.297	7.455	13.252	7.455	13.252
MM_RS06595	-0.487992267250127	0.59005638737727	0.408222043093851	0.590601234340814	707.775063580702	raw_counts / DESeq2 median-of-ratios	2.95	3.034	164.466	134.236	164.466	134.236
MM_RS02525	-0.424289082048116	0.513142690456952	0.408325346730129	0.590601234340814	241.294385331719	raw_counts / DESeq2 median-of-ratios	1.378	1.927	83.944	84.813	83.944	84.813
MM_RS08260	-0.7096770407487	0.858717052437484	0.40855525395553	0.590686415723064	17.3692538864012	raw_counts / DESeq2 median-of-ratios	0.11	0.139	6.981	6.069	6.981	6.069
MM_RS17920	0.944345070136885	1.14631039500723	0.410045986037465	0.592593655135315	7.11415338444578	raw_counts / DESeq2 median-of-ratios	0.203	0.655	11.406	27.309	11.406	27.309
MM_RS11515	-0.364376331045343	0.443285596160246	0.411082583350039	0.593843263442506	384.239514640795	raw_counts / DESeq2 median-of-ratios	1.811	2.228	104.257	100.956	104.257	100.956
MM_RS05620	-0.376385136207971	0.459495360071203	0.412713858946803	0.595950530435726	1267.94263063598	raw_counts / DESeq2 median-of-ratios	2.877	4.049	173.63	179.217	173.63	179.217
MM_RS11665	0.404226956951844	0.494510820935133	0.413683919554771	0.597101654050221	194.127924387487	raw_counts / DESeq2 median-of-ratios	1.755	3.589	99.966	160.345	99.966	160.345
MM_RS08655	0.437857782221512	0.535928804047248	0.413924216806499	0.597198932685734	65.6485902823093	raw_counts / DESeq2 median-of-ratios	0.293	0.702	17.588	31.972	17.588	31.972
MM_RS01885	-0.525129243976052	0.644068272402431	0.414882499649772	0.598331588221425	29.945411228858	raw_counts / DESeq2 median-of-ratios	0.481	0.607	29.155	27.292	29.155	27.292
MM_RS04660	-0.525633248158239	0.645506486726685	0.415475491131592	0.598443198956597	3363.03753254731	raw_counts / DESeq2 median-of-ratios	78.164	115.185	4993.157	5123.981	4993.157	5123.981
MM_RS13510	0.513392459202384	0.630479779388809	0.41547967316095	0.598443198956597	87.2551508176404	raw_counts / DESeq2 median-of-ratios	0.264	0.756	16.56	33.808	16.56	33.808
MM_RS17435	0.436778423687187	0.53639142586197	0.415478570662569	0.598443198956597	57.9047775023923	raw_counts / DESeq2 median-of-ratios	0.21	0.454	12.119	20.666	12.119	20.666
MM_RS06930	-0.498486467365826	0.61268219886163	0.415866439818786	0.598750597388115	741.273619307551	raw_counts / DESeq2 median-of-ratios	12.923	12.932	719.401	598.76	719.401	598.76
MM_RS04410	0.367429504031253	0.452030227314021	0.416308207764679	0.599136895674667	403.060008514203	raw_counts / DESeq2 median-of-ratios	1.095	2.46	64.89	107.832	64.89	107.832
MM_RS00335	0.403404750473703	0.496545977304591	0.416549671691613	0.599234721375607	128.617256875239	raw_counts / DESeq2 median-of-ratios	0.241	0.518	13.916	22.698	13.916	22.698
MM_RS11505	-0.428381060820435	0.527881745569717	0.417073129303878	0.599737963620148	79.2893956162566	raw_counts / DESeq2 median-of-ratios	0.48	0.556	27.44	25.13	27.44	25.13
MM_RS10095	0.62654814706328	0.777247643013823	0.420178647555224	0.603700935380925	27.0766142369148	raw_counts / DESeq2 median-of-ratios	0.093	0.203	5.152	9.451	5.152	9.451
MM_RS06035	0.332731224237361	0.412649648358344	0.420053388626867	0.603700935380925	1121.82700704758	raw_counts / DESeq2 median-of-ratios	4.342	9.48	257.89	429.125	257.89	429.125
MM_RS12160	-0.542706591677107	0.67441044132811	0.420985536630748	0.604432848142832	309.580205201641	raw_counts / DESeq2 median-of-ratios	1.254	1.253	69.786	53.267	69.786	53.267
MM_RS11670	-0.414410242338429	0.515037407970351	0.421038052296367	0.604432848142832	149.60510759948	raw_counts / DESeq2 median-of-ratios	0.583	0.668	33.123	29.891	33.123	29.891
MM_RS13480	-0.489944428489735	0.611847439391421	0.423269205961936	0.607383397337984	36.2145103304592	raw_counts / DESeq2 median-of-ratios	3.917	4.472	224.631	197.378	224.631	197.378
MM_RS08865	0.443875802351212	0.555974417812256	0.424653191891371	0.609116330894018	208.699443804501	raw_counts / DESeq2 median-of-ratios	1.398	3.006	79.906	128.932	79.906	128.932
MM_RS06620	0.490504290962697	0.615044196691707	0.42515452588199	0.609329349542072	54.2699495480311	raw_counts / DESeq2 median-of-ratios	0.4	0.866	22.939	40.807	22.939	40.807
MM_RS06535	0.407397418137008	0.510729170296691	0.425057379486572	0.609329349542072	308.676171838262	raw_counts / DESeq2 median-of-ratios	2.264	5.675	138.775	255.79	138.775	255.79
MM_RS02125	1.70728431149363	2.14246969424412	0.425522608407608	0.609494235837241	2.10289083130662	raw_counts / DESeq2 median-of-ratios	0.036	0.188	2.192	9.728	2.192	9.728
MM_RS01405	0.331014350794108	0.415479296965003	0.425622494742161	0.609494235837241	729.319519882471	raw_counts / DESeq2 median-of-ratios	3.481	7.422	205.31	338.294	205.31	338.294
MM_RS09650	0.532203532858776	0.668551892168733	0.42600054079019	0.609530185538242	222.030195613431	raw_counts / DESeq2 median-of-ratios	2.633	5.275	145.507	244.078	145.507	244.078
MM_RS02165	0.482212502985761	0.605562000512148	0.425854344295097	0.609530185538242	53.1775801977499	raw_counts / DESeq2 median-of-ratios	0.661	1.569	39.339	74.002	39.339	74.002
MM_RS06590	-0.474146263106123	0.596400226966542	0.426605618777025	0.609894182549621	573.632464652267	raw_counts / DESeq2 median-of-ratios	4.372	4.525	243.566	200.381	243.566	200.381
MM_RS17740	0.431575558252454	0.542855984980585	0.426608090631119	0.609894182549621	69.8898303329369	raw_counts / DESeq2 median-of-ratios	2.571	6.065	152.266	263.789	152.266	263.789
MM_RS04015	0.355584953737035	0.447507142402964	0.426851707637123	0.60998998683435	1156.45104489239	raw_counts / DESeq2 median-of-ratios	5.356	10.696	307.063	486.426	307.063	486.426
MM_RS02680	0.421611818191442	0.531301942672082	0.427460561543172	0.610607435719651	76.8014831699112	raw_counts / DESeq2 median-of-ratios	0.264	0.638	15.958	28.991	15.958	28.991
MM_RS13805	0.443746331662638	0.559458007420816	0.427677717468603	0.610665083148638	109.064885489141	raw_counts / DESeq2 median-of-ratios	0.304	0.762	18.593	35.295	18.593	35.295
MM_RS04680	0.335013137450414	0.422732524337274	0.428072484412447	0.610976182297765	2086.58343608126	raw_counts / DESeq2 median-of-ratios	10.893	23.909	645.969	1055.967	645.969	1055.967
MM_RS06630	0.401121311150206	0.506363618899079	0.428267035398999	0.611001379705966	2376.91318573622	raw_counts / DESeq2 median-of-ratios	2418.346	6062.826	147899.417	266576.454	147899.417	266576.454
MM_RS15460	0.416224769531556	0.526385096042174	0.42910568779287	0.611945105547718	302.139861383995	raw_counts / DESeq2 median-of-ratios	0.995	2.024	56.769	94.554	56.769	94.554
MM_RS15650	0.571303212114581	0.723511473145879	0.429746428041312	0.612605927550429	19.6551460683549	raw_counts / DESeq2 median-of-ratios	0.099	0.269	5.969	11.981	5.969	11.981
MM_RS06570	-0.494352587334403	0.627581743587527	0.430866194487655	0.613948777128861	275.868449008131	raw_counts / DESeq2 median-of-ratios	3.405	3.484	191.214	165.332	191.214	165.332
MM_RS15510	0.769058202700913	0.977426592098087	0.431387596447292	0.614438250774824	18.2253917576897	raw_counts / DESeq2 median-of-ratios	0.845	1.887	45.783	88.358	45.783	88.358
MM_RS02050	-0.351303553116192	0.446807295088681	0.431719311750587	0.614657255888924	224.789802499897	raw_counts / DESeq2 median-of-ratios	2.865	3.825	169.489	174.944	169.489	174.944
MM_RS12200	0.426731631155014	0.542954016878628	0.431900102041374	0.614661290667864	836.554580890415	raw_counts / DESeq2 median-of-ratios	3.084	8.086	191.31	367.152	191.31	367.152
MM_RS08755	-0.498663534968856	0.63485179164345	0.432172053868959	0.614710800722768	1599.19137312766	raw_counts / DESeq2 median-of-ratios	11.777	17.478	750.284	789.14	750.284	789.14
MM_RS15245	-0.41258863283038	0.52540482286304	0.432290832355415	0.614710800722768	82.9085399001266	raw_counts / DESeq2 median-of-ratios	1.287	1.613	74.838	70.25	74.838	70.25
MM_RS07390	-0.43586543686535	0.557353606461777	0.434198845204854	0.617169881208875	91.0439195533109	raw_counts / DESeq2 median-of-ratios	1.061	1.187	60.018	53.281	60.018	53.281
MM_RS09640	-0.345682830697083	0.442363005708544	0.434540186134168	0.617400988444022	232.036008761173	raw_counts / DESeq2 median-of-ratios	2.992	3.803	173.51	172.804	173.51	172.804
MM_RS14320	0.719488224437722	0.921894585144096	0.435128858355386	0.617729172527539	11.1883851562852	raw_counts / DESeq2 median-of-ratios	0.327	0.865	18.528	37.166	18.528	37.166
MM_RS08355	-0.346686858169531	0.444079165131139	0.434986572674352	0.617729172527539	249.230005890407	raw_counts / DESeq2 median-of-ratios	1.594	2.137	94.281	97.768	94.281	97.768
MM_RS18760	0.533758782238846	0.685766203800105	0.436369016941726	0.619235244255021	42.1117693987023	raw_counts / DESeq2 median-of-ratios	6.277	15.983	369.975	671.861	369.975	671.861
MM_RS17585	-0.858658134304268	1.10387200986346	0.436651416628364	0.619264994717366	8.14418234766701	raw_counts / DESeq2 median-of-ratios	0.035	0.041	2.281	1.821	2.281	1.821
MM_RS17430	-0.395388682821617	0.508410676638111	0.436748560258108	0.619264994717366	108.637712328194	raw_counts / DESeq2 median-of-ratios	0.419	0.541	24.526	23.537	24.526	23.537
MM_RS16285	-0.534078409767479	0.687247685744892	0.437084122601422	0.61940257922555	272.009415186542	raw_counts / DESeq2 median-of-ratios	1.231	1.187	68.484	56.666	68.484	56.666
MM_RS19535	0.331446915788593	0.426781872247272	0.437383581566623	0.61940257922555	275.67383656094	raw_counts / DESeq2 median-of-ratios	1.178	2.431	68.542	109.401	68.542	109.401
MM_RS05800	0.319650367705542	0.411560017847081	0.437347685444771	0.61940257922555	1180.55763843919	raw_counts / DESeq2 median-of-ratios	7.135	15.39	422.491	684.983	422.491	684.983
MM_RS00285	0.35549473348156	0.458167699638344	0.437804919729205	0.619745160960932	529.925837780253	raw_counts / DESeq2 median-of-ratios	6.054	12.052	346.193	541.75	346.193	541.75
MM_RS10765	0.339796166173686	0.438209878232284	0.438092245528644	0.619897835336311	217.755122589999	raw_counts / DESeq2 median-of-ratios	0.669	1.46	39.619	65.181	39.619	65.181
MM_RS06500	0.645237164732508	0.833239816262189	0.438711133561555	0.620286065648416	1248.21674578701	raw_counts / DESeq2 median-of-ratios	8.866	18.519	481.636	789.678	481.636	789.678
MM_RS06135	-0.378419254697266	0.48869485269119	0.43872578412828	0.620286065648416	1053.9957602783	raw_counts / DESeq2 median-of-ratios	4.99	7.204	304.85	325.326	304.85	325.326
MM_RS02035	-0.333061221550198	0.430378232913664	0.439001600253169	0.620422065169576	301.021753351047	raw_counts / DESeq2 median-of-ratios	1.404	1.909	83.091	86.732	83.091	86.732
MM_RS11615	-0.538567919961226	0.696454134321668	0.43934490854535	0.620495073140457	32.9930837449056	raw_counts / DESeq2 median-of-ratios	0.513	0.687	31.543	29.66	31.543	29.66
MM_RS06145	0.326072234710076	0.421725698262976	0.439412550347874	0.620495073140457	509.846846342469	raw_counts / DESeq2 median-of-ratios	2.37	5.018	139.118	222.212	139.118	222.212
MM_RS09775	0.429744879426317	0.556901443486588	0.440309113417071	0.621507019919314	69.3586538624739	raw_counts / DESeq2 median-of-ratios	0.331	0.694	19.012	32.201	19.012	32.201
MM_RS06805	-0.349218396822727	0.453559228369039	0.441328939403066	0.622692057474751	310.522147180763	raw_counts / DESeq2 median-of-ratios	4.31	5.325	247.532	240.611	247.532	240.611
MM_RS16175	0.349403340617797	0.454032388969738	0.441563324965417	0.622768364406104	1865.27473870081	raw_counts / DESeq2 median-of-ratios	8.165	16.124	466.412	723.146	466.412	723.146
MM_RS04735	0.343978783712226	0.447360014501605	0.441947808894155	0.623056217110371	551.350638346024	raw_counts / DESeq2 median-of-ratios	2.388	5.413	142.942	239.34	142.942	239.34
MM_RS14610	0.394695365598081	0.513922526055117	0.442483872236906	0.62355744378061	700.592370090978	raw_counts / DESeq2 median-of-ratios	3.442	8.64	211.698	390.561	211.698	390.561
MM_RS08410	0.337273916030102	0.440250436455858	0.443619429301698	0.624902736055491	407.188758993275	raw_counts / DESeq2 median-of-ratios	1.736	3.501	100.044	156.245	100.044	156.245
MM_RS06285	0.405247308809472	0.529299189190286	0.443896521850605	0.625038151843452	130.630448528069	raw_counts / DESeq2 median-of-ratios	1.235	2.886	74.302	134.385	74.302	134.385
MM_RS01350	-0.304192041535211	0.397904826438885	0.444578616098572	0.625743496334339	1286.74750934458	raw_counts / DESeq2 median-of-ratios	5.495	7.462	322.387	336.132	322.387	336.132
MM_RS09450	-0.32804139460453	0.42940784610035	0.444903603151559	0.625945843293477	923.386133983615	raw_counts / DESeq2 median-of-ratios	4.432	6.196	264.517	282.037	264.517	282.037
MM_RS14535	-0.470326973516769	0.61826076621984	0.446820805776746	0.628387240697427	129.331826776225	raw_counts / DESeq2 median-of-ratios	1.146	1.633	71.715	75.242	71.715	75.242
MM_RS14285	-0.426499338421169	0.560916883012389	0.447038811196874	0.628437954364674	101.097651219983	raw_counts / DESeq2 median-of-ratios	1.124	1.249	63.528	57.043	63.528	57.043
MM_RS15960	-0.411438525592542	0.541607916755488	0.447457120683699	0.628770095541699	51.2725171195232	raw_counts / DESeq2 median-of-ratios	0.086	0.108	5.012	4.773	5.012	4.773
MM_RS07785	-0.372272033936065	0.490287101648387	0.447676731070024	0.628822866659562	117.635012398769	raw_counts / DESeq2 median-of-ratios	0.425	0.522	24.438	23.29	24.438	23.29
MM_RS14905	-0.488948940895982	0.644952942360514	0.448381731348792	0.629465250301888	70.4567947588915	raw_counts / DESeq2 median-of-ratios	2.554	2.752	146.157	131.842	146.157	131.842
MM_RS04465	-0.37688846876537	0.497266459616622	0.4484985469001	0.629465250301888	774.497525292359	raw_counts / DESeq2 median-of-ratios	2.716	3.884	164.615	169.724	164.615	169.724
MM_RS09470	-0.445995185723902	0.588985226075215	0.44891421263613	0.629792725607309	232.510730032871	raw_counts / DESeq2 median-of-ratios	1.315	1.603	76.227	67.549	76.227	67.549
MM_RS15255	-0.331602458202443	0.438185916806331	0.449192452497074	0.629927215154241	739.383832562481	raw_counts / DESeq2 median-of-ratios	1.021	1.441	61.018	63.837	61.018	63.837
MM_RS16305	0.332506031975212	0.441621947619816	0.451497941090169	0.632903363849612	270.002906488346	raw_counts / DESeq2 median-of-ratios	1.239	2.675	73.097	118.103	73.097	118.103
MM_RS10040	0.32690220948896	0.43461204923181	0.451948743141557	0.633278279436486	190.786806432376	raw_counts / DESeq2 median-of-ratios	0.924	1.939	54.163	87.239	54.163	87.239
MM_RS15520	-0.499917651149061	0.666624166392884	0.453300307467682	0.633347398426715	280.234311255753	raw_counts / DESeq2 median-of-ratios	2.391	2.333	132.037	107.218	132.037	107.218
MM_RS14295	-0.463446669899306	0.617499212660978	0.452940451150236	0.633347398426715	223.777276465546	raw_counts / DESeq2 median-of-ratios	3.234	3.328	179.913	151.984	179.913	151.984
MM_RS14650	0.434569545646371	0.579606077894183	0.453395010223429	0.633347398426715	145.737985097984	raw_counts / DESeq2 median-of-ratios	0.558	1.396	34.132	65.458	34.132	65.458
MM_RS00450	-0.425922107575958	0.567853298013352	0.453220623540203	0.633347398426715	142.500613101006	raw_counts / DESeq2 median-of-ratios	12.183	13.907	689.538	603.756	689.538	603.756
MM_RS19635	0.420042679051651	0.558925389796018	0.452340769791396	0.633347398426715	47.661540932772	raw_counts / DESeq2 median-of-ratios	16.824	35.914	967.939	1617.034	967.939	1617.034
MM_RS02515	-0.397884698993574	0.530295341171954	0.45306938204756	0.633347398426715	247.467060468241	raw_counts / DESeq2 median-of-ratios	0.995	1.133	56.396	52.318	56.396	52.318
MM_RS01735	0.365331366953392	0.48710947482714	0.453255618679576	0.633347398426715	136.907490320116	raw_counts / DESeq2 median-of-ratios	0.332	0.684	19.109	30.26	19.109	30.26
MM_RS07155	-0.322474554310874	0.430166315152141	0.453465001826655	0.633347398426715	363.254550539054	raw_counts / DESeq2 median-of-ratios	1.154	1.611	68.585	71.837	68.585	71.837
MM_RS19560	0.787314581098994	1.0552752697081	0.455622062111499	0.635845900013381	6.91412645623508	raw_counts / DESeq2 median-of-ratios	1.971	5.598	113.569	246.969	113.569	246.969
MM_RS05460	-0.548986325546345	0.735565474084942	0.455458450003426	0.635845900013381	4311.72841580793	raw_counts / DESeq2 median-of-ratios	7.61	11.594	497.433	529.061	497.433	529.061
MM_RS01620	-0.946272636555931	1.2690265668561	0.45586793024801	0.635887025219878	4.61480817831883	raw_counts / DESeq2 median-of-ratios	0.051	0.04	2.876	1.827	2.876	1.827
MM_RS00955	-0.369579642724804	0.49580261153711	0.456019734067643	0.635887025219878	1255.6342314921	raw_counts / DESeq2 median-of-ratios	1699.133	2402.53	103077.002	111174.849	103077.002	111174.849
MM_RS00700	-0.564433185806243	0.758973930877253	0.457070528056607	0.636422786647592	2342.31973290203	raw_counts / DESeq2 median-of-ratios	2774.056	4090.299	180577.435	193641.87	180577.435	193641.87
MM_RS05910	0.405683395463988	0.54581741495557	0.457325233485618	0.636422786647592	76.2748870360459	raw_counts / DESeq2 median-of-ratios	0.086	0.18	4.93	7.926	4.93	7.926
MM_RS14280	0.401422456243521	0.539899396893796	0.457170889390554	0.636422786647592	89.7289194748056	raw_counts / DESeq2 median-of-ratios	0.821	1.681	46.966	77.678	46.966	77.678
MM_RS16560	0.352484698584295	0.47365814530241	0.456770421045113	0.636422786647592	708.300235274068	raw_counts / DESeq2 median-of-ratios	2.289	4.986	135.674	232.43	135.674	232.43
MM_RS13015	-0.343827272335268	0.462482468899813	0.457216243312282	0.636422786647592	152.351945263827	raw_counts / DESeq2 median-of-ratios	0.821	1.073	48.121	49.228	48.121	49.228
MM_RS16720	-0.434358722907996	0.58656225886311	0.458986971651365	0.638478050778822	88.3721535989245	raw_counts / DESeq2 median-of-ratios	0.602	0.681	34.468	32.127	34.468	32.127
MM_RS03545	0.326869480233944	0.44197153898786	0.459560141533372	0.638834149709079	397.070407383152	raw_counts / DESeq2 median-of-ratios	3.065	6.519	179.942	286.322	179.942	286.322
MM_RS06300	-0.319112333372617	0.431533521846958	0.4596128726193	0.638834149709079	382.252116219499	raw_counts / DESeq2 median-of-ratios	0.639	0.876	37.652	38.681	37.652	38.681
MM_RS05690	0.455350430874324	0.616095079385187	0.459851640446289	0.638908916372278	61.7306945051907	raw_counts / DESeq2 median-of-ratios	0.175	0.359	9.924	16.814	9.924	16.814
MM_RS01240	-0.563484831894141	0.764012042779791	0.460797695596781	0.638938274022995	21.4017662567969	raw_counts / DESeq2 median-of-ratios	1.537	1.778	92.594	84.802	92.594	84.802
MM_RS13485	0.514203482342957	0.696050328432861	0.46006204475841	0.638938274022995	38.6965535394821	raw_counts / DESeq2 median-of-ratios	1.101	2.336	61.401	102.306	61.401	102.306
MM_RS02935	-0.508036138011564	0.688666418403281	0.460690663599811	0.638938274022995	549.100231769598	raw_counts / DESeq2 median-of-ratios	2.482	3.511	156.807	167.757	156.807	167.757
MM_RS04110	0.386092236425267	0.523473535815318	0.460782920507791	0.638938274022995	1420.77085489543	raw_counts / DESeq2 median-of-ratios	23.269	57.684	1430.108	2651.53	1430.108	2651.53
MM_RS04350	0.361656467673446	0.490292461859073	0.460736792069181	0.638938274022995	100.697562761778	raw_counts / DESeq2 median-of-ratios	2.275	5.071	135.583	231.445	135.583	231.445
MM_RS19270	1.01534323325043	1.37797470092366	0.461221263962983	0.639268958959929	4.06221247003507	raw_counts / DESeq2 median-of-ratios	0.023	0.087	1.454	4.037	1.454	4.037
MM_RS16080	-0.390707970908142	0.530951050301464	0.461813230232476	0.639832690422371	65.4632696053019	raw_counts / DESeq2 median-of-ratios	0.25	0.304	14.337	13.599	14.337	13.599
MM_RS02970	-0.479144734460045	0.652954381544479	0.463064283873012	0.640936125912075	330.305837705201	raw_counts / DESeq2 median-of-ratios	2.079	3.139	132.705	141.268	132.705	141.268
MM_RS15685	-0.375006549890854	0.511156723563749	0.463166349240457	0.640936125912075	361.319885269553	raw_counts / DESeq2 median-of-ratios	1.365	1.998	83.613	88.847	83.613	88.847
MM_RS05805	0.336654684313929	0.458756040548185	0.463044728642944	0.640936125912075	293.219237914506	raw_counts / DESeq2 median-of-ratios	2.644	5.406	153.744	249.514	153.744	249.514
MM_RS06465	-0.432545615503726	0.591233695044569	0.464413735243756	0.641456122456838	118.366096545055	raw_counts / DESeq2 median-of-ratios	0.608	0.694	34.379	29.94	34.379	29.94
MM_RS10115	0.395247614716354	0.540321064033177	0.464470689711798	0.641456122456838	52.0946463021795	raw_counts / DESeq2 median-of-ratios	0.091	0.194	5.282	8.721	5.282	8.721
MM_RS17020	0.350684503629564	0.478828721508723	0.463936758665525	0.641456122456838	121.652597801294	raw_counts / DESeq2 median-of-ratios	0.272	0.585	15.947	25.74	15.947	25.74
MM_RS09950	0.323145663818306	0.441247091513352	0.463957241531528	0.641456122456838	248.047035347916	raw_counts / DESeq2 median-of-ratios	0.322	0.676	18.839	29.867	18.839	29.867
MM_RS01565	-0.316951893163812	0.433058842775498	0.464235066507933	0.641456122456838	344.003521202535	raw_counts / DESeq2 median-of-ratios	3.043	3.956	176.671	180.266	176.671	180.266
MM_RS05525	-0.318617060065443	0.43579511768483	0.464707914225391	0.641527232507794	643.471845059701	raw_counts / DESeq2 median-of-ratios	1.453	2.079	87.071	93.186	87.071	93.186
MM_RS03985	0.490428947883584	0.671707496674631	0.465315135309816	0.641596198546949	820.031970180665	raw_counts / DESeq2 median-of-ratios	13.023	37.08	824.047	1757.903	824.047	1757.903
MM_RS07615	0.396257976599096	0.542514186678522	0.465139394178016	0.641596198546949	424.417144311604	raw_counts / DESeq2 median-of-ratios	1.496	2.972	84.468	129.917	84.468	129.917
MM_RS04295	0.325122411535549	0.445131670896345	0.465148135721689	0.641596198546949	585.330622321681	raw_counts / DESeq2 median-of-ratios	7.358	16.56	442.485	746.94	442.485	746.94
MM_RS08975	2.27554114943718	3.12931883774193	0.467122923459775	0.641815155154379	229.21658461234	raw_counts / DESeq2 median-of-ratios	0.197	2.525	13.862	115.662	13.862	115.662
MM_RS00585	0.990328743565502	1.35860185857687	0.466043090959653	0.641815155154379	4.98602868782694	raw_counts / DESeq2 median-of-ratios	0.326	1.142	18.844	46.329	18.844	46.329
MM_RS10705	0.603658178618287	0.830657176982369	0.467395289844455	0.641815155154379	13.6672656451069	raw_counts / DESeq2 median-of-ratios	0.039	0.1	2.259	4.328	2.259	4.328
MM_RS11460	0.457794498153796	0.627670506581662	0.465784657749906	0.641815155154379	102.689585062735	raw_counts / DESeq2 median-of-ratios	0.371	0.757	21.04	36.015	21.04	36.015
MM_RS17590	-0.448937417501641	0.616255408057598	0.466312183279971	0.641815155154379	39.3967930762914	raw_counts / DESeq2 median-of-ratios	0.085	0.096	4.839	4.321	4.839	4.321
MM_RS17560	0.406330032309554	0.55884114503233	0.467168386321036	0.641815155154379	145.539952383413	raw_counts / DESeq2 median-of-ratios	0.255	0.502	14.335	22.593	14.335	22.593
MM_RS17045	-0.402134772238359	0.553736640506251	0.467703747980189	0.641815155154379	62.0804207886686	raw_counts / DESeq2 median-of-ratios	0.425	0.498	24.235	22.528	24.235	22.528
MM_RS09560	-0.390292561921245	0.536209728480564	0.466691357378041	0.641815155154379	472.628024181929	raw_counts / DESeq2 median-of-ratios	4.041	5.558	241.636	237.449	241.636	237.449
MM_RS00490	0.380413697388022	0.522997365115813	0.466998034438143	0.641815155154379	920.689349836358	raw_counts / DESeq2 median-of-ratios	3.254	8.173	200.424	362.363	200.424	362.363
MM_RS06450	0.343109287390871	0.471095433028053	0.466416343030902	0.641815155154379	135.910087509096	raw_counts / DESeq2 median-of-ratios	5.087	10.298	293.16	463.447	293.16	463.447
MM_RS00300	-0.29987392966543	0.412860191324498	0.467634730499378	0.641815155154379	821.525616718375	raw_counts / DESeq2 median-of-ratios	26.229	36.089	1546.372	1643.886	1546.372	1643.886
MM_RS12355	0.298728673662015	0.410660805723048	0.466960071378773	0.641815155154379	495.944661017867	raw_counts / DESeq2 median-of-ratios	22.733	47.399	1337.732	2120.9	1337.732	2120.9
MM_RS04565	0.334516684942116	0.461683963661033	0.468723398402987	0.642958942845082	168.94178784994	raw_counts / DESeq2 median-of-ratios	1.006	2.041	58.044	90.949	58.044	90.949
MM_RS03210	0.365600124272079	0.504805375201423	0.468918552130959	0.642971289821489	239.856222516818	raw_counts / DESeq2 median-of-ratios	0.553	1.31	33.627	60	33.627	60
MM_RS05605	-0.558510685889827	0.772902471845605	0.469916635959255	0.643177704430907	1343.8020348648	raw_counts / DESeq2 median-of-ratios	10.608	16.444	695.206	708.089	695.206	708.089
MM_RS00715	-0.551974985971429	0.763968268444577	0.469980760358989	0.643177704430907	2337.31212012225	raw_counts / DESeq2 median-of-ratios	2748.112	4102.345	179169.398	194139.805	179169.398	194139.805
MM_RS07860	-0.398698698034449	0.551848297475219	0.470000152282458	0.643177704430907	1397.94426032656	raw_counts / DESeq2 median-of-ratios	4.362	6.537	271.57	294.638	271.57	294.638
MM_RS16370	0.353773135638582	0.489188415271808	0.469566972065827	0.643177704430907	203.78467537385	raw_counts / DESeq2 median-of-ratios	0.285	0.668	17.261	30.033	17.261	30.033
MM_RS17595	-0.329876099738842	0.456579516060593	0.469990626004614	0.643177704430907	282.764826484533	raw_counts / DESeq2 median-of-ratios	1.242	1.559	71.293	69.849	71.293	69.849
MM_RS15295	-0.512322796238359	0.71430981496259	0.473233601022686	0.647346082349449	22.0145096646977	raw_counts / DESeq2 median-of-ratios	0.127	0.139	7.231	6.185	7.231	6.185
MM_RS00650	-0.302493299795343	0.422536218730054	0.474053652635006	0.648211130721026	3201.74426224651	raw_counts / DESeq2 median-of-ratios	6.906	9.756	409.677	430.791	409.677	430.791
MM_RS11630	-0.546783032980819	0.76667407173743	0.475729200762358	0.65013155651915	15.9722079249491	raw_counts / DESeq2 median-of-ratios	0.095	0.115	5.637	5.001	5.637	5.001
MM_RS01965	0.364988529913005	0.511892381890831	0.475834561343489	0.65013155651915	641.81166384717	raw_counts / DESeq2 median-of-ratios	11.188	24.455	662.769	1153.253	662.769	1153.253
MM_RS06005	0.337599370264647	0.473908743980765	0.476234383513347	0.650420545929261	845.02024477641	raw_counts / DESeq2 median-of-ratios	2.271	4.551	130.321	199.068	130.321	199.068
MM_RS17025	-0.409350083088187	0.575376294169365	0.4768069116514	0.650945088080607	123.633972836478	raw_counts / DESeq2 median-of-ratios	1.274	1.72	77.194	81.057	77.194	81.057
MM_RS09805	0.365887901931192	0.516159323485258	0.478407507355243	0.652614348501188	66.9698199077144	raw_counts / DESeq2 median-of-ratios	0.169	0.353	9.778	15.937	9.778	15.937
MM_RS13240	-0.328533988330127	0.463416652724871	0.478362532784223	0.652614348501188	709.044907186037	raw_counts / DESeq2 median-of-ratios	1.818	2.649	109.801	117.493	109.801	117.493
MM_RS05915	-0.324086465293334	0.458222049382242	0.479399035262756	0.653708751597931	431.001934977339	raw_counts / DESeq2 median-of-ratios	1.921	2.395	110.13	108.994	110.13	108.994
MM_RS03355	0.32515877582878	0.460821526570582	0.480432730624838	0.654859767789341	428.462811668197	raw_counts / DESeq2 median-of-ratios	1.875	3.66	107.44	166.683	107.44	166.683
MM_RS04320	0.457290322341181	0.650076468522498	0.481781076905696	0.65643859551569	3375.58981679377	raw_counts / DESeq2 median-of-ratios	12.4	36.215	793.425	1618.174	793.425	1618.174
MM_RS11295	-0.526669409107561	0.750346081303323	0.482740286605855	0.657486178997091	60.866942713435	raw_counts / DESeq2 median-of-ratios	0.593	0.562	32.61	26.042	32.61	26.042
MM_RS01970	0.337407009273985	0.482742644179089	0.484590997003109	0.659746670732652	145.942614344655	raw_counts / DESeq2 median-of-ratios	2.481	5.372	147.322	247.787	147.322	247.787
MM_RS15720	0.32871749361049	0.470814651371184	0.485059160162145	0.660123853112707	815.16114856699	raw_counts / DESeq2 median-of-ratios	1.557	3.616	94.447	161.019	94.447	161.019
MM_RS13610	-0.33921697466506	0.486304289484756	0.485464554815963	0.660415349481819	155.647385120954	raw_counts / DESeq2 median-of-ratios	0.251	0.339	14.732	14.784	14.732	14.784
MM_RS00485	1.74417651118807	2.50385653276557	0.486055643359042	0.660823656828128	39.07720319374	raw_counts / DESeq2 median-of-ratios	0.085	0.356	4.522	15.312	4.522	15.312
MM_RS02980	-1.10469213324062	1.58687304946835	0.486338661163029	0.660823656828128	3.53783328133963	raw_counts / DESeq2 median-of-ratios	0.098	0.063	5.665	3.256	5.665	3.256
MM_RS01310	0.350656168623631	0.503545673890084	0.486194574727984	0.660823656828128	79.6618955598908	raw_counts / DESeq2 median-of-ratios	0.484	1.001	28.122	45.819	28.122	45.819
MM_RS08210	-0.642488240428492	0.9242106771532	0.486945581310105	0.660883038051712	14.7358344183733	raw_counts / DESeq2 median-of-ratios	1.704	1.516	93.748	69.589	93.748	69.589
MM_RS13755	-0.386128502782891	0.555473361702739	0.486971235460779	0.660883038051712	938.543216348713	raw_counts / DESeq2 median-of-ratios	1116.133	1682.831	69194.127	73848.546	69194.127	73848.546
MM_RS13185	-0.3512236697327	0.505465043060217	0.487147717104707	0.660883038051712	134.713106252345	raw_counts / DESeq2 median-of-ratios	1.116	1.369	63.713	60.743	63.713	60.743
MM_RS13870	-0.306094148760783	0.440021476217176	0.486657713154107	0.660883038051712	450.808950884992	raw_counts / DESeq2 median-of-ratios	1.533	2.191	91.739	99.47	91.739	99.47
MM_RS01615	-0.498791788798054	0.719579629462136	0.488202194979637	0.661274659395947	23.0980657987123	raw_counts / DESeq2 median-of-ratios	0.232	0.273	13.351	11.708	13.351	11.708
MM_RS15455	-0.36609866611153	0.527672462409562	0.487808223052369	0.661274659395947	492.822194054186	raw_counts / DESeq2 median-of-ratios	1.522	2.274	93.933	102.61	93.933	102.61
MM_RS05220	-0.352545286432571	0.508467932593559	0.488091110052135	0.661274659395947	93.5678530668733	raw_counts / DESeq2 median-of-ratios	0.545	0.769	32.822	34.426	32.822	34.426
MM_RS02530	-0.301148959315416	0.43428669879885	0.488037525191894	0.661274659395947	332.631531144108	raw_counts / DESeq2 median-of-ratios	0.976	1.39	58.168	62.501	58.168	62.501
MM_RS11700	-0.383917686533444	0.55505231536814	0.489139326906366	0.662284294447114	67.4531197034493	raw_counts / DESeq2 median-of-ratios	1.96	2.631	115.87	113.809	115.87	113.809
MM_RS04145	-0.666789664098259	0.965358988182705	0.489743534222419	0.662842542007929	615.387630220711	raw_counts / DESeq2 median-of-ratios	648.352	948.844	43571.1	46617.838	43571.1	46617.838
MM_RS18040	0.337465361506506	0.489351522318327	0.490434774648215	0.66325830526035	105.104291093607	raw_counts / DESeq2 median-of-ratios	2.761	5.834	162.66	268.582	162.66	268.582
MM_RS11210	-0.316411297332303	0.458762180201671	0.49037872299759	0.66325830526035	362.620510241521	raw_counts / DESeq2 median-of-ratios	3.123	4.053	180.342	178.113	180.342	178.113
MM_RS06490	0.462816674538274	0.672479477748752	0.491311584260483	0.664184036021804	1791.12141908625	raw_counts / DESeq2 median-of-ratios	18.793	36.38	1037.68	1576.729	1037.68	1576.729
MM_RS06055	-0.296509939066028	0.431889739218426	0.492372127675025	0.665357327460696	444.260910486907	raw_counts / DESeq2 median-of-ratios	4.795	6.487	279.714	286.302	279.714	286.302
MM_RS03935	0.666654472495872	0.972566600868815	0.493054361396353	0.665498149379837	925.147361299143	raw_counts / DESeq2 median-of-ratios	6.739	13.423	361.987	616.611	361.987	616.611
MM_RS05390	-0.516259494826462	0.75308502371698	0.493011950045269	0.665498149379837	1473.39104238629	raw_counts / DESeq2 median-of-ratios	1835.161	2583.258	116187.031	126009.54	116187.031	126009.54
MM_RS11270	0.403907679795552	0.58923114243744	0.493039453673403	0.665498149379837	42.5704042788358	raw_counts / DESeq2 median-of-ratios	0.141	0.301	8.11	13.243	8.11	13.243
MM_RS19320	0.448223445695099	0.654588020449217	0.493507188736952	0.665590127835545	29.2169953630902	raw_counts / DESeq2 median-of-ratios	0.244	0.519	13.928	23.715	13.928	23.715
MM_RS01610	-0.301471106659174	0.44027081956124	0.493507908913384	0.665590127835545	303.550267161754	raw_counts / DESeq2 median-of-ratios	0.798	1.052	46.225	46.704	46.225	46.704
MM_RS08500	0.473923694401196	0.692918192088508	0.494004646108035	0.666000018601543	28.5746084572646	raw_counts / DESeq2 median-of-ratios	0.112	0.24	6.297	10.507	6.297	10.507
MM_RS02260	-0.420743187406833	0.616479305023438	0.494926880896977	0.666462942151328	136.384352494439	raw_counts / DESeq2 median-of-ratios	0.715	1.082	44.917	48.144	44.917	48.144
MM_RS07695	-0.376521690628501	0.551623090114804	0.494878231855575	0.666462942151328	325.759691183822	raw_counts / DESeq2 median-of-ratios	1.313	1.521	74.64	71.426	74.64	71.426
MM_RS01300	0.304809821566469	0.446226105779768	0.494553894893152	0.666462942151328	171.799780985961	raw_counts / DESeq2 median-of-ratios	0.782	1.67	46.409	75.172	46.409	75.172
MM_RS15420	0.363493177762075	0.533365211980743	0.495549491107441	0.667041286938855	224.22569608278	raw_counts / DESeq2 median-of-ratios	0.286	0.697	17.471	30.522	17.471	30.522
MM_RS15090	0.434978194402025	0.64041943880774	0.497005892901513	0.668480667477347	39.941933586011	raw_counts / DESeq2 median-of-ratios	0.25	0.54	14.536	25.549	14.536	25.549
MM_RS05855	-0.362930986176816	0.534220635632734	0.496906402453055	0.668480667477347	615.264903712122	raw_counts / DESeq2 median-of-ratios	3.523	4.048	198.691	186.252	198.691	186.252
MM_RS04655	0.305447192940195	0.450002755197405	0.497285262853765	0.668596067690504	3910.59797311657	raw_counts / DESeq2 median-of-ratios	24.152	54.529	1459.049	2436.704	1459.049	2436.704
MM_RS01660	0.342245647959323	0.504540627725204	0.497561722550002	0.668686497012225	300.689643435116	raw_counts / DESeq2 median-of-ratios	18.963	44.437	1147.886	1941.868	1147.886	1941.868
MM_RS10335	0.340570500704517	0.503185036242053	0.498514108224227	0.668686497012225	188.918833044152	raw_counts / DESeq2 median-of-ratios	1.019	2.38	61.729	104.86	61.729	104.86
MM_RS02380	-0.335490480540802	0.495675742483606	0.498510918382095	0.668686497012225	479.778149658817	raw_counts / DESeq2 median-of-ratios	4.651	5.922	270.249	277.703	270.249	277.703
MM_RS06400	0.325891239448723	0.481005999773417	0.498076013099907	0.668686497012225	423.827368169932	raw_counts / DESeq2 median-of-ratios	3.157	6.103	179.805	271.721	179.805	271.721
MM_RS03555	-0.324947332208122	0.47996347506646	0.498390012624507	0.668686497012225	164.092761574714	raw_counts / DESeq2 median-of-ratios	1.31	1.84	77.845	80.648	77.845	80.648
MM_RS06750	-0.294843325872696	0.435537968669521	0.49842908648397	0.668686497012225	2469.97456820562	raw_counts / DESeq2 median-of-ratios	7.719	10.972	460.023	503.78	460.023	503.78
MM_RS17295	-0.315093057108644	0.46590803579303	0.49885093870804	0.66887854902856	114.296427538885	raw_counts / DESeq2 median-of-ratios	0.532	0.73	31.475	33.068	31.475	33.068
MM_RS02330	-0.401263545167721	0.593787525513095	0.499186953005536	0.669069358044673	40.2887421022987	raw_counts / DESeq2 median-of-ratios	0.292	0.353	16.723	15.626	16.723	15.626
MM_RS01040	-0.310201494981155	0.45968896610276	0.499798167384449	0.669628731631453	684.058953426199	raw_counts / DESeq2 median-of-ratios	19.538	24.414	1117.505	1109.861	1117.505	1109.861
MM_RS04045	-0.341960809828487	0.508252832141148	0.501064141661185	0.671064577471009	3044.79332930921	raw_counts / DESeq2 median-of-ratios	50.664	66.568	2981.273	3145.104	2981.273	3145.104
MM_RS08075	-0.326766022606495	0.486468497325817	0.501767982784063	0.671746749045021	457.780408777387	raw_counts / DESeq2 median-of-ratios	3.897	5.667	236.204	260.138	236.204	260.138
MM_RS02600	0.359579118277393	0.536368083966527	0.502605264743415	0.672346469567682	217.00641201118	raw_counts / DESeq2 median-of-ratios	13.685	33.662	843.461	1514.268	843.461	1514.268
MM_RS09150	-0.290656561904404	0.433427379715654	0.502475145718283	0.672346469567682	773.257453635249	raw_counts / DESeq2 median-of-ratios	3.404	4.8	201.115	211.098	201.115	211.098
MM_RS02905	0.38880179662476	0.580477934281399	0.502987845856516	0.672597762132562	44.3465258321113	raw_counts / DESeq2 median-of-ratios	0.609	1.299	35.126	57.066	35.126	57.066
MM_RS16600	-0.437155103177629	0.653439082410821	0.503491224532025	0.673010328766879	74.2235660000898	raw_counts / DESeq2 median-of-ratios	1.373	1.473	77.379	69.864	77.379	69.864
MM_RS10050	0.346113841156379	0.51766300215614	0.503745301028547	0.673089466055164	75.9393649165566	raw_counts / DESeq2 median-of-ratios	0.595	1.213	34.461	55.688	34.461	55.688
MM_RS18660	-0.545919765233109	0.817573937763049	0.504305082107355	0.673576857540141	15.8064780037182	raw_counts / DESeq2 median-of-ratios	3.518	3.661	197.574	162.41	197.574	162.41
MM_RS01875	0.346950864280575	0.520099401477675	0.504717404849161	0.67360661373609	101.729310156938	raw_counts / DESeq2 median-of-ratios	2.012	4.067	116.381	188.876	116.381	188.876
MM_RS06980	0.289566030913773	0.434045390988032	0.504687143046644	0.67360661373609	495.668288534416	raw_counts / DESeq2 median-of-ratios	2.024	4.071	117.665	179.655	117.665	179.655
MM_RS13040	0.387100161180038	0.580553199556199	0.504913881411342	0.673608554034289	490.960921925663	raw_counts / DESeq2 median-of-ratios	486.022	1223.253	30116.475	57125.23	30116.475	57125.23
MM_RS18550	0.870268911155907	1.30659902080455	0.505374918710222	0.67370319151876	4.77368044297381	raw_counts / DESeq2 median-of-ratios	0.385	1.397	24.737	63.28	24.737	63.28
MM_RS06605	-0.377205587369454	0.566111982709353	0.505213525773387	0.67370319151876	1112.99566132223	raw_counts / DESeq2 median-of-ratios	6.851	10.543	428.13	472.632	428.13	472.632
MM_RS08970	1.83572843130482	2.76157694430312	0.506217320656099	0.674124781022031	46.718517449939	raw_counts / DESeq2 median-of-ratios	0.19	1.837	13.36	80.685	13.36	80.685
MM_RS17240	-0.472556050738124	0.712295910147402	0.507057377271348	0.674124781022031	36.2729085917211	raw_counts / DESeq2 median-of-ratios	0.2	0.282	12.554	12.964	12.554	12.964
MM_RS05780	0.447320882000507	0.673320368858586	0.506465856053483	0.674124781022031	145.748899022081	raw_counts / DESeq2 median-of-ratios	0.743	2.138	47.425	94.161	47.425	94.161
MM_RS18910	0.407516560199492	0.614236657656933	0.507041089533012	0.674124781022031	52.7421737702135	raw_counts / DESeq2 median-of-ratios	8.51	18.139	486.942	780.812	486.942	780.812
MM_RS02335	0.406355222039708	0.612097168940045	0.506771140154215	0.674124781022031	46.4941964038724	raw_counts / DESeq2 median-of-ratios	0.232	0.481	13.171	21.042	13.171	21.042
MM_RS10510	0.319015808750856	0.479768008537949	0.50609037782026	0.674124781022031	96.1335508230612	raw_counts / DESeq2 median-of-ratios	1.346	2.803	79.015	127.71	79.015	127.71
MM_RS04575	0.29912182760521	0.45025559304315	0.506474108162571	0.674124781022031	574.54928550171	raw_counts / DESeq2 median-of-ratios	3.223	7.049	192.489	310.3	192.489	310.3
MM_RS16130	0.305067878497849	0.460486995620745	0.507657451932365	0.674662885330661	379.399731486572	raw_counts / DESeq2 median-of-ratios	0.621	1.386	37.352	61.404	37.352	61.404
MM_RS15355	0.306039129909285	0.462184291524312	0.507869824056699	0.674685527804553	1133.19901425879	raw_counts / DESeq2 median-of-ratios	1.502	3.31	89.735	144.567	89.735	144.567
MM_RS01800	-0.637056675136061	0.964957330909335	0.509130914749127	0.675637122058864	9.20527573819087	raw_counts / DESeq2 median-of-ratios	0.207	0.211	12.155	10.028	12.155	10.028
MM_RS13305	-0.331189600019149	0.50132829055635	0.508853346605142	0.675637122058864	1220.79817523555	raw_counts / DESeq2 median-of-ratios	6.929	9.504	408.361	407.757	408.361	407.757
MM_RS13105	0.30315414376003	0.459236779283074	0.509172967203017	0.675637122058864	527.93748739417	raw_counts / DESeq2 median-of-ratios	1.909	3.701	109.818	170.051	109.818	170.051
MM_RS14700	0.275415871302391	0.417515954598518	0.509476197169278	0.675779871360479	463.58500100417	raw_counts / DESeq2 median-of-ratios	5.207	10.802	307.529	481.462	307.529	481.462
MM_RS03285	-0.33332026435557	0.505553649433791	0.5096920390113	0.675806642128611	4426.47117079857	raw_counts / DESeq2 median-of-ratios	815.986	1216.979	49954.912	55873.322	49954.912	55873.322
MM_RS18145	-0.637980105942633	0.97208481934037	0.5116305623298	0.677690204150329	9.04548373253112	raw_counts / DESeq2 median-of-ratios	1.146	1.398	69.897	60.933	69.897	60.933
MM_RS18565	0.631054032123891	0.961531123814268	0.511630344451306	0.677690204150329	19.8000019038617	raw_counts / DESeq2 median-of-ratios	0.342	0.706	18.631	33.708	18.631	33.708
MM_RS08895	-0.588367711424641	0.896640917983463	0.511701231159252	0.677690204150329	16.3731943200241	raw_counts / DESeq2 median-of-ratios	0.329	0.343	18.427	14.377	18.427	14.377
MM_RS06760	0.325388156237563	0.496109946898366	0.511901902682095	0.67769611800075	588.44874837708	raw_counts / DESeq2 median-of-ratios	4.07	8.627	240.711	405.014	240.711	405.014
MM_RS07545	0.731444361393983	1.12063773792578	0.513947337709786	0.680143335038161	9.95646508638781	raw_counts / DESeq2 median-of-ratios	0.54	1.271	29.243	54.329	29.243	54.329
MM_RS14540	-0.326127041036055	0.50006140049839	0.514288934202797	0.680334729504581	644.460032871677	raw_counts / DESeq2 median-of-ratios	4.328	6.403	263.867	293.982	263.867	293.982
MM_RS13475	0.382237605853806	0.587653698591073	0.515403503674246	0.681541257939646	881.425167383954	raw_counts / DESeq2 median-of-ratios	861.513	2195.201	53646.924	102316.895	53646.924	102316.895
MM_RS07715	0.319182723024134	0.490937395605335	0.515595630282656	0.681541257939646	502.837284463135	raw_counts / DESeq2 median-of-ratios	2.863	5.538	163.157	243.664	163.157	243.664
MM_RS08215	-0.360123361400312	0.555982367237749	0.517163200968921	0.68335183479214	4083.70227027305	raw_counts / DESeq2 median-of-ratios	50.558	78.033	3152.305	3536.33	3152.305	3536.33
MM_RS05125	-0.319156706170353	0.492985339543775	0.517375724376577	0.683371224472924	677.495748212843	raw_counts / DESeq2 median-of-ratios	4.774	7.197	291.346	319.713	291.346	319.713
MM_RS00280	-1.93381116328219	2.99180188100421	0.518039724944824	0.683764148200408	55.2440116851421	raw_counts / DESeq2 median-of-ratios	0.424	0.133	22.573	6.086	22.573	6.086
MM_RS07105	-0.27288731865135	0.42221400746994	0.518069130237541	0.683764148200408	2213.74849640938	raw_counts / DESeq2 median-of-ratios	9.465	13.633	563.33	622.065	563.33	622.065
MM_RS17225	0.334267336475129	0.517684648356154	0.518475713833712	0.684039387158763	234.105867602021	raw_counts / DESeq2 median-of-ratios	1.972	4.549	119.847	210.256	119.847	210.256
MM_RS15030	-0.341449127087706	0.529312465254891	0.518875047631255	0.684304854722549	57.4745715731434	raw_counts / DESeq2 median-of-ratios	0.333	0.429	19.304	19.094	19.304	19.094
MM_RS00960	0.450418999953118	0.699912440375527	0.519876226154898	0.68536354394619	534418.804133469	raw_counts / DESeq2 median-of-ratios	1147.621	3334.683	72933.308	140895.088	72933.308	140895.088
MM_RS01570	0.29356490698393	0.457205280455332	0.52081763334032	0.686278563545588	559.463672990285	raw_counts / DESeq2 median-of-ratios	5.735	11.393	333.694	528.001	333.694	528.001
MM_RS07260	-0.271829094544068	0.423505814942571	0.520967687787068	0.686278563545588	522.592465263837	raw_counts / DESeq2 median-of-ratios	4.531	6.477	268.028	287.239	268.028	287.239
MM_RS12600	0.398010048263987	0.622865835255239	0.522824206581129	0.688199241437203	40.0906305431487	raw_counts / DESeq2 median-of-ratios	0.167	0.342	9.451	15.097	9.451	15.097
MM_RS13225	-0.367526334480573	0.57500256589174	0.522710146387753	0.688199241437203	120.562740445151	raw_counts / DESeq2 median-of-ratios	1.286	1.471	72.471	67.831	72.471	67.831
MM_RS11250	-0.269635501798331	0.422661069970159	0.523507965410577	0.688670915612117	323.232376987438	raw_counts / DESeq2 median-of-ratios	2.116	2.876	123.132	129.18	123.132	129.18
MM_RS03620	-0.261759195690995	0.410387213736407	0.523581304110429	0.688670915612117	3412.02212030474	raw_counts / DESeq2 median-of-ratios	30.059	41.953	1758.959	1856.139	1758.959	1856.139
MM_RS11650	0.353497512514363	0.554530112889275	0.523817334202613	0.688719098719385	112.349533809812	raw_counts / DESeq2 median-of-ratios	0.506	0.985	28.864	45.962	28.864	45.962
MM_RS16070	-0.362475820843836	0.5692506687231	0.524281453505953	0.688804922179369	66.0967519136359	raw_counts / DESeq2 median-of-ratios	0.428	0.627	26.116	27.935	26.116	27.935
MM_RS08145	-0.329006046012617	0.516455211798061	0.524094478448831	0.688804922179369	393.285609868437	raw_counts / DESeq2 median-of-ratios	2.324	3.517	142.745	159.082	142.745	159.082
MM_RS03535	-0.28213887654863	0.443888238794123	0.525032011373941	0.689501934711581	209.581334082168	raw_counts / DESeq2 median-of-ratios	4.243	6.047	251.391	268.75	251.391	268.75
MM_RS14045	0.28005362716848	0.440798149002981	0.525211230522921	0.689501934711581	219.336348752717	raw_counts / DESeq2 median-of-ratios	0.721	1.479	42.498	67.468	42.498	67.468
MM_RS15980	-0.309284543564867	0.48888549993116	0.526974076025092	0.691553365725938	85.5906872833658	raw_counts / DESeq2 median-of-ratios	0.081	0.113	4.798	5.081	4.798	5.081
MM_RS18460	-0.304093898693894	0.481603641756176	0.527766312581533	0.692189414545796	485.013120007204	raw_counts / DESeq2 median-of-ratios	0.852	1.177	50.021	50.886	50.021	50.886
MM_RS12420	0.26661503997657	0.42234253451372	0.52785955932647	0.692189414545796	988.560137232072	raw_counts / DESeq2 median-of-ratios	8.354	16.27	485.095	743.313	485.095	743.313
MM_RS07345	0.272278189142867	0.432294912097068	0.52879690822444	0.693155415942017	2549.9763014921	raw_counts / DESeq2 median-of-ratios	28.031	57.644	1657.496	2656.404	1657.496	2656.404
MM_RS08740	0.270637872498433	0.430249093152246	0.529332024943248	0.693593632076623	254.751359013445	raw_counts / DESeq2 median-of-ratios	2.12	4.406	125.513	197.518	125.513	197.518
MM_RS03215	0.433108984794952	0.689391017286173	0.52984105627212	0.693805649170364	27.9189110944284	raw_counts / DESeq2 median-of-ratios	0.892	2.113	53.965	98.905	53.965	98.905
MM_RS13175	-0.270754095656598	0.431023550011935	0.529895571080319	0.693805649170364	352.974653371915	raw_counts / DESeq2 median-of-ratios	2.072	2.916	121.786	128.929	121.786	128.929
MM_RS14140	-0.366331539732075	0.583801355450831	0.530335813677404	0.694118946738065	193.195737847063	raw_counts / DESeq2 median-of-ratios	0.857	1.013	48.407	43.646	48.407	43.646
MM_RS15345	-0.498133230421777	0.79555642230139	0.53122020583808	0.695013102638154	239.188033159108	raw_counts / DESeq2 median-of-ratios	3.641	3.508	201.578	172.108	201.578	172.108
MM_RS14690	0.394548662118116	0.631355629168852	0.532021587504056	0.695635342357014	253.960222721138	raw_counts / DESeq2 median-of-ratios	1.295	2.413	72.168	112.878	72.168	112.878
MM_RS00230	-0.293716155018211	0.470092005969128	0.53209860292624	0.695635342357014	133.969700789417	raw_counts / DESeq2 median-of-ratios	0.245	0.324	14.23	14.8	14.23	14.8
MM_RS15795	-0.591704366640645	0.948325222745981	0.532662607897175	0.695845933311967	13.2891490860764	raw_counts / DESeq2 median-of-ratios	0.236	0.217	13.143	10.428	13.143	10.428
MM_RS10760	-0.331405919400432	0.53101048387262	0.532559098725963	0.695845933311967	128.355401291509	raw_counts / DESeq2 median-of-ratios	0.797	1.009	46.257	47.369	46.257	47.369
MM_RS11495	-0.361099093035208	0.579936812701587	0.533512918241215	0.696693239926336	84.8950464515804	raw_counts / DESeq2 median-of-ratios	0.938	1.092	53.161	50.662	53.161	50.662
MM_RS13130	0.308793245815105	0.497062398285767	0.534444104968749	0.697645479426326	285.583593479161	raw_counts / DESeq2 median-of-ratios	1.806	4.006	108.887	185.423	108.887	185.423
MM_RS10865	-0.270929068135557	0.436430757254615	0.534741997852715	0.697770631123263	233.501749780205	raw_counts / DESeq2 median-of-ratios	1.234	1.727	72.713	78.673	72.713	78.673
MM_RS02925	-0.407212961920341	0.656992068972827	0.535380170573687	0.697902024207367	27.6858664156369	raw_counts / DESeq2 median-of-ratios	0.251	0.298	14.324	13.285	14.324	13.285
MM_RS07050	-0.300337009611103	0.48456398898841	0.535383694628708	0.697902024207367	456.668206492281	raw_counts / DESeq2 median-of-ratios	7.549	9.457	431.859	436.12	431.859	436.12
MM_RS06015	0.270608823481978	0.43667023202725	0.53544886049494	0.697902024207367	1472.0504960149	raw_counts / DESeq2 median-of-ratios	3.745	8.122	224.955	362.864	224.955	362.864
MM_RS06825	-0.271432150465415	0.43853175549074	0.535944910942845	0.698285070689018	465.304487136412	raw_counts / DESeq2 median-of-ratios	1.767	2.52	104.322	110.834	104.322	110.834
MM_RS00690	-0.302979040364608	0.490566435290968	0.536832042207954	0.699177177144146	215.604200174607	raw_counts / DESeq2 median-of-ratios	0.736	1.062	44.321	48.943	44.321	48.943
MM_RS04115	0.765192559866881	1.24025117401631	0.537257282849176	0.699285738973205	4.97281412431908	raw_counts / DESeq2 median-of-ratios	0.049	0.136	2.787	5.832	2.787	5.832
MM_RS06695	0.387284989222839	0.627822444629421	0.537320310143279	0.699285738973205	92.726569745729	raw_counts / DESeq2 median-of-ratios	3.295	6.258	184.857	292.55	184.857	292.55
MM_RS13730	0.282958603343421	0.459407996101443	0.537947277235624	0.699838002098623	508.122797048596	raw_counts / DESeq2 median-of-ratios	5.238	11.314	314.34	519.163	314.34	519.163
MM_RS11925	0.398103224472394	0.647720595744137	0.538804487641275	0.700162039244908	39.8326614004127	raw_counts / DESeq2 median-of-ratios	0.274	0.54	15.484	24.921	15.484	24.921
MM_RS16060	0.382673884747085	0.622461847680103	0.538703425182294	0.700162039244908	33.5329606669353	raw_counts / DESeq2 median-of-ratios	0.096	0.207	5.569	9.059	5.569	9.059
MM_RS14150	0.36305954580645	0.590157126216326	0.538428374573486	0.700162039244908	110.908184639275	raw_counts / DESeq2 median-of-ratios	0.678	1.698	42.162	77.286	42.162	77.286
MM_RS10520	0.349116383674917	0.569103919707462	0.539579316951826	0.700498312032525	148.518272823926	raw_counts / DESeq2 median-of-ratios	2.08	3.951	116.935	174.534	116.935	174.534
MM_RS08795	0.340823500062988	0.555905782439954	0.539812997573202	0.700498312032525	1235.41368384432	raw_counts / DESeq2 median-of-ratios	7.257	18.232	452.308	818.659	452.308	818.659
MM_RS05510	-0.339817529257212	0.55444263124116	0.539942891947647	0.700498312032525	206.674962662386	raw_counts / DESeq2 median-of-ratios	0.705	1.08	43.479	47.499	43.479	47.499
MM_RS01340	-0.254279928464929	0.415018031481298	0.540077303110195	0.700498312032525	800.674824030703	raw_counts / DESeq2 median-of-ratios	13.724	18.596	795.213	838.255	795.213	838.255
MM_RS02040	0.246188524404588	0.401751014047982	0.540015993129311	0.700498312032525	2344.78681606253	raw_counts / DESeq2 median-of-ratios	7.903	16.097	467.076	719.319	467.076	719.319
MM_RS03530	0.287686940590145	0.470118058017932	0.540573379453362	0.700878548285253	1381.43369453944	raw_counts / DESeq2 median-of-ratios	15.232	34.104	923.746	1554.337	923.746	1554.337
MM_RS02995	-0.576429835994226	0.943538743595631	0.541250335617953	0.701492930290585	69.5404817555523	raw_counts / DESeq2 median-of-ratios	0.709	0.603	38.302	28.786	38.302	28.786
MM_RS09970	0.352851850554539	0.578281879796914	0.541747372413732	0.701873752557026	80.0653533378141	raw_counts / DESeq2 median-of-ratios	1.563	3.817	96.193	169.104	96.193	169.104
MM_RS01940	0.293859466874712	0.481972653666241	0.542059537395058	0.702014863952955	382.784058631795	raw_counts / DESeq2 median-of-ratios	0.977	2.161	59.021	99.356	59.021	99.356
MM_RS13100	0.312327889460172	0.512756141620819	0.542447657011893	0.702254200644332	1061.69238007718	raw_counts / DESeq2 median-of-ratios	6.836	14.586	406.616	687.869	406.616	687.869
MM_RS14115	-0.819116748592004	1.34826810918718	0.543497554759045	0.703114902223887	15.464168525858	raw_counts / DESeq2 median-of-ratios	0.355	0.247	18.92	11.473	18.92	11.473
MM_RS04560	-0.441179754452688	0.727264096375341	0.544096910215408	0.703114902223887	19.8310704047128	raw_counts / DESeq2 median-of-ratios	0.123	0.16	7.418	7.347	7.418	7.347
MM_RS06375	0.408259366732846	0.672783197072885	0.543969321119866	0.703114902223887	42.7092180198975	raw_counts / DESeq2 median-of-ratios	0.243	0.469	13.553	21.293	13.553	21.293
MM_RS17055	0.331146726006423	0.545925116790932	0.54413032242167	0.703114902223887	56.4460472729934	raw_counts / DESeq2 median-of-ratios	0.714	1.465	41.694	67.636	41.694	67.636
MM_RS02545	0.256350968079309	0.422486789776288	0.544005667218074	0.703114902223887	491.450414296197	raw_counts / DESeq2 median-of-ratios	5.369	10.986	317.829	500.11	317.829	500.11
MM_RS01765	0.395591769541552	0.653563788376904	0.544990244124025	0.70369955259977	42.6387461309819	raw_counts / DESeq2 median-of-ratios	0.275	0.696	17.077	31.537	17.077	31.537
MM_RS14865	0.310106881060495	0.512224385948518	0.544905161505127	0.70369955259977	90.1156727976132	raw_counts / DESeq2 median-of-ratios	0.247	0.496	14.239	21.797	14.239	21.797
MM_RS01830	0.484263219362756	0.801702501457038	0.545814693189542	0.704500728802944	19.4747171047234	raw_counts / DESeq2 median-of-ratios	0.279	0.566	15.571	26.142	15.571	26.142
MM_RS14210	-0.332232797559705	0.550562410415779	0.546214307815433	0.704753163688646	49.8408328444651	raw_counts / DESeq2 median-of-ratios	0.227	0.314	13.443	13.845	13.443	13.845
MM_RS17580	-0.441491456650249	0.733967581675765	0.547497979578761	0.706145639083286	19.5025795200367	raw_counts / DESeq2 median-of-ratios	0.263	0.297	14.993	13.641	14.993	13.641
MM_RS02915	0.315666510331966	0.525732636837596	0.54821860536136	0.706811147039245	59.7424407517942	raw_counts / DESeq2 median-of-ratios	5.319	10.887	308.559	484.36	308.559	484.36
MM_RS13900	-0.667443498783977	1.11223567093776	0.548445061350116	0.706839269366903	9.26055100976871	raw_counts / DESeq2 median-of-ratios	0.113	0.118	6.443	4.77	6.443	4.77
MM_RS19490	0.612053428949846	1.02159029620315	0.549094007373681	0.707355308931525	10.7651731454717	raw_counts / DESeq2 median-of-ratios	1.785	5.405	114.754	254.724	114.754	254.724
MM_RS14105	0.272693237681008	0.45534113423838	0.549255048799754	0.707355308931525	810.390234893218	raw_counts / DESeq2 median-of-ratios	1.159	2.529	69.923	115.066	69.923	115.066
MM_RS06865	0.276277598169743	0.463254757929062	0.550918910350882	0.709233662449477	120.484946745279	raw_counts / DESeq2 median-of-ratios	0.887	1.755	51.528	78.995	51.528	78.995
MM_RS08960	0.399669474730294	0.675835281850177	0.55427177935901	0.713284175076759	545.664510141849	raw_counts / DESeq2 median-of-ratios	4.982	9.978	280.536	415.905	280.536	415.905
MM_RS11360	0.349518022252421	0.591852547237668	0.554822540477738	0.713461301120665	142.50065300925	raw_counts / DESeq2 median-of-ratios	0.418	0.785	23.368	34.68	23.368	34.68
MM_RS05730	0.241189278418698	0.408357956636034	0.554767016124771	0.713461301120665	964.615649389665	raw_counts / DESeq2 median-of-ratios	5.544	11.324	328.535	507.825	328.535	507.825
MM_RS09305	0.372686275964662	0.631565726054939	0.555124308331675	0.71358368477023	46.4628766400494	raw_counts / DESeq2 median-of-ratios	0.634	1.369	37.546	64.925	37.546	64.925
MM_RS00060	-0.280439893362405	0.475596071669785	0.555418738961582	0.713696549246021	177.100973512642	raw_counts / DESeq2 median-of-ratios	2.242	3.006	130.745	139.086	130.745	139.086
MM_RS09335	-0.389308186122031	0.661600921413586	0.556241316599903	0.714222121760619	33.306940474267	raw_counts / DESeq2 median-of-ratios	0.19	0.277	11.675	12.344	11.675	12.344
MM_RS09545	0.265816370063774	0.45170161018524	0.556211630214444	0.714222121760619	172.157542417679	raw_counts / DESeq2 median-of-ratios	1.161	2.345	67.918	103.752	67.918	103.752
MM_RS10435	0.308024342233022	0.523861057046191	0.556539928439749	0.714339989903714	1082.59527248086	raw_counts / DESeq2 median-of-ratios	17.508	41.953	1080.066	1866.907	1080.066	1866.907
MM_RS14585	0.298154952912059	0.507948579896865	0.557218070540313	0.714944730923567	137.124584991931	raw_counts / DESeq2 median-of-ratios	1.046	2.033	60.449	94.486	60.449	94.486
MM_RS18640	0.373942728965535	0.637557931840865	0.557523753776893	0.715071312864979	30.2479431684745	raw_counts / DESeq2 median-of-ratios	3.504	7.806	210.013	358.881	210.013	358.881
MM_RS05590	-0.519035644982231	0.886468841056335	0.558205395233029	0.715414261645597	13.4528032963872	raw_counts / DESeq2 median-of-ratios	1.501	1.557	85.939	75.003	85.939	75.003
MM_RS04330	-0.336836767129996	0.574989033483181	0.558000349245218	0.715414261645597	76.186762641118	raw_counts / DESeq2 median-of-ratios	0.632	0.759	35.996	35.312	35.996	35.312
MM_RS16505	-0.360473579024872	0.616398284346665	0.558677990643428	0.715754369318397	73.4532670780378	raw_counts / DESeq2 median-of-ratios	5.546	6.31	310.626	286.736	310.626	286.736
MM_RS05810	-0.239122292124511	0.409845610200992	0.559593903226068	0.716661973208319	868.247385816148	raw_counts / DESeq2 median-of-ratios	2.239	3.105	130.381	140.868	130.381	140.868
MM_RS01750	-0.842114283010548	1.44415352591118	0.559812763763729	0.716676533002194	3.73786020955033	raw_counts / DESeq2 median-of-ratios	0.063	0.058	3.555	2.432	3.555	2.432
MM_RS08065	0.372495121653669	0.639148836130635	0.560028808783815	0.716687478895627	39.6013502270734	raw_counts / DESeq2 median-of-ratios	0.253	0.55	14.68	23.551	14.68	23.551
MM_RS05860	0.282259850655353	0.485276771088458	0.560804377118263	0.717414192061659	84.7004028021765	raw_counts / DESeq2 median-of-ratios	0.274	0.568	16.163	25.386	16.163	25.386
MM_RS11315	-0.409850732434111	0.705504509270958	0.56128572367009	0.717546487552457	29.6587439244995	raw_counts / DESeq2 median-of-ratios	0.366	0.413	20.505	18.291	20.505	18.291
MM_RS08840	-0.235677953132198	0.405727732799148	0.561323280071436	0.717546487552457	666.394667298172	raw_counts / DESeq2 median-of-ratios	4.122	5.925	242.455	265.324	242.455	265.324
MM_RS02275	0.39290441229273	0.676768239105779	0.561537193596672	0.717554371691789	28.4063966314015	raw_counts / DESeq2 median-of-ratios	0.379	0.812	21.749	35.096	21.749	35.096
MM_RS07760	0.286261120583428	0.493548738798092	0.561910720865914	0.717766135307274	4732.13762401955	raw_counts / DESeq2 median-of-ratios	13.959	32.244	855.269	1452.865	855.269	1452.865
MM_RS19655	-0.801058808154412	1.38396040421749	0.56271314726595	0.71852540135179	7.26852102182716	raw_counts / DESeq2 median-of-ratios	0.154	0.108	8.314	5.386	8.314	5.386
MM_RS10060	-0.390767847680911	0.676903062208941	0.56374508561613	0.719311239644667	941.362522369041	raw_counts / DESeq2 median-of-ratios	4.569	7.523	294.092	334.996	294.092	334.996
MM_RS03680	-0.270502965749031	0.46842158715052	0.563616878060962	0.719311239644667	1540.58333437802	raw_counts / DESeq2 median-of-ratios	25.739	39.102	1560.301	1781.99	1560.301	1781.99
MM_RS12150	0.424638521498364	0.739389246580139	0.565758150174961	0.721613238812524	17.7048226842083	raw_counts / DESeq2 median-of-ratios	0.16	0.382	9.645	17.213	9.645	17.213
MM_RS15350	0.278107565632738	0.485241452318517	0.566555096456487	0.722295745393691	556.801758686623	raw_counts / DESeq2 median-of-ratios	5.601	12.519	340.476	571.493	340.476	571.493
MM_RS02140	-0.259077323108708	0.452219775030891	0.566711485239405	0.722295745393691	739.377210117617	raw_counts / DESeq2 median-of-ratios	3.012	3.957	172.655	175.971	172.655	175.971
MM_RS18215	0.803626217514085	1.4058128319348	0.567562338056363	0.723113358777823	4.98661991985429	raw_counts / DESeq2 median-of-ratios	0.65	2.199	39.167	87.967	39.167	87.967
MM_RS16830	-0.366677839245496	0.6434934469592	0.568797255748969	0.724419513774683	37.6423059067271	raw_counts / DESeq2 median-of-ratios	0.436	0.518	24.641	22.922	24.641	22.922
MM_RS05725	-0.305919649970086	0.537497165747323	0.569250387288829	0.72472939096779	384.47225361056	raw_counts / DESeq2 median-of-ratios	6.001	9.369	369.288	411.768	369.288	411.768
MM_RS16260	0.74691756995621	1.31428241538119	0.569825662330076	0.725194486988977	6.59429251951447	raw_counts / DESeq2 median-of-ratios	0.051	0.13	2.797	5.293	2.797	5.293
MM_RS10485	-0.469311949647705	0.827463024994757	0.570598896828148	0.725911082741961	28.6694589188444	raw_counts / DESeq2 median-of-ratios	0.205	0.211	11.556	10.293	11.556	10.293
MM_RS05280	-0.270243249431176	0.478593269095551	0.572303945826444	0.727812160855868	328.690517243569	raw_counts / DESeq2 median-of-ratios	1.384	1.99	81.756	86.386	81.756	86.386
MM_RS10120	-0.492461345379358	0.87362830622447	0.572960600924158	0.728379063523019	258.605188308487	raw_counts / DESeq2 median-of-ratios	17.618	28.946	1153.588	1191.345	1153.588	1191.345
MM_RS07870	0.271310531965102	0.483418695616624	0.574638699175819	0.730243586075525	471.144443433842	raw_counts / DESeq2 median-of-ratios	1.519	3.331	91.359	145.478	91.359	145.478
MM_RS09440	-0.382130649429576	0.682016012974163	0.575277749891713	0.730786814316284	143.001319848833	raw_counts / DESeq2 median-of-ratios	0.611	0.681	34.477	32.929	34.477	32.929
MM_RS01540	-0.426032507940987	0.76234897647904	0.576269662065577	0.731777725284744	18.422833501236	raw_counts / DESeq2 median-of-ratios	0.396	0.552	24.336	24.792	24.336	24.792
MM_RS04375	-0.289545081689979	0.520062433080982	0.577697826743361	0.733321680842179	381.899212819598	raw_counts / DESeq2 median-of-ratios	1.224	1.873	74.889	86.126	74.889	86.126
MM_RS06245	-0.393875112328784	0.708449586454118	0.578232911458346	0.733636276136509	181.954871860453	raw_counts / DESeq2 median-of-ratios	2.097	2.196	115.192	97.525	115.192	97.525
MM_RS08555	-0.260567584972777	0.468843600705365	0.578370463207793	0.733636276136509	111.691223691604	raw_counts / DESeq2 median-of-ratios	1.484	2.019	86.214	91.016	86.214	91.016
MM_RS06965	0.314460643063751	0.566944943393392	0.579128494909694	0.734328128273893	298.06969983717	raw_counts / DESeq2 median-of-ratios	1.439	2.627	80.635	116.607	80.635	116.607
MM_RS09800	0.409051998556342	0.738364941691193	0.579580865535843	0.734574839140267	20.2129034218671	raw_counts / DESeq2 median-of-ratios	0.064	0.131	3.64	5.874	3.64	5.874
MM_RS11305	-0.349175491522504	0.630562659124401	0.579748410971733	0.734574839140267	241.010085750817	raw_counts / DESeq2 median-of-ratios	1.066	1.18	59.271	54.575	59.271	54.575
MM_RS18010	2.53955312722856	4.60125989805909	0.580999328569994	0.7350554661058	12.2564084770004	raw_counts / DESeq2 median-of-ratios	0.019	0.133	1.026	6.92	1.026	6.92
MM_RS14830	0.435431535909573	0.789333298795867	0.581191800212779	0.7350554661058	28.6123176711177	raw_counts / DESeq2 median-of-ratios	0.279	0.755	17.761	35.216	17.761	35.216
MM_RS01905	-0.36282720750249	0.657419684540884	0.581019699449899	0.7350554661058	2796.93629397992	raw_counts / DESeq2 median-of-ratios	11.334	18.842	726.377	839.333	726.377	839.333
MM_RS06340	0.265812897058715	0.481278904707525	0.580739189750403	0.7350554661058	341.965292777859	raw_counts / DESeq2 median-of-ratios	1.258	2.417	72.318	105.64	72.318	105.64
MM_RS08825	0.255323769124042	0.46251321519407	0.58092394966701	0.7350554661058	135.883135211846	raw_counts / DESeq2 median-of-ratios	0.644	1.341	38.29	59.985	38.29	59.985
MM_RS05840	0.251286213314647	0.456877353373113	0.582313865558821	0.736205011581321	531.849220588229	raw_counts / DESeq2 median-of-ratios	2.565	4.8	146.997	213.264	146.997	213.264
MM_RS00565	-0.829077243152989	1.51477198747083	0.584153355900782	0.737997651591244	6.5993636823595	raw_counts / DESeq2 median-of-ratios	0.127	0.115	7.232	4.449	7.232	4.449
MM_RS11860	-0.263922431291105	0.482307301978493	0.584235816177613	0.737997651591244	546.860611753511	raw_counts / DESeq2 median-of-ratios	3.755	4.868	215.564	225.585	215.564	225.585
MM_RS09210	0.240604856581439	0.439855657875101	0.584372778547207	0.737997651591244	474.650092435045	raw_counts / DESeq2 median-of-ratios	561.224	1152.33	33249.571	50729.119	33249.571	50729.119
MM_RS15810	0.293258636981897	0.537022359729368	0.58500906957638	0.738531186519304	58.5249177094593	raw_counts / DESeq2 median-of-ratios	0.453	0.91	26.245	40.17	26.245	40.17
MM_RS05610	-0.286260431067456	0.524511160416472	0.585226701602638	0.738535998295766	206.73877473069	raw_counts / DESeq2 median-of-ratios	0.938	1.446	57.165	63.37	57.165	63.37
MM_RS13380	0.261517069131434	0.479550643749041	0.585521245302503	0.738637830998848	154.5858975738	raw_counts / DESeq2 median-of-ratios	0.928	1.753	53.203	78.463	53.203	78.463
MM_RS06260	-0.269354614386827	0.496032778926397	0.587117566265193	0.740110975868605	74.7916489199239	raw_counts / DESeq2 median-of-ratios	0.68	0.929	39.762	42.12	39.762	42.12
MM_RS09080	-0.230775019138092	0.42488178269752	0.587025753215794	0.740110975868605	504.102240396874	raw_counts / DESeq2 median-of-ratios	1.67	2.491	99.355	111.287	99.355	111.287
MM_RS14340	0.420914716436989	0.7777457306296	0.588370865533167	0.741189742213282	26.8279242805785	raw_counts / DESeq2 median-of-ratios	0.327	0.652	18.152	28.104	18.152	28.104
MM_RS19415	-0.268199480180449	0.495607996898489	0.588402511044823	0.741189742213282	90.5007516522062	raw_counts / DESeq2 median-of-ratios	2.425	3.385	143.023	155.475	143.023	155.475
MM_RS04385	0.238698906611513	0.442608475378839	0.589679625936028	0.74252768063545	386.003145547152	raw_counts / DESeq2 median-of-ratios	1.035	2.12	61.285	93.329	61.285	93.329
MM_RS07885	0.229020923323909	0.425201421213242	0.590150815018036	0.742634755255163	766.094707909953	raw_counts / DESeq2 median-of-ratios	2.32	4.802	138.539	215.403	138.539	215.403
MM_RS10420	0.222706462459958	0.413526750481305	0.590194673762427	0.742634755255163	635.510464423197	raw_counts / DESeq2 median-of-ratios	1.866	3.629	109.362	165.234	109.362	165.234
MM_RS11130	-0.32302671161006	0.601647571861771	0.591334245110739	0.743797699421884	177.336415064254	raw_counts / DESeq2 median-of-ratios	4.942	7.885	309.729	358.345	309.729	358.345
MM_RS16040	0.321221464416656	0.599361736137392	0.592000553988718	0.744228331638962	599.719075138616	raw_counts / DESeq2 median-of-ratios	21.367	52.802	1336.455	2454.297	1336.455	2454.297
MM_RS17545	-0.226558311830783	0.422853481285693	0.592107543527466	0.744228331638962	276.758380780137	raw_counts / DESeq2 median-of-ratios	1.084	1.549	63.509	69.36	63.509	69.36
MM_RS16165	0.291334431175121	0.54469092874677	0.592745348081639	0.744758978637316	58.2618518085807	raw_counts / DESeq2 median-of-ratios	0.477	0.923	27.452	42.195	27.452	42.195
MM_RS10815	0.431597267207177	0.807893356325663	0.593185498723582	0.745040986396819	598.814344594929	raw_counts / DESeq2 median-of-ratios	2.326	7.289	154.513	329.372	154.513	329.372
MM_RS06210	-0.335037392173664	0.627583443757027	0.593443144722938	0.745093646627782	69.0781167208044	raw_counts / DESeq2 median-of-ratios	1.789	2.091	100.089	92.775	100.089	92.775
MM_RS16655	0.364601509313187	0.686449896167009	0.595321251007829	0.747180087565786	35.1819547596985	raw_counts / DESeq2 median-of-ratios	0.056	0.136	3.474	6.264	3.474	6.264
MM_RS03715	-0.289890679483175	0.546405456525233	0.595736659010553	0.747429865681965	968.271903137	raw_counts / DESeq2 median-of-ratios	1283.298	1873.675	77412.432	88689.992	77412.432	88689.992
MM_RS02480	-0.323495405135178	0.610327270761965	0.596086993842491	0.747597849212769	336.353209967433	raw_counts / DESeq2 median-of-ratios	2.195	2.993	130.724	144.427	130.724	144.427
MM_RS10010	0.355955077818791	0.673094459424065	0.596920771954465	0.748371813550171	3574.18824510741	raw_counts / DESeq2 median-of-ratios	15.343	29.314	860.397	1225.645	860.397	1225.645
MM_RS00385	0.253050475738034	0.479250122738979	0.597490051407637	0.748813729158918	203.941592938204	raw_counts / DESeq2 median-of-ratios	2.977	5.513	170.249	249.901	170.249	249.901
MM_RS16180	0.291455029023742	0.553179704458327	0.59828231379323	0.749534679666963	755.093121939514	raw_counts / DESeq2 median-of-ratios	1.463	3.539	90.984	157.376	90.984	157.376
MM_RS19225	0.510084745870469	0.969551753621321	0.598816171694479	0.749931492760236	8.84850344684058	raw_counts / DESeq2 median-of-ratios	0.157	0.403	9.614	18.179	9.614	18.179
MM_RS05745	0.253546002446281	0.482534104445359	0.599272624988807	0.749959292286717	341.797963677077	raw_counts / DESeq2 median-of-ratios	1.519	3.087	89.181	133.702	89.181	133.702
MM_RS01670	-0.251254943998012	0.478159762680436	0.599261832174095	0.749959292286717	651.037456064925	raw_counts / DESeq2 median-of-ratios	27.054	34.903	1539.554	1557.699	1539.554	1557.699
MM_RS12285	0.281602150049549	0.537265953940846	0.600181721868329	0.750824942895041	266.598043548976	raw_counts / DESeq2 median-of-ratios	1.339	2.431	75.454	108.319	75.454	108.319
MM_RS01900	0.268128043119953	0.512685886683873	0.600983314441542	0.75128352084006	90.8324746564469	raw_counts / DESeq2 median-of-ratios	0.508	1.038	29.775	45.312	29.775	45.312
MM_RS11455	0.239252595547318	0.457284971338592	0.600833409853315	0.75128352084006	155.760703788951	raw_counts / DESeq2 median-of-ratios	0.348	0.662	20.135	29.799	20.135	29.799
MM_RS11995	-0.233128567552762	0.44608372049547	0.601244503056879	0.751338101866303	1183.85585893334	raw_counts / DESeq2 median-of-ratios	4.59	7.076	276.355	315.508	276.355	315.508
MM_RS08930	-0.410184800786633	0.78709304856584	0.602270018223097	0.752148402296257	14.88024476838	raw_counts / DESeq2 median-of-ratios	0.875	1.046	50.767	48.491	50.767	48.491
MM_RS17470	0.308267438661947	0.591621682326598	0.602328454183974	0.752148402296257	160.38693686234	raw_counts / DESeq2 median-of-ratios	0.279	0.499	15.584	22.729	15.584	22.729
MM_RS11215	-0.254824185374564	0.490121299872257	0.603118881191562	0.752863251042883	347.760916504441	raw_counts / DESeq2 median-of-ratios	9.428	14.159	568.57	654.375	568.57	654.375
MM_RS01705	0.265704281732261	0.511535118310329	0.603464192982716	0.753022154104877	398.928315590347	raw_counts / DESeq2 median-of-ratios	2.202	4.533	130.828	213.23	130.828	213.23
MM_RS00615	0.312129634535757	0.603598657245504	0.605076212866088	0.754622317446632	403.715598762022	raw_counts / DESeq2 median-of-ratios	0.665	1.685	41.903	75.464	41.903	75.464
MM_RS14155	-0.228878137545574	0.442737872140052	0.605183502989916	0.754622317446632	409.548803748409	raw_counts / DESeq2 median-of-ratios	0.527	0.799	31.599	36.154	31.599	36.154
MM_RS07800	0.365409182111022	0.708493457423961	0.606025398528712	0.75539939607296	21.7934514836103	raw_counts / DESeq2 median-of-ratios	0.202	0.471	12.267	20.852	12.267	20.852
MM_RS14860	-0.539758909278325	1.04880647164661	0.606803843849051	0.755824189201089	44.3835746755759	raw_counts / DESeq2 median-of-ratios	0.356	0.33	19.146	13.745	19.146	13.745
MM_RS01330	-0.314247261339403	0.610586355969045	0.606787324619859	0.755824189201089	116.463641709923	raw_counts / DESeq2 median-of-ratios	1.878	2.185	105.267	101.424	105.267	101.424
MM_RS00860	0.362639122602999	0.705367357109577	0.607172399699831	0.756010623130215	24.0849283757018	raw_counts / DESeq2 median-of-ratios	0.214	0.52	13.137	23.123	13.137	23.123
MM_RS10315	0.509434540897825	0.992385391927643	0.607711095256831	0.756136211461489	7.79107442500358	raw_counts / DESeq2 median-of-ratios	0.038	0.087	2.178	3.929	2.178	3.929
MM_RS02615	0.244212796058964	0.475636403399687	0.607640570118018	0.756136211461489	98.9980625454441	raw_counts / DESeq2 median-of-ratios	0.487	0.953	28.48	43.276	28.48	43.276
MM_RS01455	0.306801456650099	0.600546228267406	0.60944161693077	0.757470797005715	107.287307589137	raw_counts / DESeq2 median-of-ratios	2.496	5.467	147.933	231.117	147.933	231.117
MM_RS02190	-0.245114748005039	0.479258092268277	0.609038625329619	0.757470797005715	267.232695806101	raw_counts / DESeq2 median-of-ratios	0.947	1.243	54.087	55.297	54.087	55.297
MM_RS08155	-0.243354915597415	0.476244838845152	0.609360168374014	0.757470797005715	111.03824987343	raw_counts / DESeq2 median-of-ratios	0.705	1.015	41.439	44.843	41.439	44.843
MM_RS12395	0.298872047283734	0.585418343583474	0.609682092512174	0.757497103430593	76.8746402105423	raw_counts / DESeq2 median-of-ratios	0.116	0.223	6.594	9.707	6.594	9.707
MM_RS09475	0.219189243331562	0.430409147900246	0.610571488538573	0.758329349662794	2027.35483061211	raw_counts / DESeq2 median-of-ratios	4.33	9.004	259.77	406.067	259.77	406.067
MM_RS14795	-0.383130226629729	0.753081865456532	0.610927630965307	0.7584989350662	62.3703695874345	raw_counts / DESeq2 median-of-ratios	0.975	1.028	53.995	48.96	53.995	48.96
MM_RS16020	-0.210797059337433	0.414607453685638	0.61115487640404	0.758508423679322	418.585387356273	raw_counts / DESeq2 median-of-ratios	1.912	2.798	112.458	124.975	112.458	124.975
MM_RS09725	-0.237582622572134	0.469513741338357	0.612843687307996	0.760331212629963	140.259905693375	raw_counts / DESeq2 median-of-ratios	1.367	1.973	80.918	90.424	80.918	90.424
MM_RS07775	0.24198556933338	0.478576052225742	0.61311178099176	0.76039069714382	983.539734355673	raw_counts / DESeq2 median-of-ratios	8.637	16.432	497.742	714.169	497.742	714.169
MM_RS09660	-0.302215190099602	0.598540818956632	0.613615073396726	0.760741731339659	397.369657715841	raw_counts / DESeq2 median-of-ratios	8.835	10.89	498.724	464.465	498.724	464.465
MM_RS13570	-0.234620786616497	0.465253693940487	0.614060622001858	0.761020950267104	1542.18675581577	raw_counts / DESeq2 median-of-ratios	12.912	17.033	737.061	755.606	737.061	755.606
MM_RS15015	-0.255357957373646	0.507501491721051	0.614846927373148	0.761722125949374	236.39965761517	raw_counts / DESeq2 median-of-ratios	1.641	2.451	98.887	113.843	98.887	113.843
MM_RS00495	0.249498782439056	0.49708665205265	0.615722310178741	0.762533115581704	95.2277832038699	raw_counts / DESeq2 median-of-ratios	0.625	1.21	36.377	55.612	36.377	55.612
MM_RS04925	0.269818695483279	0.539282571668881	0.616843456214712	0.763100751348716	90.0818628437868	raw_counts / DESeq2 median-of-ratios	0.559	1.229	33.688	53.646	33.688	53.646
MM_RS17010	0.244786979165847	0.488653748250998	0.616412240491432	0.763100751348716	428.525199193687	raw_counts / DESeq2 median-of-ratios	1.671	3.069	95.756	142.169	95.756	142.169
MM_RS07905	-0.217712479310179	0.434947041557607	0.616688283441818	0.763100751348716	205.637245406944	raw_counts / DESeq2 median-of-ratios	0.536	0.787	31.614	35.186	31.614	35.186
MM_RS09540	-0.25434900104467	0.511091122248559	0.618724542976075	0.764900855867391	318.360018019904	raw_counts / DESeq2 median-of-ratios	1.719	2.22	97.698	97.523	97.698	97.523
MM_RS17755	0.240006215606378	0.482598474635853	0.618962910292229	0.764900855867391	163.12381302749	raw_counts / DESeq2 median-of-ratios	0.547	1.17	33.006	52.366	33.006	52.366
MM_RS17400	-0.228364063095839	0.459138320581037	0.618924415437373	0.764900855867391	411.766300651209	raw_counts / DESeq2 median-of-ratios	3.823	5.887	230.415	266.939	230.415	266.939
MM_RS14945	-0.237030527273873	0.47744800598333	0.619574791842168	0.765139878668452	496.462736631131	raw_counts / DESeq2 median-of-ratios	1.465	2.28	88.875	103.83	88.875	103.83
MM_RS01315	0.22238974272137	0.447988681758779	0.619599374822136	0.765139878668452	249.195338524411	raw_counts / DESeq2 median-of-ratios	1.324	2.607	78.106	119.718	78.106	119.718
MM_RS16105	0.255754164260134	0.516227427004325	0.620297155577856	0.765727796771235	301.478783119561	raw_counts / DESeq2 median-of-ratios	1.126	2.055	63.823	90.586	63.823	90.586
MM_RS07550	0.244992291597431	0.495660028223896	0.621112076555995	0.766186111580145	662.618647891745	raw_counts / DESeq2 median-of-ratios	0.844	1.771	50.208	76.41	50.208	76.41
MM_RS15740	0.202633772887331	0.409772670669949	0.620951060679077	0.766186111580145	4176.48744919528	raw_counts / DESeq2 median-of-ratios	9.296	18.322	550.106	835.149	550.106	835.149
MM_RS16295	0.406853748062591	0.82877244966565	0.62348919521198	0.767897743740861	70.1893979867034	raw_counts / DESeq2 median-of-ratios	0.619	1.204	35.192	60.002	35.192	60.002
MM_RS06290	-0.251650740071669	0.512163436832958	0.623179977342143	0.767897743740861	1339.1822548644	raw_counts / DESeq2 median-of-ratios	4.568	7.366	281.056	329.193	281.056	329.193
MM_RS05900	-0.232668516456968	0.473100422247398	0.622864130620152	0.767897743740861	483.021812860075	raw_counts / DESeq2 median-of-ratios	2.601	3.561	151.074	165.769	151.074	165.769
MM_RS16510	0.218729105923231	0.4455548461786	0.623487283981742	0.767897743740861	242.202429050209	raw_counts / DESeq2 median-of-ratios	2.49	5.065	148.431	229.781	148.431	229.781
MM_RS05160	-0.21704387367906	0.442279862739304	0.623611225012482	0.767897743740861	885.462993251616	raw_counts / DESeq2 median-of-ratios	10.22	15.404	607.043	676.274	607.043	676.274
MM_RS07490	-0.262365096733252	0.535324868943767	0.624059994254704	0.768176486156717	127.431789658371	raw_counts / DESeq2 median-of-ratios	0.717	0.912	40.641	40.608	40.641	40.608
MM_RS16155	-0.439892084957641	0.898785802357192	0.624537813371928	0.768490775698839	1815.02250108452	raw_counts / DESeq2 median-of-ratios	23.724	38.037	1552.235	1885.982	1552.235	1885.982
MM_RS00305	-0.30353858396191	0.62149452911408	0.625265794443844	0.769112554846523	462.288385925175	raw_counts / DESeq2 median-of-ratios	5.106	8.568	323.106	379.544	323.106	379.544
MM_RS13695	-0.207539475668574	0.426119124265608	0.626225964543067	0.770019395347722	311.898228153448	raw_counts / DESeq2 median-of-ratios	0.762	1.127	44.918	50.112	44.918	50.112
MM_RS00595	0.720814445855641	1.48102050110546	0.626470099143914	0.770045452826719	3.73064844869937	raw_counts / DESeq2 median-of-ratios	0.136	0.464	8.555	19.248	8.555	19.248
MM_RS09615	-0.306641976640882	0.63261754369057	0.627875425079917	0.77122672053073	173.199687974614	raw_counts / DESeq2 median-of-ratios	0.751	1.255	47.477	55.848	47.477	55.848
MM_RS18135	-0.265414443628763	0.547566711743243	0.627877689094503	0.77122672053073	123.263630340663	raw_counts / DESeq2 median-of-ratios	0.536	0.758	31.34	32.421	31.34	32.421
MM_RS09865	0.562139129728097	1.16279023655588	0.628783463667448	0.771790363719746	5.65364945896485	raw_counts / DESeq2 median-of-ratios	0.073	0.17	4.253	8.03	4.253	8.03
MM_RS02415	-0.240110660783159	0.496562940870972	0.628708625196692	0.771790363719746	104.515283197908	raw_counts / DESeq2 median-of-ratios	1.172	1.601	67.552	70.822	67.552	70.822
MM_RS10995	-0.374712122538295	0.776251688996497	0.629294645361193	0.771869213450838	15.6208609007189	raw_counts / DESeq2 median-of-ratios	0.634	0.791	36.356	34.872	36.356	34.872
MM_RS10560	0.224575533441115	0.465134283188195	0.629224466513416	0.771869213450838	395.891307971837	raw_counts / DESeq2 median-of-ratios	3.793	7.686	225.948	355.438	225.948	355.438
MM_RS01075	0.269367317160198	0.558829503829653	0.629791332283641	0.772204210758855	154.252051720208	raw_counts / DESeq2 median-of-ratios	0.202	0.369	11.396	16.189	11.396	16.189
MM_RS04050	0.241164659724601	0.502754869758442	0.631450419381108	0.773963714883728	770.79670800286	raw_counts / DESeq2 median-of-ratios	1.796	3.81	108.404	177.591	108.404	177.591
MM_RS01125	-0.280157844437293	0.58500669109796	0.632012032872028	0.774377283270659	433.005839220289	raw_counts / DESeq2 median-of-ratios	57.081	68.278	3187.905	3016.841	3187.905	3016.841
MM_RS01195	0.384811092354356	0.80557346340064	0.632873774816142	0.775158162487572	20.3065833181994	raw_counts / DESeq2 median-of-ratios	0.108	0.217	6.226	10.473	6.226	10.473
MM_RS02450	0.215240285868309	0.45158702389365	0.633625044919522	0.775803227632764	3988.74641849112	raw_counts / DESeq2 median-of-ratios	16.087	33.425	967.427	1532.259	967.427	1532.259
MM_RS18545	0.622505447450624	1.30926558262847	0.634458030510612	0.776547851659693	4.07002826056219	raw_counts / DESeq2 median-of-ratios	0.493	1.215	28.514	55.721	28.514	55.721
MM_RS02305	-0.344783030576946	0.727785769222387	0.635683561276401	0.777772235440556	129.485738066416	raw_counts / DESeq2 median-of-ratios	0.642	0.823	37.781	40.646	37.781	40.646
MM_RS01630	0.274976812021093	0.58174042511464	0.636441806748062	0.778424221142991	151.674971373265	raw_counts / DESeq2 median-of-ratios	0.775	1.384	43.751	64.654	43.751	64.654
MM_RS15880	-0.309972808780362	0.65771337909558	0.637434665057689	0.779362595790887	48.2820105476582	raw_counts / DESeq2 median-of-ratios	0.189	0.223	10.55	10.011	10.55	10.011
MM_RS19605	-0.246035270077622	0.523881076796881	0.638612567316363	0.780502775972922	65.6253607531435	raw_counts / DESeq2 median-of-ratios	9.058	13.297	536.542	585.84	536.542	585.84
MM_RS12475	0.245901290636943	0.52391828795163	0.638819151035162	0.780502775972922	164.339104051141	raw_counts / DESeq2 median-of-ratios	1.357	2.436	76.844	109.667	76.844	109.667
MM_RS07240	0.18953821746008	0.404342217280465	0.639243387193169	0.780744929054174	1689.75112503802	raw_counts / DESeq2 median-of-ratios	10.634	19.848	619.181	899.367	619.181	899.367
MM_RS03850	0.333507519513436	0.712397738498263	0.63967881262969	0.781000572224443	27.5696790729065	raw_counts / DESeq2 median-of-ratios	0.111	0.217	6.382	10.328	6.382	10.328
MM_RS02440	0.218150351503184	0.466818881521666	0.640276233426903	0.781453749207252	124.112537343491	raw_counts / DESeq2 median-of-ratios	0.881	1.712	51.473	75.887	51.473	75.887
MM_RS05235	0.203201528875	0.436388959156064	0.641470952353653	0.78263534773208	202.083743666902	raw_counts / DESeq2 median-of-ratios	1.619	3.178	95.639	143.643	95.639	143.643
MM_RS06235	0.279278267788983	0.603796338849801	0.643696132072943	0.784630804708377	76.3220709963979	raw_counts / DESeq2 median-of-ratios	0.987	1.796	55.476	78.99	55.476	78.99
MM_RS02405	-0.219450476376036	0.474241537723898	0.643550822869011	0.784630804708377	1256.04228206357	raw_counts / DESeq2 median-of-ratios	45.249	72.106	2746.712	3197.895	2746.712	3197.895
MM_RS01415	-0.189663816256058	0.410164553797809	0.643787985102357	0.784630804708377	657.51309960016	raw_counts / DESeq2 median-of-ratios	3.402	5.108	200.865	228.149	200.865	228.149
MM_RS08225	0.217084403869404	0.470356540727615	0.644417259854715	0.785120710948213	1135.39376009802	raw_counts / DESeq2 median-of-ratios	5.121	9.608	297.714	448.027	297.714	448.027
MM_RS10210	0.18956191046084	0.413218792836396	0.646417546389071	0.787280044156506	1202.11698541053	raw_counts / DESeq2 median-of-ratios	3.562	6.679	207.254	296.619	207.254	296.619
MM_RS16475	0.253549693869345	0.553762962660312	0.647048116758379	0.787754934369412	388.465003554211	raw_counts / DESeq2 median-of-ratios	1.223	2.158	68.662	95.366	68.662	95.366
MM_RS17285	0.222930923782857	0.487209433824831	0.647263608494612	0.787754934369412	86.8072344217104	raw_counts / DESeq2 median-of-ratios	0.575	1.093	33.412	49.412	33.412	49.412
MM_RS19630	0.267269929867564	0.585589602041155	0.648093973399367	0.788273912924683	43.3494122382803	raw_counts / DESeq2 median-of-ratios	0.63	1.22	36.629	56.602	36.629	56.602
MM_RS07145	0.238928237050269	0.523576590766906	0.648146471542009	0.788273912924683	298.344467392566	raw_counts / DESeq2 median-of-ratios	1.116	2.195	64.913	94.019	64.913	94.019
MM_RS06735	0.200368825541675	0.439604321448803	0.648538424286773	0.788472973420104	430.46555443129	raw_counts / DESeq2 median-of-ratios	1.21	2.275	70.204	100.349	70.204	100.349
MM_RS12630	1.51542990168278	3.33267005313446	0.649311084480367	0.788524593864465	406.939460550247	raw_counts / DESeq2 median-of-ratios	0.87	3.143	46.358	128.107	46.358	128.107
MM_RS16430	0.332070065309641	0.731574107898945	0.649892364098122	0.788524593864465	19.2896784361026	raw_counts / DESeq2 median-of-ratios	0.048	0.096	2.779	4.428	2.779	4.428
MM_RS18575	-0.276291059321364	0.608797560253556	0.649950642365991	0.788524593864465	33.3205091420499	raw_counts / DESeq2 median-of-ratios	5.084	7.455	304.616	332.991	304.616	332.991
MM_RS07925	-0.253102685953946	0.557113781812396	0.649605301364262	0.788524593864465	303.273671663331	raw_counts / DESeq2 median-of-ratios	372.889	603.682	23084.911	27712.277	23084.911	27712.277
MM_RS14760	0.239431662320486	0.526237848852568	0.649118205601265	0.788524593864465	305.370606009008	raw_counts / DESeq2 median-of-ratios	4.936	8.953	282.431	419.238	282.431	419.238
MM_RS08835	-0.236619079283023	0.520598150222913	0.649459012232904	0.788524593864465	172.709300563901	raw_counts / DESeq2 median-of-ratios	5.806	7.447	329.263	338.941	329.263	338.941
MM_RS06240	0.339896431128983	0.751428540484727	0.65102862182612	0.789555077172549	79.0035124074994	raw_counts / DESeq2 median-of-ratios	0.583	1.017	31.964	45.002	31.964	45.002
MM_RS14420	0.22477237292426	0.497539864013228	0.651436438199838	0.789772361369688	193.8765428312	raw_counts / DESeq2 median-of-ratios	0.866	1.863	52.42	82.282	52.42	82.282
MM_RS09870	0.206904396944815	0.458441143436451	0.651757768949245	0.78988467857919	123.975859688158	raw_counts / DESeq2 median-of-ratios	1.301	2.517	76.411	114.089	76.411	114.089
MM_RS12340	-0.202265886236047	0.448708550286832	0.652152862646276	0.790086281157572	372.927306417177	raw_counts / DESeq2 median-of-ratios	0.702	0.963	40.394	43.843	40.394	43.843
MM_RS09895	0.221826158571201	0.49251015341357	0.652422651743285	0.790135988471706	80.2679279565845	raw_counts / DESeq2 median-of-ratios	0.751	1.43	43.635	64.402	43.635	64.402
MM_RS03445	0.226731737567661	0.504473214950186	0.653112428997718	0.790694121892085	82.3726445734102	raw_counts / DESeq2 median-of-ratios	0.515	0.96	29.689	43.615	29.689	43.615
MM_RS00395	-0.403391859656348	0.898254436872532	0.653370930219129	0.790729920454404	1929.62687668661	raw_counts / DESeq2 median-of-ratios	19.386	18.74	1053.066	916.63	1053.066	916.63
MM_RS07285	0.201845549065465	0.451517698255275	0.654847654731682	0.792239509437208	919.055297749897	raw_counts / DESeq2 median-of-ratios	3.76	6.965	217.012	305.714	217.012	305.714
MM_RS00855	-0.308689112912894	0.696417085184938	0.657582590799521	0.79499134358472	23.6073918407321	raw_counts / DESeq2 median-of-ratios	0.189	0.27	11.239	11.697	11.239	11.697
MM_RS01060	0.236467080551174	0.533442378137162	0.657559501075163	0.79499134358472	52.8252932483365	raw_counts / DESeq2 median-of-ratios	2.63	5.175	153.613	230.25	153.613	230.25
MM_RS10680	0.247809464962611	0.561322146142433	0.658869452329899	0.796268400401495	1449.91410167238	raw_counts / DESeq2 median-of-ratios	3.223	7.625	201.227	342.779	201.227	342.779
MM_RS18305	0.333381941935221	0.75656649421052	0.659465522425415	0.796710008554524	16.6588217321483	raw_counts / DESeq2 median-of-ratios	6.703	13.316	383.017	599.534	383.017	599.534
MM_RS13425	0.316417641758905	0.719649044878735	0.660166524834313	0.796999362732512	380.113326079432	raw_counts / DESeq2 median-of-ratios	1.63	3.22	94.84	159.096	94.84	159.096
MM_RS00310	-0.224812232322317	0.511134495274046	0.660060312514593	0.796999362732512	2292.41695556052	raw_counts / DESeq2 median-of-ratios	7.666	12.59	471.227	559.007	471.227	559.007
MM_RS16170	-0.202651607523662	0.461743028835998	0.660745621992143	0.797419768819309	335.737387174803	raw_counts / DESeq2 median-of-ratios	5.119	6.948	293.531	316.158	293.531	316.158
MM_RS08495	0.565760957338211	1.29849299863783	0.663050182217304	0.799568379620361	6.70751829098894	raw_counts / DESeq2 median-of-ratios	0.039	0.075	2.115	3.702	2.115	3.702
MM_RS19085	0.474174094075364	1.08887590876849	0.663220442273403	0.799568379620361	9.35579306972836	raw_counts / DESeq2 median-of-ratios	4.851	9.388	270.555	460.661	270.555	460.661
MM_RS07685	-0.228020731735952	0.523513425585482	0.6631570732414	0.799568379620361	1553.24506154263	raw_counts / DESeq2 median-of-ratios	7.468	9.45	421.493	433.186	421.493	433.186
MM_RS19300	-0.269334309094373	0.618985817992228	0.663473919936499	0.799584421497462	41.3504395224987	raw_counts / DESeq2 median-of-ratios	0.138	0.175	7.803	7.791	7.803	7.791
MM_RS17515	-0.218969371087086	0.503592072283231	0.663696738978929	0.799584421497462	445.961471976428	raw_counts / DESeq2 median-of-ratios	2.344	3.168	135.209	148.419	135.209	148.419
MM_RS05585	-0.208609181905212	0.480303840885631	0.664050613499316	0.799731805797293	1662.82821326346	raw_counts / DESeq2 median-of-ratios	6.534	9.827	389.696	458.657	389.696	458.657
MM_RS06565	0.207893354084342	0.479822075331675	0.664817353051693	0.800376137135081	103.066593529465	raw_counts / DESeq2 median-of-ratios	0.772	1.454	44.926	66.289	44.926	66.289
MM_RS14570	0.186692853121585	0.43208891348501	0.665690207774174	0.801147727404877	617.940206967933	raw_counts / DESeq2 median-of-ratios	2.2	4.425	131.272	196.748	131.272	196.748
MM_RS06250	-0.295437989096246	0.684803913032202	0.666163132358416	0.801437638162998	55.4864996833555	raw_counts / DESeq2 median-of-ratios	0.551	0.705	31.151	29.793	31.151	29.793
MM_RS06885	0.203780426183757	0.474283599239497	0.66744339111547	0.802698284440401	211.323706035042	raw_counts / DESeq2 median-of-ratios	3.604	6.875	209.625	300.265	209.625	300.265
MM_RS05670	-0.195759060138438	0.455989578718179	0.667700554061682	0.802728059077288	454.999423904752	raw_counts / DESeq2 median-of-ratios	2.95	4.655	177.42	206.732	177.42	206.732
MM_RS13595	0.272901262778154	0.636823219198916	0.668261400745641	0.802875864529928	310.813358521074	raw_counts / DESeq2 median-of-ratios	4.023	6.838	222.732	306.454	222.732	306.454
MM_RS10515	-0.25283821794024	0.59005656744361	0.668288393318918	0.802875864529928	276.92480391531	raw_counts / DESeq2 median-of-ratios	1.831	3.09	114.794	138.546	114.794	138.546
MM_RS05700	0.38354913242724	0.90351238247586	0.671194647565188	0.803015695424371	11.3535631372769	raw_counts / DESeq2 median-of-ratios	0.191	0.382	10.688	16.986	10.688	16.986
MM_RS00040	-0.315676560983158	0.740275948836539	0.669793867845902	0.803015695424371	23.8107811227915	raw_counts / DESeq2 median-of-ratios	0.099	0.125	5.605	5.428	5.605	5.428
MM_RS01730	-0.281587435411626	0.65872013437481	0.669032234088925	0.803015695424371	24.6342403137131	raw_counts / DESeq2 median-of-ratios	0.133	0.175	7.675	7.981	7.675	7.981
MM_RS04325	0.275639503445891	0.646094984082776	0.669653352860125	0.803015695424371	930.634517828959	raw_counts / DESeq2 median-of-ratios	5.038	12.525	316.256	534.371	316.256	534.371
MM_RS16680	0.259791782209905	0.609717496009813	0.670045547863324	0.803015695424371	47.2338626876314	raw_counts / DESeq2 median-of-ratios	0.732	1.352	42.016	63.301	42.016	63.301
MM_RS04305	0.24466683505084	0.575820919841108	0.670908908457844	0.803015695424371	37.735104455001	raw_counts / DESeq2 median-of-ratios	0.771	1.502	44.903	67.777	44.903	67.777
MM_RS07935	0.235173310439657	0.553089930438217	0.670691580022471	0.803015695424371	431.882992496525	raw_counts / DESeq2 median-of-ratios	3.816	6.583	213.98	294.861	213.98	294.861
MM_RS04105	-0.220488219255529	0.517766145972765	0.670220660691383	0.803015695424371	9025.72987577195	raw_counts / DESeq2 median-of-ratios	18.305	30.265	1125.826	1335.394	1125.826	1335.394
MM_RS14310	-0.218353456377673	0.512191349652751	0.669880319041841	0.803015695424371	774.42149650548	raw_counts / DESeq2 median-of-ratios	0.762	0.985	43.06	43.759	43.06	43.759
MM_RS14215	0.196829866085631	0.463372334099827	0.67099931484991	0.803015695424371	141.029375795535	raw_counts / DESeq2 median-of-ratios	0.546	1.005	31.561	45.491	31.561	45.491
MM_RS13110	-0.190340833488682	0.446717032390886	0.670043615314739	0.803015695424371	160.713097460143	raw_counts / DESeq2 median-of-ratios	1.475	2.145	86.348	97.411	86.348	97.411
MM_RS02550	0.172273883824751	0.405098327415771	0.670643966246223	0.803015695424371	763.930905428153	raw_counts / DESeq2 median-of-ratios	3.19	6.075	187.782	274.773	187.782	274.773
MM_RS11265	0.274691109951451	0.6481562372739	0.671708868766926	0.803352642908921	326.606571108075	raw_counts / DESeq2 median-of-ratios	1.715	2.933	95.668	138.76	95.668	138.76
MM_RS18500	0.373476802111613	0.88227338502397	0.67206773036988	0.803465663110798	12.392037515999	raw_counts / DESeq2 median-of-ratios	1.221	3.034	76.035	135.731	76.035	135.731
MM_RS16500	0.264599545300486	0.625601210539499	0.672329976639804	0.803465663110798	55.3109112425046	raw_counts / DESeq2 median-of-ratios	1.451	2.575	81.361	116.4	81.361	116.4
MM_RS00995	0.256968750962617	0.608814953045814	0.672966463051401	0.803465663110798	59.3596071341937	raw_counts / DESeq2 median-of-ratios	0.962	1.708	54.139	77.917	54.139	77.917
MM_RS01790	-0.195770451909172	0.463753915635247	0.672920670622152	0.803465663110798	116.269093515293	raw_counts / DESeq2 median-of-ratios	0.196	0.281	11.449	12.73	11.449	12.73
MM_RS09490	0.178252508807313	0.421687504353957	0.672505156217953	0.803465663110798	446.588316743152	raw_counts / DESeq2 median-of-ratios	3.31	6.332	194.323	280.733	194.323	280.733
MM_RS16730	0.308198645130273	0.730851250230681	0.673245330009804	0.803520860350333	18.9749412575247	raw_counts / DESeq2 median-of-ratios	0.331	0.649	18.886	28.873	18.886	28.873
MM_RS07990	-0.168130150912142	0.399590021921472	0.673932804343932	0.804063525459047	3883.90419162091	raw_counts / DESeq2 median-of-ratios	20.49	31.139	1208.428	1389.372	1208.428	1389.372
MM_RS12625	0.234243626354397	0.558399103216893	0.674857032292965	0.804888186995822	258.819908166781	raw_counts / DESeq2 median-of-ratios	0.398	0.688	22.311	30.708	22.311	30.708
MM_RS05290	0.293619326598281	0.701067778900546	0.675349647597258	0.805197681325829	266.094212890184	raw_counts / DESeq2 median-of-ratios	1.119	2.977	72.296	133.554	72.296	133.554
MM_RS13180	0.210767289734317	0.50449941510018	0.676111563433815	0.805827929641269	77.5760038120084	raw_counts / DESeq2 median-of-ratios	1.965	3.995	117.352	179.699	117.352	179.699
MM_RS07210	0.345411012843734	0.831014437016125	0.677666255035138	0.807043042211754	25.2301952718026	raw_counts / DESeq2 median-of-ratios	0.234	0.427	12.887	18.543	12.887	18.543
MM_RS01165	0.248751552989126	0.599480303625539	0.678181924156154	0.807043042211754	41.1036083335087	raw_counts / DESeq2 median-of-ratios	0.078	0.143	4.442	6.501	4.442	6.501
MM_RS15790	0.230611629923065	0.555978799050514	0.678299349027424	0.807043042211754	131.538583612236	raw_counts / DESeq2 median-of-ratios	1.519	3.193	90.564	136.67	90.564	136.67
MM_RS11685	-0.223367441923806	0.538486437581436	0.678283877018963	0.807043042211754	56.5438976987757	raw_counts / DESeq2 median-of-ratios	0.495	0.675	28.533	30.681	28.533	30.681
MM_RS04155	-0.221483364451147	0.533293767526347	0.677913430875026	0.807043042211754	59.0307918140886	raw_counts / DESeq2 median-of-ratios	0.813	1.232	48.545	54.78	48.545	54.78
MM_RS16470	-0.197344928823798	0.477303941162344	0.679271401186255	0.807921287774561	798.967857911924	raw_counts / DESeq2 median-of-ratios	12.761	20.608	776.121	933.464	776.121	933.464
MM_RS15755	-0.228699161069929	0.554412484368233	0.679967678705468	0.808471036918652	54.2605386120494	raw_counts / DESeq2 median-of-ratios	0.142	0.19	8.139	8.568	8.139	8.568
MM_RS01770	0.219043397954548	0.531675242923122	0.680348800582391	0.808645821476799	120.900025916666	raw_counts / DESeq2 median-of-ratios	0.776	1.687	47.475	76.212	47.475	76.212
MM_RS06860	0.228446118260584	0.556698494848342	0.681542774990219	0.809732500363478	319.056381811915	raw_counts / DESeq2 median-of-ratios	3.895	6.851	219.433	299.27	219.433	299.27
MM_RS16135	-0.217643906460316	0.530708198464933	0.681731937190792	0.809732500363478	275.877198333127	raw_counts / DESeq2 median-of-ratios	1.828	3.011	112.581	135.751	112.581	135.751
MM_RS17125	0.22425200075188	0.550531507596207	0.683760293714203	0.81186251443412	73.4446709830721	raw_counts / DESeq2 median-of-ratios	5.358	11.463	325.944	521.117	325.944	521.117
MM_RS12210	0.217013742010916	0.534180254207745	0.684554774415026	0.812247403239265	502.454000369576	raw_counts / DESeq2 median-of-ratios	3.141	5.404	176.67	242.021	176.67	242.021
MM_RS18520	0.207657248448809	0.51106461062518	0.684505370440023	0.812247403239265	103.180506426469	raw_counts / DESeq2 median-of-ratios	1.735	3.123	99.065	140.083	99.065	140.083
MM_RS08880	0.18289809546131	0.450610344269975	0.684823649666115	0.812287392152047	600.32102391863	raw_counts / DESeq2 median-of-ratios	2.263	4.333	133.468	200.547	133.468	200.547
MM_RS06425	-0.166010051860604	0.410173023756472	0.685674690333279	0.813017638314846	4820.45605915813	raw_counts / DESeq2 median-of-ratios	41.762	62.99	2453.119	2785.688	2453.119	2785.688
MM_RS07255	-0.178743622338756	0.442532587505758	0.686278429030335	0.813454253215778	511.472854147984	raw_counts / DESeq2 median-of-ratios	3.083	4.347	177.602	193.061	177.602	193.061
MM_RS15870	0.303622270011208	0.75327495632292	0.686896989851278	0.813908131370948	18.0715641617404	raw_counts / DESeq2 median-of-ratios	0.063	0.119	3.582	5.435	3.582	5.435
MM_RS10600	-0.220086186666666	0.549730777038533	0.688896776366092	0.815997759111276	65.5871622497245	raw_counts / DESeq2 median-of-ratios	0.655	1.029	39.579	45.51	39.579	45.51
MM_RS15675	-0.203369360742571	0.50856364643407	0.689237763687152	0.81612178120515	274.137272744808	raw_counts / DESeq2 median-of-ratios	328.218	525.305	19981.049	24130.999	19981.049	24130.999
MM_RS19220	0.330291875942829	0.831888512671957	0.691338973743419	0.818329271867638	14.7445297592754	raw_counts / DESeq2 median-of-ratios	0.479	1.02	27.709	43.423	27.709	43.423
MM_RS14410	0.183073323795686	0.461716364561832	0.691731758578512	0.818513701312155	191.644032073513	raw_counts / DESeq2 median-of-ratios	0.799	1.591	47.496	70.213	47.496	70.213
MM_RS15115	0.211287605204272	0.533367958005624	0.692002826723744	0.818554028597196	458.473626137553	raw_counts / DESeq2 median-of-ratios	1.579	3.436	96.81	158.98	96.81	158.98
MM_RS19165	-0.410343255298975	1.03924333430133	0.692954994875813	0.81939970979153	7.0858728766134	raw_counts / DESeq2 median-of-ratios	2.825	3.768	170.504	170.651	170.504	170.651
MM_RS03585	-0.433261654222541	1.10639639175578	0.69535590709866	0.821186393780313	99.4330542767176	raw_counts / DESeq2 median-of-ratios	0.974	0.902	52.096	40.025	52.096	40.025
MM_RS03260	-0.296796899254952	0.7569608044555	0.69499158186674	0.821186393780313	19.0001495275393	raw_counts / DESeq2 median-of-ratios	0.144	0.179	8.137	7.89	8.137	7.89
MM_RS19370	-0.26356206582131	0.673968985800223	0.695753155912323	0.821186393780313	2548.34604208688	raw_counts / DESeq2 median-of-ratios	557.848	1001.844	35922.463	45145.565	35922.463	45145.565
MM_RS16425	-0.23343073312938	0.598173455489346	0.696359674491589	0.821186393780313	88.7414070886639	raw_counts / DESeq2 median-of-ratios	0.432	0.542	24.242	24.25	24.242	24.25
MM_RS02300	-0.23015933908312	0.590780837656018	0.696843462701244	0.821186393780313	356.059211175408	raw_counts / DESeq2 median-of-ratios	6.575	8.116	366.85	359.383	366.85	359.383
MM_RS15590	-0.221630493547296	0.566332832440757	0.69554358310458	0.821186393780313	150.693853848273	raw_counts / DESeq2 median-of-ratios	0.902	1.168	51.331	54.839	51.331	54.839
MM_RS08060	0.219603431702095	0.561944876166015	0.695951160241459	0.821186393780313	830.048525775983	raw_counts / DESeq2 median-of-ratios	3.283	7.532	203.414	328.879	203.414	328.879
MM_RS09835	-0.203904596649933	0.520580683552022	0.695289623709095	0.821186393780313	2749.62936718045	raw_counts / DESeq2 median-of-ratios	3515.052	5624.927	214069.347	262259.366	214069.347	262259.366
MM_RS02535	-0.1890467963631	0.484531559889606	0.696415242234596	0.821186393780313	474.407755655314	raw_counts / DESeq2 median-of-ratios	1.336	2.18	81.199	96.781	81.199	96.781
MM_RS06085	0.177951896681279	0.45657464252829	0.696718294100503	0.821186393780313	471.180012209347	raw_counts / DESeq2 median-of-ratios	1.43	2.931	86.249	132.161	86.249	132.161
MM_RS10090	0.292048207242335	0.752142077132115	0.697802459749846	0.821357804343834	22.9960255581434	raw_counts / DESeq2 median-of-ratios	0.513	0.932	29.04	43.948	29.04	43.948
MM_RS18050	0.234640369884734	0.604307411198288	0.697808973027774	0.821357804343834	83.9231723119078	raw_counts / DESeq2 median-of-ratios	0.316	0.607	18.555	28.985	18.555	28.985
MM_RS17100	-0.181762420292388	0.467435245905282	0.697386755165742	0.821357804343834	627.048852103542	raw_counts / DESeq2 median-of-ratios	0.831	1.341	50.329	60.773	50.329	60.773
MM_RS09530	-0.16221587504873	0.417971636351987	0.697940114577057	0.821357804343834	405.547329271724	raw_counts / DESeq2 median-of-ratios	2.789	4.081	162.315	184.228	162.315	184.228
MM_RS06715	0.218034455828532	0.563243925369238	0.698678586447211	0.821769937785463	496.679975391119	raw_counts / DESeq2 median-of-ratios	5.034	8.635	282.368	379.922	282.368	379.922
MM_RS02005	0.176631666864001	0.45642842614221	0.698766157288913	0.821769937785463	425.278278556638	raw_counts / DESeq2 median-of-ratios	2.247	3.965	128.777	179.718	128.777	179.718
MM_RS07055	0.156903562200005	0.407447408018789	0.700171391505142	0.823142268978475	567.218769593203	raw_counts / DESeq2 median-of-ratios	3.353	6.309	197.239	284.77	197.239	284.77
MM_RS14075	-0.176254450260752	0.460260213084528	0.701760378864415	0.824729618440861	138.607811969813	raw_counts / DESeq2 median-of-ratios	0.378	0.582	22.46	26.001	22.46	26.001
MM_RS06585	-0.263497347364933	0.688904274045231	0.702099719432302	0.824847765618765	905.776882030905	raw_counts / DESeq2 median-of-ratios	8.09	9.17	445.043	422.652	445.043	422.652
MM_RS13080	-0.213307386237867	0.561537915155082	0.704047234033295	0.826854521030602	600.542017435648	raw_counts / DESeq2 median-of-ratios	16.456	27.838	1023.871	1273.137	1023.871	1273.137
MM_RS00525	-0.196339912131096	0.517520680750852	0.704401516211817	0.826989407544397	90.348884128225	raw_counts / DESeq2 median-of-ratios	1.514	2.176	87.705	95.018	87.705	95.018
MM_RS13005	0.260275183977616	0.689805068877839	0.705938034911364	0.828511713416191	743.991891826386	raw_counts / DESeq2 median-of-ratios	12.569	20.616	694.082	970.692	694.082	970.692
MM_RS11640	0.242526522021324	0.644225963991696	0.706573544786321	0.828975891199712	25.5045933489556	raw_counts / DESeq2 median-of-ratios	0.562	1.147	33.362	51.675	33.362	51.675
MM_RS12260	-0.154585807362953	0.412142030877846	0.707601738665819	0.829900307419945	1090.76997179942	raw_counts / DESeq2 median-of-ratios	9.254	13.584	538.752	618.233	538.752	618.233
MM_RS16495	0.253798265182346	0.679957447143544	0.70895784604255	0.83064464051254	28.3520538984773	raw_counts / DESeq2 median-of-ratios	0.158	0.284	8.907	12.919	8.907	12.919
MM_RS06870	0.214389227536221	0.574318151653732	0.708930020653587	0.83064464051254	542.623394485697	raw_counts / DESeq2 median-of-ratios	2.971	5.077	166.49	222.186	166.49	222.186
MM_RS09465	0.196235272835442	0.524970654469654	0.70855135892745	0.83064464051254	3572.34298142399	raw_counts / DESeq2 median-of-ratios	180.644	386.953	11054.021	17975.61	11054.021	17975.61
MM_RS12215	-0.238484961891996	0.640665686692479	0.709710022164024	0.831243952714323	40.8302894403781	raw_counts / DESeq2 median-of-ratios	1.453	1.871	81.913	82.956	81.913	82.956
MM_RS15310	-0.209832032160922	0.566321843962413	0.710997099852263	0.832469146742277	152.362148442507	raw_counts / DESeq2 median-of-ratios	1.459	2.426	90.267	110.964	90.267	110.964
MM_RS12415	0.165548675549133	0.447829843001646	0.71162935659759	0.832927074784166	247.098753409441	raw_counts / DESeq2 median-of-ratios	2.931	5.504	172.393	252.852	172.393	252.852
MM_RS10470	0.193314073479997	0.524956046756757	0.712688238199598	0.833883866782321	267.864654999663	raw_counts / DESeq2 median-of-ratios	0.467	1.018	28.639	45.11	28.639	45.11
MM_RS10430	-0.181237192873453	0.49539895163079	0.714483806739418	0.835701682518777	1885.28782512237	raw_counts / DESeq2 median-of-ratios	10.772	17.909	659.443	812.786	659.443	812.786
MM_RS01065	0.222265864979858	0.611408464601556	0.716208340016064	0.837435208671457	736.810324740627	raw_counts / DESeq2 median-of-ratios	1.972	3.557	111.835	150.062	111.835	150.062
MM_RS18865	-0.196727710310564	0.543309008476874	0.717283467623371	0.838408493120515	269.119502087638	raw_counts / DESeq2 median-of-ratios	52.63	72.754	3048.241	3447.449	3048.241	3447.449
MM_RS19420	-0.401902467789053	1.11988082610788	0.719685104573722	0.840427097300275	10.9555201046898	raw_counts / DESeq2 median-of-ratios	2.859	4.775	190.57	221.737	190.57	221.737
MM_RS13210	-0.209268790215156	0.583766098982814	0.719983723483357	0.840427097300275	55.7446960304471	raw_counts / DESeq2 median-of-ratios	0.491	0.686	28.693	32.247	28.693	32.247
MM_RS15620	-0.182501424829268	0.507920236744315	0.719362303917084	0.840427097300275	336.341886018216	raw_counts / DESeq2 median-of-ratios	31.486	46.756	1839.544	2008.961	1839.544	2008.961
MM_RS05875	-0.173531220695947	0.483854331219178	0.719861785213858	0.840427097300275	144.807093025747	raw_counts / DESeq2 median-of-ratios	0.677	0.942	38.859	42.899	38.859	42.899
MM_RS08490	0.339106487631951	0.950210385373747	0.721185262875723	0.841363570842702	11.1739753310738	raw_counts / DESeq2 median-of-ratios	0.112	0.206	6.181	9.234	6.181	9.234
MM_RS16765	0.265868712357677	0.745235990867386	0.721273171182756	0.841363570842702	16.486406395008	raw_counts / DESeq2 median-of-ratios	0.083	0.171	4.888	7.588	4.888	7.588
MM_RS09140	0.176078953765484	0.494093784380152	0.721565384674304	0.841420269637085	636.197595772332	raw_counts / DESeq2 median-of-ratios	3.375	5.773	191.68	263.958	191.68	263.958
MM_RS06140	-0.17290615708146	0.487201825692576	0.722667231580513	0.84242072827509	299.628030929837	raw_counts / DESeq2 median-of-ratios	1.362	2.239	82.714	99.768	82.714	99.768
MM_RS13205	0.205414601788723	0.580630436504028	0.723504839685901	0.842516313015701	48.9856225394399	raw_counts / DESeq2 median-of-ratios	1.987	3.852	115.704	167.101	115.704	167.101
MM_RS10675	-0.195964440617614	0.553338284329727	0.72322689610101	0.842516313015701	613.891907192738	raw_counts / DESeq2 median-of-ratios	2.713	4.503	165.556	193.639	165.556	193.639
MM_RS03060	-0.166568994266082	0.471105071404593	0.723660565088684	0.842516313015701	491.622565416373	raw_counts / DESeq2 median-of-ratios	2.915	4.534	174.09	210.101	174.09	210.101
MM_RS14125	0.157249942051078	0.444856146916578	0.723724927827905	0.842516313015701	180.759505690402	raw_counts / DESeq2 median-of-ratios	0.596	1.081	34.608	48.617	34.608	48.617
MM_RS15120	0.248259569156256	0.704577758402852	0.724574096176798	0.843220663138363	24.0576580912576	raw_counts / DESeq2 median-of-ratios	0.254	0.468	14.612	21.941	14.612	21.941
MM_RS03725	-0.218426771493889	0.620661856118936	0.72489408953328	0.84330892059547	328.941963947944	raw_counts / DESeq2 median-of-ratios	1.221	1.57	68.582	67	68.582	67
MM_RS12155	0.246669558822749	0.70386811678359	0.726002098201189	0.8440663091172	21.0736157799052	raw_counts / DESeq2 median-of-ratios	0.195	0.363	11.199	16.631	11.199	16.631
MM_RS01740	0.209601988162796	0.598168608138926	0.726033875039722	0.8440663091172	34.2203644409677	raw_counts / DESeq2 median-of-ratios	0.071	0.141	4.17	6.233	4.17	6.233
MM_RS19315	-0.274442795273685	0.783965992094768	0.726286336548194	0.844075708760922	15.4066868703467	raw_counts / DESeq2 median-of-ratios	0.057	0.084	3.431	3.806	3.431	3.806
MM_RS00545	0.200214261560741	0.57351029773125	0.727011858641756	0.844316689680783	60.8352926429512	raw_counts / DESeq2 median-of-ratios	0.929	1.731	54.27	81.226	54.27	81.226
MM_RS14815	-0.182631014318865	0.522676489813178	0.726777761383508	0.844316689680783	219.374376635426	raw_counts / DESeq2 median-of-ratios	1.117	1.477	63.164	66.971	63.164	66.971
MM_RS11920	-0.16371191075753	0.469335254058677	0.727227027157014	0.844316689680783	251.6166060288	raw_counts / DESeq2 median-of-ratios	1.054	1.477	60.596	67.683	60.596	67.683
MM_RS14550	0.191174531466949	0.549050731608954	0.727696735177874	0.844578132830772	154.224681029984	raw_counts / DESeq2 median-of-ratios	0.453	0.775	25.648	35.866	25.648	35.866
MM_RS02875	0.346656943534423	0.996574268373673	0.727953904063647	0.844592806394302	7.80398697367337	raw_counts / DESeq2 median-of-ratios	0.56	1.166	32.229	51.457	32.229	51.457
MM_RS09925	-0.213105034080245	0.6153482463987	0.729105134620889	0.845360568976351	684.98634751872	raw_counts / DESeq2 median-of-ratios	3.013	5.372	190.704	240.363	190.704	240.363
MM_RS00950	-0.149630654089272	0.431988548419518	0.729059831178549	0.845360568976351	55123.0210678653	raw_counts / DESeq2 median-of-ratios	89.92	128.142	5167.265	5712.153	5167.265	5712.153
MM_RS06205	-1.58005453969424	4.56774688393012	0.729406204406611	0.845425849000145	57.0156450222286	raw_counts / DESeq2 median-of-ratios	0.392	0.168	20.863	6.513	20.863	6.513
MM_RS14170	-0.16704054574714	0.483836157989134	0.729912472749669	0.845728842964561	134.355737317848	raw_counts / DESeq2 median-of-ratios	1.455	2.041	83.638	92.785	83.638	92.785
MM_RS19170	-0.228257788616772	0.662741808516542	0.730534699194851	0.846165946015767	48.6949875139857	raw_counts / DESeq2 median-of-ratios	2.473	4.185	154.782	187.457	154.782	187.457
MM_RS19055	0.205241210160666	0.596491402350874	0.730785557965306	0.846172751328249	35.4703459071145	raw_counts / DESeq2 median-of-ratios	6.659	12.642	386.375	558.137	386.375	558.137
MM_RS01815	-0.200111889467034	0.584527073976853	0.732088740209039	0.846510490569524	90.3471081957305	raw_counts / DESeq2 median-of-ratios	0.174	0.296	10.785	13.141	10.785	13.141
MM_RS08820	0.174810416535044	0.510656555374995	0.732106454389069	0.846510490569524	395.036458940437	raw_counts / DESeq2 median-of-ratios	0.642	1.098	36.513	50.796	36.513	50.796
MM_RS02280	0.171998666775972	0.50282582399067	0.732302647892802	0.846510490569524	187.257551037234	raw_counts / DESeq2 median-of-ratios	2.853	4.925	162.515	224.969	162.515	224.969
MM_RS01700	-0.150032974422706	0.438021278834168	0.731956286954493	0.846510490569524	260.667440957152	raw_counts / DESeq2 median-of-ratios	1.379	2.009	79.823	89.974	79.823	89.974
MM_RS08705	0.140829540750164	0.41074175986412	0.731698984422404	0.846510490569524	589.588220352612	raw_counts / DESeq2 median-of-ratios	4.913	9.144	289.187	414.806	289.187	414.806
MM_RS11490	-0.221001169122652	0.649077527484889	0.733491308682256	0.847317384678432	80.6911938545184	raw_counts / DESeq2 median-of-ratios	0.412	0.504	22.95	23.149	22.95	23.149
MM_RS17525	0.161794367361299	0.474786005989129	0.733274294489628	0.847317384678432	1103.12303988677	raw_counts / DESeq2 median-of-ratios	1.663	3.359	99.759	146.5	99.759	146.5
MM_RS10805	-0.592173481424051	1.75701500903779	0.736091404912749	0.849752577730159	1188.96075518203	raw_counts / DESeq2 median-of-ratios	2.876	4.826	198.892	224.873	198.892	224.873
MM_RS00520	-0.167590717434239	0.497139548420566	0.736033972830899	0.849752577730159	91.377081894808	raw_counts / DESeq2 median-of-ratios	3.985	6.167	237.58	281.463	237.58	281.463
MM_RS11910	-0.204817485336337	0.6098405109694	0.736980830297592	0.850022394131039	33.8695181663814	raw_counts / DESeq2 median-of-ratios	0.075	0.115	4.458	5.076	4.458	5.076
MM_RS15585	0.153655265475048	0.457114609370844	0.736764041090842	0.850022394131039	379.26612962497	raw_counts / DESeq2 median-of-ratios	1.64	2.854	93.977	129.004	93.977	129.004
MM_RS00795	0.153413069936223	0.456933760589263	0.737063425136787	0.850022394131039	198.192626010409	raw_counts / DESeq2 median-of-ratios	1.08	2.104	64.19	93.003	64.19	93.003
MM_RS03075	-0.145181820925331	0.434215730276863	0.738112351615872	0.850947951428979	3689.98776167769	raw_counts / DESeq2 median-of-ratios	13.882	22.421	831.104	993.404	831.104	993.404
MM_RS06410	0.16616563343919	0.498123132749118	0.73869390812253	0.851334253805545	289.98451646746	raw_counts / DESeq2 median-of-ratios	1.382	2.42	78.866	106.267	78.866	106.267
MM_RS16955	0.203520116944498	0.613222952356821	0.739975337039395	0.852526622459663	116.581545425906	raw_counts / DESeq2 median-of-ratios	2.229	4.187	130.775	201.226	130.775	201.226
MM_RS14575	-0.203801468022929	0.615898673424753	0.740719289787151	0.853099175366729	39.9476013920026	raw_counts / DESeq2 median-of-ratios	0.255	0.351	14.547	15.372	14.547	15.372
MM_RS01215	0.233907485738083	0.708644548063536	0.741341547784865	0.853531235349641	96.5131211155696	raw_counts / DESeq2 median-of-ratios	4.274	7.195	236.313	309.853	236.313	309.853
MM_RS16365	0.30003152390662	0.915601790814304	0.743147739128295	0.85393253469285	13.0641638132523	raw_counts / DESeq2 median-of-ratios	0.544	1.217	33.748	57.747	33.748	57.747
MM_RS14245	-0.25247667232649	0.770559395527648	0.743173479816649	0.85393253469285	21.8205376285809	raw_counts / DESeq2 median-of-ratios	0.255	0.312	14.246	14.205	14.246	14.205
MM_RS15125	0.210363986063363	0.640523896629184	0.742590431232299	0.85393253469285	67.2212425929256	raw_counts / DESeq2 median-of-ratios	0.584	0.999	33.03	47.224	33.03	47.224
MM_RS10160	0.198417657802894	0.604125672186474	0.742580727572344	0.85393253469285	43.8882149486777	raw_counts / DESeq2 median-of-ratios	0.851	1.521	48.912	70.799	48.912	70.799
MM_RS07475	0.196845001919366	0.599812513063421	0.742777420045218	0.85393253469285	192.988178811667	raw_counts / DESeq2 median-of-ratios	1.316	2.23	74.452	105.578	74.452	105.578
MM_RS06600	-0.140589487471322	0.428787402680905	0.743004734748513	0.85393253469285	2169.40167249108	raw_counts / DESeq2 median-of-ratios	6.442	10.436	386.027	466.432	386.027	466.432
MM_RS12345	0.157041314794855	0.479955160948725	0.743516642739931	0.85404272830852	248.103969774576	raw_counts / DESeq2 median-of-ratios	3.335	6.696	201.244	306.158	201.244	306.158
MM_RS14960	0.26157717194983	0.80346775876255	0.744757083793301	0.854237295404904	23.7306516854742	raw_counts / DESeq2 median-of-ratios	0.038	0.063	2.108	2.938	2.108	2.938
MM_RS13170	-0.218910263826495	0.673539559564736	0.745169939506362	0.854237295404904	591.940664164503	raw_counts / DESeq2 median-of-ratios	1.144	1.389	63.889	66.666	63.889	66.666
MM_RS11705	-0.160388907155515	0.493167583458516	0.745013121763382	0.854237295404904	84.0234314698651	raw_counts / DESeq2 median-of-ratios	1.8	2.599	104.272	117.327	104.272	117.327
MM_RS06770	0.150035646804984	0.459334093800674	0.743942230595197	0.854237295404904	839.72763555036	raw_counts / DESeq2 median-of-ratios	3.897	6.768	223.021	300.182	223.021	300.182
MM_RS08150	-0.147533060942321	0.453359940924788	0.744862104116914	0.854237295404904	175.947592424612	raw_counts / DESeq2 median-of-ratios	0.751	1.187	44.746	53.373	44.746	53.373
MM_RS03685	0.139521372149764	0.428496944563135	0.744722125894987	0.854237295404904	2081.40299904379	raw_counts / DESeq2 median-of-ratios	14.856	28.792	884.394	1272.05	884.394	1272.05
MM_RS05085	0.20082843474483	0.619490796954467	0.745799430974925	0.85455238537001	38.6868735704896	raw_counts / DESeq2 median-of-ratios	0.102	0.185	5.807	8.136	5.807	8.136
MM_RS14455	-0.190534181427413	0.588072259040923	0.745939618381755	0.85455238537001	68.450762516474	raw_counts / DESeq2 median-of-ratios	0.118	0.186	7.162	8.673	7.162	8.673
MM_RS03035	0.243801872072315	0.755462166936881	0.746908184815368	0.855378272663223	22.1833511155345	raw_counts / DESeq2 median-of-ratios	0.097	0.172	5.424	7.624	5.424	7.624
MM_RS01050	0.230087996547521	0.714858857484949	0.747555021883177	0.855443654540783	33.3570244317703	raw_counts / DESeq2 median-of-ratios	0.769	1.316	42.767	58.686	42.767	58.686
MM_RS05950	0.188240930382859	0.585730281502729	0.747923818529747	0.855443654540783	340.337656171085	raw_counts / DESeq2 median-of-ratios	0.463	0.771	25.864	33.895	25.864	33.895
MM_RS02055	-0.155993845852792	0.484251246182595	0.747351095810819	0.855443654540783	725.826407969409	raw_counts / DESeq2 median-of-ratios	6.594	10.965	401.405	499.189	401.405	499.189
MM_RS12520	0.142468468241251	0.443363229012106	0.747955945776829	0.855443654540783	192.187772997877	raw_counts / DESeq2 median-of-ratios	7.508	13.717	437.517	610.127	437.517	610.127
MM_RS04415	0.193736963733497	0.60496230432568	0.748781597236858	0.855884375136436	238.986106830877	raw_counts / DESeq2 median-of-ratios	4.117	6.76	229.198	302.22	229.198	302.22
MM_RS13050	0.1340183905135	0.418580639973428	0.748836879462162	0.855884375136436	381.765425916367	raw_counts / DESeq2 median-of-ratios	5.462	9.842	317.978	441.383	317.978	441.383
MM_RS10775	-0.231302516499883	0.726440175152458	0.750177398853912	0.856849449616869	491.4531948647	raw_counts / DESeq2 median-of-ratios	5.395	10.179	351.474	459.712	351.474	459.712
MM_RS00915	-0.169602892742803	0.532485798783032	0.750096912621208	0.856849449616869	147.134434499565	raw_counts / DESeq2 median-of-ratios	0.312	0.422	17.672	18.714	17.672	18.714
MM_RS08600	0.170525451111276	0.536938851535467	0.750797315184363	0.857274025337782	302.837279687479	raw_counts / DESeq2 median-of-ratios	0.377	0.808	23.064	35.177	23.064	35.177
MM_RS08185	-0.237770236211862	0.750398819323277	0.751350981013131	0.857622699411551	449.825406516031	raw_counts / DESeq2 median-of-ratios	3.444	6.578	225.666	294.391	225.666	294.391
MM_RS11310	0.222256646223622	0.704560151836353	0.752416618509071	0.858555335424622	21.9463602373965	raw_counts / DESeq2 median-of-ratios	0.771	1.4	44.368	64.911	44.368	64.911
MM_RS06525	-0.144133086412488	0.459632462555424	0.753837508499434	0.859892587304177	145.265588947496	raw_counts / DESeq2 median-of-ratios	1.149	1.719	66.871	76.216	66.871	76.216
MM_RS00165	-0.165406181601154	0.528802957985119	0.754437477064717	0.86029285103385	171.916166585315	raw_counts / DESeq2 median-of-ratios	0.801	1.077	45.458	49.481	45.458	49.481
MM_RS13600	0.161255766342815	0.519016372504949	0.756032536068068	0.861827187979904	60.4409705807655	raw_counts / DESeq2 median-of-ratios	2.293	4.203	133.176	188.234	133.176	188.234
MM_RS14605	-0.182008009698579	0.589284125367625	0.757425811864287	0.863130568848317	53.8483219831615	raw_counts / DESeq2 median-of-ratios	0.285	0.471	17.467	21.102	17.467	21.102
MM_RS14885	0.435615670135176	1.41386485854485	0.758004138483589	0.863220011316293	3.36786055704336	raw_counts / DESeq2 median-of-ratios	0.05	0.114	2.915	5.068	2.915	5.068
MM_RS15515	0.208877414580049	0.677364256081133	0.75780238066754	0.863220011316293	43.1185465504412	raw_counts / DESeq2 median-of-ratios	2.214	3.753	123.406	167.026	123.406	167.026
MM_RS15065	0.200477776115002	0.653198857046366	0.75890661603961	0.863678237825638	33.4819281984228	raw_counts / DESeq2 median-of-ratios	0.148	0.258	8.352	11.814	8.352	11.814
MM_RS05965	0.148433747686479	0.483232069171733	0.758714997998248	0.863678237825638	2138.22757629892	raw_counts / DESeq2 median-of-ratios	9.863	19.758	591.644	857.881	591.644	857.881
MM_RS19405	0.215254677370667	0.706637680922093	0.760656979515223	0.865100167021923	22.5451936708881	raw_counts / DESeq2 median-of-ratios	6.266	12.441	365.809	536.43	365.809	536.43
MM_RS01980	0.146357360337901	0.480390478608561	0.760622585113235	0.865100167021923	131.243539552557	raw_counts / DESeq2 median-of-ratios	2.313	4.072	133.505	186.075	133.505	186.075
MM_RS16775	0.264207688265813	0.868416738733609	0.760944544182018	0.865142348783637	12.4224202288909	raw_counts / DESeq2 median-of-ratios	0.152	0.284	8.58	12.501	8.58	12.501
MM_RS13085	0.154933626625802	0.510131897281142	0.76134664604666	0.865314680962541	576.748316811342	raw_counts / DESeq2 median-of-ratios	3.054	6.472	187.576	291.766	187.576	291.766
MM_RS17300	-0.144678623838429	0.4769022558778	0.761606648949014	0.865325449167729	966.778333544927	raw_counts / DESeq2 median-of-ratios	3.249	4.537	185.897	209.204	185.897	209.204
MM_RS19400	0.498930528944592	1.65988497817089	0.763733726508087	0.866601935400438	3.19639055620549	raw_counts / DESeq2 median-of-ratios	0.929	1.78	49.523	78.856	49.523	78.856
MM_RS02240	-0.431302060087719	1.4307492076596	0.763069926950888	0.866601935400438	4.95810228426962	raw_counts / DESeq2 median-of-ratios	0.076	0.071	4.125	3.524	4.125	3.524
MM_RS04455	0.172511728299041	0.573833470254835	0.763696423644218	0.866601935400438	98.7386376938196	raw_counts / DESeq2 median-of-ratios	0.253	0.544	15.605	24.723	15.605	24.723
MM_RS01920	-0.15846141611594	0.526950171913918	0.763632415459811	0.866601935400438	131.214239198394	raw_counts / DESeq2 median-of-ratios	2.62	4.382	160.051	197.915	160.051	197.915
MM_RS06335	0.176959478154272	0.589542192947155	0.76405188838269	0.866678233981547	1045.28680700106	raw_counts / DESeq2 median-of-ratios	2.466	5.65	154.548	248.365	154.548	248.365
MM_RS12255	-0.173493396854224	0.58088889777838	0.76519275606452	0.867402618787939	593.767877165214	raw_counts / DESeq2 median-of-ratios	3.362	4.278	187.583	194.018	187.583	194.018
MM_RS00840	-0.168544435262576	0.563854056328726	0.76500490170722	0.867402618787939	283.12340974452	raw_counts / DESeq2 median-of-ratios	0.453	0.786	28.125	35.866	28.125	35.866
MM_RS14225	0.233369352105042	0.784690053692135	0.766158682296118	0.868026966405896	16.3257211424828	raw_counts / DESeq2 median-of-ratios	0.05	0.106	2.977	4.566	2.977	4.566
MM_RS05595	-0.183743374457347	0.618063898197984	0.766246155347879	0.868026966405896	4471.44256364894	raw_counts / DESeq2 median-of-ratios	23.804	43.602	1507.953	1928.068	1507.953	1928.068
MM_RS18895	-0.194408942149497	0.658123839767082	0.767689308345042	0.869015760694235	64.7089276380274	raw_counts / DESeq2 median-of-ratios	8.59	15.07	536.377	654.746	536.377	654.746
MM_RS11690	-0.165840088736129	0.561536032065042	0.767739553638363	0.869015760694235	46.2832686496679	raw_counts / DESeq2 median-of-ratios	0.363	0.516	20.879	23.191	20.879	23.191
MM_RS14600	-0.12738620876541	0.431587678129936	0.767873798968965	0.869015760694235	326.217084181456	raw_counts / DESeq2 median-of-ratios	2.466	3.948	146.831	177.315	146.831	177.315
MM_RS18060	0.798887256367544	2.71740365838486	0.768766176087014	0.869740704947444	24.2285314489489	raw_counts / DESeq2 median-of-ratios	0.057	0.179	3.53	9.308	3.53	9.308
MM_RS09185	0.124501106227247	0.425002313752045	0.769566343911641	0.870360887973414	931.676438217111	raw_counts / DESeq2 median-of-ratios	29.528	56.774	1764.109	2565.755	1764.109	2565.755
MM_RS03945	-0.286340062875548	0.981371703490033	0.770458400720108	0.870909732871408	522.314617288443	raw_counts / DESeq2 median-of-ratios	4.786	4.952	256.985	222.546	256.985	222.546
MM_RS02850	-0.254514880981983	0.874118186503527	0.770923152801333	0.870909732871408	13.6888616358716	raw_counts / DESeq2 median-of-ratios	0.084	0.121	4.868	5.078	4.868	5.078
MM_RS09860	-0.194596252357891	0.667933742455432	0.770790799026452	0.870909732871408	22.3367341248253	raw_counts / DESeq2 median-of-ratios	0.181	0.268	10.652	11.995	10.652	11.995
MM_RS01190	-0.157731997241831	0.5420560065369	0.771060209357489	0.870909732871408	114.717206559797	raw_counts / DESeq2 median-of-ratios	0.539	0.728	30.527	33.144	30.527	33.144
MM_RS18175	0.159108923685691	0.550031708805279	0.772373027194603	0.872107367090604	90.4367655455523	raw_counts / DESeq2 median-of-ratios	6.299	13.094	385.257	594.632	385.257	594.632
MM_RS03360	0.147783598768507	0.515522953257168	0.774367039843139	0.874073122751047	205.575416309381	raw_counts / DESeq2 median-of-ratios	1.704	3.453	102.658	149.946	102.658	149.946
MM_RS10820	-0.239636709604862	0.837379789905237	0.774744503683372	0.87421349745912	1187.45558024192	raw_counts / DESeq2 median-of-ratios	2.797	5.577	187.02	254.273	187.02	254.273
MM_RS16355	-0.137369762960504	0.480746919890317	0.775075452533038	0.874301310597359	415.679824289819	raw_counts / DESeq2 median-of-ratios	1.5	2.528	91.097	112.659	91.097	112.659
MM_RS13065	0.125774491710716	0.441212665303256	0.775593990992654	0.874600602314276	409.862662392344	raw_counts / DESeq2 median-of-ratios	2.608	4.511	150.211	204.288	150.211	204.288
MM_RS10140	0.136372674353904	0.47979188602688	0.776231847970968	0.875034204599127	125.947581227105	raw_counts / DESeq2 median-of-ratios	1.808	3.163	104.318	144.149	104.318	144.149
MM_RS12170	-0.141714034008791	0.500131599775947	0.776905877897467	0.875508287849217	69.1218022431751	raw_counts / DESeq2 median-of-ratios	0.37	0.565	21.725	25.394	21.725	25.394
MM_RS03965	-0.146018207246878	0.519686902460371	0.778730785321432	0.877278582028776	101.889309483229	raw_counts / DESeq2 median-of-ratios	0.475	0.788	28.762	35.104	28.762	35.104
MM_RS06560	-0.183903182804333	0.655576067932331	0.779077431742992	0.877382930955427	34.3172769169771	raw_counts / DESeq2 median-of-ratios	0.552	0.871	33.56	40.525	33.56	40.525
MM_RS05205	-0.176937798840413	0.631531928643985	0.779345261628714	0.877398479030501	263.053376331236	raw_counts / DESeq2 median-of-ratios	2.172	3.979	137.43	175.569	137.43	175.569
MM_RS08695	0.154486182054107	0.552709138571885	0.779855615656342	0.877401073771012	331.017567619239	raw_counts / DESeq2 median-of-ratios	1.693	3.693	104.955	164.146	104.955	164.146
MM_RS02155	0.121157220685148	0.433200939619771	0.779723764458689	0.877401073771012	242.5843469609	raw_counts / DESeq2 median-of-ratios	0.875	1.55	50.803	69.915	50.803	69.915
MM_RS04580	-0.152778066164063	0.547414256054175	0.780175446762903	0.877475087306762	52.8666594443469	raw_counts / DESeq2 median-of-ratios	0.823	1.27	48.42	55.751	48.42	55.751
MM_RS14665	-0.252526790899999	0.907447737427506	0.780795537578869	0.877600971948394	13.0827515544432	raw_counts / DESeq2 median-of-ratios	0.112	0.179	7.042	8.359	7.042	8.359
MM_RS13775	0.158988042083073	0.571187231561958	0.780746282795243	0.877600971948394	97.1436382392119	raw_counts / DESeq2 median-of-ratios	0.919	1.567	52.464	73.459	52.464	73.459
MM_RS17815	-0.391501051670797	1.41469924354924	0.78198128441821	0.878157011171955	3.55496213893546	raw_counts / DESeq2 median-of-ratios	1.355	1.707	76.988	72.965	76.988	72.965
MM_RS00245	-0.139046936915772	0.502619277891286	0.782052972311793	0.878157011171955	404.774282626188	raw_counts / DESeq2 median-of-ratios	1.566	2.686	95.808	120.009	95.808	120.009
MM_RS16030	-0.136344933912183	0.492331414047731	0.781828248815765	0.878157011171955	82.2316783355354	raw_counts / DESeq2 median-of-ratios	2.434	3.602	141.413	163.197	141.413	163.197
MM_RS12400	-0.726862167618183	2.63261782525178	0.782472315009485	0.878342338655432	36.6991243398308	raw_counts / DESeq2 median-of-ratios	0.162	0.167	9.684	8.671	9.684	8.671
MM_RS11715	-0.135393305652743	0.491976877363774	0.783160605386027	0.878829347304528	103.219269229047	raw_counts / DESeq2 median-of-ratios	0.631	0.973	37.369	44.78	37.369	44.78
MM_RS09245	0.167456836334159	0.609584570580493	0.783541746405709	0.878928982453009	43.7891362793647	raw_counts / DESeq2 median-of-ratios	0.097	0.166	5.516	7.497	5.516	7.497
MM_RS10080	0.155257198594501	0.565755365019289	0.783758328302047	0.878928982453009	49.2011851552022	raw_counts / DESeq2 median-of-ratios	0.249	0.489	14.976	22.35	14.976	22.35
MM_RS00620	0.138521596400649	0.50855650257592	0.785328373386729	0.880403830469901	78.1006466225955	raw_counts / DESeq2 median-of-ratios	0.693	1.348	41.498	60.775	41.498	60.775
MM_RS00530	-0.168986615917904	0.624047115887774	0.786551445389556	0.881488868389204	137.915067521743	raw_counts / DESeq2 median-of-ratios	1.127	1.463	63.518	69.332	63.518	69.332
MM_RS08195	-0.121157473953733	0.449373944702531	0.787457284759686	0.882217794862133	225.805425690072	raw_counts / DESeq2 median-of-ratios	0.414	0.645	24.318	28.43	24.318	28.43
MM_RS19135	0.161712586840304	0.601405012559555	0.788013317777668	0.88226839533357	132.0167621311	raw_counts / DESeq2 median-of-ratios	3.414	7.59	212.611	332.86	212.611	332.86
MM_RS08560	0.144940257994965	0.538988668231219	0.787997777499451	0.88226839533357	134.959709515865	raw_counts / DESeq2 median-of-ratios	14.356	26.521	835.081	1138.213	835.081	1138.213
MM_RS16375	0.113962799859677	0.425001081913586	0.788586106350108	0.882623594080775	348.007248259975	raw_counts / DESeq2 median-of-ratios	0.973	1.727	56.579	77.047	56.579	77.047
MM_RS12335	-0.115471245047742	0.440155432758455	0.793057804382696	0.887340996546107	374.310265491618	raw_counts / DESeq2 median-of-ratios	2.502	3.745	144.771	165.855	144.771	165.855
MM_RS18540	0.154572112631828	0.591240855335963	0.793755687255526	0.887834243452263	211.8722167058	raw_counts / DESeq2 median-of-ratios	40.716	65.464	2279.368	3022.988	2279.368	3022.988
MM_RS08730	0.157443582053374	0.608510905278292	0.795839062267284	0.889876374577922	51.3573669283917	raw_counts / DESeq2 median-of-ratios	0.204	0.342	11.539	15.793	11.539	15.793
MM_RS15260	0.128696746981411	0.500941850744719	0.797248595774429	0.891163964338148	96.3214030799983	raw_counts / DESeq2 median-of-ratios	0.161	0.313	9.677	14.182	9.677	14.182
MM_RS17565	0.219283891220248	0.859969025645345	0.798730473141185	0.891954430724103	12.945591358234	raw_counts / DESeq2 median-of-ratios	0.094	0.163	5.251	7.315	5.251	7.315
MM_RS00275	-0.167945524748801	0.657712792731741	0.79845447231096	0.891954430724103	25.3228521470978	raw_counts / DESeq2 median-of-ratios	0.37	0.573	22.128	26.117	22.128	26.117
MM_RS08955	0.12923440318798	0.506631335616359	0.798656917347575	0.891954430724103	444.799970027739	raw_counts / DESeq2 median-of-ratios	1.913	3.331	109.796	144.188	109.796	144.188
MM_RS01955	-0.134122529499756	0.527874148821343	0.799433365210107	0.892450822054204	376.316061204671	raw_counts / DESeq2 median-of-ratios	8.263	11.201	466.755	513.569	466.755	513.569
MM_RS14470	0.127666101339566	0.508431460665621	0.801738374952173	0.894489233087378	66.0780303247249	raw_counts / DESeq2 median-of-ratios	0.568	1.065	33.62	47.94	33.62	47.94
MM_RS14940	0.122198898724048	0.48740608179731	0.802036234763061	0.894489233087378	148.111665162903	raw_counts / DESeq2 median-of-ratios	0.716	1.413	43.149	63.007	43.149	63.007
MM_RS18905	0.112296189428274	0.447636463819096	0.801918713309564	0.894489233087378	204.520170950432	raw_counts / DESeq2 median-of-ratios	23.348	43.801	1388.825	1988.205	1388.825	1988.205
MM_RS18675	-0.287430695992115	1.15210538111477	0.802987196541609	0.894683153824103	5.49745693490616	raw_counts / DESeq2 median-of-ratios	0.94	1.39	56.398	61.111	56.398	61.111
MM_RS02670	-0.187789915040978	0.75229545210546	0.802879252061512	0.894683153824103	23.2254642676459	raw_counts / DESeq2 median-of-ratios	0.166	0.213	9.301	9.783	9.301	9.783
MM_RS15580	-0.131036742500474	0.524571397188069	0.802743777873408	0.894683153824103	175.700907841538	raw_counts / DESeq2 median-of-ratios	1.578	2.168	89.362	98.72	89.362	98.72
MM_RS14305	-0.204677541510073	0.82307703190536	0.803613259469489	0.894803416572409	13.1344666362082	raw_counts / DESeq2 median-of-ratios	0.342	0.482	19.616	21.208	19.616	21.208
MM_RS16210	0.112613234468854	0.452321627307911	0.803386178211835	0.894803416572409	136.429715319824	raw_counts / DESeq2 median-of-ratios	0.43	0.792	25.386	35.562	25.386	35.562
MM_RS16595	0.275836102527359	1.1127042913725	0.804214068580023	0.894895422962436	5.84164428772238	raw_counts / DESeq2 median-of-ratios	0.571	1.164	33.78	53.117	33.78	53.117
MM_RS13300	-0.153607980994321	0.618989177339543	0.80401108036716	0.894895422962436	753.977141728306	raw_counts / DESeq2 median-of-ratios	3.155	5.881	199.681	260.333	199.681	260.333
MM_RS13825	-0.158534627941526	0.642630153951762	0.805143093580791	0.895538883264086	27.6650987846518	raw_counts / DESeq2 median-of-ratios	0.148	0.234	8.789	10.3	8.789	10.3
MM_RS16245	0.124124777136903	0.503590160307719	0.805310877654386	0.895538883264086	99.6757908627614	raw_counts / DESeq2 median-of-ratios	0.554	1.057	32.87	46.288	32.87	46.288
MM_RS04140	0.120467737164865	0.491174363752686	0.806251475823442	0.896296297873888	4100.97631619364	raw_counts / DESeq2 median-of-ratios	4722.451	9585.223	286924.445	420150.97	286924.445	420150.97
MM_RS16670	-0.175152285089157	0.717522641851555	0.807147966892837	0.896609274479616	24.9441827489864	raw_counts / DESeq2 median-of-ratios	0.503	0.696	29.145	33.075	29.145	33.075
MM_RS12595	-0.170369994779006	0.698536898853273	0.807311767119747	0.896609274479616	957.82065057734	raw_counts / DESeq2 median-of-ratios	3.753	4.603	206.247	201.331	206.247	201.331
MM_RS06785	-0.141499931301938	0.579552991358181	0.807111885491684	0.896609274479616	1451.28807304456	raw_counts / DESeq2 median-of-ratios	7.633	13.938	478.871	630.257	478.871	630.257
MM_RS19385	0.291295660738334	1.19783203430219	0.807861518931363	0.896931432461886	8.10550958874345	raw_counts / DESeq2 median-of-ratios	2.067	3.864	120.488	195.916	120.488	195.916
MM_RS08570	-0.157504228544935	0.650847796861958	0.808781280307331	0.897161405597343	118.768165437134	raw_counts / DESeq2 median-of-ratios	0.297	0.378	16.474	16.904	16.474	16.904
MM_RS07300	0.140801516154703	0.58169064612411	0.808737030980125	0.897161405597343	296.284351787841	raw_counts / DESeq2 median-of-ratios	1.297	2.288	74.354	96.926	74.354	96.926
MM_RS11895	-0.115422428857132	0.477124514339217	0.808847891438948	0.897161405597343	607.009236503032	raw_counts / DESeq2 median-of-ratios	1.244	1.757	70.796	79.309	70.796	79.309
MM_RS14065	-0.11498459990237	0.477095631430144	0.809547720578942	0.897649382625896	553.797861841259	raw_counts / DESeq2 median-of-ratios	4.266	7.146	257.99	327.822	257.99	327.822
MM_RS07565	-0.10869203451283	0.454102107685238	0.810829595850576	0.898578332907933	2910.54131739648	raw_counts / DESeq2 median-of-ratios	121.807	203.568	7308.783	8946.9	7308.783	8946.9
MM_RS12465	0.0965554758801846	0.403562767261122	0.810905808822822	0.898578332907933	1077.81049112582	raw_counts / DESeq2 median-of-ratios	3.807	6.908	224.042	308.307	224.042	308.307
MM_RS03005	0.243204903612674	1.02156211793034	0.811825579888635	0.89902069667693	7.98629381226089	raw_counts / DESeq2 median-of-ratios	0.09	0.165	5.066	7.266	5.066	7.266
MM_RS09685	0.115482403745583	0.484424795301562	0.811578019513181	0.89902069667693	1408.1145468857	raw_counts / DESeq2 median-of-ratios	2.366	4.765	143.576	209.575	143.576	209.575
MM_RS14745	0.12832153006318	0.539797638297109	0.812097069979511	0.899033102470908	49.9712907535676	raw_counts / DESeq2 median-of-ratios	0.615	1.098	35.733	49.507	35.733	49.507
MM_RS10340	-0.144157731127485	0.60793493146191	0.812558337300592	0.899255526125039	215.948104199535	raw_counts / DESeq2 median-of-ratios	1.179	2.165	74.059	95.637	74.059	95.637
MM_RS16490	0.115051460736828	0.487032200338588	0.813254450005872	0.899737626624049	87.3807563051552	raw_counts / DESeq2 median-of-ratios	0.202	0.376	11.919	16.738	11.919	16.738
MM_RS15875	-0.151090385292456	0.644406813200162	0.814624553795894	0.899986157989205	52.1775605578088	raw_counts / DESeq2 median-of-ratios	0.122	0.162	6.814	7.244	6.814	7.244
MM_RS15230	0.130342217368043	0.558409030925532	0.815437534935574	0.899986157989205	235.355827546418	raw_counts / DESeq2 median-of-ratios	0.621	1.295	38.315	59.821	38.315	59.821
MM_RS14820	-0.128657805885079	0.551939946969937	0.815682904816775	0.899986157989205	69.1917244677166	raw_counts / DESeq2 median-of-ratios	0.431	0.707	25.76	30.739	25.76	30.739
MM_RS12490	-0.128391714498405	0.548084021960775	0.814786605303841	0.899986157989205	55.9459182203613	raw_counts / DESeq2 median-of-ratios	3.768	5.64	220.668	261.197	220.668	261.197
MM_RS03145	0.120889433702576	0.516025914762749	0.814775310297737	0.899986157989205	76.6447524021038	raw_counts / DESeq2 median-of-ratios	0.099	0.175	5.76	8.073	5.76	8.073
MM_RS04355	0.111370040352226	0.473794366482766	0.814162268199825	0.899986157989205	223.512682038775	raw_counts / DESeq2 median-of-ratios	0.589	1.037	34.354	48.113	34.354	48.113
MM_RS07485	-0.105942548140812	0.45147102714227	0.814472022603244	0.899986157989205	388.863712889255	raw_counts / DESeq2 median-of-ratios	6.017	9.961	361.259	452.774	361.259	452.774
MM_RS10740	0.0996515832579282	0.427837598802266	0.815824163481239	0.899986157989205	330.123233441491	raw_counts / DESeq2 median-of-ratios	0.449	0.816	26.385	36.194	26.385	36.194
MM_RS17685	-0.0945195637162345	0.404961269323133	0.815447738816937	0.899986157989205	972.917626702238	raw_counts / DESeq2 median-of-ratios	6.062	9.333	353.42	421.997	353.42	421.997
MM_RS06405	0.11190265947958	0.482961138741113	0.816770124885185	0.900742021504926	530.568674966242	raw_counts / DESeq2 median-of-ratios	1.9	3.137	108.001	140.711	108.001	140.711
MM_RS01710	-0.244972448876117	1.0596482004501	0.817172783738638	0.900898434418531	75.4149459578914	raw_counts / DESeq2 median-of-ratios	0.828	0.864	44.59	42.662	44.59	42.662
MM_RS09215	0.0995800702845237	0.432769140868353	0.818014260655329	0.901538371507181	252.211298141575	raw_counts / DESeq2 median-of-ratios	3.088	5.387	179.237	241.995	179.237	241.995
MM_RS03165	0.142405543184515	0.622185342901659	0.818962483111731	0.90200778592727	30.4620523117609	raw_counts / DESeq2 median-of-ratios	0.237	0.461	14.214	20.794	14.214	20.794
MM_RS07530	0.107689918660571	0.470017022185138	0.818776279925716	0.90200778592727	227.545552427337	raw_counts / DESeq2 median-of-ratios	1.548	2.928	91.959	128.219	91.959	128.219
MM_RS19230	-0.389187623009584	1.7041951161513	0.819358343260766	0.902156110176182	2.99754609204949	raw_counts / DESeq2 median-of-ratios	0.491	0.598	29.511	31.034	29.511	31.034
MM_RS00515	0.136147046489346	0.598130495251843	0.819940912286391	0.902222335469001	110.060859984253	raw_counts / DESeq2 median-of-ratios	0.332	0.716	20.698	32.467	20.698	32.467
MM_RS12180	-0.135336978608844	0.594517277316777	0.819924727200753	0.902222335469001	110.030090145807	raw_counts / DESeq2 median-of-ratios	0.796	1.061	44.551	47.5	44.551	47.5
MM_RS11290	0.107220436577085	0.472847340079654	0.820614359021633	0.902508866956587	192.441086355693	raw_counts / DESeq2 median-of-ratios	2.044	3.452	117.232	156.665	117.232	156.665
MM_RS05225	-0.0994801529036288	0.438985014738704	0.82072390014784	0.902508866956587	593.236828750144	raw_counts / DESeq2 median-of-ratios	7.491	11.049	431.09	501.229	431.09	501.229
MM_RS00160	0.266283664578009	1.18312994031231	0.821927048483528	0.902969473747489	7.26972908117949	raw_counts / DESeq2 median-of-ratios	0.127	0.208	6.892	9.521	6.892	9.521
MM_RS08515	0.125241834846788	0.555209686548027	0.821531412686395	0.902969473747489	56.9479042422315	raw_counts / DESeq2 median-of-ratios	0.259	0.449	14.831	19.835	14.831	19.835
MM_RS09250	0.0974613565414332	0.432867573170962	0.821860388120499	0.902969473747489	450.501265542751	raw_counts / DESeq2 median-of-ratios	1.352	2.412	78.96	106.333	78.96	106.333
MM_RS12805	0.115629211460874	0.520998216140666	0.824362283815362	0.905069080832251	99.863400580827	raw_counts / DESeq2 median-of-ratios	0.254	0.503	15.388	22.701	15.388	22.701
MM_RS17425	-0.101129934284322	0.455108024070234	0.824149759439542	0.905069080832251	135.934972242524	raw_counts / DESeq2 median-of-ratios	0.204	0.326	12.051	14.613	12.051	14.613
MM_RS00265	-0.133216122523892	0.601852991865571	0.824825143672982	0.905289496741811	82.6180094922754	raw_counts / DESeq2 median-of-ratios	1.505	2.123	85.204	91.645	85.204	91.645
MM_RS01235	0.107654826067865	0.48737295222196	0.825179658207226	0.905390895631435	95.8659720095376	raw_counts / DESeq2 median-of-ratios	0.691	1.196	39.954	54.087	39.954	54.087
MM_RS04875	-0.15825635096541	0.721368896229055	0.82635141091364	0.906100880411337	20.3921636179345	raw_counts / DESeq2 median-of-ratios	0.051	0.07	2.875	3.166	2.875	3.166
MM_RS18925	-0.112306953069018	0.511491305509496	0.826207874245638	0.906100880411337	68.5538513733776	raw_counts / DESeq2 median-of-ratios	10.737	17.22	638.909	779.235	638.909	779.235
MM_RS04040	-0.215361579518806	0.984490152751222	0.826841348781177	0.906350370895013	8.34184434776832	raw_counts / DESeq2 median-of-ratios	0.702	1.092	41.78	47.118	41.78	47.118
MM_RS00910	0.100730003840135	0.461360666872754	0.82717009433403	0.906423066570349	244.17259607306	raw_counts / DESeq2 median-of-ratios	0.211	0.358	12.128	15.998	12.128	15.998
MM_RS00635	0.136049359776373	0.626305738815568	0.828032883600337	0.906612328985809	1187.70068534414	raw_counts / DESeq2 median-of-ratios	11.984	26.975	758.694	1244.533	758.694	1244.533
MM_RS13810	0.125626074433487	0.57699322584444	0.82764308078781	0.906612328985809	58.5716123802455	raw_counts / DESeq2 median-of-ratios	0.303	0.605	18.489	27.632	18.489	27.632
MM_RS11535	-0.105886724994277	0.487732035897706	0.828130254183622	0.906612328985809	235.557606011122	raw_counts / DESeq2 median-of-ratios	3.011	5.14	182.141	227.482	182.141	227.482
MM_RS06345	-0.12161524217203	0.570068943633863	0.83106624483005	0.909488134809081	241.918223965869	raw_counts / DESeq2 median-of-ratios	6.29	11.342	391.468	515.501	391.468	515.501
MM_RS03980	-0.0970429775622052	0.455482336629177	0.831283741051612	0.909488134809081	311.059535028811	raw_counts / DESeq2 median-of-ratios	7.587	12.746	456.294	573.664	456.294	573.664
MM_RS11570	0.11001956171607	0.518466888311461	0.831949670568185	0.909928487062227	639.141663169589	raw_counts / DESeq2 median-of-ratios	1.95	3.158	110.579	146.087	110.579	146.087
MM_RS03590	-0.142703483167636	0.677015482284532	0.833056456137661	0.91056234161376	2140.13741304011	raw_counts / DESeq2 median-of-ratios	5.816	11.398	374.735	510.278	374.735	510.278
MM_RS09565	-0.113938671477589	0.539687030170237	0.832793712758268	0.91056234161376	523.969366072367	raw_counts / DESeq2 median-of-ratios	4.644	7.019	268.454	299.109	268.454	299.109
MM_RS05660	-0.0974662516114206	0.465073269987083	0.83400187560636	0.911307332598661	973.152812996235	raw_counts / DESeq2 median-of-ratios	4.316	7.425	261.725	334.913	261.725	334.913
MM_RS09170	-0.15390944839371	0.744673275978271	0.83625938378923	0.913383530396409	1770.76093730702	raw_counts / DESeq2 median-of-ratios	7.534	15.284	493.691	682.2	493.691	682.2
MM_RS14735	-0.0970847065546605	0.470232695103358	0.836430835739387	0.913383530396409	101.939946279813	raw_counts / DESeq2 median-of-ratios	0.274	0.43	16.05	19.199	16.05	19.199
MM_RS11950	0.132897249517937	0.645028027156355	0.836764903902714	0.913459537951952	2394.01178897261	raw_counts / DESeq2 median-of-ratios	7.09	10.832	391.58	483.173	391.58	483.173
MM_RS03720	-0.173037872365371	0.842425189330684	0.837256153370301	0.913702416478585	8422.64818212276	raw_counts / DESeq2 median-of-ratios	8482.291	17228.044	563588.282	818580.658	563588.282	818580.658
MM_RS07395	-0.129940729344142	0.634684875816671	0.837780993916526	0.913702416478585	500.273467220907	raw_counts / DESeq2 median-of-ratios	6.742	8.627	373.178	389.424	373.178	389.424
MM_RS15565	-0.0995817312073913	0.485743142213451	0.837565068671876	0.913702416478585	110.149610212992	raw_counts / DESeq2 median-of-ratios	1.587	2.553	93.658	112.238	93.658	112.238
MM_RS00295	-0.123904781153595	0.608673333625566	0.838693197266042	0.91440855535256	642.785891680412	raw_counts / DESeq2 median-of-ratios	0.953	1.799	60.134	79.574	60.134	79.574
MM_RS05785	-0.0927824849352299	0.463276615683499	0.841265917462559	0.916924101898289	205.915382362812	raw_counts / DESeq2 median-of-ratios	1.846	2.739	106.33	124.813	106.33	124.813
MM_RS01200	-0.222540086674115	1.12860174791825	0.843685021144969	0.918980783044694	9.88097502290581	raw_counts / DESeq2 median-of-ratios	0.07	0.121	4.548	5.877	4.548	5.877
MM_RS08455	-0.0968647073194915	0.490976108242624	0.843600555116508	0.918980783044694	239.839909304628	raw_counts / DESeq2 median-of-ratios	0.953	1.435	54.888	62.549	54.888	62.549
MM_RS11430	-0.0815409988162608	0.416427054176983	0.844758098277371	0.919859543332295	357.631822175004	raw_counts / DESeq2 median-of-ratios	4.445	6.962	259.799	314.07	259.799	314.07
MM_RS18465	-0.114932067447053	0.59077655450714	0.845749902465575	0.9206492792676	86.2727645580328	raw_counts / DESeq2 median-of-ratios	0.231	0.364	13.798	17.302	13.798	17.302
MM_RS04645	0.148067322870187	0.767163933290102	0.846954186674737	0.921669741894941	15.0631684342925	raw_counts / DESeq2 median-of-ratios	0.095	0.172	5.527	7.749	5.527	7.749
MM_RS03880	-0.0942640806038338	0.490550614421815	0.847617077659315	0.922100594089851	82.1995219265615	raw_counts / DESeq2 median-of-ratios	0.367	0.569	21.48	25.92	21.48	25.92
MM_RS19120	0.194557776551436	1.01828142298116	0.848474794217382	0.922404888538015	7.62647487839043	raw_counts / DESeq2 median-of-ratios	1.376	2.88	82.828	125.245	82.828	125.245
MM_RS12250	0.120817926350747	0.63176728167899	0.848339114756656	0.922404888538015	609.324470681336	raw_counts / DESeq2 median-of-ratios	2.486	5.608	157.952	255.107	157.952	255.107
MM_RS04885	-0.0990692112750869	0.519285086270237	0.848697954769488	0.922404888538015	159.91970754665	raw_counts / DESeq2 median-of-ratios	1.061	1.84	64.367	80.749	64.367	80.749
MM_RS09300	-0.104246187889393	0.547827723531738	0.849081817273451	0.922531801466656	114.757308572922	raw_counts / DESeq2 median-of-ratios	5.867	10.353	360.352	464.838	360.352	464.838
MM_RS02425	0.107870717993124	0.572716433200816	0.850602870191585	0.9238938093213	42.3934578202826	raw_counts / DESeq2 median-of-ratios	0.669	1.177	38.779	51.951	38.779	51.951
MM_RS15800	-0.140456118891966	0.748893916270974	0.851228310003923	0.923968970031156	74.6267751901828	raw_counts / DESeq2 median-of-ratios	1.427	1.781	78.333	78.527	78.333	78.527
MM_RS01080	0.110609873693889	0.591276619749447	0.851606072409586	0.923968970031156	53.4208950009927	raw_counts / DESeq2 median-of-ratios	0.124	0.21	7.066	9.241	7.066	9.241
MM_RS07845	0.107845894465947	0.576881644181961	0.851702729380106	0.923968970031156	44.8171151269634	raw_counts / DESeq2 median-of-ratios	0.446	0.755	25.589	34.482	25.589	34.482
MM_RS16840	0.0991030869782596	0.530257648224106	0.85174209628813	0.923968970031156	54.7203157656077	raw_counts / DESeq2 median-of-ratios	0.166	0.298	9.773	13.599	9.773	13.599
MM_RS01795	-0.112571314976192	0.606327252537494	0.852710625708072	0.924729199747466	45.2843858720324	raw_counts / DESeq2 median-of-ratios	0.211	0.321	12.158	13.866	12.158	13.866
MM_RS16580	0.102907625112099	0.558676860773291	0.853857475884293	0.925682272976883	203.398563658098	raw_counts / DESeq2 median-of-ratios	1.185	1.981	67.408	85.339	67.408	85.339
MM_RS19340	-0.13451159942848	0.738644674222504	0.855499569487792	0.926880650254339	31.6366478932997	raw_counts / DESeq2 median-of-ratios	0.227	0.323	13.205	15.665	13.205	15.665
MM_RS07340	0.0808090302985718	0.443469399644826	0.85541001379046	0.926880650254339	947.650098560406	raw_counts / DESeq2 median-of-ratios	3.612	6.097	207.979	269.573	207.979	269.573
MM_RS09325	0.116752850291234	0.643101849841351	0.855938686212579	0.927065607456333	1916.99942593863	raw_counts / DESeq2 median-of-ratios	64.642	102.075	3603.694	4355.917	3603.694	4355.917
MM_RS16340	-0.0929742647484911	0.514456969028849	0.856584916258223	0.927474702431317	641.543610326388	raw_counts / DESeq2 median-of-ratios	0.836	1.495	51.249	65.979	51.249	65.979
MM_RS13845	0.1357927163208	0.762396588426488	0.858634260805856	0.929323411687596	30.0062799346739	raw_counts / DESeq2 median-of-ratios	0.124	0.197	6.868	8.701	6.868	8.701
MM_RS06810	-0.0941086299001803	0.532181792728174	0.859637608668752	0.929323411687596	640.0085465832	raw_counts / DESeq2 median-of-ratios	4.521	6.527	256.749	282.711	256.749	282.711
MM_RS17555	0.0868669059487029	0.489141937618205	0.85904467468062	0.929323411687596	84.9094416814595	raw_counts / DESeq2 median-of-ratios	0.38	0.658	22.071	29.476	22.071	29.476
MM_RS11425	-0.0803344852553498	0.453805425595479	0.859489479866449	0.929323411687596	786.918528439882	raw_counts / DESeq2 median-of-ratios	4.636	7.018	268.521	324.488	268.521	324.488
MM_RS15365	-0.0792920928410377	0.447096865989338	0.859234421097272	0.929323411687596	171.229868967626	raw_counts / DESeq2 median-of-ratios	0.646	1.052	38.258	46.92	38.258	46.92
MM_RS03050	-0.104177764838545	0.592102920342605	0.860336864585653	0.929788338635434	71.4714297075398	raw_counts / DESeq2 median-of-ratios	0.331	0.458	18.603	20.724	18.603	20.724
MM_RS01205	-0.116634583988526	0.669705638900595	0.861741304711064	0.930045223969369	28.047484640887	raw_counts / DESeq2 median-of-ratios	0.058	0.084	3.297	3.706	3.297	3.706
MM_RS10615	0.108643718922662	0.624818060601131	0.86195932491548	0.930045223969369	33.2772915652229	raw_counts / DESeq2 median-of-ratios	0.227	0.438	13.702	19.917	13.702	19.917
MM_RS11870	0.0904811599835812	0.521244288315705	0.862190158410515	0.930045223969369	164.662486278868	raw_counts / DESeq2 median-of-ratios	0.563	0.907	31.924	41.194	31.924	41.194
MM_RS01475	-0.0880635070586566	0.502933543683432	0.861001302681239	0.930045223969369	1258.15094150698	raw_counts / DESeq2 median-of-ratios	53.966	83.736	3132.313	3595.657	3132.313	3595.657
MM_RS03310	-0.0852782679486837	0.488619286529085	0.861449689540441	0.930045223969369	1434.28089389131	raw_counts / DESeq2 median-of-ratios	4.13	7.334	252.266	326.947	252.266	326.947
MM_RS08035	0.0832381461717997	0.476176400588617	0.86123264410514	0.930045223969369	113.128409120833	raw_counts / DESeq2 median-of-ratios	2.537	4.375	146.892	194.837	146.892	194.837
MM_RS06845	-0.0766064113851797	0.443273972966096	0.862793264528121	0.930405225001601	1037.79915623354	raw_counts / DESeq2 median-of-ratios	2.871	4.762	170.424	208.8	170.424	208.8
MM_RS16565	-0.111071332608418	0.649464782260727	0.864208202325038	0.931144661985981	25.8637433660641	raw_counts / DESeq2 median-of-ratios	0.087	0.142	5.224	6.398	5.224	6.398
MM_RS13445	0.0866559481251703	0.506677771505724	0.86420196295429	0.931144661985981	386.907335529925	raw_counts / DESeq2 median-of-ratios	0.731	1.468	44.695	65.227	44.695	65.227
MM_RS17625	0.0728170086546882	0.426033100847976	0.864287720418951	0.931144661985981	2350.61945957154	raw_counts / DESeq2 median-of-ratios	79.242	142.053	4662.846	6242.645	4662.846	6242.645
MM_RS15760	-0.0957620977807956	0.561507312294954	0.864581781387943	0.93117102367133	98.6287518161505	raw_counts / DESeq2 median-of-ratios	0.303	0.426	17.08	19.151	17.08	19.151
MM_RS19150	-0.103900465123055	0.612789680922877	0.865361512788518	0.931429936170627	115.450996041976	raw_counts / DESeq2 median-of-ratios	1.804	2.475	100.9	108.462	100.9	108.462
MM_RS04120	-0.0727208170309385	0.428603026429665	0.865270142752319	0.931429936170627	531.556463495375	raw_counts / DESeq2 median-of-ratios	2.033	3.283	119.48	144.779	119.48	144.779
MM_RS14040	-0.0699462673750126	0.41418122478274	0.865892280296038	0.931710883533494	513.435872876224	raw_counts / DESeq2 median-of-ratios	2.295	3.614	134.178	164.125	134.178	164.125
MM_RS13055	0.075553179610533	0.450207342686402	0.866725965483138	0.932317497595378	297.300037987457	raw_counts / DESeq2 median-of-ratios	0.989	1.849	59.263	83.8	59.263	83.8
MM_RS10015	0.754259659142704	4.57012503666745	0.868911426507731	0.933775275977885	32.2693741154695	raw_counts / DESeq2 median-of-ratios	0.053	0.23	3.74	11.904	3.74	11.904
MM_RS00825	0.132908455273176	0.808549626304406	0.86943291474953	0.933775275977885	817.582111908829	raw_counts / DESeq2 median-of-ratios	3.834	5.75	209.415	241.727	209.415	241.727
MM_RS18705	-0.0875451116858077	0.529275542497689	0.868624786354856	0.933775275977885	67.9013751301405	raw_counts / DESeq2 median-of-ratios	0.117	0.173	6.711	7.825	6.711	7.825
MM_RS16630	-0.0849867790463747	0.516068876742472	0.869195011033346	0.933775275977885	1397.74804665853	raw_counts / DESeq2 median-of-ratios	3.79	6.715	232.199	309.498	232.199	309.498
MM_RS04505	0.0725177762292987	0.439715539745736	0.869007148179736	0.933775275977885	541.245038746915	raw_counts / DESeq2 median-of-ratios	1.901	3.467	112.53	152.453	112.53	152.453
MM_RS13215	-0.0896088693713301	0.549073328272971	0.870360819664336	0.934190885991491	102.799280613698	raw_counts / DESeq2 median-of-ratios	0.804	1.425	49.139	62.834	49.139	62.834
MM_RS19295	0.0841809713241895	0.515778229310786	0.870351861780255	0.934190885991491	118.359748101221	raw_counts / DESeq2 median-of-ratios	0.337	0.583	19.695	27.23	19.695	27.23
MM_RS10735	0.165440772913343	1.02131998703766	0.87131592756582	0.934768685896031	7.27180479209962	raw_counts / DESeq2 median-of-ratios	0.481	0.88	27.675	38.985	27.675	38.985
MM_RS04860	-0.125712091904539	0.778473005083968	0.871711041479768	0.934768685896031	16.1046510625883	raw_counts / DESeq2 median-of-ratios	0.054	0.088	3.282	4.055	3.282	4.055
MM_RS07835	0.079204912056587	0.490254232849824	0.871653261251341	0.934768685896031	834.646291151935	raw_counts / DESeq2 median-of-ratios	3.358	5.426	190.735	240.451	190.735	240.451
MM_RS01845	0.0702537438395189	0.436812363621908	0.872225111909282	0.935029651314295	945.783034391404	raw_counts / DESeq2 median-of-ratios	52.869	91.646	3076.545	4023.609	3076.545	4023.609
MM_RS08345	-0.0802329729936023	0.500106904322051	0.872541063890759	0.935078136729346	102.392408392489	raw_counts / DESeq2 median-of-ratios	0.885	1.504	53.255	67.562	53.255	67.562
MM_RS08710	-0.0653890910059982	0.409456916917252	0.873119668519348	0.935407982340517	1205.99078937606	raw_counts / DESeq2 median-of-ratios	5.335	8.822	316.099	393.696	316.099	393.696
MM_RS15270	-0.0799503305046094	0.501726267330228	0.873392737428966	0.93541039227276	76.7551603734391	raw_counts / DESeq2 median-of-ratios	1.13	1.863	67.126	82.901	67.126	82.901
MM_RS17350	0.227401402379226	1.43655835995864	0.874223581756193	0.935719941551252	3.70421932168364	raw_counts / DESeq2 median-of-ratios	0.245	0.466	14.726	22.956	14.726	22.956
MM_RS07250	0.0781982568264825	0.493347870889523	0.874058637400668	0.935719941551252	128.613894082661	raw_counts / DESeq2 median-of-ratios	1.719	3.288	103.665	146.973	103.665	146.973
MM_RS01400	-0.0795664926905901	0.506273061986777	0.875117789435085	0.93609688594264	882.526425009755	raw_counts / DESeq2 median-of-ratios	1.881	3.317	114.864	152.596	114.864	152.596
MM_RS09880	-0.0794642543181932	0.505248344602428	0.875026061804943	0.93609688594264	176.995713490044	raw_counts / DESeq2 median-of-ratios	2.48	3.753	143.891	175.291	143.891	175.291
MM_RS08360	0.0669698777678152	0.432730306318662	0.877009550843043	0.937830027434015	369.739951787385	raw_counts / DESeq2 median-of-ratios	1.362	2.347	79.546	107.447	79.546	107.447
MM_RS11275	-0.139422100099207	0.913718808136815	0.87872355595716	0.938210560208973	25.9870086219254	raw_counts / DESeq2 median-of-ratios	0.079	0.102	4.32	4.299	4.32	4.299
MM_RS06170	-0.106334085273139	0.695321214506083	0.878455051887276	0.938210560208973	24.453180826266	raw_counts / DESeq2 median-of-ratios	1.329	1.881	75.569	86.49	75.569	86.49
MM_RS01090	-0.0938874414270831	0.612609071676838	0.87819456260856	0.938210560208973	96.7043184164292	raw_counts / DESeq2 median-of-ratios	0.375	0.51	20.916	22.897	20.916	22.897
MM_RS16880	0.0891999009315787	0.582863338268841	0.878368766727586	0.938210560208973	93.5928895349504	raw_counts / DESeq2 median-of-ratios	0.589	0.966	33.35	41.942	33.35	41.942
MM_RS08050	-0.0641250664627147	0.416695045859083	0.877696722858235	0.938210560208973	486.342070744476	raw_counts / DESeq2 median-of-ratios	2.776	4.356	161.47	194.706	161.47	194.706
MM_RS00430	-0.0908931574340744	0.598700991421289	0.879331050827162	0.938569051161006	102.164239015988	raw_counts / DESeq2 median-of-ratios	1.49	2.35	88.346	112.275	88.346	112.275
MM_RS17065	0.0762482015306285	0.505215902017591	0.880037234585558	0.938742621451055	186.333075826076	raw_counts / DESeq2 median-of-ratios	0.741	1.219	42.277	53.694	42.277	53.694
MM_RS00625	0.0677007166077383	0.448524311360877	0.88002224266515	0.938742621451055	619.641906562879	raw_counts / DESeq2 median-of-ratios	8.054	13.216	461.556	593.743	461.556	593.743
MM_RS15780	0.100972516926341	0.671945994881307	0.880552549080231	0.939002316925939	36.5664604855239	raw_counts / DESeq2 median-of-ratios	0.316	0.628	19.03	26.798	19.03	26.798
MM_RS15885	-0.166150632342163	1.11699845415713	0.881752945823826	0.939484703897692	11.8656347058204	raw_counts / DESeq2 median-of-ratios	0.266	0.305	14.412	14.731	14.412	14.731
MM_RS15290	-0.0895964768119975	0.604089286627299	0.882092905251944	0.939484703897692	47.152163700157	raw_counts / DESeq2 median-of-ratios	0.184	0.262	10.437	11.968	10.437	11.968
MM_RS12640	-0.0735548550155913	0.494959596119166	0.881863120484528	0.939484703897692	888.206413852536	raw_counts / DESeq2 median-of-ratios	12.157	21.741	743.698	984.39	743.698	984.39
MM_RS07765	0.0657595580224786	0.442385939071468	0.881831800217307	0.939484703897692	626.67749970034	raw_counts / DESeq2 median-of-ratios	3.081	5.769	185.067	260.992	185.067	260.992
MM_RS17230	-0.0690435588591739	0.474946654620009	0.884417812567923	0.941670506969669	102.215893722945	raw_counts / DESeq2 median-of-ratios	0.116	0.19	6.868	8.585	6.868	8.585
MM_RS08375	0.204467202419547	1.41023600734358	0.884720399929667	0.941702391789544	3.89464396563636	raw_counts / DESeq2 median-of-ratios	0.38	0.585	20.9	27.457	20.9	27.457
MM_RS09025	-0.0676604846610504	0.467929620030609	0.885030305572756	0.941742044192329	125.338429914276	raw_counts / DESeq2 median-of-ratios	0.991	1.525	57.331	68.56	57.331	68.56
MM_RS17940	-0.656194681277935	4.57588744297669	0.885972139149929	0.94188048587963	18.4749918320887	raw_counts / DESeq2 median-of-ratios	0.053	0.083	3.745	4.313	3.745	4.313
MM_RS03730	0.14515074259472	1.02675842746788	0.887579265572109	0.94188048587963	11.8836568102817	raw_counts / DESeq2 median-of-ratios	0.088	0.131	4.758	5.948	4.758	5.948
MM_RS14965	-0.0913705143216455	0.64340128452585	0.887070759027056	0.94188048587963	75.8607316792122	raw_counts / DESeq2 median-of-ratios	0.368	0.512	20.591	22.315	20.591	22.315
MM_RS14740	-0.0902333393244505	0.62963576364591	0.886045059933979	0.94188048587963	81.6804606514054	raw_counts / DESeq2 median-of-ratios	0.24	0.326	13.446	15.156	13.446	15.156
MM_RS12710	0.0843013693349091	0.596514837988964	0.887614644336479	0.94188048587963	56.62628381178	raw_counts / DESeq2 median-of-ratios	0.501	0.822	28.375	36.068	28.375	36.068
MM_RS11875	-0.0801800744615406	0.564462152409643	0.887042994626493	0.94188048587963	56.8066871801139	raw_counts / DESeq2 median-of-ratios	0.41	0.644	23.786	27.98	23.786	27.98
MM_RS01625	-0.0777361520659849	0.545871736032806	0.886758250299097	0.94188048587963	52.055490563651	raw_counts / DESeq2 median-of-ratios	0.211	0.335	12.427	15.386	12.427	15.386
MM_RS00880	0.0673864704721837	0.468256116992572	0.885571989846027	0.94188048587963	124.843802015815	raw_counts / DESeq2 median-of-ratios	0.391	0.676	22.742	29.976	22.742	29.976
MM_RS07225	-0.0665420212556881	0.466202162043728	0.886501751184258	0.94188048587963	783.725965528519	raw_counts / DESeq2 median-of-ratios	2.437	4.27	147.336	189.165	147.336	189.165
MM_RS03940	0.143263578339596	1.02025650327522	0.888328807047334	0.942059471765886	996.345647557994	raw_counts / DESeq2 median-of-ratios	11.929	16.348	639.687	762.567	639.687	762.567
MM_RS01840	-0.0599745462108703	0.426756820961675	0.888236789225759	0.942059471765886	664.143376131516	raw_counts / DESeq2 median-of-ratios	2.098	3.54	125.009	157.571	125.009	157.571
MM_RS00865	-0.0619892706495157	0.443885274448905	0.888935301445955	0.942413299936872	196.996786726629	raw_counts / DESeq2 median-of-ratios	1.019	1.597	59.375	72.757	59.375	72.757
MM_RS18555	0.206918280039749	1.49083984351933	0.889613648440668	0.942553847151555	3.19698178823284	raw_counts / DESeq2 median-of-ratios	0.595	1.056	33.056	46.024	33.056	46.024
MM_RS09480	-0.0574827934303836	0.413404341499337	0.889412703370796	0.942553847151555	2347.63933806851	raw_counts / DESeq2 median-of-ratios	7.268	11.235	420.273	503.777	420.273	503.777
MM_RS02410	0.0601197451180096	0.435890895661183	0.890300610747932	0.942992428556688	444.330423659032	raw_counts / DESeq2 median-of-ratios	2.252	3.73	129.78	168.445	129.78	168.445
MM_RS17760	-0.0812915275719697	0.60317112117526	0.89279090028573	0.945201778303221	409.986657023051	raw_counts / DESeq2 median-of-ratios	38.707	52.546	2154.659	2327.563	2154.659	2327.563
MM_RS01880	0.0670626058550007	0.498262867999776	0.8929338166194	0.945201778303221	202.459163475864	raw_counts / DESeq2 median-of-ratios	2.283	4.385	137.862	192.61	137.862	192.61
MM_RS04485	-0.0534912833082657	0.401030148843224	0.893889150409626	0.9459231389445	2185.88551833452	raw_counts / DESeq2 median-of-ratios	52.994	87.544	3133.873	3952.398	3133.873	3952.398
MM_RS17205	-0.0717449172821085	0.543396484633531	0.894960156174342	0.946766425551662	322.085692174486	raw_counts / DESeq2 median-of-ratios	2.489	3.774	144.448	179.115	144.448	179.115
MM_RS04590	-0.0637980559318431	0.485000838068928	0.895346440559959	0.946885059918585	113.694597754627	raw_counts / DESeq2 median-of-ratios	0.679	1.145	40.661	51.946	40.661	51.946
MM_RS19360	0.114972625115487	0.876716504863082	0.895664538503878	0.946931532290295	13.103794706127	raw_counts / DESeq2 median-of-ratios	0.836	1.766	52.301	78.69	52.301	78.69
MM_RS11205	0.136842745546333	1.05996624535524	0.897277698419073	0.947048800099683	7.77755784665764	raw_counts / DESeq2 median-of-ratios	0.157	0.26	8.988	12.528	8.988	12.528
MM_RS04420	0.0863667281815466	0.666310107737514	0.896867539740384	0.947048800099683	292.88370064512	raw_counts / DESeq2 median-of-ratios	7.304	11.037	404.399	477.848	404.399	477.848
MM_RS14265	-0.0617948255817962	0.478953565194095	0.897341432499645	0.947048800099683	146.638528243547	raw_counts / DESeq2 median-of-ratios	0.513	0.775	29.438	34.836	29.438	34.836
MM_RS14450	-0.0604899771507241	0.467113265685369	0.896964041919656	0.947048800099683	299.401687139745	raw_counts / DESeq2 median-of-ratios	3.613	5.729	210.051	250.079	210.051	250.079
MM_RS15765	0.0602728268508732	0.467519503403722	0.897420591408877	0.947048800099683	126.423123809438	raw_counts / DESeq2 median-of-ratios	1.087	1.93	64.293	88.108	64.293	88.108
MM_RS03100	-0.0579732348550445	0.449449540617384	0.897367782294905	0.947048800099683	3791.66135957069	raw_counts / DESeq2 median-of-ratios	23.337	40.744	1409.379	1845.746	1409.379	1845.746
MM_RS12000	-0.0660940626282553	0.51581212692175	0.898041408450787	0.947414485274594	638.663257625565	raw_counts / DESeq2 median-of-ratios	20.066	36.326	1231.959	1659.12	1231.959	1659.12
MM_RS04820	0.38757883069487	3.06177826282725	0.899267931464039	0.947828514349747	95.3513882296761	raw_counts / DESeq2 median-of-ratios	0.295	0.486	15.737	20.127	15.737	20.127
MM_RS08690	-0.0819854809476598	0.648612381918526	0.899414233278571	0.947828514349747	584.985209822603	raw_counts / DESeq2 median-of-ratios	626.482	1250.265	40011.011	56009.869	40011.011	56009.869
MM_RS16935	0.0687003174402954	0.540363815802731	0.898831845740528	0.947828514349747	93.8928755816907	raw_counts / DESeq2 median-of-ratios	0.494	0.817	28.202	35.835	28.202	35.835
MM_RS05385	-0.0528666041751342	0.418734846841476	0.899531519987976	0.947828514349747	387.731794803659	raw_counts / DESeq2 median-of-ratios	5.103	8.066	297.27	364.838	297.27	364.838
MM_RS16995	0.0564701600299974	0.453091660357212	0.90081412435766	0.94889051098852	210.11730543421	raw_counts / DESeq2 median-of-ratios	5.475	9.132	315.848	407.96	315.848	407.96
MM_RS18615	-0.0882262216021257	0.711174224799876	0.901270054155827	0.949081331418972	41.5079813401593	raw_counts / DESeq2 median-of-ratios	3.044	5.082	185.414	244.236	185.414	244.236
MM_RS14990	-0.0969436244956525	0.800563627907349	0.903616410806694	0.949604876530406	2133.08330349006	raw_counts / DESeq2 median-of-ratios	171.882	209.682	9339.837	9663.775	9339.837	9663.775
MM_RS04425	0.0814071112886968	0.672047268322383	0.903585680163772	0.949604876530406	218.530910550235	raw_counts / DESeq2 median-of-ratios	2.227	3.286	122.837	146.363	122.837	146.363
MM_RS00940	0.0753389669248761	0.622640592428426	0.90369172818629	0.949604876530406	93.9593062765989	raw_counts / DESeq2 median-of-ratios	0.875	1.361	49.481	64.362	49.481	64.362
MM_RS07740	-0.0621942993775943	0.512434885709685	0.903397858246556	0.949604876530406	688.95810254707	raw_counts / DESeq2 median-of-ratios	2.378	4.202	144.821	194.648	144.821	194.648
MM_RS00610	0.0616604630894437	0.502817759066111	0.902400221124446	0.949604876530406	80.7879482645335	raw_counts / DESeq2 median-of-ratios	7.76	14.293	463.886	640.506	463.886	640.506
MM_RS02365	0.0590806455007019	0.485407380803074	0.903125898016039	0.949604876530406	621.981613275763	raw_counts / DESeq2 median-of-ratios	1.995	3.852	120.977	169.657	120.977	169.657
MM_RS10185	-0.056580328953973	0.460021670011949	0.902111119897716	0.949604876530406	437.937477593662	raw_counts / DESeq2 median-of-ratios	14.769	25.842	891.546	1157.186	891.546	1157.186
MM_RS04510	-0.0607839115338732	0.507871491896848	0.904733756322708	0.95041070387428	329.928862459918	raw_counts / DESeq2 median-of-ratios	1.794	3.217	109.086	141.116	109.086	141.116
MM_RS04400	-0.054397353677809	0.461899652786344	0.906250875740721	0.951521655622436	112.350147324156	raw_counts / DESeq2 median-of-ratios	2.142	3.457	125.656	155.774	125.656	155.774
MM_RS12240	0.049730084384839	0.422682897430233	0.906342283438857	0.951521655622436	271.259587527005	raw_counts / DESeq2 median-of-ratios	4.17	7.28	245.191	328.151	245.191	328.151
MM_RS06545	-0.108857269302463	0.947024739306248	0.908487452247575	0.952037518223035	10551.1641263298	raw_counts / DESeq2 median-of-ratios	10219.817	21538.649	680623.63	1066071.736	680623.63	1066071.736
MM_RS13890	0.0729620147225423	0.627455435283799	0.90742874534862	0.952037518223035	104.103184883114	raw_counts / DESeq2 median-of-ratios	4.07	6.351	227.743	275.745	227.743	275.745
MM_RS03690	-0.0672100677265476	0.584002888384158	0.908377619802023	0.952037518223035	55.7573759636421	raw_counts / DESeq2 median-of-ratios	2.508	3.888	144.121	168.645	144.121	168.645
MM_RS16275	-0.0628126412328727	0.544043696828089	0.908084375648815	0.952037518223035	48.3711191319476	raw_counts / DESeq2 median-of-ratios	0.44	0.69	25.644	31.327	25.644	31.327
MM_RS08505	0.0604914188383259	0.52466869945813	0.908211692416933	0.952037518223035	177.225256218763	raw_counts / DESeq2 median-of-ratios	0.339	0.575	19.577	24.812	19.577	24.812
MM_RS16635	-0.0601823097843139	0.51938259409771	0.907753361561288	0.952037518223035	91.1901493788756	raw_counts / DESeq2 median-of-ratios	0.48	0.73	27.743	33.78	27.743	33.78
MM_RS16930	0.0649034878047384	0.566452127532184	0.908778868341679	0.952054052548425	64.3302550652093	raw_counts / DESeq2 median-of-ratios	0.298	0.474	16.94	21.597	16.94	21.597
MM_RS18815	-0.172939698415323	1.532951162294	0.910177322677862	0.95210116826856	3.36246178406261	raw_counts / DESeq2 median-of-ratios	0.201	0.238	11.058	11.592	11.058	11.592
MM_RS19095	-0.166950045103774	1.47594420696746	0.909940126375032	0.95210116826856	3.53031950565059	raw_counts / DESeq2 median-of-ratios	0.145	0.23	9.076	11.194	9.076	11.194
MM_RS06550	-0.106595317655495	0.946767833046898	0.910356679238253	0.95210116826856	10531.1737998873	raw_counts / DESeq2 median-of-ratios	10197.654	21513.474	679007.857	1064993.194	679007.857	1064993.194
MM_RS10825	0.0831409433318875	0.740768242398014	0.910636201189748	0.95210116826856	33.2910452713211	raw_counts / DESeq2 median-of-ratios	0.283	0.61	17.943	27.067	17.943	27.067
MM_RS03405	0.0734739527154855	0.656319150888485	0.91086423085798	0.95210116826856	442.258562877316	raw_counts / DESeq2 median-of-ratios	2.321	3.904	132.817	162.042	132.817	162.042
MM_RS03345	-0.0636538854157564	0.567069405188913	0.910624703441741	0.95210116826856	41.4687355579765	raw_counts / DESeq2 median-of-ratios	1.826	2.83	105.881	128.188	105.881	128.188
MM_RS10950	-0.0554748936796604	0.495595141673475	0.91087422264366	0.95210116826856	500.404784991401	raw_counts / DESeq2 median-of-ratios	2.649	4.686	161.018	215.365	161.018	215.365
MM_RS13090	0.0507331083318809	0.455442504650971	0.911304708250104	0.95210116826856	191.377839569514	raw_counts / DESeq2 median-of-ratios	1.292	2.137	74.584	96.87	74.584	96.87
MM_RS12330	0.0472110321458912	0.423111338412955	0.911155926536914	0.95210116826856	777.681394813533	raw_counts / DESeq2 median-of-ratios	3.136	5.216	181.286	232.966	181.286	232.966
MM_RS19130	-0.0481692096797541	0.435960568127925	0.912020913842973	0.952561305235449	348.541013549921	raw_counts / DESeq2 median-of-ratios	1.104	1.864	65.565	82.627	65.565	82.627
MM_RS18800	-0.241287611554953	2.20868738842157	0.913008327822942	0.952567373597221	2.29780820372584	raw_counts / DESeq2 median-of-ratios	0.423	0.414	22.517	21.479	22.517	21.479
MM_RS14085	-0.0677640914261426	0.615731310977004	0.912366036881338	0.952567373597221	77.7323717119878	raw_counts / DESeq2 median-of-ratios	0.555	0.779	31.054	34.807	31.054	34.807
MM_RS14910	-0.057963457206795	0.533027431557303	0.913405657601041	0.952567373597221	61.9142965725328	raw_counts / DESeq2 median-of-ratios	0.244	0.4	14.317	17.542	14.317	17.542
MM_RS12955	-0.0530188380882582	0.487415493470359	0.913380598841511	0.952567373597221	172.85441221411	raw_counts / DESeq2 median-of-ratios	20.44	33.511	1198.914	1457.461	1198.914	1457.461
MM_RS09310	0.0471320313559042	0.432700282242604	0.913261696822772	0.952567373597221	521.960053010312	raw_counts / DESeq2 median-of-ratios	0.791	1.425	47.116	64.904	47.116	64.904
MM_RS03710	-0.0848740981589247	0.79636176742509	0.915124316849179	0.952684984016146	8146.20462372449	raw_counts / DESeq2 median-of-ratios	8193.689	17202.613	538132.261	817298.959	538132.261	817298.959
MM_RS15630	0.0837287032262522	0.787007874717024	0.915274000078514	0.952684984016146	14.0078151233756	raw_counts / DESeq2 median-of-ratios	1.079	1.908	62.841	84.746	62.841	84.746
MM_RS02270	0.064045158609098	0.597152179150644	0.914589869533914	0.952684984016146	55.0121757216115	raw_counts / DESeq2 median-of-ratios	0.203	0.385	12.166	16.594	12.166	16.594
MM_RS14250	-0.0584605714352161	0.550642884426404	0.915449178329354	0.952684984016146	64.6852015710405	raw_counts / DESeq2 median-of-ratios	0.815	1.214	46.574	55.385	46.574	55.385
MM_RS13740	-0.0574049095994042	0.538460088510962	0.915098857079184	0.952684984016146	164.600867796848	raw_counts / DESeq2 median-of-ratios	0.689	0.994	39.054	45.822	39.054	45.822
MM_RS04870	0.051189964652261	0.481278890776429	0.915294846086437	0.952684984016146	87.1837376265182	raw_counts / DESeq2 median-of-ratios	0.699	1.232	41.191	55.29	41.191	55.29
MM_RS07770	-0.0436943021206989	0.406954775473621	0.914496295787113	0.952684984016146	821.050408690664	raw_counts / DESeq2 median-of-ratios	5.341	8.897	315.759	398.873	315.759	398.873
MM_RS14335	0.0814777372348542	0.772713803924183	0.916023808772586	0.952895489651837	25.4196617818041	raw_counts / DESeq2 median-of-ratios	0.494	0.799	27.682	34.173	27.682	34.173
MM_RS02075	0.0792814900204802	0.755172099946063	0.916387976932288	0.952895489651837	18658.4459255901	raw_counts / DESeq2 median-of-ratios	18293.184	41979.603	1189006.185	1990938.338	1189006.185	1990938.338
MM_RS09295	0.0482198024893738	0.459806255865317	0.916479101512276	0.952895489651837	176.709928011926	raw_counts / DESeq2 median-of-ratios	1.39	2.513	82.945	114.258	82.945	114.258
MM_RS14315	0.0680284335812452	0.652580745368633	0.91697473664231	0.953123906218037	96.9506479569336	raw_counts / DESeq2 median-of-ratios	0.98	1.476	54.428	65.104	54.428	65.104
MM_RS09005	0.467793123796437	4.56903731413404	0.918452437680653	0.953798773225789	35.7747777035489	raw_counts / DESeq2 median-of-ratios	0.121	0.197	6.448	10.216	6.448	10.216
MM_RS01810	-0.0746346969378422	0.728593692209002	0.918410094284648	0.953798773225789	25.0550353069802	raw_counts / DESeq2 median-of-ratios	0.327	0.496	18.56	21.258	18.56	21.258
MM_RS17290	-0.064926573600947	0.630250787836691	0.917949443189072	0.953798773225789	30.5236460973243	raw_counts / DESeq2 median-of-ratios	0.247	0.393	14.329	17.184	14.329	17.184
MM_RS07585	0.062490306021608	0.62559033683397	0.920431544728681	0.954992657102092	34.8519017113949	raw_counts / DESeq2 median-of-ratios	0.627	1.147	37.712	53.008	37.712	53.008
MM_RS08160	0.0503748115735194	0.503682667676705	0.920334009523504	0.954992657102092	241.409175380506	raw_counts / DESeq2 median-of-ratios	1.322	2.351	78.658	109.974	78.658	109.974
MM_RS07940	0.0497537044083759	0.49636261060681	0.920156483400234	0.954992657102092	165.697541702026	raw_counts / DESeq2 median-of-ratios	2.274	3.722	131.325	172.592	131.325	172.592
MM_RS15080	0.449512041311721	4.59123541768475	0.922006495141904	0.955094384449079	8.45964053244389	raw_counts / DESeq2 median-of-ratios	0.119	0.19	6.32	9.858	6.32	9.858
MM_RS11195	-0.0758223953179682	0.770603295318581	0.921619794689456	0.955094384449079	15.7908592203128	raw_counts / DESeq2 median-of-ratios	0.22	0.338	12.61	14.998	12.61	14.998
MM_RS08405	0.0628097803788565	0.648056207666719	0.922789714204883	0.955094384449079	1043.39980453687	raw_counts / DESeq2 median-of-ratios	10.385	22.122	657.587	1035.74	657.587	1035.74
MM_RS12915	-0.0606219243217433	0.616283061400704	0.921640866900651	0.955094384449079	123.749360089868	raw_counts / DESeq2 median-of-ratios	2.375	3.309	132.434	146.568	132.434	146.568
MM_RS03205	-0.0508044912627178	0.517184287457141	0.921747390809637	0.955094384449079	175.582571654883	raw_counts / DESeq2 median-of-ratios	0.698	1.264	42.58	56.208	42.58	56.208
MM_RS13645	0.0455389174963566	0.466287577739022	0.922200111712014	0.955094384449079	312.204252699267	raw_counts / DESeq2 median-of-ratios	0.966	1.79	57.89	78.872	57.89	78.872
MM_RS07915	0.0455131239064475	0.466598117777314	0.922295624142129	0.955094384449079	184.237013920794	raw_counts / DESeq2 median-of-ratios	1.156	2.093	68.682	92.123	68.682	92.123
MM_RS13700	-0.0424097720792913	0.436131111851782	0.922535106189382	0.955094384449079	936.838098715496	raw_counts / DESeq2 median-of-ratios	1.56	2.404	89.721	107.13	89.721	107.13
MM_RS06740	-0.0402001872191715	0.416011096868052	0.923018255729886	0.955094384449079	343.627264327761	raw_counts / DESeq2 median-of-ratios	1.476	2.422	86.782	108.84	86.782	108.84
MM_RS03330	0.0513242190609067	0.538053247816419	0.924006062871072	0.955543994358288	232.520089694982	raw_counts / DESeq2 median-of-ratios	12.774	25.239	786.869	1149.392	786.869	1149.392
MM_RS05135	-0.0481239930157113	0.503253584476461	0.923817826691843	0.955543994358288	249.179159377121	raw_counts / DESeq2 median-of-ratios	1.256	2.268	76.424	100.271	76.424	100.271
MM_RS09790	-0.109627893770595	1.15641335395384	0.924473750192094	0.955741494511671	7.2613092609762	raw_counts / DESeq2 median-of-ratios	0.075	0.095	4.134	4.506	4.134	4.506
MM_RS13705	0.292550210587549	3.26747707979509	0.92865755399513	0.958495910599706	107.767635629217	raw_counts / DESeq2 median-of-ratios	0.206	0.652	14.454	31.745	14.454	31.745
MM_RS16205	0.0623858685328621	0.693259537571551	0.92829580019072	0.958495910599706	20.0236484443203	raw_counts / DESeq2 median-of-ratios	1.279	2.196	74.495	99.095	74.495	99.095
MM_RS06190	0.0599891394106534	0.670698135075804	0.928729986274154	0.958495910599706	48.4896960992434	raw_counts / DESeq2 median-of-ratios	0.237	0.454	14.187	19.117	14.187	19.117
MM_RS13815	0.0571479730383261	0.632238117333557	0.927977341200492	0.958495910599706	30.9660188725881	raw_counts / DESeq2 median-of-ratios	0.161	0.275	9.45	12.801	9.45	12.801
MM_RS01975	-0.0451626029742982	0.50545234036751	0.928803072604868	0.958495910599706	421.385272263788	raw_counts / DESeq2 median-of-ratios	4.823	8.551	292.886	395.268	292.886	395.268
MM_RS11850	-0.0432383822781109	0.478706163498892	0.92803020241622	0.958495910599706	175.352318282091	raw_counts / DESeq2 median-of-ratios	0.714	1.252	43.043	56.368	43.043	56.368
MM_RS03240	-0.0495635321472913	0.574473174318644	0.931246622794264	0.960730536180223	154.021526939719	raw_counts / DESeq2 median-of-ratios	6.472	12.211	400.181	535.402	400.181	535.402
MM_RS14275	-0.0476823606226556	0.557728036359929	0.931868722498267	0.960883385508694	388.949113323231	raw_counts / DESeq2 median-of-ratios	0.809	1.171	45.529	51.151	45.529	51.151
MM_RS15660	-0.0470030242392421	0.555222663949791	0.932534742077808	0.960883385508694	76.4546434694797	raw_counts / DESeq2 median-of-ratios	0.554	0.849	32.061	39.727	32.061	39.727
MM_RS13255	-0.0418148526644016	0.494271158261075	0.932580182930192	0.960883385508694	171.099623029708	raw_counts / DESeq2 median-of-ratios	1.14	1.878	66.768	81.487	66.768	81.487
MM_RS08870	-0.0373645804688741	0.442936853375641	0.932773031783847	0.960883385508694	486.825474298425	raw_counts / DESeq2 median-of-ratios	3.118	5.29	184.83	232.613	184.83	232.613
MM_RS01450	-0.03651131707873	0.432903991704162	0.932785753216749	0.960883385508694	499.678176963387	raw_counts / DESeq2 median-of-ratios	7.295	12.357	434.024	563.734	434.024	563.734
MM_RS10035	0.0432612385485484	0.518412444470195	0.933494162230142	0.961326427055131	190.917569951683	raw_counts / DESeq2 median-of-ratios	1.394	2.192	79.441	101.356	79.441	101.356
MM_RS17695	0.047199338622751	0.572035359861935	0.934240192044554	0.961807935416361	64.1004283707627	raw_counts / DESeq2 median-of-ratios	0.282	0.483	16.322	20.822	16.322	20.822
MM_RS19555	0.0660683850593455	0.814539310532227	0.935353397528703	0.962667054548313	14.3231435339809	raw_counts / DESeq2 median-of-ratios	1.195	2.08	70.984	97.781	70.984	97.781
MM_RS02760	-0.361045334297197	4.56802195456838	0.937002743586182	0.963197227820498	41.4963404003569	raw_counts / DESeq2 median-of-ratios	0.105	0.206	7.367	10.688	7.367	10.688
MM_RS19620	-0.0645959161999964	0.811742609661743	0.936573811450851	0.963197227820498	23.1409494554427	raw_counts / DESeq2 median-of-ratios	10.211	18.696	641.385	885.202	641.385	885.202
MM_RS16465	-0.0531450402919707	0.663813786017799	0.936189405865502	0.963197227820498	30.4684229151834	raw_counts / DESeq2 median-of-ratios	1.188	1.737	67.562	80.279	67.562	80.279
MM_RS08070	-0.0427666034050994	0.538733977523369	0.936727570610162	0.963197227820498	73.9364651090382	raw_counts / DESeq2 median-of-ratios	0.346	0.523	19.727	23.579	19.727	23.579
MM_RS02170	-0.0409275129973698	0.519974898749916	0.937262849653935	0.963197227820498	83.9237871638224	raw_counts / DESeq2 median-of-ratios	0.904	1.397	51.879	61.757	51.879	61.757
MM_RS09665	0.0440331168842947	0.563058556197731	0.937666224449588	0.963325145523164	42.8865354539231	raw_counts / DESeq2 median-of-ratios	0.214	0.385	12.744	17.182	12.744	17.182
MM_RS07220	0.0345108049756112	0.455573137875294	0.939616005506843	0.965041237888979	852.527286760332	raw_counts / DESeq2 median-of-ratios	4.104	6.584	234.961	292.589	234.961	292.589
MM_RS11900	-0.0436200477961757	0.578951637368275	0.939941679654258	0.965088751939895	76.7676900478294	raw_counts / DESeq2 median-of-ratios	0.403	0.584	22.761	26.546	22.761	26.546
MM_RS09655	-0.0427027014803864	0.586519938565534	0.941959776102703	0.966586175477937	1600.05796630638	raw_counts / DESeq2 median-of-ratios	14.97	29.307	940.368	1334.247	940.368	1334.247
MM_RS17450	-0.0333737286559535	0.458346973019358	0.941954734049652	0.966586175477937	125.789761652333	raw_counts / DESeq2 median-of-ratios	0.793	1.284	46.385	58.241	46.385	58.241
MM_RS12705	0.329067751663468	4.57334357331324	0.942638970082282	0.966637696297216	21.8110047436862	raw_counts / DESeq2 median-of-ratios	0.098	0.16	5.248	6.193	5.248	6.193
MM_RS08545	0.0366258072656973	0.513418395555391	0.943129425744533	0.966637696297216	1164.42598207816	raw_counts / DESeq2 median-of-ratios	7.945	12.233	450.606	565.525	450.606	565.525
MM_RS19020	-0.033683951764844	0.468447305723418	0.942677089192189	0.966637696297216	103.301340529564	raw_counts / DESeq2 median-of-ratios	0.815	1.33	47.771	60.087	47.771	60.087
MM_RS08120	-0.0302779946105498	0.423583623968974	0.943015295919723	0.966637696297216	273.873899218861	raw_counts / DESeq2 median-of-ratios	1.253	2.056	73.424	91.953	73.424	91.953
MM_RS10495	-0.0858352564991016	1.21719243467698	0.943780537058156	0.967018088104085	5.12987429994556	raw_counts / DESeq2 median-of-ratios	0.074	0.105	4.245	4.996	4.245	4.996
MM_RS05410	0.0331403800769206	0.472692822263258	0.944106298877135	0.967064992977943	289.673441580814	raw_counts / DESeq2 median-of-ratios	1.868	3.023	107.788	139.709	107.788	139.709
MM_RS17670	-0.0486388202978482	0.701430754861832	0.944717157959709	0.967078966436383	22.8611526053089	raw_counts / DESeq2 median-of-ratios	3.33	4.937	189.42	225.744	189.42	225.744
MM_RS09195	-0.0300287358269757	0.43161780466302	0.944533914436698	0.967078966436383	226.416306894917	raw_counts / DESeq2 median-of-ratios	1.727	2.882	101.946	130.186	101.946	130.186
MM_RS17510	0.0294815488352649	0.427037787190254	0.944959904957381	0.967078966436383	774.52795377889	raw_counts / DESeq2 median-of-ratios	2.26	4.082	134.984	182.373	134.984	182.373
MM_RS13690	0.0305243341220997	0.454887612319969	0.946499686948159	0.968367866919118	136.955631975691	raw_counts / DESeq2 median-of-ratios	3.494	5.864	203.691	265.632	203.691	265.632
MM_RS17345	-0.0365285897490299	0.557880405575676	0.947793855259573	0.969145238970698	661.753461433614	raw_counts / DESeq2 median-of-ratios	2.978	5.748	185.531	258.413	185.531	258.413
MM_RS03735	0.0266783470152895	0.407652977581428	0.947820676677191	0.969145238970698	572.845000607057	raw_counts / DESeq2 median-of-ratios	3.469	5.869	202.947	265.025	202.947	265.025
MM_RS07725	-0.0393183500039884	0.611851246706237	0.948762176340289	0.969820821864267	107.443697470978	raw_counts / DESeq2 median-of-ratios	3.517	5.054	196.802	221.769	196.802	221.769
MM_RS07025	-0.0542313568213415	0.87313770588422	0.950474527681744	0.971014022793461	5504.79469960782	raw_counts / DESeq2 median-of-ratios	5673.61	11512.425	366492.349	572105.07	366492.349	572105.07
MM_RS16915	0.0387405692837485	0.623949266981832	0.950491722948666	0.971014022793461	633.216066888608	raw_counts / DESeq2 median-of-ratios	10.504	21.397	658.474	1004.414	658.474	1004.414
MM_RS11255	0.0381058706561849	0.627482395239512	0.951575680053591	0.971259574144534	357.543224582278	raw_counts / DESeq2 median-of-ratios	3.848	7.17	230.034	299.094	230.034	299.094
MM_RS16855	-0.0296868274552075	0.484252281134559	0.951116734221212	0.971259574144534	483.904702496125	raw_counts / DESeq2 median-of-ratios	2.748	4.208	158.01	195.351	158.01	195.351
MM_RS10530	0.0296294339464453	0.48595765589591	0.95138212492609	0.971259574144534	530.800033915851	raw_counts / DESeq2 median-of-ratios	4.652	7.503	268.585	349.823	268.585	349.823
MM_RS17540	-0.0285180902141049	0.483357445461616	0.952952106577823	0.97208995160065	399.219137535075	raw_counts / DESeq2 median-of-ratios	0.468	0.704	26.683	32.226	26.683	32.226
MM_RS10590	0.0271434144862862	0.458419005694215	0.952784106070945	0.97208995160065	286.011193224001	raw_counts / DESeq2 median-of-ratios	4.375	7.246	253.107	318.693	253.107	318.693
MM_RS00055	-0.031264097782511	0.53502306040479	0.953402098835853	0.97226183920255	147.12119631617	raw_counts / DESeq2 median-of-ratios	2.875	4.324	164.511	201.753	164.511	201.753
MM_RS09630	0.0377536329222249	0.666447472166652	0.954824740980392	0.973425222947542	2013.27338320145	raw_counts / DESeq2 median-of-ratios	3.633	7.986	232.414	348.62	232.414	348.62
MM_RS09780	0.0327285491909621	0.597889690925529	0.956345511771023	0.974687930851907	37.2179498248053	raw_counts / DESeq2 median-of-ratios	0.291	0.469	16.693	21.26	16.693	21.26
MM_RS07525	0.0395362036563418	0.732377135704741	0.956948394417145	0.974727146657864	11874.6153078781	raw_counts / DESeq2 median-of-ratios	98.692	225.51	6445.673	10309.648	6445.673	10309.648
MM_RS00445	-0.0331741890684143	0.610742738362577	0.956681984895714	0.974727146657864	48.9700567443132	raw_counts / DESeq2 median-of-ratios	0.295	0.437	16.648	19.487	16.648	19.487
MM_RS11280	0.0449447284530767	0.850752552607451	0.957867853668916	0.975062637915455	12.7584769786931	raw_counts / DESeq2 median-of-ratios	0.081	0.127	4.603	5.826	4.603	5.826
MM_RS14195	-0.0379626506646084	0.723000795441346	0.958124665050681	0.975062637915455	54.7435963076418	raw_counts / DESeq2 median-of-ratios	0.27	0.379	14.922	16.417	14.922	16.417
MM_RS03295	0.021573963013105	0.409200580173275	0.957953234642852	0.975062637915455	520.910486718322	raw_counts / DESeq2 median-of-ratios	27.939	47.182	1635.424	2132.184	1635.424	2132.184
MM_RS02500	-0.0423611258787444	0.833499011308965	0.959466366621655	0.975853012459127	54.8469388630403	raw_counts / DESeq2 median-of-ratios	0.842	1.099	46.359	53.317	46.359	53.317
MM_RS14235	0.0240889875410366	0.471372590527786	0.959242711718143	0.975853012459127	129.833417387594	raw_counts / DESeq2 median-of-ratios	0.184	0.308	10.713	13.617	10.713	13.617
MM_RS06185	-0.0245312770042175	0.508295556519426	0.961507569213126	0.977641196368012	68.0757747969758	raw_counts / DESeq2 median-of-ratios	0.353	0.596	20.859	26.522	20.859	26.522
MM_RS14595	0.0225581150188118	0.47170528108917	0.961857722886091	0.97770940990246	140.745611224305	raw_counts / DESeq2 median-of-ratios	0.751	1.319	44.671	60.294	44.671	60.294
MM_RS06315	-0.0236109546487128	0.499019588460457	0.96226242423434	0.977833013623245	1210.16809024234	raw_counts / DESeq2 median-of-ratios	7.08	10.797	403.321	471.567	403.321	471.567
MM_RS14770	-0.0253856987571816	0.553047090540427	0.96338874747056	0.978689627577445	122.301615318998	raw_counts / DESeq2 median-of-ratios	0.428	0.647	24.513	30.369	24.513	30.369
MM_RS03090	0.0235065233770642	0.526332608443948	0.964377546274106	0.979406070223688	856.334374579172	raw_counts / DESeq2 median-of-ratios	3.106	6.111	191.548	271.298	191.548	271.298
MM_RS11855	-0.0243142279281409	0.571630785800678	0.966072333108606	0.979787213992277	87.085349855829	raw_counts / DESeq2 median-of-ratios	0.536	0.809	30.686	37.919	30.686	37.919
MM_RS14630	0.0242647879730232	0.55987882763046	0.965431018922122	0.979787213992277	1412.40865379147	raw_counts / DESeq2 median-of-ratios	4.893	9.493	301.885	442.848	301.885	442.848
MM_RS04945	-0.0213847672583602	0.496381951775296	0.965636746003391	0.979787213992277	658.733836913115	raw_counts / DESeq2 median-of-ratios	2.576	3.849	146.019	171.691	146.019	171.691
MM_RS13650	-0.0188403941592431	0.435853008175659	0.965520991670186	0.979787213992277	209.023663137491	raw_counts / DESeq2 median-of-ratios	0.861	1.405	50.213	62.769	50.213	62.769
MM_RS10220	0.0179787205225129	0.423917942256347	0.966171178592269	0.979787213992277	614.627956961519	raw_counts / DESeq2 median-of-ratios	9.228	16.382	549.142	730.11	549.142	730.11
MM_RS04030	-0.139753298337469	3.3584868423721	0.966808020239582	0.9801452603192	216.473108863273	raw_counts / DESeq2 median-of-ratios	0.699	1.09	40.769	42.153	40.769	42.153
MM_RS00190	0.0212610991787915	0.517978176071309	0.967258967072446	0.980314692566969	115.034963886755	raw_counts / DESeq2 median-of-ratios	0.181	0.282	10.312	12.79	10.312	12.79
MM_RS00250	0.0195735116980252	0.500684133525817	0.968815816945612	0.981343424195344	648.938995223766	raw_counts / DESeq2 median-of-ratios	6.506	12.207	396.421	561.319	396.421	561.319
MM_RS13385	0.0186024427421146	0.476248152555081	0.968842234078205	0.981343424195344	147.244861756237	raw_counts / DESeq2 median-of-ratios	0.967	1.586	55.837	70.042	55.837	70.042
MM_RS04020	-0.0219365977192811	0.574336211257901	0.969532448779545	0.981754640306229	68.3474039887199	raw_counts / DESeq2 median-of-ratios	0.685	1.05	38.909	46.045	38.909	46.045
MM_RS01260	0.0259679190173702	0.716791225528262	0.971100552638354	0.98277566737819	28.7427818901811	raw_counts / DESeq2 median-of-ratios	3.022	4.53	168.724	203.075	168.724	203.075
MM_RS06815	-0.0189844765776924	0.52419594995891	0.971109829983139	0.98277566737819	180.869539971671	raw_counts / DESeq2 median-of-ratios	2.348	3.512	133.489	161.982	133.489	161.982
MM_RS12825	-0.0206641286310685	0.58881490218257	0.972004435766201	0.983392888440673	230.481912685766	raw_counts / DESeq2 median-of-ratios	4.982	7.097	278.079	318.714	278.079	318.714
MM_RS09795	-0.0202179688096288	0.588405962691242	0.972589619320677	0.983696792132831	42.8839078027638	raw_counts / DESeq2 median-of-ratios	0.19	0.292	10.889	13.32	10.889	13.32
MM_RS06155	0.0211193003733941	0.63979414501798	0.97366699249296	0.984498182690482	615.724305776415	raw_counts / DESeq2 median-of-ratios	24.169	35.946	1349.403	1534.232	1349.403	1534.232
MM_RS10810	-0.138760936868088	4.56548473414016	0.975753250266978	0.986318913205192	71.5260993508687	raw_counts / DESeq2 median-of-ratios	0.158	0.363	11.11	18.818	11.11	18.818
MM_RS08815	0.0163700811645241	0.570632651224505	0.977113746178164	0.987405172410585	84.6860980546808	raw_counts / DESeq2 median-of-ratios	1.209	1.834	68.452	84.468	68.452	84.468
MM_RS04710	0.0125055107132191	0.465143158863269	0.978551222734945	0.988304773196683	354.399575123332	raw_counts / DESeq2 median-of-ratios	1.052	1.659	60.213	73.91	60.213	73.91
MM_RS12235	0.0116713376320832	0.434623048938341	0.978576237502217	0.988304773196683	632.775548912856	raw_counts / DESeq2 median-of-ratios	4.949	7.916	284.843	355.243	284.843	355.243
MM_RS00535	0.0151306787304231	0.578846982373384	0.979146198094599	0.98848362035706	94.562330423719	raw_counts / DESeq2 median-of-ratios	1.601	2.426	90.797	112.892	90.797	112.892
MM_RS03225	0.0148570585455108	0.573315074148086	0.979325694517041	0.98848362035706	673.809213758554	raw_counts / DESeq2 median-of-ratios	24.756	36.294	1389.856	1687.727	1389.856	1687.727
MM_RS01180	-0.0127690149488177	0.534148369773428	0.980928090069399	0.989811750832516	90.0463193845081	raw_counts / DESeq2 median-of-ratios	0.259	0.474	15.695	20.914	15.695	20.914
MM_RS18045	0.0161372357701603	0.814924985739242	0.984201233149912	0.992414429423032	13.1065137385115	raw_counts / DESeq2 median-of-ratios	0.957	1.714	57.534	77.256	57.534	77.256
MM_RS09205	-0.0119861498473508	0.598814400234632	0.984030234877567	0.992414429423032	93.3090779849485	raw_counts / DESeq2 median-of-ratios	0.471	0.693	26.644	32.436	26.644	32.436
MM_RS16055	0.00905128263852762	0.462004467628487	0.984369379039753	0.992414429423032	542.695686747957	raw_counts / DESeq2 median-of-ratios	1.868	3.271	111.382	151.244	111.382	151.244
MM_RS16950	0.00934705530419627	0.505522271563687	0.985248036313071	0.993010422359307	327.319547679359	raw_counts / DESeq2 median-of-ratios	2.234	3.599	129.627	168.882	129.627	168.882
MM_RS07795	0.00963065314771097	0.539092788767737	0.985746904960061	0.993223398404916	62.0645511810204	raw_counts / DESeq2 median-of-ratios	0.308	0.488	17.642	21.852	17.642	21.852
MM_RS02560	-0.00740683368211225	0.46378758458402	0.987258074108016	0.994455931166255	738.531883202024	raw_counts / DESeq2 median-of-ratios	9.591	17.514	581.057	787.875	581.057	787.875
MM_RS05695	0.0132445368247461	1.03116503458291	0.989752056619858	0.995769568757791	7.08048690128147	raw_counts / DESeq2 median-of-ratios	0.144	0.237	8.427	10.933	8.427	10.933
MM_RS03470	0.00863346904806446	0.663719329972533	0.989621641111178	0.995769568757791	4168.05888510959	raw_counts / DESeq2 median-of-ratios	4344.547	9238.854	278311.97	425371.765	278311.97	425371.765
MM_RS14000	0.0075613525439785	0.566107385506103	0.989343175470876	0.995769568757791	332.632032431303	raw_counts / DESeq2 median-of-ratios	0.693	1.012	38.807	46.057	38.807	46.057
MM_RS16145	-0.00712532752739921	0.5701507478476	0.99002888119925	0.995769568757791	76.3060424058447	raw_counts / DESeq2 median-of-ratios	0.451	0.689	25.789	32.131	25.789	32.131
MM_RS08875	-0.00635017069792632	0.521895666971808	0.990291971245805	0.995769568757791	100.844831403008	raw_counts / DESeq2 median-of-ratios	0.465	0.851	28.165	37.648	28.165	37.648
MM_RS01335	0.00497000423392095	0.40700354023485	0.990257109080904	0.995769568757791	1862.99643916781	raw_counts / DESeq2 median-of-ratios	7.087	12.247	419.089	545.268	419.089	545.268
MM_RS00550	0.00529380436143956	0.471867525016388	0.991048851760586	0.995950751812937	193.583968178958	raw_counts / DESeq2 median-of-ratios	0.855	1.536	51.211	67.858	51.211	67.858
MM_RS17060	-0.00480518502646178	0.418675547825962	0.990842792719326	0.995950751812937	842.882466248429	raw_counts / DESeq2 median-of-ratios	3.175	5.534	188.826	246.959	188.826	246.959
MM_RS07440	0.00512985442217703	0.506138859671166	0.991913362330795	0.996529596710461	529.341251178877	raw_counts / DESeq2 median-of-ratios	1.264	2.362	76.656	102.968	76.656	102.968
MM_RS07130	-0.00485023245974993	0.534766011011696	0.992763428379607	0.997093597447852	1735.1727286206	raw_counts / DESeq2 median-of-ratios	3.651	5.594	207.26	241.752	207.26	241.752
MM_RS07060	0.00392896922212227	0.488074841378952	0.993577153011185	0.997330859198092	516.487825790786	raw_counts / DESeq2 median-of-ratios	3.262	5.324	188.597	230.581	188.597	230.581
MM_RS03230	-0.00354143132967607	0.4230947456149	0.993321542241824	0.997330859198092	1081.76342019311	raw_counts / DESeq2 median-of-ratios	5.874	9.426	339.412	420.063	339.412	420.063
MM_RS14135	-0.00753556337552697	1.03397088828354	0.994185081497569	0.99765115383283	20.4959456493269	raw_counts / DESeq2 median-of-ratios	0.177	0.413	11.997	19.031	11.997	19.031
MM_RS03150	0.00326485530480684	0.576285641978595	0.995479735193217	0.998080407941182	568.358567958983	raw_counts / DESeq2 median-of-ratios	1.601	2.366	90.485	111.541	90.485	111.541
MM_RS10295	0.00282174827859742	0.448198848088141	0.994976750782527	0.998080407941182	368.267818483524	raw_counts / DESeq2 median-of-ratios	18.795	32.159	1105.901	1409.732	1105.901	1409.732
MM_RS05925	0.00275537409400372	0.468025460835304	0.99530269625644	0.998080407941182	1261.77443175122	raw_counts / DESeq2 median-of-ratios	5.792	9.536	336.149	414.027	336.149	414.027
MM_RS10645	0.00248487247457353	0.537873273481165	0.996313937820803	0.998626912719981	149.560541805619	raw_counts / DESeq2 median-of-ratios	3.021	4.545	171.092	208.382	171.092	208.382
MM_RS18890	0.00134678777921761	0.753643277431061	0.998574152207085	0.999251247742551	104.826405560369	raw_counts / DESeq2 median-of-ratios	18.377	29.901	1081.038	1481.046	1081.038	1481.046
MM_RS08855	0.001246010770716	0.577000595281144	0.998277000072451	0.999251247742551	952.110544169653	raw_counts / DESeq2 median-of-ratios	6.322	12.741	396.187	570.862	396.187	570.862
MM_RS07865	-0.00115277562857703	0.426587185256126	0.997843862196416	0.999251247742551	411.427503025434	raw_counts / DESeq2 median-of-ratios	1.577	2.731	93.685	123.795	93.685	123.795
MM_RS09840	-0.00111688495825354	0.52475942451431	0.998301803550461	0.999251247742551	214.969047928405	raw_counts / DESeq2 median-of-ratios	2.353	4.47	144.494	200.838	144.494	200.838
MM_RS08565	0.00093711446563414	0.465968171123953	0.998395365378704	0.999251247742551	167.288293203452	raw_counts / DESeq2 median-of-ratios	1.046	1.715	60.665	75.653	60.665	75.653
MM_RS14030	-0.000875400059130311	0.557903252484264	0.998748048336362	0.999251247742551	181.771703636437	raw_counts / DESeq2 median-of-ratios	0.94	1.748	57.566	81.323	57.566	81.323
MM_RS15920	0.000778350723423172	0.637723919166258	0.999026171275286	0.999251247742551	28.8778791731191	raw_counts / DESeq2 median-of-ratios	0.05	0.079	2.886	3.604	2.886	3.604
MM_RS17505	0.000494505602545411	0.526954441426883	0.999251247742551	0.999251247742551	56.1918808589418	raw_counts / DESeq2 median-of-ratios	0.417	0.718	24.671	31.985	24.671	31.985
