gene_id	gene_name	Ribo_NitrogenMinus_rep1	Ribo_NitrogenMinus_rep2	Ribo_NitrogenPlus_rep1	Ribo_NitrogenPlus_rep2	RNA_NitrogenMinus_rep1	RNA_NitrogenMinus_rep2	RNA_NitrogenPlus_rep1	RNA_NitrogenPlus_rep2
MM_RS00005	MM_RS00005	76.656188997052	91.9467220056029	138.302088314146	225.318027812733	3.11445593558422	6.74439126271932	5.15562183376478	11.6859515715056
MM_RS00010	MM_RS00010	13.7073023850381	34.175774943492	134.618953419297	78.1932641538936	0.454478344257346	1.20925757372315	2.7415513209786	3.72155215866458
MM_RS00015	MM_RS00015	7.02324804753754	12.0542975812987	98.7244108918934	58.4581199573539	0.202847767309746	0.527258516213884	2.56475781734976	3.8348932243715
MM_RS00020	MM_RS00020	3.76126686695259	5.01123076446517	75.4497995668069	38.3479230592398	0.18718314582328	0.292970391046585	1.28218151896495	3.28451763705209
MM_RS00025	MM_RS00025	3.84506954526597	5.99795239261695	49.4177090207675	38.2180797482425	0.0929343398797079	0.369803178019464	1.67401137259583	3.17195281464471
MM_RS00030	MM_RS00030	6.20766289534488	7.80475939943995	123.221606783583	94.4457778816783	0.148053375397087	0.342070173179254	1.06696469837096	5.21106761071987
MM_RS00035	MM_RS00035	1.23115069560808	1.36882097419597	0.595864028245245	0.21164274876839	0.122992251253739	0.244971513813528	0.0532613834461772	0.0837674685246835
MM_RS00040	MM_RS00040	0.429772275258105	0.395885173869514	0.804647032214521	0.149314673876884	0.0299216972741487	0.0648121735271221	0.179337011033989	0.0777165883783181
MM_RS00045	MM_RS00045	6.367472653989	8.02407736422981	14.8642977197054	3.07998272664318	0.508282913710861	1.15339961884286	1.99989332413778	1.72319331713993
MM_RS00050	MM_RS00050	18.6074613884135	38.329569059902	82.3210673289677	26.3567998540254	1.4623287395216	3.88458328557879	5.87532163530195	13.2838706728708
MM_RS00055	MM_RS00055	9.09732173689761	23.2897962237847	21.8927855682301	5.46504191718051	0.158335269703204	0.251504894461222	0.203356518879951	0.168877456198561
MM_RS00060	MM_RS00060	6.80371996145127	15.3920525952703	15.6413824429991	5.44771441665552	0.100001581428602	0.361013230522567	0.128435844548022	0.106660283210933
MM_RS00065	MM_RS00065	22.7961229797367	18.2930946624263	5.24743462931289	2.96679747256206	1.15839648868918	0.679728080910065	0.283386766846171	0.804073530617018
MM_RS00070	MM_RS00070	4.55431986554993	3.78974499052452	3.81392706638701	1.16895532340011	0.136645444531943	0.236783893866418	0.233999861420697	0.0936932025187214
MM_RS00075	MM_RS00075	369.781610410885	837.749039232247	1528.34825922298	484.085039639619	26.3769001328063	51.4170313210504	61.294916232396	51.3303702556424
MM_RS00080	MM_RS00080	100.473508688205	198.367637347216	506.361438846061	131.880978239052	4.27421229503723	9.89529636340709	16.5728654247312	26.4464278795895
MM_RS00090	MM_RS00090	23.9685271352195	45.3650374240078	84.4634770810418	35.0900860045011	0.515293399384804	1.18321627353234	2.22239946473432	1.7573766542444
MM_RS00095	MM_RS00095	198.75683240849	360.93326171594	503.960788488963	286.39584899902	2.15648487346187	6.67651269439328	7.87820400361873	8.37226754687104
MM_RS00105	MM_RS00105	57.5965243521633	76.8096960967288	24.3219443882749	12.2117972821777	3.35735291849436	2.84424544714602	2.83634913910088	0.998675180750127
MM_RS00110	MM_RS00110	0.911661637439085	1.29787092262736	0.56180248328848	0.227922960212112	0.0365394322934312	0.0844209613202005	0.0469279936102966	0.0633274554119612
MM_RS00115	MM_RS00115	52.5871710659798	139.748494637555	208.138276782297	134.607470098147	0.769126104280501	1.06593820027374	1.11392653021725	3.4899453361537
MM_RS00120	MM_RS00120	36.4093430403511	21.8289658659433	24.2632085333371	4.21806561073389	0.224578456710972	1.54369634330509	0	0.926764510493322
MM_RS00125	MM_RS00125	39.2707268646308	27.0824880073413	18.5981286371096	4.90640970719977	1.787104017871	4.81543872550021	1.72857834798057	3.21733123441745
MM_RS00130	MM_RS00130	79.679129134715	88.6311525150028	39.6248414666877	12.4756812745294	1.17500779816983	3.03250306692957	0.998947024180724	1.33323922417416
MM_RS00135	MM_RS00135	29.7931700437541	53.229467156673	13.7644159553969	4.605307935811	1.79144243695225	2.79856653966214	1.32472464116171	1.84558525246641
MM_RS00145	MM_RS00145	9.41670163539541	17.1888396155144	7.91548991053936	1.75986046514795	0.323864914115192	0.698394471053476	0.23416905260064	0.5642048070861
MM_RS00150	MM_RS00150	5.13996150156476	6.50089696107062	3.38095014129306	1.65208415114538	0.0647720747290391	0.161896423142853	0.073947825047255	0.253316184297841
MM_RS00155	MM_RS00155	1.02474573194545	1.27116282868096	2.16267528151239	0.627453477176115	0.0384191868718071	0.0786801169222269	0.129589164424636	0.169497814573188
MM_RS00160	MM_RS00160	0.512978569026365	0.994725153637727	1.19172310280449	0.0564386139403714	0.0508941281860292	0.0783919219223286	0.213039894078711	0.12665809214892
MM_RS00165	MM_RS00165	2.58009532617037	5.27685611280909	6.33379283083314	1.33151101687703	0.105556846468802	0.294693797145977	0.195824691519472	0.403430185657672
MM_RS00170	MM_RS00170	42.6244128187519	38.0560336644009	0	4.22279278615561	1.02665021128301	1.26691674735279	1.428458573438	0
MM_RS00175	MM_RS00175	29.234544095147	28.3734326309385	12.8910365298905	7.59178622906891	3.44963797116463	6.49476828160743	2.10546016086345	2.42881120171609
MM_RS00180	MM_RS00180	3.88030149475514	3.86771927080103	1.1858480312049	0.359150335603085	0.0863642797953842	0.112473862610298	0	0.0230296116611668
MM_RS00185	MM_RS00185	0.11084232760016	0.206680585004221	0.603527380491916	0.167681249451134	0.00458133422604188	0.0370532311369207	0.0575419202987448	0.092856514044224
MM_RS00190	MM_RS00190	0.73675323256561	1.27689616618145	1.40832797697253	0.31996118888361	0.0288524165900725	0.066662385426469	0.0713704794061174	0.135063152793872
MM_RS00195	MM_RS00195	0.80361219996317	1.12262576419805	2.88686454566586	0.792666410008259	0.0481108200784339	0.0926316368673022	0.219703206715481	0.234581361384094
MM_RS00200	MM_RS00200	6.61448235290888	9.11021096939909	32.7154303223036	26.8780458973128	0.132175351820805	0.467619442934936	0.73562069156984	0.691661411809541
MM_RS00205	MM_RS00205	5.57076946248381	10.3947946152881	34.0383418915261	11.1944894177453	0.192041448719083	0.88419666943789	0.724459713399575	0.981104722785681
MM_RS00210	MM_RS00210	10.9954380235682	31.210953947992	61.1337857212878	26.2748032794861	0.536054698441867	0.86697125429397	1.25456669854519	1.30548852621583
MM_RS00215	MM_RS00215	2.14913826911504	2.56446666724348	7.36432299109936	1.726063830443	0.0284301528804373	0.110842678910874	0.413813427611526	0.439668658710905
MM_RS00220	MM_RS00220	0.379649349157975	0.509666105430172	2.61837971798819	0.877143622214597	0.0251110693133049	0.0652675216269614	0.243669137354461	0.207562368175324
MM_RS00225	MM_RS00225	2.41439360771219	3.41559575377838	4.91760335417382	7.43395360399771	0.149708376710657	0.307463717591469	0.740631570349164	0.514515691940946
MM_RS00230	MM_RS00230	0.809818326635825	1.5308011126319	1.75231193302223	0.561527656264251	0.0373113121927643	0.168317407740586	0.0924883585160508	0.123957147225543
MM_RS00240	MM_RS00240	5.93303579961014	6.81592783186639	2.70843772952309	1.56052644334647	0.0740255525810444	0.263678251256925	0.0845109943817202	0.203967470927483
MM_RS00245	MM_RS00245	7.78672410010033	10.8915295518992	8.32866199899323	5.96024537198041	0.256593310653312	0.539916040609417	0.34524870193947	0.386082420443092
MM_RS00250	MM_RS00250	29.0016000192265	60.1944662149012	35.5263449541712	23.992366097865	0.805440783309126	2.33333046937636	1.40051101036435	2.44504868450634
MM_RS00255	MM_RS00255	3.14049179139579	5.1121161379987	6.45378101319829	2.2575034874548	0.593754991152016	0.885822089237316	1.29761175457578	0.712903118821781
MM_RS00260	MM_RS00260	2.47113267485974	4.55202960254672	6.53662150422679	1.59452021481965	0.398873478450387	0.973609168156328	0.440683806839535	0.754801169046614
MM_RS00265	MM_RS00265	7.46196609097244	6.42744970271801	11.9790133998745	2.42819517963759	0.225915625124817	0.582197129044492	1.66653594229533	1.18625882793745
MM_RS00270	MM_RS00270	8.47770481882798	17.3984758962487	21.8550830640611	13.30497405327	0.551460513138557	1.25439467460721	1.46249701898961	1.44962481790426
MM_RS00275	MM_RS00275	1.45247858505373	2.6720869318005	2.24954807294735	1.17187130476364	0.128091199059334	0.129477367604296	0.255910119223365	0.307395527940357
MM_RS00280	MM_RS00280	0.32175478695425	0.643500364195586	4.19766435261094	0	4.54046999607719e-06	0.645017875122317	0.143823782363872	0.63748980974208
MM_RS00285	MM_RS00285	33.6667595499456	51.0180681373539	46.2517191298895	11.3866854457302	0.292991988376865	0.98465280055243	0.456128141715367	0.625012653099574
MM_RS00290	MM_RS00290	4.13032772800368	4.48923442232974	3.41266363908439	5.55015571686762	0.0726724925222134	0.182508129535577	0.0973949027344089	0.242642838929252
MM_RS00295	MM_RS00295	5.53686340363513	6.7557322394602	4.0112571483173	4.50499406988948	0.214516775199665	0.402703519207851	0.240530640966512	0.330943695576212
MM_RS00300	MM_RS00300	92.0563981366193	167.405847658999	173.334966883441	71.7578534582015	2.10512761733624	8.19366339625774	5.87886337066876	8.25125948791873
MM_RS00305	MM_RS00305	26.183419462865	32.504533770192	20.9147644795958	24.6068003343054	0.488575003692888	1.44239868279085	0.681730480904874	1.28829028327616
MM_RS00310	MM_RS00310	37.9664258771603	48.6191293336923	39.4762853771431	30.2499430005417	0.363085493941306	1.76347961412751	0.793371280990515	1.12014135050217
MM_RS00315	MM_RS00315	17.3399232482601	29.2719997436712	28.8706021626298	24.9603815562057	0.326207796633168	1.8048874717129	0.490017135058026	1.30015026286904
MM_RS00320	MM_RS00320	4.22855811993316	12.8550284945568	10.844693610473	8.2173176227547	0.506671046862253	2.26811770479938	1.22917956199468	2.229179876761
MM_RS00325	MM_RS00325	8.96877956797622	11.9580460620649	8.11169550574697	3.47288041275915	0.936199508491155	3.13929372414187	1.34310162315656	3.38441442331709
MM_RS00330	MM_RS00330	8.38379555241962	9.69672071246205	15.4791294116562	5.77085032891097	0.355373505652969	0.971470761257083	0.606556019803029	1.03202819203009
MM_RS00335	MM_RS00335	1.68411274491973	1.79636414208995	1.75870714165212	0.520794271526905	0.165752127441796	0.420196955701676	0.0814740127017365	0.351122840039091
MM_RS00340	MM_RS00340	4.24654284137193	4.68526292919834	8.09718615944412	5.4953311602172	0.133551114229616	0.3578027382237	0.379597331320976	0.446254001456949
MM_RS00345	MM_RS00345	3.55841891111265	6.17232508664401	6.88893756013356	8.46200131528311	0.0980650709752751	0.244276963863773	0.0979616931872192	0.307246005665447
MM_RS00350	MM_RS00350	5.259898693478	8.6115664040708	6.6888680898436	8.59888405171294	0.194195901732221	0.426563183249429	0.293521318524779	0.440505347185402
MM_RS00355	MM_RS00355	2.82882495551948	4.36674220079356	8.85946926896082	8.57679241262217	0.145344985044427	0.408412662155836	1.3722701825788	2.08260350879905
MM_RS00360	MM_RS00360	3.38056053268563	7.67032865990973	13.8266392052809	3.35258180695741	0.110222179389772	0.300137800694055	0.377502180542677	0.377874601948022
MM_RS00365	MM_RS00365	1.09593647458815	5.46147581221359	10.6325272389637	1.34276013371466	0.107082444387484	0.294987756045873	0.376151470956129	0.272350051761408
MM_RS00370	MM_RS00370	52.2295293715092	38.7945347187638	168.674672841322	38.4899970638999	2.33000574506695	2.75143801132878	3.94906313252853	2.1572692065042
MM_RS00375	MM_RS00375	3.21402547332288	4.03018460627699	17.9579984707414	6.91894611802181	0.146352969383556	0.222460602371474	0.527628334359441	1.04338552227327
MM_RS00380	MM_RS00380	8.4871404743097	13.1477981690482	34.5137619982939	30.1608289672657	0.209243019299221	0.850198305299891	0.733113842253679	1.14280510978855
MM_RS00385	MM_RS00385	14.5611653077896	24.7419687078384	22.7249552798774	5.61262343030329	1.71983922511412	2.49770536951834	0.635783796138249	2.09640727796575
MM_RS00390	MM_RS00390	32.3757627302071	47.315222381833	29.4873261626338	7.68768505278508	1.07838205618331	1.11230301185737	0.967313913237309	0.616171750929885
MM_RS00395	MM_RS00395	22.3542046942338	129.477029097414	180.369423923599	9.70968402848259	1.02875017865619	5.99504103373383	1.89654853157536	0.487665308957075
MM_RS00400	MM_RS00400	3.8047763144363	3.96587151605405	2.29628610038584	0.47912038012442	0.181916200627831	0.385285013413999	0.320180208777859	0.299127264270324
MM_RS00405	MM_RS00405	3.42520683820848	6.73730365463718	2.23627714814526	0.913880880379102	0.120181700326167	0.277747931151959	0.0849367921845777	0.109873421459002
MM_RS00410	MM_RS00410	17.3647211306406	26.1510877444505	3.04423324260979	1.86800230357495	0.540227390368262	1.4054261462539	0.354509099188371	0.680549043591215
MM_RS00415	MM_RS00415	2.19777822114539	5.13937619922	14.6043431393249	4.34178536086776	0.116399488819435	0.358580864723426	0.257720464848759	0.481550802310747
MM_RS00420	MM_RS00420	5.41132978174938	10.4632875222137	19.6426678213924	7.4970127277381	0.0994204012691041	0.459408767387835	0.529672727783757	0.777620813257907
MM_RS00425	MM_RS00425	3.15995149961133	6.9630716241151	20.3338011388477	2.40988610228741	0.0475001268639615	0.150901783896734	0.189798665660488	0.177320692743489
MM_RS00430	MM_RS00430	3.87327800176395	14.4437060467705	9.56057435634022	4.31462566402686	0.384271326943003	1.73870060803626	1.18815352071141	2.03221768347931
MM_RS00435	MM_RS00435	8.01349666095121	14.8229164673195	41.0586363434017	8.14818011532694	0.155860713555342	0.462996795136568	0.762589765652816	0.890564213340066
MM_RS00440	MM_RS00440	16.0861578636955	23.8313428906889	29.6809806095498	25.1146123282406	0.449018429087063	1.09507471476345	0.822328351437826	1.28376325780388
MM_RS00445	MM_RS00445	1.28202442725162	1.74651348473899	2.37852224172197	0.450568404857832	0.111881721173338	0.367336228820335	0.289068770639269	0.270062679087782
MM_RS00450	MM_RS00450	47.4832136188957	44.4340377825262	97.2370518084286	19.467062833831	1.70361385558314	2.99488497359284	4.05896690316675	4.58212283992266
MM_RS00455	MM_RS00455	66.651822278078	110.109855082886	35.9008337086275	16.9526121040569	1.95533978240065	9.5830774283173	2.16465733487264	4.73985293332792
MM_RS00460	MM_RS00460	5.62707721580855	8.28006999335707	4.06675824629514	2.46798395069379	0.310148154257042	1.1184588570552	0.483272046684283	0.706305050775745
MM_RS00465	MM_RS00465	12.8364904265087	15.5185287741535	6.14382392630333	4.7122874887086	0.449327181046797	1.35454243707186	0.302897329746642	0.702894670377793
MM_RS00470	MM_RS00470	6.0808353319907	8.4028337471817	10.2745243515255	7.24161793746871	0.3301057901248	0.781576193874114	1.23506741505671	1.06322744628635
MM_RS00480	MM_RS00480	16.0366739210366	34.5526261490757	35.1846198789389	31.6946639135958	0.220362630319614	0.610967635884336	1.16563417466095	1.37887214994675
MM_RS00485	MM_RS00485	1.2788721089417	1.03381690047728	0.840903060070623	0	0	0	0	0.149191417110385
MM_RS00490	MM_RS00490	24.8585511958809	31.2073082931683	16.5109772523993	13.0413652309907	0.771666497243306	2.1810856967801	1.20398981515411	1.53086949570545
MM_RS00495	MM_RS00495	2.8787268998462	5.95691095491932	4.38584993017966	1.49437062953832	0.224594348355958	0.680313116759858	0.486289289393274	0.875592897899059
MM_RS00505	MM_RS00505	7.85762996262549	15.7190620462011	9.38483243801108	3.62528766968778	0.146691234398264	0.435762367646181	0	0.290569500025464
MM_RS00510	MM_RS00510	5.09861394805711	10.048546434018	5.28721768160314	2.64859408652858	0.234156578167697	0.672399282062652	0.435354284671318	0.48522523268354
MM_RS00515	MM_RS00515	1.89298045726198	3.21304602063787	1.53701483195898	1.45237228387145	0.0658958410530682	0.242651544064347	0.0752308581618256	0.109819338934035
MM_RS00520	MM_RS00520	15.5100290936616	28.9765414543892	24.8137364272827	12.1660245888023	0.284957626718806	1.53622344695773	0.433758247873852	1.67162085759591
MM_RS00525	MM_RS00525	7.19860374081985	7.33485274319799	10.8937648240189	3.40219045328151	0.100589572293094	0.348609317726945	0.382789404915908	0.321861012706668
MM_RS00530	MM_RS00530	2.64469122721368	8.6039412432491	9.13655369553973	1.68058684221991	0.0226183512854585	0.0870867650692595	0.0946850240023157	0.112583910357374
MM_RS00535	MM_RS00535	5.23238513147233	12.854899405436	12.6620722091449	2.6525696780214	0.0678573240913736	0.333162065732398	0.0968365718405957	0.162845664002184
MM_RS00540	MM_RS00540	10.7415991891205	10.740148075411	4.97643828283169	1.98101095596785	2.87055323856994	1.17180086958637	0.196910334924108	1.92724350251736
MM_RS00545	MM_RS00545	3.44821822938469	9.64380307565625	6.41296759421941	2.31112058139976	0.0712513254134413	0.432131110647463	0.223693298709146	0.379974276446761
MM_RS00550	MM_RS00550	4.76342985911364	5.708921851278	5.1872522980622	2.72378122853167	0.186547480023829	0.484885205378842	0.331287609741142	0.502948394247895
MM_RS00555	MM_RS00555	22.9396493103543	47.4335748488075	69.5804346135009	19.1066968214904	0.561367818669997	2.66886437995792	1.97194576106413	2.23378325403324
MM_RS00560	MM_RS00560	5.11845172147537	8.5758398770685	12.7723561206302	4.62289417834431	0.551108626713861	1.05958061857598	1.09206139006257	1.32255951615558
MM_RS00565	MM_RS00565	0.61250822728628	0	0.990266600433676	0.222817939317928	0.0287911202451254	0	0.348031896849539	0.29249102032431
MM_RS00570	MM_RS00570	1.58317998552018	2.62725294476247	10.3663855047655	4.51744243540056	0.0408120145597398	0.135419948502198	0.214621831611181	0.200420293554614
MM_RS00575	MM_RS00575	16.037419401718	10.9590342593488	10.5326163459688	1.54614778031305	0.727882745071134	1.19223101312916	0.417442578421312	0.470183928092575
MM_RS00580	MM_RS00580	13.8795696583546	17.3202879512206	14.8181541345873	1.64679020751497	0.810006225890182	1.81950184015774	0.342496525412391	0.783945287354109
MM_RS00585	MM_RS00585	5.20950419941536	1.45699329501102	2.36375530374697	0.716431978923906	0	0	0	0.114845832431016
MM_RS00590	MM_RS00590	1.24813168055797	1.80848961674162	10.226230866682	9.35073904367975	0.0196556946130181	0.124886421255917	0.123416506209701	0.356387932910929
MM_RS00595	MM_RS00595	1.95004434099215	0.872620199463774	0.56628061543521	0.643626906203708	0.193467156297851	0.595993023689622	0.147247083904727	0.619044487403159
MM_RS00600	MM_RS00600	13.546454278302	18.1028796173401	27.890039833076	11.6221899574875	0.258559334161614	0.604177761686733	0.865418525116406	0.611091174907937
MM_RS00605	MM_RS00605	30.8568085678206	37.9036194749468	27.9255874838337	10.2676673299345	1.42501061662384	3.38076366870663	1.84112432087891	1.7349037744579
MM_RS00610	MM_RS00610	40.7130855494345	59.1846287314388	47.5916961473924	24.2940674935905	4.10764515323113	9.62236705265343	7.42499440975739	9.49249479314815
MM_RS00615	MM_RS00615	4.8130921846499	6.9527533971538	2.81817178186198	3.12477795020945	0.205696912232285	0.572444610247934	0.152782455341875	0.214106353696393
MM_RS00620	MM_RS00620	3.68405104294559	5.83911045521973	4.20287563028611	2.20752931670626	0.380727490111064	0.653459106669337	0.310468635049108	0.382875644845019
MM_RS00625	MM_RS00625	37.0410260957354	55.735843719583	60.9412409000364	15.6353893958612	0.835823338287877	2.16857226988452	1.03242713883852	1.40298023078227
MM_RS00630	MM_RS00630	1.93332693671175	2.15062920289299	1.04672375981009	0.540770797375105	0.433462778880503	0.694789151604748	0.352588779296014	0.381418597995894
MM_RS00635	MM_RS00635	62.4255458615161	135.799542699016	48.8516760896325	57.9426155224414	1.36743291660358	3.54470339439876	1.77475062098712	1.92417352389421
MM_RS00640	MM_RS00640	12.9373166886681	12.2071747110479	33.0126168066828	13.4382754717435	0.530236086141894	1.3952413349575	2.17754688293133	2.98480500898212
MM_RS00645	MM_RS00645	17.3229236262932	34.4207326784704	51.1096404750989	17.8405407503005	1.03376058729687	4.28762399293652	2.41364753483633	5.56648523950639
MM_RS00650	MM_RS00650	30.3786119974435	36.0707498197811	44.1575830479149	20.1185957458442	1.70778654750953	4.29044830393553	3.78752221377159	3.81635882493263
MM_RS00655	MM_RS00655	12.401579659411	16.771485585461	8.3013770964886	2.75195125130979	0.556100873474548	1.23666780016347	0.515832889264388	0.496744810501621
MM_RS00660	MM_RS00660	67.4315604592193	77.0936342948219	123.002559742216	59.4305504578999	1.39562923527922	1.88381255438504	2.64992865733326	1.8489447316644
MM_RS00665	MM_RS00665	2.65890860878039	4.93986673744038	2.1459664986242	1.0305981682245	0.165218622217257	0.214722566624206	0.110027844170182	0.220274942867688
MM_RS00670	MM_RS00670	52.5301710805938	88.229409365861	39.9962985653101	22.0836386235848	0.423705308858933	4.07897945886017	0.7255820148932	0.828515650577337
MM_RS00675	MM_RS00675	6.71233734206665	19.282349108154	8.13959466531598	3.17584869423131	0.262865969952893	0.751186031134841	0.505430451550869	0.693544756208409
MM_RS00680	MM_RS00680	146.060600181252	213.728196648375	40.6761226176206	22.1149299785267	5.85147168133453	11.8958134830009	1.92828879693274	1.29625950239638
MM_RS00685	MM_RS00685	112.060251338535	135.802284729995	26.869664729116	7.76016977825689	6.99357696367779	10.3329406444026	2.69689894873854	1.15801502460442
MM_RS00690	MM_RS00690	2.47161191244064	5.31970034684811	4.34259434400129	2.44959684003951	0.139203999374732	0.300440405443948	0.217472702993227	0.308668057939593
MM_RS00695	MM_RS00695	14.419736972804	14.1151831371828	3.47586276511092	1.39434014772114	0.502945591230472	1.14051442039741	0.574184107373862	0.66557454682521
MM_RS00700	MM_RS00700	7473.34654048122	23918.3006920911	8428.64407150232	15797.811385432	3609.43751519875	8307.97350771964	4563.67377197851	8426.77807775982
MM_RS00705	MM_RS00705	123434.546688624	134070.128127741	480501.655887289	86837.887287163	139110.308919465	226022.551988696	212838.713502217	206059.011942567
MM_RS00710	MM_RS00710	13523.8559260222	35139.6392729394	21004.8014924558	25820.2075716969	2798.42311199946	10211.1652996984	2887.78629196549	9283.01756000588
MM_RS00715	MM_RS00715	7524.58698738409	23939.861829191	8186.54897068536	15785.4301819537	3616.55528763823	7956.45162792082	4578.35098558492	8427.69827601552
MM_RS00720	MM_RS00720	123259.794387405	134041.055285802	478191.455774584	86677.7780116957	136803.578774607	220845.129786741	211565.717676956	204605.295317175
MM_RS00725	MM_RS00725	13517.488038029	35081.3190383145	20986.0498788115	24098.6807659416	2798.9574276979	10218.7788352057	2872.75275609442	9302.55726132547
MM_RS00730	MM_RS00730	10571.5017571366	18408.403274704	644.815798514254	248.110783819737	428.727268455274	1257.8276246265	53.5797589490357	32.6521558389119
MM_RS00740	MM_RS00740	85.8651677654373	149.993657156509	56.8430812381681	50.9342555589752	6.03022544461009	16.5023050696749	10.8721547268369	13.8273332409694
MM_RS00745	MM_RS00745	1.47414012371041	1.92400657440879	2.86072889831393	1.73100046368098	0.135939401447553	0.189531441683098	0.331792363427973	0.234982208333853
MM_RS00750	MM_RS00750	2.36996295910075	2.45620540843174	4.98289788937962	2.43810540925759	0.111965719868265	0.26457165575661	0.185927007492784	0.358261733334803
MM_RS00755	MM_RS00755	9.33081693603611	17.4947096100866	12.1838136402974	3.84963752597556	0.278573725904322	1.02733736198736	1.38221580410647	1.07421256150475
MM_RS00760	MM_RS00760	21.0455186828981	31.2057503210215	58.0771434952404	21.1272953047302	0.320109945428436	0.858896030396821	0.483339723156261	0.616769840029526
MM_RS00765	MM_RS00765	14.523004684195	23.5673155766327	8.6896569127773	5.96984346838404	0.131946058086003	0.426796621199346	0.241015655682349	0.197022638456655
MM_RS00770	MM_RS00770	7.65300350287421	8.45622767832954	28.2520452988047	20.5926727103146	0.289454962249921	0.583035776494196	0.978655361999514	1.08846489749619
MM_RS00775	MM_RS00775	7.52801567934448	13.1342082005785	23.5671760204248	14.8219004147077	0.321049822717624	0.995537925698588	0.688038492063763	1.94041736933445
MM_RS00780	MM_RS00780	3376.62457839558	5687.68316099637	3555.38046722549	6898.73644919606	1558.2604502371	4195.74145268661	2042.25805115441	3266.83438839116
MM_RS00785	MM_RS00785	6.38223317148072	7.15508501419375	7.52557042418366	1.54298127097321	0.389860645508174	0.69110025560605	0.913186834920422	0.924839808869477
MM_RS00790	MM_RS00790	9.96583867990067	14.1628125713872	10.4801469038248	19.4040365662186	0.24026351031242	0.574260238747293	0.264837773818378	0.3357920348733
MM_RS00795	MM_RS00795	6.50343235569034	7.85577185887757	6.83586376829721	3.2044006694979	0.244097937224108	0.365826087020868	0.210888346240431	0.351825912863669
MM_RS00800	MM_RS00800	12.6419226310943	17.6404334220071	4.4408804279872	2.69198060360514	0.33715486979371	1.40217242470505	0.384912754224197	0.791131900524792
MM_RS00805	MM_RS00805	5.46775201960735	8.34474809419727	9.0956610175848	5.25865614889849	0.215547461888774	0.740104933388752	0.457980785135747	0.64499773673757
MM_RS00815	MM_RS00815	2.20257858424741	3.0687733484884	2.47721452796013	0.561121061679758	0.0723364977425037	0.183842472385106	0.137637024883943	0.133730177619672
MM_RS00820	MM_RS00820	3.45025498910352	12.3515764723181	3.00579263922636	1.13878518382756	0	0.395441005210414	0	0.365095219430699
MM_RS00825	MM_RS00825	22.821807451642	13.0382193109351	34.9970485584345	2.47845273449047	0.151597212229025	0.342586042229071	0.262077137732302	0.207886863325129
MM_RS00830	MM_RS00830	4.70631006433237	8.52520133094612	5.32472699201801	0.739694117576087	0.282980252035515	1.05077626132909	1.44224765460338	1.91873345814748
MM_RS00835	MM_RS00835	4.06856199111869	4.59038687680274	6.6708218117346	4.07224190046123	0.13233199803567	0.259035429808564	0.353908470499572	0.303196178942879
MM_RS00840	MM_RS00840	1.97152749677149	3.69849678755664	2.15979718994463	1.92877381940057	0.0331862952013282	0.128540733854627	0.0557146555553563	0.0957737890674717
MM_RS00845	MM_RS00845	3.115579424482	4.12687235771195	11.2685260312054	4.03984165119798	0.0842756635971887	0.219789034722417	0.28571878527639	0.352735771813123
MM_RS00850	MM_RS00850	3.13627982554588	10.1360020876455	56.9221321594043	33.9300593338959	0.172862503455653	1.59757439853608	7.30189090723058	7.37493488527011
MM_RS00855	MM_RS00855	0.938392444729285	0.837837358447579	1.20740647269005	0.554475909783708	0	0.0192543079432035	0.123678752538614	0.355532156486443
MM_RS00860	MM_RS00860	1.55432455828799	2.03116389867074	1.10735687648706	0.839071583848476	0.239602871927991	0.407911202856013	0.215955622079735	0.322809047556099
MM_RS00865	MM_RS00865	4.07699923497353	7.40590962714238	7.12284565951016	2.46154825661399	0.131539686021354	0.440531994894498	0.281570781514778	0.683953061339171
MM_RS00870	MM_RS00870	29.4729701165067	51.0544623667049	20.6756252878001	9.29058768727089	9.41827648074793	31.6919856650131	3.68829722644079	9.75337616829145
MM_RS00880	MM_RS00880	2.04992277771372	2.58970136467383	2.76381993903685	0.920534246307162	0.0380468683321288	0.107882916261919	0.0513326039948227	0.114362271031306
MM_RS00885	MM_RS00885	1.90386980007243	1.9416428191114	3.08784054049438	1.24229020118495	0.050235760036598	0.0967211239158587	0.0879371157755738	0.153597552232739
MM_RS00890	MM_RS00890	3.14497532520821	3.31467476945292	5.90073169307714	3.16050488243673	0.083294922078036	0.223656611621052	0.233875787888739	0.388977426191353
MM_RS00895	MM_RS00895	0.15119413191194	0.225523145283407	0.329291323364739	0.083171181116756	0.049999655596802	0.173285889538832	0.0285425520564489	0.106660283210933
MM_RS00900	MM_RS00900	4.2791682709072	2.83036354787586	7.90377444314222	7.03997166565642	0.102022090576856	0.167282787690951	0.15028688543771	0.17901633896747
MM_RS00905	MM_RS00905	0.69036303473449	0.79732563127988	2.02943598908916	0.527689951399259	0.0726111961772664	0.119747904407731	0.0595863137230607	0.158757661379639
MM_RS00910	MM_RS00910	1.04078687875058	1.44838883741129	1.58664581202323	0.42007381102089	0.0598093410233268	0.184462091634887	0.102433980043723	0.152223219833564
MM_RS00915	MM_RS00915	1.27382413975622	1.62413254692759	2.48409519781833	0.503914435746456	0.0808635003951367	0.152028626346336	0.212399787447925	0.191315341410083
MM_RS00930	MM_RS00930	2.51212878747473	3.72938914955464	2.67558488395106	0.838681417328003	0.0863370369754077	0.170262723989899	0.16965081598223	0.172650507646294
MM_RS00940	MM_RS00940	2.51121823607102	7.91726279384017	7.00236706223071	1.38141536835349	0.0849340317466199	0.228944989869185	0.215476247069896	0.171113927672217
MM_RS00945	MM_RS00945	3542.57786197214	3002.66283915367	3516.73811507221	698.766167062522	2515.45841334392	3026.68773565192	8471.31365027076	2170.6214088567
MM_RS00950	MM_RS00950	377.264974459844	510.139635484493	672.26559436487	181.319766595216	18.9390608823623	61.5796199010132	18.7039383103851	33.3146349565139
MM_RS00955	MM_RS00955	5425.52088245963	12316.6299908103	9540.16567033006	6046.64401466154	2569.02579772578	7380.8472592218	4156.62479667127	5124.4543960832
MM_RS00960	MM_RS00960	12950.0403053321	8038.59810977357	4517.40100641305	5682.29456232058	69.1158243220663	35.6591541097628	337.045295568882	105.758317128799
MM_RS00970	MM_RS00970	9.36806967065808	22.5410125532524	28.4804052698579	49.7788041041995	0.331052478118982	0.780896053674354	1.43582684932453	1.66719881584857
MM_RS00975	MM_RS00975	5.31617716006169	9.30834051299147	20.0081904041832	19.3678701832788	0.220246848334714	0.960796018460851	1.61127810292582	1.66217550367658
MM_RS00980	MM_RS00980	3.3343780044729	3.81254480005676	6.32127486630351	4.00512504490792	0.270260125341504	0.533601688161645	0.757327919956577	0.592235461644263
MM_RS00985	MM_RS00985	5.14087205296847	8.79834945908495	4.76557473074114	1.97215622946113	0.0114011201601498	0.171205121639567	0.143163936762093	0.0729541448561787
MM_RS00990	MM_RS00990	3.41713434740132	4.43182092304296	8.51753118523037	5.39392072102235	0.144870505929837	0.36531021797105	0.572291986011495	0.883100824894549
MM_RS00995	MM_RS00995	4.30902210976627	8.00234142710643	7.85883955740882	1.3875389292169	0.208536976214831	0.200756636929135	0.218236883155972	0.111212759283198
MM_RS01000	MM_RS01000	4.90336989516744	4.48813493912895	7.33526962269165	3.18775082661373	0.0982762028300927	0.368978940319755	0.420738986577209	0.327561947103244
MM_RS01010	MM_RS01010	5.23350335249443	6.66129687061472	4.2999579685733	1.75839015341816	0.181364533523307	0.335228423881669	0.201137294569694	0.30950474641409
MM_RS01015	MM_RS01015	3.94247990844591	5.74033947245695	21.6093108867072	8.16811557101509	0.146636748758311	0.456074351239012	0.83274488841634	1.04668137497129
MM_RS01020	MM_RS01020	4.65888950570231	6.4141535232817	8.56422958318084	5.18879991366986	0.129214965383363	0.416283267603057	0.228549085573521	0.390164060415641
MM_RS01025	MM_RS01025	29.30109954541	51.3366645386916	288.084031858073	175.193996157187	0.625165962584878	1.74180158623517	4.43974011318834	5.3049230608135
MM_RS01030	MM_RS01030	11.6692939860717	18.4087184524693	10.6908123084752	4.56463204929773	0.33895970661715	0.831099622656632	0.347484845367722	0.494333366153069
MM_RS01035	MM_RS01035	8.49727368671473	15.5793742635124	7.79505094274794	1.70978361899928	0.350413042182255	1.05249966742848	0.266698876797755	0.473409791640637
MM_RS01040	MM_RS01040	63.1713407097747	111.751187642315	149.114449216078	36.8725720208205	0.844450231280424	2.01204203763977	0.331397584008105	1.23843255790611
MM_RS01045	MM_RS01045	14.7552352286061	26.1967274256559	16.3049584052197	3.95063315655391	0.172728559590768	0.773221420827063	0.221843475141765	0.368457879953679
MM_RS01050	MM_RS01050	3.85727146656189	5.26442794642603	6.56938022976476	0.8691390480209	0.095000253727923	0.356678777724097	0.189798665660488	0.101325201189137
MM_RS01055	MM_RS01055	2.88374291985962	4.2252115596226	2.29431948704264	0.684347969893039	0.0779689507726375	0.274050389303264	0.168556713018596	0.290178197050699
MM_RS01060	MM_RS01060	15.4087555430934	20.3115277029826	18.2105671052913	6.50507390116843	9.00641271763877	8.41941806747805	2.90875732441065	3.85508191280937
MM_RS01065	MM_RS01065	13.9047589180929	8.42174752904474	15.6090596418294	3.25884738067586	0.294413155485637	0.506583406921182	0.473884756050425	1.29932629969454
MM_RS01070	MM_RS01070	1.13793898612303	3.0413708440994	1.51216714296783	0.237036428727153	0	0.315524531738624	0.094899332830244	0.379974276446761
MM_RS01075	MM_RS01075	1.19865572519205	1.28438778653341	1.62970325076148	0.307533358452555	0.024175732494113	0.0870752372692636	0.116899825928882	0.141069494390264
MM_RS01080	MM_RS01080	0.66634790706939	0.75543398592495	0.976852018737498	0.211786494328564	0.0514185524705761	0.1810268072361	0.114607285440649	0.159301667954312
MM_RS01085	MM_RS01085	1.68078470616348	2.84331697343986	1.89513660786129	0.275395958213623	0.0591282705239152	0.136615957751776	0.114756737649599	0.233343825959838
MM_RS01090	MM_RS01090	1.42554277057614	2.15298396650926	3.15179758047937	0.463382294793355	0.0571440851356294	0.148529939047571	0.277259226279221	0.342832307094071
MM_RS01095	MM_RS01095	3.14961594244992	4.94785245753036	2.20910618041869	0.959858924554801	0.133705490209483	0.494000813225624	0.401693699421582	0.514137114266174
MM_RS01100	MM_RS01100	1.23115069560808	2.75461939344387	0.893793565524865	0.451500697490961	0.0452389728059151	0.49647640827475	0	0.579007512302208
MM_RS01105	MM_RS01105	37.7330664620031	45.5046673391595	13.3585901832855	2.94695647824203	0.712504173194421	3.27018612919567	1.4729643133221	1.78690253155166
MM_RS01110	MM_RS01110	21.9499757820377	25.3908774610581	18.8620560736645	5.91404554894045	0.37035024593503	0.342271909679182	0.422808758678516	0.55301608706782
MM_RS01115	MM_RS01115	7.69680581776847	9.88497716399224	2.37317721452471	1.12797551770246	0.5306924033765	0.789049090221476	0.207563739554543	0.22536506286463
MM_RS01120	MM_RS01120	0.506093522447435	1.0182104709146	1.85838025771889	0.891826204432384	0	0.0488980456327396	0.0161070003306101	0.255823068396335
MM_RS01125	MM_RS01125	211.845662720791	253.72193368803	480.425638048548	70.6046403271485	2.73843010215409	5.93159490450622	10.0302565955856	6.20663145562187
MM_RS01130	MM_RS01130	2.71129460123476	1.58310891462592	2.17925031487849	0.372867769059703	0.080057566970833	0.0924846574173541	0.0731159684125333	0.0683094103589687
MM_RS01135	MM_RS01135	6.43626188386519	7.36335027943879	2.25711235147396	1.0501680994882	0.315667095537274	0.791850345620487	0.39126870288407	0.336685987197763
MM_RS01140	MM_RS01140	31.5606834399054	53.3424958102541	15.9795755401113	5.89391706350006	0.596962833204244	1.62397017857676	0.219844199365434	0.759948552893523
MM_RS01145	MM_RS01145	12.0485306584239	19.5269774433071	6.37803915421211	5.66129567697826	0.249031157874846	0.767169325829199	0.0315908131484288	0.28037017208159
MM_RS01155	MM_RS01155	9.6952957533276	19.2823357541071	7.66427363226822	1.30370651852335	7.87317497319784	8.97186770863305	0.854099635178194	5.7375959858536
MM_RS01165	MM_RS01165	0.36620141015172	0.659369423348739	0.602482152745279	0.140468161402167	0.0126656410540573	0.0585324044793388	0.0144602061791612	0.0720538298817195
MM_RS01170	MM_RS01170	17.8078108857858	32.5605985107345	29.4020534117778	21.4880432695592	0.379941988801743	1.8105505034609	1.03017971599827	1.16535116005001
MM_RS01175	MM_RS01175	5.50597387911512	9.56001978494639	11.9443276904814	4.89638858814763	0.17632688206266	0.89793492508304	0.336873738532272	0.42987017771679
MM_RS01180	MM_RS01180	1.48515193834709	1.73824732966258	1.47329556890214	0.907983205395957	0.0795513045662704	0.243735157263965	0.0868712113419304	0.180762886391421
MM_RS01185	MM_RS01185	2537.61856378787	5154.02157808416	2098.7243989591	5071.05759266293	635.721531449773	1274.79594677491	358.460119298881	988.386358952732
MM_RS01190	MM_RS01190	1.87348879987438	3.3534504705141	4.29409280434572	0.868650313116308	0.0221279805258822	0.112473862610298	0.0959934357938779	0.0802425604268008
MM_RS01195	MM_RS01195	0.30916681316261	1.41231065383869	0.785575341102894	0.233849384307292	0.00639071151947864	0.0664404752765474	0.0510675378129114	0.163577368751744
MM_RS01200	MM_RS01200	0.168981833456345	0.798180290286165	0.204463389774643	0.402807915735973	0.00931477419695235	0.0322778399886063	0.0212673313188833	0.0596021238391989
MM_RS01205	MM_RS01205	0.26893215581505	0.300857775608221	0.452603429037911	0.100868313082195	0.00606379767976108	0.0396959792859878	0.0323070558101891	0.0474303743965101
MM_RS01210	MM_RS01210	6.35844701288205	9.85574515516791	4.76871536766705	3.16004489664417	0.234606084697308	0.486839167478152	0.267835277556375	0.189985547560882
MM_RS01215	MM_RS01215	25.583278227597	21.2896404221857	37.3415488846878	4.1479136703529	9.44012295213405	15.946748686421	6.91371558308647	12.9183205239654
MM_RS01220	MM_RS01220	1.84051459187745	2.30567859094983	6.04125290392481	1.36353342066782	0.0895721218476127	0.241444007014773	0.182827989046821	0.298188773395887
MM_RS01225	MM_RS01225	3338.10456921414	10871.4787397067	9239.6376621965	7708.50210820781	875.274662528957	2183.80208451555	1306.84283663291	1444.63930941723
MM_RS01230	MM_RS01230	5.39138551109093	16.4189387453685	29.0885296709607	10.9868797586938	0.141826120797467	0.343286356078824	0.331538576658058	0.266521864364909
MM_RS01235	MM_RS01235	3.20782733394325	5.28479286806017	5.04000398162244	1.50124166731465	0.102916563166084	0.384117823664411	0.271142965124268	0.287092311802553
MM_RS01240	MM_RS01240	2.98952130368827	10.8296023847355	8.99141564933725	5.16851125460528	0.0706179298489885	0.163158717242407	0.161239194486045	0.075321050654757
MM_RS01245	MM_RS01245	0.440336801485945	0.703736018742701	1.27870982901751	0.415248067215043	0.156021900240202	0.324435521135478	0.201873276202447	0.443766205308443
MM_RS01250	MM_RS01250	2.23077372859035	5.57845726369882	2.42901516315075	0.669283435186789	0.083823886832579	0.232409093767963	0.0765590089243812	0.053643502117778
MM_RS01255	MM_RS01255	36.3497045858391	57.313922609849	14.8032782155202	9.19759663088623	1.41605453955658	6.46557701006773	3.77213709580874	3.23644781633097
MM_RS01260	MM_RS01260	12.8742010992635	18.8070474169349	25.4511569274073	3.72167112129254	0.305096881386407	0.822399015609704	0.464415689679593	0.325411371404536
MM_RS01270	MM_RS01270	1.92469799782455	5.93468091805793	26.0689756920179	4.67755034733852	0.128250115509196	0.52678875836405	0.791735766251063	0.992996515628538
MM_RS01275	MM_RS01275	0.891523009317265	0.886833356792251	0.359573205901199	0.136229720885033	0.0818964573192442	0.0473043272833022	0.093497865889713	0.122290132926544
MM_RS01280	MM_RS01280	13.7422893908748	20.5054818812214	7.27112929632455	5.11109517085573	0.13479747324354	0.711876233148717	0.285797741160364	0.267008607089616
MM_RS01285	MM_RS01285	2.17584245209519	2.94787916124002	6.3494712470327	2.51119386608213	0.0423262613034315	0.14669125494822	0.12885882249788	0.210676885348453
MM_RS01290	MM_RS01290	0.65022954976512	1.02911182459372	0.67941785005818	0.290982083952504	0.138597846630256	0.2425016826644	0.109071914003501	0.266951343239651
MM_RS01295	MM_RS01295	5.22584087606204	7.7510182630708	3.21147463575775	2.45864048928247	0.322144075986678	0.901914898031635	0.298546296569098	0.598257709865645
MM_RS01300	MM_RS01300	4.62844460716014	7.13290394217127	5.01033635615035	2.27402190582682	0.225915625124817	0.388149671712988	0.24468992414012	0.401597742458773
MM_RS01305	MM_RS01305	16.2650439404905	20.4846050544533	9.6932538822451	3.13824896270577	0.76268090712107	1.25205164925804	0.847797263725303	0.813464802011377
MM_RS01310	MM_RS01310	2.46870986264519	4.78710979411395	3.42155055177381	1.13580759722395	0.0742185225558777	0.154331304395523	0.144043730897799	0.182070410965636
MM_RS01315	MM_RS01315	6.26346212434767	12.7410739603855	8.71953259306151	3.64674682831377	0.212784585896161	1.03540394003452	0.750856357323742	0.605205723661472
MM_RS01320	MM_RS01320	193.19696027611	188.430054140847	33.183494205357	13.6221835414303	9.14531931622875	19.921292041218	1.11202876914888	1.77000333316181
MM_RS01325	MM_RS01325	145.417588481942	185.155784266186	22.8898288111159	12.6350170674584	3.97486137843085	10.4357657384163	0.393186202923429	0.63693944051741
MM_RS01330	MM_RS01330	4.8159676101353	11.4055713333876	15.5800459029097	2.50981390870446	0.209560852198947	0.48418200957909	0.11164643979164	0.387424939592286
MM_RS01335	MM_RS01335	36.3207692856768	48.3126762124023	46.0830163993707	20.008581108119	1.54124891875841	3.11835923934926	2.58036006399354	1.77703724273259
MM_RS01340	MM_RS01340	50.9985570587784	80.3053182026685	98.7799417119872	30.8428236169879	2.09560398151947	4.68687205409559	3.69391719346791	2.87885734257076
MM_RS01345	MM_RS01345	34.397570236508	43.5225305982764	31.9897648597213	12.777477131623	2.28001744064514	4.62508016416741	2.40154754561737	3.01083779144148
MM_RS01350	MM_RS01350	20.564619745051	32.0586065309649	37.2209018620842	14.2790555742501	1.37807804850939	2.85376740994266	1.89962217134433	2.09326731019264
MM_RS01355	MM_RS01355	39.5930540742511	55.1574042722409	18.2255668665085	6.04618468188452	2.31306071104159	9.86536443071765	2.39312746456219	3.70061267752716
MM_RS01360	MM_RS01360	0.92809682403295	1.58214297189486	0.455020827807385	0.212172553833032	0.083705834612681	0.156561933694736	0.0477824090690107	0.106284886861158
MM_RS01365	MM_RS01365	1.12187653986986	1.90161183763473	0.666379748498232	0.112207784271932	0.0168633055654307	0.116891891958739	0.0866371635430088	0.0899360576959782
MM_RS01370	MM_RS01370	0	3.81898590204683	0.37642069199747	0.0839884773017461	0.0263188343322614	0.580724452595012	0	0.902325571858001
MM_RS01380	MM_RS01380	20.8628892281101	51.3719815415867	108.186421757831	51.7358177656503	1.97126775114689	3.22612975956122	7.50162391500674	12.206320901443
MM_RS01385	MM_RS01385	4359.18200904577	9581.88068924134	9778.78924781085	8320.90131411068	2659.72663046925	6945.92289058658	8242.43390873457	7296.08969321679
MM_RS01395	MM_RS01395	3.22508787414866	3.47434020641349	3.64211342105827	4.92808653767403	0.592526794018077	0.273802541603351	3.44992377301856	2.14873371153432
MM_RS01400	MM_RS01400	7.86334087713122	16.3899426580407	10.108130038684	7.06850721285899	0.143526526810998	0.977070390105107	0.237005824717691	0.675204417594426
MM_RS01405	MM_RS01405	18.8426365815161	34.5769750280569	22.9583729643396	9.56187252246353	1.0808339099812	3.3273092601255	2.69533957003006	1.88703791719152
MM_RS01410	MM_RS01410	17.2943237924374	35.3510913256973	19.8265139700224	5.89391706350006	0.760646776562827	2.48044537097443	1.37403259070321	1.37612030382341
MM_RS01415	MM_RS01415	14.8586999598914	20.6367922251089	22.3174403008389	9.44519219776218	0.212932151171034	0.42259185615083	0.436321494249995	0.372695404851134
MM_RS01420	MM_RS01420	29.1015183924132	54.0278433063147	29.2879254399542	15.9399451677101	1.83805717216698	2.69060869270025	1.13172544234729	1.91638882162388
MM_RS01430	MM_RS01430	13.3374534444095	22.2537714542078	22.5186293041656	17.2322834659317	0.5287241096332	1.40777493550307	0.890895896962881	1.11277976445659
MM_RS01435	MM_RS01435	5.0045715600985	7.16045779242597	2.86709933851381	0.967506188356065	0.224723751750846	0.323746735085722	0.11167745817463	0.245324695902641
MM_RS01440	MM_RS01440	15.4263142755714	35.6072085925964	11.2617989256133	6.21039550281145	0.256502501253391	0.411553987654727	0.244027258685342	0.440769397160244
MM_RS01445	MM_RS01445	7.89987475538183	15.5330045610724	5.70621035111056	1.93141873770778	0.461808933066013	0.967914434958338	0.617601384000333	0.893640554613218
MM_RS01450	MM_RS01450	31.1648997588571	57.9117298766513	45.9060707353428	21.8644184302872	3.16484834183568	6.71179929018082	3.47923614494375	7.34883211366079
MM_RS01455	MM_RS01455	21.186031141618	13.2566158464838	16.0324214623915	7.20990355987828	0.950007077749226	1.98917664634785	3.28760457483387	2.05819002076371
MM_RS01460	MM_RS01460	6.20472889637737	5.15549453391665	7.51394412313457	8.1245401312023	0.305482821336073	0.798043656168301	0.747046735922017	1.14963859588445
MM_RS01465	MM_RS01465	0.198572091645915	0.35167882703923	0.172992622597458	0.0218452181304639	0	0	0	0.00700527764579215
MM_RS01470	MM_RS01470	49.1411999283633	52.5136323713725	13.0455816258127	5.04336226290167	1.60692681725167	4.69346595569327	0.588435644431093	2.39302447681259
MM_RS01475	MM_RS01475	301.882686813047	240.813965299922	385.34132442751	123.844853948405	23.1995450663664	34.4655541703841	16.8776041184863	16.6228398685902
MM_RS01480	MM_RS01480	9.92104327824155	11.8999915685234	4.91586461038676	2.40800508895713	0.565479214251445	0.74909085348558	0.0903819283257556	0.132689884345297
MM_RS01485	MM_RS01485	5.14510265583541	6.71524722038645	3.08158403507256	1.62742562705151	0.170149572632997	0.368555293669905	0.704162411512367	0.408329426154729
MM_RS01490	MM_RS01490	18.3362688286752	41.2997850903792	10.2500977258446	4.13555565919393	0.757983790910128	1.82134340620709	0.969189115481682	1.68158476748992
MM_RS01500	MM_RS01500	10.8727665150129	14.7233442417383	9.05745323744351	3.25238293748403	0.107704488776947	0.363699207921619	0.208085412359369	0.238586649556688
MM_RS01505	MM_RS01505	1.11711611323292	1.72035290671849	2.84557557283069	0.86417777268689	0.0430481960328078	0.0668814136263917	0.184714470703189	0.251731884448793
MM_RS01510	MM_RS01510	0.96651037857309	0.660767146931934	2.68973261117569	1.77224722541895	0.06658826272747	0.123082320556554	0.0912250643724735	0.170455393397613
MM_RS01515	MM_RS01515	0.750754957220905	1.11029552749279	3.40647153158062	1.8396474650766	0.0413795733092494	0.0597543512789075	0.126961061429515	0.19584872953236
MM_RS01520	MM_RS01520	2.4895886465864	2.72721243770587	4.55534525045898	2.27913514075301	0.0758599024594596	0.101118979614306	0.235832765870084	0.237756323732187
MM_RS01525	MM_RS01525	1.52662462611197	2.46079474924153	7.2576007798503	1.16487294949116	0.0895721218476127	0.16932609024023	0.269592045974787	0.416884009074591
MM_RS01530	MM_RS01530	2.77081590878255	7.35466124620823	13.741529926063	2.13765254639761	0.165820234491737	0.425024221949972	0.378613202624305	0.574795438004738
MM_RS01535	MM_RS01535	3.33349141494824	7.99887382624239	14.9787080516312	12.8301783609988	0.123130735588619	0.303570203142844	0.36171382360096	0.525316290309459
MM_RS01540	MM_RS01540	1.55407428977352	2.3180978546349	2.05133128122251	1.55434538425898	0.186885745038537	0.566729703399952	0.560065103407586	0.398661379485537
MM_RS01545	MM_RS01545	0.84767543309592	1.92357034220767	3.07699196814776	1.24347712881038	0.0467214362596343	0.161922360692843	0.0266701696650754	0.174412961695236
MM_RS01550	MM_RS01550	5.32575924924868	10.2189218166511	19.2266027803127	16.1665210266726	0.30821845450871	0.989578053100691	0.831707182512687	0.947799431380686
MM_RS01555	MM_RS01555	3.35511834200185	4.73687186940077	20.1127627157069	12.6713189819264	0.110333420904676	0.272874553703679	0.830280336895165	0.823759569705193
MM_RS01560	MM_RS01560	8.89055468261831	8.68849016598543	14.5656548516414	5.34038166038149	0.529450584832573	0.917457254376149	0.906667334786603	1.08134827347547
MM_RS01565	MM_RS01565	10.0629881248421	18.3971315910456	21.6918838786916	7.01178110779827	0.785035911146756	3.01641890398524	1.61711237878087	2.37540311764817
MM_RS01570	MM_RS01570	25.4083778100165	58.9555667637075	40.4546779922276	13.5683816317651	0.528236009108622	1.91585407447373	1.10794562200625	1.1923319773588
MM_RS01575	MM_RS01575	18.9829946192377	23.6896475496052	39.8855291925966	17.3293979663853	0.938773954978931	2.0522077747756	1.62135907739745	1.67907152074143
MM_RS01580	MM_RS01580	23.1437139971635	49.1445220551079	58.0244907667143	24.4681351529294	0.528633300233279	1.02224783828916	1.24638066528893	1.94889560045436
MM_RS01585	MM_RS01585	27.4343413711162	38.5011374040647	46.5569850761396	22.6354572940132	0.75599052458185	2.50410329851608	1.45118658861039	2.12642626064772
MM_RS01590	MM_RS01590	9.20120713228171	13.6311612532902	8.56158926854123	2.95851772829603	0.246429468567093	0.43321760579708	0.256871689096043	0.194270792333308
MM_RS01595	MM_RS01595	79.1938318608477	112.782427211727	54.8918540436946	35.0879626772266	3.73292016445488	6.09209934579957	2.50288460284446	3.72868468931029
MM_RS01600	MM_RS01600	66.974530215332	93.7948597878079	26.0987671596401	22.0783939641464	2.3818034267822	6.85531175428016	2.08005046548896	2.17127658047078
MM_RS01605	MM_RS01605	108.073079863239	143.780085870114	36.0088240634933	18.9630375086524	2.01876560777586	6.62026567626313	1.66621447905344	1.88352573439362
MM_RS01610	MM_RS01610	3.16862569982563	4.06634291413142	5.76758652068798	1.77673208689638	0.367010730252915	0.421055776801373	0.462340277872288	0.561522950112711
MM_RS01615	MM_RS01615	0.988057432696555	0.777842076745981	1.71357906216461	0.483132934761281	0.0635347966551081	0.16776695529078	0.362675393473639	0.396914832061586
MM_RS01620	MM_RS01620	0.100796975418295	0.187935954402839	0.402467173001348	0.083171181116756	0.024999827798401	0.0577629238296104	0.00951418401881628	0.0355544881786435
MM_RS01625	MM_RS01625	0.796101482098065	1.64851703670066	1.40531613588269	0.568891535961172	0.0175375653598481	0.105770446912664	0.0550632695125743	0.163682352476681
MM_RS01630	MM_RS01630	2.88386006682384	7.502766529839	6.25655495867406	1.18057817869419	0.582201765246997	1.19142406712944	0.29118930009456	0.940323317635177
MM_RS01635	MM_RS01635	21.2788275118663	35.1523742040381	35.904885823778	21.3334182239879	0.600424941576253	1.59997218093523	0.776869501240038	1.1057649428358
MM_RS01640	MM_RS01640	20.2039801532687	23.1300818219852	31.2497287540441	20.8126814506851	0.558484620222488	1.25563679505678	0.749096769052331	1.05778101788962
MM_RS01645	MM_RS01645	18.8096304243472	22.0371020420676	34.1591573394538	25.1198693087269	1.06968251567083	2.27904605919553	1.99025788644	2.25418190992098
MM_RS01650	MM_RS01650	20.5292200624085	28.6280097310866	43.1846048116318	18.0503065927547	1.63794276779487	3.37757911395776	1.39778703236726	2.25363790334631
MM_RS01655	MM_RS01655	49.6318327139647	72.8826937600647	35.5841495161404	23.7037948323075	1.704923781177	5.20321662566333	1.97546775745995	2.25269941247187
MM_RS01660	MM_RS01660	146.579558570316	150.569826415866	107.936493437921	66.2900187701376	5.86563567748729	10.0645965160973	10.3401415210639	14.4444593893987
MM_RS01665	MM_RS01665	49.8406498401179	85.9049460821689	38.0042133686837	20.6655968864989	0.820594601921034	3.51158690696045	1.22895679360776	1.20462143582642
MM_RS01670	MM_RS01670	102.018594610905	140.187295267048	211.030961909016	47.2792618425235	0.616218966457608	2.53604971425481	2.68210036019949	1.84851207146466
MM_RS01675	MM_RS01675	2.86146369720978	5.37294738347925	12.0732027855359	2.48149192633415	0.105763437853624	0.508012854120678	0.305034778319927	0.480904993336135
MM_RS01680	MM_RS01680	12.8013436748117	18.9046254381681	35.1095913507371	24.2791302763804	0.255948563913869	0.711227794398946	0.758145677326303	0.678786589542274
MM_RS01685	MM_RS01685	6.64475419343573	11.8337643982343	17.9277066808329	10.8993140704517	0.27967478987837	0.392322735311515	0.486537436457191	0.362219301632426
MM_RS01690	MM_RS01690	7.21453572795377	10.027126542673	15.838019008889	10.1452248617782	0.578147125540501	1.26993703095173	1.21781837426148	1.18986008783529
MM_RS01695	MM_RS01695	10.3416567908425	17.4398333797247	5.26119101534327	1.76701078001261	0.272046800284961	0.538760378659824	0.303187774605545	0.248709625700608
MM_RS01700	MM_RS01700	5.74536370049869	8.28106709553107	9.98236585843935	3.05397299428367	0.229495785716723	0.499413115323714	0.499632833784809	0.518015149438844
MM_RS01705	MM_RS01705	8.83717027853706	25.5843865043977	13.9475388658706	6.52143625293226	0.535248765017563	1.22060957476914	1.03166295867578	1.31971223028229
MM_RS01710	MM_RS01710	0.87206330110172	6.23614407712894	7.93241665561168	0.225750348745481	0	0.0195972599930824	0.0968365718405957	0.0180953765891307
MM_RS01715	MM_RS01715	0	0	0	0	0	0	0	0
MM_RS01720	MM_RS01720	7.08230076722844	13.434936887066	44.5283515841829	21.7092101884432	0.304118410102252	1.03390244408505	1.5276553622388	1.49950481254929
MM_RS01725	MM_RS01725	11.7078646240412	18.5552346045103	37.1862260600631	8.85563005024797	0.24198888891093	0.698884402553303	0.966930413229438	0.258104078419965
MM_RS01730	MM_RS01730	0.440336801485945	0.821024613308319	0.959048471242645	0.294136272244325	0.0312043800480405	0.0420562963351547	0.0534362143321187	0.0721110937316851
MM_RS01735	MM_RS01735	2.10195999170644	2.57359193267516	2.47973100044967	0.674499345513108	0.521345845889575	0.538699857709846	0.816733763087698	0.77848295233239
MM_RS01740	MM_RS01740	0.44061103187946	0.520531848317366	0.46979271946839	0.191966035088553	0.0351228056546551	0.06665950347647	0.0830615899402052	0.0990060152655302
MM_RS01745	MM_RS01745	0.729727077143415	1.19581929565816	0.926899049083047	0.175583148244706	0.00753945042848617	0.0435520283846267	0	0.0241239874605095
MM_RS01750	MM_RS01750	0.23938982138357	0.119029072021125	0.521380405503839	0.0877915741223532	0.0131946058086003	0.0914558012677173	0.0150636547209593	0.0422193640496401
MM_RS01755	MM_RS01755	0.23938982138357	0.714161078079779	0.173795119729947	0	0.0527784232344012	0.213396869624674	0.180761036798512	0.168877456198561
MM_RS01760	MM_RS01760	1.43635224045644	1.61465562492561	1.22254493711528	0.190721609239046	0.499572022023387	1.0501710518293	1.57075681532938	0.646391157086733
MM_RS01765	MM_RS01765	1.85085547390087	3.10587979367794	1.30169988575753	1.17723506766614	0.106414995298061	0.232017148568101	0.251124828683967	0.102006004738728
MM_RS01770	MM_RS01770	4.56860380789176	7.38608331873617	4.14590824125139	2.94155575219549	0.488220847033194	0.634686084375964	0.264609365725454	0.512734149942017
MM_RS01775	MM_RS01775	0.8189105285179	1.28422753796974	1.84016060059978	0.729348544259554	0.0580317470198625	0.0893865611684477	0.095697351228977	0.110038850358903
MM_RS01780	MM_RS01780	0.300628396929575	0.560718627008717	1.70964088179221	0.799315668920314	0.0331408905013674	0.0765676475729726	0.132417476982689	0.150222166409766
MM_RS01785	MM_RS01785	1.14971225602714	1.36210833991744	2.98325832159862	1.19303886525328	0.0377494675473857	0.0763140359730621	0.172383253538316	0.120785366202448
MM_RS01790	MM_RS01790	0.753140495401385	1.24613734465318	1.37613892532491	0.472935214020927	0.0667971243472895	0.100908597264381	0.138829822702544	0.199122312955393
MM_RS01795	MM_RS01795	1.12108313543037	0.982270279160722	1.55893984620834	0.440999057566239	0.0284051802954589	0.0382838237864863	0.0702622771774883	0.141384445565075
MM_RS01800	MM_RS01800	0.364143350984855	1.26739698743451	1.40992801755151	0.53417082265511	0.0602111726179796	0.0695587451754466	0.114567807498662	0.171257087297131
MM_RS01805	MM_RS01805	0.14654552737721	0.266742636940685	0.778466801688561	0.218468609368659	0.0197010993129789	0.0531028106812554	0.104957748477878	0.0770453288037213
MM_RS01810	MM_RS01810	1.80195726606304	1.40236188884366	2.5595002061563	0.560270909366728	0	0.0598609834288698	0.133105521114459	0.0552691591918015
MM_RS01815	MM_RS01815	0.88320823728865	1.15457754725593	0.859766696370122	0.719799732047986	0.0220507925359489	0.019329238643177	0.0090348090089767	0.0629107018372115
MM_RS01820	MM_RS01820	112.034601478233	181.377359056146	49.195367778208	16.3391101602497	4.82160908752929	10.4410656444644	1.27028455916193	2.31107354486181
MM_RS01825	MM_RS01825	9.34205505730822	19.6307339369399	22.7372305137928	11.6784560767556	0.185366957824849	0.562121465351578	0.268937840079006	0.37894352714738
MM_RS01830	MM_RS01830	1.28821191690724	2.8812691749377	2.37342985251087	0.328010940253362	0.163795184873487	0.435206151296378	0.35529019846911	0.751750278373447
MM_RS01835	MM_RS01835	61.0688695313153	103.543318529593	7.05700126515802	7.82287159160485	1.23897847994456	3.00445016563947	0.501223230876276	0.234135975884362
MM_RS01840	MM_RS01840	10.5173479504314	13.934725449085	13.1089689919074	6.36854026109903	0.332144461153038	0.647758609571349	0.428118541875739	0.434254043564157
MM_RS01845	MM_RS01845	294.740100620573	323.184299910339	372.899057173691	125.146469995782	5.00329826465732	15.1278051288601	10.6482753178298	11.3975867297038
MM_RS01850	MM_RS01850	1020.71026663416	1890.42696863567	2468.15559357058	1208.14045756494	32.9743029274463	91.0554580655586	57.1278418049514	73.424866428196
MM_RS01855	MM_RS01855	30.1433968678758	35.2035558147374	103.018558186785	28.1401031665297	2.90558296458967	4.49688814626266	8.10815737598578	6.65476562015269
MM_RS01860	MM_RS01860	24.7933083241034	39.4438752528357	11.3070260788209	3.42705432817563	0.240363400652334	0.694186824054961	0.254807556700734	0.183120248215005
MM_RS01870	MM_RS01870	4.17853104134921	4.29958469856534	10.7776058409341	4.27662755194883	0.106294672843165	0.257101641359246	0.284416013190826	0.35428825841219
MM_RS01875	MM_RS01875	8.90602074432635	21.3177106289234	14.5986265856775	4.42471012102422	0.427503412010652	0.631049063477248	0.271142965124268	0.886603463717445
MM_RS01880	MM_RS01880	14.0563657268106	15.5365967997082	13.1812829001794	7.82455546816689	2.42113297788822	3.45838322802923	1.08983370619331	8.05691552511046
MM_RS01885	MM_RS01885	1.6839849482315	2.58525001568277	2.73274546673991	1.68923621792639	0.0163797455108485	0.189220191083208	0	0.104821477362037
MM_RS01890	MM_RS01890	2.8764372091819	4.73090706175274	1.89093092844473	1.02357106383998	0.126306794350875	0.276863172502271	0.0998284358725946	0.248709625700608
MM_RS01900	MM_RS01900	3.45106703056004	3.47512809518491	3.44261857834465	1.31561686493778	0.231820506354715	0.409585615805421	0.280222891781229	0.319977668307799
MM_RS01905	MM_RS01905	55.7116962586386	74.6134717261203	41.0669535822008	59.0577566151283	101.003915152821	85.9768137286013	401.9313171544	180.328463737632
MM_RS01915	MM_RS01915	3.43449872241593	8.75177054324243	5.9564259848091	1.01462598298115	0.368084551406987	0.625682872579142	0.330173767806514	0.426243467218969
MM_RS01920	MM_RS01920	11.8674321014638	19.1768120749248	14.05154645719	9.87006300347688	14.810761131119	58.7510003867616	34.9107134996609	52.4737289159807
MM_RS01925	MM_RS01925	1.6548632778988	0.892281807957316	0	0	0	0	0	0
MM_RS01930	MM_RS01930	11.5538296782469	9.40048343710655	4.70626424822698	2.26001287423385	3.72174152732454	13.0865343543306	2.39801990951555	9.47478435688379
MM_RS01935	MM_RS01935	11.8000938964854	16.8102523838242	8.04689138545546	2.62565229512479	0.355155563093158	0.9269446337728	0.610695564005644	0.748257183525545
MM_RS01940	MM_RS01940	5.14203287288665	10.643998937204	5.64433881293284	3.34908262932118	0.285681831683181	0.620769147830876	0.322264080144161	0.413527711201607
MM_RS01945	MM_RS01945	12.6576709104889	24.298187018825	12.0094736151071	6.52713268413116	0.330437244434513	1.31220082768681	0.636595913801977	0.837044782897213
MM_RS01950	MM_RS01950	41.4557733407102	105.164771364428	16.7560410526546	15.8570245145697	3.1939890782705	11.476204445099	2.1504396360514	3.86961738672564
MM_RS01955	MM_RS01955	27.2169299176789	54.2229904460831	66.4541287011931	12.7794361782574	0.475003538874613	1.28834116364523	0.730905897355418	0.837044782897213
MM_RS01960	MM_RS01960	23.3701138176737	57.4689675465569	29.5898179260362	61.6019832109384	0.67059336489563	3.26337896329807	1.51201927735904	1.50201169664779
MM_RS01965	MM_RS01965	46.5100897617062	139.975580206335	72.0993344091764	32.1318146971654	4.93098673949979	12.7516373546988	6.8431205632551	7.81659823475481
MM_RS01970	MM_RS01970	12.4629912929723	26.9951569914855	15.7857675289292	7.29347722856353	0.70154347862389	3.21645217146463	1.52674172986711	1.75372449314659
MM_RS01975	MM_RS01975	19.4734703214098	43.5707387078497	26.8911488653111	17.3220053375764	1.06875853002663	2.91253613432191	2.48721185987571	1.57835077130193
MM_RS01980	MM_RS01980	10.1527679607617	19.282349108154	16.969832233173	4.93558594889911	0.409934063360831	2.36784470256418	0.77999953806899	1.27004856573712
MM_RS01985	MM_RS01985	4.02175379161978	8.38038114287076	2.0391749357711	0.386285390347957	0.190000507455846	0.49996068582352	0.0361533353009021	0.0562935458411862
MM_RS01990	MM_RS01990	10.9242845549596	16.0233607145794	7.22587737468696	2.27022291602221	1.0436701630633	1.83170401645343	0.320789297025655	0.620800578802104
MM_RS01995	MM_RS01995	2.0146082928634	2.4272760913388	0.51460871673771	0.369409661583514	0.141885146907416	0.413335032754098	0.126769311425579	0.210549632348529
MM_RS02000	MM_RS02000	4.22893086027386	6.52302461690521	3.67485233185223	1.95622511437783	0.227790839233196	0.538538468509903	0.374964312843526	0.548065945370794
MM_RS02005	MM_RS02005	10.4708858669631	17.7944278403531	17.014177630272	4.35533029965217	0.51555220617458	1.0439402759315	0.919238239456397	1.1059399157107
MM_RS02010	MM_RS02010	8.72291205195748	9.62807200832182	16.9697777426269	9.7918243485821	0.113999850426508	0.329242613733782	0.455129913753701	0.436624130687734
MM_RS02015	MM_RS02015	4.30902210976627	6.11126148118456	6.89759660326684	4.46874965364557	0.0817625134543599	0.371074117969016	0.193354500292298	0.379974276446761
MM_RS02020	MM_RS02020	1.93008409574767	2.3228830548003	8.10310581421773	4.2633906393648	0.0667948541122915	0.214350795074337	0.34175208422064	0.451220049778966
MM_RS02025	MM_RS02025	4.04395314133947	4.70574358590624	15.5852373658409	6.17078744045947	0.246840381101738	0.41975889930183	1.37031320459745	1.6230229369251
MM_RS02030	MM_RS02030	11.5681189454507	10.8391861391133	3.5271829521022	2.57718950626608	1.1572227771952	2.27597678244661	1.11368684271233	0.846652384391442
MM_RS02035	MM_RS02035	4.95322924059808	8.71229152904066	9.08343532052935	4.00050875891833	0.402410504577331	1.14305341834652	0.89720390812177	0.777620813257907
MM_RS02040	MM_RS02040	46.6695534043196	65.2863954852254	51.5666378236215	22.1696148966329	0.602409126964539	2.19335415792577	1.46559321758257	0.704558503351794
MM_RS02045	MM_RS02045	9.34183940039681	18.9593458713153	9.30861007148262	2.89006609254111	0.503967196979589	1.16439714003898	1.24989984183175	1.14918684773472
MM_RS02050	MM_RS02050	9.4754348633657	18.2161753518607	18.6005658506231	8.11481471730252	0.359462198884437	0.578398718945833	0.337096506919198	0.451859496103582
MM_RS02055	MM_RS02055	28.0884394331316	50.66773361771	36.2416720740653	24.125199316514	0.844450231280424	1.90229449972851	0.915860055563527	0.990747318854889
MM_RS02060	MM_RS02060	35.777199384403	68.1901039104271	56.9290029218905	42.6241234815241	0.654733503199332	2.12080106670138	1.53891785511703	1.86221403823143
MM_RS02065	MM_RS02065	10.8251063375924	18.9809527193179	5.95135836402801	2.37038071533555	0.642991847789477	1.81685909200867	0.605109435214513	0.880425330571156
MM_RS02070	MM_RS02070	2.73801742123195	3.64488919165722	6.42962684024756	5.35056706007383	0.329152291425624	0.455385565189255	0.252015902231668	0.428848972392404
MM_RS02075	MM_RS02075	75284.6072305774	247935.933310336	56636.441020431	103338.523594117	5765.03118066932	27013.6427102381	8242.04752965679	18525.0283370731
MM_RS02080	MM_RS02080	73407.0768098513	60629.2260833821	276120.46542828	90015.0396796988	705476.514416374	714720.646166845	891351.391325716	945856.590582952
MM_RS02085	MM_RS02085	0	0	0	0	0	0	0	0
MM_RS02090	MM_RS02090	20.9784999696403	61.2063379648525	82.0461724316021	37.5489688077279	6.16964738654463	7.53891893988886	6.04524597702509	10.4492751049984
MM_RS02095	MM_RS02095	49.6563616908138	83.7709026056166	40.6675973240094	16.1411560958259	1.23840184025506	3.27283175929473	2.11103783009559	3.02169565365996
MM_RS02100	MM_RS02100	191.329738838821	129.509661936867	19.1586233472933	5.05429924652292	8.8629611085827	11.765215036847	0.890895896962881	0.625248071149433
MM_RS02105	MM_RS02105	188.302253931432	174.675456980035	22.5838148582793	11.078679780437	8.39765374338471	16.2772852957043	1.21796782647043	1.04035690087509
MM_RS02110	MM_RS02110	146.522010124143	120.463336728188	18.5459861382418	5.98735578462925	2.93631740599312	7.16912152576939	0.275561674773789	0.398890434885399
MM_RS02115	MM_RS02115	1.50358661062571	2.08385006532901	2.5368668148085	1.17923518446056	0.0751879129000402	0.115814042659119	0.151239995751391	0.164210452426364
MM_RS02120	MM_RS02120	2.21584015308331	2.10336032795685	1.59926780395893	0.838956587400336	0.0900647628421871	0.201151464078996	0.0822579318354742	0.155830842381397
MM_RS02125	MM_RS02125	0	1.67001705232751	0.184668460506576	0.14000817560961	0.0419698344087395	0.0971534164157061	0	0
MM_RS02130	MM_RS02130	1.68876933674748	3.51034716840223	8.64222041561238	3.16050488243673	0.0552325472672809	0.118044671958332	0.315282124118498	0.216285561320084
MM_RS02135	MM_RS02135	2.38216221796566	2.09907813022745	12.1144719436271	1.74470146907358	0.0806591792453132	0.119076410057968	0.116110267089146	0.291272572850042
MM_RS02140	MM_RS02140	11.8090529768172	15.4825396175607	22.7856973776464	5.8554795007095	0.342773701413855	0.743021466787723	0.615565450135014	0.870859086301902
MM_RS02145	MM_RS02145	5.15726464066625	5.99935011620015	14.318941473947	4.53795698034541	0.551571754653461	0.975070316805813	0.806074718751265	2.28414362875299
MM_RS02155	MM_RS02155	4.22500377454148	6.73344433506193	6.22219619255711	2.0259581391263	0.16118668486074	0.461685507887031	0.428603556591577	0.566698965884602
MM_RS02160	MM_RS02160	0.94455064764385	2.60561048596791	0	0.296530662575226	0	0.0791239372220703	0.0331219933269164	0.084858662999028
MM_RS02165	MM_RS02165	2.97759095035486	8.99050529233132	4.1710382903447	1.97531452476895	0.0339286620456868	0.235172883816987	0.348612786567344	0.289503756151104
MM_RS02170	MM_RS02170	4.32382256372306	5.20979654025867	6.78091252946571	1.80075402350949	0.187791568802754	0.341364095429503	0.302671741506717	0.384599922993983
MM_RS02175	MM_RS02175	4.03889185999897	5.21786238463049	3.22423037721552	1.77871166861078	0.110903249889183	0.482726624829604	0.264065134096636	0.376201224999028
MM_RS02180	MM_RS02180	4.27973270628026	4.43706016080545	2.50858622141726	1.5225817224765	0.727022326006877	1.25955048315539	1.00542140666656	1.7858399690023
MM_RS02185	MM_RS02185	13.8653336397709	13.9906922599497	29.0137488270591	10.0949221297493	0.33715486979371	1.16847798123754	0.692840701721156	1.51034358681778
MM_RS02190	MM_RS02190	3.69909111569283	4.87987145573879	7.27213984826917	1.75009398108811	0.229731890156519	0.538480829509923	0.421917685130814	0.617902391728845
MM_RS02195	MM_RS02195	12.6283948191579	9.51783435055805	7.18671848683309	1.83301052721256	0.133471656004685	0.396856042659915	0.14789565009451	0.326158982779086
MM_RS02200	MM_RS02200	6.18728198600161	9.89469000749075	3.06959611494526	2.67187676026079	1.95396174975684	5.17976043462161	4.35603559676435	3.3580889589579
MM_RS02205	MM_RS02205	28.439552846778	52.562258907751	28.6411127511679	79.6974300166038	0.570003792602536	1.92058335442206	1.5183977848429	2.12785149424687
MM_RS02210	MM_RS02210	3.31830490849572	6.09892679313031	12.4437979427939	5.10846257359654	0.134211752614046	0.360252395722835	0.365027150874852	0.665218238425424
MM_RS02215	MM_RS02215	150.608125522877	335.241695630535	305.220218774599	238.630829838508	0.96151943942428	4.9984915435856	2.52473846358715	4.40982864067615
MM_RS02220	MM_RS02220	2.46601015760612	5.22899520845714	2.47930498345341	0.452297458595926	0.12588453064124	0.191986863082231	0.0919779651232216	0.236308820858057
MM_RS02225	MM_RS02225	0.622111615921315	0.874142560818719	0.704032715807185	0.131219161358963	0.0272291985664749	0.0733975025740916	0.0552634790755073	0.112943400082158
MM_RS02230	MM_RS02230	0.54814662017141	1.0926548314412	0.685347412203794	0.175895281461085	0.012588453064124	0.0724608688244222	0.0517386628266868	0.0886158078217713
MM_RS02235	MM_RS02235	3.1194639113183	5.95284242194148	2.3923529330424	0.573302471150515	0.0994204012691041	0.153135295145945	0.0605337843307437	0.19086995591035
MM_RS02240	MM_RS02240	0.06950009895452	0.518341784613761	0.70612317130046	0.0382322119903156	0.0229838591201427	0.0265514053406277	0.0131207760046094	0
MM_RS02245	MM_RS02245	0.604773865216755	0.95847781880347	0.439074912563664	0.0415876440663805	0.0624995694960025	0.15884443809393	0.0142712760282244	0.0666614840099585
MM_RS02250	MM_RS02250	0.536051196115695	1.912940520817	0.62864752221323	0.0680491481864367	0.0068175156991099	0	0.0155684084077904	0.0436318723487917
MM_RS02255	MM_RS02255	0.351757721949595	0.830759713551782	0.468177817831406	0.0967489760292045	0.0290817103248744	0.0111992576960468	0	0.062035837462737
MM_RS02260	MM_RS02260	3.21349298712188	4.2574971938548	3.12827747933703	3.28206434215199	0.298399688142193	0.520304370866339	0.305903293043636	0.558592949789471
MM_RS02265	MM_RS02265	4.11705018458175	5.16117445522925	2.37276605858646	1.67268494342634	0.274301143638013	0.528030878813612	0.392901397770524	0.473174373590779
MM_RS02270	MM_RS02270	1.36922170509637	1.14132142996053	1.22791968642855	0.649824393355216	0.11542101753528	0.487196529278026	0.228064070857683	0.445076911207656
MM_RS02275	MM_RS02275	2.84003911491254	2.4833319291833	2.84388636590366	0.754212419153675	0.129546419693076	0.299310681044347	0.184869562618137	0.310888622788259
MM_RS02280	MM_RS02280	12.3009983409041	23.2802213721049	22.1540380143433	5.06770865377917	3.03542905530249	6.50917514965234	4.22608267130283	8.80490547733617
MM_RS02285	MM_RS02285	4.35390803407956	6.47766537068624	16.928894972044	6.49385353344284	0.304300028902095	0.660199987716958	0.89815983828845	0.736199961782788
MM_RS02290	MM_RS02290	4.10984564628222	5.37036560106443	11.1533875074372	4.03765261166733	0.1862341875941	0.483470167929341	0.692787124514174	0.877119933898141
MM_RS02295	MM_RS02295	2.68614527796153	5.43769225455432	16.2740028213868	8.67233392594592	0.155983306245236	0.360396493222785	0.923594912339939	0.676763266843489
MM_RS02300	MM_RS02300	24.8748159868905	30.6754255049237	55.5269165892817	7.97309391601884	0.37244567283822	0.916641662526437	0.831915851634617	1.17446247484454
MM_RS02305	MM_RS02305	0.832086899561645	5.93984893423656	4.29329030721323	1.7164821621034	0.0343963304552827	0.204359074427864	0.0897587408129642	0.19391766525852
MM_RS02310	MM_RS02310	3.38507601567011	3.04845739169318	8.13233256163555	4.63280851498032	0.0378561685922936	0.140569993150381	0.172873907960151	0.242261079929481
MM_RS02315	MM_RS02315	2.01106725962675	3.7049913057346	8.51853678348898	3.28206434215199	0.135192494133198	0.244821652413581	0.271142965124268	0.619648939152796
MM_RS02320	MM_RS02320	0.31807530730534	0.475822499051091	3.24367854846338	2.16004810467274	0.0213106959265883	0.0393904925860957	0.28222498741056	0.433388723164677
MM_RS02325	MM_RS02325	11.812146721645	9.48386165505823	5.20646269238191	2.12173785937833	0.249128777979761	0.460480852787456	0.250284512490248	0.255088182321776
MM_RS02330	MM_RS02330	1.07725685865707	1.33905035214371	2.20137843025398	0.570645231795296	0.0725703319473017	0.106698434812337	0.0376591368023982	0.0492564549454132
MM_RS02335	MM_RS02335	1.56898656583253	1.65562584103939	1.82816772678647	0.390187055552684	0.134876931468471	0.657130710968041	0.0401688059715584	0.369027337128337
MM_RS02340	MM_RS02340	27.5735119646096	36.4525197659999	94.3008485501727	32.9518584758628	6.75630108262278	10.8427431894726	10.4675819575032	28.5442635724794
MM_RS02345	MM_RS02345	653.423790713645	543.20119771338	321.329749313314	79.4987777594591	15.4923969190451	41.9995420938247	13.0565369334379	15.5106963691332
MM_RS02350	MM_RS02350	6.98022848735875	18.6860820081027	22.3933654462072	6.1994544121742	0.728625111915493	3.10620605620355	1.52379780333609	2.54462097562153
MM_RS02355	MM_RS02355	58.7658560622663	78.0287158233284	34.3209298632544	20.1726153273577	1.1200703814523	1.78170506592108	1.91473376356628	0.956971191350177
MM_RS02360	MM_RS02360	25.9653397392455	25.5654104036488	29.3452544480672	24.9272174019655	1.66404365956732	5.38471895464926	3.36916600297858	3.4418246142326
MM_RS02365	MM_RS02365	12.1708906625517	13.9475364314813	11.2295504297336	7.07812584434265	0.690673593453281	1.48113497272718	1.29604673616131	1.34631446991631
MM_RS02370	MM_RS02370	7.09721570571845	9.64112781491262	63.5119067144435	14.1625189951089	0.844227748250616	2.07506163826753	5.05828896779635	4.78958340569805
MM_RS02375	MM_RS02375	9.30654089013252	15.3162149625095	80.5768150430724	25.7411581548796	0.345457119181537	1.23381755161448	1.36243453531809	1.85066900981336
MM_RS02380	MM_RS02380	11.8850174582519	32.8514095916699	33.0411450843742	10.8138881375483	0.381864877845082	1.6031769093341	0.95697351228977	1.04306420844846
MM_RS02385	MM_RS02385	64.8213477135204	71.230232828158	22.0048478529904	6.05384837374981	11.0156365277179	12.7433661582018	2.50465547052787	8.70385705142186
MM_RS02390	MM_RS02390	6.36708127663127	6.45392632651688	16.5889581774588	3.41484827660885	0.379751289061908	0.52557257546448	0.824158436034213	0.72986912503659
MM_RS02395	MM_RS02395	4.41310718747574	7.48316724023134	13.0571484826298	6.20650205163874	0.130797319176996	0.652124763819808	0.165043176181772	0.440549885735375
MM_RS02400	MM_RS02400	33.4587305033699	42.3730631996622	38.7266341669341	42.61579034605	1.13732416743739	2.08712548096327	1.86989810088128	2.20108559570288
MM_RS02405	MM_RS02405	218.895548390533	276.009508686476	253.119023740706	161.860979398635	5.53710997092112	12.18183837455	8.78490517664132	8.4244476394897
MM_RS02410	MM_RS02410	10.1099108088742	16.3093821440004	16.6159607198612	4.72273163040925	0.157129774919245	0.356638430424111	0.389703684469594	0.502779784022996
MM_RS02415	MM_RS02415	4.93399583901796	6.00507009965367	8.6445536017198	2.46085417090915	0.217558890097036	0.364428341271361	0.397399063304019	0.382875644845019
MM_RS02420	MM_RS02420	9.00408606553352	10.648463640242	8.31094266416043	2.40575855120241	0.297764022342742	1.08109725726839	0.267096476070622	0.453698301952478
MM_RS02425	MM_RS02425	3.68324166392006	4.32525117684783	4.7889660360474	1.52172335613146	0.299076218171608	0.284532041449564	0.602537729279374	0.713036734471701
MM_RS02430	MM_RS02430	1194.36157542188	3712.74300505407	2743.76218205052	3536.06455406673	48.2278370711728	136.288401078792	138.34457675876	143.736424586762
MM_RS02435	MM_RS02435	1.58571994469895	3.03375458597568	2.05214863941301	0.493039057365282	0.615603732773139	0.921881047624588	0.273311432080542	1.42262173132048
MM_RS02440	MM_RS02440	5.22152241297193	6.51599593684831	6.10934131803631	2.17517013760306	0.184413459125673	0.493865361575672	0.344509900453717	0.321861012706668
MM_RS02445	MM_RS02445	8.4232900539478	12.564395467581	8.30672212368586	2.89266583367226	1.42501061662384	2.75299426432823	1.0202312746176	1.33956687959536
MM_RS02450	MM_RS02450	81.3406192033853	161.605526258887	95.2498757146312	53.1789533705265	0.593754991152016	2.27845814139573	0.831112193529886	1.2004952573039
MM_RS02455	MM_RS02455	15.2776121790801	29.4969086027939	15.1865052720858	4.07218440223716	0.570003792602536	1.64621595061891	0.511298565641905	1.28829028327616
MM_RS02460	MM_RS02460	30.5163608527802	42.3579508698376	20.4107269287886	12.6679306937223	1.40164989849402	3.75121240352587	0.666742962214889	1.59464233661715
MM_RS02465	MM_RS02465	11.6419215329093	17.1962466602356	12.8698397074836	4.44966024325445	0.556252979219416	1.92780552111951	1.14878837284458	1.23324699815923
MM_RS02470	MM_RS02470	1.47490157897784	1.58006419191603	6.46650703254005	1.06587743570723	0.148239534666926	0.729196752642603	0.595056659272877	1.09656773226633
MM_RS02475	MM_RS02475	4.6931736297537	3.77047955209118	15.3316532256603	3.86066897096493	0.16578164049677	0.586770783692877	1.06711979028591	1.06844163795822
MM_RS02480	MM_RS02480	4.37028997205333	19.3432747217948	13.7584863932513	6.62807492350144	0.398462565915742	0.803602937716338	2.02007501205203	1.51269140466637
MM_RS02485	MM_RS02485	29.2205636699397	38.765556436832	21.213625309844	47.1853713496337	0.222657837902631	0.925996472223135	1.14388182862622	0.807442553789994
MM_RS02490	MM_RS02490	14.6877452650603	14.9628268174577	9.95666613545568	23.4744056673816	0.0383056751219052	0.654946192868812	0.655990862729487	0.555659768141233
MM_RS02500	MM_RS02500	1.49158437165517	7.29268511420561	7.45973593720353	0.729348544259554	0.0548080133226477	0.42738165704914	0.109500531659358	0.306902422565653
MM_RS02505	MM_RS02505	3.96648704881799	8.16968989242558	6.37878220711257	10.3086183865202	0.207052242526114	0.757782814682512	0.524408062234518	0.948311624705379
MM_RS02510	MM_RS02510	0.541541128848005	0.795148921623248	5.48254647438821	0.90416368051133	0.00734648045365289	0.0169718035440092	0.0838596083389382	0.101850119813822
MM_RS02515	MM_RS02515	2.59605393761434	5.74392725974375	7.87862457930489	1.63878152630527	0.0879625252340034	0.40647310980652	0.104438895526052	0.206404365876019
MM_RS02520	MM_RS02520	2.7927303783847	4.95033631026737	3.14770583584087	0.706698350992115	0.141614988942649	0.153374496995861	0.101046612368187	0.160485120853602
MM_RS02525	MM_RS02525	6.10290954745316	6.94933476112867	7.54545947348578	5.06630405430547	0.35472421844353	0.932619193320797	1.66874952689959	1.41552419524974
MM_RS02530	MM_RS02530	3.88306776056933	5.88714941353132	6.06777989247098	2.98341035230219	0.472955786906382	1.14037032289746	0.866019153805205	1.05147881306841
MM_RS02535	MM_RS02535	6.5732759082445	8.41723831251679	7.41727294078564	4.82618736357458	0.461032512696684	1.08754417941611	1.14468830658395	0.777140433183196
MM_RS02540	MM_RS02540	14.2187447313746	26.0066014075494	31.6986664554398	17.8258047768747	0.654844744714236	1.58912163918906	1.65976829509759	1.18604567916258
MM_RS02545	MM_RS02545	28.1522845286315	50.7462509625634	34.7387683239231	15.305879394766	1.20786490929645	3.49624916906587	2.85087138204602	2.7792341502556
MM_RS02550	MM_RS02550	16.2785318159618	26.8701453064204	21.2679375231811	8.57616403917341	0.282033564041333	1.01745227349085	1.01113442884265	1.09242564711881
MM_RS02555	MM_RS02555	12.473489258425	14.2080471798345	7.40907459045064	5.03185851107174	1.65001133704445	3.59568220793077	1.72675108323718	2.3998325123085
MM_RS02560	MM_RS02560	48.6720210118002	74.5580969446714	54.315136011851	33.7583860648879	1.19011848231678	2.67736036855493	1.35869259038834	1.88734014306633
MM_RS02565	MM_RS02565	4.48138523059896	18.5762271663521	4.6298486879444	2.08593289384696	0.228001971088014	0.395092289260537	0.0650737476592245	0.243183664178927
MM_RS02570	MM_RS02570	13.1372066836614	26.2677754069023	8.68463387517024	2.99008836032628	0.381796770795141	0.839246895303757	0.202019908558398	0.49669709062665
MM_RS02575	MM_RS02575	4802.92999967068	5587.54146098472	3424.33628681972	464.456332869864	72.8000365946382	188.275899992391	193.232493712588	71.9662607298221
MM_RS02580	MM_RS02580	14.0186896656589	20.3964416363362	51.8876862134772	7.77484414644267	0.313501291349146	0.94382997881684	1.94138137440736	1.47936384398639
MM_RS02585	MM_RS02585	10.1913785351962	15.2542343791579	30.4985666696042	13.8089131311125	0.349457273248081	0.964404219859577	1.15254159718633	1.41221879857672
MM_RS02590	MM_RS02590	12.011839696744	16.9919742550355	9.76529533778702	5.4454678789008	0.85693198329964	1.0124895555926	0.560606515183405	1.0474957941708
MM_RS02595	MM_RS02595	30.6028579112706	32.9011133545041	14.837379389965	5.80501248804036	1.07602782249035	1.67981084175705	1.56045307247083	2.20229449920215
MM_RS02600	MM_RS02600	93.5714731370316	143.268220798282	69.1300702505364	55.1067784692299	1.91127452108872	1.47197613563041	2.07809066765461	2.03853579492551
MM_RS02605	MM_RS02605	110.483258842671	168.686175815253	109.192015062759	51.5833981876736	0.921106986224195	7.44863321032073	3.32999260511569	2.61983704255135
MM_RS02610	MM_RS02610	7.52739799535132	8.59320013813366	5.12323086015917	2.38802445609292	0.162655526904471	0.38397949006446	0.18973380904151	0.233830568684545
MM_RS02615	MM_RS02615	2.4825571663022	4.33320573749487	3.37063161334877	1.20957781870532	0.111420863468736	0.372601551468476	0.160678043739233	0.237679971932233
MM_RS02620	MM_RS02620	3.71653536363759	6.68312183471792	2.34620934792427	0.562965111865992	0.0623451935161359	0.329242613733782	0.172854168989158	0.123492673775822
MM_RS02625	MM_RS02625	10.4188326783844	16.1792692129915	4.35779720634456	1.79252767045152	0.148882011171371	0.499597560123648	0.250907700003039	0.226850741638738
MM_RS02630	MM_RS02630	10.0103758257523	15.2037249221563	24.7647989632589	25.5129435965311	0.793878476464116	1.69672212435108	1.19181932961018	1.13039476097101
MM_RS02635	MM_RS02635	6.0083612976036	8.45351680679398	13.6146115369796	11.6849698041395	0.0652283919636449	0.13331900695294	0.137481932968995	0.246180472327127
MM_RS02640	MM_RS02640	13.6658403469972	28.6018847638581	44.9131192370955	34.7091315209276	0.234108903232738	0.69376317740511	0.592640045252686	0.781661096005481
MM_RS02645	MM_RS02645	2.21834816309002	5.71328862463823	6.98648554490503	2.61619794428134	0.118751452277403	0.475573624932129	0.364536496453016	0.593883387993273
MM_RS02650	MM_RS02650	8.74478126023255	13.0439437457376	31.0987503120441	4.04358724979452	1.23640630369179	2.03356155828218	0.215318335301948	1.89986820090881
MM_RS02655	MM_RS02655	1.04915223696829	2.73865240461291	0.870476565508651	0.6183605437411	0.594787948076123	0.415133369553463	0.311224355652855	0.885502725268106
MM_RS02660	MM_RS02660	4.46861621149898	9.34360855104769	4.75034709996786	2.19479756709084	0.0395838174258009	0.228642385119292	0.0301273094419185	0.0844387280992803
MM_RS02665	MM_RS02665	2.48965786979253	6.21320182442898	2.57213705915	1.05350299648424	0.095000253727923	0.219495075822521	0.0723038507488051	0.101325201189137
MM_RS02670	MM_RS02670	0.50694283793803	1.04722881498736	1.38817638231225	0.214513552955868	0.0644792144142921	0.193672803831636	0.0588898100322938	0.110038850358903
MM_RS02675	MM_RS02675	1.20636080052052	1.8986383365087	0.927250760789261	0.2949412473813	0.0860487171306568	0.168709352940448	0.0625133211360813	0.115418470930672
MM_RS02680	MM_RS02680	1.65980741227509	2.90697571536111	1.51423283003109	0.912915731617932	0.0673987366217698	0.144598959248958	0.071449435290091	0.123234986450977
MM_RS02685	MM_RS02685	10.1740833833878	20.695047029355	4.1710382903447	1.25103403825954	0.178127178416104	0.525875180214373	0.406713037759902	0.612179188057283
MM_RS02690	MM_RS02690	0.210196265413745	0.352724894052131	0.0381483359092556	0.0289051786430166	0.0347572978199709	0.0200756636929135	0.00992024285068041	0.0278015991583004
MM_RS02695	MM_RS02695	18.7627183900391	22.6613547732259	9.04584675113844	5.93272015071507	0.61071818705736	2.31410786288315	0.353259904309789	0.83377119947418
MM_RS02700	MM_RS02700	0	5.12855496982271	0	0	0.292814910047018	0.502983851372453	0.474462825915231	0
MM_RS02705	MM_RS02705	1.70541751782174	3.78818256702865	7.37988747252085	3.71505471850852	0.157917546463565	0.178087218237137	0.373447231930034	0.613572608406446
MM_RS02710	MM_RS02710	2.81028112356966	5.34116030033404	15.9465839913312	7.40021036050083	0.0695123254049437	0.562121465351578	1.68637360814369	0.871158130851722
MM_RS02715	MM_RS02715	3.06355818507531	2.583638627348	12.7417522485035	8.56801571941954	0.113622991416834	0.388311060912931	0.65938878559335	1.02504518365929
MM_RS02720	MM_RS02720	4.04990899949766	5.81190381018633	15.2860545460025	14.7818775437392	0.161860944655158	0.535296274761047	1.04350634127181	1.49958434567425
MM_RS02725	MM_RS02725	12.5280850686135	13.7773257487609	55.9613994349206	30.9466243394976	0.224308298746205	0.571603080848231	1.40090296993122	1.4002729232089
MM_RS02730	MM_RS02730	4.69831212159335	4.59535013092778	22.5313899993094	26.2883235761744	0.133178795689938	0.333346510532333	0.699396859943962	0.762315458692101
MM_RS02735	MM_RS02735	16.6099246031542	19.7381093773024	30.8663729016424	22.4257571638152	6.37314444106382	14.3380067316389	34.4301005743547	31.1753465988989
MM_RS02740	MM_RS02740	106.182841709913	206.15451122641	218.129727700866	835.544195119298	2.97317013071628	12.2707753515186	9.92180786909488	16.4186115290129
MM_RS02745	MM_RS02745	5.78597642304896	5.1301040392716	5.38319534791165	1.37993273557569	0.194016553167376	0.303351174942921	0.248228839653936	0.392460977064261
MM_RS02750	MM_RS02750	0.738688819906245	1.1247935711567	2.10041240214043	0.507939311431332	0.0407143944548241	0.105828085912644	0.12201503926917	0.255126358221754
MM_RS02755	MM_RS02755	0.557728709358405	1.14788271837336	0.587774659002313	0.207839651947783	0.041649731274016	0.0927930260672452	0.173215110173037	0.0888448632216337
MM_RS02760	MM_RS02760	0	1.83478818658084	0	0.860596454730551	0.477339610687595	0.556213467853664	0.19472494884984	0.204326960652267
MM_RS02765	MM_RS02765	16.0176774758159	12.303817948993	7.68652558979378	2.9798659974899	9.60851536287857	11.711495488866	4.64809905128861	3.82139804372961
MM_RS02770	MM_RS02770	2.26195345808991	2.86793293336046	1.46150579621495	0.746577476400425	0.0486216229529926	0.142584476199669	0.00853851488114277	0.0757950680794723
MM_RS02775	MM_RS02775	2.03699401275344	3.71264317465025	0.739411941240753	0.474076964470311	0.103636227660462	0.239449697615477	0.0887379540273057	0.0690856536585024
MM_RS02780	MM_RS02780	4.14943067046456	5.35621031127284	4.05517157473407	1.44856508003483	0.263889845937008	0.274370285753151	0.0602546188838371	0.281461366555935
MM_RS02785	MM_RS02785	2.84220633375061	4.70341107903492	2.67350433582979	1.4410245986497	0.22599281311475	0.485888123978488	0.215002511766054	0.401734539433691
MM_RS02790	MM_RS02790	0.49245388840882	0	0.357512472523943	0.135449387844087	0	0.0470334239833978	0.0929620938198923	0.260550517343495
MM_RS02795	MM_RS02795	3.82249745520558	4.7696916655119	12.5131099173481	3.88270311183162	0.161200306270728	0.342652327079048	0.986418417305916	0.866545209604493
MM_RS02800	MM_RS02800	5.08910374450725	6.13193354589907	14.1761167991079	3.11282653363497	0.180172660149337	0.489605839477175	0.918612232090606	0.432383424465281
MM_RS02810	MM_RS02810	6.27886162528059	7.07019333758512	4.48748965958962	0.880425128002572	0.0814287889096483	0.235172883816987	0.116203322238115	0.238841155556536
MM_RS02815	MM_RS02815	2.21607710944275	5.34366640981602	11.4048019331485	4.03641639984983	0.0325710615168597	0.0940697299167946	0.260297810489897	0.173703526220662
MM_RS02820	MM_RS02820	53.1023727648953	58.7922601232722	43.8848677723906	13.3159562140673	0.98493464319405	2.51774068591127	1.55508125250763	1.67635466919307
MM_RS02825	MM_RS02825	1.68833003563165	2.86830684667571	1.88428308182868	0.485165907683744	0.0791676348516018	0.168473033040531	0.190275220817329	0.1599888341539
MM_RS02830	MM_RS02830	4.49637471715711	5.58908708508949	10.6089377862173	2.6795609872061	0.0929343398797079	0.28629867679894	0.318296546974489	0.693866070033216
MM_RS02835	MM_RS02835	3.38377408690867	4.06151765182511	10.0181611934972	3.28653688258141	0.297241868293193	0.898854267132716	0.289440991235145	0.79258258472392
MM_RS02840	MM_RS02840	420.622953581249	612.4662979538	315.842898085789	220.016925653423	11.7091206720987	29.3145354231023	12.2112155006458	11.0055011489893
MM_RS02845	MM_RS02845	2.15438059576389	1.20507365021059	0.782023548238729	0	0.044528389251529	0.25720539155921	0	0.0474940008964718
MM_RS02850	MM_RS02850	0.47877964276714	0.274679392191757	0.614960487786886	0.182335082556886	0.194872431761637	0.0844209613202005	0.0139046951383471	0.129906224971969
MM_RS02855	MM_RS02855	15.9506108388	46.6153100718736	9.11673895152765	2.16717788445738	0.122143183364472	0.423306579750578	0.557772562919354	0.477675948463075
MM_RS02875	MM_RS02875	3.65169984380383	4.27976284150812	4.16597066956362	1.14787811726257	0.517556823677848	0.7971963628686	0.29543317885814	1.19603822098158
MM_RS02880	MM_RS02880	8.03510761341879	10.7988079524153	8.2467577546193	2.88605764492025	0.320432318798157	0.830632746756797	0.508577407497816	0.475140432439598
MM_RS02885	MM_RS02885	27.0566542336089	32.5856729596011	11.4945973993252	4.41000700372641	1.22617208432063	2.75645260432701	0.794510501602134	0.95435296087675
MM_RS02890	MM_RS02890	12.7891231164988	10.4565971446801	7.56389213910302	1.76894107753495	1.57389262779521	1.9164909854235	0.582753640637994	0.725921100713962
MM_RS02900	MM_RS02900	10.6208313187337	13.1717464266202	4.89068502443341	2.00356258085117	0.260918108324576	0.591246452041298	0.0801966192931639	0.192664223209273
MM_RS02905	MM_RS02905	4.15693872589866	4.61263917040908	4.48999622470714	1.28279359302601	0.150884358439641	0.232406211817964	0.287092053686931	0.26821751058889
MM_RS02910	MM_RS02910	7.35052471639616	17.767056495407	4.41629528435422	2.6491896038493	0.20955631172895	0.387336961813275	0	0.223510350390744
MM_RS02915	MM_RS02915	32.4345918056936	42.7029081599003	38.0747439499947	12.1268888332909	4.84538298842875	8.70727587922644	4.17950997917042	6.53644896214876
MM_RS02920	MM_RS02920	81.9990144290427	129.128586401091	95.1719690948618	22.4100437205802	1.03633276354964	2.69370967089915	0.739452871795558	1.61194874460675
MM_RS02925	MM_RS02925	0.886427116373695	1.17530302815833	1.93059509227091	0.460532025685902	0.0732854559716838	0.16932609024023	0.436927762644792	0.199758577955011
MM_RS02930	MM_RS02930	0.91681344143376	0.547017374814213	3.59419146266505	0.706069977543354	0	0.105078778912909	0	0.0323381686055755
MM_RS02935	MM_RS02935	5.78730231368945	21.5812215864965	10.3210295557218	11.8345966112328	0.0572076517155745	0.15621033579486	0.0653106153111452	0.133128907195034
MM_RS02940	MM_RS02940	0.662926683227965	1.25506229938027	2.14721978118297	1.03791687074536	0.0168633055654307	0.146114864948423	0.125142256245124	0.143894510988567
MM_RS02945	MM_RS02945	0.62143802087705	0.854690165727757	1.61733885049795	0.361199736589568	0.0252041489482245	0.0739104896739105	0.148298889073375	0.163364219976872
MM_RS02950	MM_RS02950	1.03601047752761	1.33466132203852	3.96590119927365	0.777174745637492	0.0778690604327238	0.161922360692843	0.24002870713268	0.249164555175335
MM_RS02955	MM_RS02955	2.12918334873257	4.3569581357112	12.3579852401635	2.25284202428916	0.0529963657942129	0.142852497549575	0.228566004691515	0.169574166373142
MM_RS02960	MM_RS02960	0.46444511423622	0.705583328573994	4.9452944589307	0.397427724769455	0.0199099609327985	0.0231564682418261	0.0714381558780948	0.0606742303635549
MM_RS02965	MM_RS02965	4.16633976977731	5.70377609184433	14.7505511817041	4.08144983034439	0.0943713986334663	0.163530488792276	0.183155091994711	0.15098250308431
MM_RS02970	MM_RS02970	8.7087612311659	13.3911801264838	7.83715727377361	10.5793775236642	0.292501617617289	0.450543889190964	0.273996656359313	0.343977584093383
MM_RS02975	MM_RS02975	15.0634755157789	26.6280097267023	3.83805647090772	3.66512572493604	0.359246526559623	1.00986409914353	0.300762701026356	0.319306408733203
MM_RS02980	MM_RS02980	0	0.558906927969353	0.72539796353821	0.206118812241698	0.0619569833314713	0.119289674357892	0.117886774478552	0.242302437154456
MM_RS02990	MM_RS02990	2.20281820303785	6.94288475644061	14.392880191228	1.4243542206855	0.191705453939373	0.56104073410196	0.408537482650292	0.463464969696611
MM_RS02995	MM_RS02995	1.00616728839256	3.68681199645509	6.70118295324711	0.264713609584682	0.0361671137537528	0.150414734346906	0.0330317580309466	0.023144139361098
MM_RS03000	MM_RS03000	1.17911348161536	1.20652924133067	1.06619174580196	0.310724509888421	0.0266866124019437	0.0739883023238831	0.0335111330407862	0.0313074193061946
MM_RS03005	MM_RS03005	0.515609050859305	0.604288430933278	0.748645611950382	0.121559459715261	0.0487192430579082	0.0562816015301333	0.250284512490248	0.0649531124859847
MM_RS03010	MM_RS03010	8.5327186306843	15.2910247785691	19.079394093361	7.55705319471483	0.0705452823290513	0.358580864723426	0.40268628767725	0.18058155086653
MM_RS03015	MM_RS03015	0.33951852661961	0.185906139262913	2.62226340781456	0.20424601294343	0	0.0175741310937966	0.0407355964243687	0.0270444438087552
MM_RS03020	MM_RS03020	0.15481503807874	1.00068105858777	7.15576785668623	0.141938473131948	0.00853381335762707	0.0591462598291221	0.214317287487283	0.0182035416390657
MM_RS03030	MM_RS03030	1.04151904727695	8.88465666467275	116.849457562029	2.48858474297474	0.0566786869610315	0.409833463505334	0.70361536003055	0.109841608209022
MM_RS03035	MM_RS03035	0.531631560647395	0.645779454879012	0.812538254017331	0.123136553861171	0.407146214783239	0.620002549131147	0.227125059808998	0.424385573420085
MM_RS03040	MM_RS03040	0.820766242928385	3.43107309422032	39.5503578439463	0.931220701952108	0.0339286620456868	0.107787811911952	0.261459589925508	0.0995182085902225
MM_RS03045	MM_RS03045	0.548143957740405	0.819435481718509	5.74806899783608	0.552808461285688	0	0.0343067327878902	0.0517386628266868	0.0214834877120955
MM_RS03050	MM_RS03050	1.21363456202618	2.04420635121457	2.69778235093059	0.478426294419579	0.052294863179819	0.145993823048466	0.045247361222859	0.14408857181345
MM_RS03055	MM_RS03055	8.41746465490885	6.18828762412598	1.42591356228325	0.661500639857361	0.152444009883294	0.214391142374323	0.121067568661487	0.113108828982059
MM_RS03060	MM_RS03060	10.1180951217836	23.4499201496913	17.9697387065685	9.0485735551457	0.396921076352074	1.35305246892239	1.92399698066818	0.749536076174777
MM_RS03065	MM_RS03065	3.69124226909009	6.03534817549091	3.63386058017724	1.76716273960479	0.252824720556568	1.04142433358239	0.367353529599073	0.473944254240316
MM_RS03070	MM_RS03070	2.4535366683477	4.154252605356	1.93708442093487	0.843552338309904	0.349913590482686	0.773310761277031	0.324212598566509	0.416483162124832
MM_RS03075	MM_RS03075	68.4613328609022	85.1637074481764	84.3910492379916	44.0751199150339	1.81898265771346	3.72819426888399	3.07188582040606	3.04873055349372
MM_RS03080	MM_RS03080	73.4129859423453	89.1416465713453	151.702121034533	37.6919627839731	5.02272012506554	8.23107687114453	8.13427485446304	7.45874052969477
MM_RS03085	MM_RS03085	54.3449452895149	83.8139516017092	110.928698116441	69.9261982462706	1.71001137780761	4.26369804404497	4.75041741735938	5.22843764520944
MM_RS03090	MM_RS03090	18.443181408112	23.5742952918507	15.6108132466745	12.5699619339396	0.914421144154971	2.70794362194413	1.34069910840136	2.03477865010277
MM_RS03095	MM_RS03095	3.5786800110607	6.80873890324582	11.2670993696365	3.49530472014631	0.241528031206328	0.606866621035784	0.778959012312338	0.727747181262865
MM_RS03100	MM_RS03100	108.047001351545	182.118570982045	134.754164278749	79.9912911187758	56.8340368717123	167.604790846288	88.6429644591796	185.782015121032
MM_RS03105	MM_RS03105	6.17031697563775	18.6115619746432	52.6253940867329	23.9983418061523	0.143344908011155	0.448082703891833	0.490944866694716	0.76894215866312
MM_RS03110	MM_RS03110	18.6856010759792	30.3729029247929	77.1873990524002	56.0307543949493	0.464417433078759	1.18307505798239	1.10118643436751	2.09567557321619
MM_RS03115	MM_RS03115	11.4907274009974	21.4248323423934	45.4469135797229	17.6461597898011	1.26667534692064	8.27680477177839	8.04389574599028	16.486631438797
MM_RS03120	MM_RS03120	17.2955272112517	23.8826802986028	64.8524187300347	26.2539971364049	0.25551948949924	0.987727841201345	0.852695348384664	2.56809597278242
MM_RS03125	MM_RS03125	30.6058398339962	58.7996271058524	123.862524586026	75.5836743983642	1.07675202745472	4.7268072352315	2.08975639951171	7.005528970467
MM_RS03130	MM_RS03130	4.95838104459275	12.811066971921	19.41246012546	10.8452985959543	0.429455814108965	1.88299984448532	2.23971054229553	4.05999105593629
MM_RS03135	MM_RS03135	23.6996269285765	75.5225395711229	299.953628241513	141.219926039782	0.35625208659721	2.46932392592836	3.50399445427546	4.06279380325961
MM_RS03140	MM_RS03140	164.610909825712	365.365015868748	1514.38279792115	569.397766753945	3.48404111232491	17.6088095981343	14.4185710496301	32.2829726168586
MM_RS03145	MM_RS03145	0.40344349504966	0.882804885955335	0.684178342307082	0.243114812414516	0.0248454518185344	0.0624720301279482	0.0467193244883664	0.0592362714644186
MM_RS03150	MM_RS03150	4.51786053536746	13.5140284559393	12.8545972156523	2.49513543350268	0.0916675487508023	0.333735573782196	0.18710288619339	0.210355571523646
MM_RS03155	MM_RS03155	8.81831227972864	22.4278459078525	41.3859461923653	6.07519664294367	0.253335523431127	0.768232765378824	0.686893631746146	0.720541480142193
MM_RS03160	MM_RS03160	18.344125662571	32.7799965998062	12.7812479870056	4.80848612459314	0.5089322009203	1.15235058904323	0.302130329730899	0.846798725341354
MM_RS03165	MM_RS03165	1.26731715838	1.98922328847691	1.42767212081432	0.763613378789063	0.0286912299052117	0.154677138395401	0.131021649748156	0.173410844320838
MM_RS03170	MM_RS03170	12.3676975624413	15.7802146786403	5.34886630391072	1.64575523948172	0.494693287012602	0.852962095348915	0.826070296367573	0.362254296207405
MM_RS03175	MM_RS03175	26.6987116844347	34.4821969053391	17.019052057299	5.73146404542326	0.646052124566833	1.4926771824731	3.07316885352063	1.72267157984024
MM_RS03180	MM_RS03180	12.048551957872	15.6887661649679	39.2063639805246	4.50684222709172	0.304690509321758	0.785201686972834	0.604720295500643	0.919937387047422
MM_RS03185	MM_RS03185	1.12152776140821	1.98106396577628	4.67098905019948	1.20142539193544	0.0683227222659715	0.248060964212438	0.456855663789123	0.43722858243737
MM_RS03190	MM_RS03190	18.5647639823863	31.0387891230645	19.8801623894351	6.38509564261509	2.65538490592584	5.48479178641394	2.58938923329652	4.00435922569471
MM_RS03195	MM_RS03195	2.16110057162051	3.81322585645239	3.90317267341741	2.33413629909164	0.230964627760454	0.589012940792086	0.616910520015564	0.892415744488954
MM_RS03200	MM_RS03200	2.14744762542687	5.35269819691889	4.98473075320074	2.84445357278985	0.102787159771195	0.313051818639497	0.0853428510164419	0.264113601341355
MM_RS03205	MM_RS03205	3.78499711450016	4.92916124311687	3.76238891721159	2.61062061654658	0.115541339990176	0.350375953076322	0.230838806208755	0.154042937732471
MM_RS03210	MM_RS03210	3.2098827306791	6.29718097449445	3.05059872912367	2.01187928826125	0.247687178756007	0.427347073649152	0.212997596283725	0.329368939702158
MM_RS03215	MM_RS03215	4.30876385395878	11.6055748949052	5.08314067933673	3.11093730627268	0.756991698215985	1.64611508236894	0.305017859201932	1.75727167051946
MM_RS03220	MM_RS03220	2.8890038835255	2.19117654085262	2.09736588524857	0.538721396388623	0.1700292501781	0.187070256383967	0.286547822058113	0.293617209373633
MM_RS03225	MM_RS03225	78.6396122355538	191.66121270053	204.119916048251	34.1334428734782	1.3537592912104	5.43250744953239	3.21303638212683	4.55967859206114
MM_RS03230	MM_RS03230	27.7923345064795	37.454059934943	42.8410617336363	12.7372201607422	0.806934597937836	1.62638237072591	2.12340570534945	1.39171197763904
MM_RS03235	MM_RS03235	4.35533243466724	4.44710685547828	3.27724472481984	1.37635141761935	0.245162677438188	0.316092275888423	0.244904232968048	0.168098031574029
MM_RS03240	MM_RS03240	39.5551809932049	42.5857798138983	31.9590173307005	26.6725390304559	0.63295286862815	0.609339334134911	0.541956007447646	0.168775653798622
MM_RS03245	MM_RS03245	4.64354059095849	7.10163321550902	5.0412523104952	1.94405191893908	0.246045798852425	0.355298323674584	0.280896836648004	0.284295927129232
MM_RS03260	MM_RS03260	0.56330117745187	0.652060308305407	1.14854677560217	0.229023640501446	0.0206523277771571	0.0238567820915789	0.149325315565032	0.0881099771470751
MM_RS03265	MM_RS03265	2.36264659869901	3.35149187695803	7.66352067199576	1.74150210360571	0.0290817103248744	0.0895911796183755	0.143871719864856	0.0930537561941055
MM_RS03270	MM_RS03270	19.9466082728774	17.7273237543128	75.8859418972568	25.0419140379365	1.81573849190126	2.68173805060338	14.7860148145252	22.9700158999776
MM_RS03275	MM_RS03275	22.227015040263	22.7470966574918	95.3018497881749	77.1929716567698	0.508589395435596	1.28593185344608	3.53306995854873	8.01910547750817
MM_RS03280	MM_RS03280	24.4950202040272	39.6419024154013	185.675381399352	373.313561004947	0.791671808046022	1.7465222203335	4.23332123395141	7.90998921139872
MM_RS03285	MM_RS03285	2926.8784395584	5941.73028353359	4318.38765702525	3122.92631847167	18.5190651374902	48.0171747336005	35.9417222524409	79.4475536724283
MM_RS03290	MM_RS03290	129.83030895267	222.44527782893	124.823633790646	68.4361194484575	8.59762285271695	23.3986471460906	7.76804080650459	17.5525757366317
MM_RS03295	MM_RS03295	127.211810721684	207.391380862464	191.471114763909	70.7672986960255	2.96263624032538	5.68139553339454	4.39696012333965	7.26777513403447
MM_RS03300	MM_RS03300	84.3523744683963	193.310223836969	137.738973104067	127.06671354294	1.53296483125057	5.18807197841868	4.60942194755356	4.97419887666215
MM_RS03305	MM_RS03305	48.6085672936581	104.511651635063	49.7780203258832	29.1099257119126	1.11250822867383	3.52310894305639	1.98362277233322	2.81313753076024
MM_RS03310	MM_RS03310	21.585382480213	29.2090665716355	22.2018460379585	15.5225368100764	1.14484999645589	2.51727092806144	2.15203003314287	2.42371471906915
MM_RS03315	MM_RS03315	41.8384472114899	47.6134583128855	62.3208672203074	34.2711880832691	1.22598592505079	3.59592429173068	8.4523768315806	5.46822365429041
MM_RS03320	MM_RS03320	18.7256307261394	33.45328539145	31.051046315835	26.0156464625561	0.466206378257214	1.05682835632695	1.08456904064407	1.70753483549934
MM_RS03325	MM_RS03325	13.1476540629251	31.7662864427215	29.5477561781846	22.5484871230919	0.478994612001165	1.54937954870309	1.0800121581976	1.634844740618
MM_RS03330	MM_RS03330	64.4882589577778	116.896003390002	64.8002019258768	51.2152493800036	4.66076066768326	22.4343899056809	9.27132135941955	18.980551637924
MM_RS03335	MM_RS03335	5.644888879232	11.7437714756819	12.9413461649372	11.7672086926231	0.78601438243091	2.66733406450847	3.25289500426849	6.39243356081026
MM_RS03340	MM_RS03340	0.339691584634935	0.161356949577179	0.261782490515585	0.337210656104507	0.00598206921983169	0.0344393024878434	0.0272285005588886	0.0699541553829807
MM_RS03345	MM_RS03345	7.50530248044083	12.6465629186071	13.1172911843924	4.12864355125756	0.597525851483758	1.27436370615017	0.78711120733261	3.13753724081538
MM_RS03355	MM_RS03355	9.35410788246785	16.9492546587682	14.2052741949217	3.62727135841818	0.390482689897636	0.908053451529469	0.526847235078702	0.503024746047849
MM_RS03360	MM_RS03360	11.7633177370133	11.0721029750709	10.0013533368889	5.70967221850086	2.91242999334376	4.20566133496545	1.46060771748024	2.46289591774562
MM_RS03365	MM_RS03365	29.2385537162405	34.4271915858565	18.3137177089322	6.54493659851272	1.857706056075	2.67926533750425	0.645472811043006	1.02146619303644
MM_RS03370	MM_RS03370	53.5187902862324	67.4072095525762	19.2428459167166	9.95957952432132	3.42481522169608	5.15998737567859	1.43546026843465	1.21336053559617
MM_RS03375	MM_RS03375	1.696501036386	0.93582045243894	4.95417641793411	3.67804639728769	0.0529645825042404	0.137298979901535	0.230627317233826	0.310405061388549
MM_RS03380	MM_RS03380	3.88020830966996	3.01328283196577	10.3431378563533	8.08694861370876	0.159615682242097	0.249801662011823	0.513898470107035	0.598454952015527
MM_RS03385	MM_RS03385	11.5507545704361	11.1860174471012	7.63859867771456	3.25485125410302	2.42464503143019	3.34157203067047	2.14162195572335	1.63332088594392
MM_RS03390	MM_RS03390	5.66147049953114	11.2420777362947	8.05420797968192	2.49436742150975	0.157847169178625	0.866161426344256	0.45551905346757	1.028850048357
MM_RS03395	MM_RS03395	3.43397422350794	5.84010755739373	8.39695351423086	2.80703044295252	0.159375037332305	0.314080674789133	0.551205125284551	0.584959771373633
MM_RS03400	MM_RS03400	2.11774554513509	2.12786055280368	7.68723396689221	2.58881236156016	0.0729517314269722	0.174173530138519	0.555240334926201	0.638043360291747
MM_RS03405	MM_RS03405	16.3342138980004	7.44886514490618	17.6784025253589	4.41000700372641	0.204362014053438	0.350937933326123	0.624259056931105	0.730492664736216
MM_RS03410	MM_RS03410	8.79127263044186	8.62376310030632	23.8943768882962	8.79065295003325	1.01684052585648	1.05060046237915	1.46335143444832	2.19200927548333
MM_RS03415	MM_RS03415	1.51764424633211	1.45338770232826	5.39086860753033	0.8199411032973	0.0941035109036978	0.160481385693352	0.409270644430046	0.477952723737909
MM_RS03420	MM_RS03420	3.89202151603915	3.23474634696932	18.1978262248916	7.08564989766376	0.149397354515926	0.199139862979706	0.84404121953056	0.776291019408706
MM_RS03425	MM_RS03425	5.3815744528375	9.54293995886766	22.5126650662179	6.06568890089215	0.242688121290326	0.373811970468049	1.15798109362151	1.1482165436103
MM_RS03430	MM_RS03430	2.75253299507121	3.96190091275402	12.2752141007391	5.67809747945461	0.222149305263071	0.300449051293945	1.00209398012767	0.687710206161914
MM_RS03435	MM_RS03435	9.3885331153625	10.7266070717802	23.866061619103	11.3966613876062	0.245366998588011	0.474242164032599	0.834975392138594	1.092110695944
MM_RS03440	MM_RS03440	8.4270201197858	10.3257319356917	13.0216454150461	6.62071515082053	0.224632942350925	0.563605669601054	0.55697736437362	0.715025062595507
MM_RS03445	MM_RS03445	2.49919736008345	4.37066829060369	3.7852155023135	1.09037578617691	0.612600211870734	1.34166588447641	0.675146124152077	0.866338423479618
MM_RS03450	MM_RS03450	0.47877964276714	1.14265683465785	0.544301110639811	0.105349067543623	0.0633327457402827	0.146331011198347	0.343446815873073	0.101325201189137
MM_RS03455	MM_RS03455	13.3529381431346	21.2216683230921	40.7215380108962	25.8902674779562	0.362395342501903	0.99340528269934	0.743304790992269	0.818908049083107
MM_RS03460	MM_RS03460	13.072549546705	17.6556392301606	48.7139388503185	33.140165159691	0.339288890691866	0.642807419473097	0.581019431043574	0.723757799715261
MM_RS03465	MM_RS03465	0.539091692323405	1.24109841759529	0.606980099636021	0.141515450483436	0.02658672206203	0.0921388234174762	0.103195340353468	0.0226860285613732
MM_RS03470	MM_RS03470	21736.7271060375	45924.9626870858	15819.0901077764	22578.976114959	1314.31118843278	2733.6756744903	864.823008821095	2661.43487113611
MM_RS03475	MM_RS03475	56.6725596210501	193.7413503408	41.7922128425309	15.9171471218665	3.10369729192851	7.49315069195501	4.28524882692903	7.22341473826112
MM_RS03480	MM_RS03480	18.6833992455381	25.9551215564677	14.5663483676818	5.2835939500807	0.184924262000232	0.69115789460603	0.17386367636282	0.255250429896679
MM_RS03485	MM_RS03485	13.6977096461271	16.7653071130614	67.8157929560172	53.2755257448675	0.194318494422115	0.696475092354153	0.830491825870094	1.88658298771679
MM_RS03490	MM_RS03490	9.00278147434107	14.0600487285795	36.5896685157774	15.2381547008439	0.496209803991291	1.20526607297456	2.70174063633792	1.81844536890772
MM_RS03495	MM_RS03495	3.81536746497419	5.00467392740133	13.4849983427106	4.2252611027746	0.293303010571596	0.658485227467563	0.856073532277534	1.23067330623577
MM_RS03500	MM_RS03500	22.6729802208935	45.4954174359561	23.1366511699023	12.5359681624664	2.79901359331175	4.94601123410412	3.53759018290622	3.21659952966789
MM_RS03505	MM_RS03505	5.44964748877335	6.40047007648316	4.46239428629832	1.37690997179603	0.31434127829842	0.683906908408589	0.53829865810787	0.558783829289356
MM_RS03510	MM_RS03510	20.4988230876244	32.1578449053717	21.3163994333487	28.8396183465291	2.48920143383441	3.38212971300615	0.641355825664384	1.03762096137673
MM_RS03515	MM_RS03515	144.352272626342	253.128105927226	278.232626596495	119.355585642799	4.25407531060462	13.1939331029927	7.00983309241231	6.92892902716301
MM_RS03520	MM_RS03520	50.3475341045738	68.4377012953572	130.070464070266	29.4592438511998	2.845019905547	4.52853772115148	7.20383051918839	5.03964827584784
MM_RS03525	MM_RS03525	22.4069208281328	35.0568660600858	48.1994539757308	28.9986707553538	0.929032376602347	1.66332032386287	1.71559292491991	1.25934022579355
MM_RS03530	MM_RS03530	86.6293174130444	158.800722356918	85.7017549249026	54.0742869666272	1.67735631759582	3.87546479578201	3.08424523610092	3.26144030551595
MM_RS03535	MM_RS03535	18.1232450615341	23.535808928474	27.327345686307	12.200482453084	0.691549904162524	1.50095990677018	2.4881311319534	2.7715735196602
MM_RS03540	MM_RS03540	6.36986085460049	10.1726767519829	20.424473407447	10.4777658406851	0.340762273205593	0.691887027955773	1.26729551498293	1.4813458094602
MM_RS03545	MM_RS03545	20.9234515461809	23.0606496804225	20.7142640386236	8.00804051520517	1.74274816647932	4.09329122255512	2.69310624645481	2.53658176735135
MM_RS03550	MM_RS03550	14.9241611510113	18.938046166393	15.8768559071527	4.63880886536359	0.18387314319614	0.690552685106244	0.0699718323185854	0.522974835110865
MM_RS03555	MM_RS03555	5.97783652613127	6.39029874403857	8.28179517571866	3.89125802616998	0.140030364914019	0.314017271889156	0.178671525726211	0.325064606979744
MM_RS03570	MM_RS03570	24.7699295174485	25.0888311752693	8.37357211629661	10.2387292951635	0.947437171731446	2.72601633038775	0.752886651483063	1.81623752935904
MM_RS03575	MM_RS03575	22.8627503156369	21.4602472749663	6.033371589494	10.3042936986669	0.211985463176852	1.51016485506693	0.228566004691515	0.715874476369996
MM_RS03580	MM_RS03580	25.5797744683944	35.3659721853745	15.5949515440928	13.3534984473688	1.29991839799691	3.17957762122765	0.456463704222254	1.56565092190956
MM_RS03585	MM_RS03585	2.72567971595478	3.47206111573006	9.52882122906086	0.0997635257768564	0.0409936333595829	0.162395000492677	0.362824845682589	0
MM_RS03590	MM_RS03590	32.6684091589837	46.8604814716036	19.901339397098	31.2748940217593	1.03469819435106	1.75352535883103	1.08843505910578	1.19784839490549
MM_RS03595	MM_RS03595	21.2377328893041	17.8444075868248	23.9734674390205	16.9013894004428	1.07142832638432	1.62638237072591	1.50528828825029	1.30041113151888
MM_RS03600	MM_RS03600	5.05780420561247	5.56419514153145	21.3133083332828	10.0877143166605	0.341068754930328	0.437191814845677	1.24814589326633	1.28568159677773
MM_RS03605	MM_RS03605	2.14219997391601	3.45314733386702	13.4784049866406	5.22837922690981	0.309430759997662	0.954784270762973	1.78024369462928	1.92375358899446
MM_RS03610	MM_RS03610	15.6623627460436	27.1681497673254	42.2725420521277	16.2010281751464	0.557612849983241	1.4314905020447	0.679034701437776	2.07498741675362
MM_RS03615	MM_RS03615	11.3278292223875	22.7886232922294	42.2963990039183	16.5338895013016	0.270870818555977	1.38771944546015	0.833596484022055	2.08514538747252
MM_RS03620	MM_RS03620	129.163636229018	157.571562457317	206.349693960361	75.8521500346095	5.6734875277233	10.5419137207788	12.7622232362204	12.6311709483128
MM_RS03625	MM_RS03625	10.1130125409951	8.57057393121207	39.4545931861359	30.161872149331	0.38775840789999	0.447950134191879	1.60748822049509	1.0313569324555
MM_RS03630	MM_RS03630	3.70040369417829	5.73749951180065	20.1482261538026	2.83909802391937	0.257628537812418	0.446431346542415	0.744491949104872	0.686959413462365
MM_RS03635	MM_RS03635	90.8968481980287	151.810261582461	45.4375362521192	46.5644849910496	5.86206913830537	23.643880917354	3.26319592727404	5.33513928564535
MM_RS03640	MM_RS03640	4.85116761045241	5.95800153542213	3.67783940451205	1.65499602549291	0.404394689965617	0.630308402327509	1.30441605986251	0.561402059762783
MM_RS03645	MM_RS03645	40.9161411748928	51.290601979332	29.3997301330424	19.0550921653879	0.733258661546489	1.64621595061891	0.805530487122447	1.10671934033523
MM_RS03650	MM_RS03650	265.309830572524	454.034062717712	108.060251375335	30.2351905990518	121.144615960115	296.244464926329	72.1806062536283	53.6021385301529
MM_RS03655	MM_RS03655	16.6865600172021	18.9433477230414	68.2333589639557	16.8686359478032	0.570457839602144	1.31802236668475	1.49452772920589	1.68473109791303
MM_RS03660	MM_RS03660	2.20301788536323	2.51184281947109	1.92174285538351	0.564012400947261	0.0939309730438468	0.25672410590938	0.128159498954114	0.212588861672304
MM_RS03665	MM_RS03665	2.0756871225491	4.87937735600078	2.28898436721739	0.737131339588982	0.160748529506119	0.471780978733467	0.233117247431992	0.426310275043929
MM_RS03670	MM_RS03670	1.79010146079778	2.13620238081294	2.43207158741461	1.84284683054448	0.194511464396949	0.307749030641368	0.183442717000615	0.523168895935749
MM_RS03675	MM_RS03675	18.5441887155797	37.1054970521975	14.6358683970482	11.132317409462	1.3613940915088	3.61579533697367	1.30729512977454	2.37483366047351
MM_RS03680	MM_RS03680	99.3873380105427	181.971965803024	145.200799496764	91.0595185434801	1.0178644018406	3.99795055268877	2.02828642398528	3.23717633975553
MM_RS03685	MM_RS03685	89.3665281176818	106.929486415192	93.2036913131659	44.7642607726047	1.6409213161123	4.86880667558137	1.93250729701933	3.49115105832797
MM_RS03690	MM_RS03690	13.3427570069715	12.3125114335725	18.767812197457	5.04611807064101	1.19505170296752	5.84083365318826	3.46328705638109	9.90285390465166
MM_RS03695	MM_RS03695	11.6445866263453	21.4706723343034	19.4072587551569	23.1098258566199	0.433124513865795	0.909047724279118	0.656780421569223	0.677075036693302
MM_RS03700	MM_RS03700	101.92276040688	147.595555206458	13.5141557385244	10.0662140878745	4.37953076683123	7.92927042140107	0.629049987176502	0.972731475390711
MM_RS03710	MM_RS03710	30260.0188166762	102547.822593718	22125.2419403866	48957.3056368612	1974.56219131312	5560.29459669154	964.704223882273	5901.57447514906
MM_RS03715	MM_RS03715	3428.50085109649	10947.1388927318	7459.9685722056	4355.48107642375	735.166498931791	2620.98901157402	927.991900661808	1485.37324601743
MM_RS03720	MM_RS03720	30275.0542701056	102749.050556643	19123.8255855227	53816.2623595484	1694.01829645139	5892.04807477853	2553.46300331645	4946.92188754001
MM_RS03725	MM_RS03725	5.83758764808089	4.22228702333546	10.0650874610038	1.68879676721386	1.65048354592404	1.26018451215517	0.852591013823699	4.22337754518815
MM_RS03730	MM_RS03730	0.33146201039848	0.607782739891266	0.812146912823093	0.0455837706392215	0.0205524374372434	0.0791441108720631	0.156428525269655	0.0949943644429398
MM_RS03735	MM_RS03735	15.9009032519366	25.6676178278327	23.851274866384	8.72477641331345	0.341200428560214	0.865616737794448	0.641575774198311	0.463818096771399
MM_RS03740	MM_RS03740	13.7287482667834	19.6558306425515	40.2795949141368	40.0943289399554	0.429596568678843	1.21232973242206	0.826039277984584	1.08984559254536
MM_RS03745	MM_RS03745	5.83933154038917	9.07197833291482	13.1563064153522	5.98133079214996	0.49682503767576	1.35004947702345	1.20873844760452	1.83239547902434
MM_RS03750	MM_RS03750	18.0776988543316	25.7097988108721	35.7318139422045	17.5556247289874	1.14112227058911	1.78768799411897	2.50383207345215	2.65981675380233
MM_RS03755	MM_RS03755	13.0399054801527	22.7595871427607	12.9233741921182	3.9635866850336	0.537298787220792	0.809614685414216	0.613405442737737	0.896987308511208
MM_RS03760	MM_RS03760	6.67585671243614	10.1690800619981	4.30927089825897	2.32256272798962	0.22586567995486	0.474415081032538	0.253169222108282	0.297845190296094
MM_RS03765	MM_RS03765	443.944802849664	994.533135796299	1.67586169693762	4.78308833761837	3.45437822184053	17.6306749527766	0.0363140669218483	0.10856271555979
MM_RS03770	MM_RS03770	1003.17296406334	2387.4383117624	1.45241578239941	12.190522939272	9.10988775861436	36.5107069315622	0	0.135705780443486
MM_RS03775	MM_RS03775	132.445761362587	339.809135803289	0.493936985047109	5.05265233310493	5.11878738924254	16.4404930060967	0.107030340432185	0.0799944170769498
MM_RS03780	MM_RS03780	162.885968701331	334.635671173495	0.996057459371206	3.57274661393613	1.88821120374365	9.34214064450234	0.0572599349988392	0.0818173163008549
MM_RS03785	MM_RS03785	111.759284812868	260.7284415756	1.90617342027602	5.04360868386197	8.72862449304376	39.383783406498	0.215848467665771	0.672188521496237
MM_RS03790	MM_RS03790	160.769541059543	450.646176611403	11.1944882402043	5.14069854221959	2.28705289890406	13.1324639914644	0.200846849710791	0.481611247485711
MM_RS03795	MM_RS03795	54.4183538371847	135.484440606637	1.40346345731756	1.6804102405317	1.65802980705752	8.06887207935179	0.139833690370208	0.200741607379421
MM_RS03800	MM_RS03800	38.7290046904744	91.8715654292377	1.09632997144433	1.53064790191027	0.728479816875618	4.17090501797772	0.0875451562087049	0.0340783533795302
MM_RS03805	MM_RS03805	24.8519962907466	36.0609835600947	1.23676201594394	0.964688775376652	1.18474710631142	5.38848566329793	0.0662101484178442	0.0530199624181526
MM_RS03810	MM_RS03810	13.915999701796	34.3706550023209	1.01485174406666	0.785277888215308	1.16710965061166	5.48906283631243	0.0349323389523106	0.219126484543378
MM_RS03815	MM_RS03815	1.69839136239955	2.96463849019139	2.45217859890087	0.451246062498653	0.0845753346169298	0.197252185730372	0.0619408909772728	0.110630576808548
MM_RS03820	MM_RS03820	61.2093207541221	81.0015893091532	7.17736592765939	7.96602984849028	2.11577274924204	6.065360613709	0.500058631587666	0.772406621586039
MM_RS03825	MM_RS03825	502.357109373914	908.445906972946	11.2617989256133	7.65815150069331	17.7358953595118	61.9990070287651	0.200229301903998	0.140296432415728
MM_RS03830	MM_RS03830	327.979707727369	449.086895767926	4.18901521684966	5.05408568169067	15.9863205963934	47.0259424412004	0.369316147286416	0.113554214481792
MM_RS03835	MM_RS03835	8.61803356980852	14.0085243640079	2.08745355955653	0.97246335667407	0.18269262099716	0.590949611191402	0.500569024980495	0.156034447181275
MM_RS03850	MM_RS03850	0.37659021593323	1.3033816926783	0.810650899650181	0.236251988670202	0.0284051802954589	0.0328138826884171	0.00540565819919111	0.0100975255439347
MM_RS03855	MM_RS03855	16.306327595654	19.8737775918521	31.5769791587756	17.093885240596	0.457858724169426	0.705244866201058	0.580791022950651	0.705388829176295
MM_RS03860	MM_RS03860	26.5170646666876	47.2367050369796	39.7050515504486	33.6107675886211	0.146155458938727	0.506528649871202	0.291998597905289	0.136399309293069
MM_RS03865	MM_RS03865	6.39818379563168	27.1198526307723	8.39962355098649	3.19947635730794	0.123750509743084	0.0984704675652412	0	0.188452148911803
MM_RS03875	MM_RS03875	5.12490811666249	7.03217881720141	3.10138887171264	1.00211190521399	0.167988308914864	0.214140412724411	0.0595186372510834	0.154459691307221
MM_RS03880	MM_RS03880	1.46019963496823	2.62871743858053	2.51509536482523	0.929253441285724	0.0473434806490968	0.114851471359459	0.0702622771774883	0.0858416924234376
MM_RS03885	MM_RS03885	4.66810950427263	7.76650005486173	9.14307770000571	4.14816419832921	0.0395838174258009	0.114321192559646	0.0903819283257556	0.168877456198561
MM_RS03890	MM_RS03890	0.716510769634595	0.888275593865356	5.95311692255908	2.40869917466197	0.0394930080258794	0.171084079739609	0.30057377087542	0.393135417963856
MM_RS03895	MM_RS03895	2.31799763074516	4.64395886191023	7.90825257528895	3.61429729485846	0.0934360618142744	0.321593918436481	0.300948811324294	0.787463832801995
MM_RS03900	MM_RS03900	55.9236257666366	40.4011690128076	3.40029923882086	1.08212889803892	1.22364985323781	2.66615246500888	0.406713037759902	0.561701104312604
MM_RS03905	MM_RS03905	4.0923721115964	4.93195669028326	94.8366491356313	44.4990132509394	0.0821098594090599	0.165233721241675	1.6298778533076	1.00007814507428
MM_RS03910	MM_RS03910	18.3133479601532	26.3735038481381	7.24264064812118	3.76168988524502	0.433698883320299	0.957308858962082	0.495129528545316	0.379974276446761
MM_RS03915	MM_RS03915	0.783529482892455	0.793096849738366	0.740699899601538	0.167180193498527	0.0933248202993705	0.140984993950234	0.094250766640461	0.179935741891918
MM_RS03920	MM_RS03920	2.815787030888	5.62282831044178	9.58929582778573	4.69422483231872	0.115346099780345	0.36644282432065	0.853208561630492	0.415216994775592
MM_RS03925	MM_RS03925	2.75293235972196	5.77064870773712	5.67850438529567	2.6795609872061	0.108424153271325	0.304192704342624	0.663119451111101	0.553439203292566
MM_RS03930	MM_RS03930	14.9526784495059	39.6084727844784	4.01061316913691	1.98544653325323	0.548080133226477	1.46330146613347	0.0556187805533884	0.532611068530077
MM_RS03935	MM_RS03935	32.1519428053408	65.7577577325875	65.0750373790104	1.406599590496	1.08050245567148	3.28338546019101	1.28718111833227	0.233830568684545
MM_RS03940	MM_RS03940	34.4721848654232	87.9198447516263	115.814746490776	1.97243139953346	0.30164385395439	2.57146023389231	0.439369755341974	0.14422218746337
MM_RS03945	MM_RS03945	13.8474421034173	20.9360163556374	46.2863503487366	0.943549963999044	0.442720797202504	1.59027730113865	0.418559240208938	0.132807593370227
MM_RS03950	MM_RS03950	41.611128852283	43.2477799845008	258.666478362792	6.6512343867535	1.06343936942622	1.49879268037095	1.72398198759211	0.431015454716102
MM_RS03955	MM_RS03955	25.2054686182634	32.5511393941285	53.4833031508519	17.2807133986624	0.725274245058388	1.6108140768314	1.39944510593071	1.20937751669856
MM_RS03965	MM_RS03965	2.33370597367466	3.11611789635739	2.68152435346868	1.67542843011766	0.074999483395203	0.117586441908493	0.0611597916965342	0.0571397782906779
MM_RS03970	MM_RS03970	127.322054002308	651.391671173459	1323.94262942713	430.486369768464	2.31068831546864	14.5332818996699	27.4057367794383	17.2518196339624
MM_RS03975	MM_RS03975	8.71133846437874	13.3266266634153	20.5314333956242	5.21996805813162	0.658488471886088	1.06379979337449	1.33319829942387	1.10288266238753
MM_RS03980	MM_RS03980	35.3125199762383	54.4444005448988	44.8999721544435	25.0981390870446	0.223531878376876	0.32278704573606	0.350891227790582	0.178809552842595
MM_RS03985	MM_RS03985	66.75032423797	218.533303246459	53.3513419094175	62.7504157753617	1.06227927934223	4.5794733054335	1.83390831705432	2.70817607509828
MM_RS03990	MM_RS03990	18.0340589477287	24.0434229620192	31.9779404112321	20.8944562463601	2.66529675192727	5.65505451040384	10.7101316132171	11.0755252935223
MM_RS03995	MM_RS03995	8365.0511169433	16231.3559877027	15523.1656541655	9544.39447926688	2182.1417912674	5089.88405434939	2842.0392527912	3936.67318642514
MM_RS04000	MM_RS04000	1.58492920269047	3.447676625957	4.00323713067841	1.54392588465436	0.060056796638113	0.22706307651985	0.380223338686766	0.506632368595682
MM_RS04005	MM_RS04005	0.70684348265544	0.729932207555129	0.45394587794473	0.164506526079288	0.121373573700137	0.311587788040013	0.138564756520632	0.220551718142521
MM_RS04010	MM_RS04010	253.633885833802	278.07701339831	237.835941406305	85.2019814277521	11.4198745714686	15.3418129718845	11.3879876161013	7.38837598338703
MM_RS04015	MM_RS04015	27.5974844933786	49.0890359899342	40.4526172588503	10.4586230390859	0.89743070542965	1.99179633889692	1.60822702198084	1.16022604547809
MM_RS04020	MM_RS04020	3.39866506351963	3.66636249919013	5.37534870928286	1.16849533760755	0.963387842827666	1.06656070147352	1.53520128886428	0.99542386660208
MM_RS04025	MM_RS04025	5.80546275557456	9.86976690448977	15.2618012993317	3.8084770115737	1.12689016738641	1.02630274193773	1.02103775257533	2.50559884319496
MM_RS04030	MM_RS04030	5.80311449142815	0	4.88868373528819	1.69150329076114	2.1290218406906	4.95802608364988	2.45826888869339	4.21853556854106
MM_RS04035	MM_RS04035	15.0878420843367	32.2931881714451	79.493468682642	30.885056062567	0.367117431297823	1.17290753838598	1.64109522853784	2.86267712363048
MM_RS04040	MM_RS04040	3.85294235374776	3.2840850991863	4.39555420105957	2.11949132162361	0.0910137210713672	0.105142181812886	0.311715010074691	0
MM_RS04045	MM_RS04045	124.21175684094	385.01351959086	338.139305035859	135.852454501832	6.45695924695641	12.8046825263801	13.6464642801055	12.8978105217027
MM_RS04050	MM_RS04050	8.07933325484285	20.4114604878321	10.4189441132575	6.11853387582817	0.306879015859867	0.705541707050953	0.402378923700353	0.524361892810032
MM_RS04055	MM_RS04055	28.3888574980118	45.9452173488054	26.4983463337016	7.76183311973891	6.67798932636544	9.40924973217865	2.74332500851501	15.1840442809794
MM_RS04060	MM_RS04060	4.18431384149207	3.87602993936735	2.75184687996755	1.69827986716935	0.236515352330659	0.362030558872208	0.333021819335561	0.344760190042913
MM_RS04070	MM_RS04070	15.9972486427146	16.4703429235173	66.8278149585169	90.9633199075956	1.84360789673719	8.06645700525264	6.38540766415426	21.7819850740162
MM_RS04075	MM_RS04075	34.5560594293737	33.7195161232567	90.0578431095761	157.425508895678	1.37300180305377	5.74372922992254	3.17850164244738	13.7123315236134
MM_RS04080	MM_RS04080	42.0150036611555	43.8014343206607	91.7430771804315	109.064348148012	1.22028309473572	5.01644609207926	2.1773410336624	10.834635364667
MM_RS04085	MM_RS04085	111.537405800204	132.009935700311	259.406346043145	219.351285141432	3.67214143308739	18.5832401220404	6.94541919035487	36.3897800514668
MM_RS04090	MM_RS04090	27.3572560062285	24.4697776197326	45.4655790685823	36.8590229750201	1.54872480260695	5.65324176385448	3.18570636685997	12.8091406313559
MM_RS04095	MM_RS04095	68.1718440752975	113.295801290866	113.224949541025	93.0432812001713	2.72240678353793	7.14997961387615	4.03071479596921	9.90199812822718
MM_RS04100	MM_RS04100	359.698526256817	779.303454619748	1122.83998370857	2118.60503167676	3.90690189376457	14.6020855739456	11.7017103615113	33.6795043018698
MM_RS04105	MM_RS04105	94.6405110711762	111.227023493221	93.8587370280892	72.557321086714	4.1800293259086	11.1750579619053	6.23898961703126	12.850707823781
MM_RS04110	MM_RS04110	137.457835653257	283.76823223465	119.917280257385	91.7336934347288	6.53129582173218	21.9221031197118	24.9180004269047	37.2374122839576
MM_RS04115	MM_RS04115	0.503106274859825	0.373704101847029	0.374498661828298	0.0903009609013932	0.0140096201728962	0.0683656178758678	0	0.0449871167979776
MM_RS04120	MM_RS04120	10.2965605344798	12.0141018999094	13.6407422306455	5.38847892481576	0.111847667648367	0.258418692508781	0.160793657712194	0.181151008041188
MM_RS04130	MM_RS04130	30.8638160862257	48.6761778223618	23.1187287339434	8.30596345620608	0.747261471014391	3.4664209865764	1.19038120458066	0.864979997705433
MM_RS04135	MM_RS04135	17.9076280865942	29.0487334323263	8.93793565524865	3.69409661583514	0.943838849259555	4.40416140504539	0.73947825047255	1.3619824955319
MM_RS04140	MM_RS04140	31103.103196346	33349.3783888051	26266.508706649	17021.950366534	4527.56035016554	9128.95592674489	3411.19478398832	8855.2044461208
MM_RS04145	MM_RS04145	1048.10660978997	6696.41035338262	1175.54728699337	4352.06274539757	173.351178349685	649.73970811185	168.800948946403	743.707074359078
MM_RS04150	MM_RS04150	8.98861467896346	8.0020075759321	1.44172572800489	0.649278160226554	0.393427184690092	0.901839967331662	0.169757970396194	0.191639836559888
MM_RS04155	MM_RS04155	3.67549665212652	4.82058838987576	5.01827711481319	2.51852899666702	0.786724965985296	0.805960372815506	0.728695132604158	0.569959824007643
MM_RS04160	MM_RS04160	3.72445609587746	3.57315125131719	2.10041240214043	0.880425128002572	0.269733430821959	0.487986183577747	0.249838975716397	0.358261733334803
MM_RS04170	MM_RS04170	14.110865689483	22.8845454116379	12.7881187494918	2.91739007002221	0.140936188678236	0.217082883673373	0	0.116913693679774
MM_RS04175	MM_RS04175	25.7310245113574	30.9894904329885	18.367455294693	4.50372089492794	0.274823297687562	0.423248940750598	0.244027258685342	0.347403871116325
MM_RS04180	MM_RS04180	16218.1591614886	20378.2199680197	49864.2386858603	14099.54982734	4140.52677154455	16000.1656325341	4230.98608548436	12622.6123791928
MM_RS04185	MM_RS04185	6.62926683227965	10.2249756512789	19.7150213591525	13.4408341427146	0.634208308582065	1.22561552191737	1.28271165132877	1.13574574961779
MM_RS04190	MM_RS04190	410.948243744452	540.274871983955	97.1662289596435	22.3691049850426	4.63100242732897	12.2429875896284	1.98261044510656	3.46704934014245
MM_RS04195	MM_RS04195	32.716511299951	49.8573121176984	79.9051298968649	19.6402885548888	2.15787198704567	2.30470117808647	4.22982461623258	3.43061998758933
MM_RS04200	MM_RS04200	22.5725266990748	33.4056158951046	64.3355313177356	20.5446945493444	0.921767624608624	1.69149714900292	2.54638083535491	3.07485241305303
MM_RS04205	MM_RS04205	34.6293960914064	82.1411836157052	334.037410294744	127.004944022225	1.1115070550397	3.39120497355295	8.63859992363828	8.1314348818657
MM_RS04210	MM_RS04210	22.9409965004428	33.1330508936836	136.410498545463	32.5843750047856	1.38486832138852	2.71277665209242	9.73821851973832	6.89304049985957
MM_RS04215	MM_RS04215	13.4121905451509	24.3902587213562	107.77017343037	25.0224180329609	0.839907491049348	1.97327692820346	6.92760335910683	7.52901281757756
MM_RS04220	MM_RS04220	92.8238971224307	263.772242856248	1113.19072351172	553.280743484164	4.08000958260001	4.04001549487393	11.977508903937	4.97334310023767
MM_RS04225	MM_RS04225	147.583931380211	320.247460094596	1497.97427280266	855.824931750003	2.38689102341281	7.73720574566886	6.01935972649375	7.52347094943088
MM_RS04230	MM_RS04230	17.8444246369665	41.0600621418142	117.733621161964	54.0167682074775	1.32442104433075	3.93155042471221	4.1341272650036	5.48950035587763
MM_RS04235	MM_RS04235	333.055858745037	587.700042685867	1647.46032772794	1015.5720094758	5.26323563146274	18.0924526830636	20.3711087196052	25.4669710831528
MM_RS04240	MM_RS04240	206.64777470785	186.119603703779	606.885722010291	231.532567294693	4.90326035946875	11.7536238339511	8.72904106887701	19.5788538863396
MM_RS04245	MM_RS04245	11.5385686237262	16.4606656908108	39.7639360159665	24.9084442318068	0.342744188358881	0.992212155399762	1.15638505682404	1.9553250582755
MM_RS04250	MM_RS04250	62.7914038180682	84.9350728099483	41.0552480221757	17.1634047005122	16.2511480493846	43.9545849243846	4.27014287441309	19.1903600215479
MM_RS04255	MM_RS04255	1.07039311152618	1.78085564220507	3.06850135033859	0.649212447970475	0.0544583971329498	0.146795005148183	0.217605236084183	0.179095872092423
MM_RS04260	MM_RS04260	2.41857894925205	6.28872786276041	3.26331000609335	0.937919245056222	0.199912353457283	0.550711825305606	0.485716859234465	0.869290693077844
MM_RS04265	MM_RS04265	79.4664062222776	155.420270003424	54.8176032441953	40.5720816837502	1.04416507429288	2.18219236557971	1.31472544242706	0.901332998458597
MM_RS04275	MM_RS04275	6.26601539568147	2.91110656722482	9.96541929862302	2.9224129505963	0.579257270454541	0.917575414326107	2.27878524530345	0.509101076794199
MM_RS04280	MM_RS04280	8.03311079016504	18.0317604145098	45.5788054695533	46.6996961719654	0.444911573975611	0.767241374579174	1.33976291720568	1.8843942361181
MM_RS04285	MM_RS04285	10.8751547156244	22.7256278013079	35.2303572618048	10.6243822050467	0.606477388081024	1.60211923368447	1.66074678408827	1.86368062905554
MM_RS04290	MM_RS04290	8.40151136832689	8.28469494495879	16.2387424844173	9.46960840791176	0.383106696389009	0.781746228924054	0.809340108524172	1.07309273510543
MM_RS04295	MM_RS04295	45.2193964591022	71.8362083203589	43.5750592960758	24.3173049901467	4.54326692559477	12.4531365016042	7.08160399094429	10.4604510997167
MM_RS04300	MM_RS04300	2.55981558920529	4.70692319338887	8.05298937292518	1.87752647369049	0.155200075170912	0.162991564142466	0.144968642681489	0.225727733914412
MM_RS04305	MM_RS04305	4.08994131208884	6.53500319704017	5.40820650854089	1.84809148998283	0.265678791115463	0.418528306652265	0.165443595307638	0.360654089733366
MM_RS04310	MM_RS04310	54.4272649937585	57.762925731229	6.39341539556549	15.4963586900607	7.01817495988153	16.1380554093035	1.35740673742077	12.3016461236858
MM_RS04315	MM_RS04315	153.067024327269	198.932513534183	48.5945946471337	76.1283098978	5.57552461732294	10.3700198130895	2.44817945466277	7.83064696594637
MM_RS04320	MM_RS04320	105.073867310693	146.760090417022	45.6674962637513	64.0002505649477	4.36028825498786	7.95670946734138	1.90494887365955	6.31340626653273
MM_RS04325	MM_RS04325	46.5567089286037	33.678510296351	22.0901800480784	23.0681642862654	1.1224949924302	3.5131518058099	0.690731451677862	2.25012253922342
MM_RS04330	MM_RS04330	1.63289289724554	4.02561307086316	4.90645756066702	1.12281299858421	0.0974997824607635	0.233936527267423	0.282557730064448	0.231985400185654
MM_RS04335	MM_RS04335	49.2291134001484	48.9542758505787	35.1395462899974	10.0659964160262	2.88906246450895	8.0957722006423	5.30399403901613	3.24799284474903
MM_RS04340	MM_RS04340	45.6644537507601	75.9607748792934	33.7203895554223	14.0375712471895	2.79450036613565	12.6779977683248	5.57779048581251	5.64532165428403
MM_RS04345	MM_RS04345	7.42592476245776	6.53883135717249	6.04018786143416	2.24059079554632	0.455838215021171	0.773293469577037	0.675120745475085	0.80155710254353
MM_RS04350	MM_RS04350	12.7475252944766	23.8351265373313	14.2075925199711	6.91360699721534	0.35625208659721	1.02888496913682	0.610069556639853	0.569959824007643
MM_RS04355	MM_RS04355	2.2975687976438	5.39422928300554	4.08831173409427	1.44499197611051	0.0505740250513058	0.134033730552688	0.169817187309174	0.142787409889232
MM_RS04360	MM_RS04360	0.809749103429695	1.76862778652661	0.92378813427315	0.318170529905441	0.0191267298584752	0.0220959106422004	0.0764292956864246	0.132607169895347
MM_RS04365	MM_RS04365	0.7509120406502	0.542071926085138	0.414588842650737	0.142792732460983	0.00858375852758392	0.039667159785998	0.0441025009052421	0.0778247534282531
MM_RS04370	MM_RS04370	6.07567021584101	6.92771455907905	2.45611677927327	1.79499188005451	0.448521247622493	0.936870069569297	0.478041219371034	0.736117247332837
MM_RS04375	MM_RS04375	4.44492323798549	9.24206437786348	6.49480248698929	4.66856419631963	0.122969548903758	0.317544778687911	0.317938425643609	0.270030865837801
MM_RS04380	MM_RS04380	69.5906695324481	71.8267002389139	74.4530238229653	17.8963509907922	19.8076278200269	29.2203014220356	11.8760336739129	14.8189586055237
MM_RS04385	MM_RS04385	6.72065211409527	7.64094085387071	6.69305890820215	2.95470641744342	0.13587356463261	0.298616131094592	0.215653897808836	0.205007764201858
MM_RS04390	MM_RS04390	0.42383771654796	0.612990818210814	0.485525626213981	0.120109683065504	0.021238048406651	0.0417075803852778	0.0290952432442639	0.058892688364625
MM_RS04395	MM_RS04395	2.48537135587448	3.76981630109151	6.25655991236006	1.43032582195674	0.1270877551902	0.212391069075029	0.314876065286634	0.323012652355976
MM_RS04400	MM_RS04400	9.49234130024746	14.9042337106883	14.5079493633922	5.56524078665389	0.99131173330354	3.79345314466096	1.65043176181772	1.93841631591065
MM_RS04405	MM_RS04405	111.004674655552	208.995335444415	178.969363648565	124.683091808005	1.79664581556776	6.34029576166196	3.31619788424431	7.96691902223952
MM_RS04410	MM_RS04410	7.97650484456774	8.56464028300697	7.04832736096673	3.15266458888323	0.742562084568452	1.12334664425347	0.536902830873337	0.863662929156225
MM_RS04415	MM_RS04415	19.5482500210473	27.5044936970904	35.0748065676239	4.74075732365509	1.16430818062408	1.5057266520685	0.773747923970082	0.871151768201726
MM_RS04420	MM_RS04420	38.2067156002236	34.3876057392789	63.5040204463267	7.3481785747338	0.783755498607862	1.04260305113197	1.111684747083	0.43063687704133
MM_RS04425	MM_RS04425	9.72689614692595	12.9963632763721	19.6516191319998	2.00448255243629	0.449515610551634	0.806513707215311	0.502249657367933	0.244818865227945
MM_RS04430	MM_RS04430	12.0652773494454	18.3183516166017	10.0104879338785	4.18766958528106	0.285003031418767	1.07003921512229	0.216914372099414	0.278645893932626
MM_RS04435	MM_RS04435	1.08681498596502	1.76551629358186	0.928533765464043	0.184269487095229	0.0553891934821456	0.1745107182884	0.114971046477527	0.166491462449994
MM_RS04440	MM_RS04440	31.2889424193801	58.2523871635887	16.1204880921532	10.8482227913499	0.166894055645809	0.622893144980127	0.190531827440243	0.164312254826303
MM_RS04445	MM_RS04445	30.4589881270535	48.8753400789201	36.8545074305569	6.09286913281308	1.88231086298375	1.99819138594466	0.23231640918026	0.651128150008888
MM_RS04450	MM_RS04450	19.3906048188102	23.38877641995	19.6386256136139	4.67491364306333	0.573963082439115	0.61733098148209	0.497094966085658	0.527740459958003
MM_RS04455	MM_RS04455	1.41895325383877	2.47460728516081	1.2573693497165	1.03309523395552	0.0655575760383605	0.143495172399348	0.193016117932411	0.158245468054947
MM_RS04460	MM_RS04460	9.79919978572873	8.548183645787	14.355138057571	8.32640818187885	2.27856903071639	4.13643113208989	4.23643153180937	6.55791972456086
MM_RS04465	MM_RS04465	12.8229626145723	13.1458618322371	15.3194770654649	9.60660614078972	0.830949143747088	1.64621595061891	1.54100454633634	1.6762942240181
MM_RS04470	MM_RS04470	4.5382174828317	10.0845712014027	39.702495448471	18.9630375086524	0.106117594513318	0.420309351751636	0.631703468848614	0.75186162474838
MM_RS04475	MM_RS04475	11.9068280930448	10.5811236327052	22.3597745014207	7.36864383548659	0.420754003361483	2.54957182365003	1.15555320018932	2.07450703667891
MM_RS04480	MM_RS04480	82.2305234546515	117.568775825163	61.6096764282259	19.2922559116112	0.69271226448152	6.31049351672248	2.37249742002109	1.85764883685917
MM_RS04485	MM_RS04485	237.565385212532	382.251372966272	344.700699923787	149.557538161322	3.57596973810048	13.4492709909526	5.95490352664132	10.4098425816471
MM_RS04490	MM_RS04490	140.726198680961	507.688295400508	91.1227221285873	43.1340875518459	4.2743553198421	15.5817093717499	7.26546968589477	8.61137275240242
MM_RS04495	MM_RS04495	4.64081692404037	10.9620166631728	21.9749820800782	9.97692755992634	0.307803001504069	1.05687158557694	1.5739827271603	1.31090950401258
MM_RS04500	MM_RS04500	8.22512797667665	9.11617132569813	5.38177859371478	2.46403710831301	0.376827226384434	1.16586117063847	0.776342188729214	0.799215647344936
MM_RS04505	MM_RS04505	11.0627070053406	12.376063343118	12.297981241609	5.42010294805407	0.322566339696314	1.07233324732148	0.489455984311214	1.00695298839515
MM_RS04510	MM_RS04510	10.3888776671471	11.2700500133546	9.91335110504527	6.51583839011747	0.787333388964771	1.73641810363707	0.505142826544965	1.2422883238038
MM_RS04515	MM_RS04515	3.38212337968557	4.39170091458648	6.04081202587054	3.4874562125608	0.203571972274121	0.413579998504012	0.387346287362383	0.549058518770198
MM_RS04520	MM_RS04520	7.46281274403203	11.5797481680591	32.7756176072403	11.8963825600116	0.355298587898034	1.06805355157299	0.929009030098127	1.29578230364666
MM_RS04525	MM_RS04525	13.9538834325662	16.0727751397292	22.8078254930219	23.3886224240857	0.339475049961705	0.971312254007139	1.2933735155182	1.29675260777108
MM_RS04530	MM_RS04530	9.55074438677313	14.1035473109202	26.8029881155154	13.9927924516873	0.359480360764421	0.818133729611209	0.550477603210795	0.828824239102151
MM_RS04535	MM_RS04535	7.87160240053973	10.3750172717208	18.8681887369362	6.83117097196348	0.774218241381102	1.30919495383787	2.49792730127212	4.08097507562369
MM_RS04540	MM_RS04540	4.77626543898874	5.18842561375256	43.0420773579529	20.2767405041318	0.377712618033669	1.05119702602894	1.5288509799104	2.65523564580508
MM_RS04545	MM_RS04545	6.19185071760619	8.0484484999559	36.5485479682663	23.8428214310919	0.275808579676711	0.323449894235826	1.14023011899245	1.17223554734587
MM_RS04550	MM_RS04550	5.86027156024349	6.16702798134464	32.4298057410555	17.3195739841014	0.113999850426508	0.323755380935718	0.883925220349214	0.709282770973956
MM_RS04555	MM_RS04555	3.28098295066763	3.19741288298124	13.9740311786147	5.02953804702893	0.571449932296287	0.843999230852079	2.10582674175333	2.56916171665678
MM_RS04560	MM_RS04560	0.386853887457505	0.778812470826033	0.702036380347968	0.425532035291502	0.01917894526343	0.0369177794869685	0.116761653131928	0.129553097897182
MM_RS04565	MM_RS04565	6.01643112597975	8.11053146433431	7.37712826941717	2.14631424315211	0.262314302848369	0.466838434485212	0.849850116708616	0.77128997651171
MM_RS04575	MM_RS04575	22.3365687512567	25.4146610187174	19.8549828034818	10.0136442830108	1.6067724412718	4.03154832577691	2.56478601587975	2.31086039608694
MM_RS04580	MM_RS04580	4.09273952707509	4.46695542062945	5.50770129191155	2.19648965768489	0.132048218660915	0.152544495396154	0.282659244772414	0.616174932254883
MM_RS04585	MM_RS04585	5.12489480450746	12.4221926727124	5.27083088830515	0.469863166049206	0.353087379009944	0.407896793106018	0.322481208825089	0.301277839969032
MM_RS04590	MM_RS04590	3.01013118209797	5.16372952955012	4.13112148853237	2.1548896925705	0.129546419693076	0.267805203655468	0.194600875317881	0.189078869936426
MM_RS04600	MM_RS04600	0	0	3.53972568506185	0	0	0.136270123751898	0.28105756826895	0.346051807992137
MM_RS04605	MM_RS04605	58.6388820652068	78.5481971532839	54.2180239514478	20.8253803441725	9.20848179434418	13.3378375122919	6.01882677427693	12.6005761458062
MM_RS04610	MM_RS04610	1.89936496681197	3.13799627664848	5.34739505916782	0.956257071518437	0.0755125565047597	0.149143794397354	0.125142256245124	0.135101328693849
MM_RS04615	MM_RS04615	8.86416200406574	38.3805637139436	4.64766709649726	8.66870332379752	0.44785379853307	1.12881946730154	0.557772562919354	0.477675948463075
MM_RS04620	MM_RS04620	6.06367596416348	11.0389493277854	3.17199375831368	1.30037162152731	0.306188864420463	1.12360601975338	0.227243493634958	0.284677686129003
MM_RS04625	MM_RS04625	6.08046525408101	8.60654528240888	9.38483243801108	5.1500337895989	0.205038544082854	0.556691871553495	0.585198453188176	0.628734803347339
MM_RS04630	MM_RS04630	2.87268318146485	3.60993719937937	10.5990006920953	4.52428472406485	0.208221413550104	0.248060964212438	0.69085552520982	0.694015592308126
MM_RS04635	MM_RS04635	6.0396209000333	8.69387184691563	18.0759110586713	7.82522901879171	0.298118179002436	0.571698185198198	1.38180692542161	1.58666675484694
MM_RS04640	MM_RS04640	0.37030687876143	0.301285105111363	0.782068131412756	0.296296562662942	0.0111332324303813	0.102888496913682	0.133452363033343	0.112803421782243
MM_RS04645	MM_RS04645	0.47399259182015	0.739155402664619	0.688220550085546	0.21333483936244	0.0142502650826883	0.0658496755267559	0.0488060157076681	0.0911926810702234
MM_RS04650	MM_RS04650	25.8541379834596	43.3549684682057	30.6925282450525	36.1818335340237	2.29211552294969	5.31137332717515	3.00814868306839	3.71370382989429
MM_RS04655	MM_RS04655	158.129873839636	221.113968372681	139.171945668905	83.0184124424189	7.25760983441967	12.4518972631046	7.907273868186	10.7099528753419
MM_RS04660	MM_RS04660	343.395995287776	451.404762152413	292.734527509278	399.408969825336	22.8001630552764	47.3286941705436	25.4352545220806	26.1889505221941
MM_RS04665	MM_RS04665	4.42548216678698	5.76733245273878	2.23206651504269	1.02502905452175	0.154055876731901	0.863149788595319	0.281401590334835	0.525799851709168
MM_RS04670	MM_RS04670	0.803955653562815	1.08610244572635	0.62364429935018	0.182922385845597	0.0687313645656184	0.211731102525262	0.141237977163738	0.141728028664868
MM_RS04675	MM_RS04675	91.9781998755715	112.788173903274	37.6288874412929	21.6291069482821	2.35753234441817	6.9821089083854	0.801782902486701	1.11583383645475
MM_RS04680	MM_RS04680	74.3509736975619	88.5595080529915	69.8255033674423	31.5976069113663	2.70214266594544	5.02406308592657	5.35634460994362	6.93272434788573
MM_RS04685	MM_RS04685	0.100599955523925	0.106827924436611	0	0.055337933651038	0.00554391386521025	0.0256234174409553	0.031650030061409	0.0177422495143428
MM_RS04690	MM_RS04690	6.85152391014604	7.78609489312041	4.3846164623649	1.91116704178724	0.400535290468951	0.800063903117588	0.526497573306819	0.488476546831587
MM_RS04695	MM_RS04695	5.92022418161408	8.07622936900915	15.1517403037166	11.4808839648203	0.204457363923356	0.336401377531255	0.66488749894151	0.396494897161838
MM_RS04700	MM_RS04700	1.31268232027419	2.511388781874	4.22628179665038	1.03606049951111	0.0377494675473857	0.25074694161149	0.258572060454474	0.301965006168619
MM_RS04710	MM_RS04710	4.91070489258622	6.56431978149534	8.00690027835308	2.00414167010788	0.0825639064086676	0.208425505876428	0.265322788534215	0.215264355995697
MM_RS04715	MM_RS04715	9.12990989239881	17.6814615056578	34.8413294389296	29.4667268343608	1.03829651682295	1.38309679766178	2.08043960520283	1.88150559301984
MM_RS04720	MM_RS04720	5.69566410092836	10.7643099977345	4.13495564149871	1.75522775109433	0.251471660497737	0.64937250157078	0.264575527489466	0.389177849666233
MM_RS04725	MM_RS04725	106.457759010627	297.613058239512	83.2980382361693	41.4584044867359	2.01178009468689	6.19751819481235	2.67952583441135	4.73849450755373
MM_RS04730	MM_RS04730	28.6341525913644	35.5583105239295	24.6225687307402	5.35246860848414	1.28710519166798	2.31001261193459	1.57437468672717	3.13784582934019
MM_RS04735	MM_RS04735	16.7166960737477	20.2412186456687	14.5313505760705	7.56992047585842	0.379235945717353	0.982419289303218	0.334555819367048	0.655760159206105
MM_RS04740	MM_RS04740	22.3195478298417	23.9622125510262	15.6558026229539	6.96913385360261	0.814292429566479	1.66138653541355	1.17703484033613	1.00158927444838
MM_RS04745	MM_RS04745	28.7503836793187	40.4605989731873	37.3213675679115	33.8944843612608	1.29944618911732	2.39848271300337	1.16680159380256	1.77217299681051
MM_RS04750	MM_RS04750	45.2119949009084	68.4315940445414	36.9628247286989	24.0723009503699	0.622693676672014	1.94725291971264	0.598107740217856	1.93179915991463
MM_RS04755	MM_RS04755	48.4540238235418	65.457002338006	73.2235784012478	78.2709031844516	0.712504173194421	1.81419617020961	1.42764927562727	2.9312251333643
MM_RS04760	MM_RS04760	20.6687048227605	25.3285096103443	28.6316858867042	29.0070203188919	0.470978412223091	0.990520450750359	1.06159287840776	1.24940494782452
MM_RS04765	MM_RS04765	18.154568562308	20.7067407231545	29.1637216708005	22.0587788557066	0.926646359619409	1.41682425849988	1.56017954672992	1.81473594395994
MM_RS04770	MM_RS04770	9.59475703371679	10.1982230438426	23.2743785018443	15.8025326262156	0.465502605407822	0.867005837693958	1.22556451044989	1.57055652505662
MM_RS04775	MM_RS04775	17.5318605618415	17.248870508008	70.1832486632084	22.3105184017316	0.625481525249605	1.21266980252194	1.93732360594172	1.8041484943663
MM_RS04780	MM_RS04780	16.1216906678883	24.4721902508858	32.0014357439444	12.832745246002	0.982766568770923	1.63202522882392	2.6226014619194	2.24053402567918
MM_RS04785	MM_RS04785	6.70527657504139	9.25114067845626	20.4161214928459	9.42606993124301	0.166667032146005	0.799040810867949	1.25581871327677	1.0043761151467
MM_RS04790	MM_RS04790	5.6555918518721	6.62830792324192	3.84517491769406	1.67902206912202	0.341409290180034	0.891701267235241	0.135570072635634	0.569959824007643
MM_RS04795	MM_RS04795	2.0306893761336	3.09396353242885	5.53190995540831	1.85271188298843	0.237500634319808	0.501433362273	0.349058323341195	0.544483773422946
MM_RS04800	MM_RS04800	82.9077873288414	111.118241426577	415.229260130894	258.041330847919	1.42501061662384	2.85482796754228	2.42998576311286	3.57848479217552
MM_RS04805	MM_RS04805	2.52843617738036	2.33725646069246	21.484279851991	8.12337373865689	0.164878086967551	0.190470957382766	1.06888501826332	1.25611118092049
MM_RS04815	MM_RS04815	1365.42959396623	2359.24369427178	2236.48367722209	3222.63898706933	19.8431524572762	34.3851275917625	19.3386336432657	59.4926321767396
MM_RS04820	MM_RS04820	2.06002404094669	0.886379319195162	2.92640486734196	0	0.340296875030995	0.614999483932913	0.307516248959096	0.584393495523973
MM_RS04825	MM_RS04825	6.11760084173875	5.6154924873045	8.882731778431	6.21281042822238	0	0.809018121764427	0	0.331971263550595
MM_RS04830	MM_RS04830	6.40829038372666	6.34504633019539	17.8071141487754	4.67998170081347	0.164424039967943	0.443212208393552	0.208570427075206	0.194859337457954
MM_RS04835	MM_RS04835	0.627010488970515	0.6279963156597	0.639218688143674	0.11742369459825	0.0374997416976015	0.0509672857320092	0.0579226004536175	0.0776402365783639
MM_RS04840	MM_RS04840	30.4180851995236	24.3518880930532	220.829912589508	28.9119552194248	1.20423480353458	1.62274246787719	3.32244949834321	3.08260212074838
MM_RS04845	MM_RS04845	1.91018508641629	0.861411702704268	5.77279779836315	1.07522500413456	0.15425338717673	0.23759948571613	0.293504399406785	0.399558513134998
MM_RS04850	MM_RS04850	4.8798100432042	4.41445621062881	8.49103887248622	5.36591497888442	0.383656093258534	0.334669325581866	0.482693976819477	0.701488524728638
MM_RS04855	MM_RS04855	6.38393446489292	6.07456010875322	4.86054679879104	2.38582309551425	0.32492057338928	0.788253672021756	0.44778137683816	0.549538898844909
MM_RS04860	MM_RS04860	0.209770276452945	0.434513980413992	0.304374282769549	0.192191920968827	0.00770290734834495	0.0311452336390061	0.0351748463102295	0.0328630872302602
MM_RS04865	MM_RS04865	1.15154933342059	1.67673413795503	0.671804034671538	0.122606748796529	0.0245684831487737	0.0567657691299624	0.00701297440865326	0.0524091480185195
MM_RS04870	MM_RS04870	3.48036442133906	5.1514349036368	4.61220365840164	1.91453890192733	0.118751452277403	0.242712065014326	0.125142256245124	0.204600554602103
MM_RS04875	MM_RS04875	0.186724273673665	0.31065964608655	0.396250297067558	0.0869126726972885	0.00474933161589674	0.0493850951825677	0.0406707398053904	0.0303975603567411
MM_RS04880	MM_RS04880	0.32787305340374	0.461569279581696	0.278877660912006	0.0551243688187793	0.0110469635004558	0.0382838237864863	0.00315259565294505	0.0235640742608458
MM_RS04885	MM_RS04885	5.93373601896445	6.46257084625753	5.94884189153847	3.78224550034992	0.0778690604327238	0.260876995857914	0.151130021484428	0.224245236465303
MM_RS04890	MM_RS04890	13982.5418106172	24714.7869591999	26252.8077573187	18543.8181007061	1287.76961907463	4850.15063163846	1804.93707966555	2860.8903833465
MM_RS04895	MM_RS04895	37802.9652280514	4326.7663804336	5536.90299349293	971.03029968647	4452.65995798753	5968.37092951859	12168.6578082686	3643.69692814284
MM_RS04900	MM_RS04900	6.80004048180236	9.6983410034948	2.29702915328629	2.12516721774249	0.433574020395407	1.28892331754503	0.230993898123703	0.480939987911114
MM_RS04905	MM_RS04905	5.61576987133032	6.87850044463382	31.0632422907745	7.50917360212883	0.192858733318377	0.433214723847081	0.713532783028232	0.30093107554424
MM_RS04910	MM_RS04910	293.669598349375	860.37568238604	3396.84475121085	609.965548391938	8.05684606547916	14.8417110705111	45.9902684145784	25.7799275671898
MM_RS04915	MM_RS04915	23.112033730635	72.519815338964	170.822878406019	25.4995382962909	2.40380427414819	8.64678951264779	17.7721601846419	16.1968540886961
MM_RS04920	MM_RS04920	13.6031534089845	19.9898242600492	40.3541825642843	21.0421773980271	0.635731636265749	1.64310344462001	2.01434789061094	2.90187741025693
MM_RS04925	MM_RS04925	4.0874173274961	4.11221406548437	3.2891583396571	1.86921387329642	0.122143183364472	0.161403609693027	0.158038661332116	0.130275258671748
MM_RS04930	MM_RS04930	9.9132450178279	9.84509752838128	4.08665224928326	2.60330602104172	0.271822047020155	0.70416125300144	0.235093964384331	0.614985116705598
MM_RS04935	MM_RS04935	8.93363547871022	8.18367603095552	3.34857780326333	1.93636769199377	0.301058133324896	0.783691545173367	0.389528853583653	0.620800578802104
MM_RS04940	MM_RS04940	25.6449640915518	32.7679245413424	73.3441560722473	27.0246745827225	0.938249530694384	1.63806579602178	1.90873593623728	1.75690899946968
MM_RS04945	MM_RS04945	11.2805417853077	15.4068310739207	20.4454076844957	4.21400787892097	0.216262585913156	0.562121465351578	0.392385364671697	0.395419609312484
MM_RS04950	MM_RS04950	7.02865278247769	14.5702133850966	9.10277451068514	2.11779923102956	0.186885745038537	0.735398709040414	0.460053377090053	0.685196959413424
MM_RS04955	MM_RS04955	2.62182893217375	3.20467303318567	2.62598857968883	0.721130405233598	0.220775813089257	0.43126076174777	0.302457432678789	0.376761138198691
MM_RS04960	MM_RS04960	2.99860818070833	5.15956751824348	2.47121066052447	1.10401107931343	0.0819872667191658	0.455526780739205	0.325371558149121	0.303978784892409
MM_RS04965	MM_RS04965	33.1654637281692	87.4132856877919	10.4839562883611	8.6102440579827	2.38785587328697	3.51489250360929	2.66452421645637	5.44697240330317
MM_RS04975	MM_RS04975	1.51193865668839	1.94515048211636	1.4543724883706	0.228719721317078	0.237500634319808	0.498196932424143	0.0927590644039602	0.20665250922587
MM_RS04980	MM_RS04980	1.22918582152639	2.44038976546648	1.02786012351059	0.423281390520775	0.524199531282109	0.676125643411336	0.133635653478282	0.390828957340241
MM_RS04990	MM_RS04990	173.653558541922	332.103761672773	0.994566399884297	2.3026560214135	9.71721194434966	19.2412123624081	0.0813414796107808	0.285883408303279
MM_RS04995	MM_RS04995	197.431562114424	417.020904448985	5.78257142084711	4.95624834642014	10.4932577249042	23.0719579400559	0.0985961601120069	0.115144876980836
MM_RS05000	MM_RS05000	344.351179684854	345.838283249635	4.97833554457084	3.36441001305174	12.150892511072	22.9585099783459	0.209915496955756	0.294173941248299
MM_RS05005	MM_RS05005	27.5777478923385	40.4929335722584	9.76022276331993	2.56000985831727	1.08300879510932	0.888957650836209	0.74835232786058	1.55029148481879
MM_RS05010	MM_RS05010	41.3015786490557	36.2605197299683	28.5436737474885	9.57096545589854	0.672175718689263	1.45985177198469	1.0743386139635	1.20444328162653
MM_RS05015	MM_RS05015	108.950638421935	159.549813170531	212.52621716797	222.791917264521	1.09514774164383	1.89772372703013	3.12567733621606	2.51134749746651
MM_RS05020	MM_RS05020	15.7609312667108	22.0617892235721	6.53838006275786	1.32399517758793	0.320947662142712	0.786031688572541	0.190531827440243	0.232777550110178
MM_RS05025	MM_RS05025	423.005906541223	655.083179343099	49.9581066268369	18.5342239675729	5.35631980685232	17.434166310146	1.10729141611047	0.58428214914904
MM_RS05030	MM_RS05030	29.6190869924921	57.4616050153257	12.3042724228328	5.71664593167731	2.54786657641873	5.95519807499789	2.63817551003319	2.71756734649264
MM_RS05035	MM_RS05035	13.2849609547149	13.7517572001562	61.4846701619397	29.2320560468526	1.10781565293288	1.78294430442064	3.03751745205356	2.35306067218659
MM_RS05040	MM_RS05040	10.3647560422418	12.3452333000059	56.7775390186621	31.0237787421671	0.273075216739072	0.815856989112013	1.22193253978711	1.65380543760661
MM_RS05045	MM_RS05045	13.4493740565667	11.523963862503	88.5081171193334	47.838571710145	0.359850409069101	0.823107975309453	0.969538777253565	1.52757046168244
MM_RS05050	MM_RS05050	11.9891025359613	16.1213883220606	63.4775132725245	31.3434360118663	0.207712880910543	0.474334386432566	1.40075069786927	0.963566078071216
MM_RS05055	MM_RS05055	7.19850256844166	7.54639865264944	6.35787269849382	1.57385371028261	0.519234527341399	0.726467545993566	0.737682004112151	0.683030477089725
MM_RS05060	MM_RS05060	9.19841424215747	10.7538404249076	4.40276181419397	2.71356707972729	0.427024392426065	0.759932749381753	0.427255666858028	0.42987017771679
MM_RS05070	MM_RS05070	0.917785228750585	1.79463701868142	1.07661925483832	0.384802757570161	0.0416406503340239	0.0962081368160398	0.0369739125236275	0.0789541238025747
MM_RS05075	MM_RS05075	9.60015910622593	11.4265772492765	6.00700311889993	3.71427027845157	0.328848079935886	1.07871676656923	0.282729741097391	0.420027158172703
MM_RS05080	MM_RS05080	16.9709209606911	32.4026023296455	15.0157269471317	5.03249920556851	0.208271358720061	1.31697333688513	0.500571844833494	0.99377594025307
MM_RS05085	MM_RS05085	0.59576686112684	0.653685050687146	0.788428664240634	0.183078452453787	0.0173786489099854	0.0803026547716542	0.125652649637953	0.0741407790804659
MM_RS05090	MM_RS05090	22.9814574644258	32.4482598162469	36.1938293746481	20.3648729605826	0.520971257114898	1.6108140768314	0.892145091841463	1.88761055569117
MM_RS05100	MM_RS05100	8.48938756607792	13.1022519661716	16.9262298889744	13.2487284690819	0.814292429566479	1.1317734660505	2.49838411745797	2.72766805336158
MM_RS05105	MM_RS05105	14.1802912403693	14.2303217301858	28.3414395164152	14.0900671257651	0.289543501414844	0.452543962490258	0.771297471713902	0.823527332980333
MM_RS05110	MM_RS05110	2.98645152073951	5.91843794558953	11.5839371263897	3.80199614031785	0.197526336474344	0.472674383233152	0.354365286685419	0.270870735637296
MM_RS05115	MM_RS05115	0	3.21759084795775	0	0	0	0.0802940089216572	0	0
MM_RS05120	MM_RS05120	17.8420470860791	46.3479397947252	10.118022549632	3.29630747365724	0.945945627337735	1.81340939785989	1.58872491863937	1.08054976090095
MM_RS05125	MM_RS05125	21.6405347384816	27.8986116854104	25.8168776576382	17.8169213012559	1.19011848231678	2.16178815958692	2.26150800597824	2.32994834607547
MM_RS05130	MM_RS05130	9.00829803138343	13.5582837676084	12.3950586262101	9.03427703243238	1.05397021924941	2.77061162467201	1.84786094969365	5.8616294848791
MM_RS05135	MM_RS05135	7.00445394707324	8.47876485827132	6.92214707109781	4.57937212973958	0.873198217060586	1.22590371691727	0.920729941692898	1.3711383488764
MM_RS05140	MM_RS05140	52.9052277362681	75.7010787278056	48.5751861053739	68.2801021244605	1.46459443404964	2.62937301912186	1.83021148977256	2.42760866086681
MM_RS05145	MM_RS05145	5.62566878980691	11.8729273666577	8.60275935291232	14.2222760779813	0.237500634319808	0.411553987654727	0.700451484965609	0.949934100454404
MM_RS05150	MM_RS05150	20.5133785979288	68.6198193366287	28.0729596424235	12.9536229410604	1.60564640471278	5.51830021905211	1.39771935589528	3.36089170628122
MM_RS05155	MM_RS05155	41.5764932873389	73.7348199487736	30.7952478780111	20.8511313345237	2.76982518194197	4.66071259395483	1.49304448652838	2.02652629305773
MM_RS05160	MM_RS05160	49.5537649120361	54.3008712480308	64.9387119402073	30.1201695088164	2.93601319450338	5.7191807798312	2.74882372186317	3.56388887308428
MM_RS05165	MM_RS05165	11.5079293677207	10.0837833126313	19.031913013022	10.4750921732658	1.72366457108581	2.0306623165832	1.47098759636977	2.08416553937311
MM_RS05170	MM_RS05170	1.23115069560808	1.29763054978184	0.574582993176271	0.241874493581014	0	0	0.03320094921089	0.10856271555979
MM_RS05175	MM_RS05175	15.9063159741698	17.1629995346213	25.8998172223868	50.0467786844921	0.462760161530191	0.840079778853463	1.65201369935019	1.74709461185057
MM_RS05180	MM_RS05180	15.2810733393866	13.9856533328918	27.8938046344383	31.4953216777623	0.646533414386417	0.838350608854073	1.82267966241208	1.21732128521879
MM_RS05185	MM_RS05185	10.7725579368467	12.3822952317055	15.0893337674506	11.1547293958012	0.775373790995103	2.130395078248	3.75612315062709	2.92803108306622
MM_RS05190	MM_RS05190	9.26439993218538	10.8731009670762	15.3285571719084	20.3062535211436	2.28001744064514	4.23900549645368	3.55196861334841	5.48428616420576
MM_RS05195	MM_RS05195	33.0432874317807	35.1013572932515	30.6668384294408	36.992661168806	0.339640777116562	0.963845121559775	0.876647179758649	1.21276562782153
MM_RS05200	MM_RS05200	24.7839232548108	23.525308196204	31.9779404112321	30.954370171683	0.111765939188438	0.365826087020868	0.659247792943397	0.49669709062665
MM_RS05205	MM_RS05205	12.4482893489627	14.6164985119057	8.89821204719044	10.4647876701093	0.242778930690247	0.963340780309953	1.5183977848429	1.26094997624259
MM_RS05210	MM_RS05210	3.19661583698119	3.25719004858228	8.38474267823342	1.67321064147498	0.153070594742752	0.223143624521233	0.545057845746608	0.318749676858537
MM_RS05215	MM_RS05215	8.52980593116483	9.87861618628401	45.5468591485198	22.6035539936866	0.213994621150116	0.39891087300919	0.732916452543745	0.663980703001168
MM_RS05220	MM_RS05220	2.20114619636671	3.16497145153435	3.19598941331231	1.82652554894071	0.0740255525810444	0.114024351709751	0.0140851657302867	0.0921152653196692
MM_RS05225	MM_RS05225	29.0089589785243	49.8701275514437	55.6386370697078	15.407466435649	0.5089322009203	2.57221242284204	1.00226035145462	2.15770822935393
MM_RS05230	MM_RS05230	85.2780191934737	87.729647511936	40.8477628839392	23.9644137469352	3.93929587695158	10.584044947814	2.37214211854321	5.0570310356374
MM_RS05235	MM_RS05235	8.55515227433243	13.9904919492451	10.5978365758845	4.5149987608776	1.87093244517358	1.42223944254797	2.53435134246093	1.42684016826794
MM_RS05240	MM_RS05240	13.9030869114218	19.7789104421545	14.3432591185358	4.02528638647635	0.24198888891093	1.39776880510661	1.10506373224121	2.71007532612214
MM_RS05245	MM_RS05245	75.0779238591671	127.458800818911	97.332727299891	86.5711866375228	1.06108513573326	3.51102780866065	3.27373371793152	2.41312408815051
MM_RS05250	MM_RS05250	85.8019190544825	188.195183162683	222.547766682693	134.732713551219	3.41790008589205	11.5473914920239	21.2770908301131	27.3754956693814
MM_RS05255	MM_RS05255	48.8792886031085	75.6036698578341	105.996956942415	42.252594599682	4.06750512823081	9.17405379276168	17.8164346965801	17.0582328265036
MM_RS05260	MM_RS05260	113.95827177769	565.44344462505	646.213059956696	723.473129303156	3.80426910997324	14.0075306433055	24.8531184292494	27.6430800962957
MM_RS05265	MM_RS05265	47.0838968919037	88.61259038971	319.389301339583	102.64900433252	3.47563443212717	12.5574112164674	23.1826882699624	27.2376202252892
MM_RS05270	MM_RS05270	29.973107780796	38.4744204074203	198.953984414746	80.1444828157613	1.13809604733672	3.14327657904046	9.18483082823249	9.73647060725161
MM_RS05275	MM_RS05275	99.1459992896635	160.524387067286	1569.60375009445	990.059115163458	6.21822587503266	10.535778049231	271.681920808125	88.2645927233072
MM_RS05280	MM_RS05280	6.80510442557387	6.34378214708192	9.03718275431915	3.87354857315653	0.186815367753598	0.296117480445474	0.218236883155972	0.412411066127278
MM_RS05285	MM_RS05285	2.03347161653382	2.09433744355196	1.89805432891707	0.479403764228764	0.0160119674411662	0.0554890652804131	0.146234756678066	0
MM_RS05290	MM_RS05290	8.41574472447962	12.4324396780898	3.7010622844942	6.12069827326279	0.421482748795853	0.950631380814439	0.305511333476767	0.37105384115212
MM_RS05295	MM_RS05295	5.72122343857636	6.82037918085746	1.73500870781368	0.796765211981224	0.0598751778382699	0.138336481901169	0.246080111668655	0.0127730198673276
MM_RS05300	MM_RS05300	2.4200991973559	3.68407886817457	2.59109976916956	0.909843683646211	0.107954214626731	0.315939532538477	0.15611270173376	0.26099272151823
MM_RS05305	MM_RS05305	4.65198848453735	10.4085403809725	4.22158074863352	0.639762204143026	0.288456058850784	0.111078998810791	0.548856187736337	1.12809466299739
MM_RS05310	MM_RS05310	8.14365758792365	10.1423986761456	5.05116463618724	2.00068766964769	0.169954332423165	0.437984351095397	0.238804890931089	0.111553161057993
MM_RS05325	MM_RS05325	3.14274154559501	5.45166058768829	3.01312409451083	0.392638944107654	0.0480835772584574	0.207039287926918	0.114779296473592	0.0559467814163945
MM_RS05330	MM_RS05330	162.401283786595	231.574803201601	80.8069434800287	28.0442823761177	2.9026589019122	14.516232283476	0.592363699658778	0.897773095785736
MM_RS05335	MM_RS05335	13.0280629870425	15.0069931021471	24.1952687298057	10.2963384086653	1.29141636792926	2.23782552836008	2.99951429318528	4.52406047738254
MM_RS05340	MM_RS05340	74.4045737585545	70.2908557478752	54.8605071186675	18.5031133213352	2.87607899055517	5.9342174790053	4.5163442397607	7.5038039982927
MM_RS05345	MM_RS05345	105.609689537742	123.156207008428	83.8575620238964	29.7535731531963	3.55773521059624	7.00208946772835	3.78790289392646	5.76691507703599
MM_RS05350	MM_RS05350	2.91732948698769	3.91236184983244	11.0558345689797	7.70005127797606	0.292083894377649	0.42944801519841	1.7057854761892	2.30816263248856
MM_RS05355	MM_RS05355	8.67852400224212	9.0435342128619	18.703805620612	13.1576882452996	0.425003883277811	0.768232765378824	1.68393725515251	2.13851847696546
MM_RS05360	MM_RS05360	18.7040703598609	18.4578925047736	26.4374803937825	15.3043146216681	0.923851700336823	2.29388233779029	1.71498947637812	3.1261767292472
MM_RS05365	MM_RS05365	86.3689556226344	128.123792296036	38.4331183638832	26.2391461665309	2.51073234255581	7.55570629863293	2.020159607642	4.13099504856864
MM_RS05370	MM_RS05370	135.929349987873	220.792278283795	59.1287070062754	47.7087530412438	3.90690189376457	11.0975853820327	5.40482634255639	10.5401655601939
MM_RS05375	MM_RS05375	2.88409436075228	4.87248221641362	30.1452152933228	4.43291593900216	0.13648652808208	0.237847333416043	1.82757210736544	0.705665604451129
MM_RS05380	MM_RS05380	2.40774817992371	6.42744970271801	33.0331151593633	3.66844419386806	0.212055840461791	0.578136461495925	0.881212521764121	0.995169360602233
MM_RS05385	MM_RS05385	21.6234658933085	35.6660465235603	35.8218372779373	12.2237240566562	0.209560852198947	1.0813364591183	0.781527898394479	0.774846697859574
MM_RS05390	MM_RS05390	3219.84956777063	17612.6380059454	7478.85915655696	8872.59170189425	740.919351604811	1716.15744469177	683.264833417985	1734.92102678336
MM_RS05395	MM_RS05395	15.2377050007461	35.1894227816908	34.9097547036893	19.5813980523935	0.423371584314221	1.47920694817786	1.61506516550355	2.4670761787931
MM_RS05400	MM_RS05400	2.94928664634071	2.90865832527973	11.3730240374391	3.77153850962495	0.373669329502162	0.548737689556303	1.31594643877565	1.89142496436388
MM_RS05405	MM_RS05405	2.72779368617275	3.5182349588144	9.12195022920283	2.41021877058381	0.0898104965224068	0.318175925737688	0.731402191483252	0.823807289580165
MM_RS05410	MM_RS05410	6.90602387281839	15.3714784602336	13.693939864632	3.98922678595266	0.191884802504218	0.371981932218695	0.906870364202535	0.891477253614517
MM_RS05415	MM_RS05415	68.4224587057982	114.135939996742	7.20451708064194	6.60833249756552	2.1591069948846	5.46244226417183	1.94729742599938	1.01326155586637
MM_RS05420	MM_RS05420	13.1322572244232	21.0421187101884	4.23781397766541	2.37038071533555	0.554561654145878	1.31372826118627	0.581019431043574	0.393074972788892
MM_RS05440	MM_RS05440	16556.0722289	59017.5693589799	37100.0725438358	34649.0858380406	1444.50077251151	2619.32778930976	2714.99223660257	2313.35022192079
MM_RS05445	MM_RS05445	30.287290613972	42.2939048605541	109.399579459971	57.9426155224414	0.879636603515024	1.65976399756412	4.37175627723409	1.72004380539182
MM_RS05450	MM_RS05450	6.91927479193028	9.60114134692586	6.28820405854735	3.14185081574213	0.240304374542385	0.521903853115775	0.227705949526803	0.202481792153375
MM_RS05455	MM_RS05455	11.6429066323812	22.3431367365525	60.1225055848293	19.655279163307	0.244286366728945	0.569643354848923	1.49257639093054	1.6742963519193
MM_RS05460	MM_RS05460	29.1959894317636	54.4145364445177	21.9411880341656	44.3271921293552	1.02880920476614	2.95357798425742	0.772194184967602	1.59693925326577
MM_RS05465	MM_RS05465	4.87600010443605	12.0430134116064	18.0122908693345	4.31658471066124	0.236252005070886	0.615163755082855	0.744929026319726	0.999931804124372
MM_RS05470	MM_RS05470	49.5658150747647	55.5122079462718	13.0868953670779	2.87892375811961	0.865365906317353	3.88771596522769	0.43908495018907	2.25619250731978
MM_RS05475	MM_RS05475	308.570231597596	581.918034135505	324.441798517305	502.638656936767	2.88219727387488	7.14553852892772	3.79599587203375	6.25314560841893
MM_RS05480	MM_RS05480	21.9141767347444	31.4966192694937	14.8367799939586	3.52165944185024	0.122143183364472	0.752546311534361	0.185924187639785	0.0868501724478318
MM_RS05490	MM_RS05490	1224.26526297665	2397.63730488961	3913.25830381427	1259.71750219886	167.481839918916	523.237633985054	319.228784736271	312.220471773409
MM_RS05495	MM_RS05495	5.49203871523495	7.64785825020283	3.92024802906982	1.19018859614583	0.354790055258473	0.656384285918305	0.453048862240397	0.442500037959204
MM_RS05500	MM_RS05500	0.539538980732245	0.391585170744144	0.741046657621749	0.802157723995757	0.0168791972104169	0.0577312223796216	0.137637024883943	0.123441772575852
MM_RS05505	MM_RS05505	3.39101589924227	5.98477194825441	6.17833625668637	3.20001437640459	0.124688116797274	0.277667236551987	0.376210687869109	0.313478221336703
MM_RS05510	MM_RS05510	3.44254192648203	3.86112682294526	3.55331364576813	2.84703277884098	0.0813175473947444	0.326559518284729	0.371346441445737	0.404753616856877
MM_RS05515	MM_RS05515	1.67223031534442	3.112823898104	1.28072102553474	0.429281740904044	0.0785433202271412	0.362944137021885	0.236983265893699	0.317143107734502
MM_RS05520	MM_RS05520	7.52840439427121	11.9241490394979	6.72399963097701	1.58025244121836	0.245691642192731	0.283828845649812	0.551633742940408	0.393074972788892
MM_RS05525	MM_RS05525	5.9041564104989	8.63454426756269	8.77160574032526	4.66134816919889	0.355655014792726	1.1691725311873	0.511845617123722	0.779042865532053
MM_RS05530	MM_RS05530	3.26441198009251	3.45715354795898	6.13805783579582	5.6386290556468	0.145740005934086	0.586151164443096	0.258817387665392	0.713889329571189
MM_RS05535	MM_RS05535	5.00713281872531	4.86643283313476	5.62740216048852	6.93187089738947	0.111452646758709	0.312740568039607	0.109063454444504	0.441532915159785
MM_RS05540	MM_RS05540	5.56543395074979	5.18323534082898	8.06730552547391	8.11970206634844	0.193900771182476	0.455108897989352	0.744909287348732	1.04718402432099
MM_RS05545	MM_RS05545	2.50484171381405	2.69265216413923	7.75711066165081	5.78141357407577	0.191160597539844	0.515278250068113	0.615029678065194	0.834493360248746
MM_RS05550	MM_RS05550	2.49282350025748	3.77109383825195	6.98045195535335	4.38814125051592	0.400414968014055	0.802700887366657	0.578137541278539	1.59525951366678
MM_RS05555	MM_RS05555	13.8630306369515	25.8480666132326	14.3785987144813	1.36178793886571	0.0818669442642697	0.472876119733081	0.560778526216348	0.0873178272225509
MM_RS05560	MM_RS05560	8.13023361079644	16.7659436559671	6.90581972203185	1.72187878113393	0.806609954333116	1.84811095779764	1.12038117373209	1.02521061255919
MM_RS05565	MM_RS05565	32.2020337822689	59.7217240493519	80.553131470292	41.8767081738587	1.04896662131373	3.15524531738624	2.10135445489683	4.4119155898749
MM_RS05570	MM_RS05570	0.93180292799191	1.12028880597774	0.828682316701173	0.219770533442236	0.0959446714871071	0.218042573023034	0.150833936919527	0.186212496113148
MM_RS05575	MM_RS05575	67.0065139989951	84.8646747256546	431.89638747348	648.307015222018	0.643711512283855	1.74744444433317	3.33224848751494	5.79132220242133
MM_RS05580	MM_RS05580	7.29792839189238	8.57421958603575	42.535434168308	49.8932748542902	0.174490261949246	0.299005194344455	1.26164170971982	2.20849172029843
MM_RS05585	MM_RS05585	20.602450227201	53.0444156764163	40.5744927955826	20.0353506384394	0.377458351713889	1.36694634986749	0.68753937808293	0.773516904010373
MM_RS05590	MM_RS05590	2.32599291105317	9.97484990012188	11.3982630676245	2.87892375811961	0.865365906317353	1.88831992418345	4.3908523217437	4.30727544803775
MM_RS05595	MM_RS05595	134.669096258949	163.054097601607	96.4929933097171	115.543264464244	17.1136307572544	50.2915693254977	30.5541816087687	52.8253003228445
MM_RS05600	MM_RS05600	152.030185833699	137.475475594153	98.2046899712005	203.714487039082	5.95097381106356	21.3556414376617	13.3057555414945	20.1083917949215
MM_RS05605	MM_RS05605	58.4838460453547	48.6269859646615	29.5108462637761	62.6761075347836	5.07107159005377	10.7514891247049	9.85088856616861	23.4797468791214
MM_RS05610	MM_RS05610	4.6906203584199	5.02946348993258	5.12482099336614	3.4585592479498	0.2992010810965	0.48624836772836	1.32579900515435	1.27649393018325
MM_RS05615	MM_RS05615	12.8818369513859	18.66699017228	17.311141198781	16.0271042613677	0.439917056979927	0.88683077173696	0.552944974584969	0.995592476826979
MM_RS05620	MM_RS05620	12.4435688587908	15.2485544578453	16.6985634339616	9.79348769006411	0.511804048192819	1.12132063340419	0.79996127744931	1.61105161095729
MM_RS05625	MM_RS05625	8.21153360396512	10.1898322509944	15.995531362727	6.7533471256852	0.268870741522705	0.667805453764273	1.13572963360595	1.684788361763
MM_RS05630	MM_RS05630	16.426131666017	29.4802472035203	47.3206948472252	10.772427810978	0.334510046020995	1.27523693699986	1.34425494303317	4.08873114596903
MM_RS05635	MM_RS05635	30.8894020481838	65.1728415724633	20.1756299447713	16.406222908787	3.02614606439551	5.43806096718043	2.99779982256185	4.59383647856563
MM_RS05640	MM_RS05640	8178.96417334118	27228.4999684361	18122.1540593138	26668.7345249288	996.356308980932	1716.37593396704	1192.68627931548	1784.70852758541
MM_RS05645	MM_RS05645	42.0402062330488	49.5193122861087	19.5494642192455	14.2497602290866	1.29283526480303	2.04226216532911	0.900663867751612	0.933963848963997
MM_RS05650	MM_RS05650	18.6149800935716	25.4159741666697	10.7255227862984	4.57821805824218	1.39243955510698	2.55869031344681	0.855261414613805	1.21591513956964
MM_RS05655	MM_RS05655	20.8403677242389	29.9335547793746	14.5171582656718	4.81483557133683	1.55860486531842	3.49541916746616	0.800716998053057	1.84049831379447
MM_RS05660	MM_RS05660	20.2690419797379	32.2178847005632	24.2955214271348	15.3123068748138	0.972543700574755	2.51138022226351	2.00684990148645	1.56981845765706
MM_RS05665	MM_RS05665	83.6896953912518	115.625223377334	49.3652643470535	17.8943098038377	1.20260477480599	4.27254851249184	1.13785862262024	1.44960891127927
MM_RS05670	MM_RS05670	14.0137748180236	18.0139461158476	17.4425129515811	9.76883738000225	0.223107344432243	0.972764756806626	0.969538777253565	0.852060636888194
MM_RS05675	MM_RS05675	18.2952940155082	26.9572181440347	22.9814769558577	22.5781972768719	0.652796992746006	1.37951165186305	0.740718985792134	1.3033729450921
MM_RS05690	MM_RS05690	0.73000130753693	1.97610071165124	1.38380227757158	0.29002104220734	0.043588511962341	0.205292826227534	0.103353252121415	0.146624087836927
MM_RS05695	MM_RS05695	0.538628429328535	1.20514487179444	0.977585164265945	0.370370703328678	0	0.205776993827363	0.101678259439976	0.118742955553675
MM_RS05700	MM_RS05700	1.14907327258594	1.48308265144766	1.58499128089823	0.252840226314298	0.057001060330753	0.153645400295765	0.0433834383904827	0.303978784892409
MM_RS05710	MM_RS05710	15.051236320449	45.6258864748843	6.52091336591121	1.80282395957599	0.381340453560535	1.1824929040826	0.252046920614658	0.235475313708557
MM_RS05715	MM_RS05715	10.3306077021717	17.0986819930494	8.10143642203471	3.25167653073117	0.365387512229318	0.506528649871202	0.385857404978881	0.292287415524432
MM_RS05720	MM_RS05720	91.0119690522539	85.3820327621413	373.212130129082	211.476492653493	0.92495503454587	2.30062898273791	3.02271604366151	2.22589038671298
MM_RS05725	MM_RS05725	29.9477108514393	33.3423978367335	30.6571143438169	23.8815752341148	2.08407799843443	4.40362536234558	3.25370994178522	4.02771969515567
MM_RS05730	MM_RS05730	32.1022219063224	47.1453455502869	35.6623583107561	15.9763579716102	1.60313552480495	3.35827869481457	2.44028386626541	3.2145762069691
MM_RS05735	MM_RS05735	11.1667308471369	28.2727698248545	32.4017133877324	23.5089703140794	0.180036446049455	0.586324081443035	0.311999815227596	0.582971443249827
MM_RS05740	MM_RS05740	3.40149256524694	5.45551545591455	13.1940931321832	4.23550810770702	0.155102455065997	0.477812900081338	0.531218007227239	0.830599418451085
MM_RS05745	MM_RS05745	10.6746257371898	9.64117677975152	10.2379958709392	3.98654901151742	0.707107824604083	1.6711592278601	1.3002511369829	1.65806523177905
MM_RS05750	MM_RS05750	7.79728063903516	12.548953737931	15.398458635097	7.88715460611473	0.916078415703539	1.74420513253432	0.774692574724766	1.51989392446205
MM_RS05755	MM_RS05755	6.29556305497496	8.77304354007074	14.5796688293439	3.44782350811279	0.418867438078113	0.828096630757692	0.75920030234795	1.0316846089303
MM_RS05760	MM_RS05760	5.91671775998049	10.7305732237313	141.912428793181	63.2373353788795	0.368329736786776	0.725450217643925	4.09471135978279	5.90569083610264
MM_RS05765	MM_RS05765	11.8613963703755	19.6624676038972	79.3842299989034	13.1517823562844	0.467341495756233	1.29219144884387	7.54825864390514	8.26136019478766
MM_RS05770	MM_RS05770	95.6717025485848	150.464658844603	144.533374520519	221.792355816246	3.32711565855548	9.64522668004536	3.76971766193555	7.13078091696676
MM_RS05775	MM_RS05775	99.4542342519744	60.3589257547251	53.5043216405628	7.73779064804578	5.63452348445196	5.29816535032981	5.16105851034696	5.03137364952781
MM_RS05780	MM_RS05780	6.75332280495762	7.74301028623587	2.81728011838144	3.77042961530361	0.191669130179404	0.577620592446107	0.0190283680376326	0.24887187327551
MM_RS05785	MM_RS05785	6.97129869376798	12.7329502484768	13.6683738911704	3.83488101746969	0.363060521356328	0.76543727387981	0.538831610324692	0.745425804277246
MM_RS05790	MM_RS05790	107.830630908631	136.905093088485	249.041258404112	95.7401737949184	2.85001896301268	5.46061510787247	7.97555660855815	9.52713942237735
MM_RS05795	MM_RS05795	3.6547722891836	5.28329721479917	4.97903896798327	3.79757288408049	0.335735972919935	0.456803484588754	0.655852689932533	1.29708346557088
MM_RS05800	MM_RS05800	45.7455221124313	60.5445158482097	46.0955839007603	20.3980781849828	0.885816183179685	2.05554507287442	1.35424568220883	1.47059929361666
MM_RS05805	MM_RS05805	12.4627969355089	27.2919417827669	18.7215348628168	6.1994544121742	1.14000758520507	2.62128050352472	2.20251104153198	2.18630834108675
MM_RS05810	MM_RS05810	8.15340741026396	14.0150901037697	15.7317327220082	5.34832873635112	0.32409874831999	0.775564446176236	0.643106954376798	1.00686072997021
MM_RS05815	MM_RS05815	2.59909443382205	2.47405976923491	1.39034609678157	0.865377021360343	0.084822790231716	0.222109004471598	0.277597608639108	0.295535548347481
MM_RS05820	MM_RS05820	1.56173676620591	1.55064967778306	4.17945955654984	0.903054786189987	0.104769074924483	0.205419632027489	0.217103302250351	0.247675695076229
MM_RS05825	MM_RS05825	7.14237586042526	5.9479503894003	3.36076882451676	1.14099886545424	0.187269414753206	0.302682562543157	0.19762093787987	0.297081672296552
MM_RS05830	MM_RS05830	14.0852930396799	16.0292988141335	9.97710504390414	4.26441328635003	0.882671907707401	2.40210532415209	1.36357939563571	2.31370450063523
MM_RS05835	MM_RS05835	440.253427459023	433.972829917148	44.9511338234826	64.3936739491124	423.298989009689	516.887888309345	15.2492377063862	440.77567709579
MM_RS05840	MM_RS05840	14.4072688084076	18.6446488516938	19.4144217851172	4.97598666534005	1.04972033933308	2.23056013241264	1.68273881762791	2.70912410994771
MM_RS05845	MM_RS05845	1.46289401514529	2.12142835351159	2.97580797785008	1.2349879267281	0.246681464651876	0.293275877746477	0.205065349797379	0.538986443826248
MM_RS05850	MM_RS05850	3.20211109457551	5.28775746648822	15.1821856578912	2.48998523543244	0.101320587962462	0.249196452512037	0.141790668351553	0.223103140790989
MM_RS05855	MM_RS05855	9.5823021814754	20.0239794608577	28.5045099059486	5.30434670195384	0.433483210995485	0.995788655348499	0.784985038171322	0.818405399733409
MM_RS05860	MM_RS05860	1.65078177116814	2.29939773752343	1.81528318949261	0.747838330313953	0.136479717377086	0.245772695913245	0.288710649308389	0.286853712427696
MM_RS05865	MM_RS05865	0.598937816453795	0.967839005731684	2.8746338949244	0.713860986904792	0.0275107077062317	0.146189795648397	0.26381416717972	0.134970894368927
MM_RS05870	MM_RS05870	0.57548978659276	1.34994725447385	2.04380663218392	0.458273166883165	0.057001060330753	0.137183701901576	0.233182104050971	0.167188172624575
MM_RS05875	MM_RS05875	2.403110225113	4.36763247059178	5.07342154739881	1.35233358802226	0.168991752783997	0.42738165704914	0.375426768735372	0.638161069316676
MM_RS05885	MM_RS05885	10.7725579368467	23.95685757819	9.81141415447513	2.26263315044502	0.421026431561247	1.38431874446135	1.36803758322722	0.829034206552025
MM_RS05890	MM_RS05890	6.085784791229	11.585245584063	39.9393262225894	17.0190759440654	0.105556846468802	0.335340819931629	0.395955298568502	0.63127986334581
MM_RS05895	MM_RS05895	15.0043269485719	19.0774935762362	13.260903495306	6.44063482005037	0.647216755120827	1.23302213341476	0.596297394592462	0.538925998651284
MM_RS05900	MM_RS05900	7.64598267231402	18.9224130287364	18.5119543154011	6.01916462358779	0.165450186187057	0.6597965147171	0.56665791971938	0.683097284914685
MM_RS05905	MM_RS05905	2.12525626300019	1.9774672757915	6.04422511552662	1.37288920312716	0.0773764194381494	0.148979523247412	0.342301955555456	0.43671320778768
MM_RS05910	MM_RS05910	0.56087304037531	0.661172219690121	0.667945113275186	0.156321243181372	0.0523947535197327	0.146172503948403	0.0612810453754936	0.0966295654919576
MM_RS05915	MM_RS05915	6.14504251810728	11.0477629987877	14.5079493633922	3.75138538208854	0.879788709259892	2.06611894742069	0.334801146577966	0.766556164914554
MM_RS05920	MM_RS05920	2.69682428872259	9.93432481890721	14.6078206268991	2.62627245454154	0.11740066245357	0.551855959455202	0.448308689348983	0.677908543842801
MM_RS05925	MM_RS05925	32.5405538972616	30.4971445264825	41.3796847332575	13.2741262560567	1.46923479438563	3.6159970734736	1.90734856856175	3.40666142902872
MM_RS05930	MM_RS05930	38.2104376787685	25.0539236964813	18.3520196091076	11.1938733653446	0.872274231416385	2.09463007876062	0.952980600443106	0.942833383058669
MM_RS05935	MM_RS05935	12.9928549994324	20.8033483503076	36.0348854055552	6.91209972234152	0.603725863263401	1.13727222664856	2.01183540158878	1.55470080126614
MM_RS05940	MM_RS05940	4.85744296033119	3.9739195550299	31.9842613145719	6.76635815238896	0.207274725555922	0.229472386718999	1.01062121559682	1.1007734439138
MM_RS05945	MM_RS05945	1.89802310158545	3.05575315268953	25.491732569458	9.01590634984213	0.084822790231716	0.17638110383774	0.948998968008438	0.836847540747332
MM_RS05950	MM_RS05950	2.45963896021116	2.7515123518481	3.87515462538433	0.587007583559118	0.0639025747247903	0.157576380094378	0.0872716304677964	0.106119457961257
MM_RS05955	MM_RS05955	4.87367846459968	4.57865312086229	9.27983410949108	5.11910385206543	0.114351736851204	0.255594381509778	1.04639387074285	1.25891710956881
MM_RS05960	MM_RS05960	5.76971429447042	3.96540857575898	22.4069484532275	6.05049294167374	0.272925381229202	0.242746648414314	0.810671079139726	1.0768053413782
MM_RS05965	MM_RS05965	67.4155698986033	63.2035380707214	59.2660875801972	31.8849460721223	1.92273693759382	5.43384755628192	3.34227306492658	2.05044031306836
MM_RS05970	MM_RS05970	6.92985795517515	13.2223315565546	30.0314588479495	8.30116646151227	0.488575003692888	1.15571094274205	1.95222652904173	2.43803386288555
MM_RS05975	MM_RS05975	3.10395791314518	6.4819208603217	21.8184059728947	6.84999753333028	0.37436629164656	0.837059495254529	2.79184903892277	2.39576677896094
MM_RS05980	MM_RS05980	16.4390497812533	24.1122452687701	29.2936915304617	16.9351983561958	0.741333887434513	3.90143692917284	1.54221990297893	4.68268134178726
MM_RS05985	MM_RS05985	13.1829126367243	23.217849070042	46.8537405898365	17.2709961987946	0.412381376688716	1.21745960342025	0.643419958059693	2.01831211191266
MM_RS05990	MM_RS05990	14.7784755888487	17.716751800459	45.342172842875	35.8170689075418	0.79648924671186	1.6524755460167	1.43509650739778	3.81996326615547
MM_RS05995	MM_RS05995	15.7544189604725	22.9788828508056	50.0377420830215	42.7669901402732	0.565320297801582	1.39889564755621	0.970004052998409	2.75790336614341
MM_RS06000	MM_RS06000	6.42750514828974	6.36296300988443	29.5669269430163	10.004744379328	0.276423813361179	0.660689919216785	0.827029046387253	1.34198150526891
MM_RS06005	MM_RS06005	14.9341426048491	15.5507120273589	17.0708626592046	4.5000574366515	0.98460999958933	2.01325245663935	0.955284420343335	1.10385296651195
MM_RS06010	MM_RS06010	10.2549946616297	17.3792505199563	9.57700077912623	5.05858286421611	0.501540315766686	1.6278233457254	0.754352975042572	0.696264789081775
MM_RS06015	MM_RS06015	23.5893969601075	32.8757851787449	22.3344413512013	12.2487973893665	0.808610031366388	1.49690788507161	0.919362312988355	1.11694411887909
MM_RS06020	MM_RS06020	79.8574401264129	112.829696086663	23.1220477035654	7.18843208020427	3.75614012801482	9.7609830837045	1.38813185569849	1.6603207912027
MM_RS06025	MM_RS06025	8.1783490639188	21.6434558967406	6.32039806388098	0.96750208134006	0.218112827436558	0.251971770361057	0.415014684989124	0.248146531175946
MM_RS06030	MM_RS06030	12.0273829689512	14.9738394548616	10.5192612085046	3.8030270013351	0.328848079935886	0.470348649583973	0.554202629022548	0.350744262364319
MM_RS06035	MM_RS06035	25.2796013471667	42.1428839433342	27.59469611989	12.7917325841763	0.880006651819704	2.27582115714666	1.54694033689935	2.04785707716992
MM_RS06040	MM_RS06040	14.3092088120624	29.4692523715124	4.4858301747786	2.77289703293517	0.967930583058741	5.15607080562997	0.951556574678582	3.9287836690401
MM_RS06045	MM_RS06045	12.1883801718236	17.8272654418602	5.18400268004422	2.03175313870932	0.549646595375124	0.799591263317754	0.488057337223682	0.477682311113071
MM_RS06050	MM_RS06050	1.33667614849126	2.05152436895588	3.56135347815104	3.90870873717512	0.133775867494422	0.241893591214615	1.09563696366537	0.732029244710293
MM_RS06055	MM_RS06055	20.2588395441268	23.8859787482052	33.4305394800136	11.6750061833114	0.935827189951477	2.13762300884545	2.67095630114722	2.55206209479206
MM_RS06060	MM_RS06060	5.29447568493993	10.393833123906	13.9086227086308	6.94371553154782	0.23308729748362	0.526437160464174	1.07045849623679	1.05658165836534
MM_RS06065	MM_RS06065	3.79977626900891	3.7688236502665	10.7783340327766	8.12393639984957	0.155456611725691	0.5612107691519	0.273607516645443	1.15373932380698
MM_RS06070	MM_RS06070	21.3206489780928	27.1705846552235	41.2216571960751	42.9849700147372	0.647732098465381	1.72104290039249	0.517634775330785	3.45430495220011
MM_RS06075	MM_RS06075	12.1404005026825	10.9644738078158	8.83278376246255	3.88866239205484	0.349266573508246	0.984500057202484	0.781527898394479	1.70367270695166
MM_RS06080	MM_RS06080	1.77601720078133	1.86743438008132	3.59329979918451	1.02502905452175	0.0144432350575215	0.0722994796244792	0.192364731889629	0.174581571920134
MM_RS06085	MM_RS06085	8.01081293049817	12.6981763101585	8.30815869262673	4.85638625225917	0.104269623224915	0.289984690847639	0.0705414426243948	0.0782605949529913
MM_RS06095	MM_RS06095	1.72753433218028	0.995597618039976	5.31593419936264	1.37147228260544	0.142825024196604	0.15374626854573	0.49287364614607	0.27351123538571
MM_RS06100	MM_RS06100	0.606903810020755	0.920984106251715	3.77659113498225	1.32588440495021	0.0831496270381615	0.119243563157909	0.386255004251748	0.623861013450266
MM_RS06105	MM_RS06105	1.07021472864885	0.884251574377432	12.1322705374359	1.73518140597405	0.530885373351333	0.903805457230968	1.05267086351875	2.31461117825969
MM_RS06115	MM_RS06115	1.77981382739446	2.59332031140357	10.1328935150131	2.40902773594237	0.0542132117531616	0.174461725138417	0.340401374634092	0.598871705590276
MM_RS06120	MM_RS06120	5.40877917284659	8.84688251713455	16.6809233581049	11.8890761785388	0.225543306585138	0.514701860068317	1.06997912122695	1.29497742842215
MM_RS06125	MM_RS06125	1.14588900510396	0.890229736072434	5.51122336265969	2.28502049468814	0.0907912380415594	0.0866429447694161	0.639926160193863	0.749421548474846
MM_RS06130	MM_RS06130	1.68613885491454	2.54560630156833	7.36165295434374	4.3542830105709	0.0619569833314713	0.0671004418263144	0.521655885707439	0.520397961862413
MM_RS06135	MM_RS06135	19.5237929298353	31.5015291074309	26.7780512601762	18.7906455118435	0.300547330450337	0.694402970304885	0.703984760773427	0.757183981470183
MM_RS06140	MM_RS06140	6.59768773812934	8.89954642704787	7.58621840191863	4.89704981772443	0.323628809675396	0.880392495439233	0.804489961365795	0.785001487253474
MM_RS06145	MM_RS06145	15.3791146987147	18.9688183419683	16.0228806631497	6.18611482419004	0.776225129119368	1.73990238118584	0.707616731436211	1.11211804885699
MM_RS06155	MM_RS06155	133.352601337476	97.0880879578219	203.666792482183	29.6920500534418	1.57500731317925	5.15524080403027	2.61152507933911	5.23962318390272
MM_RS06160	MM_RS06160	12.6143185464345	13.6219736689726	4.59150715828103	3.05855642414522	0.379235945717353	0.7235394847946	0.150879054567512	0.367716631229124
MM_RS06165	MM_RS06165	7.49736311118392	9.45332094963052	5.45461759270319	3.39321662331064	0.392852815235588	0.608875340185075	0.311999815227596	0.528319461107655
MM_RS06170	MM_RS06170	4.4659085191669	9.27846750991242	10.4212673919929	2.28120507681952	0.263730929487145	0.731208353741893	0.120435921589699	0.506323780070867
MM_RS06175	MM_RS06175	0.05771617932639	1.54673694201992	0	0	0	0	0.063300060122818	0
MM_RS06180	MM_RS06180	9.96330138315291	15.9902426780858	33.388636250114	6.82206982449645	0.229391354906814	0.762880984230713	0.468216851522321	0.207594181425305
MM_RS06185	MM_RS06185	1.77838410194477	2.3352934157874	2.31441659115689	0.982841786118643	0.0579273162099528	0.260986509957875	0.0727465676696569	0.296566297646862
MM_RS06190	MM_RS06190	1.77974726661934	1.06239010965093	1.42194565979483	0.764007652325541	0.0353316672744746	0.0952369196663826	0.0336126477487523	0.131891371770777
MM_RS06195	MM_RS06195	1.39072882275476	2.19106080577885	1.35205410397823	0.402117937047137	0.362288641456995	0.30692191099166	0.165443595307638	0.405733464956289
MM_RS06200	MM_RS06200	4.83451410451613	8.62218732276349	7.59942492880268	1.08690535765271	0.41707622266466	0.602272792737405	0.325371558149121	0.607957569784819
MM_RS06205	MM_RS06205	0.89656299120973	0	3.8796922017631	0	0	0.160752288993256	0	0
MM_RS06210	MM_RS06210	6.32887805414052	8.03431101556027	14.957075304856	2.29630657466981	0.645707048847131	0.900275068482214	1.37265932229267	1.59113969779425
MM_RS06215	MM_RS06215	303.832076196012	685.142288872116	2141.43386107038	1502.41666405859	2.63937974918966	7.88558005941649	20.6770091927959	16.8907297027043
MM_RS06220	MM_RS06220	30.0207147095964	58.0064100696913	126.966677614528	46.5848188272902	1.86664624149728	3.53732272045137	8.94098122028609	7.75020398204469
MM_RS06225	MM_RS06225	27.1025465568421	28.0224793737848	114.313670650769	40.9831980928642	1.55818941231378	2.25392986495439	7.83009167174883	5.98724728375365
MM_RS06230	MM_RS06230	1.72360990887891	2.05678586346332	1.58499128089823	0.252840226314298	0.095000253727923	0.131696469103513	0.260297810489897	0.0810601609513097
MM_RS06235	MM_RS06235	5.71982832472974	6.42744970271801	8.09671555927384	1.39434014772114	0.67059336489563	1.37376216161508	0.191394702457954	0.610938471308028
MM_RS06240	MM_RS06240	3.12971160825654	3.8226404595685	5.26867603489384	0.424172612993855	0.285003031418767	0.563179141001205	0.393871427202199	0.319977668307799
MM_RS06245	MM_RS06245	6.61499087723084	8.49296021020383	18.7565326544282	1.67369116234756	0.0548080133226477	0.158291103694125	0.229428879709227	0.26305740144199
MM_RS06250	MM_RS06250	2.72709080438743	1.7139207074264	4.42001550254248	0.862440504916785	0.161322898960622	0.134595710802489	0.255794505250404	0.133825617369615
MM_RS06255	MM_RS06255	2.8836284353264	2.83469471044417	17.2152378377626	1.91397213371864	0.194722596251766	0.56237219500149	0.313246190253179	0.509778699018792
MM_RS06260	MM_RS06260	2.44854993507533	4.17731949582771	4.70241028051663	1.69097348569649	0.0363055980886332	0.104853986812988	0.321226374240509	0.23234170858544
MM_RS06265	MM_RS06265	0.77108794280609	0.741105093522707	2.6343107721739	1.09785876933798	0.0225002990655605	0.0433214723847081	0.0513749017898085	0.14398995073851
MM_RS06270	MM_RS06270	13.8533074389213	19.4598911626627	8.65392597563752	2.61406229595875	0.612620643985716	0.938495489368723	0.729803334832787	0.482956947959903
MM_RS06275	MM_RS06275	60.8095407641353	61.857338852098	35.3758420660275	20.2922239544706	2.70352296882425	3.16934958068126	3.04085051829845	2.92615091999235
MM_RS06280	MM_RS06280	111.202240348278	115.024015279903	46.5497279261452	20.921574873041	2.31632984943877	3.59116619228236	1.68966719644659	2.21822339346758
MM_RS06285	MM_RS06285	6.17704493878738	15.3664929493636	7.29962785189992	4.09429246939194	0.259092839386153	0.793176042620019	0.857796462459957	0.856667195485427
MM_RS06290	MM_RS06290	21.3504628804868	29.8875411848539	23.3578035278211	18.1597421412232	0.617503919466498	1.1294880797013	0.519690448167097	0.835940863122876
MM_RS06295	MM_RS06295	3.06062951096981	3.54410619915048	1.9295894940123	0.575980245585759	0.0266366672319868	0.2000073299294	0.0152046473709121	0.156250777281145
MM_RS06300	MM_RS06300	2.72078883019859	3.2475128158757	4.24866255001203	1.72950961687118	0.174971551768831	0.761883829531065	0.326524878025735	0.364271256256194
MM_RS06305	MM_RS06305	8.18880709290644	22.0338169465122	54.4026924119544	20.3704502883174	0.233791070333012	0.868121152343564	0.686329661146335	0.795569848897126
MM_RS06310	MM_RS06310	7.02211118949841	8.85127154723975	38.381956694844	18.7236066895943	0.100757569682949	0.188456474333477	0.717567992669881	0.593628881993426
MM_RS06315	MM_RS06315	35.7134687734363	36.4182087679768	54.9701321899143	12.583498658692	0.996921483983694	1.52427488226195	1.84778481366268	0.769330280312887
MM_RS06320	MM_RS06320	1004.43694253324	1243.33494447966	470.835678426838	342.164625057044	30.6213768898392	58.4104172997819	66.4118440433077	38.6681750259482
MM_RS06325	MM_RS06325	26.9755991840927	31.4441957324259	79.7536164567766	44.4468212915482	0.932349189934482	2.37446742366184	1.73571539592118	2.89853383768394
MM_RS06330	MM_RS06330	279.084244855905	436.300440304577	162.03413786581	123.099036269966	5.0720704934529	14.2858030893573	4.30151655888059	8.47534247680913
MM_RS06335	MM_RS06335	18.0415164169737	20.1383880326261	10.9490826356147	11.1762296245872	0.682539341455309	1.35774428352073	0.42952000881627	0.550429669844374
MM_RS06340	MM_RS06340	7.95512019873558	8.21496456301372	9.38463429057096	2.55271579789243	0.463761335164326	0.589327073341975	0.433185817715044	0.422693108521101
MM_RS06345	MM_RS06345	29.3796998335396	51.8578329299146	29.5764330664561	27.1516183404203	1.19830494971971	1.87069968188967	1.14619410808545	2.31438530418482
MM_RS06350	MM_RS06350	11.2075059779785	11.4366372979963	20.7817481030428	13.4098959911491	0.802823202356388	1.04724010868034	1.68795836552916	1.58054588555062
MM_RS06355	MM_RS06355	10.8015438231981	13.5178210052796	27.4671139368822	19.3138095316053	0.418556415883381	0.970750273757338	0.95933372924998	1.6971032708306
MM_RS06360	MM_RS06360	3.98175609063167	5.04697064551444	3.61926206752634	0.883193256789926	0.198096165458852	0.59795274968893	0.248039909502999	0.374861887174832
MM_RS06365	MM_RS06365	16.5628075616587	25.2076554852368	9.33594946453328	1.66667227199505	1.10215595708277	2.21210124266916	1.69040317807934	1.60294877618716
MM_RS06370	MM_RS06370	0.99121241343748	1.87022537589872	3.03832844889419	0.742162434195077	0.0409754714795986	0.115707410509157	0.135138635126779	0.155388638206663
MM_RS06375	MM_RS06375	1.22053824562215	2.13325113643187	2.05282729439542	0.293676286451768	0.0630535068355239	0.233092115917721	0.0575870379467297	0.221932413191692
MM_RS06380	MM_RS06380	2.79708611550888	3.89030096423271	6.64072816926625	2.16245070903566	0.0374997416976015	0.187727340983735	0.214060680864369	0.0666614840099585
MM_RS06385	MM_RS06385	3.3772431436534	4.129338405053	1.82584444805105	1.383489411436	0.0443581216266761	0.17935527623669	0.221555850135861	0.206989729675668
MM_RS06395	MM_RS06395	248.257670854578	327.475885534767	74.2115514450621	44.4794761758037	31.020915547144	49.1997079849831	6.37754591399289	7.30571243463669
MM_RS06400	MM_RS06400	18.1081570650288	24.0646781534516	24.5420762868771	5.58732421171265	0.339288890691866	1.10727689105915	0.803742700321045	0.325691328004367
MM_RS06405	MM_RS06405	8.88948172292329	13.0703313425567	14.8942130294777	3.26005073636532	0.145867139093976	0.436399278595957	0.358676841920977	0.235363967333624
MM_RS06410	MM_RS06410	7.77802061314499	8.54350527799739	10.660986165051	2.51585532924778	0.231500403219991	0.416012364303153	0.381751699012255	0.504803106721781
MM_RS06415	MM_RS06415	122.280754206495	144.229022221259	293.001263685796	313.763660661942	0.590790064244577	4.14555538578667	1.09602046367324	2.17919489839103
MM_RS06420	MM_RS06420	276.383775699137	290.577621034849	550.16801856486	514.574885766059	2.97891609549632	7.97463231438506	4.67618760701222	5.56785320925556
MM_RS06425	MM_RS06425	194.427514587173	235.760789473914	281.263559192187	109.882950364091	3.71228826879271	9.3949610240837	5.6680878185483	6.73787455440277
MM_RS06430	MM_RS06430	117.091471170563	114.578595494461	183.973706044652	69.97517441213	5.09941774423928	12.8568054740617	7.30068119029398	8.42850382886226
MM_RS06435	MM_RS06435	233.090171497002	282.629359046635	382.884846029158	203.778770053591	3.69762482094038	7.76928184915754	4.58054947269622	5.0492081574671
MM_RS06440	MM_RS06440	23.6639184039374	27.2722757229244	23.4880012570385	6.9016021894328	0.94869488192036	2.31015959138454	0.813428895372804	0.999266907199772
MM_RS06445	MM_RS06445	3.3522668783955	5.26662246147863	10.2896479548927	4.68073739175838	0.138236879265568	0.308945039890946	0.544251367788878	0.633863099244258
MM_RS06450	MM_RS06450	28.5455522123801	43.9624084542246	37.537056010169	10.6660643104812	0.534347481723342	1.13170429925052	1.22006861695473	2.04223567589829
MM_RS06455	MM_RS06455	4.8425386715652	5.32560283561027	8.46195578196249	5.85446096074026	0.303096804353135	0.543512714208147	0.723046967047048	0.718934911018158
MM_RS06460	MM_RS06460	7.68578601583877	11.0466457101909	16.5245652131055	17.712175965065	0.214314724284839	0.490824904326745	0.429249302928361	0.525344922234442
MM_RS06465	MM_RS06465	2.4444338167416	2.09154644773456	4.87599734543446	0.953041277986542	0.0443921751516467	0.123082320556554	0.0928746783769215	0.158865826429574
MM_RS06470	MM_RS06470	3.94060555701839	4.20047096193025	6.8501254302999	10.6811329522034	0.138745411905129	0.144653716298939	0.170778757181853	0.624105975475119
MM_RS06475	MM_RS06475	3.51445152549608	5.39694460589009	4.34680002341785	3.74600108410601	0.0825616361736695	0.27012229145465	0.255306670681567	0.402208556858406
MM_RS06480	MM_RS06480	10.8267756818325	12.0886530928118	13.8844388135641	14.3940848785174	0.466783017946715	0.528849352613323	1.30048236492882	1.70783069872416
MM_RS06485	MM_RS06485	89.6485541091795	94.3615966386526	113.2651982398	12.5466628321434	4.96296753991716	8.24526759293953	3.36590625291167	2.56809597278242
MM_RS06490	MM_RS06490	125.271920892545	114.459909176312	165.07291710013	17.5218445223465	7.50125372464417	14.1047734001712	4.76343103895002	3.23433541653224
MM_RS06495	MM_RS06495	99.1694632941106	54.3583782256464	90.7576701459668	10.4539821110003	4.93069841965504	4.84008516189151	2.61640906473348	1.40731001410467
MM_RS06500	MM_RS06500	68.9919846469398	49.5298664345665	82.4758947849921	4.45264604389006	2.45637156552778	2.98319578439697	0.979707167168162	0.948884263205035
MM_RS06505	MM_RS06505	0.74133793875622	1.41680206497068	0.571833697444595	0.229393271941894	0.030645902238523	0.0973580348656339	0.0524802841654386	0.0898851564960088
MM_RS06515	MM_RS06515	0	0	0	0	0	0	0	0
MM_RS06520	MM_RS06520	27.6129239307766	49.5489004028523	33.2617426294607	12.0453974217201	1.14873209830253	3.76277766887179	2.82209478219065	2.88469825526725
MM_RS06525	MM_RS06525	5.22007405050521	6.57436202481918	8.07989284160758	2.73609406251458	0.162857577819297	0.253986253410346	0.0929620938198923	0.243183664178927
MM_RS06530	MM_RS06530	4.0055768608334	4.96167389614762	3.55419044819067	0.823514207221629	0.127112727775179	0.324605556185418	0.129842951194551	0.335375281298551
MM_RS06535	MM_RS06535	15.5697287840867	24.4952482386595	11.896212538334	8.73856366604215	0.202053185060433	0.319415164237251	0.303517697406434	0.226850741638738
MM_RS06540	MM_RS06540	28.0171208938007	62.7004154483081	8.94957681735575	5.95935414950733	1.23538242770767	2.35480099686878	0.56414825055022	0.724702653239694
MM_RS06545	MM_RS06545	20614.3846008053	157269.877305021	22116.6442437008	65604.556193064	7684.77475666235	95461.9007530564	14839.8405887293	62812.989288245
MM_RS06550	MM_RS06550	20522.6246403992	157199.178216057	22149.949643165	65394.9126575465	7057.39900181602	94745.1180288539	14836.1899872977	62317.4249497412
MM_RS06555	MM_RS06555	17.1486568672919	19.5699596691648	22.5490003530501	15.7624235079111	0.361677948242523	0.898315342482906	0.540909841984996	0.790807405374987
MM_RS06560	MM_RS06560	1.8782918254074	4.61457995856919	3.04806244189013	2.00570644320577	0.219232053290591	0.211053844275501	0.104286623464103	0.097428078066478
MM_RS06565	MM_RS06565	3.67843331352503	6.7926561793411	5.45541018246367	1.82114535797419	0.0868909743149291	0.250948678111418	0.099199608653805	0.166819138924797
MM_RS06570	MM_RS06570	6.21730355801399	20.6288020536699	28.0651130037948	4.70689497669407	0.223929169501533	0.599693447488316	0.708843367490801	0.683953061339171
MM_RS06575	MM_RS06575	45.1653491097008	114.979942473542	325.101718659255	30.3540271071557	2.88960505067348	6.0132607216274	8.5937135035993	2.67388775426888
MM_RS06580	MM_RS06580	39.5388150298172	95.1954990045921	178.681866574008	19.5216163274251	1.08490217109768	2.19329651892579	6.24201249944625	1.05152971426838
MM_RS06585	MM_RS06585	21.3839988614258	45.889139254216	72.0454828886376	6.73040533428141	1.69081427066419	3.0706600849161	7.72123970627925	2.12627673837281
MM_RS06590	MM_RS06590	13.8629667386074	17.1117377996402	37.1584309279001	5.11020394838265	1.01169617335093	1.33265114487959	6.25388408057227	1.39488057733714
MM_RS06595	MM_RS06595	9.34903062654132	11.3856292899076	24.9818447154812	3.5191459480552	0.549117630620581	0.723868027094484	4.29212926824673	1.03482139537842
MM_RS06600	MM_RS06600	30.2357326375602	42.3670894893162	38.94300621786	20.6316975763938	1.34528904443272	2.9709273232513	3.45090508186223	2.80950127628742
MM_RS06605	MM_RS06605	29.9682807933839	43.7647997184642	31.1884516581868	30.4218585834939	1.41785029544003	3.1352532302433	2.26451678912823	2.95577541837456
MM_RS06610	MM_RS06610	10.4119582815295	8.50801022114262	111.207531194179	11.6463720677248	0.329481475500339	0.580456431245106	1.64566339039631	1.32661252420315
MM_RS06615	MM_RS06615	8.99492197801431	15.4408705396554	53.7735297063969	20.331359709982	0.220190092459763	0.931094641771335	1.11935192738743	1.22743789871272
MM_RS06620	MM_RS06620	1.65731537685441	4.938562492186	3.00795740000968	0.790128274117184	0.100480601013188	0.200500143379226	0.0625725380490615	0.194859337457954
MM_RS06625	MM_RS06625	15968.7198984291	24231.8153933584	12026.9379440918	8331.27379659607	628.384363500082	2547.32724571283	720.497910171197	2260.27589702107
MM_RS06630	MM_RS06630	19340.6431401815	21650.2112817749	12888.6991034279	9183.03129576136	1390.70902534526	3788.5345321255	1537.70300886783	3089.08872789178
MM_RS06635	MM_RS06635	31.6414402971491	36.1720002039319	10.27536152446	5.67507060865894	0.894531615337155	2.72767056968717	0.486870179111079	1.38676501726701
MM_RS06640	MM_RS06640	16.0591528260118	21.7476753306685	9.7705066154622	5.9097126470552	0.351373351586425	0.856933422447513	0.401141008233767	0.582974624574825
MM_RS06645	MM_RS06645	10.3094387132509	13.332765073674	4.21001884550247	1.72794073675728	0.146495994188432	0.353860230625092	0.13683900648521	0.241478473979951
MM_RS06650	MM_RS06650	1047.52329778109	1737.33552423795	5144.2935813323	1741.4219387603	2541.63182323291	4429.98686447297	7793.2617127208	3142.26929950246
MM_RS06655	MM_RS06655	5.1575015970257	33.7829834571713	188.580648888519	2.84026852348078	0.188758688911919	0.773374164177009	8.98544184252222	0.292831422099105
MM_RS06660	MM_RS06660	737.324355965354	722.809047615899	3638.08324082942	195.998886598511	58.3212087928174	32.5618244595561	326.798361468849	98.4201742671321
MM_RS06665	MM_RS06665	20.2294516306936	33.0593899705795	83.8003073210735	26.9116782513776	0.131210501946639	0.556962774853399	0.473774781783461	0.829921796226492
MM_RS06675	MM_RS06675	4.10185835326722	6.48925223210999	23.0710445524783	5.12822553461248	0.226083622514671	0.902252086181517	0.797784350934039	2.7767304474821
MM_RS06680	MM_RS06680	5.22041217924284	11.9467129275336	17.0910736980969	4.76966660931411	0.0868909743149291	0.190718805082679	0.0793591229524442	0.222422337241398
MM_RS06685	MM_RS06685	2.34494409494676	3.18984113834744	7.42862183541856	2.34169320854079	0.0271656319865298	0.105562946512738	0.0874041635587521	0.118536169428799
MM_RS06690	MM_RS06690	13.906390988299	27.9109552761626	13.3662733502762	3.98654901151742	0.323864914115192	1.08500518146701	0.628556512901667	0.414517103276012
MM_RS06695	MM_RS06695	12.9269731442136	34.1009388642542	27.248547403057	4.47734974515999	0.197916816894007	0.914558012677173	1.31051258204647	0.464409823221043
MM_RS06700	MM_RS06700	6.61818313200583	8.34868308670537	48.7752456682919	30.7588310326701	0.198152921333803	0.277615361452005	1.88676646152163	1.47043068339176
MM_RS06705	MM_RS06705	5.16659379890777	6.91700906475554	30.9292054549047	20.1674938783995	0.38163558411028	0.844883989501767	3.26170422503754	2.47589799301281
MM_RS06710	MM_RS06710	7.9577400308445	11.1890132049722	27.6850364915271	4.37735622648686	0.280532938707629	0.688313409957034	0.467650061069511	0.450141580604614
MM_RS06715	MM_RS06715	27.4500736759248	30.9900023381224	41.6640213561448	6.81264832978104	2.04779283246078	3.80458611750703	2.09683423053934	2.94972135690319
MM_RS06720	MM_RS06720	312.053404883645	262.32961851578	453.818350252268	340.783378076347	109.394374521497	212.514906466485	95.0007657624731	678.509047568116
MM_RS06725	MM_RS06725	21.8289070569473	20.940169464246	37.6184153490826	26.99125579349	1.39186972612247	2.80608842915949	3.36033422338554	3.21651999654294
MM_RS06735	MM_RS06735	7.13131079716848	8.33391351075301	8.64000116428303	2.7735048713039	0.268198751963285	0.511410673169479	0.354145338151493	0.396345374886928
MM_RS06740	MM_RS06740	6.76686925391106	10.2459281509799	9.91137458433007	3.91151793612253	0.249258181374649	0.461809431736987	0.311410465950793	0.5768569366035
MM_RS06745	MM_RS06745	83.2895985719754	93.6407273776433	73.4551136850289	21.9635166194712	2.15555407711267	4.10511874535094	3.56260791871385	2.7800612947551
MM_RS06750	MM_RS06750	26.375638994133	53.5916333619352	48.1251239172555	23.5076273198458	0.743626824782532	1.81651325800879	0.71058039693822	1.12856549909711
MM_RS06755	MM_RS06755	8.46447519916414	7.922328428992	6.4146023106004	2.49160750675441	0.128384059374081	0.409360823705501	0	0.123906246025573
MM_RS06760	MM_RS06760	17.1296976961053	48.1662001225022	26.4551799138713	11.5007290661563	0.475003538874613	0.995857822148475	0.723046967047048	1.23843255790611
MM_RS06765	MM_RS06765	16.9555054851722	22.9638773533567	13.9681214312131	4.34385940395028	0.656168291718093	1.07195282992161	0.431304975764673	0.629164282222081
MM_RS06770	MM_RS06770	20.5437223240928	25.9134880893543	29.6745705398619	7.41161143693064	0.597099047304127	1.31001630958758	1.26596736422037	0.899093345659943
MM_RS06775	MM_RS06775	14.0414720877686	20.2243035195027	53.0999572058222	8.31676490829917	0.571231989736475	1.22047124116919	1.87228651637148	1.19888232552987
MM_RS06780	MM_RS06780	94.4684834166502	125.381316182639	53.0459967041914	14.7213072716978	3.88639259079229	8.75881090910825	3.2848467586008	2.90161654160709
MM_RS06785	MM_RS06785	37.4119852700931	61.5413331358732	33.6509042018579	34.8024922087527	0.652574509716198	1.98468945019943	0.881846988688909	1.49148469222911
MM_RS06790	MM_RS06790	6.66376661324244	10.5674802480476	2.94426290538285	1.67321064147498	0.343679525178072	0.779530009374836	0.277521472608133	0.362092048632503
MM_RS06795	MM_RS06795	2.14549872593121	2.76261401623182	10.3498302861434	2.68540527098118	0	0.267736036855493	0.360055750037515	0.282339412255407
MM_RS06800	MM_RS06800	7.39206928979818	15.2465112886584	20.0588467972501	9.65476911748006	0.487628315698706	1.07195282992161	0.8161303145459	0.848313036040445
MM_RS06805	MM_RS06805	14.3633946078762	23.393757479471	32.2973441773348	8.62732924456339	0.821627558845142	2.26910909559903	1.96395147781181	2.57423593002874
MM_RS06810	MM_RS06810	22.5395045673198	20.4256959019055	35.5540707347301	7.65815150069331	0.685100166533097	1.32171990853345	1.52517671145263	1.92909821499125
MM_RS06815	MM_RS06815	8.14797072615175	17.6462735918834	18.3746183246533	4.05119344343573	0.22022868645473	0.718349092846432	0.635952987318192	1.10537682118603
MM_RS06820	MM_RS06820	7.48446097053369	12.2919105904419	19.4546853449498	8.6510226198961	0.176826333762228	0.38451841471427	0.510618981069132	0.488142507706788
MM_RS06825	MM_RS06825	8.02776995356902	9.01603823014408	11.6050398287625	4.8966185810439	0.16787706739996	0.496119046474876	0.334285113479139	0.303978784892409
MM_RS06830	MM_RS06830	1.42972278725399	1.71793582421635	5.46367293071671	0.797410013494006	0.0656688175532644	0.170689252589749	0.236157048964975	0.227633347588268
MM_RS06835	MM_RS06835	32.8424123373155	31.3955780987455	13.6066608709448	3.85781048782546	0.898286584023911	1.96225058750735	0.438179777376373	0.683733549914303
MM_RS06840	MM_RS06840	17.7832712592127	9.28313252365506	12.2151754263825	3.76250718143001	0.271431566600492	0.564415497550768	0.49580347341209	0.463207282371766
MM_RS06845	MM_RS06845	15.4305848149034	16.6023031643575	18.3102154529281	8.40640053260775	0.661721286523295	1.25510651625696	1.13493443506022	0.951986055078172
MM_RS06850	MM_RS06850	15.6293379518576	33.0065836174984	4.13568878702716	1.84809148998283	0.386443941836126	1.3113909997371	0	0.618261881453629
MM_RS06855	MM_RS06855	21.2671154778753	28.9753484928596	86.9105979665335	98.7339584696492	0.241332790996497	0.464656798335982	1.04958312448478	1.20733510604979
MM_RS06860	MM_RS06860	22.6419575748232	23.1405068813223	31.680912444805	5.73201027855192	1.0234173966458	2.3346331107759	0.872586591440008	2.03113285165496
MM_RS06865	MM_RS06865	4.86417358591183	7.49518588250722	6.29493611782545	2.06499532625359	0.104909829494361	0.313083520089485	0.379267408520086	0.400955114809159
MM_RS06870	MM_RS06870	16.6263837516271	17.4090255933575	24.676474741825	3.94748307527809	0.1135458034269	0.236109517566656	0.220371511876257	0.284601334329049
MM_RS06875	MM_RS06875	17.06032805627	54.5008570041525	16.0389999574035	8.0964686768083	0.25094723621319	0.55593968260376	0.269211365819914	0.266346891490014
MM_RS06880	MM_RS06880	4.26691576342219	7.29163014449473	3.16343378890046	1.14272381217633	0.157817656123651	0.35394957107506	0.445133534872046	0.371308347151967
MM_RS06885	MM_RS06885	22.7420676430422	23.1865204758429	25.4606977266491	8.49385943843371	0.831255625471823	1.60048804998505	3.02775794082383	2.76536357326393
MM_RS06890	MM_RS06890	6.60343858910014	10.4341712484631	3.65642957360699	1.7239117540564	0.351625347671208	1.21862679316984	0.16902480861644	0.809294084938882
MM_RS06895	MM_RS06895	7.67544779624636	14.3541003915803	8.52984604863388	3.60742215006614	0.345118854166829	0.704786636151219	0.533812271986371	0.788443680901406
MM_RS06900	MM_RS06900	12.0652640372904	19.0814908876301	9.85407034464714	3.52593895252742	0.837194560226692	1.30668477538876	3.40622733094518	2.7073107546988
MM_RS06905	MM_RS06905	0.781522009914685	0.939337018141883	1.78083030334161	1.00308116099116	0.0430731686177862	0.0953723713163348	0.106545325716347	0.260334187243625
MM_RS06910	MM_RS06910	0.77562472523861	1.33396691159592	16.2670379388665	1.2325976434132	0	0.0329233967883785	0.276565542441453	0.121590241426965
MM_RS06915	MM_RS06915	2.1467207817625	3.40988467302284	20.5996704203158	3.04156159191664	0.0357539309841098	0.112107854960427	0.239072776965999	0.179773494317016
MM_RS06920	MM_RS06920	40.6099163479907	52.987273709418	46.0848591705638	13.5516332204968	1.00098293439518	2.49742870231844	1.32529143161452	1.38644052211721
MM_RS06925	MM_RS06925	6.66462125359504	6.6237363878281	15.2103770849344	3.28692704910188	0.595337344945649	1.48525327927572	0.513362698037214	1.20916118659869
MM_RS06930	MM_RS06930	29.0647821694062	66.5430157567526	110.10307717769	14.8729711587295	0.908093999215438	1.50095990677018	2.45623295482807	1.83281223259909
MM_RS06935	MM_RS06935	1.97567822670829	2.24833631324691	2.70785319457473	2.0237239224196	0.0422422626085041	0.172429950389134	0.0771624574661793	0.132164965720613
MM_RS06940	MM_RS06940	1.77395647918346	2.85375093547492	2.66516728228671	1.99882719139744	0.164424039967943	0.277157131402167	0.361259827268112	0.287874917752083
MM_RS06945	MM_RS06945	13.1189690312772	18.8399206292339	69.5566668280584	18.9438454228611	0.334616747065902	0.779786502924745	0.974794983243806	0.639955336615599
MM_RS06950	MM_RS06950	20.4831174071259	36.7736534362625	59.2831034916176	15.0012127334849	1.69144312575865	3.56291443644234	1.9771117317584	2.31213292608617
MM_RS06955	MM_RS06955	107.236104740353	147.725984183245	394.983421594402	44.2211818322348	1.79878437693591	4.7497360294234	2.93367354551031	2.74079420030369
MM_RS06960	MM_RS06960	26.8908966040996	49.1646109931046	104.90311867503	11.8340750202001	0.814292429566479	2.25271656400482	1.60238992627279	1.29133799262433
MM_RS06965	MM_RS06965	7.92608638862605	10.1337897671969	11.96508858852	1.90322407283362	0.228832877097296	0.516696169467613	0.391869331572869	0.410483183178436
MM_RS06970	MM_RS06970	46.3569440678675	81.0477943116805	46.4181084890449	19.5556306339783	1.86508659005363	4.12764406654299	2.35654833145843	1.78811143505094
MM_RS06975	MM_RS06975	2.04076401505652	1.85944420864236	5.40909321833544	1.41112962914948	0.13821190668059	0.247758359462544	0.761738170047101	0.599826103089703
MM_RS06980	MM_RS06980	12.7204723330348	14.9784332470204	14.3341889194643	4.74081892889517	0.448975294622101	0.727265846143284	0.807856865846668	0.582974624574825
MM_RS06985	MM_RS06985	6.61631943030233	7.86998946755504	31.6246583865547	12.007333597386	0.171311932951992	0.566729703399952	0.555621015081073	0.664435632475894
MM_RS06990	MM_RS06990	3.30244746942994	5.05060739764014	17.470223871082	6.53677595771084	0.14798072787715	0.430548920098022	0.556884309224651	0.716103531769859
MM_RS06995	MM_RS06995	200.592338967647	242.399282083648	38.6899521220818	11.2252468606066	1.9163939010093	9.57454109242031	1.81385070267203	2.56809597278242
MM_RS07005	MM_RS07005	0.44080272691182	0.685111574564078	0.532219070478446	0.0985807051674235	0.0727315186321624	0.115142548309356	0.0676567330063601	0.23272346758521
MM_RS07010	MM_RS07010	4.8458374235804	7.0334296462679	2.38043931820514	2.47413215365324	0.412628832303503	0.859135232246736	0.301270274566186	0.542454088074165
MM_RS07015	MM_RS07015	13.3214495716385	18.9119968720973	27.9105926763026	15.861455984839	1.1641606153492	2.0145205146389	2.55885022531674	2.12785149424687
MM_RS07020	MM_RS07020	126.823620293862	196.35537832771	168.903879892681	36.0854377613709	2.02473859605569	5.20333766756329	6.10904797098174	4.62761896872033
MM_RS07025	MM_RS07025	10094.4405591622	85610.1245316519	18885.3193113265	30945.0278520222	1338.99599388238	2586.32138371556	1612.88784138901	2514.77879825765
MM_RS07030	MM_RS07030	747.570716363235	700.7081132293	1330.17024990586	1778.87693082781	16.4707319890998	37.364069617961	89.3119040868807	123.821482802324
MM_RS07035	MM_RS07035	1053.85771635415	588.029990027132	1723.6594812838	1022.44526093375	13.6550162769075	28.0728472660406	66.0745388672666	56.2240784285279
MM_RS07040	MM_RS07040	388.31672822403	448.179417054513	1803.31957214884	1195.33310189189	8.05721838401884	23.2571549289405	67.716787415681	65.0666062552915
MM_RS07045	MM_RS07045	167.393222111575	247.580073633881	761.136108291126	455.634314638601	9.51822811700657	28.6198471397476	85.2091674254626	95.4660372311315
MM_RS07050	MM_RS07050	21.9621164674205	47.4801938267909	57.5872041347977	14.273252360635	1.22581565742594	3.39863752260032	4.12836348547353	4.42538213859181
MM_RS07055	MM_RS07055	17.1520008806342	27.4969442092015	22.4320339191468	8.94962732555384	1.04964088110815	2.70621733389474	1.43639363977734	1.82387270935446
MM_RS07060	MM_RS07060	18.4094404199856	16.6268790621372	23.7337833417643	7.12226805236412	1.85987186026313	2.38044170600973	3.89528853583653	1.84099778181917
MM_RS07065	MM_RS07065	77.8394239218631	91.3618147481767	59.4914555249046	19.217007164368	3.55234794294589	5.51482170540334	3.34667485545811	1.27019808801203
MM_RS07070	MM_RS07070	24.1861302836891	48.3613784217135	21.1915516850146	2.10275523140334	0.723996102754492	2.27018406294865	1.08894263264561	0.294173941248299
MM_RS07075	MM_RS07075	19.9486743193373	22.141557397492	22.0635440784401	18.2019663727704	0.683749376709264	1.79238269066731	0.892945930093195	1.22818232876227
MM_RS07080	MM_RS07080	12.0031468595127	22.9317341622922	9.55862260405503	4.03293775729362	0.138543360990303	0.583035776494196	0.163816540127182	0.295535548347481
MM_RS07085	MM_RS07085	33.4270768611515	22.1507449818096	18.3311200078608	6.73453699238241	0.832365770385864	1.42312996509765	0.501739263975104	0.9019947140582
MM_RS07090	MM_RS07090	72.8775684048088	69.8690726255756	28.4106326025054	21.1329670938331	3.15606253239327	4.50112749471116	1.46307790870741	1.30364017639194
MM_RS07095	MM_RS07095	368.108938131993	257.6456019643	104.393721235967	41.8535938877827	8.06138199500524	7.99580023712758	4.74106114510851	2.38837337966538
MM_RS07100	MM_RS07100	28.0450764193532	32.6144019659895	11.4197273890756	4.30350386468539	0.359711924734221	1.09481245731355	0.197434827581933	0.206588882725908
MM_RS07105	MM_RS07105	34.3362544504629	63.9703630587145	59.4534954290634	28.4595099082527	1.38904782401991	3.8429016427435	2.98171256120223	3.40897425230234
MM_RS07110	MM_RS07110	13.7290278220389	17.0438814356203	28.6291297847266	8.43528106915474	0.481555437078952	1.03881905078331	0.959282971895997	1.04820204832038
MM_RS07115	MM_RS07115	178.258693565634	342.755621692295	395.65254073126	183.350891360477	1.84221397244839	12.2370421267805	9.98997499549407	12.2804807684735
MM_RS07120	MM_RS07120	6.78243382556629	9.86161203313813	22.8578775363964	8.00965867951113	0.32409874831999	1.45009637123813	2.44321933323743	2.44719607888005
MM_RS07125	MM_RS07125	2.45933011821458	2.57178468498479	15.5177731161658	6.10967093528943	0.0757986061145126	0.202650078078467	0.583492442123747	0.72992002623656
MM_RS07130	MM_RS07130	19.5333909936084	17.1430218803494	28.7945977582855	6.12319123197781	0.577139141201371	1.70508266129813	0.869732900204963	0.93342620503932
MM_RS07135	MM_RS07135	14.8809578830932	20.6216887979822	10.6640029598269	3.67552879647664	0.657696159871773	1.45626662618596	0.678405874218986	0.75379268902222
MM_RS07140	MM_RS07140	8.67454633032065	14.8289079830615	7.18503423359207	1.89514557235183	0.890413409050713	1.32021264868398	0.480251984122294	0.411288058402952
MM_RS07145	MM_RS07145	8.00627082320364	6.15619784924938	7.87862457930489	2.63375543770261	0.180324765894206	0.325179064235216	0.421776692480862	0.337754912397121
MM_RS07150	MM_RS07150	115.049442500779	85.528669100605	514.957594935531	268.298488323896	1.9246144219372	3.01047632308734	3.45139573628407	3.95717381332305
MM_RS07155	MM_RS07155	4.73499243354923	6.42744970271801	7.30656796599015	3.42206430372959	0.330864048614145	0.643349226072906	0.789118942667938	0.828079809052598
MM_RS07160	MM_RS07160	3.00947622407074	6.52947462159327	7.77929822125834	3.33608803068143	0.180953620988662	0.261303524457763	0.490637502717819	0.337754912397121
MM_RS07165	MM_RS07165	3.17818915199558	4.33294755925338	9.33694020173389	1.32080813316807	0.226866853588995	0.745301089236918	0.331845940634955	1.17205739314598
MM_RS07170	MM_RS07170	6.32776515798043	8.11524544291585	25.8433996924984	14.2126040552896	0.0959696440720855	0.352886131525436	0.182605220659895	0.285368033653588
MM_RS07175	MM_RS07175	2.50270378171704	2.51508785288557	2.60365736318721	0.559470041245758	0.123913966662943	0.153374496995861	0.181883338292137	0.339851405570862
MM_RS07180	MM_RS07180	103.20631573196	154.572319180069	255.450411660109	55.3859200260401	1.21647137017401	5.42046378048664	4.44409114636588	8.67451569096449
MM_RS07185	MM_RS07185	15.2901469042516	42.9685290568952	15.9260955460227	8.01341249213968	0.56080934086048	1.28511049769637	0.986610167309852	1.21591513956964
MM_RS07190	MM_RS07190	2.16636153528639	3.0713684849502	4.59069970746253	1.6927148604826	0.120644828265767	0.298944673394476	0.241534508634176	0.505388470521429
MM_RS07195	MM_RS07195	6.30965530228442	11.4875206683132	20.5731533391416	18.1356791344501	0.1790579747653	0.433819933346867	0.303794043000342	0.62864890757239
MM_RS07200	MM_RS07200	1.18737500502387	1.39975339833489	1.22350595219986	0.337120301752397	0.107668165016978	0.0951158777664253	0.0867668767809653	0.182388543465445
MM_RS07205	MM_RS07205	5.52040691759323	7.71973418236158	4.50868648199654	0.759190122551705	0.342303762769261	0.79087912847083	0.911841765039872	0.851892026663295
MM_RS07210	MM_RS07210	1.46570554228657	1.3554491218268	2.08830559354905	0.193502059074414	0.0193878068832496	0.0335948911381414	0.0553339754004837	0.082714449950316
MM_RS07215	MM_RS07215	29.9655012154147	49.6800638522231	23.160731037563	9.50326540407253	1.1831511311078	1.27619374439952	0.902978967063838	0.683256351164589
MM_RS07220	MM_RS07220	19.7502113873626	25.5994632234305	31.1949558479087	7.85136196163137	1.40500984629112	3.62744994276956	2.98542066789599	2.93846264773496
MM_RS07225	MM_RS07225	13.0390401900761	16.2137093001354	13.9890111250878	8.42396624006104	0.233847826207963	1.02571770608793	0.433828744198829	0.440378094185479
MM_RS07230	MM_RS07230	4.76044527395703	6.91713815387628	9.35503601670292	8.35276701059878	0.325717425873591	0.548737689556303	0.743705210118135	0.564532483560903
MM_RS07235	MM_RS07235	13.6915274813335	23.6513481428861	26.546501115337	13.0402358015893	0.759116638174149	1.77442526022365	1.23154541866089	3.41857867247157
MM_RS07240	MM_RS07240	52.5437015549612	88.8693352968168	74.7913556232855	25.348547959884	0.487119783059145	2.3601354863169	0.481416583410904	2.12474970237373
MM_RS07245	MM_RS07245	48.574442915467	93.8407710013018	118.191990681509	69.9046487332925	0.699550212295612	2.30470117808647	2.21843757127065	2.18312065343867
MM_RS07250	MM_RS07250	9.5095672288498	13.3720526798692	9.99610242972572	5.83059098371935	1.57242605598648	4.67373900795023	4.07648664984989	7.2326024048556
MM_RS07255	MM_RS07255	13.0972995053275	16.8098784705089	22.8074539665716	6.41977939277711	0.543607770280341	0.713360437398193	1.11846367369273	0.810611153488091
MM_RS07260	MM_RS07260	19.6751627821936	24.7746594148288	29.4333458462589	12.8209211469236	1.12925348201936	1.50126539347007	2.79327870439329	1.25223950839782
MM_RS07265	MM_RS07265	19.2382658415661	20.126480674075	38.5504860463527	15.5870416034506	1.66970789588743	3.18434724847597	3.34409187011097	2.94767258360443
MM_RS07270	MM_RS07270	7.49856919242918	9.1288443162757	23.6660961762191	7.28290576936672	0.784788455531969	2.21881330421679	1.86263133970271	3.92088762039484
MM_RS07275	MM_RS07275	7.80245906733988	7.57878666790844	17.1515086673337	7.64204378392179	1.00245177643892	2.10320964390759	1.74489119758011	1.71168010197185
MM_RS07280	MM_RS07280	11.7065946444518	12.4642979828189	20.4470027713887	13.5645990700245	0.494223348368008	1.03721092268388	0.517208977527927	0.689663539710741
MM_RS07285	MM_RS07285	22.4292532994028	24.5119897622149	27.5654000208681	8.03467040698143	1.57769073094693	2.90225621867554	2.89981557055064	3.0545937354652
MM_RS07290	MM_RS07290	7.97967313746369	17.2588949459358	42.9269091120687	7.24282540017417	0.250695240128408	1.67670121770815	0.979126277450357	1.01326155586637
MM_RS07295	MM_RS07295	2.22834292908279	5.20580368021369	8.37990788069447	3.00747335907534	0.221963145993231	0.317959779487764	0.770350001106219	0.98485232363343
MM_RS07300	MM_RS07300	8.79040734036523	5.67758435438089	9.80193279946535	2.52840637015898	0.342001821514522	0.647510761871437	0.715816863957467	1.34764108244051
MM_RS07305	MM_RS07305	4.15819805576403	5.77360440346719	2.60526235745219	1.54704310980213	0.298701629396932	0.565418416150414	0.509319028836567	0.762258194842135
MM_RS07310	MM_RS07310	27.8381496192136	34.3999893921721	9.04724864427729	4.945397610135	1.0559430534627	1.97782752725185	0.573496063242092	0.809150925313968
MM_RS07315	MM_RS07315	2.53471951455216	7.05759156859141	0.858741283367497	0.650690973732266	0.307355765209455	0.32278704573606	0.095697351228977	0.447027063431485
MM_RS07320	MM_RS07320	6.44261710667412	9.67237628482991	5.22391948185655	2.43941965437918	0.221361533718751	0.255724069259733	0.252715225775434	0.501714040148636
MM_RS07325	MM_RS07325	6.20499247704687	15.4258783962534	17.8520341734508	16.1185798288465	0.171000910757261	0.395092289260537	0.412135615077088	0.891671314439401
MM_RS07330	MM_RS07330	13.1092032343509	15.4743357813702	37.1069819450728	17.510763793165	0.406428820523859	0.770938916427868	0.761873522991055	1.35934199578349
MM_RS07335	MM_RS07335	10.4306086107195	18.2946793426672	33.4126616272287	12.9558325156711	0.397520418391556	1.11304367300711	0.711508128574909	1.28993502830018
MM_RS07340	MM_RS07340	18.8457862373951	22.7761862231484	26.7701402236293	7.47895828538023	0.724790685003805	1.25831412660583	1.1406700160603	1.15302352568241
MM_RS07345	MM_RS07345	134.649436868408	288.106846361169	182.402609852992	79.043042728467	4.46685989650078	10.8903472395558	12.5924850047952	7.32180039515202
MM_RS07350	MM_RS07350	16.182774822436	27.709451610035	12.4435898879817	4.84611049821472	0.221668015443486	0.808931663264457	0.126532443773659	0.726172425388811
MM_RS07355	MM_RS07355	2.01788308299955	3.4488740388356	14.6494910335565	6.66018768164434	0.0556094062769554	0.0803026547716542	0.499959936732699	0.237250493057491
MM_RS07360	MM_RS07360	112.18318642776	207.00822209536	99.1340163264251	22.4777396653902	2.16208554320203	4.99541362098668	1.57075681532938	2.14881642598427
MM_RS07365	MM_RS07365	48.2279115455802	71.8761947883456	47.2783408318993	13.9031896835067	1.02765138491714	2.83338914149985	1.17321393952241	0.906092260655739
MM_RS07370	MM_RS07370	7.79728063903516	9.75805585020996	17.826210608317	6.82894907630479	0.407146214783239	0.659793632767101	1.11684789792427	1.3208606886066
MM_RS07375	MM_RS07375	3.66725376573504	4.11507628288562	21.7950741118205	13.9930347656316	0.214991254314255	0.519019021166793	1.1579923730335	1.49049530015471
MM_RS07380	MM_RS07380	3.09895520528678	6.03123958037215	13.8415547538359	4.93558594889911	0.610021224912962	1.14445692799602	2.6575676391077	3.07622356412721
MM_RS07390	MM_RS07390	3.33797494876066	4.98414875720352	8.50362618861989	1.66928022715821	0.0903167589269694	0.20867623552634	0.309332234290489	0.27828958553284
MM_RS07395	MM_RS07395	23.4386048552773	37.6231666831136	58.6778125989086	6.73286543686839	0.320627559007989	0.987727841201345	1.27437052615756	0.7979431173457
MM_RS07400	MM_RS07400	0.111526572368445	0.700317382717562	0	0.131453261271246	0.112969163737398	0.052500483131468	0	0
MM_RS07405	MM_RS07405	5.93700015937658	9.33397138048204	15.960994263914	7.84480716408743	0.0982512302451143	0.510765116369706	1.28994175441835	0.419174563073215
MM_RS07410	MM_RS07410	8.95493492675021	10.4714691016592	78.0504500425903	25.4815618872371	0.106875853002663	0.411553987654727	0.569398816834463	0.835940863122876
MM_RS07415	MM_RS07415	3.31146778567488	8.77446797174788	7.71989857239613	4.26555092978341	0.129237667733343	0.377175206116862	0.279554586620453	0.406271108880966
MM_RS07430	MM_RS07430	100.515276905811	117.576409888683	22.7906857394514	30.076064263939	0.901462642786167	5.24278579914936	2.78201903136806	3.89309874653654
MM_RS07435	MM_RS07435	48.2313407567146	55.8675724902757	42.6308619754702	18.7178240110593	2.49131048214759	4.14392132013725	3.8146943172705	4.21377630634392
MM_RS07440	MM_RS07440	7.88201250576928	7.84748344705621	7.1066718747103	4.49051683847194	0.406317579008955	0.871723589842293	1.6666148981793	0.721254096941765
MM_RS07445	MM_RS07445	21.6887487015511	39.5791606513722	72.0025047088754	18.0938984606315	0.558128193327796	1.57762265869312	1.73531215694232	1.5958894160164
MM_RS07450	MM_RS07450	12.3458523160453	19.6414928474513	10.9707896876799	2.80035654194443	1.32559021535473	3.62167451497159	1.16528169303606	0.713997494621124
MM_RS07455	MM_RS07455	22.7039150067406	20.5398908089223	11.8524764446134	4.07822992979649	1.07539669716089	3.20551805316849	0.99531223366494	0.575861181879098
MM_RS07460	MM_RS07460	25.9115852572545	25.9883241685921	11.9917295118443	2.90766465612243	1.65776191932775	2.62845655902219	0.840541781958731	0.521829558111553
MM_RS07465	MM_RS07465	72.5192637650179	72.6539923516017	24.6245601125134	7.36280776574352	4.29614276511828	10.4016434504284	2.92432291296544	1.76007441784278
MM_RS07470	MM_RS07470	0.662314324096815	0	0	0	0	0.253029446010684	0	0.175211474269756
MM_RS07475	MM_RS07475	4.06841821984442	13.0506786367611	10.5122814649264	2.09363354885629	0.0578682901000038	0.501384369123018	0.256003174372334	0.162018519502681
MM_RS07480	MM_RS07480	16.8972195456107	38.6194141981063	19.9848090062489	9.3990704080263	0.11421779298632	0.944783904266503	0.254638365520791	0.211462672622981
MM_RS07485	MM_RS07485	25.8032775639711	45.5494033965198	35.9686001331488	19.6068451235603	0.277656550965114	0.833269731005866	0.381607886509303	0.356518367235851
MM_RS07490	MM_RS07490	2.70674983150923	3.59582197172869	5.70500165172582	1.16379691129786	0.200634288186659	0.368465953219936	0.258416968539526	0.263375533941799
MM_RS07495	MM_RS07495	18.0197137694737	18.8797156892141	18.1831088237766	4.79014419111492	0.282033564041333	0.411553987654727	0.508391297199878	0.649120733935093
MM_RS07510	MM_RS07510	15.076811632683	46.2049491110852	20.1944390905247	7.18153640033192	7.7455605234881	27.3825943037343	8.11816785413243	15.8159317773999
MM_RS07515	MM_RS07515	18.4039717867013	58.8924243782692	28.5731184570904	11.9857019440878	1.29522128178597	3.49687743416565	1.82567716615008	2.98981559585411
MM_RS07520	MM_RS07520	318.441074739238	855.229268604065	129.591140458928	118.096538816314	124.907369282679	216.534379421766	86.4327242005772	169.671378121109
MM_RS07525	MM_RS07525	560.067159784131	1071.41629250543	287.526172508843	572.366745052006	7.77302128602437	15.8031872291717	7.23158351240511	12.8294311221938
MM_RS07530	MM_RS07530	9.54605052091132	10.1071751515793	9.81141415447513	4.5791421368433	0.550572851254324	1.48720724137503	0.563852165985319	0.863577033381276
MM_RS07535	MM_RS07535	6.12956314424421	7.31877892199124	8.40880768483609	6.03024535276921	0.129201343973374	0.333631823582232	0.212574618333866	0.271554720511886
MM_RS07540	MM_RS07540	31.7910689196301	60.7573571002176	10.3378126439	3.64336675414168	4.43535130496301	7.78066843360352	2.68808126841049	4.61387246340359
MM_RS07545	MM_RS07545	4.68010375595015	3.4904807978551	5.09651563154489	0.214542302067903	0.0644882953542843	0.521494616215919	0.22087062585709	0.137566855567368
MM_RS07550	MM_RS07550	6.24493692941488	5.32972923612499	5.30049851377724	2.53550740083159	0.533178310699352	1.07466474487066	0.782354115323202	0.671145046896864
MM_RS07560	MM_RS07560	2.09077245662343	2.73262082673002	2.1075704784148	0.508448581415949	1.16670100831201	0.780832650774376	0.577508714059749	1.05841728288924
MM_RS07565	MM_RS07565	650.846802444457	724.282871461445	730.858431434082	394.684792525293	31.5352372859496	21.5620121131889	99.2766949752402	28.2655635960218
MM_RS07570	MM_RS07570	0.63271607861423	0.858469361021173	0.427661620012707	0.0720124186312379	0.0721526087076626	0.229218775119089	0.0535433687460829	0.161608128577927
MM_RS07585	MM_RS07585	2.6115279866154	5.84313447470765	3.69705475251776	2.08306208965948	0.0647720747290391	0.349197235526738	0.049299489982503	0.414517103276012
MM_RS07590	MM_RS07590	3.03505153630477	3.88441628086652	1.68655175133214	0.412241731499402	0.192066421304061	0.30777208624136	0.148538576578295	0.231288690011072
MM_RS07595	MM_RS07595	7.60644823432078	12.1583300585689	20.8357630952197	15.9666202366624	0.469641243809246	1.17055874913681	0.668370017395345	1.65370045388167
MM_RS07600	MM_RS07600	4.79223736258774	9.99594484299055	19.3868991056844	7.13240006084839	0.182120521777654	0.723611533544574	0.930153890415744	1.17229599252084
MM_RS07605	MM_RS07605	5.77916059967616	7.03179154983919	6.47737541963067	1.05970048363575	0.335295547330316	0.890894321235526	0.937835169985174	0.85829285255945
MM_RS07610	MM_RS07610	10.9856402774698	23.8624489174384	9.96923363684534	3.69883611230488	0.563740214242948	0.976874417505176	0.840242877540831	1.31946726825744
MM_RS07615	MM_RS07615	9.78324649914677	10.102866245756	12.0725043158095	2.28357893207039	0.228803364042322	0.718769857546283	0.35286794474292	0.411014464453116
MM_RS07620	MM_RS07620	60.0446882347429	73.175561364234	188.432682287608	60.6073542888855	2.29119380754049	7.26271573393635	5.47601635137057	8.04649986706672
MM_RS07625	MM_RS07625	63.3843405150367	65.8813627913714	242.54236912617	160.268249842794	1.4020267575037	3.55794883659409	5.7858307805239	6.10409098828346
MM_RS07630	MM_RS07630	4.57501227932079	7.00912528077667	4.82758992581295	1.44856508003483	0.167130160085605	0.325179064235216	0.0652739572221575	0.18764091103729
MM_RS07635	MM_RS07635	8.75063062115053	15.1292048886968	7.60412102313354	3.24559814704381	0.438464106581182	1.1396873007477	0.675769311664868	0.806714030365432
MM_RS07640	MM_RS07640	2.9914542285979	3.79431652593834	2.49364590443215	1.19430793319882	0.145240554234517	0.370399741669254	0.117319984025741	0.213368286296836
MM_RS07645	MM_RS07645	3.99772535179966	5.62096319521452	2.90228041650726	1.83862071107536	0.292587886547214	0.438157268095336	0.296916421535643	0.43921054791118
MM_RS07650	MM_RS07650	1.39751535938651	1.56342504938743	0.84547531225141	0	0	0.0444915440842951	0	0.0821545367506523
MM_RS07660	MM_RS07660	9.09682652473068	7.97090154918252	4.60552113598357	2.10700599296849	0.263889845937008	0.548737689556303	0.466967656643739	0.682543734365017
MM_RS07665	MM_RS07665	14.9068260627378	27.7823469011127	62.9034603237506	17.041036158644	0.192568143238628	0.845350865401602	1.3190651961926	0.821561274131514
MM_RS07670	MM_RS07670	15.5275505521055	13.9719965941872	38.552462567068	32.16364817822	0.490711294826042	1.073699291621	1.31892138368965	2.05714336483934
MM_RS07675	MM_RS07675	4.11955553215745	8.0025061270191	8.95297999963982	4.10227240148961	0.143939709580641	0.387996928363042	0.35056694469569	0.496398046076829
MM_RS07680	MM_RS07680	4.82989478672246	7.37349045244044	3.85018804792911	0.607789084544293	0.0887366753683345	0.361805766772287	0.0357557360280351	0.144750287413053
MM_RS07685	MM_RS07685	22.9990800952479	45.6836160199494	60.30089772517	11.3574517058067	1.03160159381373	1.96935171230484	1.72666366779421	1.0443431010977
MM_RS07690	MM_RS07690	46.6747291701933	107.218966542779	59.2451879789504	15.7326065717149	0.7944755482686	4.04998127797041	3.5128544323985	2.25966651421769
MM_RS07695	MM_RS07695	3.0098250025324	8.5080725400285	10.2773925357212	2.26317527655768	0.175441490413424	0.388803874362757	0.67444962046131	0.656838628380458
MM_RS07700	MM_RS07700	4.54652959242931	5.84546253022998	2.53710459173664	0.410615353161431	0.622741351606973	1.6980651130506	0.301033406914266	0.927493033917884
MM_RS07705	MM_RS07705	19.5293014995847	52.6812167581882	61.6668518720727	23.3561153924063	0.635915525300591	2.46421999248016	2.36257999702341	1.32681294767802
MM_RS07710	MM_RS07710	8.43883332615498	14.6230464462716	5.72160640720795	2.00909473140988	0.466174594967241	1.65845559226459	0.423344530748337	0.700620023004159
MM_RS07715	MM_RS07715	17.5888738593826	19.8958785395928	22.2107676264499	5.10709083025088	0.855006824021303	2.19246075342609	1.25711584565633	1.85150887961286
MM_RS07720	MM_RS07720	3.14168988534804	3.95948383025187	13.5384287999392	4.61391624135743	0.0714897000882353	0.214722566624206	0.418956839481805	0.416826745224625
MM_RS07725	MM_RS07725	16.2993467015589	17.7453517177266	29.3785977085535	4.53463851141339	1.05326871663501	1.93251462741785	3.28907653809938	3.13891157321455
MM_RS07730	MM_RS07730	10.9684223361605	14.3741448160871	16.5229899409566	11.7872509307274	1.21773589106792	1.69859539185042	1.47156566623457	2.07949217295091
MM_RS07735	MM_RS07735	19.7831270218774	29.5090207233986	26.3940464749081	20.5752794975335	0.755774852257036	1.31297319028654	1.27118691212162	1.42759414229249
MM_RS07740	MM_RS07740	9.40151246651188	21.6907114176298	13.0223636995166	8.73733156124066	0.310686199951578	0.449837811441213	0.364150176592145	0.291606611974841
MM_RS07745	MM_RS07745	4.84412548044418	10.6560264821779	3.05006868472135	1.00740995586041	0.133594248694579	0.27779980625194	0.0610075196345852	0.237482729782351
MM_RS07750	MM_RS07750	91678.9721729439	161467.95771894	195317.627746497	131529.042538292	5390.5967093253	12329.7220939493	6901.64192847468	15253.4528995704
MM_RS07755	MM_RS07755	2924.22337816242	6985.24242242411	11071.4331317609	3265.95725375392	1488.673543072	2285.11588683173	1711.24552935274	2545.78825784585
MM_RS07760	MM_RS07760	88.6498176657218	138.862391301998	73.4821558569194	53.7512455157398	1.02486353633955	2.73111449993595	0.899665639789946	1.22810915828731
MM_RS07765	MM_RS07765	15.4406674411193	25.5491140149925	18.3786258566298	10.0741118796521	0.783755498607862	1.69422923760196	1.41671952540293	1.79220898164848
MM_RS07770	MM_RS07770	25.2854373959296	36.9423862711178	34.776277634338	15.0404799135085	1.22970456997758	3.17544202297911	1.49472511891582	2.49200822280313
MM_RS07775	MM_RS07775	55.7745376176496	53.0490940442059	63.7551624193078	18.0950114619688	0.662329709502769	2.30702114783565	0.54992209216998	1.60552246811061
MM_RS07780	MM_RS07780	10.1929120954551	12.5612617178913	6.09795774760137	3.15248388017901	0.795690123992551	1.72978097278941	0.611101622837508	0.732945466309743
MM_RS07785	MM_RS07785	1.5321784571884	2.08742004721984	3.18675078891667	0.852891692705218	0.0632600982203454	0.142313572899765	0.182450128744947	0.223723499165616
MM_RS07790	MM_RS07790	2.16283115177376	4.24360453365368	2.63306739698714	1.02502905452175	0.225581900580105	0.273309728153525	0.489940999027052	0.305152693816704
MM_RS07795	MM_RS07795	1.38712122874299	2.02156233889701	2.32724168421871	0.599012391341661	0.0257217625277773	0.130745425603849	0.193814136331144	0.197531650456349
MM_RS07800	MM_RS07800	1.43671965593513	1.78798670328876	1.12531894193401	0.726062931455574	0.102703161076268	0.0593220587790601	0.117249487700765	0.0958501408674258
MM_RS07805	MM_RS07805	8.54244981600757	13.249569361031	12.1838136402974	8.77456166132576	0.262502732353207	1.0685953581728	0.556554386423761	1.21324918922124
MM_RS07810	MM_RS07810	2.12993149184497	3.27836511573278	2.2361830281112	0.450642331145921	0.0541836986981871	0.150224525646973	0.136086105734462	0.0866847435479312
MM_RS07815	MM_RS07815	4.06062794672379	5.99483199697422	4.51193610001452	0.45584181340822	0.383656093258534	0.965568527659167	0.48492730039473	0.964549107495625
MM_RS07825	MM_RS07825	1.37307956762262	2.82978042115803	0.850087193920221	0.348016215213597	0.0302190980588917	0.0913059398677702	0.0636948395426859	0.0644663697612771
MM_RS07830	MM_RS07830	0.96503539179632	1.27514233467897	0.811260203028552	0.372555635843325	0.0251973382432304	0.0808559891714589	0.0862959613301229	0.0985383604908111
MM_RS07835	MM_RS07835	16.5596765427968	20.6276313488853	26.4084765622349	5.69166706033505	0.443245221487051	1.13895240349796	1.13974510427661	1.02504518365929
MM_RS07840	MM_RS07840	18.2136319317229	31.613582915583	25.2434984101607	21.1315296382313	15.3320797341886	34.981374227052	21.6296796094091	53.1471358849512
MM_RS07845	MM_RS07845	1.87912250388096	3.57617371728212	3.33996334330407	0.891119797679528	0.0321419871022304	0.0990209200150469	0.0244650446198133	0.0457124588975419
MM_RS07850	MM_RS07850	12.9673409231114	17.600633910678	5.78446868258627	3.54450266486991	0.412853585568308	0.98465280055243	0.304084487859245	0.468752331843435
MM_RS07855	MM_RS07855	10.2577635898749	13.5809500366709	1.88250470855359	1.38447098826119	0.397236639016801	1.32571429123204	0.158365764280006	0.403512900107622
MM_RS07860	MM_RS07860	17.9412971890834	28.2066806463842	20.447483278931	18.8798663275356	0.807148000027651	1.60495795443347	1.32513351984657	1.42466414196925
MM_RS07865	MM_RS07865	7.21264540194022	12.2573147060833	9.99123295638475	4.66782493343874	0.228001971088014	0.518050685967135	0.425484799174621	0.5658686400601
MM_RS07870	MM_RS07870	11.0147805848196	11.2385300111489	8.99611174366812	5.02126651679491	0.569161535418264	1.18352176023223	0.683470330205291	0.980287122261172
MM_RS07875	MM_RS07875	15.966063588353	32.3452021844057	43.0735431714441	20.0109960335299	0.795006783258141	1.80217267481386	0.976111854594365	1.21591513956964
MM_RS07880	MM_RS07880	8.8407113117737	12.2839827378888	13.5170239227201	6.96850958716985	0.47364139787579	1.08961630146538	0.391564787448971	0.631473924170693
MM_RS07885	MM_RS07885	13.5855520776104	20.0363364056569	14.291111665982	7.20646188046612	0.370579539669832	1.15632191614183	0.26169363772443	0.550095630719575
MM_RS07890	MM_RS07890	27.9382410504155	23.7527943863925	46.1267524930913	35.3387986797304	0.507601843211449	1.25348974230753	1.49925944253831	2.70700216617399
MM_RS07895	MM_RS07895	7.24808235861677	12.8987095822061	19.5040686407139	10.2092203851677	0.320064540728475	0.648453159521104	0.591249857724151	0.427150144843424
MM_RS07900	MM_RS07900	15.7471105873638	22.2438226892128	5.60141512371668	1.43960357111198	0.954981162629929	3.14590779938953	0.502537282373837	0.668434557998492
MM_RS07905	MM_RS07905	2.26476232280018	3.21611745144171	3.53145302943681	1.4747021298905	0.144132679555474	0.260755953957956	0.294945344289303	0.408978416454339
MM_RS07910	MM_RS07910	4.70867696549581	4.16226948488891	6.36679924067126	3.15376526917256	0.147522140407546	0.279203315901445	0.218586544927855	0.304646863142008
MM_RS07915	MM_RS07915	6.62926683227965	7.54785424376952	7.31535580495951	3.4279332296007	0.13884757248004	0.413663575053982	0.492227899809287	0.38971549359091
MM_RS07920	MM_RS07920	5.8106518336033	8.18157054288274	3.91035551812179	0.87991175100195	2.45598335534311	3.08041836761265	0.665533245278294	0.926904488793237
MM_RS07925	MM_RS07925	1453.18820545192	2944.55868191149	1823.98826227623	1550.6319805609	455.9672188547	894.634247922855	852.715366521104	620.646656754722
MM_RS07930	MM_RS07930	9.47716810594996	15.628388067253	6.98505888333616	3.3120373449563	0.546579507892774	1.09371731631393	0.590570273151378	0.426819287043623
MM_RS07935	MM_RS07935	18.8030089584377	27.1705846552235	31.6077861320284	5.1409531772119	0.795785473862468	2.27690765229628	1.16203886208715	1.8159766607092
MM_RS07940	MM_RS07940	8.26266292898514	19.3247214992	16.6411056300126	4.88738190204872	0.396653188622305	1.20496058627466	1.57654033383044	1.08116057530058
MM_RS07945	MM_RS07945	8.59777513229147	9.26632422986479	15.5543709483561	5.50811219402469	0.274891404737503	0.485470241228635	0.559117632799903	0.293194093148887
MM_RS07950	MM_RS07950	17.4732737675765	12.1276335559266	9.20306683750228	2.63858939554046	0.993584238536577	1.80227930696382	1.00994445087704	1.68722207538654
MM_RS07955	MM_RS07955	46.8062080005133	46.3643029536164	83.6316144979266	137.499778621427	2.67923372458023	4.13711703618965	4.92931171147251	8.6411976742595
MM_RS07960	MM_RS07960	179.40106549938	226.264699963178	401.646188712695	508.805682350566	14.4539732690623	19.2665447028992	35.6822985963807	46.1832854532841
MM_RS07965	MM_RS07965	129.11786371518	121.694940418385	293.399084301327	473.037766210572	5.46442839745892	11.2444524359309	12.4118846996176	25.1951523126661
MM_RS07970	MM_RS07970	54.2307429739864	77.9856490218398	109.571576391682	151.605017064315	2.08902030002516	5.11102592714587	6.01340137710674	10.0901894084891
MM_RS07975	MM_RS07975	131.31565258605	120.539953347022	194.05921259936	290.954057675286	3.76782275731473	9.34715523750057	6.97617532701557	18.9857976428458
MM_RS07980	MM_RS07980	49.6501395895551	57.7585990200096	79.5845124776915	122.781317511821	2.09829420999214	4.25146416629929	3.7387810546829	8.54766353799068
MM_RS07985	MM_RS07985	42.8329770139596	38.021086123472	74.1759592111304	67.9037105356685	1.48172789757984	2.75188183162862	2.66286332303993	6.45766026724608
MM_RS07990	MM_RS07990	91.1487487827048	124.846980701101	135.166097945703	56.2570099066634	2.41960965020454	4.32535160037321	2.97299921543515	5.74579744169868
MM_RS07995	MM_RS07995	5.32751911614299	9.05686155174116	5.88684651121068	1.78856029299071	1.57398797766513	1.01765977389078	0.798638766392753	1.43699177633684
MM_RS08000	MM_RS08000	8.032557004516	8.08334707604586	11.1663562573931	9.19225340306376	0.379197351722386	0.58594078209317	0.416365394575672	0.468847771593378
MM_RS08005	MM_RS08005	8.97465555320425	25.3995086267518	12.3836601947172	4.11955472483855	0.363623539635842	0.749312763635502	0.617082531048507	0.817597343183895
MM_RS08010	MM_RS08010	5.32958250017186	7.49339644021281	33.4231683952411	33.6375576540215	0.131251366176603	0.422384355750904	0.460228207975995	1.63488609784298
MM_RS08015	MM_RS08015	2.86805853880916	5.20124104749784	21.1956186612231	12.7713166076155	0.151136354524423	0.50384267247215	0.847935436522257	1.57516308365385
MM_RS08020	MM_RS08020	4.70926003788591	14.050834436168	20.7513225636122	12.2785034361305	0.295028389170105	0.846497881501197	1.07649862136077	2.11633509775378
MM_RS08025	MM_RS08025	2.51912033129386	6.88890769857493	10.4596733195743	2.7228982200906	0.190000507455846	0.396781111959941	0.575656070639369	0.639134554766092
MM_RS08030	MM_RS08030	9.78401594170721	15.9193638481011	10.3417161484704	2.09151022158172	0.561622084989778	1.18140064503298	0.650743116298243	0.885114603618339
MM_RS08035	MM_RS08035	12.9586853599142	17.2876239523242	18.3381740567291	5.6398693744803	0.909058849089604	1.67459739420889	0.92562520649926	1.07440662232964
MM_RS08040	MM_RS08040	30.8260894388849	51.5432071318771	59.7982174843276	35.5556943019692	0.630292153210449	1.29797840444183	0.907284882593397	1.37375021669983
MM_RS08045	MM_RS08045	19.8692353654411	24.816911619452	8.34200722908537	3.55554232389129	0.356249816362212	1.3261091183819	0.406710217906903	1.05547455726601
MM_RS08050	MM_RS08050	12.6179847139284	17.6900348038146	19.6144268574891	6.54104725435601	0.715512234566822	1.45172467298756	1.30422994956457	1.58402625509852
MM_RS08055	MM_RS08055	0.577744865653995	0.502704195608144	0.419433547561691	0.105940477848339	0.167180105255562	0.119557695707798	0.181770544172174	0.144346259138296
MM_RS08060	MM_RS08060	24.9557246027014	25.3381690376549	15.9449145991482	13.7463714913888	0.588710528986374	1.11866347550513	0.194719309143841	0.803959002917087
MM_RS08065	MM_RS08065	2.01087822702539	1.53544832097857	1.80744645823584	0.579426032013934	0.35625208659721	0.365826087020868	0.271142965124268	0.396860749536618
MM_RS08070	MM_RS08070	1.42875099993717	2.26608829302328	2.67550067128901	0.623785911883672	0.014061835577851	0.0433214723847081	0.0749206743319294	0.109991130483932
MM_RS08075	MM_RS08075	13.654567614122	27.6296878874641	22.0198178920915	13.7604996264459	0.333118391967197	1.09035119871512	1.20429435927801	1.00668257577032
MM_RS08080	MM_RS08080	15.408023374567	29.9082043468705	42.7215193830115	37.8303035110847	0.263889845937008	0.886850945386953	0.684702605965879	0.803446809592395
MM_RS08085	MM_RS08085	13.2062967682412	31.9707992207671	39.7257430968832	31.7675182705081	0.229066711302094	1.1108101617579	1.2467500660318	1.11364190353107
MM_RS08090	MM_RS08090	24.1592583675557	41.74834307686	74.1362356030722	65.3590034189858	0.447179538738652	1.91484539197408	1.80383458481939	1.97776930613702
MM_RS08095	MM_RS08095	10.6648333159534	32.8603389977459	46.1420841512707	57.8372623478817	0.35625208659721	1.83141582145353	1.28114945276729	2.01386143824034
MM_RS08100	MM_RS08100	7.76521964487295	15.432577676485	24.4885418022425	29.2717216074286	0.337697455958241	1.34612426112484	1.50399397572372	1.67821574431695
MM_RS08105	MM_RS08105	12.526229354203	17.6415373565569	8.29352055048781	3.69338199505027	0.215408977553894	0.880533710989183	0.151335870753359	0.671580888421602
MM_RS08110	MM_RS08110	1.88508368690115	2.21983432565711	0.782023548238729	0.148140067299461	0	0.154322658545526	0.203345239467955	0.0474940008964718
MM_RS08115	MM_RS08115	12.840888762529	50.4233456554025	5.38063429224809	5.76002423472186	0.520128999930626	1.40751556000316	0.235894802636063	0.417972022223937
MM_RS08120	MM_RS08120	5.93620675493709	8.38287389830576	8.53492853047297	3.21576067576767	0.104632860824601	0.454722716689489	0.278725549838731	0.281658608705816
MM_RS08125	MM_RS08125	1.58119647442146	0.387574505303193	3.54697292768427	6.52793765926813	0.190661145840275	0.134575537152497	0.287030016920952	0.646890625111433
MM_RS08130	MM_RS08130	23.4084794484557	32.9817450901283	13.8916612877565	3.05994459555491	4.56650959150469	10.0419155696053	1.38282771220727	2.99142852762814
MM_RS08135	MM_RS08135	3.07787407658919	4.08512315552473	2.63668854145535	1.30371062553935	0.0814287889096483	0.146982331898117	0.104582708029004	0.168273004448924
MM_RS08140	MM_RS08140	5.27483759384705	7.42117775418174	8.76461113568899	5.31291804435622	0.171983922511412	0.425744709449718	0.336591753232367	0.327561947103244
MM_RS08145	MM_RS08145	9.42347219744112	15.5580300451002	12.0160917396071	9.1270709520488	0.339604453356593	0.669255074613761	0.387707228546262	0.546879311146507
MM_RS08150	MM_RS08150	3.31681394713292	5.0263608996858	4.671836130506	2.29240490946509	0.107813460056853	0.454875460039435	0.278277193211881	0.469967597992705
MM_RS08155	MM_RS08155	3.16067035598269	3.75668482156786	4.74241129499102	1.86166928489528	0.0976042132706733	0.593840207040382	0.148572414814283	0.38170809857072
MM_RS08160	MM_RS08160	4.83074410221305	12.854899405436	8.33271906782971	3.9541775113662	0.191705453939373	1.07779166061955	0.503377598567556	0.477096947313423
MM_RS08165	MM_RS08165	6.97039346722628	12.261953011732	6.4124573645611	2.45705518110455	0.512655386317083	1.21458629927127	0.674551135169276	0.787750152051823
MM_RS08170	MM_RS08170	12.8663788769708	16.5582481633929	6.87339784714209	3.50549011983865	0.441551626178514	0.962225465660347	0.653032836933477	0.460248650123543
MM_RS08175	MM_RS08175	14.6963928409646	12.5782836764332	5.85719870048261	2.21907824571226	0.394151389654467	0.875645923790908	0.138454782253669	0.291043517450179
MM_RS08180	MM_RS08180	13.168375763437	13.0091653560704	3.45361576127136	1.02400230052051	0.399002881845275	0.777014067025724	0.221251306011963	0.231024640036231
MM_RS08185	MM_RS08185	18.8865773428227	26.9857290343224	9.61485189387531	20.3225214115393	0.0523902130497366	0.338925965730363	0.047850085540988	0.178809552842595
MM_RS08190	MM_RS08190	7.19988703256426	7.29088676921322	5.14779618904815	2.40038246725189	0.198418538828573	0.416764553252887	0.514826201743725	0.461740691547647
MM_RS08195	MM_RS08195	2.03669315804987	2.34073741560347	2.78545268581204	1.0910246947057	0.117123693783809	0.216489201973582	0.196115136378374	0.287321367202415
MM_RS08200	MM_RS08200	2.14735444034169	2.76529817967344	4.54171766026468	2.48062945297311	0.049709065517053	0.164075177342084	0.199978334987082	0.23227490076048
MM_RS08205	MM_RS08205	15.9506960365921	25.3615875846969	35.7749060567447	14.0529561291442	0.375996320375152	1.21581977387083	0.883990076968192	1.37799728557228
MM_RS08210	MM_RS08210	3.65169984380383	7.39231520732367	15.148981100613	1.43484764657822	1.29389092407712	1.29544228844273	0.689344084002326	6.44020433698157
MM_RS08215	MM_RS08215	206.356302411147	349.743536295129	234.336380207356	221.043889112483	4.24624299986139	14.2006875780873	6.39238962017992	8.07539902334936
MM_RS08220	MM_RS08220	11.9895950856973	18.93108870792	26.7040679597211	10.2357311734799	0.712504173194421	1.47411166057966	2.57338938737987	1.72715406676255
MM_RS08225	MM_RS08225	20.3094470326698	51.5850142016012	36.2742128374191	11.9913326630306	1.73411219254679	5.1746853206734	5.20354523548375	4.72731851283545
MM_RS08230	MM_RS08230	8.67981794371055	13.1721425966804	18.2900638582678	5.86400566593583	0.561065877415258	2.12229968070086	0.952306655576331	1.31335912426111
MM_RS08235	MM_RS08235	14.089052392259	23.2426786947142	39.0858853832451	9.48151875432618	0.192136798589	1.12830359825172	0.475260844313964	1.22957893043643
MM_RS08240	MM_RS08240	86.11525789703	107.868031093213	16.6367463863299	26.5769851960841	1.19830494971971	3.03053181313026	2.84699690402531	1.7616968935918
MM_RS08245	MM_RS08245	2.1902222419532	1.4204299143984	8.22684889057317	12.022147604116	0.0314926998927914	0.0545697232307376	3.96377430562461	0.839720277220606
MM_RS08250	MM_RS08250	2.50905101723295	0.732242457681493	6.41494906862061	19.9231921383595	0.405856721304354	0.593889200190365	3.93328323514581	2.13554711941724
MM_RS08255	MM_RS08255	3.70776531590712	2.21281899964718	14.6228748786622	30.6495597648418	0.0662795107677367	0.0765676475729726	1.83494038325198	0.547868703220912
MM_RS08260	MM_RS08260	0.460187887059225	0.468019284269751	0.455575640639723	0.529308115705219	0.0760937366642576	0.127860593654867	0.157948426036146	0.169698238048068
MM_RS08270	MM_RS08270	4.86146323114874	5.52036270801641	4.3314584578665	1.0332430865317	0.0730765943518643	0.168841922640401	0.125142256245124	0.097428078066478
MM_RS08275	MM_RS08275	2.17297767633381	0.711610455107898	5.47895505203602	16.3522279693696	0.080411723630527	0.104652250313059	3.36410436684528	1.13991964801529
MM_RS08285	MM_RS08285	1.12128548018675	1.34597219982482	1.33825313477381	4.1077963380163	0.0863937928503587	0.269136664554998	0.488722822531459	0.17393894427052
MM_RS08290	MM_RS08290	19.5711469276903	34.9096465949043	32.7165647163983	21.580332026207	0.267188497389158	1.57762265869312	0.338929411368585	0.569959824007643
MM_RS08295	MM_RS08295	40.9494428619033	70.5024417194675	35.9452979941906	22.6771352924317	0.435671717533594	1.33165110822994	0.756436846408875	0.716383488369691
MM_RS08300	MM_RS08300	4.32925392297326	3.31933978319555	2.61423843648967	0.84577012695259	0.374650071021315	1.0433754137317	0.297875171555323	0.606529154860677
MM_RS08305	MM_RS08305	27.9586592337929	37.1559486416622	11.2278463617486	9.16914322400376	0.51366564089121	0.976243270455398	0.586425089242766	0.45950422007399
MM_RS08310	MM_RS08310	33.4873329996566	48.1256082710527	17.6971076437063	5.91466160134119	0.285003031418767	0.846422950801223	0.371854014985567	0.275028727409799
MM_RS08315	MM_RS08315	3.0492822300265	9.33398028318002	2.97885449474194	1.01150875783337	0.0762027079441634	0.167262614040958	0.165294143098688	0.220519904892541
MM_RS08320	MM_RS08320	1.39173522167465	1.09785845841175	2.33163560370339	0.79503615824313	0.0398290028055891	0.0869109661193215	0.0303134197398563	0.103844810587624
MM_RS08325	MM_RS08325	4.43392739793484	7.2774436952602	3.97816157213113	1.61679256261463	0.193571587107761	0.471025907833734	0.268007288589317	0.632558755995042
MM_RS08330	MM_RS08330	10.5700614218994	34.4580394343646	31.1807585838241	17.4171361492996	0.193614721572723	0.832053548106296	0.256406413351199	0.817769134733792
MM_RS08335	MM_RS08335	1.95363329798689	2.58345167069038	0.480884022429152	0.537345546026956	0.0130266084187455	0.138437350151133	0.0238333975480247	0.0527940883432882
MM_RS08340	MM_RS08340	1.79542632280778	1.02660571511175	0.304136505841405	0.0987655208876474	0.00989595435645023	0.0800231056217529	0.0225954820814389	0.0422193640496401
MM_RS08345	MM_RS08345	4.2186245898535	6.33755470984342	5.20650232186993	2.95054190321437	0.0896856335975146	0.16116728979311	0.14789565009451	0.22320176186593
MM_RS08350	MM_RS08350	3.1360801432205	3.92318307922972	3.99773853921506	3.844224478881	0.0653305525385566	0.160377635493389	0.0745822919720426	0.104519251487219
MM_RS08355	MM_RS08355	5.27276888495617	10.2083053493074	10.3615308924825	4.50479282610524	0.335295547330316	0.923667856623957	0.920165971093086	0.914688200800575
MM_RS08360	MM_RS08360	5.76192135891879	11.2599543538429	9.44225061247209	3.36088619331947	0.344959937716966	0.820736130460291	0.750134474955984	0.670155654822458
MM_RS08365	MM_RS08365	21.7362997193004	34.2403907254464	34.3363110582937	24.2862805912451	1.43960141695623	2.92161139486871	2.54855494201718	2.76485774258924
MM_RS08370	MM_RS08370	1156.52550482916	2100.27767085086	1374.64803921701	3481.26418363357	19.8536159703822	77.2425627973844	53.4078550705072	114.153340693382
MM_RS08375	MM_RS08375	1.16299778674209	3.26308808599544	3.37726459890681	0.319879048563511	0.0961512628719286	0.222155115671582	0	0.205109566601797
MM_RS08380	MM_RS08380	142.937746995265	146.172779431141	85.197187329693	26.3872451636703	0.591514269208952	1.67727472575794	0.552516356929112	1.00370485557211
MM_RS08385	MM_RS08385	7.74476684989254	11.2795447407525	11.5521344622503	9.12518583170251	0.260786434694689	0.435762367646181	0.324308473568477	0.427159688818418
MM_RS08390	MM_RS08390	42.3834841122475	59.3210981888069	33.8094518760706	15.8633082490573	0.904334490058686	0.886424416787103	0.750856357323742	0.496887970126535
MM_RS08400	MM_RS08400	3.13040384031784	0	0	0	0	0	0	0
MM_RS08405	MM_RS08405	45.0984368936831	121.563216099042	42.2772975906907	50.2612552743039	1.28666022560837	3.3723454927596	1.0740397095456	1.82977724855091
MM_RS08410	MM_RS08410	10.2377500960103	14.0556507957763	12.8237159371095	3.63121820079896	0.586174676493565	1.0974782610626	0.628818759230579	0.668323211623559
MM_RS08415	MM_RS08415	46.8464000589647	76.9977522375544	115.351740321132	49.3865265775003	0.973973948623519	2.55994107974637	1.91789763863122	2.32864400282626
MM_RS08420	MM_RS08420	14.339864042654	18.7028279830071	23.6928510343214	11.0747247240242	0.537298787220792	0.66118561461661	0.893436584515031	1.03402606412889
MM_RS08425	MM_RS08425	2.06544208804186	2.54839729738573	3.13305283264394	2.12798873773791	0.0696190264498515	0.108073124961852	0.104317641847092	0.178675937192675
MM_RS08435	MM_RS08435	5.28318963990974	6.99067889055769	3.64428313552759	0.586485992526486	0.411343879294613	0.823107975309453	0.410906159169499	0.329050807202349
MM_RS08440	MM_RS08440	3.57195204791106	3.25603714919359	4.65125356516345	2.80703044295252	0.140625166483505	0.433214723847081	0.246167527111625	0.659953145553587
MM_RS08445	MM_RS08445	30.1321614090347	33.6110590050893	10.3075604834796	1.80762916830181	0.758637618589563	1.72911812428964	0.491568054207507	0.513920784166304
MM_RS08455	MM_RS08455	4.79591950466765	4.75708989651819	7.05187915383089	1.98201306787307	0.18919684426654	0.31157049634002	0.537689569860074	0.399294463160156
MM_RS08460	MM_RS08460	10.9856402774698	34.2806086635807	14.5069536725056	4.11560377544176	0.689016321904713	2.33364748387625	1.48383484663347	0.985424962133086
MM_RS08465	MM_RS08465	20.9265080169746	48.164330555926	20.0930173232989	8.45834607103868	1.62717958366917	3.05462203317176	1.85765993886537	3.79645963706958
MM_RS08470	MM_RS08470	6.47628354673235	9.96357463312751	2.85061842518176	2.86128823139425	0.986546510042657	2.41467350809765	0.683470330205291	1.25908253846871
MM_RS08475	MM_RS08475	4.33477580487764	5.97245951694512	2.08552162201535	1.04871421582244	0.207274725555922	0.608601554935171	0.118315392134408	0.207256960975507
MM_RS08480	MM_RS08480	1.78304335620352	1.2854917210832	1.03556805893129	0.0653878018152127	0.0393113892260363	0.0454137680839695	0.112196311126456	0.0419266821498159
MM_RS08485	MM_RS08485	0.675924671394375	0.479165462143383	0.417105315140271	0.0743657388020888	0	0.00645556799772127	0.0127598348207302	0.053643502117778
MM_RS08490	MM_RS08490	0.57882315021102	0.863388101656302	0.980502885321724	0.106137614616578	0.446646033514113	0.405412552206894	0.327799451581309	0.32893309817742
MM_RS08495	MM_RS08495	0.07626799856923	0.540362608072568	0.359890241805393	0.0209786377534141	0.0693579494250771	0.152968142046004	0.0287935189733649	0.215207092145732
MM_RS08500	MM_RS08500	0.78858011450894	0.820303494771767	0.899633961322426	0.170420629126452	0.0139710261779295	0.0645585619272117	0.079748262666314	0.168877456198561
MM_RS08505	MM_RS08505	2.03029267391385	1.72760860557393	2.49538960190521	0.719335639239424	0.275940253306597	0.199828649029463	0.303272370195517	0.322866311406064
MM_RS08510	MM_RS08510	1.10605903726916	0.773355116962985	2.44240002273091	0.608437993073079	0.0685837992907459	0.0802709533216654	0.304490546691109	0.19100357156027
MM_RS08515	MM_RS08515	1.40140783351582	1.65752656705858	1.94840854713777	0.508522507704039	0.05423818433814	0.0911387867678292	0.0562927254201629	0.131477799521025
MM_RS08520	MM_RS08520	3.45882535450861	3.2138784228992	1.45098912083054	0.423642807929213	0.106117594513318	0.276704665252327	0.0934583879477262	0.0840792383744962
MM_RS08525	MM_RS08525	0.95697887557519	7.37519086775503	1.38950397016105	0.175476365828577	0	0.182802088435473	0	0.112517102532414
MM_RS08530	MM_RS08530	147.263569044672	148.933479367307	853.81260357142	1384.79351633507	1.47211118212815	4.09870352465321	11.5312502477183	22.962676583207
MM_RS08535	MM_RS08535	139.897602228447	137.80660699425	566.869346155611	764.774079010293	4.38412345223227	5.70267873413703	31.1166802453145	34.73625457046
MM_RS08545	MM_RS08545	27.8525267466406	62.3492752344968	62.8677888308428	13.1458723602533	0.791671808046022	3.37195931145974	2.87647000757145	4.097107574689
MM_RS08550	MM_RS08550	5.71851574624427	14.3566421118542	29.6421585723441	7.48774319261487	0.239720924147889	1.00802829699418	1.29236118829154	1.56961167153218
MM_RS08555	MM_RS08555	5.53452578921275	8.72287238559243	10.5615211037964	3.43671813683534	0.117661739478344	0.286955761398708	0.37313140839414	0.320712554382358
MM_RS08560	MM_RS08560	95.8581339548479	75.8581712850493	101.46526554262	33.8124056464013	1.93591792199243	3.77397692656783	2.3482636033472	4.00058935557197
MM_RS08565	MM_RS08565	5.38122034951384	6.27671367183352	7.49024073561012	2.38150662169303	0.133803110314399	0.100473422814534	0.175671202135215	0.0927642556192794
MM_RS08570	MM_RS08570	1.09342846458144	1.53839511401066	2.57351418385884	0.307746923284814	0.0462514976150403	0.162841702742519	0.17852771322326	0.274850573209906
MM_RS08575	MM_RS08575	3.8352851113226	6.01346089250183	3.40881462506005	1.58040440081055	0.120558559335841	0.286903886298727	0.195444011364599	0.223739405790607
MM_RS08580	MM_RS08580	0.56547372115195	1.01914970555171	0.410051266271971	0.130295082757843	0.00903780552719164	0.0278425189401719	0.0378339676883397	0.0192788294884198
MM_RS08585	MM_RS08585	0.641786981048265	0.734209953935544	0.607777643082507	0.121904449059679	0.0488577273927886	0.108148055661825	0.0511295745788906	0.134617767294139
MM_RS08590	MM_RS08590	1.16917462667369	1.08744675312165	2.50211670749731	1.51974788143307	0.0589171386690976	0.138345127751166	0.270911737178345	0.312129339537514
MM_RS08595	MM_RS08595	2.821644379099	2.51704199509265	2.22363038777955	0.818203835527196	0.130204787842507	0.15459356184543	0.16929269465135	0.231457300235971
MM_RS08600	MM_RS08600	2.71086594984296	2.65835897151205	2.01103799927395	1.43096651645351	0.113277915697132	0.299866897394151	0.189299551679655	0.351956347188591
MM_RS08605	MM_RS08605	49.0703020531312	70.8411181561039	17.9535896901987	3.29791742393119	2.66415028325326	4.0797518214599	0.318296546974489	2.31288371878572
MM_RS08610	MM_RS08610	11.4483255248118	16.621016635516	7.21547463408062	3.40829758608091	0.434248280189824	0.599065182388538	0.327297517747477	0.404705896981906
MM_RS08615	MM_RS08615	7.50364378592471	8.94810619319141	4.63847800896166	1.38953493899532	0.282544366915891	0.794723649769473	0.210369493288604	0.379974276446761
MM_RS08620	MM_RS08620	8.92177168615193	11.7995691352849	9.54013544789176	3.36224150860112	0.353725315044393	1.19087937857963	0.346139775487172	0.711446071972657
MM_RS08625	MM_RS08625	2.21707285863863	3.0646380452757	5.15456787781427	1.7141740191086	0.082118940349052	0.156878948194624	0.233458449644878	0.274783765384946
MM_RS08630	MM_RS08630	1.06294629200519	1.95859800741837	6.96317845226082	3.08986010013515	0.187766596217776	0.123949787506247	0.451692512947851	0.464909291245743
MM_RS08635	MM_RS08635	0.587313642685965	1.24449479687547	6.15679267625924	2.2461927653771	0.0259692181425635	0.0712475678748505	0.196408401090276	0.346217236892038
MM_RS08640	MM_RS08640	1.90041928948995	2.7082630450509	5.97786553783016	5.36370951128975	0.0539544049633852	0.04399584868447	0.173917253569802	0.206490261650968
MM_RS08645	MM_RS08645	3.09288752502639	4.77598587298527	1.94018542837276	0.776361556468507	0.21846925433125	0.464610687135998	0.10770146544596	0.148281558160932
MM_RS08650	MM_RS08650	4.77936717110957	6.03650552622858	2.57110669246137	1.05613970075944	0.155152400235954	0.218350941672925	0.179179099266042	0.125547809724587
MM_RS08655	MM_RS08655	1.79076174368702	3.25545402247576	1.73513750364976	0.964569671912508	0.0123387272143398	0.0570107348798759	0.00704399279164288	0.0592171835144301
MM_RS08660	MM_RS08660	7.07274263992049	6.80105587488724	5.04839057202555	1.3077971064643	0.137587592056129	0.351949497775766	0.291710972899385	0.188678022986667
MM_RS08665	MM_RS08665	12.5609847285423	24.054515723705	34.7972069577007	18.2349703533864	1.18512396532109	3.25158890585223	3.38247288928113	17.6964766102703
MM_RS08675	MM_RS08675	10.9918783533146	11.1229507345958	10.0779224614376	2.07230992175846	0.247457885021205	0.522451423615581	0.282506972710465	0.445958138232127
MM_RS08680	MM_RS08680	4.38484281992666	3.90850253025719	6.3115854564816	7.38919123655948	0.0689515773604282	0.11827522795825	0.12165691793829	0.149315488785311
MM_RS08690	MM_RS08690	3568.6209766459	5163.80894161612	2351.17973280281	3196.54168491457	1948.15712664493	3909.87641137621	2391.18815014003	3721.41868935561
MM_RS08695	MM_RS08695	11.0563224957906	14.3912157394679	8.17929845863018	7.12270339606065	0.368418275951699	0.738790764189216	0.230139482664989	0.533816790704353
MM_RS08700	MM_RS08700	0	1.94296932111073	0	0	0	0	0.163156694525403	0
MM_RS08705	MM_RS08705	24.0242784404642	41.2501436464308	32.7397727353225	13.2156793112899	1.61045703267362	2.5482518905505	2.03914003817865	2.0195846419119
MM_RS08710	MM_RS08710	25.794704536135	35.4187251222676	34.3463224577058	15.3502515956837	0.899231001783095	2.33308550362645	1.14440914113705	1.51989392446205
MM_RS08715	MM_RS08715	10.2465467680508	15.4160987825201	10.0151840282094	5.02312699504516	0.199925974867271	0.609359507784904	0.422495754995621	0.54444241619797
MM_RS08720	MM_RS08720	3.96088795641448	5.49745161475939	6.6020993258147	3.2867791965257	0.170801130077434	0.566793106299929	0.296312972993845	0.469719454642854
MM_RS08730	MM_RS08730	0.78345759725532	1.73409422105392	1.61459450845227	0.333662194276208	0.125366917061687	0.202759592178428	0.0620198468612464	0.209487069799168
MM_RS08735	MM_RS08735	187617.348536805	235933.781225944	231130.053407417	190951.265902138	468753.946359026	549324.217740326	430675.750596949	522674.635943675
MM_RS08740	MM_RS08740	12.5181834877059	18.2971186819143	13.7004836838419	6.05571295901607	0.291243907428375	0.937262014769158	0.35624612863579	0.587988392771814
MM_RS08745	MM_RS08745	3.44204138945309	5.32708958617328	5.29834366036592	4.86888800897831	0.0641886243345432	0.168081087840669	0.102594711664669	0.132362207870494
MM_RS08755	MM_RS08755	47.399253857153	76.3622420447978	45.2837143943534	59.2015391384464	2.34605403626809	6.07293149635633	11.4078252819496	8.6183971179982
MM_RS08760	MM_RS08760	37.8521144019606	56.7394493144579	38.0299923506435	62.6687929392788	1.51757263796387	4.64647287900985	4.04044892852195	5.20017157260142
MM_RS08770	MM_RS08770	59.8083974830491	105.294750754967	71.6674522486892	137.822807751267	1.20315190144052	8.39865073578538	4.87082514041908	11.5225809888787
MM_RS08775	MM_RS08775	3.06340642650802	6.55097908856911	7.00729597980372	6.51854491366475	0.801567762402473	3.75272254532534	1.52517671145263	5.56957112475453
MM_RS08780	MM_RS08780	7.54094710673577	31.8694331015425	31.8041403378161	29.2338590268787	0.267188497389158	1.85199294444627	1.28792837937702	3.89458124398565
MM_RS08785	MM_RS08785	2.01507954315128	2.35807987127267	6.53328767354676	1.56339314051794	0.105002909129281	0.421975118851048	0.569412916099458	0.560603547188263
MM_RS08795	MM_RS08795	51.2878860985228	76.5807187046283	33.7243525042247	31.6532405501696	1.88553232644596	3.63371818401734	1.97404937140143	2.4559256346748
MM_RS08800	MM_RS08800	2.99807036964532	3.72883718227975	9.07712927824751	5.35278484871652	0.0759234690394047	0.209151757276172	0.163351264382338	0.218016202119044
MM_RS08805	MM_RS08805	4.24340383521704	5.08975701201657	16.3242084290274	7.55633857392997	0.267642544388766	0.526454452164168	1.0157533480551	0.894963985812423
MM_RS08810	MM_RS08810	125.678897433538	181.931178092219	94.7165618795461	35.4237399847453	6.05624687815761	19.8916194840285	9.4899163639064	10.4703036632358
MM_RS08815	MM_RS08815	4.30902210976627	9.12697920104844	9.63509265488365	1.94371103661067	0.113999850426508	0.279857518551214	0.195221242977673	0.227983293338058
MM_RS08820	MM_RS08820	2.49440498427445	5.60949206886454	5.01155496290709	1.11717406560938	0.0835174051078438	0.41808736830242	0.238367813716235	0.282081724930562
MM_RS08825	MM_RS08825	3.8582885152058	5.48618970181199	4.05759888087555	1.92407539309088	0.202720634149856	0.296180883345452	0.367573478132999	0.260735034193385
MM_RS08830	MM_RS08830	138.103531083021	317.295970889325	52.2869136758326	35.6685715298499	2.1544802559586	7.36016310925196	1.39444832641638	2.55125085691754
MM_RS08835	MM_RS08835	19.1095799013705	34.3550797322012	45.972068693961	9.58458021395504	0.99131173330354	4.58077306488305	3.39517632704188	5.31963032627966
MM_RS08840	MM_RS08840	16.9667782180473	24.389875905343	27.5679412617877	11.0053325816042	0.470762739898277	1.85934191694368	1.2927700669764	1.11277976445659
MM_RS08845	MM_RS08845	19.2059306170104	19.7720598160573	8.58041822903871	4.46985854796692	0.855006824021303	6.03612323096932	0.433828744198829	1.57779403942727
MM_RS08850	MM_RS08850	21.3458355754001	52.9634634436648	16.6217416714268	9.7489840646342	1.54988262245595	3.81027508680502	0.939214078101712	1.51989392446205
MM_RS08855	MM_RS08855	36.3342970976132	52.689304859305	28.1159378221857	28.6203201199275	0.738895655046619	1.73767175188662	0.67283666454585	0.609694573233776
MM_RS08860	MM_RS08860	28.2609809368416	54.7201838716403	1.2964043954203	0.469805667825136	0.654733503199332	2.74421872658133	0.0439699678142864	0
MM_RS08865	MM_RS08865	10.8954903636405	8.54691946267354	10.7001301918469	2.61280554906123	0.874437765369515	1.57138611889532	0.9428375892055	0.656316891080771
MM_RS08870	MM_RS08870	16.8719610626663	18.8928071065968	20.0020131577374	9.02659691250308	0.367047054012884	0.806479123815323	0.46012105356203	0.460573145273348
MM_RS08875	MM_RS08875	2.61559351876004	3.20121878636861	2.65355584229563	1.62329396895051	0.0388142077614658	0.147325283947996	0.272197590145915	0.218817896018563
MM_RS08880	MM_RS08880	9.76350457324469	22.2520265254033	14.9088115421286	6.22599805661435	0.455461356011497	1.39094722945901	1.24073531958481	1.99606510620103
MM_RS08885	MM_RS08885	2.79569898895527	2.67432596034301	5.51530024624018	2.65455747376781	0.122604041069074	0.255407054759845	0.516281245891238	0.334420883799124
MM_RS08890	MM_RS08890	1.57997441859016	1.82110919113129	6.04799982426092	3.23951976335645	0.0475001268639615	0.0823113739209451	0.420270890979365	0.658620170379387
MM_RS08895	MM_RS08895	1.38681238674641	0.738785940698361	2.73270583725188	0.435930999816099	0	0.151377305646566	0.056098155563228	0.279520758307101
MM_RS08900	MM_RS08900	8.46891347164947	11.4959025584633	5.57882631554291	1.75035272309643	0.411573173029415	1.10027375256162	0.558294235724179	0.88929168334083
MM_RS08910	MM_RS08910	3.5678199549913	5.43428697257615	3.66637657510106	1.5480041515473	0.0913996610210338	0.249571106011905	0.147032775076799	0.252578116898284
MM_RS08915	MM_RS08915	1.52088176243419	1.33937530062006	4.24668602929682	0.957977911224522	0.147669705682418	0.196180100330751	0.286595759559097	0.259879257768899
MM_RS08925	MM_RS08925	1.60675581206946	3.21421672542252	9.33180818303476	1.40615603276746	0.0241530301441326	0.0697547177753775	0.137868252829865	0.128805486522631
MM_RS08930	MM_RS08930	2.31809880312335	5.43358365943556	6.25076905342253	2.00385007197152	0.164271934223075	0	0.375079926816488	0.484124494234202
MM_RS08935	MM_RS08935	18.9559443202269	26.2591531439066	13.4162956715347	6.66342811727227	1.06478788901506	2.23715115206031	1.14917187285245	1.17659396259326
MM_RS08940	MM_RS08940	3.01535753416079	5.03103926747541	3.06621274740519	1.21136026365148	0.116878508404021	0.228495405669344	0.230940320916721	0.31479847121091
MM_RS08950	MM_RS08950	1.55603650142421	1.07124384279416	0.955863251142703	0.26337472236706	0.178127178416104	0.205776993827363	0.0677864462443167	0.401082367809082
MM_RS08955	MM_RS08955	11.5461512272285	10.3544386853351	14.3941631959028	3.78394991199199	0.288728487050548	0.661713011466424	0.356206650693803	0.526499743208748
MM_RS08960	MM_RS08960	41.0434346636729	20.2168831207346	40.5885117269711	7.27425639366024	0.598917505537556	1.13839330519816	1.06661785645208	1.67408638446943
MM_RS08965	MM_RS08965	0	0	0	0	0	0	0.631788064438586	0
MM_RS08970	MM_RS08970	5.89370104394227	6.50171155793598	0	1.56082625551483	0.409484556831219	0.441166023894274	0.480339399565265	0.000139978299915919
MM_RS08975	MM_RS08975	6.17590275588624	12.1538698068799	0	1.61933480552171	0	0.0404078209357366	0	0.018321250663995
MM_RS08985	MM_RS08985	0.137362802840965	0.172690084108435	0	0	0	0.0290125906397589	0	0.0085641268948558
MM_RS08990	MM_RS08990	0.794259079842605	1.14046231960525	0	0.0364661951081762	0	0	0	0
MM_RS08995	MM_RS08995	0.168294926257055	0.210686799096181	0	0	0	0	0	0
MM_RS09005	MM_RS09005	0	1.75365344852066	1.19909418757698	0	0.578655658180061	0.604863665786491	0	1.43453897476332
MM_RS09010	MM_RS09010	0.20201461493538	0.236607004271163	0	0	0	0	0	0
MM_RS09020	MM_RS09020	7.02830932887804	11.9188652882455	16.7043889687012	5.33910848541995	0.345877112656174	0.831099622656632	0	0.973911746965002
MM_RS09025	MM_RS09025	4.25404557194402	6.46464517488737	7.19143934959397	2.1796591060965	0.442244047852916	0.823107975309453	0.49553558737718	1.03946931120062
MM_RS09030	MM_RS09030	7.76473774486104	10.9941331461433	16.6684648378073	5.23978851737163	0.296912684218478	0.631256563877174	0.929632217610919	0.956124958900685
MM_RS09035	MM_RS09035	16.4499790605288	15.8688276830055	22.4098364521673	11.0158013654009	0.32127457598243	0.850045561949945	0.74539430206457	0.928517420567268
MM_RS09040	MM_RS09040	4.68821618322239	8.89558917779481	15.8499375774123	13.1224212988649	0.216600850927864	0.702385971802067	0.919714794613237	0.960572451248014
MM_RS09045	MM_RS09045	4.71248956669497	7.00563542316768	20.8788304413299	12.784068892311	0.442979603992281	0.696714294204069	1.33438827738948	1.59958929698918
MM_RS09050	MM_RS09050	3.31726389797277	5.38171208964266	13.1834526146488	4.62788420279035	0.531550552205758	0.908030395929477	1.59457611361241	2.03858987745048
MM_RS09055	MM_RS09055	5.74536370049869	7.85143624496027	15.1646941926145	8.60109362632361	0.346074623101003	0.556576593553536	1.17753395431696	1.36066860830769
MM_RS09060	MM_RS09060	49.2333519903084	58.2096275051805	36.0955036611742	13.3713721810225	3.03271385424484	6.06144980756039	4.10467954013446	4.13099504856864
MM_RS09065	MM_RS09065	49.3880339068369	58.5886776771658	28.3951275653159	13.8576059128675	1.67164667657575	2.15274460049011	3.66042297954512	1.87063818682637
MM_RS09070	MM_RS09070	3.02126813099189	3.47992219804829	13.3880646150035	8.79153595847432	0.098292094475079	0.34375035002866	0.423854924141166	0.401810891233645
MM_RS09075	MM_RS09075	14.2279061564628	21.6867675224237	20.3952862895172	13.9838514778444	0.492927044184128	1.05088577542905	0.691309521542668	0.83163971172546
MM_RS09080	MM_RS09080	7.23147943886959	10.0866410786835	10.4998625741168	5.01065398743805	0.35625208659721	1.03907266238322	1.09128029078183	1.48979858998012
MM_RS09085	MM_RS09085	6.8585287661202	9.23897069031469	14.9375231062021	5.23458903510933	0.403752213461172	0.740796601388508	1.10490582047327	1.47556534193867
MM_RS09090	MM_RS09090	12.7088907581631	20.5976737701754	50.9895928485017	50.6081050969721	0.838772373550329	1.89280135643187	2.24464810489688	2.76723419236281
MM_RS09095	MM_RS09095	4.9746458356023	3.50113287599072	8.03687503235736	2.54382410824166	0.498173557264595	0.575505241146854	1.23006217598339	1.29747158722065
MM_RS09100	MM_RS09100	42.7544619236222	67.1125970196025	272.769493617553	109.960987775202	2.22079609048631	8.63728484155115	26.0085560154658	25.1276032389816
MM_RS09105	MM_RS09105	50.0036092546409	87.4415740106301	464.841322068304	175.824862564663	2.88133912504562	8.57479263777321	22.0787496590678	21.6459675237229
MM_RS09110	MM_RS09110	42.9888410498543	87.0352370693296	354.783402692217	106.86229348364	2.1291330822055	8.09550706124239	15.3498585209515	19.2043133129896
MM_RS09115	MM_RS09115	187.588480140871	271.096367848378	1305.15323401976	423.93227452426	8.33929508252513	29.4888530507408	47.4864513974947	77.4478077732045
MM_RS09120	MM_RS09120	1220.18384410621	4937.56687231122	4389.92030957042	2572.48940429386	580.407319289143	2185.99687964847	710.997456016633	1686.93285794964
MM_RS09125	MM_RS09125	101.437500407047	131.750132716447	596.148597691374	188.279035396375	4.10764515323113	10.0178080578638	31.9144504969835	36.1444998941141
MM_RS09130	MM_RS09130	41.2089606616847	101.074885265483	506.590309046772	176.563197259942	1.01269734698506	2.48185752647394	8.72885495857908	8.19354388980339
MM_RS09135	MM_RS09135	24.3123774370842	25.7392845465889	49.851533026168	13.3959074946362	2.07214791351973	4.27411917524129	13.1640945863809	13.3443953809594
MM_RS09140	MM_RS09140	14.329211656203	27.4441912723084	26.5407003490275	5.71901157289618	0.718159328574535	1.92711673506975	1.78179461377876	1.42942340416639
MM_RS09145	MM_RS09145	13.9685880390068	19.9955798542947	31.7868519736656	8.87487963426329	0.175593596158293	0.889424526736044	0.886674577023294	0.734739733608665
MM_RS09150	MM_RS09150	15.2940340535189	17.1669879433173	22.2345255045204	9.52652754272471	0.820733086255914	2.90692497767389	1.4260729778008	2.18845573546046
MM_RS09155	MM_RS09155	11.5412523541793	11.5467948314782	52.3475467925096	31.6963847533019	0.490518324851209	1.02164551073937	1.30393668485267	1.8024878427173
MM_RS09160	MM_RS09160	20.7683010417955	23.4649211957912	57.0220480060852	18.8061741393583	0.471509647212632	1.09546089606332	1.52517671145263	2.12338173262455
MM_RS09165	MM_RS09165	7.32533279422685	10.4446007591492	5.787307144666	1.54074705426651	0.320627559007989	0.4527082336402	0.406713037759902	0.379974276446761
MM_RS09170	MM_RS09170	44.6352830584843	61.4510909377773	21.0041438361483	44.4787122708268	1.91598071823966	3.5276047850548	1.91394702457954	1.94776304875504
MM_RS09175	MM_RS09175	1.5354798716346	0.229164348758099	0.591950616302859	0.0806576873217111	0.113352833452067	0.367736819870194	0.154677396557241	0.399501249285032
MM_RS09180	MM_RS09180	27.9183420410842	45.5401223338734	133.148446775615	56.8720807305845	0.766263337947974	2.24358366445804	2.05158968916948	2.66664069592323
MM_RS09185	MM_RS09185	153.027891916358	249.627186715986	181.608375468756	91.9959592627746	13.9804453829364	33.1021353273154	19.2583665276476	25.9202494502055
MM_RS09190	MM_RS09190	98.7780353501865	97.0429468277035	140.38142773603	86.4365545458637	3.08752186756749	9.02560454831408	6.04986771609054	5.6257215109708
MM_RS09195	MM_RS09195	7.79728063903516	12.6253477893157	11.3213818608576	4.79719593759546	0.585271122964345	0.950493047214488	1.3653953809671	0.796136124746786
MM_RS09200	MM_RS09200	2.58541220088736	2.24960494770936	0.782068131412756	0	0.213751706005326	0.411553987654727	0.12201503926917	0.455966586676115
MM_RS09205	MM_RS09205	1.41132272657844	3.80825815097836	3.77139471836508	0.743324719724485	0.00496500394071041	0.126191944605456	0.045348875930825	0.0900283161209228
MM_RS09210	MM_RS09210	3650.81716539031	4157.0177967033	3615.39791008388	1613.48037331008	503.130363386727	2175.23367539702	408.482853638141	531.676573399839
MM_RS09215	MM_RS09215	15.1020887526445	22.7102216824498	22.046904647156	7.08856587902729	1.0178644018406	3.37082094121014	1.06907676826726	3.50299513129586
MM_RS09220	MM_RS09220	0.34706918094979	0.630230892853216	0.361282227572241	0.0456576969273111	0.00457452352104777	0.0343499620378749	0.00267322064310546	0.0463519052221579
MM_RS09225	MM_RS09225	39.2215464391064	36.4300360022461	11.8052480022606	5.01759073747045	3.39610128944088	6.28445798043167	1.56748014614448	2.79017154559903
MM_RS09230	MM_RS09230	6.76784370365889	6.75426774564214	5.30326762425292	1.58025244121836	0.152966163932842	0.474334386432566	0.21139873963326	0.352064512238526
MM_RS09235	MM_RS09235	7.03722048545178	9.27986968484461	3.99827353730339	2.27219839072061	0.160208213576586	0.535751622860887	0.182901305224796	0.260811385993339
MM_RS09240	MM_RS09240	0.538596480156475	2.81184148472403	0.195507125481183	0	0.044528389251529	0.25720539155921	0.101672619733977	0.0949880017929437
MM_RS09245	MM_RS09245	0.45685186100996	0.717312633165455	0.77621782824319	0.156719623733855	0.0164887167907543	0.0680255477759878	0.0376450375374029	0.125611436224549
MM_RS09250	MM_RS09250	7.57405443628294	8.80911727229434	9.37740190900655	3.3331720493179	0.592342904983236	1.15743434884144	0.884917808604881	1.32855313245198
MM_RS09255	MM_RS09255	48.839107194381	48.4893279971128	53.4209065219579	7.16432800327107	1.1844270031767	0.62194786538046	2.08975639951171	1.95236006337728
MM_RS09260	MM_RS09260	0.685679818596695	0.842288707438645	0.741804571580211	0.155315024260153	0.1289402669486	0.179773158986542	0.116747553866933	0.163609182001725
MM_RS09265	MM_RS09265	2.82391010788425	1.95712461090233	1.68640314075205	0.49835353607572	0.0921828920953571	0.261796337907589	0.0920851195371857	0.188448967586805
MM_RS09275	MM_RS09275	0	3.99576677587806	0	0	0.551682996168365	1.24047485611213	0.804797325342692	0
MM_RS09280	MM_RS09280	20.8878069198859	34.75180621103	42.0196514279876	22.7596616720357	0.700428793239853	1.8485057849475	1.08916540103253	1.50701273954478
MM_RS09285	MM_RS09285	22.6436242566323	47.0122057019641	9.49407112174968	9.97816787875984	0.506671046862253	1.93365011571745	0.743705210118135	1.02773658460767
MM_RS09290	MM_RS09290	20.4818500899676	10.7402460050888	9.91297957859505	5.84899041542164	0.869811026443513	2.48714014082207	1.73249512379626	2.28971094749964
MM_RS09295	MM_RS09295	6.49151531451195	11.5193834243912	8.61291936290452	4.2789973001837	0.268346317238158	0.962072722310401	0.612711758899969	0.977073984013102
MM_RS09300	MM_RS09300	29.1378046645803	43.4627000164875	30.3743232709625	23.0154425218096	1.05007449599277	6.06539519710899	5.14784185934039	7.83995870421578
MM_RS09305	MM_RS09305	2.44709891017761	8.09382555157083	4.09379546449962	1.81436467454997	0.281484167171807	0.833269731005866	0.823470391902443	1.36977992310222
MM_RS09310	MM_RS09310	3.64101817061177	6.60143512938285	4.93187492354852	2.40584479853851	0.0302054766489035	0.0718412495746409	0.0466544678693881	0.0360062363283722
MM_RS09315	MM_RS09315	17.758398828764	15.4045430805393	11.6030633080473	4.25231812421538	1.235007838933	2.20991960651993	1.29655430970114	1.15143604450837
MM_RS09320	MM_RS09320	92.9947320078665	76.8304482857251	44.6688827024026	7.4970127277381	2.81688034274631	5.22577653025537	0.908012404667153	2.01474266526481
MM_RS09325	MM_RS09325	378.993568439564	275.168782402533	547.812119807114	76.8443927803635	9.8425107543614	8.53735034338642	8.24777675752806	9.22540347160859
MM_RS09330	MM_RS09330	138.968206138084	80.7751580886757	204.218028753227	95.7302389232024	3.31526957233572	3.00172384094043	5.75245218057407	5.2931012571206
MM_RS09335	MM_RS09335	0.80992216144502	1.10916043350007	0.968936028504673	0.755165246866829	0.126107013671048	0.203955601428006	0.430193953683045	0.390062258015702
MM_RS09340	MM_RS09340	2.09137949089257	3.60602001226723	1.97575289387444	0.748540630050804	0.0974997824607635	0.129964417154124	0.171246852779696	0.0719965660317539
MM_RS09345	MM_RS09345	4.51706979335898	6.15435944211607	3.43437069114963	1.3875389292169	0.147715110382379	0.331251332883072	0.128957517352847	0.231692718285829
MM_RS09350	MM_RS09350	21.6825053008444	25.0577385025667	38.8631726142354	28.2659174948261	0.586526562918261	2.08520610226395	0.646025502230822	1.31556378248478
MM_RS09355	MM_RS09355	6.56824657607605	9.55036035763577	3.53147779786682	1.43276128244769	0.456003942176028	0.607270094035641	0.404905511987507	0.283713744654582
MM_RS09365	MM_RS09365	98.9579145137463	111.191296966219	86.3294662004613	15.178746714332	0.637504689799218	1.70397599249852	0.941864739920825	0.799944170769499
MM_RS09370	MM_RS09370	986.914544251194	1497.27143764041	1285.48599591579	1192.52062554571	237.111034751324	839.477900887875	165.602587079284	481.99570424908
MM_RS09375	MM_RS09375	4.91867621101519	9.68781801447992	24.573036824396	8.46065832104949	0.177273570056842	0.480472939930399	1.76696782670972	1.82169032040577
MM_RS09380	MM_RS09380	39.5818825137541	24.8003392471582	158.076217054687	38.887966914782	0.296015941394252	0.620313799731037	1.55612177826428	1.04263154824872
MM_RS09385	MM_RS09385	69.296710525186	89.6025303431824	234.292228004011	85.5934375512504	2.36200243712931	4.91609659311468	12.9256985741347	9.78562207847208
MM_RS09390	MM_RS09390	147.61060627645	216.510129519228	933.655634060552	446.262309466047	3.45775633151762	8.4589555395141	15.2095962129254	9.21997613116185
MM_RS09395	MM_RS09395	98.8056500845703	162.214577633241	700.194218458223	380.804203750861	0.563376976643261	3.48385102017025	6.24258210975206	5.65541917982797
MM_RS09400	MM_RS09400	8.84997923410211	18.4852816551156	11.1117171007798	3.925941776332	0.660552115499305	2.05776993827363	0.635490531426347	1.57530624327876
MM_RS09405	MM_RS09405	7.7916575847526	10.6185016101832	6.5136710769748	3.32502372956403	0.16787706739996	0.405916893456716	0.258512843541494	0.299814430469911
MM_RS09410	MM_RS09410	4.23275677362804	6.02928988951407	14.3679284748308	4.32122153173085	0.252214027342096	0.488038058677729	0.907008536999489	0.726321947663721
MM_RS09415	MM_RS09415	6.02925605613084	6.69934255044136	9.01983989962258	4.40955523196586	0.171781871596586	0.290906914847314	0.425656810207563	0.347702915666146
MM_RS09420	MM_RS09420	4.58479138840216	5.01582455662395	10.1435142178036	4.91400768680897	0.165699912036841	0.31174053138996	0.648580289047967	0.802867808442742
MM_RS09425	MM_RS09425	16.2963594539713	28.8209579044534	105.396307653491	128.567881283967	0.549537624095218	1.37914276226318	1.9080930097535	3.24594407145026
MM_RS09430	MM_RS09430	4.85332151713545	7.88208378276377	4.64302053902643	1.67174032974519	0.442502854642693	0.771123361227803	0.762053993582995	0.511964269292479
MM_RS09435	MM_RS09435	33.793717572419	56.6962712292446	34.979824592202	6.15123393725978	1.4073459181041	3.14277511974064	1.32434114115384	1.33147677012522
MM_RS09440	MM_RS09440	0.962050806639715	4.45310727391824	4.92687665437147	0.9325349470737	0.0575345655552921	0.276817061302287	0.908985253951828	1.02949267600662
MM_RS09445	MM_RS09445	19.1371333998412	18.5734406218837	4.96843807993681	1.42920049957137	0.86967481234363	2.23933855210954	0.502410388988879	0.89405412686297
MM_RS09450	MM_RS09450	15.8753492391506	28.6197302219632	27.3971183536595	13.6899821616404	0.500003366673014	1.96968313655473	1.06173669091071	1.78654304182688
MM_RS09455	MM_RS09455	1.99425933269218	4.03707529451516	11.117017544803	4.30977938514099	0.141324398862901	0.503387324372311	1.02182731141507	0.954645642776574
MM_RS09460	MM_RS09460	162.381736218156	170.158544069679	166.456853127224	235.290794965446	3.4500171004093	6.9314154079033	3.76744486041831	5.5995964700865
MM_RS09465	MM_RS09465	845.785389300056	2031.08330699726	958.934051003347	688.922442352684	9.37293080689711	25.7065155872259	11.3164141072792	12.8738678697671
MM_RS09470	MM_RS09470	6.3051158574209	3.73359122300221	9.43083731992113	2.98040401658655	0.125736965366368	0.169464423840181	0.645957825758844	0.502907037022919
MM_RS09475	MM_RS09475	24.6031362022783	39.0280346814392	25.9982965001268	14.0141530419291	1.61537436167937	2.74264518188188	1.26671180541212	1.00939624599369
MM_RS09480	MM_RS09480	31.879432342255	46.7281473174482	52.8284209075667	15.909306828313	1.54376206890124	3.79296897706113	1.62685497089261	1.766363897364
MM_RS09485	MM_RS09485	13.8013634100137	26.3618591191775	15.6867235309848	5.49653451590666	0.924192235586529	3.10156611670519	1.05509875695093	1.43729082088666
MM_RS09490	MM_RS09490	19.2591552752314	24.1765093941542	22.3394148519483	8.66715497876364	1.35507148703926	3.32272984157712	2.36542804855246	2.51761788903775
MM_RS09505	MM_RS09505	0	0.577446796517146	9.38412406091265	0	0	0	0	0.0546615261171665
MM_RS09510	MM_RS09510	10.0675941304808	16.8858140329476	31.7445078657118	26.1703906115916	0.252400186611935	0.443445646343469	0.504265852262258	0.869312962352831
MM_RS09515	MM_RS09515	24.2672199448084	38.0357933805385	63.832672744197	38.8562237880796	0.405856721304354	0.927299113622675	1.16351082535266	2.17402524526913
MM_RS09520	MM_RS09520	12.8353881800726	21.4704186074109	54.977800495847	25.015070581328	0.697345814112517	1.08580059966673	1.86915365968953	3.07212601752967
MM_RS09525	MM_RS09525	4.42798485193168	4.6628592897263	17.5701694398789	8.73259617178692	0.290685429618858	0.517598219817294	1.11534491627577	1.92784159161701
MM_RS09530	MM_RS09530	11.0804600952819	17.8084852004669	19.663453487861	6.60903890431838	0.61071818705736	1.57323056689467	0.560984375485279	0.636408159242729
MM_RS09535	MM_RS09535	40.1687036067041	31.9054934797192	28.0256172652927	6.6003032812758	3.27785609956804	3.58203905663559	2.26498206487307	2.39207644196315
MM_RS09540	MM_RS09540	7.11139581325108	7.87371524666056	13.4973825577181	2.93396598661829	0.129546419693076	0.360067950922901	0.478802579680779	0.409201109204206
MM_RS09545	MM_RS09545	7.21411240142398	8.81478829090896	7.9726356322702	2.92572731251231	0.76543470217369	0.865438056894511	0.864558469951694	1.40698870027987
MM_RS09550	MM_RS09550	104.483550445833	174.612394718879	242.337162683495	144.209386026659	2.60573259628373	5.17382073567371	8.80825919917951	11.8841258496116
MM_RS09555	MM_RS09555	34.1615457279148	26.643642864359	114.303723649275	128.882807271228	2.37501769437306	3.98750060199246	13.2091614770118	10.618152561197
MM_RS09560	MM_RS09560	20.5343558918172	15.1560865852539	24.7172485313159	12.7005527218498	0.906025815132224	1.15844879524108	4.0872218302173	2.44871993355413
MM_RS09565	MM_RS09565	26.2359518890247	18.6314684073313	33.7774708792351	10.1416230087419	0.811715712843705	1.18777551843073	1.86367468531236	1.15435013820662
MM_RS09570	MM_RS09570	8.80429191805631	10.9237795753395	17.3105368490887	4.85802084462915	0.191344486574685	0.47117865118368	0.287430436046818	0.451134154004018
MM_RS09580	MM_RS09580	9.98682396108208	11.1163449326931	3.16507841265346	1.08758712230953	0.637064264209598	1.08456424311716	0.301447925305127	0.397853322936022
MM_RS09590	MM_RS09590	18.6985484779566	18.0997369649524	24.9693366583235	13.9205952173358	1.42932860359011	2.12511534584986	2.36140411832281	2.41801378467257
MM_RS09595	MM_RS09595	11.9568258848877	10.4073607734899	15.8069296755341	9.88966168385262	1.3966985159633	2.54563796190142	2.12784133411696	2.72775713046152
MM_RS09600	MM_RS09600	6.66180173916075	3.98265310175038	12.9737135492809	6.51491020450035	0.568255711654046	1.02004891043994	3.04411590807135	3.88831721506441
MM_RS09605	MM_RS09605	0.861804954439455	1.11634491077165	2.17333066010488	0.648736034113897	0.105000638894283	0.242599668964365	0.470932369960413	0.575959802954039
MM_RS09610	MM_RS09610	1.69535352862284	1.6170059371929	2.76929376207019	3.0568848686312	0.0311476241730895	0.197906388380142	0.186688367802529	0.84715503374114
MM_RS09615	MM_RS09615	3.73930713602335	4.92438049430046	3.09582588233125	3.60150394000297	0.531720819830611	0.637945569824813	0.661670046669586	1.48586647228249
MM_RS09620	MM_RS09620	2.52543561763772	1.57743344466231	3.36891268430572	3.03894952973747	0.203571972274121	0.500496728523331	0.488652326206483	1.08563988089789
MM_RS09625	MM_RS09625	14.0286231957385	17.6412925323624	22.8152510683404	9.85579112285959	2.08930180916491	3.87417656413246	3.54727919781098	4.13685504921512
MM_RS09630	MM_RS09630	26.4872028405355	26.8172054128696	13.3988933726061	18.7336442367105	1.07258841646832	2.58143178088879	0.994189932171316	1.4708665249165
MM_RS09635	MM_RS09635	0.84874573035993	1.46078584435141	0.545078839342285	0.341190354613328	0.107954214626731	0.180833716586168	0.240330431403579	0.293617209373633
MM_RS09640	MM_RS09640	9.88103492752941	17.343034344565	21.4664317213221	6.78419081588256	0.196552405660185	0.439938313194707	0.14024538890807	0.471691876141669
MM_RS09645	MM_RS09645	0.87889509906055	1.38381311759788	2.05598279237935	0.899806136530051	0.0565152300411728	0.0792795625220153	0.0368695779626624	0.068891592833619
MM_RS09650	MM_RS09650	11.9234576371021	27.0313331047359	23.0381520774183	2.5254493186354	0.905614902597579	2.000076181244	1.77889862474873	0.965913895919806
MM_RS09655	MM_RS09655	75.0364378592471	135.475132835897	65.3162620726134	68.8227457211339	3.42739420865385	6.37198856580077	5.86228827474031	8.01875235043339
MM_RS09660	MM_RS09660	40.5314012576533	29.1913368486041	71.2551965921459	13.4979955914719	0.534379265013314	1.66907845996084	2.30471097377678	2.13207311251933
MM_RS09665	MM_RS09665	1.12537231177943	1.54623839093292	1.35346095080308	0.638550634421559	0.0116326841299498	0.0470334239833978	0.00664075381277781	0.0496286699701896
MM_RS09675	MM_RS09675	69.2206874702693	156.162336588329	46.7082112024398	4.74000984674219	0.759886247838484	3.6211010069218	0.975959582532416	1.16506802212518
MM_RS09680	MM_RS09680	28.9566342219831	34.1777335370481	10.2763918911486	5.12024560251481	2.16957731869556	4.49005216086507	1.1672696894004	2.04570650147121
MM_RS09685	MM_RS09685	15.1651351188429	17.0663206858843	13.2508227442898	8.4484563764987	0.599993596926626	1.16709176328803	0.925123272665427	1.28397004392876
MM_RS09695	MM_RS09695	5655.53024588108	28989.8658509267	15150.5231087604	21574.6781313729	804.260553970461	2621.36378611579	804.840082773717	2906.91479024806
MM_RS09700	MM_RS09700	17.9116217331017	33.2684653813409	16.4396342665838	9.87385788626548	0.560175945296027	1.71433372079486	0.617082531048507	0.859527206658709
MM_RS09705	MM_RS09705	15.0673253910122	26.8784426209398	8.69416972072605	6.58781795262067	0.444160126191261	1.86001052934344	0.59158260037804	1.0461596376716
MM_RS09710	MM_RS09710	17.8948990039593	36.3781199189632	8.01401377145342	7.19104003536743	0.612434484715877	2.44618474938653	0.571226081577852	0.85814333028454
MM_RS09715	MM_RS09715	30.0953027142015	55.9492324875168	29.5092561305691	14.763547931309	1.04912099729359	2.53413609945548	1.34503886216691	1.51390985214064
MM_RS09720	MM_RS09720	68.8345391270281	76.5531782084206	123.308226937032	212.521260026934	2.35267177128737	4.54645192234516	9.22542825185991	14.4124743478679
MM_RS09725	MM_RS09725	4.8014839854681	9.53532370074395	8.84855629869617	3.89419454261354	0.193394508777914	0.611451803484165	0.604260659461797	0.597102888891339
MM_RS09730	MM_RS09730	6.26766876533557	14.710048062302	29.7295713155534	9.69700977709124	0.378672927437839	1.20875899637332	0.733790606973453	1.44017946398493
MM_RS09735	MM_RS09735	4.71663230933876	11.3783246262133	12.344010891949	5.63765979986962	0.577706699950881	1.21300122677183	1.02228130774792	1.86906024962731
MM_RS09740	MM_RS09740	29.0155964190198	40.0562161740938	70.743579901754	38.1746521610059	1.36096501709417	3.0273097930314	3.13184999443099	3.19917859397835
MM_RS09745	MM_RS09745	46.2969408603079	42.7500123349238	108.980423318826	17.8605337042128	1.85582630149663	3.56041866774322	5.10756871880786	3.2518676985967
MM_RS09750	MM_RS09750	4.27066446627723	6.14409463134267	9.05993503413102	5.02210845507593	0.236796861470416	0.591073535041359	0.545503382520459	0.374336968550147
MM_RS09755	MM_RS09755	54.1705214470843	65.7742900427403	42.5048402035534	7.14876241261222	0.361907241977324	0.41808736830242	0.23240664447623	0.048251156246017
MM_RS09760	MM_RS09760	10.2778170202046	13.8484494029401	16.7768316728093	11.2373543437893	0.232224608184366	0.597514693289085	0.228963603964382	0.25894394821946
MM_RS09765	MM_RS09765	0	0	0.718517293680015	0	0	0	0	0
MM_RS09770	MM_RS09770	11.3126373910729	16.5884372122503	15.7847272548685	10.5165648208841	0.291915896987795	1.79708026916565	0.23240664447623	0.716930676269362
MM_RS09775	MM_RS09775	1.54143839222379	3.60564164760299	2.49244711241942	0.655225119401759	0.0926846140299236	0.120453982157481	0.0595186372510834	0.105034626136909
MM_RS09780	MM_RS09780	1.23822477478837	2.10554594031147	2.19338813473111	0.572160720701132	0.073707719681319	0.151377305646566	0.168294466689684	0.0786137220277792
MM_RS09785	MM_RS09785	2.86794937913796	7.78695845482467	0	0	0.340194714456083	0.612169409033912	0.307268101895179	0.125773683799452
MM_RS09790	MM_RS09790	0.1636330095673	0.569518943964056	0.673171252008372	0.060007610848695	0.0541133214132479	0.177124646937477	0.175042374916426	0.192390629259437
MM_RS09795	MM_RS09795	0.738880514938605	1.36522873556018	1.44993398571189	0.361199736589568	0.0723819024424645	0.141103153900192	0.113620336890979	0.159228497479356
MM_RS09800	MM_RS09800	0.380251058565105	0.534228649162878	0.520023095539011	0.0985108858953389	0.0296106750794174	0.0342058645379258	0.0422554971908601	0.0750092808049443
MM_RS09805	MM_RS09805	0.96830485707046	1.52836177338479	1.2378419194926	0.364653737049752	0.135421787868	0.355554817224494	0.453271630627322	0.443164934883805
MM_RS09810	MM_RS09810	0.39775654242298	0.824799357252744	0.304805253451812	0.0486229624829033	0.0146157729173725	0.0422119216350997	0.0333701403908334	0.0155884924906365
MM_RS09825	MM_RS09825	1.11837810552929	2.04328937332241	1.18114202950204	0.274697765492777	0.0399538657304812	0.14462201484895	0.0273666733558423	0.093750466368687
MM_RS09830	MM_RS09830	2.028239939609	2.97507690357544	1.50823391628143	0.294625007148917	0.00268341776768162	0.0248020616912452	0.0306377028347478	0.0171727923396848
MM_RS09835	MM_RS09835	11909.564300013	30175.1106421081	19258.0350969792	12912.7175585998	1492.19060248214	3817.86591831024	1543.04794999225	3271.25102188601
MM_RS09840	MM_RS09840	12.5127414787317	18.8738577139418	12.2123121958727	9.20801202347485	0.369955225045371	0.459039877787965	0.51621356941926	0.643031677888751
MM_RS09845	MM_RS09845	1.88412254930835	2.12127255629691	1.92032610118665	0.508497865608009	0.108169886951545	0.149408933797261	0.139596822718287	0.105340033336726
MM_RS09850	MM_RS09850	0.66936177896705	0.686424722516442	0.151860198108575	0	0.0276696241560944	0.0399553547858963	0	0.0516456300189781
MM_RS09855	MM_RS09855	25.8535735480866	68.6209811387154	26.3137521784851	8.78415565071338	1.25733332990371	2.95343965065747	1.67466839834461	1.60926370630837
MM_RS09860	MM_RS09860	0.7649164277365	1.10521653829399	1.22169290312276	0.476882056401709	0.025294958348146	0.0487049549828078	0.0385050927021151	0.134900905218969
MM_RS09865	MM_RS09865	0.30778767390202	0.994725153637727	0.521380405503839	0.169311734805109	0.0169654661403424	0.156783843844657	0.0581030710455571	0.0361875718532633
MM_RS09870	MM_RS09870	6.65252582953933	11.2895202138415	8.78112672482306	3.41001842578699	0.262502732353207	0.389893251462373	0.271142965124268	0.266649117364832
MM_RS09875	MM_RS09875	2.68819801226639	6.42744970271801	3.84577431370042	0.91335928934647	0.183028615776869	0.755145830433443	0.388056890318145	0.641421927439718
MM_RS09880	MM_RS09880	7.82659400440021	20.3317279247041	17.7481851000835	5.65988697048855	0.319901083808616	1.00788708144423	1.36124737720549	1.178693637092
MM_RS09885	MM_RS09885	11.8404457007972	14.9106258478395	9.46643946122483	4.45219016511351	0.470873981413181	0.400818723908516	0.254638365520791	0.251111526074165
MM_RS09890	MM_RS09890	24.9348804303633	27.4237862885333	11.0115337550547	3.09729790612016	0.513002732271783	1.14137612344711	0.281988119758639	0.506632368595682
MM_RS09895	MM_RS09895	3.94719773618677	6.13349596939494	5.34911398821087	1.73707063333634	0.174047566124629	0.326729553334669	0.0496745304313775	0.174034384020463
MM_RS09905	MM_RS09905	0.609635464231885	5.07438650395042	1.01913668245928	0.388704422774888	0.0252018787132264	0.283191934700037	0.0444634420891213	0.0610878026133065
MM_RS09910	MM_RS09910	1.68975709865033	2.34548700497694	1.05553141352346	0.448449184599264	0.317739820090484	0.536379887960665	0.153890657570504	0.359435642259098
MM_RS09915	MM_RS09915	6.93102409995534	9.0206631817458	5.76960267089121	2.15794120546219	0.329365693515439	0.881346420888896	0.337649198107013	0.458836141824391
MM_RS09920	MM_RS09920	4.7652722613691	7.93979107108396	4.3427825840694	1.67321064147498	0.43588511962341	0.193672803831636	0.822996656598602	0.375504514824446
MM_RS09925	MM_RS09925	15.4518869253744	21.9939328595523	12.293151397756	14.5556138179931	0.690239978568656	1.87771434818719	0.800716998053057	0.587772062671944
MM_RS09930	MM_RS09930	2.30058000711045	1.74303698117697	6.65779361754666	2.26993953191787	0.0422672351934825	0.0906805567179909	0.0896149283100123	0.173884861745553
MM_RS09935	MM_RS09935	3.66269302142347	6.77213546049228	2.97488163856752	2.03245954546218	0.117264448353687	0.521252532416004	0.267747862113404	0.665402755275313
MM_RS09940	MM_RS09940	1.90137243978974	3.11522762655918	18.390475073549	9.4199504773956	0.0771108019433789	0.138967628950946	0.383824290966562	0.411227613227988
MM_RS09945	MM_RS09945	7.52548636988973	8.20230937783212	4.93002719866939	2.95844380200794	0.488999537637521	1.34575825347496	0.394111114707119	0.627891752222845
MM_RS09950	MM_RS09950	2.09543437331319	2.51421983983232	2.21439671706992	0.809657135220842	0.113679747291785	0.292249903546839	0.265049262793307	0.312517461187281
MM_RS09955	MM_RS09955	6.60109564981574	12.2547017642255	3.59419146266505	1.00867080977393	0.606386578681102	1.96144940540763	0	0.776116046533811
MM_RS09960	MM_RS09960	304.142355905335	399.317934025002	158.598672410053	34.4645669318634	7.1250508128842	11.8893348594032	3.84764147971147	3.52229623005927
MM_RS09965	MM_RS09965	215.073170744723	260.141379865262	102.958727567241	12.8915371801132	5.28753849711675	11.4513043971078	4.12422112141792	4.37303025442326
MM_RS09970	MM_RS09970	11.6596187117996	14.4902092896802	7.97403752540905	6.22805567163285	0.530885373351333	1.19431178102842	1.62685497089261	2.56295813291051
MM_RS09975	MM_RS09975	274.525835496332	271.864559400511	29.2942413896081	13.844796129948	3.50447549754225	11.2567641263265	1.56283866810803	2.2110304176469
MM_RS09980	MM_RS09980	273.823235928698	186.552354949993	107.883191776529	17.9401153533412	3.7646194557325	7.9339939374494	3.13627434378651	2.55024873954314
MM_RS09985	MM_RS09985	13.7250368379624	15.9495974104484	9.42345137409063	3.27756305261053	3.97595336146491	6.30033176102606	2.6913410184774	4.57844840954987
MM_RS09990	MM_RS09990	7.51537711936375	15.5801532495858	5.61485447384287	2.24882125562029	0.822120199839716	0.928633456472204	0.521427477614516	0.720974140341933
MM_RS09995	MM_RS09995	15.7040271288409	25.9954018134879	21.6893872209461	4.74075732365509	3.61002553330606	5.34120439161462	4.37443231773019	7.70079800482437
MM_RS10000	MM_RS10000	0.466987735845995	0.554046054871108	1.24822979904093	0.811534041535116	0.0491392365325454	0.154080574745612	0.0721262000098645	0.129152250947422
MM_RS10005	MM_RS10005	8.07941845263501	11.8471228965565	4.00810660401938	3.96297884666487	0.256057535193775	0.475858937982028	0.305034778319927	0.308728503114556
MM_RS10010	MM_RS10010	119.059872973334	61.9377747283666	127.072052423184	20.6841072076333	1.00644284956547	2.01022929109041	0.730206573811652	0.882843137569704
MM_RS10015	MM_RS10015	0	2.04346297593306	0	0.436863292449229	0.483793888787018	0	0.127739340857255	0.874422170299762
MM_RS10020	MM_RS10020	2.16682213585025	2.35041909965904	4.89798675760186	2.47422661502135	0.0841439899673024	0.210088391025841	0.743705210118135	0.509527374343943
MM_RS10025	MM_RS10025	5.37152111336262	7.21988330145671	6.47082169304868	6.59160462137726	0.156164925045079	0.219872611272388	0.39557179856063	0.322716789131154
MM_RS10030	MM_RS10030	1.65096547890748	3.3745765728257	2.3492063279561	0.599406664878139	0.0928162876598099	0.321674613036453	0.299192042905882	0.186346111763068
MM_RS10035	MM_RS10035	4.98939570337	11.1775999461591	10.8007989988003	2.49513543350268	0.337502215748409	1.74152203708526	0.659304190003378	2.13585252661706
MM_RS10040	MM_RS10040	5.38411174958527	8.26207764073517	6.28295315138415	2.38038129930766	0.396839347892144	1.02801750218712	0.542285930248536	1.24413349230269
MM_RS10045	MM_RS10045	8.40729949333176	15.8819101976902	11.6083142152105	19.7653184431283	0.429696459018757	0.97759778695492	0.725827342104118	0.855817781710937
MM_RS10050	MM_RS10050	2.9107319829573	5.93003816106025	4.309310527747	1.31862320065342	0.150993329719547	0.141728537049972	0.183155091994711	0.140916790790356
MM_RS10060	MM_RS10060	22.2831444107104	29.7207669435546	15.8179962100648	24.4192000572301	0.573434117684572	1.47874007227802	0.705549779187903	0.524543228334923
MM_RS10065	MM_RS10065	3.17257674743704	2.04831049498433	5.56901801725693	2.31828321731244	0.281870107121474	0.45225576749036	1.1173470119051	1.2359574870576
MM_RS10070	MM_RS10070	6.49737532515396	6.66301063997628	14.1181933486746	6.20518369950114	0.402882713456923	0.560230906152246	2.25715415294769	3.20689648842372
MM_RS10075	MM_RS10075	1.94601075801957	4.37314769199171	5.07083572330523	2.14098744339365	0.0287298239001784	0.0862942288195392	0.288634513277415	0.398359153610718
MM_RS10080	MM_RS10080	1.21487791730552	2.32181027969345	1.48834486697931	0.814491093058698	0.106719206787798	0.565660499950329	0.136167881471434	0.361560767357822
MM_RS10085	MM_RS10085	0.404457881262565	1.41613881397101	0.632432138319537	0.154033635266601	0.0617322300666654	0.0772593155727284	0.117463796528693	0.0932796302689698
MM_RS10090	MM_RS10090	1.78374357555784	5.31988285215674	4.09912067695286	0.817374218294191	0.0491392365325454	0.0567657691299624	0.196343544471298	0.157230625380556
MM_RS10095	MM_RS10095	0.444484868991735	1.06817241199033	0.806717672963783	0.0950856345471895	0.00816603528794482	0.0188681266433398	0	0.0130657017671518
MM_RS10100	MM_RS10100	1.07597889177467	0.838411582467426	0.764690600914163	0.122906560964893	0.0158326188763212	0.0182917366435432	0.0542285930248536	0.0394038914263313
MM_RS10105	MM_RS10105	0.6344573084915	0.897627878095587	1.86002488147189	0.349014220102806	0.0305982273035642	0.0656479390268271	0.0598852181409607	0.116557385279988
MM_RS10110	MM_RS10110	2.97859202441274	4.68013052381164	5.04560164680585	2.73085351009223	0.0459677182402854	0.0531028106812554	0.0449822950409477	0.0490273995455508
MM_RS10115	MM_RS10115	0.54759283452237	0.814280819586853	0.662570363961909	0.20082076159528	0.0107790757706872	0.0523016285815382	0.0246116769757642	0.0252947150598063
MM_RS10120	MM_RS10120	125.201150814001	48.3913360004234	49.6129139714025	103.596090437299	10.8686796758248	13.5523266409662	16.1503160925286	125.038753186343
MM_RS10125	MM_RS10125	1.68282146588231	3.21150140253797	1.44652584974182	0.360735643781006	0.0582769323996507	0.164265386042016	0.211472055811235	0.12521058927479
MM_RS10130	MM_RS10130	1.82509112906549	3.55476272863509	1.10409735109707	0.446190325796528	0.0251473930732735	0.087158813819234	0.047850085540988	0.0715257299320367
MM_RS10135	MM_RS10135	1.41490635871117	4.16360488958623	1.53157568472766	0.594363249224029	0.0765682157788476	0.0687979103757152	0.077701049388999	0.0680549043591215
MM_RS10140	MM_RS10140	8.04277275228219	14.7162443400976	13.2777955645763	3.84528408901029	1.50417825147544	4.88377264192609	1.01226518989527	1.35101646826349
MM_RS10145	MM_RS10145	37.4207366808065	61.2513232977562	14.9056362294006	7.10456681338268	8.76118874385563	7.60178003326667	2.18797187946884	4.26345269618908
MM_RS10150	MM_RS10150	50.6460565185784	82.1652654137469	19.2695363769009	5.99566427800732	1.14559690377024	1.75919127252903	0.398738493478571	0.491731042304632
MM_RS10155	MM_RS10155	4.469689171194	12.7358747847639	3.12827747933703	0.877919848239538	0.0791676348516018	0.213396869624674	0.0903819283257556	0.0281451822580941
MM_RS10160	MM_RS10160	3.26441198009251	8.08300432217355	6.35134869402784	1.7239117540564	0.734096378260766	0.67345119381228	0.197195140077013	1.0593207791887
MM_RS10165	MM_RS10165	15.0840374704306	22.6903375065067	8.50744548052822	8.66702766126749	0.399672601169696	1.08297340671772	0.47778461274812	0.7365117316326
MM_RS10170	MM_RS10170	11.2969689846085	19.0592519480708	12.2509360856383	3.97612129788079	1.05726660046656	2.50070259751728	1.36445918977141	2.22858496898636
MM_RS10175	MM_RS10175	20.0632547000684	33.5240618404079	52.3701306469973	25.2250869517584	0.366885867328023	0.945959739866088	0.940905989901146	1.07753704612776
MM_RS10180	MM_RS10180	9.81275422197518	16.5898660952765	12.0938695635405	3.81215689791416	0.477450852202499	2.01769930548778	1.03984617207904	2.34251776114292
MM_RS10185	MM_RS10185	73.9710075191143	106.409208293767	85.505593912869	50.4360334474117	1.50416690030045	3.56677336749097	1.76241376411625	1.9842910223831
MM_RS10190	MM_RS10190	9.5195220583775	15.4956666457354	22.5769440957931	6.3945130303145	0.138082503285701	0.484931316578825	0.416173644571737	0.37113655560207
MM_RS10195	MM_RS10195	10.2554738992106	16.0043534543875	9.29098485668387	3.01038112640686	0.292127028842612	0.70787320460013	0.37417757385679	0.630754944721125
MM_RS10200	MM_RS10200	13.8676180055731	20.2285233983462	22.2631677169898	11.1672599016323	0.64378643003879	1.16154400953999	2.78299470050573	2.05224412434228
MM_RS10205	MM_RS10205	13.5850968019086	21.3155917868036	41.2994201589505	12.7276549204666	0.596679053829489	1.37049403031623	3.13349960843544	2.26112356106681
MM_RS10210	MM_RS10210	20.1088940923562	25.8440114343017	25.1306633503839	8.42422498206935	0.721049337727038	1.38961000465949	0.842687690091013	1.13718688984193
MM_RS10215	MM_RS10215	8.75246237368197	15.9808992965536	10.3161551286948	2.85893080420739	0.663553366166712	1.49541791692214	1.25429317280428	1.7635420620907
MM_RS10220	MM_RS10220	48.2888226421126	65.1197992978857	58.0353542001189	27.6929723340681	1.18171634258904	3.13305718434407	2.84885518715169	4.39445329696039
MM_RS10225	MM_RS10225	3.16486368481556	4.32042146319252	19.9506186654561	6.76843219547147	0.103011913036001	0.337176622080981	0.852627671912687	1.04988815056936
MM_RS10230	MM_RS10230	27.2689484946546	44.9059653512101	71.9716481987626	37.2165715743812	0.378064504458365	1.14227240989679	0.76362465170347	0.899529187184681
MM_RS10235	MM_RS10235	368.157375739267	502.730267159184	797.912436649183	753.283716052534	7.66977326854858	18.4721294217796	15.9825404787908	16.9983030261896
MM_RS10240	MM_RS10240	25.8541379834596	41.1716396556243	33.6453857956506	30.798361061718	1.35525537607411	3.23697453740739	1.56997289619564	1.84938057318913
MM_RS10245	MM_RS10245	10.2312777262372	10.1955833938909	36.3989664657192	42.760246419993	0.631776886899166	0.786613842472335	1.92337661300838	2.29855821231933
MM_RS10250	MM_RS10250	10.7907316908868	10.9077413649247	26.0430530531641	38.6512385122552	0.416876441984833	0.412317704404457	0.982955637823075	0.967733613818713
MM_RS10255	MM_RS10255	11.5504217665605	9.10155309561147	20.2809849386835	19.4309580561312	0.329417908920394	0.551587938105296	0.726803011241791	0.730339961136308
MM_RS10260	MM_RS10260	7.5131673016296	8.15791607434421	20.8551815443515	27.4113131764469	0.109616026645295	0.1266328829553	0.375426768735372	0.506632368595682
MM_RS10265	MM_RS10265	3948.11976533054	8030.61459310134	7365.86201217415	4083.65192607892	1786.23279702863	5466.46455567421	3599.24671144751	3608.08764800376
MM_RS10270	MM_RS10270	1.44961647172336	1.15242754569324	1.1333488669449	0.341757122822014	0.368763351671401	0.462521273386736	0.472119528073015	0.39893815476037
MM_RS10275	MM_RS10275	0.31328825635835	0.423746167204601	1.156477626893	0.500140088037884	0.0219509021960352	0.0486876632828139	0.0671604388785262	0.0674250020094999
MM_RS10280	MM_RS10280	12.6617098183235	17.5638212545219	9.98580371652544	1.77179956067441	1.69849674589756	1.99541318614564	0.59158260037804	1.25890120294382
MM_RS10285	MM_RS10285	21.4292894752518	33.5002070611648	20.4813615375056	5.45634736429798	0.99481924637551	1.87916973293668	0.782731975625076	1.24745797692569
MM_RS10290	MM_RS10290	13.544838182682	10.7997516384014	21.0357780749636	10.8770252945927	0.645005546232737	1.09169995131464	1.02157352464515	1.07725708952793
MM_RS10295	MM_RS10295	104.294800062165	111.948217702707	125.46747426783	50.3715163329895	0.28460574029411	0.916563849876465	0.324917561816273	0.789245374800925
MM_RS10310	MM_RS10310	1.73290978037937	4.11309098123561	2.78601245233038	0.253969655715666	0.0254470640930146	0.0293958899896236	0	0.162845664002184
MM_RS10315	MM_RS10315	0.22580077353405	0.392942832186419	0.273210644124552	0.0828097637083181	0.0124454282592476	0.0143780485449247	0.0426248979337365	0.0331844010550672
MM_RS10320	MM_RS10320	5.38122034951384	2.41415351451313	3.11358980033807	0.244827438088591	0.943316695210006	1.89353337173161	0.947089927528077	1.76250813146632
MM_RS10335	MM_RS10335	7.5017188483081	8.64636259913397	5.77029123324563	3.58627512465652	0.251038045613112	0.400890772658491	0.210733254325483	0.842634370918856
MM_RS10340	MM_RS10340	6.73546321777608	8.01871348869557	5.16317738408752	5.40814742446359	0.131432984976446	0.543411845958182	0.284306038923863	0.841107334919773
MM_RS10345	MM_RS10345	2.01551085697409	1.5031938461893	3.85989231880903	4.14816419832921	0.0804435069204995	0.225691268320334	0.262395781121195	0.949934100454404
MM_RS10350	MM_RS10350	2.21898448410021	2.03020240728867	3.52813405981478	4.65164739739514	0.0991071088393748	0.198041840030094	0.299682697327718	1.01992961306236
MM_RS10355	MM_RS10355	1.17931050150972	1.39499935761243	2.42359087697744	4.24173023695456	0.117001101093915	0.242599668964365	0.229471177504212	0.947134534456086
MM_RS10360	MM_RS10360	2.6854903199343	2.62179113955043	4.98530042709109	7.55359919425465	0.151016032069527	0.303008222893042	0.353888731528579	1.28736769902672
MM_RS10365	MM_RS10365	5.99779943380676	7.55049834507021	9.18744291184875	11.1947194106416	0.346036029106037	0.560279899302228	0.48214692533766	1.25834447106915
MM_RS10370	MM_RS10370	6.0156590209883	6.01958149736455	5.77738491160195	6.29680711955613	0.667292443208482	0.533129048361812	0.815208222615208	1.95224871700234
MM_RS10375	MM_RS10375	10.3649477372742	14.1986147713224	5.96063661791166	5.54156383938521	1.24207054001189	2.06889138331971	0.890374224158055	2.87547559409779
MM_RS10380	MM_RS10380	4.9030823526189	5.23293020096525	8.49190576753675	11.7000096967497	0.268400802878111	0.501857008922851	0.922410574080335	2.04226430782328
MM_RS10385	MM_RS10385	4.05137599898141	5.13778706763019	11.5595451765108	17.0239715071433	0.146268970688629	0.245827452963226	0.650235542758413	1.18896931683582
MM_RS10390	MM_RS10390	5.90784653987183	8.84134058764068	13.319946478776	4.48870564441375	0.544856399529262	1.11734066045559	1.43546026843465	1.82421629245425
MM_RS10395	MM_RS10395	3.77448317446141	31.9926597956622	207.358923270814	4.78512131054083	0.18823653486237	1.56018109729928	1.18287757575018	0.281006437081208
MM_RS10400	MM_RS10400	0.91834700169264	3.60275272210778	21.9239690216191	0.211125264751763	0.0480336320885006	0.303659543592812	0.637495446908676	0.0518142402438768
MM_RS10405	MM_RS10405	0.73137512193551	1.66368278271322	16.300668513141	0.362095066078652	0.0423262613034315	0.125736596505617	0.21399864409839	0.0838406389996395
MM_RS10410	MM_RS10410	1.15457119261126	3.9976407938033	9.13031700486193	0.998054173401072	0.0954543007275307	0.362324517772104	0.101193244724138	0.1599888341539
MM_RS10415	MM_RS10415	8.61804688196354	11.4308549956569	8.99138592722124	1.19268976889286	0.511978856287668	1.96165690580756	0.409149390751087	0.48236204018526
MM_RS10420	MM_RS10420	9.28459979622032	16.7871721393055	12.6975752767286	4.79899891762165	0.490175519366505	0.812995212763023	0.867389602362747	0.840235651870297
MM_RS10425	MM_RS10425	67.0652472269654	95.831832696912	53.9098551452	32.4367729565828	0.482145698178442	2.97001662705162	1.03971927869408	0.754231711871956
MM_RS10430	MM_RS10430	46.8935011258742	81.0520854121079	57.0139487294703	41.2201236321593	0.722540882120749	2.75142071962878	1.11512214788885	0.899093345659943
MM_RS10435	MM_RS10435	124.822561112383	164.832994650256	87.8944891730813	70.9584597559771	3.07985982444911	12.8511020950137	4.56569166724419	5.39317301626049
MM_RS10440	MM_RS10440	404.892027911964	303.296602950191	1632.58014849091	362.767224425043	61.6344873690599	242.244702064941	336.983075512458	19.6665916484619
MM_RS10445	MM_RS10445	2.97767082328501	2.971809613416	4.16112596465266	3.07943238649851	0.231296082070168	0.893730160034525	0.330371157516448	0.208325886174865
MM_RS10450	MM_RS10450	1640.43530868933	1204.91421179243	3454.5203092892	917.829303961045	2680.09814606879	4942.36499672931	4465.79808994746	3437.70234237718
MM_RS10455	MM_RS10455	263.639384085953	199.786433616535	618.223708626631	98.4208354624138	14.9325002126538	26.6408668324961	18.5598973993403	26.9513677832862
MM_RS10460	MM_RS10460	118.233544912037	197.095544186596	363.099645800401	217.659071336902	1.97501363889365	5.54514558329263	4.02432500907335	5.5729465105775
MM_RS10465	MM_RS10465	10.2633094336583	15.2702325274318	24.0592950027088	22.5257917526484	0.349775106147806	0.628556176728128	0.611301832400441	0.893513301613294
MM_RS10470	MM_RS10470	3.10814857954705	3.86801305983444	2.43082325854185	1.81858668700309	0.285003031418767	0.631498647677089	0.877433918745386	0.650316912134375
MM_RS10475	MM_RS10475	12.1380921750011	11.4452239502001	47.4088159675329	14.8232187668453	0.140493492853618	0.463723046536312	0.389528853583653	0.727836258362811
MM_RS10480	MM_RS10480	11.6708807949507	18.0731178979858	13.4781028117944	3.69618708698167	0.164237880698104	0.725450217643925	0.187503305319256	0.414749340000873
MM_RS10485	MM_RS10485	0.252411771429025	1.45222590024159	1.67539605045334	0.297536881496445	0.107323089297276	0.144647952398941	0.245048045471	0.292532377549285
MM_RS10490	MM_RS10490	30.2708873765502	43.9878612677556	16.4625549717197	7.08151002553075	1.30922863172387	2.68538948125209	0.569398816834463	1.07342677423023
MM_RS10495	MM_RS10495	0.17236045840169	0.642743634867104	0.563090441649265	0.142221857236292	0.0142502650826883	0.0823113739209451	0.0976120314153363	0.0152003708408696
MM_RS10500	MM_RS10500	1.08696141967029	0.521146134478133	0.732749233566691	0	0	0.0741525734738251	0.0586247438503825	0.0547696911671016
MM_RS10510	MM_RS10510	7.14667302406733	13.0116670142034	9.07963088967903	3.5266617873443	0.312806599439746	1.7867455964693	0.456314252013304	1.11211804885699
MM_RS10515	MM_RS10515	8.76407323529478	12.854899405436	8.12998451447012	8.30302283274652	0.249578284509373	0.604543769336604	0.238974082111032	0.437934836586946
MM_RS10520	MM_RS10520	12.2713495092324	14.6594184188776	17.0695103029257	2.93721052926222	0.758973613369272	1.2167679354205	1.22014193313271	1.38772895874143
MM_RS10525	MM_RS10525	11.6759766878943	11.2991440303602	5.28575634423225	2.31513313603662	0.406546872743757	0.763391089380533	0.295066597968262	0.545374544422411
MM_RS10530	MM_RS10530	15.8842417587073	40.2450780090868	34.0634620332474	9.97728487031877	0.819613860401881	2.04431987762838	3.15801259055624	2.30467590029065
MM_RS10535	MM_RS10535	5.52513539505811	6.88320552051738	25.3746819228927	9.33749391706371	0.147912620827209	0.283399435099964	0.728996856875057	0.538696943251422
MM_RS10540	MM_RS10540	6.78251369849644	9.67398322181568	14.7069636985635	7.01878767710276	0.855006824021303	1.6932493746023	2.82269823073245	2.4950559321513
MM_RS10545	MM_RS10545	23.5260417519125	32.8376949854284	60.3712945569589	20.3335898196727	1.2966923940647	2.36399729931554	2.2051222254091	4.22833086821017
MM_RS10550	MM_RS10550	10.6649957242447	13.6343751272617	39.3282642856869	22.0829034677199	0.331999166113164	1.10577827705967	1.00417221178798	1.24626816137641
MM_RS10555	MM_RS10555	54.5438927839325	113.330459494111	52.5550517454901	32.0230650203697	2.21566081892074	5.41657891188802	2.34057104436578	3.27512636565773
MM_RS10560	MM_RS10560	17.4466547823885	39.2606176662225	23.7139041998342	11.4981539671212	0.562818498833744	1.20353690297517	1.20305362395842	0.498115961575797
MM_RS10565	MM_RS10565	120.363774596154	133.181076717162	69.1366685602924	47.1427446305181	1.4090871883476	1.73818185703644	0.999742222726458	0.823629135380272
MM_RS10570	MM_RS10570	69.9668497340065	94.2329526528108	29.6921214493706	28.4445562629786	0.579665912754188	0.809156455364378	0.496327966069915	0.412175648077419
MM_RS10575	MM_RS10575	87.4250328426467	210.076131882144	475.168796369516	461.225975859214	0.900007422152424	6.95309343579565	3.5319871349971	9.61933103949697
MM_RS10580	MM_RS10580	195.644767392935	191.413900201935	179.793597555236	31.3139640650146	6.21254347683257	13.9350697744811	12.1586026833894	22.5317661122159
MM_RS10585	MM_RS10585	11.7067437405881	15.1850693185347	52.4350140262649	11.4108963050795	0.609605771908321	1.41651012594999	2.31732417624156	3.19001001533386
MM_RS10590	MM_RS10590	23.0821213182938	25.9257916179656	31.7142557052913	9.64499441938822	0.6387987237481	1.81651325800879	1.49596021452941	1.62471540182408
MM_RS10595	MM_RS10595	7.16556563447881	12.3854779462341	19.6483893287258	4.07492378191248	0.384271326943003	0.832356152856189	0.484399987883906	1.01610884173966
MM_RS10600	MM_RS10600	3.16441107154471	3.86651295522445	3.76370659768839	2.25926950433694	0.200391373041869	0.308665490741045	0.114387336906723	0.379974276446761
MM_RS10605	MM_RS10605	1.75879659704099	1.70619316557791	0.638431052069194	0.291056010240594	0.0872451309746232	0.0671926642262818	0.13280379684356	0.0621821784126491
MM_RS10610	MM_RS10610	0.83913967929389	1.23280110307594	1.06071792276862	0.143178791965451	0.0526013449045542	0.110485317111	0.131021649748156	0.0510475409193373
MM_RS10615	MM_RS10615	1.12372959184935	2.01786771923442	1.29768740009508	0.785450382887517	0.0674554924967207	0.194819819931231	0.0288781145633366	0.0989264821405779
MM_RS10625	MM_RS10625	0.85180220115367	1.13435061744052	0.673666620608674	0.130323831869878	0.0128767729088749	0.0374884055867671	0.0376337581254067	0.0138133131417028
MM_RS10635	MM_RS10635	5.48607753221476	8.89786381712924	5.64802930900509	1.55370879677821	0.223958682556507	0.530350848562793	0.192336533359639	0.27827367890785
MM_RS10640	MM_RS10640	5.29373020425853	7.45126442201236	5.78966014551743	1.19885029290032	0.18092183769869	0.533350958511734	0.233526126116856	0.270177206787713
MM_RS10645	MM_RS10645	11.0456647844776	21.9981749951408	24.0568875113113	4.87430927010488	0.421482748795853	0.927446093072623	3.29953819272588	1.54130106037419
MM_RS10650	MM_RS10650	7.25060900564052	10.9631562085145	36.0848482825817	9.30658451461026	0.320759232637875	0.437370495745614	1.41674490407992	0.931005216715774
MM_RS10655	MM_RS10655	7.36709834940228	13.2695737233968	26.8144757133564	8.61493016324438	0.337098113918759	0.840808912203205	1.52189722241473	1.41366630145085
MM_RS10660	MM_RS10660	4.65006354692074	6.38571385457777	24.2136766269929	7.17270631592122	0.0647720747290391	0.310002715540573	0.644404086756364	0.750076901424452
MM_RS10665	MM_RS10665	4.51421566732162	4.70233385257908	13.0818871905288	4.69971180570137	0.246754112171813	0.363451360221706	1.37331916789445	0.986945635482172
MM_RS10670	MM_RS10670	18.7491852532407	11.0402001568519	24.3859757335499	14.8013037294427	0.195803228110833	0.640893804673773	0.757542228784505	0.730941231560946
MM_RS10675	MM_RS10675	16.1245288193396	13.1343773518402	14.6659025952845	10.1272114895804	1.2054879732535	2.26576026970022	3.41697943043058	1.93936435076008
MM_RS10680	MM_RS10680	21.2848392810756	32.3016724426221	14.7805853799404	14.2222760779813	1.06477199737007	2.33490113212581	2.87156346335309	2.19993713737857
MM_RS10685	MM_RS10685	4.57089616098706	6.68124781679268	15.8833501895026	4.83243002790215	0.346410617880713	0.663943640765636	0.489853583584081	0.831324760550649
MM_RS10690	MM_RS10690	0.9391459127037	1.19484445022912	0.842230647919432	0.303894542272147	0.502407545535937	0.833658794255729	0.469285575808964	1.42246584639557
MM_RS10695	MM_RS10695	0.48539312138356	1.40526861973482	0.312825271090701	0.26666854920305	0.124688116797274	0.2263541168201	0.172854168989158	0.170986674672294
MM_RS10700	MM_RS10700	1.79800888088263	1.52594023953365	1.0352559767131	0.306954269195853	1.03581969044009	2.14363187459332	1.43959135307827	1.78232142355442
MM_RS10705	MM_RS10705	0.355139009325945	0.300181170561579	0.275013785829651	0.091167541278443	0.00391388513661854	0.0226117796920183	0.0581030710455571	0.0334039124799353
MM_RS10710	MM_RS10710	28.2805790914694	57.4102319966198	283.002758718359	106.598043966864	2.061423323389	7.5917710209202	9.50841459958021	12.6461104505039
MM_RS10715	MM_RS10715	11.4776708393489	14.6078406381181	30.4864796757569	24.8889482268312	0.45989058449267	0.920382433625117	2.46986130437251	2.38347095784332
MM_RS10720	MM_RS10720	9.82513452614843	12.3105572913654	23.9664728343842	13.233976067592	1.51784506616363	3.96807625899932	2.23626468193068	6.31721431255545
MM_RS10725	MM_RS10725	56.8612354566504	82.8323579275951	78.5329687814005	112.643111540395	1.40895324448271	4.85517505208619	2.43799132577718	4.22573490701173
MM_RS10730	MM_RS10730	7.44629502207701	10.3204036709494	13.5833091951265	9.56468993544294	0.256252775403606	0.563179141001205	0.520880426132699	0.679954135816573
MM_RS10735	MM_RS10735	2.68772942440951	3.34090656905727	3.57728453233675	0.985675627162076	0.148139644327012	0.598975841938569	0.676494013885626	0.711019774422913
MM_RS10740	MM_RS10740	2.47682761477944	3.12466003507125	3.00892336878027	1.19209835858814	0.255249331534473	0.302109054493359	0.26279902010006	0.417008080749516
MM_RS10745	MM_RS10745	8.57922597547964	14.5920472518978	23.9270910306602	6.19288318656624	0.282435395635985	0.593232115590597	0.564269504229179	0.568248271158671
MM_RS10750	MM_RS10750	2.39953458027328	5.67128124420954	27.2098739764314	8.90518941238	0.095000253727923	0.16139496384303	0.708160963065029	0.536431839852782
MM_RS10760	MM_RS10760	2.01087822702539	5.62401682062239	5.70910330373632	1.81729297696152	0.190000507455846	0.322383572736203	0.352484444735049	0.468634622818506
MM_RS10765	MM_RS10765	4.26141251853486	5.87550913591968	4.31546300576275	1.91731524474669	0.161842782775173	0.451454585390642	0.184768047910171	0.218932423718494
MM_RS10770	MM_RS10770	13.7932190335694	24.2889727264135	12.7337025087486	5.48299779115426	0.187121849478333	0.615253095532823	0.172543985159262	0.291695689074787
MM_RS10775	MM_RS10775	27.5597924576408	44.5501467696091	16.2293552494416	30.8643197387579	0.964849874166402	1.44043895679154	3.3045490715052	2.59648611706537
MM_RS10780	MM_RS10780	10.7459575886757	15.8702476633337	5.71586508513045	4.15547879383407	0.175927320703005	0.569061200949129	0.341439080537745	0.394045276913309
MM_RS10785	MM_RS10785	3.0012519746963	8.2535933695582	3.12815363718695	1.43527477624273	0.150344042510108	0.370022206219387	0.253730372855095	0.271907847586673
MM_RS10790	MM_RS10790	3.53955558744222	6.31838720108789	4.0593128562326	1.3262827855027	0.10178598613706	0.391956727661644	0.174306393283672	0.153797975707618
MM_RS10795	MM_RS10795	6.65647687715075	9.83303882396448	13.1667785075626	5.72634670348106	0.424250165258462	0.983505784452835	0.376362959931058	0.760374850443267
MM_RS10800	MM_RS10800	5.34218644854953	6.84057940257892	14.8913299842239	7.31906804529053	0.466669506196813	0.567991997499506	0.599368214508434	0.791055548724838
MM_RS10805	MM_RS10805	10.2654526906173	25.8020441160139	1.95901438887023	22.0042992884006	0.214805095044416	1.27502367269993	0.17180236382051	0.457757672650039
MM_RS10810	MM_RS10810	0	3.23043744114597	0	1.29791973297234	0	0.135157691052291	0.0465811516914126	0
MM_RS10815	MM_RS10815	19.6643426625893	32.0207745158898	5.25381993057078	14.7499660293805	0.699452592190697	2.70234399309611	0.36288124274257	1.78066077190541
MM_RS10820	MM_RS10820	14.1257646533869	26.0352591923539	5.61449285476465	18.3208603790984	0.229725079451525	0.835981645954909	0.274966685790988	0.423676137945511
MM_RS10825	MM_RS10825	1.85181128663167	2.33725646069246	1.15391161754344	1.37129568091723	0.0824390434837755	0.176865271437569	0.107560472796007	0.0377941409772982
MM_RS10830	MM_RS10830	2.54307156061485	3.44899867660735	1.23247707755133	1.158133336227	0.0621840068312751	0.184421744334901	0.0240871843179397	0.134942262443944
MM_RS10840	MM_RS10840	2.09764685347835	4.16533201299477	2.05494251831871	0.945369372089248	0.125366917061687	0.284828882299459	0.248082207297985	0.267428541989364
MM_RS10845	MM_RS10845	21.4098537289153	26.9885066760929	14.8978936181779	5.12342032588666	0.389801619398225	1.05564387487737	0.583624975214702	0.436204195787986
MM_RS10850	MM_RS10850	1.26689915671221	1.76142550385907	10.4805778745071	5.17095492912824	0.0284483147604216	0.0657286336267986	0.186011603082755	0.10757968613538
MM_RS10855	MM_RS10855	3.65268228084467	6.08644075921037	39.8169008267108	19.4967647735789	0.0283121006605393	0.0654116191269105	0.247800221998079	0.432816084665021
MM_RS10860	MM_RS10860	14.2933460481347	22.6267143753774	13.4795691028513	5.93558684788654	0.289636581049764	1.0974782610626	0.436473766311944	0.914408244200744
MM_RS10865	MM_RS10865	4.40695430942318	8.00996658792813	8.17617763644828	3.35803592421202	0.183523527006442	0.374140512767933	0.702504337948922	0.62177406425152
MM_RS10870	MM_RS10870	1.37389160907914	1.49042292593393	3.98968879946015	1.51154617047113	0.0413046555543142	0.0954328922663134	0.165043176181772	0.242302437154456
MM_RS10880	MM_RS10880	1.87237324128328	2.90765677175674	2.17862119675611	0.380954483573499	0.106376401303094	0.240072198815258	0.135570072635634	0.352831211563065
MM_RS10885	MM_RS10885	1.45657074150841	1.81055059132448	7.04964008775753	3.22727674864562	0.0334519126960987	0.115929320659078	0.36661472811332	0.406732401005688
MM_RS10890	MM_RS10890	1.25133192262598	1.17410116393074	4.67409996500938	1.74309151879963	0.100117363413502	0.104093152013256	0.285746983806381	0.53392177442929
MM_RS10900	MM_RS10900	11.0487771663224	13.7613365031849	19.2509352859596	12.1254020934971	0.283175492245346	0.622607831930227	0.437999306784433	0.779434168506818
MM_RS10910	MM_RS10910	1.88852088532861	3.02475840966474	8.94330049718992	2.60528149574011	0.0984237681049652	0.187857028733689	0.307784134994007	0.392524603564223
MM_RS10920	MM_RS10920	2.89121636369065	2.62475573797849	5.24743462931289	2.50801503569428	0.114919295600714	0.302691208393154	0.383096768892805	0.956061332400724
MM_RS10925	MM_RS10925	3.07325742122652	3.63830119515044	16.4863425719062	4.89715660014056	0.176290558302691	0.234204548617329	0.9559865637401	1.20651432420028
MM_RS10930	MM_RS10930	3.11993782403719	5.49443360014345	21.1663275158872	3.72761397345174	0.137903154720856	0.464656798335982	1.18734140304768	1.49537863402677
MM_RS10935	MM_RS10935	1.74132039992417	3.43384183329276	8.1420913230615	4.22122390604171	0.0829634677683224	0.191681376382339	0.445714424589851	0.879664993896613
MM_RS10940	MM_RS10940	1.62121547485761	2.48188524076121	14.2475984881315	4.45913102216192	0.0846547928418611	0.325983128284932	0.789265575023889	1.17377848996995
MM_RS10945	MM_RS10945	3.2205857033192	7.0778274011048	13.8553458156684	8.4644696319021	0.0690310355853595	0.358863295823326	0.602331880010443	1.00975573571847
MM_RS10950	MM_RS10950	11.1843082166319	23.024019529575	14.6820466579683	9.58686782186981	0.31033658376188	1.04626024568068	1.41717070188277	3.57343921072855
MM_RS10955	MM_RS10955	21.0746989267129	25.288790223297	29.0970747793159	16.3752847572215	0.317360690845811	0.747626822886097	0.682001186792783	1.49334576735299
MM_RS10960	MM_RS10960	11.6760618856864	17.0180324520292	11.2682535784752	5.58186188042603	0.578430904915255	1.20368388242511	0.664735226879561	1.16851975974811
MM_RS10970	MM_RS10970	160.916158472558	138.525918283112	211.467109193152	569.990971824656	8.16245739758791	4.71476068423575	15.7739869708336	15.5637195128764
MM_RS10975	MM_RS10975	11.4681100496099	40.5259581304231	10.8873894301331	45.7651241449532	0.21319095796081	1.43881930089212	0.128097462188135	1.59169961099392
MM_RS10980	MM_RS10980	0.663368646774795	5.11739543790211	0.996265514183333	0.573721386783023	0.0272291985664749	0.272620942103768	0.0103629597715323	0.0871269477226656
MM_RS10985	MM_RS10985	2.23055274681694	3.32715190067488	2.35540834283188	0.390417048448963	0.150884358439641	0.832791327306035	0.401927747220504	0.375504514824446
MM_RS10995	MM_RS10995	2.49469252682299	2.87543345641041	4.77472914247472	1.24756360973533	0.0374997416976015	0.21660736192354	0.428118541875739	0.319977668307799
MM_RS11000	MM_RS11000	10.4433962668365	16.5375850013764	176.117645505091	74.6834205970897	0.321617381467133	0.977439279704976	3.94286509563661	4.34858813446294
MM_RS11005	MM_RS11005	9.71642480578328	21.4878500900599	258.297532782973	142.478410205074	0.342281060419281	1.6139381106303	2.77522318564033	4.56713561785666
MM_RS11010	MM_RS11010	8.61773005267395	20.060698638685	285.136742250542	145.090653092943	0.12954187922308	1.64615542966893	1.13382623283159	4.51346030248891
MM_RS11015	MM_RS11015	9.1196249214265	13.4330317096978	180.777994037756	139.58902587719	0.271431566600492	1.31522975713574	2.79750284418588	3.82788158407571
MM_RS11020	MM_RS11020	9.70768404479387	21.6953497232785	286.506941706349	124.894488135813	0.425864302342068	2.57339402234162	5.90903861761167	7.4946513262732
MM_RS11025	MM_RS11025	10.7303131440903	17.8960387837722	271.117330354454	116.752817640854	0.195589826021017	0.80696905531515	1.8023005847879	4.42557619941669
MM_RS11030	MM_RS11030	5.47813816295785	6.05376340626695	94.5515645061575	76.6422783087267	0.237500634319808	0.784824151522967	1.07195865803229	3.23419543823232
MM_RS11035	MM_RS11035	21.1763132684498	49.4865102953936	459.501020687492	426.095304322552	1.24499233245437	7.37105399829811	4.97468878593333	17.2625820564309
MM_RS11040	MM_RS11040	3.95582401264297	4.95229935517243	42.7702141164211	24.5586866418071	0.770908238753961	1.37634438881417	5.0139157610032	7.8735503148706
MM_RS11045	MM_RS11045	15.2252155369017	33.3156140698543	262.253878321947	145.699337506976	0.308751959733249	0.713360437398193	0.67785600288417	1.5958894160164
MM_RS11050	MM_RS11050	14.8479597132172	17.8884447823934	223.577573604803	94.7009508930835	0.360545100978501	0.733853983840959	0.784026288151643	2.23406002930807
MM_RS11055	MM_RS11055	22.2525663906179	27.3406439920782	369.696964819223	194.795678761629	0.212686965791246	1.05652575157706	1.57829146254286	2.69951332712849
MM_RS11060	MM_RS11060	10.100720097045	14.4790408550616	173.871649225008	81.6124289043237	0.137903154720856	0.654946192868812	0.55103029439861	1.65063683790851
MM_RS11065	MM_RS11065	12.1841362568016	16.5673066585898	198.321968386051	100.945479805912	0.196552405660185	0.97921456090435	1.44453455538562	2.98737870090557
MM_RS11070	MM_RS11070	68.4431617692931	115.085061079967	3100.56623784654	675.652846135281	1.64613831613779	7.36897323039885	21.612016050223	21.0689642461695
MM_RS11075	MM_RS11075	6.70292564846398	9.76020140042365	104.044174290536	39.1551611620337	0.140740948468405	0.731652174041736	2.06871747628575	3.18990185028393
MM_RS11080	MM_RS11080	10.9252403676904	18.5182706024884	216.171322615374	80.4435926843877	0.32539505250387	1.23141976921532	3.16404143626822	5.3615156512045
MM_RS11085	MM_RS11085	12.0652640372904	17.5909166158305	279.042301620003	108.089313799319	0.555004349970495	1.90614478492716	4.62369322358178	7.03951188409658
MM_RS11090	MM_RS11090	14.5909499234426	27.1098370955424	329.11950971941	166.912276416458	0.507924216581171	2.1677883794848	3.89800969398062	7.84024820479061
MM_RS11095	MM_RS11095	9.63272329984809	22.6241815578015	226.086828573831	134.182451439857	0.47880391226133	1.6198749276282	4.84152122805289	6.84560376281306
MM_RS11100	MM_RS11100	5.59253749838069	11.0471798720699	117.545004613713	66.0447025971445	0.418597280113346	0.967150718208608	3.36555659113979	4.9491554862772
MM_RS11105	MM_RS11105	7.04359434527775	9.64117677975152	144.682807412486	81.2766721318849	0.465868113242506	1.02888496913682	2.72185464778019	6.48877998837739
MM_RS11110	MM_RS11110	11.1681179736905	21.6838162780426	339.160220091593	162.644511805048	1.72254080476178	3.85323055153986	14.3735351773822	19.7586273806566
MM_RS11115	MM_RS11115	19.2638677781102	25.5498395848781	51.6661127922482	37.6579320493559	1.03490478573588	2.130395078248	3.31996238799805	4.50466393886919
MM_RS11120	MM_RS11120	28.605683216628	45.0695880374237	96.2604722424213	56.1751406496202	1.86281408482059	3.91719831371728	5.36078305856413	8.57916183679676
MM_RS11125	MM_RS11125	3.01631600932259	0.857040477995041	0.990623265825893	0.237036428727153	0.190000507455846	0.0960294559161028	0.0135578532194632	0.12665809214892
MM_RS11130	MM_RS11130	20.4428055392792	36.0236100339657	21.9706872343135	22.3807894455767	1.12675168305152	1.99077324664728	1.74035687395763	3.00444332819532
MM_RS11135	MM_RS11135	0.78345759725532	1.21731931128501	0.663575962220522	0	0.021589934831347	0.0498865544823907	0.0616222475883794	0.103628480487754
MM_RS11140	MM_RS11140	24.4818385081215	28.9439931905665	53.9179445144429	21.1371439291101	0.462900916100069	1.11145860050767	0.849695024793668	1.52957469643123
MM_RS11145	MM_RS11145	10.3942850645183	17.0253816292135	53.3001059350883	19.2887403059109	0.728822622360322	2.5258735488084	5.00475405860927	3.70111532687686
MM_RS11150	MM_RS11150	3.07053907917042	3.73637331612163	20.7398151510272	8.85816818613904	0.0936857876640586	0.541143751308983	0.95697351228977	1.0518287588182
MM_RS11155	MM_RS11155	15196.6618030388	34285.5635758777	26103.0770002122	19000.4109846662	2425.29083609914	7240.25691374053	2521.14427049499	3281.51057867475
MM_RS11160	MM_RS11160	80.8418500286326	149.256838712065	494.655324008093	154.179561652274	1.8537740090584	8.1728038421651	7.08329872259673	10.3837016341378
MM_RS11165	MM_RS11165	63.9763187368434	110.514335811657	297.112699226153	159.540494820744	1.2741262581842	3.26337896329807	3.3015600273262	3.79079687857299
MM_RS11170	MM_RS11170	89.0815574774926	142.996915528625	544.970214915611	247.750849044077	1.05487831324862	4.74623157822464	2.38746237988709	6.23748712677834
MM_RS11175	MM_RS11175	39.635069897941	60.2462398550163	196.086741419338	65.5404513860856	0.748623612013215	3.20898215706727	4.15335302275117	5.13402228191615
MM_RS11180	MM_RS11180	1006577.88652663	1564272.27230839	1387384.06550977	2355813.77341458	110475.133588641	212809.53875129	257746.466036499	226804.969110062
MM_RS11185	MM_RS11185	1783.6328157656	4171.40602558759	1861.08955243609	4062.07455521125	501.884817116934	1989.6041086995	781.867030835263	1675.10476795854
MM_RS11190	MM_RS11190	1.30158264541435	1.74889940779821	1.41738826867205	0.336303005567407	0.0423920981183747	0.0791095274720753	0.0781776045458396	0.0313010566561984
MM_RS11195	MM_RS11195	1.02392570319592	1.29792879016424	1.6725427273156	0.42244355925576	0.0282190210256197	0.162991564142466	0.27382746517937	0.285921584203256
MM_RS11200	MM_RS11200	15.3983614124499	23.7431616671758	13.7928550667403	6.9674787261526	0.248297871970479	0.286840483398749	0.073947825047255	0.161200918978172
MM_RS11205	MM_RS11205	0.39172879862766	1.66208029707644	1.21399487507406	0.287318625676066	0.021589934831347	0.074826949773587	0.024648335064752	0.0690856536585024
MM_RS11210	MM_RS11210	12.9677935363823	14.4054823129842	22.8215323421922	6.73100906563414	0.320613937598	0.935746109069693	1.32751629563078	0.945976532156781
MM_RS11215	MM_RS11215	32.3022396980041	72.0530913972506	54.8851913360205	31.941590036863	0.459338917388147	2.09375972986093	1.31860274030076	1.41280416237637
MM_RS11230	MM_RS11230	1.07317002706439	3.26388487746484	0	0	0	0	0	0
MM_RS11235	MM_RS11235	10.8486555398316	12.1677001481951	7.7136272059163	0.724403696989564	0.0944508568583977	0.285578189299195	0	0.606246016935847
MM_RS11240	MM_RS11240	55.5964822193282	80.7803261048543	137.2968913041	51.6566262830423	1.17027435819892	3.2264640657611	1.37827364961379	2.69337655120717
MM_RS11245	MM_RS11245	46.250713070768	67.9622260015274	122.339261186411	47.1181805677923	1.17167509319271	3.22604330106125	1.03006128217231	2.01122730114192
MM_RS11250	MM_RS11250	8.0818119781085	12.0978896419682	14.9312022028622	5.00445239327054	0.306790476694943	1.0615172889753	0.180433933850622	0.736696248482489
MM_RS11255	MM_RS11255	29.3936935709019	14.6913123343986	23.5737990986108	12.0635381114141	5.64914833830933	8.1869830361601	3.544219657307	8.44084100720485
MM_RS11260	MM_RS11260	9.47038156931822	11.724799826282	4.40021561958841	1.25031120344266	0.172254080476178	0.289445766197829	0.143020124259141	0.267234481164481
MM_RS11265	MM_RS11265	5.40285526386047	17.0829820851579	14.5103915305917	2.06040778937604	0.383656093258534	1.42881317049565	0.319114304344215	0.584574831048864
MM_RS11270	MM_RS11270	0.949446858262045	1.08939644397974	1.06043060898045	0.281232027956693	0.0684316935458773	0.102407211263852	0.151657333995251	0.163151071202
MM_RS11275	MM_RS11275	0.393877380448695	0.246756079970795	0.720587934429277	0.052003036654998	0.03647132524349	0.0421341089851272	0.0237939196060379	0.0333434673049716
MM_RS11280	MM_RS11280	0.311965028148865	0.611045578701718	0.651132302980937	0.128709774579923	0.0128949347888592	0.0372434398368535	0.0441673575242204	0.0687738838086897
MM_RS11285	MM_RS11285	2.35556719465671	3.4733386528905	3.70582277674311	1.99610834680214	0.0785728332821157	0.253741287660433	0.267065457687632	0.474252842765131
MM_RS11290	MM_RS11290	9.0317114496414	15.6315574277347	15.4035064411341	4.01845231184407	0.205202001002712	0.724334902994319	0.312355116705477	0.243183664178927
MM_RS11295	MM_RS11295	1.26337942292361	2.89514402974285	5.27384768308099	0.496415024521371	0.141755743512528	0.370613005969178	0.178868915436145	0.143235976713963
MM_RS11300	MM_RS11300	20.149823644196	36.7779222799449	39.8948024927943	18.4177736357678	0.860469009426584	1.0887113691657	0.930373838949671	0.58756209522207
MM_RS11305	MM_RS11305	2.67918568331446	6.02781649299802	9.12549211469499	1.19133034659521	0.450391921260877	0.682367947109133	1.17167429978492	0.645758073412113
MM_RS11310	MM_RS11310	3.11204904096937	7.26228685194561	5.73512996999619	1.58024012017035	0.158332999468206	0.137183701901576	0.0451909641628778	0.0844387280992803
MM_RS11315	MM_RS11315	1.26735975727608	1.5596013406041	3.03626771551694	0.488020283807202	0.0628673475656847	0.0484167599829095	0	0.0558799735914346
MM_RS11320	MM_RS11320	0.39168087486957	0.580647316441723	1.27269605420985	0.43421426712602	0.051352715655633	0.107528436412044	0.111144505957808	0.141018593190295
MM_RS11325	MM_RS11325	1.802468452816	2.94512377621455	4.49817476029813	1.11547376098332	0.05588183447672	0.150633762546828	0.159496525332628	0.307952259815023
MM_RS11330	MM_RS11330	0.675115292368855	0.73456606185483	1.99755406597373	0.474076964470311	0.0814287889096483	0.141103153900192	0.968365718405957	0.582004320450408
MM_RS11335	MM_RS11335	1.32143373098763	2.65668081294242	3.04485740704617	1.58025244121836	0.532004599205366	1.25112366135837	0.965266699959994	0.830876193725918
MM_RS11340	MM_RS11340	5.31338160750644	7.82904150818622	14.1125263318871	6.77251456938042	0.235716229611349	0.371327729568926	0.868472425914385	0.914223727350854
MM_RS11350	MM_RS11350	6.07439491138961	10.4198290020139	6.78022892079729	2.088442280626	0.219715613345173	0.493139110175928	0.322503767649081	0.314690306160975
MM_RS11355	MM_RS11355	1.31988153371171	2.84960227821525	1.2964043954203	0.341674982501915	0.0128381789139082	0.0444915440842951	0.0146575958890952	0.109542563659201
MM_RS11360	MM_RS11360	2.44632680518616	2.90289827968529	3.48601782141711	0.539937073126095	0.127721150754653	0.0291912715396959	0	0.199866743004946
MM_RS11365	MM_RS11365	7.57113641190146	12.3569982153892	8.11810062174887	2.79604828215521	0.496745579450829	1.3332015973294	1.09411706289888	1.8677590877031
MM_RS11370	MM_RS11370	2.0004947461059	2.72840539923548	6.4654469437354	2.23340351753761	0.0739710669410915	0.26281366625723	0.282030417553625	0.433191481014795
MM_RS11375	MM_RS11375	0.944095371941995	0.93118659813924	0.950642066095521	0.0502534478368785	0.025176906128248	0.0988883503150937	0.0632352035038397	0.0107401531935487
MM_RS11380	MM_RS11380	4.59883837438454	8.60014424255972	11.2902380369566	3.36162956321638	0.408070200427441	1.31697333688513	1.40501149575084	1.4715346031661
MM_RS11385	MM_RS11385	18.5223381443216	34.0678965006935	11.7020726301897	10.0960597731827	0.230903331415507	0.92218653432448	0.210888346240431	0.429230731392174
MM_RS11390	MM_RS11390	8.36121813749723	8.880045067118	15.2570903439429	4.44966024325445	0.296876360458509	0.422384355750904	0.709965668984425	0.699951944754561
MM_RS11395	MM_RS11395	5.49473043298101	6.16029754167015	24.3165151484156	5.63230425099914	0.238211217874194	0.275188759552862	0.587609427502369	0.816658852309458
MM_RS11400	MM_RS11400	10.4294824024044	12.4864478953985	24.6675581070196	10.1156338114624	0.344907722312011	0.314564842388963	0.611366689019419	1.64574396006145
MM_RS11405	MM_RS11405	0.780845752439415	0.847381050684426	3.8719793126564	0.912381819537286	0.0322645797921245	0.118030262208337	0.208728338843154	0.355598964311403
MM_RS11410	MM_RS11410	4.16538928190853	2.78522686910644	10.2873048614132	5.84693690741915	0.127366994094959	0.521301525565987	0.840541781958731	2.00119340209795
MM_RS11415	MM_RS11415	2.5123790559892	2.87601213177925	5.26707104062886	2.47483856040609	0.205960259492057	0.31808370333772	0.523903308547687	0.674937186294586
MM_RS11420	MM_RS11420	1.22026667765964	1.38265131551121	4.71666698883333	2.05340943410356	0.0345211933801749	0.0542354170308556	0.187593540615226	0.210606896198495
MM_RS11425	MM_RS11425	15.9470698055633	35.8175615405182	33.4217615484162	10.3729424711901	0.761223416252329	2.36379556281561	0.813428895372804	1.26008465584311
MM_RS11430	MM_RS11430	18.9916208956939	30.232818972044	30.7034610300611	11.0617711955445	0.976396289366427	1.67670121770815	1.55153669728781	0.999190555399817
MM_RS11435	MM_RS11435	64.8601073840912	86.6304714542229	55.4121545456498	27.2030299667705	2.07384604929827	3.55942727694357	2.16465733487264	2.40152497720748
MM_RS11440	MM_RS11440	5.05958803438582	8.90783483886923	3.44040923438731	2.74354418954761	0.587698004177249	1.08774303396604	0.183967209658439	0.51898863488826
MM_RS11445	MM_RS11445	48.0372655110362	55.4893992340416	25.9525492098889	13.1855748839734	1.99955941969245	4.61615188307056	1.93814418316444	2.42005937664635
MM_RS11450	MM_RS11450	7.22143941154974	10.0349075007094	15.0301124512845	6.16964569001009	0.402206183427507	0.685396876558064	0.673180686611735	1.02490838668437
MM_RS11455	MM_RS11455	1.82407940528359	2.84079750991092	2.52755883880882	0.764360855701969	0.0619569833314713	0.172971756988943	0.147359878024689	0.305629892566418
MM_RS11460	MM_RS11460	1.31593048610029	4.54155112702175	2.94095384313283	0.610335434467378	0.072529467717337	0.133076923153026	0.331217113416165	0.232080839935596
MM_RS11470	MM_RS11470	4.21405852067993	5.04045832194051	15.5245051754439	6.41825979685526	0.106485372583	0.224319460120818	0.332522705354728	0.62799991727278
MM_RS11475	MM_RS11475	3.80207927182824	3.90259559014604	11.8077099842041	1.9055979280845	0.174633286754123	0.282439745750302	0.34291668350925	0.677991258292752
MM_RS11480	MM_RS11480	10.9123542016262	12.5229222490313	27.6220206518827	5.34596309513225	0.439631007370174	1.04201801528218	0.977843244335786	0.970145058167264
MM_RS11485	MM_RS11485	27.0852886790677	36.6538320241209	10.8946168580115	3.22151871220664	1.60107415142673	3.43226411518845	1.95348136362631	1.92480978889383
MM_RS11490	MM_RS11490	1.21571125821008	2.45796369128321	3.51074662194418	0.475563704264112	0.0268023943868436	0.0928910123672106	0.066297563860815	0.119115170578451
MM_RS11495	MM_RS11495	2.42013647138997	5.67904884819895	7.45644173601152	1.5261342913208	0.0878422027791073	0.248060964212438	0.211714563169154	0.208204995824938
MM_RS11500	MM_RS11500	0.571860893132945	1.53781643864182	2.37143351705165	0.477900596370943	0.0287298239001784	0.0132771436453133	0.0918397923262678	0.0858003351984624
MM_RS11505	MM_RS11505	1.50441462666826	2.43799493970929	3.67335631867931	0.897871731991708	0.0539771073133656	0.174597176788369	0.135570072635634	0.172714134146256
MM_RS11510	MM_RS11510	3.68983916795045	5.07060730865701	13.6690129166648	3.51733886101301	0.162977900274193	0.521382220165959	0.98279208634913	1.14995036573426
MM_RS11515	MM_RS11515	5.89516538099502	9.97953271926048	13.415126601638	3.75189054505715	0.161733811495267	0.429228986998488	0.733581937851523	0.951098465403705
MM_RS11520	MM_RS11520	16.7514381359319	26.3927158703835	9.58034947086427	3.76297948827058	0.623442854221367	2.04748137677727	0.294866388405329	0.664954188450583
MM_RS11525	MM_RS11525	9.82886459198644	11.6931240268615	4.58167409156503	2.68289999121814	0.30469959026175	0.782218868723887	0.161631154052914	0.305327666691599
MM_RS11535	MM_RS11535	15.7997495107637	19.3490525727852	17.2055236595107	10.4691780702187	0.32656422352786	1.01173736664287	0.745642449128487	0.680784461641074
MM_RS11540	MM_RS11540	10.8570448599283	15.8116590079132	4.83614494154016	3.75416993893991	0.207973957935318	0.627342875778556	0.224243170043962	0.40256804658319
MM_RS11545	MM_RS11545	2.57836740844813	4.28636419206187	8.08966646409154	4.66892972074408	0.145740005934086	0.218247191472962	0.456012527742405	0.443301731858722
MM_RS11550	MM_RS11550	2.49898969046506	6.40383529632041	14.5605971382323	0.712251036630841	0.25893392293629	0.362160246622162	0.274199685775245	0.344639299692986
MM_RS11555	MM_RS11555	3.59375203298	8.66482234339992	3.18414019639308	1.67196621562547	0.145124772249617	0.243297100864119	0.246934527127369	0.271408379561973
MM_RS11560	MM_RS11560	2.45145198487078	4.44662610978725	0.780983274178095	0.922099019405057	0.0364735954784881	0.542501149758504	0.122127833389133	0.277277924183448
MM_RS11565	MM_RS11565	2.38653659210687	4.94561788033684	2.31011183802027	0.838751236600087	0.032884353946589	0.10130630636424	0.125142256245124	0.175373721844658
MM_RS11570	MM_RS11570	7.14332901072505	16.1704867014321	15.4263577946661	3.22695229438122	0.0568739271708629	0.866708996844063	0.212202397737991	0.367334872229353
MM_RS11575	MM_RS11575	3.67726983117585	6.5400198673531	2.13571732228395	2.28220308170873	0.0623633553961202	0.291780145697005	0.0427179530827054	0.0698428090080476
MM_RS11580	MM_RS11580	2.93266242714549	5.30106254862252	1.54127995560758	1.50437532052644	0.133873487599338	0.364298653521407	0.213970445568399	0.184036469814455
MM_RS11585	MM_RS11585	6.52882396018502	13.7347574983593	3.98144091226512	2.80135865384965	0.0863642797953842	0.573680966797498	0.29579130018902	0.207256960975507
MM_RS11590	MM_RS11590	27.2371564060239	43.4231408780039	16.0355819140614	8.96299976966604	0.667973513707894	0.848829379050374	0.584651401706359	0.546211232896908
MM_RS11605	MM_RS11605	1.07725685865707	0.84806655842905	0.477931625571352	0.164609201479412	0.00989595435645023	0.0914558012677173	0.0112963311142199	0.0738830917556207
MM_RS11610	MM_RS11610	2.97714366194602	2.02562196917686	2.42678600444939	0.402245254543292	0.0604540877627697	0.0798156052218261	0.128176418072109	0.0736922122557354
MM_RS11615	MM_RS11615	2.40503516272961	2.09265928498233	2.61902369716858	2.03963039540687	0.0828499560184204	0.114851471359459	0.0378339676883397	0.159059887254458
MM_RS11620	MM_RS11620	3.94091439901497	4.76158575899917	8.17439430948719	3.28756363658265	0.0431208435527451	0.107542846162039	0.0081747538442645	0.0763772505541226
MM_RS11625	MM_RS11625	2.22713684783752	3.9736702794864	5.48327961991666	2.9296823689251	0.512362526002336	0.85085250794966	1.88276509011597	2.04929503606905
MM_RS11630	MM_RS11630	0.37919407345612	0.385647071190061	0.625655495867406	0.265481621577612	0.0626993501758299	0.0724320493244324	0.0650737476592245	0.0911926810702234
MM_RS11635	MM_RS11635	4.30709184728764	7.08506974591326	4.05254116746647	1.23906208660504	0.161933592175095	0.187070256383967	0.110921737570882	0.15544272073163
MM_RS11640	MM_RS11640	3.14890241094058	4.9441934486597	3.59159077751347	1.64103217107599	0.0274040066613239	0.221604663221776	0	0.0876868609223292
MM_RS11645	MM_RS11645	63.6011795458079	71.8477640223397	43.4206132738736	16.2133985073534	0.79800576369055	1.77791241972242	1.52924293947727	0.607957569784819
MM_RS11650	MM_RS11650	2.07587881758146	5.30147207272969	3.9077399719122	0.917006319558888	0.218432930571281	0.38451841471427	0.142498451454316	0.321730578381746
MM_RS11655	MM_RS11655	3.18993313515864	18.6496121058189	19.6846156344659	11.0550644384084	0.0527466399444287	0.243735157263965	0.421522905710946	0.506323780070867
MM_RS11660	MM_RS11660	5.59708226810622	4.61210500853016	8.01278030363867	3.74270315025402	0.024999827798401	0.173285889538832	0.228331956892594	0.186654700287882
MM_RS11665	MM_RS11665	10.4188326783844	14.5337390314638	13.6336832280912	3.11333580361958	0.478547375706551	1.05652575157706	1.69970023341723	1.20230543122781
MM_RS11670	MM_RS11670	1.91468991967675	2.74360675603997	4.58109451030268	0.991511696905146	0.143526526810998	0.264499607006635	0.344281492360794	0.441968756684523
MM_RS11675	MM_RS11675	1.19361308086858	1.72843210513728	1.32327814198668	0.463682106961718	0.11294419115242	0.308146739741228	0.192040448794738	0.325509992479476
MM_RS11680	MM_RS11680	6.50133436005839	5.4126356110836	4.50032961370944	1.74659480345188	0.175001064823805	0.317691758137859	0.228331956892594	0.346643534441782
MM_RS11685	MM_RS11685	1.75457131903605	3.07901145116786	3.63404386655935	1.05034880819242	0.0255991698378832	0.069002528825643	0.0487073208527012	0.0637092144117319
MM_RS11690	MM_RS11690	1.4525185215188	2.16984122513843	2.69239769424531	0.747735654913829	0.0700889650944455	0.110200004061101	0.187996779594091	0.184271887864314
MM_RS11695	MM_RS11695	11.3836630629933	16.9801648261622	38.8620580348847	11.6780001979791	0.661351238218615	1.35171812607286	1.80045358107352	1.35631019306031
MM_RS11700	MM_RS11700	9.14568213367243	8.13269027961184	12.7684773844898	5.51476145293674	0.290819373483742	0.940694417217947	2.29087677496341	1.08563988089789
MM_RS11705	MM_RS11705	7.05141390513943	11.3480242936311	12.9870885014891	4.02246075946492	0.453411333808268	0.648507916571085	0.468338105201281	0.644803675912687
MM_RS11710	MM_RS11710	12.2641423085018	15.8214163649016	11.1494988639248	4.86231678337035	0.475003538874613	0.970845378107304	1.18885566410818	1.03274717147966
MM_RS11715	MM_RS11715	2.29611244788406	4.82397586645796	4.08414073047973	1.79973137652425	0.197919087129005	0.297232795095081	0.376585728317984	0.569963005332641
MM_RS11720	MM_RS11720	4.7797558860363	7.89213938013459	2.90660003070189	1.64623165333829	0.277084451745608	0.487767155377824	0.195824691519472	0.330717821501348
MM_RS11725	MM_RS11725	62.2737846318001	125.078237183885	716.316375942559	238.826931638714	1.12925348201936	5.59091959512648	7.5510643976392	12.0444455415653
MM_RS11730	MM_RS11730	60.7191033077574	93.4682999231253	474.793470442125	330.671140767121	0.848130282212244	3.23064289325962	3.85996423731735	6.13662321771392
MM_RS11735	MM_RS11735	14.8427147241374	21.2680869903709	174.558770056801	70.6032028715468	0.460355982667268	1.3198725785841	2.59675750918305	3.93029797973919
MM_RS11740	MM_RS11740	21.6682666198296	37.921954581441	202.757033186671	126.375100261734	0.5089322009203	1.82106673900719	2.01032960008729	3.73459877248174
MM_RS11745	MM_RS11745	23.8153122181747	34.4870711324843	252.61676951686	83.396582369141	0.321776297916996	1.92943670481893	3.74351558786831	4.13476491869138
MM_RS11750	MM_RS11750	17.4234410464559	28.0152993478622	137.440166764365	20.3028159487474	0.35625208659721	2.21881330421679	2.21040099022334	4.72488798053691
MM_RS11755	MM_RS11755	21.2812982478389	73.215423194449	209.403027124158	91.4289282050636	1.1341912431401	4.46829920227275	4.41574880387236	7.56845488490386
MM_RS11760	MM_RS11760	2.02211102343549	3.44695105607146	87.4161562989437	39.7932435966307	0.0995112106690257	0.473631190632814	1.01792181501137	2.8444958512664
MM_RS11765	MM_RS11765	0.64298241256951	1.31338832521021	36.0485922547256	21.0510239105018	0.0377267651974054	0.138670788101051	0.957320354208653	1.51806466258815
MM_RS11770	MM_RS11770	1.49265733135018	1.94877833154408	61.1877660376627	29.5379219568071	0.0539203514384146	0.112713064460214	0.961457078558269	1.14745302561076
MM_RS11775	MM_RS11775	1.68069684594032	3.02992197449437	71.7167216096752	23.4382351774258	0.0354769623143491	0.0717230896246827	0.445528314291914	0.599129392915122
MM_RS11780	MM_RS11780	77.5429622294564	109.68240984467	1535.70657834664	131.400502543646	0.736888767308353	2.83759102459837	19.6295353183544	12.3132961358288
MM_RS11785	MM_RS11785	169743.740913719	156296.58854833	617331.010623256	157321.425704928	306267.078511211	177523.160257012	231019.918294693	278639.382358444
MM_RS11790	MM_RS11790	1.87555484633426	4.6293762426155	5.1204964254855	3.1154098467021	0.0845117680369847	0.253190835210627	0.358459713240049	0.531309906605859
MM_RS11795	MM_RS11795	11.0701990861886	28.654205919899	53.8936615456561	36.1798621663413	0.107674975721972	2.23901289175966	0.491706227004461	7.005528970467
MM_RS11810	MM_RS11810	9.45128395171935	12.13088304069	33.900451087946	24.6481456644275	0.23225412123934	0.545705878157373	0.75949920676585	0.604598090586837
MM_RS11815	MM_RS11815	7.31486411551519	9.91805068699587	22.0694637332138	10.5831559783887	0.301373695989623	0.743592092887521	0.645644822075949	0.873047837900587
MM_RS11825	MM_RS11825	28.6755161194581	42.4287673809364	212.350415805409	39.0830460680023	0.466521940921941	1.2150647029711	1.97546775745995	1.30276531201747
MM_RS11830	MM_RS11830	18.7135992004278	34.9296598599681	42.5681235422419	14.1061460934246	0.272428199764631	0.589139746592041	0.741655176987821	0.506632368595682
MM_RS11835	MM_RS11835	3.43348433620302	3.05455573981094	17.6728940265236	4.96741121592167	0.221416019358704	0.314812690088875	0.894446091888693	0.77508529723443
MM_RS11840	MM_RS11840	5.09737591763979	7.82433643230266	12.5725541493844	3.80611958438684	0.328328196121336	0.887626189936679	0.834682127426692	1.00002406254932
MM_RS11850	MM_RS11850	3.47035368076026	5.34901693130328	4.15521126356506	2.41793585365716	0.176930764572138	0.425364292049852	0.464035009524721	0.448827693380403
MM_RS11855	MM_RS11855	1.62548335175863	4.48247282321231	4.08452711798797	1.01884799543426	0.074999483395203	0.324911042885311	0.371036257615841	0.313312792436803
MM_RS11860	MM_RS11860	10.861099742349	25.1815216153102	28.1976389654336	7.46832111392734	0.273288618828888	1.36057147646974	0.579429033952107	0.735655955208114
MM_RS11865	MM_RS11865	45.022762617228	78.49280011509	48.1944259844378	10.7169913089429	2.23683530074745	4.64931159975885	2.54380912941977	2.60684769258415
MM_RS11870	MM_RS11870	2.36198365337876	4.12626252290017	4.46455409339564	0.924739830696257	0.157860790588614	0.394279579360824	0.212896081575759	0.360272330733596
MM_RS11875	MM_RS11875	2.18870998114236	2.07399477866278	2.94595706599588	0.928087048740311	0.16587472013169	0.348404699277018	1.38583931521026	0.635301058143395
MM_RS11880	MM_RS11880	1.41702299136014	2.1215218318404	3.79299774302425	1.70438289295274	0.054531044652887	0.13096733575377	0.0966617409546542	0.128570068472772
MM_RS11890	MM_RS11890	2.82570192395062	3.99297132871167	4.51725140509576	2.19920439526418	0.0506920772712038	0.121459782707126	0.10931442136142	0.136170253893207
MM_RS11895	MM_RS11895	4.78163556232583	7.65195349127461	9.70724309151763	2.17229933341559	0.202439125010099	0.621342655880674	0.360264419159445	0.641402839489729
MM_RS11900	MM_RS11900	1.5081580046613	2.67633351873798	3.26234403732276	0.609526352314398	0.10178598613706	0.146982331898117	0.104582708029004	0.135705780443486
MM_RS11910	MM_RS11910	0.36149423213488	0.420590160769935	0.461896543979577	0.230674660935446	0.0143456149526059	0.0303843988392747	0.0218369416246927	0.0433519157489599
MM_RS11915	MM_RS11915	0.82761667790425	2.46224588901262	0.900832753335156	0.195399500468713	0.0473434806490968	0.0984502939152483	0.0702622771774883	0.124555236325184
MM_RS11920	MM_RS11920	3.61160895773054	7.11512970564994	7.86589855996313	2.13745130261337	0.205926205967087	0.561426915401823	0.691176988451713	0.513952597416285
MM_RS11925	MM_RS11925	1.23795054439485	2.73433014474258	2.21226167840262	0.419071699115676	0.0551099545773869	0.0727605916243164	0.134822811590884	0.0839710733245612
MM_RS11930	MM_RS11930	3.69765606538113	5.57056502193766	3.13362250653429	1.81526411105506	0.204616280373218	0.593762394390409	0.239163012261969	0.285791149878334
MM_RS11935	MM_RS11935	10.0907732548103	14.5546247609299	25.6713433165555	6.97563936695449	0.495674028531754	1.44922314038844	0.906227437718751	0.889005364091002
MM_RS11940	MM_RS11940	14.0357771478489	22.4767484278683	34.0178187704156	12.6219978267227	0.61988539597944	1.33208051877979	1.2897753830914	1.18304250836438
MM_RS11945	MM_RS11945	0	0	0	0	0	0	0	0
MM_RS11950	MM_RS11950	31.7597321067012	43.3404748758908	62.2041038875302	6.66728460530094	3.03453458271327	4.70909477053775	7.77779467802833	0.965828000144857
MM_RS11955	MM_RS11955	11.9414956071609	18.7006201139075	24.9263782933054	20.3625689246038	0.136436582912123	0.525388130664545	0.800446292165148	0.299127264270324
MM_RS11960	MM_RS11960	5.88314184257644	11.0020342906025	13.9710837354429	5.29849420414675	0.167647773665158	0.387345607663272	0.456401667456275	0.275095535234759
MM_RS11965	MM_RS11965	2.24069128408398	5.52760505282488	1.83529608094481	1.2325976434132	0.180501844224053	0.746283834186571	0.195221242977673	0.526897408833509
MM_RS11970	MM_RS11970	5.4931808981361	9.34618588211352	4.155117143531	2.60561005702051	0.380727490111064	1.31948639728424	0.900359323627714	1.40967373857825
MM_RS11975	MM_RS11975	6.90281830588837	9.98770984735708	5.69477229012959	2.50102900146982	0.263683254552187	0.981897656353403	0.361880194927905	0.457764035300035
MM_RS11985	MM_RS11985	21.8460131761544	28.4318743918422	40.2050023103034	16.0311866352766	1.10034657978934	2.0354780550315	0.963574788160561	1.51223329386665
MM_RS11990	MM_RS11990	12.7238269961011	22.4273429054165	33.1279980610651	24.6142340332744	0.369019888226179	0.928979290472082	0.245609196217812	1.02014912448723
MM_RS11995	MM_RS11995	20.8063285438399	28.2168964923187	26.9743410680458	15.3385342790215	0.408326736982219	1.35720247692092	0.311901120372629	0.742314468429115
MM_RS12000	MM_RS12000	90.8593052584272	171.512395157218	104.149742292947	78.4903246215334	0.983161589660582	1.59951971478539	2.02674396439479	1.74097056122925
MM_RS12005	MM_RS12005	10.4516737648311	11.1144085958819	14.6049623500753	9.72648172394294	0.454789366452077	0.655485117518622	0.504375826529222	0.378819455472455
MM_RS12010	MM_RS12010	26.0278536192429	37.0308790890602	33.9844606488713	24.7273700031634	0.35625208659721	0.823107975309453	0.351252168974461	0.518145583763766
MM_RS12015	MM_RS12015	5.8895636261605	8.54561966876815	8.47631156399924	6.57996533801916	0.183169370346748	0.359209129823204	0.143696888978915	0.256621580970855
MM_RS12020	MM_RS12020	11.3539609827015	13.0913595151905	13.2245533474158	11.4158740084775	0.228764770047355	0.495516718925089	0.282929950660324	0.543907953598291
MM_RS12025	MM_RS12025	14.8803961101511	14.4044718567633	25.1005697079156	9.08712611438441	0.297582403542899	1.0201497786899	0.566223662357526	1.26184710989205
MM_RS12030	MM_RS12030	11.01393393176	11.174697666617	30.9193178976427	17.9007906750935	0.354774163613487	0.662583360366117	0.405026765666467	0.895539805637077
MM_RS12035	MM_RS12035	10.7926939025375	13.2753871851792	31.2242965301046	17.6338510628342	0.426170784066803	0.846186630901307	1.04909247006294	1.2784154504821
MM_RS12040	MM_RS12040	19.1212892729305	22.6984478643684	45.5555330527111	28.4445562629786	0.400785016318735	1.26070326315499	0.737168790866322	1.68613406223719
MM_RS12045	MM_RS12045	15.6463562108416	20.2981068857746	38.4504711259518	35.1491243595727	0.585684305733989	0.809787602414155	1.04245171625017	1.70188798362773
MM_RS12050	MM_RS12050	10.3649477372742	15.9817673096068	29.2536162106973	27.2913965231336	1.09764272990667	2.22461466956474	2.90195865882992	4.23105726373354
MM_RS12060	MM_RS12060	129.003528278101	186.812598617406	53.8512530397842	44.1556420708274	1.77758038205423	7.11885743583713	1.35291189174028	1.70634820127505
MM_RS12065	MM_RS12065	258.469944148301	493.785766558676	70.2448279339119	40.6590559616876	52.4416860878472	84.969162967057	11.5004066956146	35.313954558188
MM_RS12070	MM_RS12070	7.08044239038695	10.5475871694065	6.59234056438875	2.88183973948314	0.483848374426971	1.04398638713149	0.757299721426586	0.854004426462026
MM_RS12075	MM_RS12075	4.19254607815953	4.69028850220925	6.93290647709637	5.89389242140403	0.500677626467432	0.756364895283013	0.879376797461736	1.10910851540879
MM_RS12080	MM_RS12080	42.9327942147681	94.4174521657925	62.7365409201928	15.7447920882017	0.364052614050471	2.94394938931082	2.90932693471646	4.17414654084272
MM_RS12085	MM_RS12085	1.64152449856375	1.75587022031822	1.42693402159987	0.51090868400293	0.0892860722378599	0.218670838122812	0.0897023437529831	0.114276375256358
MM_RS12090	MM_RS12090	0.318993846002065	0	0.231584820641176	0	0.210984289542717	0.670272402963402	0.843042991568894	0.45006522880466
MM_RS12095	MM_RS12095	5.51942181812138	6.53577773176462	3.83126001371157	1.01207141902605	0.1441031665005	0.54565688500739	0.0822579318354742	0.15369617330768
MM_RS12100	MM_RS12100	9.2023200284418	17.5393121269771	6.3625985149407	3.29442646032696	0.893650764157916	2.00894105944087	0.937510886890282	1.54565629429657
MM_RS12105	MM_RS12105	1458.10856698177	3406.60605863157	2065.31320362293	5539.89720407636	25.5990427047233	58.3883185071897	41.1050563841581	60.164550285611
MM_RS12110	MM_RS12110	2262.48102678084	2677.43826343328	6020.96309151766	2247.78351535123	52.775265337519	232.967272725716	89.974592100483	210.820808491367
MM_RS12115	MM_RS12115	113.846162132931	167.598640035151	483.179847836739	420.225709007834	2.77501947961748	7.59569623681881	7.22095266659866	12.0444073656653
MM_RS12120	MM_RS12120	2484.49924997449	8626.94412777367	11019.2421263998	21033.5616875308	33.4987612655182	107.561083141632	156.150169120559	252.832066166257
MM_RS12125	MM_RS12125	428.087608727536	466.901221138269	3361.11384874687	1419.41281098791	5.73873635180193	9.30182504596657	53.1285119728617	96.0225114184723
MM_RS12135	MM_RS12135	8.05807906812993	9.53173591345715	3.21043436169711	1.31413012514397	0.356971751091588	0.74495525523704	0.325371558149121	0.350034826889745
MM_RS12140	MM_RS12140	0.851165880143475	1.69814957795105	1.06042565529445	0.397990385962137	0.095000253727923	0.170718072089739	0.156659753215577	0.232675747710239
MM_RS12145	MM_RS12145	4.08716173411962	5.51767409322581	4.19258187077184	1.17297198505297	0.0734534533615387	0.390342835662214	0.150946731039489	0.407394116605291
MM_RS12150	MM_RS12150	1.05835626095257	1.63505170600268	0.932997036552764	0.540614730766916	0.024999827798401	0.144405868599027	0	0.146655901086908
MM_RS12155	MM_RS12155	0.887151297607055	1.74864568090571	1.47213145269143	0.383443335272514	0.0523902130497366	0.0242083799914547	0.0358854492659917	0.0447039788731477
MM_RS12160	MM_RS12160	4.73273202962599	3.24260297793855	10.7175968886936	1.41953669091167	0.211717575447083	0.316662901988222	0.224880456821749	0.255539930471505
MM_RS12165	MM_RS12165	88.3911784681721	164.73834116531	60.7157738816089	41.842352984977	2.20566724445938	7.13598486468109	2.93541339481073	3.36359265120459
MM_RS12170	MM_RS12170	1.57313197090731	2.39754108007847	2.48275770259751	0.97825014222508	0.0508941281860292	0.104522562563105	0.103291215355436	0.12665809214892
MM_RS12175	MM_RS12175	10.3800517083656	17.8654980783445	23.150932646649	10.9621555223439	0.661467020203515	0.943389040466996	1.06747791161679	0.805673737091057
MM_RS12180	MM_RS12180	3.04942866373177	4.35150078184815	6.63485805135267	1.03635209764747	0.0397677064606421	0.22204848352162	0.143767385303891	0.0848300310740452
MM_RS12185	MM_RS12185	172.396390570533	240.513597172703	154.946250368423	24.3085857951681	1.3311818041549	3.50921794406129	1.64024363293213	2.03903526295022
MM_RS12190	MM_RS12190	7.40724514652668	9.82709182171241	13.7023710382091	4.89747694738895	0.765500538988633	0.666649791814681	0.941156956818062	1.90928810422815
MM_RS12195	MM_RS12195	225.244376040194	226.275445519642	55.4558163340804	110.545880245518	12.2745181578902	28.5094569269865	2.88397081654894	7.91035824509849
MM_RS12200	MM_RS12200	21.1074814396775	36.7067674663227	14.8819477029342	13.0000527569966	0.333987891971446	0.707357335550312	0.273260674726559	0.379974276446761
MM_RS12205	MM_RS12205	15.1841768253906	24.485522041114	7.44827806147854	4.21400787892097	0.158335269703204	0.548737689556303	0.309876465919307	0.337754912397121
MM_RS12210	MM_RS12210	15.4555823796093	22.2739271624394	25.6893549188625	4.50044349615597	0.348042916844303	0.857244673047404	0.539784720638373	0.623367908075562
MM_RS12215	MM_RS12215	5.68007556739409	7.15784039921922	11.8021370874507	2.1548896925705	0.323864914115192	0.523794412315107	0.44368695028353	0.587231237422268
MM_RS12220	MM_RS12220	28.6550047509956	47.2417573180845	86.1058221384829	31.9408672020461	0.74813097101864	1.89314719043174	1.54551349128183	2.16584924002404
MM_RS12230	MM_RS12230	2.93013578012174	4.47350335499531	12.5381359390354	3.94431245892225	0.159602060832109	0.302904472693079	0.696295021645	0.492446840429203
MM_RS12235	MM_RS12235	22.3389755888852	33.1267522348613	36.7482657268501	10.1899091959123	0.401295819193294	1.11639826280593	1.15936846129704	0.899707341384574
MM_RS12240	MM_RS12240	19.9686425518748	31.4317987254858	27.9255924375197	11.1003155407512	0.938422068554235	4.47690182301971	1.74589224539477	2.29837687679444
MM_RS12245	MM_RS12245	27.5402768383742	51.8150510147615	24.4821664083566	13.706976993869	0.464676239868535	1.2167679354205	0.424396335916985	0.92515157871929
MM_RS12250	MM_RS12250	14.445823471791	25.7794891306762	9.79509671278119	12.2987715601151	0.367932445662119	1.07948624721896	0.440052159767746	0.759948552893523
MM_RS12255	MM_RS12255	11.2462443491013	19.282349108154	28.3797661850206	4.08512560966884	0.358778858150027	1.03326265118527	0.530747091776397	0.420396191872481
MM_RS12260	MM_RS12260	34.8534902466663	62.6675555900561	65.1219042022849	22.0271876885964	0.251982463372296	1.02386461223859	0.54559079796343	0.500454235449393
MM_RS12265	MM_RS12265	34.1028391242545	48.9404410579144	57.7390544255343	26.7514265938795	0.916078415703539	1.7402856805357	0.697222753281689	1.02049907023702
MM_RS12270	MM_RS12270	21.5095031965705	27.3568201943117	39.090536894402	15.632752691586	0.989263981335309	2.66659628530873	0.887376720420059	2.26099948939189
MM_RS12275	MM_RS12275	20.5087672674281	39.459664187707	63.1991111654688	27.2443629758446	0.559181582366886	1.94836823436225	1.08113727954422	1.5006564521986
MM_RS12280	MM_RS12280	11.3027943836475	10.0316268565029	27.5990058267126	6.0847125990272	0.528274603103589	0.953882220413292	1.90053298386303	1.42993241616608
MM_RS12285	MM_RS12285	7.17143096998282	9.65200246049779	10.8917684885597	1.9722999750213	0.77233394633273	1.11842139170521	0.906568639931636	0.812157277437162
MM_RS12290	MM_RS12290	8.0216410373955	16.8578194991427	45.1378382489365	11.2203430834966	0.458567037488814	0.911399395478288	1.54241729268886	1.20434466055159
MM_RS12295	MM_RS12295	15.1349990622973	13.1642948684091	32.7822753612284	15.5152140005396	0.518185678772305	0.659845507867083	0.544524893529787	0.615494128705292
MM_RS12300	MM_RS12300	5.19440821561701	7.79752595732946	38.3356545917738	18.9630375086524	0.155456611725691	0.179585832236608	1.09443006658177	1.32645345795324
MM_RS12305	MM_RS12305	17.4440828740377	26.0907808683195	47.9442846560293	18.7713630717002	0.821972634564844	1.72164810989228	3.85446270411619	2.47853531143622
MM_RS12310	MM_RS12310	6.51511776537128	10.7450979754891	3.85169396847403	1.6229613006541	0.712504173194421	1.71295326674535	0.754801331669422	1.11595790812968
MM_RS12315	MM_RS12315	59.96115179953	78.8724378651421	61.7702154842117	18.7219803112563	1.7993769082704	5.51063711400481	5.26659996839565	4.07022537845514
MM_RS12320	MM_RS12320	22.8021773478421	39.0840905192837	15.4201954092783	8.11675322885687	0.49659347370596	0.889620499335975	0.681964528703795	0.437546714937179
MM_RS12325	MM_RS12325	2.12791336914318	2.24965391254826	1.00413692124213	0.117054063157803	0.0703704742342023	0.10161755696413	0.160678043739233	0.262697911717206
MM_RS12330	MM_RS12330	15.1667139404288	21.079696998371	22.839276445455	6.83015243199424	0.61071818705736	1.70125543169948	1.68619313755175	2.04654318994571
MM_RS12335	MM_RS12335	11.4632378008708	14.1773017123532	18.1110772756067	5.53466815951286	0.327274807082246	0.795539241619185	1.22987042597945	1.1199218390773
MM_RS12340	MM_RS12340	2.47339041635198	4.44213915000425	5.20976680094592	1.44602283712775	0.124710819147254	0.345352714228095	0.249159391143624	0.393176775188831
MM_RS12345	MM_RS12345	16.620518416123	31.8311826596623	19.3655239505814	11.3439848003264	0.475003538874613	0.999489079147193	0.542285930248536	1.08563988089789
MM_RS12355	MM_RS12355	136.319510614639	194.095731136677	151.697821235082	60.9760452226681	2.90297673481193	7.82508504698784	8.77279954771637	8.80312393533724
MM_RS12360	MM_RS12360	53.3731260235178	83.16976127842	129.183615572518	59.8520863666185	2.73666839979561	5.89270298926995	10.4081761143721	10.0174865883078
MM_RS12365	MM_RS12365	93443.7909439746	96825.1422726058	215546.383214448	47427.0872425777	147671.119260132	167220.109806017	208788.465093869	231574.180719799
MM_RS12370	MM_RS12370	93247.2738976236	96838.5684803974	214835.826722044	47326.8102412318	147562.575674337	167597.846113389	207803.823451839	233164.951107118
MM_RS12375	MM_RS12375	7.39659009764467	14.3225848407236	4.85252182746614	1.64246962667773	0.145867139093976	0.745332790686907	0.211362081544272	0.233369276559822
MM_RS12380	MM_RS12380	24.4752516538151	49.7741742725922	6.85718443285421	3.64090254453869	0.410404002005425	2.14666368599225	0.429488990433281	0.279660736607017
MM_RS12385	MM_RS12385	31.8838360031373	64.2460395530803	13.8508131929756	9.19643845237283	1.2314117866961	3.81313398120401	1.11597092364156	0.737946509206739
MM_RS12390	MM_RS12390	32.408710313894	51.3292263345275	17.8297079106352	10.6388963996083	0.822894349974047	1.73895998353617	2.36008442711925	0.635072002743532
MM_RS12395	MM_RS12395	0.75330290369269	0.726940901033132	0.920801061613329	0.191888001784459	0.0390185289112893	0.0960294559161028	0.0406707398053904	0.0832330059250045
MM_RS12400	MM_RS12400	0	1.48850884586777	0.975648273038765	0.518399881196005	0	0	0	0
MM_RS12405	MM_RS12405	3.1430530500226	5.43644587683682	2.42901516315075	0.725056712534355	0.033529100686032	0.193672803831636	0.0191383423045958	0.0357612743035193
MM_RS12410	MM_RS12410	5.83655728728195	7.08223868795495	19.4003632242406	12.6547677074264	0.281554544456746	0.677073804961002	0.747827835202756	1.01428594251575
MM_RS12415	MM_RS12415	13.1805404106988	26.9700825426188	19.6284061593897	7.80830811285121	1.73236638183329	3.06647837546757	2.04154255293384	3.23350190938274
MM_RS12420	MM_RS12420	40.6192801178353	76.949610898216	59.5466395869782	19.2614081143978	1.64424266991443	3.4766230895728	1.89989287723224	3.25236080397141
MM_RS12425	MM_RS12425	10.3362014697132	14.2171813479641	6.3555494197584	4.15566360955429	0.383308747303834	0.484487496278982	0.262562152448139	0.168342993598882
MM_RS12430	MM_RS12430	10.0849478557714	16.2372435822511	8.98547617981963	4.74075732365509	0.265295121400794	0.542901740808363	0.233644559942816	0.468905035443343
MM_RS12435	MM_RS12435	12.2698239362665	16.1941233645747	7.28164101802296	2.67839459466068	0.273731314653505	0.530137584262868	0.193016117932411	0.20608623337621
MM_RS12440	MM_RS12440	7.61937167441905	12.3418725315176	3.36123447100104	1.00867080977393	1.04601758605128	1.94393579526382	0.56247607772178	0.865046805530393
MM_RS12445	MM_RS12445	24.993302153906	28.3606171971932	19.3548091277569	5.18413845050422	1.26097932731056	1.48040872132743	1.62685497089261	0.863825176731127
MM_RS12450	MM_RS12450	14.6209608457309	23.1388198200547	11.3480921357859	5.6562152981801	0.727247079271683	1.97545856435269	1.11074855588731	1.1110936622076
MM_RS12455	MM_RS12455	707.320696788776	1047.70782020094	343.093952053963	205.266618741714	11.1845964972119	24.0446477661625	10.1474186678434	14.3783896318383
MM_RS12460	MM_RS12460	13.4413148779146	29.8145212560045	7.59540253576823	6.399051283	1.0321055859833	3.27210838984499	0.783301585930885	1.35727095320973
MM_RS12465	MM_RS12465	20.1908517059831	27.7482184083982	25.3837323072202	10.2264944944847	0.525218866796229	1.65091929301725	0.804131840034915	0.803373639117438
MM_RS12470	MM_RS12470	1.35324711906637	2.39037440820286	5.3775332848102	2.1548896925705	0.129546419693076	0.435361776596323	0.363016595686524	0.615494128705292
MM_RS12475	MM_RS12475	6.74024760629207	10.4210709283824	10.8188749990253	2.18046818824948	0.290935155468642	0.793738022869821	0.969741806669497	1.00498374822134
MM_RS12480	MM_RS12480	4.07320527079141	3.9159184776763	1.74311789180062	0.568899749993182	0.241046741386744	0.450457430690994	0.186158235438706	0.249533588875113
MM_RS12485	MM_RS12485	3.05110865769593	3.19376277680857	6.41199667176282	1.70784921446094	0.141614988942649	0.194275131381423	0.313246190253179	0.368174742028849
MM_RS12490	MM_RS12490	12.6605063995092	29.0511193553855	25.7514444192243	9.60154629707159	1.8034270075069	4.35118540016409	3.32337159027391	7.14527503365806
MM_RS12495	MM_RS12495	8.41007374643897	10.0133140067537	3.07538697388279	2.1785009275831	0.317966843590287	0.686100072357815	0.208237684421318	0.249298170825254
MM_RS12500	MM_RS12500	8.20766242928385	13.3650150971143	5.16413839917211	3.01000738795041	0.429764566068698	0.757782814682512	0.23240664447623	0.386006068643138
MM_RS12515	MM_RS12515	4.1065868307321	3.88235085493467	16.5861642985531	1.20905212065668	0.258223339381904	0.441938386494001	0.655108248740782	0.489631367805894
MM_RS12520	MM_RS12520	40.9333138548751	53.6953854042189	52.590975876384	18.0730512473902	0.667932649477929	2.00620320694184	1.16923230708774	1.13985284019033
MM_RS12525	MM_RS12525	104.397809517748	118.312578436174	58.9156786934016	26.6954643937957	2.76467628896641	5.6865916892427	4.00308587628445	3.30836803056277
MM_RS12530	MM_RS12530	3.55575914253865	4.25937121178004	9.85223252714002	6.07518842891166	0.174390371609333	0.267286452655651	0.534700525681074	0.425145910094628
MM_RS12535	MM_RS12535	4.01302634278539	5.10043134689715	16.5016593690276	8.20744024926273	0.236018170866088	0.591609577741169	0.716832011037128	0.897687200010787
MM_RS12540	MM_RS12540	15.3612684236882	16.1846865047136	28.6197227350069	24.6519487612481	0.34833577715905	0.965216929759291	0.547846680362675	1.37959749204632
MM_RS12545	MM_RS12545	6.26546161003243	10.4946650812517	13.5423867950556	19.8710699982404	0.0904234599718772	0.371414188068895	0.273373468846521	0.587597089797049
MM_RS12550	MM_RS12550	1.22281994899343	1.44426688824556	1.14567859140642	0.382112662086902	0.120660719910753	0.139391275600797	0.121696395880277	0.225142370114764
MM_RS12555	MM_RS12555	6.85461765497385	12.5362184284676	7.64001047822542	2.95710902180633	0.178715169280596	0.581335425994796	0.17718264334271	0.316016918685179
MM_RS12560	MM_RS12560	14.6724975226947	19.8925533818964	20.432795599932	20.7333215804209	0.487028973659223	0.885623234687386	2.26524149134899	2.17402524526913
MM_RS12565	MM_RS12565	1.92367029945662	2.35290740374505	1.91793347084719	0.507939311431332	0.084822790231716	0.166582473841199	0.0435751883944185	0.131181936296203
MM_RS12570	MM_RS12570	0.773082103628835	0.9349435366877	0.74829885393017	0.204751175912042	0.0757486609445557	0.0984445300152503	0.0324283094891486	0.100991162064338
MM_RS12575	MM_RS12575	2.68047163748988	4.023698990797	1.07116029286299	0.682520347770825	0.21624669426817	0.570090057098765	0.259536450180152	0.230646062361458
MM_RS12580	MM_RS12580	2.76427964066527	4.58810333477032	10.0340972013689	20.349483971612	0.192690735928522	0.56426851810082	1.03852648087548	2.39455151281167
MM_RS12585	MM_RS12585	6.02500681624686	7.56066522616581	26.3273550002494	53.3020776033397	0.226991716513887	0.502606315922586	1.13735950863941	3.21464301479406
MM_RS12595	MM_RS12595	15.1032495725626	15.7283520115454	33.5299252822922	3.03005373307069	1.40752299643395	2.99392240229318	2.28629451383994	3.04854285531884
MM_RS12600	MM_RS12600	1.05887277256754	1.27116728002995	1.31962727540246	0.275059182901215	0.0437724009971821	0.0674232202262005	0.00555229055514205	0.0674345459844942
MM_RS12610	MM_RS12610	28.6576006212255	60.4799846418862	158.549616057565	47.5599065671914	0.812655590132893	2.73047758898618	1.93393132278385	2.60640548840941
MM_RS12615	MM_RS12615	5.56217247276866	8.49404633935765	32.2003955885697	17.0035226744546	0.152001314058676	0.241444007014773	0.856809513910287	1.13485497861833
MM_RS12625	MM_RS12625	2.01680746087353	2.75658688969792	3.28572543525701	0.542261644184911	0.062939995085622	0.188297967083533	0.103175601382475	0.179013157642472
MM_RS12630	MM_RS12630	14.1033443218938	4.40517959933143	8.62055299303517	0	0.551158571883818	0.976649625405255	0.798218608295893	0.528538972532523
MM_RS12640	MM_RS12640	57.8402885476881	96.8601788894793	64.6753046406827	46.2499655983725	1.45814923689021	2.77559451622025	3.1402080387202	2.95142336577717
MM_RS12645	MM_RS12645	0	0	0	0	0	0	0	0
MM_RS12650	MM_RS12650	49.6427726429643	60.7154921629566	3.05079192287779	1.60637306301001	1.38967894934936	3.11556662980024	0.0537802363980036	0.125611436224549
MM_RS12655	MM_RS12655	12.0484960468209	9.68226718228805	2.4760107822614	0.508764821648332	2.05757527506732	2.99147850869405	0.104193568315134	0.229838005811943
MM_RS12660	MM_RS12660	8.40734741708985	12.1644729201766	9.72944055849716	2.71796158685262	0.238138570354256	0.989652983800665	0.358064933820181	0.980070792161302
MM_RS12665	MM_RS12665	0.69741315203573	2.30347962454824	4.37597228028964	1.9182270022998	0.0988437615796023	0.123704821756334	0.29151640304245	0.448060994055864
MM_RS12670	MM_RS12670	6.19141407892137	8.97783230175376	17.645728012483	5.22335223931972	0.1791737567502	0.345015526078214	0.565016765273929	0.718992174868124
MM_RS12675	MM_RS12675	2.29734515343937	3.25259180507451	8.60696503232889	2.60376600683428	0.109482082780411	0.157827109744289	0.804520979748784	0.58914321374612
MM_RS12680	MM_RS12680	21.2609466252367	31.4374474873555	25.3901770527101	4.42703058506703	0.82776400404484	2.7292902255866	0.680295175728354	1.68753066391135
MM_RS12695	MM_RS12695	9.45473978716384	12.9126022424072	9.66613740506457	2.75809945426924	0.276482839471128	0.747229113786238	0.47231409792995	0.57099693595702
MM_RS12705	MM_RS12705	0.852603592886175	0	0.975876142594904	0	0	0.632907921226592	0	0
MM_RS12710	MM_RS12710	2.65249481248934	2.88411358694299	3.97050317357046	0.820516085537997	0.118751452277403	0.369342066019627	0.469285575808964	0.370229877977614
MM_RS12715	MM_RS12715	1.04760802698539	2.10727306372	1.1704172993055	0.0929787353366371	0.13598934661751	0.520569510266246	0.187441268553277	0.401728176783694
MM_RS12720	MM_RS12720	4.7145795750339	6.50306921937826	5.29967124821473	1.25490695435223	0.335295547330316	0.80374127131629	0.363651062611312	0.455969768001113
MM_RS12725	MM_RS12725	1.84972660315475	1.72443924509229	17.0910736980969	15.9104526857784	0.132073191245893	0.240910846264962	0.968176788255021	1.13435869191863
MM_RS12730	MM_RS12730	3.86431892143212	6.65585287079864	15.0515371432476	28.1071361490578	0.0912816088011358	0.275344384852807	0.845270675438148	0.995232987102195
MM_RS12735	MM_RS12735	9.3985438559413	10.0391540876468	32.6558672018033	27.7931547754774	0.663553366166712	1.39488397315762	2.71660126164295	6.56397060470723
MM_RS12740	MM_RS12740	14.9158490414137	13.423483566112	38.7906357900931	32.438555401529	0.164424039967943	0.975067434855814	1.27019714371896	1.68942037096022
MM_RS12745	MM_RS12745	32.7013567426706	43.086236078266	66.6840639443952	52.3870960426712	1.49164655428627	3.27466467949408	2.77969829234983	3.5537086330904
MM_RS12750	MM_RS12750	97.5142805244911	157.465918591712	196.056216806188	263.507350234908	4.93963633484232	8.34866331305303	9.8978419384559	14.0494438083609
MM_RS12755	MM_RS12755	99.0230136142495	160.143035547873	171.700567538348	344.541408610331	4.73326970328562	8.19139818355854	8.5904340145614	9.91805745681753
MM_RS12765	MM_RS12765	14.0662353585461	23.7150914604382	156.270018925324	104.351198185942	0.393107081555369	1.3623842230191	4.24478393639258	6.90066931720498
MM_RS12770	MM_RS12770	6.1628887931338	6.90655729732451	58.5368703247506	15.3506130130922	0.310241233891962	0.728951786892689	2.89952512569174	4.09698350301407
MM_RS12775	MM_RS12775	32.5757219484066	36.2513855618386	273.661662374069	81.4936540014598	1.53901046705035	3.21012052731687	10.297993178287	9.43854270250556
MM_RS12780	MM_RS12780	265.69909129761	328.27796075542	2168.7065576927	602.234197544988	8.74608941088368	16.0955091814685	37.2693175039556	41.327190085851
MM_RS12785	MM_RS12785	45.5095774767682	81.5133653540052	409.997929934777	196.137781772783	2.84412997342777	4.58618824893113	20.2260160033918	22.688099603947
MM_RS12790	MM_RS12790	33.631290644097	49.427970604812	349.662049279053	168.530654287251	1.38486832138852	3.91845772586683	10.9526305115769	10.0826783001686
MM_RS12795	MM_RS12795	10.4134732047713	10.1246600504162	7.59724530696135	1.8906607108744	0.407146214783239	0.813309345312912	0.280826340323028	0.398066471710894
MM_RS12805	MM_RS12805	1.37501515496325	2.18234506445434	1.42002858331166	0.905539530872997	0.0416292991590337	0.15907211214385	0.127953649685183	0.181020573716267
MM_RS12810	MM_RS12810	0.790025814544655	1.01436450538631	2.36162521876567	0.811534041535116	0.0570351138557236	0.16218750009275	0.208364577806275	0.233038418760021
MM_RS12815	MM_RS12815	1.63445574424548	3.84697153315367	2.28071666527835	0.326947223108073	0.0596685864534484	0.125696249205631	0.0721262000098645	0.0898469805960317
MM_RS12820	MM_RS12820	6.35472227190606	16.1660086443471	8.97404802621067	2.87318625676066	0.345457119181537	0.698394471053476	0.410821563579527	0.844387280992803
MM_RS12825	MM_RS12825	19.9446220993477	29.8417323523868	42.0082876722967	6.09526352314398	0.447860609238064	0.752554957384358	0.673981524863467	0.477682311113071
MM_RS12830	MM_RS12830	4.0861420230447	3.03367891304283	2.08590305583759	0.204344581327549	0.122844685978866	0.212872354724859	0.112196311126456	0.0523964227185271
MM_RS12835	MM_RS12835	19.2439261698828	25.3609198823482	14.8048336729252	6.16201074725684	0.284957626718806	1.04243877998203	0	0.253274827072866
MM_RS12850	MM_RS12850	1.82287864890033	2.44983552802553	2.05919773459531	0.476557602137316	0.0910205317763613	0.218921567772723	0.143096260290116	0.152786314358226
MM_RS12855	MM_RS12855	4.19515259811342	4.7030193603237	33.0376576894281	26.8257594765535	0.173781948629858	0.461743146887011	0.615029678065194	1.35307796686225
MM_RS12860	MM_RS12860	2.03805099786242	1.69357359118824	13.2458591509148	11.3714155602237	0.0706088489089964	0.229875859718857	0.516636547369119	0.756525447195579
MM_RS12865	MM_RS12865	1.35241377816181	0.835856508146554	9.63733667464301	7.13240006084839	0.060706083847552	0.0664404752765474	0.226155030377322	0.354415511412114
MM_RS12870	MM_RS12870	2.4346334082122	1.93124001651927	12.6336182367436	7.89872817721675	0.121228278660263	0.187609181033776	0.480483212068217	0.866071192179778
MM_RS12875	MM_RS12875	5.36595397013117	8.12526542949474	30.3383842790106	20.7520043962276	0.268870741522705	0.46591044658554	2.36354438674909	2.09343910174254
MM_RS12890	MM_RS12890	6.63688670981596	6.64908682033222	39.4090985338842	19.4534603968225	0.425864302342068	0.889335186286076	1.15936846129704	2.46327767674539
MM_RS12895	MM_RS12895	3.90414888926692	4.05490294722438	15.5574026041899	8.35200721263786	0.27256895433451	0.419839593901802	0.474953480337067	1.19857373700505
MM_RS12900	MM_RS12900	7.82253379711758	7.61405470596467	35.6912333464677	15.7393215428831	0.460387765957241	0.800314632767499	1.18635163464501	2.11382185100529
MM_RS12905	MM_RS12905	15.1804121479496	13.9752816897426	49.3636345843586	13.6568672915923	0.627527006982838	0.709835812549437	1.0596951173394	1.91032521617753
MM_RS12910	MM_RS12910	10.022468587377	11.3793751445752	30.7729761057415	14.8894977911336	0.622782215836937	0.768232765378824	1.21712751027671	1.44108614160938
MM_RS12915	MM_RS12915	10.1262048866248	12.533529813677	20.0991797086867	2.84445357278985	0.587816056397147	0.576176735496617	1.03711937422895	1.00693071912017
MM_RS12920	MM_RS12920	189.236902998169	345.691130554689	356.712021263773	230.034303213982	3.28440118706739	12.3812087935296	48.7450533056815	27.1028815676451
MM_RS12925	MM_RS12925	7.95458771253458	19.2481627479027	17.5050383763112	8.91413860025484	0.310772468881503	0.884404169837817	0.822080204373909	1.43096316546547
MM_RS12930	MM_RS12930	3.80122463147563	5.69164171449468	12.8712267395644	9.25804779946347	0.451013965650339	0.992163162249779	1.59946573871277	1.95487967277576
MM_RS12935	MM_RS12935	5.21702556700448	7.3127206360144	14.9047396122341	10.1049227137214	0.235323478956688	0.745076297136998	0.686563708945256	1.8359585630222
MM_RS12940	MM_RS12940	3.99303148593784	7.11976355994964	17.985258604816	17.8167652346477	0.263733199722143	0.506151114421335	1.18978903545086	1.79211354189853
MM_RS12945	MM_RS12945	5.36595397013117	8.48920772300436	26.1673459886659	6.29119693569334	0.905194909122942	2.19495364017521	2.90583031699763	4.74130679885204
MM_RS12950	MM_RS12950	1.90504126971463	3.1798968247014	16.9914847946922	1.14776312081443	0.135001794393363	0.294587164996014	0.890489838131017	0.575959802954039
MM_RS12955	MM_RS12955	113.347680500727	108.854783880808	138.650441421251	52.9566570222412	6.80369450844184	21.7999228495049	4.39664147995076	11.3642941635988
MM_RS12960	MM_RS12960	20.8229341260181	33.7177489377072	48.1125514621799	27.8751349219527	0.262711593973026	1.09900857651206	0.568036827835919	0.679282876241976
MM_RS12965	MM_RS12965	2.42193361231835	4.62114124698202	9.1430677926337	2.69790292068432	0.196897481379887	0.4433591878435	0.548636239202411	0.711894638797387
MM_RS12970	MM_RS12970	9.74115080252671	10.6191069936459	7.19988538422912	2.82548737287888	0.753577264778935	1.30376824198979	0.90108966555447	0.935039136813351
MM_RS12975	MM_RS12975	4.33929661272412	7.81228663058384	12.9564152777584	3.67492095810791	0.26364466055722	0.713230749648239	1.0477417604764	1.37039710015185
MM_RS12980	MM_RS12980	10.5403060929875	21.7794134489748	43.8563840778733	7.67784874945317	0.539289783314072	1.24188124771163	1.62277746345597	1.76191640501667
MM_RS12985	MM_RS12985	43.6225235909234	42.6480230268404	193.677144705319	47.5470269649998	1.88604312932052	2.72109684173949	5.91409743389197	3.37058838487539
MM_RS12990	MM_RS12990	91.9948800058178	85.2144083131847	501.786546350634	106.791841731091	2.53251751759699	2.31914262953137	5.07179324380883	2.33583697864694
MM_RS12995	MM_RS12995	71.4169827173449	69.2317640878266	312.475758821072	20.2963761476516	3.68721352323937	4.88720216242488	7.81907168622852	3.72374091026327
MM_RS13005	MM_RS13005	39.8071667756732	116.994894559188	110.383485527577	11.739022241781	0.780363767520792	3.89996137077336	1.80116136417628	2.87694218492191
MM_RS13015	MM_RS13015	2.59502623924641	5.21487107810849	5.58205611881688	2.11483807248998	0.105949597123463	0.28763013769847	0.29029258684086	0.468962299293309
MM_RS13020	MM_RS13020	4.06164233293669	8.18033751921222	17.6218760143785	9.19161681558299	0.107645462666998	0.177660689637288	0.245798126368749	0.169485089273196
MM_RS13025	MM_RS13025	2.74210691525563	5.33186143229171	10.5934822858879	5.68352284759718	0.105257175449061	0.28060394360095	0.175626084487231	0.578597121377455
MM_RS13030	MM_RS13030	82.1525861118422	164.8246394682	761.337421136603	492.686511111415	2.45861001723584	15.3708284444743	26.0872806714935	21.1327879882812
MM_RS13035	MM_RS13035	54.9400039439944	110.873430586116	330.189377100227	127.170773007458	1.10438305761585	3.86860287283443	9.5577676667697	9.15735811122446
MM_RS13040	MM_RS13040	2552.93372423141	6624.10595217538	2361.88162155319	2034.90616882263	647.085383432195	2821.29381350037	778.884133935801	1672.38212639868
MM_RS13045	MM_RS13045	1.41474395041986	2.20774891314636	3.02709348903935	1.72864714351013	0.0697552405497338	0.192413391682081	0.357551720574353	0.617679698978979
MM_RS13050	MM_RS13050	27.9108552850981	40.9660541024719	38.4635884864878	12.9832139913762	0.534379265013314	1.1037119189104	1.27560280191815	1.34717979031579
MM_RS13055	MM_RS13055	4.89316745955628	8.28386699404645	5.97535897271264	3.16938425103948	0.112079231618167	0.707501433050261	0.306176818784545	0.40985964347881
MM_RS13060	MM_RS13060	0.73023027660336	0.629162569095359	1.58813687151014	0.462836061664693	0.027824000135961	0.0390302488362228	0.129332557801722	0.158983535454504
MM_RS13065	MM_RS13065	11.9811871285835	20.1288933052282	19.3190187463851	5.41140428815553	0.215488435778825	0.835154526305201	0.658678182637588	0.422604031421155
MM_RS13070	MM_RS13070	13.8965985670626	17.6754877953118	5.787312098352	1.95556388480103	0.39187888442143	0.946573595215871	0.610069556639853	0.512963205341879
MM_RS13075	MM_RS13075	11.8067233496878	17.0970171885267	10.5110083676236	3.55557107300332	0.527252997354471	0.806646276915264	0.29283327439301	0.63835513014156
MM_RS13080	MM_RS13080	68.944737146325	132.580625349059	77.5521439064885	70.8908829146313	0.762215508946472	1.14852335944459	0.416170824718737	0.636236367692833
MM_RS13085	MM_RS13085	17.7455339621478	27.9578235296896	15.8108975780225	11.9803422882013	0.322909145181017	0.64064595697386	0.168294466689684	0.441742882609659
MM_RS13090	MM_RS13090	5.643288758198	9.59223419759474	9.46423011726749	2.76744702269657	0.426779207046277	1.20332363867524	1.09007621355123	0.964399585220715
MM_RS13095	MM_RS13095	15.0105543746926	28.2363622414566	28.0513615714504	13.6231692252715	1.00220432082413	2.58691036783685	1.83244763320081	1.8539362305864
MM_RS13100	MM_RS13100	27.7176240300482	83.5194815119032	43.1025370956197	20.42385381743	0.894774530481945	2.07691185016688	1.45660352622158	1.51989392446205
MM_RS13105	MM_RS13105	8.84684289037822	18.1599325573586	14.2110501928012	3.90153378021443	0.453985703262772	1.70448897959834	0.76783751208406	1.12534917952404
MM_RS13110	MM_RS13110	5.59316849452887	9.74759072873196	10.1099282267031	3.73609496150201	0.424672428968097	0.70863692134986	0.786493659525817	0.583801769074328
MM_RS13115	MM_RS13115	0.853876234906565	1.48955046153168	0	0	0	0	0	0
MM_RS13120	MM_RS13120	29.0185384052803	69.6715974302849	46.948034002904	45.4533852021115	1.24008635462361	1.3320516992798	2.80663634804982	1.51989392446205
MM_RS13125	MM_RS13125	2.65739901040055	2.91354145512293	4.64085082455711	1.86244140390422	0.121359952290149	0.316579325438252	0.406713037759902	0.626329721648783
MM_RS13130	MM_RS13130	9.02600053513567	20.575448184663	10.5139706718534	6.11529754721625	0.0843210682971495	0.477305676881517	0.0866371635430088	0.179868934066958
MM_RS13135	MM_RS13135	7.71368296790916	17.3382446930506	41.6328279953838	7.02334646486829	0.518984801491615	1.17877230663391	1.76744720171956	1.7169165629187
MM_RS13140	MM_RS13140	2.79745353098757	5.73759299012946	16.4603059982744	4.19470490369759	0.30589146363572	1.82290254115654	1.16264795033494	1.85411120346129
MM_RS13145	MM_RS13145	79.1782992383645	230.183053328752	516.556719082596	208.297111925497	2.31564196823436	6.65345421245141	15.7940530447749	8.86605054379944
MM_RS13150	MM_RS13150	29.7829542959879	68.1498770695948	78.0229075484135	27.8868193824869	1.36214099882316	5.49545500141017	3.34940729301419	3.62092366765002
MM_RS13155	MM_RS13155	9.7730414011046	13.0556641476311	23.8652046314245	8.9194695070293	0.984285355984611	2.9020919475256	3.16985315329928	3.91725454724703
MM_RS13160	MM_RS13160	1.42429142800379	1.24116518783016	8.3978352703394	4.81681515305123	0.0457225328604973	0.123246591706496	0.312366396117473	0.146299592687122
MM_RS13165	MM_RS13165	1.35184934278875	1.47033843928624	3.68032615488556	1.48729834797776	0.083823886832579	0.129114241904424	0.616715950158629	0.506632368595682
MM_RS13170	MM_RS13170	2.17679560239498	8.72982539271647	9.61496582865338	1.4233603228123	0.177273570056842	0.76994176172822	0.323036719865903	0.390883039865209
MM_RS13175	MM_RS13175	9.01434174976478	10.8919657841004	13.9005432467599	5.49473564289648	0.250420541693645	0.943596540866922	0.762375456824887	1.55169126781795
MM_RS13180	MM_RS13180	11.1077047517561	16.9970354388383	12.0960046022078	6.11031162978621	0.72833906230574	0.548737689556303	0.397675408897927	0.574181442280107
MM_RS13185	MM_RS13185	4.14943067046456	5.25328621990139	8.57379515085267	2.05683879246771	0.135714648182747	0.217754378023135	0.249624666888469	0.249294989500256
MM_RS13190	MM_RS13190	6.51317685316863	4.50217894519576	17.0974045088087	4.45674895287903	0.07223660740259	0.136552554851799	0.142444874247334	0.378221366372814
MM_RS13195	MM_RS13195	1.13395332690854	2.3257230154566	0.782068131412756	0.343079581975616	0	0.0649822085770621	0	0.119993216277924
MM_RS13200	MM_RS13200	9.64400135758527	7.65172647247606	8.78896840976584	1.46737932035363	0.644646849103047	0.587935091492466	0.309876465919307	0.398066471710894
MM_RS13205	MM_RS13205	13.2123537987776	12.2102238851068	13.9707617458527	4.74000984674219	0.284957626718806	0.603517795136966	0.0542201334658564	0.405240359581585
MM_RS13210	MM_RS13210	1.34656974210583	3.85649296864556	3.40200330680589	1.21481837112767	0.258282365491853	0.224584599520724	0.162685779074561	0.25648160267094
MM_RS13215	MM_RS13215	4.4791168393827	5.201160923216	4.32196224179871	3.025351199745	0.0937516244790018	0.238268098115894	0.149841348663859	0.249982155699844
MM_RS13220	MM_RS13220	8.55580989479066	7.79647543896757	2.64265773308899	1.04399525443273	0.102889320346107	0.356580791424132	0.276035410077631	0.109739805809083
MM_RS13225	MM_RS13225	3.41364123792276	7.38739201533955	10.4384665897954	1.90861658484815	0.185067286805108	0.245862036363214	0.19015114728537	0.17765155054329
MM_RS13230	MM_RS13230	0.253466094107005	0.756155104461503	0.736048388444702	0.139429086352908	0	0.242083799914548	0.0956945313759779	0.581123093425937
MM_RS13235	MM_RS13235	2.96562066055638	3.92105978576099	8.68557012182481	4.25274114686389	0.134118672979126	0.246931239812836	0.617248902375451	0.397853322936022
MM_RS13240	MM_RS13240	8.03348885536775	10.1518845008456	10.4882164583237	6.23832321164528	0.475003538874613	1.26018451215517	1.23905750705038	1.09868331339006
MM_RS13245	MM_RS13245	2.12436434861352	2.6398458110582	2.56965526246249	0.287832002676688	0.0458042613204267	0.117586441908493	0.133635653478282	0.119420577778268
MM_RS13250	MM_RS13250	14.8261836900273	20.1626256278825	9.50844176484444	4.71193839234818	0.389819781278209	0.870642858592674	0.247241891104266	0.595944886592034
MM_RS13255	MM_RS13255	6.42985075000515	5.97067897734869	7.78099238187137	2.91183738438348	0.188073077942511	0.28411704064971	0.619360972271744	0.624929938649624
MM_RS13260	MM_RS13260	11.5457145885437	23.431629556687	7.84049110445364	4.39560780561297	0.487028973659223	1.42741542474614	0.530273356472555	1.10625168556051
MM_RS13265	MM_RS13265	2.22614376107266	2.84143850416563	5.79270666240929	2.52292761080835	0.107581896087053	0.207814532476644	0.257706365583764	0.291565254749866
MM_RS13270	MM_RS13270	16.0780427739923	21.6123009051522	13.9208335446283	25.3630621544455	0.458676008768719	1.87771434818719	0.488057337223682	1.23016429423608
MM_RS13275	MM_RS13275	2.06347455152917	3.07793422471202	1.49804913785923	0.400627090237331	0.160564640471278	0.347790843927234	0.297875171555323	0.877686209747801
MM_RS13280	MM_RS13280	5.70654545644579	3.45258201254515	2.70553486952532	1.08909439718336	0.110726171559336	0.389308215612579	0.0824412222804128	0.205392704526627
MM_RS13285	MM_RS13285	32.0671497026936	53.9307905442625	60.5867204538582	79.3140072164113	0.430817955107788	1.20977632472296	0.877744102575282	2.33286243977372
MM_RS13290	MM_RS13290	5291.55453486445	3569.22882051594	650.033174176901	108.897804541994	102.506774397763	282.986405553909	6.63804675389872	21.4759638784751
MM_RS13295	MM_RS13295	38.7897054549574	66.8306797339513	29.6758535445367	76.4110615216786	2.36401613557257	5.40998501029034	1.89400220431721	5.75640079791731
MM_RS13300	MM_RS13300	18.0521954277347	22.1795719178757	12.8922947661353	15.2278953748635	4.15088177876878	7.32690540626369	4.78196875256582	8.94665259395103
MM_RS13305	MM_RS13305	34.4032412145487	27.0981300476959	45.8730544181327	18.8871850300565	3.22622414500765	7.94134290994681	3.24720172106339	8.27430500620488
MM_RS13310	MM_RS13310	7.49098392649594	8.43061461623494	9.09655763475135	9.40061875306018	0.924067372661637	2.81486108495639	1.41030999953607	4.02538460260708
MM_RS13315	MM_RS13315	14.9284316903433	17.1235961933524	17.4359493176271	16.6056103217965	1.63525707979219	4.15601974623298	3.38705797025759	7.425056660615
MM_RS13320	MM_RS13320	24.6628412175654	35.5441507827889	27.2439553361322	33.8820852799417	1.04719810825026	2.50964817031413	1.72531013835466	3.95523002374922
MM_RS13325	MM_RS13325	7.15465499222032	18.1919733673963	88.0945140601973	5.96827869528614	0.279913164553165	0.999489079147193	7.00128893782517	0.502108524448399
MM_RS13330	MM_RS13330	3.98962357425144	2.0234586135672	786.356121275946	1.93141873770778	0.105556846468802	0.152426335446195	55.5239658161481	0.140732273940467
MM_RS13335	MM_RS13335	0.50202266544079	0.970376274656592	646.79402825113	2.07120513445312	0.0553392483121888	0.0479470021330753	51.8540371121432	0.132807593370227
MM_RS13340	MM_RS13340	0.30778767390202	0.479980059008748	437.004029083788	0.26166620370899	0.0208203251670119	0.0427594921349064	35.7696858408214	0.0666201267849834
MM_RS13345	MM_RS13345	2.46226677961309	1.10182906171178	1669.22701721896	2.03172849661329	0.0814287889096483	0.0940668479667956	63.9113450361004	0.130275258671748
MM_RS13350	MM_RS13350	2.3502902564048	3.50575337624345	1047.65001983368	4.88424003480491	0	0.0498836725323917	34.0148180033307	0.23027702866168
MM_RS13355	MM_RS13355	0.548857489249745	0.380701622460986	1.25097414108661	0.856801571941954	0.483437461892326	0	0.170200687317046	0.207228329050524
MM_RS13360	MM_RS13360	8.90435938737923	10.8903632984636	3.88696421281553	1.76400444429697	0.691200287972826	1.02820194698706	0.35131420574044	0.585739195998165
MM_RS13365	MM_RS13365	14.1022580500438	19.6010656959144	14.6330992865725	4.27060255946953	0.329753903700104	0.925146296973435	1.16972296150958	0.904399795756755
MM_RS13370	MM_RS13370	72.0932721417869	208.892081953218	99.6235891141035	45.6753940592765	3.34329335315151	8.42102619557748	5.50627901375644	4.82274235615313
MM_RS13380	MM_RS13380	5.03062877234443	7.19628224910608	7.00494793263828	1.81464395163831	0.306819989749918	1.07909718396909	0.568231397692854	0.690859717910022
MM_RS13385	MM_RS13385	4.94270198840431	5.86032113316216	7.05395970195216	2.09151022158172	0.230517391465841	0.492251469576241	0.685830547165502	0.625839797599078
MM_RS13390	MM_RS13390	0.633623967586935	0.650115068796311	1.34256284159644	0.57752448360363	0.0282576150205864	0.156227627494854	0.139193583739422	0.179961192491903
MM_RS13395	MM_RS13395	0	1.01957703505485	0	0	0	0.09867220406517	0	0
MM_RS13405	MM_RS13405	7.88283253451882	5.14422816962026	1.43069882296217	0	0	0.18822303638356	0	0.173779878020616
MM_RS13410	MM_RS13410	0.601259456290155	0.74737704425112	0.363754116887748	0.110248737637559	0.049709065517053	0.0957095594662157	0.05674954160601	0.0706922227825374
MM_RS13415	MM_RS13415	26.0515492551874	47.5583328069801	17.9828312986745	6.1082416937197	0.282469449160956	0.652637750919627	0.161239194486045	0.451916759953548
MM_RS13420	MM_RS13420	2.96625165670457	3.41721604481113	4.85229891159601	3.15623358579155	0.231082679980352	0.579603374045407	0.644054424984481	1.00613856919564
MM_RS13425	MM_RS13425	3.19651200217199	23.3250998726328	11.489306862674	3.86156430045401	0.0829089821283694	0.826099439408397	0.627078909930162	0.281871757480688
MM_RS13430	MM_RS13430	3.59338195507031	5.75635097477782	2.46920441769325	1.7162398481591	0.537021818551031	1.23099900451547	0.487575142360844	1.16810936882335
MM_RS13435	MM_RS13435	11.7694200288768	21.0110393915328	21.1508868766158	12.7363700084292	0.297764022342742	0.749396340185473	1.34761902766105	1.5652628002598
MM_RS13440	MM_RS13440	4.77260992121888	7.47051650639873	5.54558212877664	6.24918216196244	0.194318494422115	0.577243056996241	0.467455491212576	0.86605210422979
MM_RS13445	MM_RS13445	4.39915072414753	5.71154369583374	3.88337774414934	2.78174765242589	0.123248787808517	0.427142455199224	0.242786523365757	0.286099738403149
MM_RS13450	MM_RS13450	23.3716793271046	17.8896065844801	8.03720692931956	2.0300035498912	1.52547986646204	3.52456432780587	5.22467157415268	3.14564007558551
MM_RS13455	MM_RS13455	12.9270689917298	20.8892104209963	5.829968288524	2.47812417321007	0.874437765369515	1.04759170658021	1.44198540827447	1.5544367512913
MM_RS13460	MM_RS13460	2.99000586613118	5.82394025785817	3.06443437413011	0.701437263489741	0.138139259160652	0.310766432290303	0.0415025964401121	0.131827745270815
MM_RS13465	MM_RS13465	4.52916255498369	8.86192807672436	3.86249300396061	2.24944141503704	0.0508941281860292	0.109188439611458	0.0581030710455571	0.395483235812446
MM_RS13470	MM_RS13470	2.24069128408398	4.53135308648321	2.25236176659706	0.68741180383275	0.213751706005326	0.633792679876279	0.390445305808346	0.471166957516985
MM_RS13475	MM_RS13475	4661.28470052005	11753.79238369	4033.57848716902	3733.91530650293	354.585627407605	4560.05421335326	224.197186701106	1064.26069292586
MM_RS13480	MM_RS13480	13.9559654536121	16.4801848561366	29.5510602867486	7.67715055673232	0.0961512628719286	0.222155115671582	0.219542475094535	0.410215951878596
MM_RS13485	MM_RS13485	7.61594778814662	8.06552387468563	9.31207765168473	1.32300127971472	0.0662795107677367	0.227466549519707	0.189169838441698	0.141384445565075
MM_RS13490	MM_RS13490	5.44723532628281	8.7867670490102	6.33972734666476	2.12296585716382	0.239900272712734	1.01433400359195	0.372480022351358	0.486160542232979
MM_RS13495	MM_RS13495	27.0661937238998	25.5179367666591	12.8838982683602	3.9624243995042	1.38247322346559	1.84277935029952	1.45688551152148	1.61063485738254
MM_RS13500	MM_RS13500	34.1697966015993	55.4790409449394	16.464615705097	7.31906804529053	1.00000673334603	3.98557545939314	1.45560811811291	1.7598771756929
MM_RS13505	MM_RS13505	27.1549751481926	42.3241517769484	29.2759474271989	11.9860715755283	0.483966426646869	1.5530338613018	1.62685497089261	2.38021328104528
MM_RS13510	MM_RS13510	2.17850222066919	3.08718857926445	1.15439707877173	1.20929854161698	6.33595572156095	19.7754624893195	4.04536675215231	19.5318052709429
MM_RS13515	MM_RS13515	1.86549618199737	2.89019858101378	1.47804120009303	0.92423056071164	0.0490257247826434	0.188785016633361	0.100744888097288	0.0871492169976522
MM_RS13520	MM_RS13520	2.95605987081743	5.06114819205099	3.52494883971484	1.2709777079797	0.161820080425193	0.344903130028254	0.150808558242535	0.237759505057185
MM_RS13530	MM_RS13530	4.9903009299117	7.53896935118335	16.2294047863016	7.48541040752404	0.642862444394589	0.631256563877174	1.50453538749954	1.93129332923993
MM_RS13535	MM_RS13535	8.30238107471773	9.03016236049274	11.2463781010859	6.27649792541153	0.429008577814351	0.649211112370837	1.12848825110438	1.32455738825438
MM_RS13540	MM_RS13540	0.739066885108955	1.50628753373809	0.785664507450949	0.25409697321182	0.0458269636704071	0.0983177242152951	0.072250273541823	0.0721556322816584
MM_RS13545	MM_RS13545	84.5374134232438	157.931632077204	245.706070414115	300.925342195222	4.46890991870401	11.6242963277468	13.6456634418538	24.7939236039071
MM_RS13550	MM_RS13550	29.8993451298025	58.7888503899451	140.070192598146	71.9337651677266	11.0365590134598	26.7929963270924	56.6411238979023	45.1625764155973
MM_RS13555	MM_RS13555	7.484093555055	14.377189538797	39.1199271134579	9.18210085949946	0.72750588606146	1.4989223681209	2.61153071904511	3.5117565003406
MM_RS13560	MM_RS13560	5.14510265583541	8.53795444580553	18.7696599223362	7.28809703759701	0.701870392463608	1.47422405662962	1.65113672506748	3.72033689251531
MM_RS13565	MM_RS13565	52.8286242713923	97.5044181776074	109.77267622866	62.5543180821721	0.826506293855927	3.3171244488291	2.49722233802236	2.68261412873864
MM_RS13570	MM_RS13570	51.627732104156	65.3330945874907	99.4135280591454	23.65141395018	1.1652026532133	3.25605016445066	3.33460306476915	2.99780390292431
MM_RS13575	MM_RS13575	38.2723738112379	52.3075749752271	90.1424322517637	37.3643748663683	1.44527019374634	3.62791681866939	5.00392784168054	5.79864879389193
MM_RS13580	MM_RS13580	19.278652257481	40.5924167708597	59.4961466655494	49.0946204149466	0.844093804385732	2.17641405583175	3.13279464518568	3.79289019042173
MM_RS13585	MM_RS13585	19.7778207968844	23.0140217997411	57.5763605161371	47.036196314301	0.847126838343111	2.43518434624041	2.53399604098305	3.76821901506155
MM_RS13590	MM_RS13590	120.844154359955	217.247807074027	517.347466071886	451.42562123839	1.5516783783394	8.15791280652036	7.80890611616692	12.1253784495167
MM_RS13595	MM_RS13595	19.4704005384611	28.3283894304979	34.9903561286445	4.03842473067626	0.963201683557826	2.40835339174988	0.798365240651844	0.633290460744602
MM_RS13600	MM_RS13600	12.0125931647184	17.3340025574621	16.3043639628993	5.31520154525499	0.345443497771548	0.84801955110066	0.295780020777024	0.782946351304708
MM_RS13605	MM_RS13605	1.57974544952373	1.4347810635456	3.06405294030788	1.24427388991535	0.0459677182402854	0.0603451510286989	0.17413438225073	0.18051474304157
MM_RS13610	MM_RS13610	1.13548688716742	1.12190909701049	1.67728835850649	0.667336709600431	0.0417859453738984	0.103816484813354	0.128244094544086	0.133504303544808
MM_RS13615	MM_RS13615	22.4789795232831	33.704920149915	6.71434985064313	3.75791964455245	0.191160597539844	1.58598895954017	0.265401744418189	0.556057433765994
MM_RS13620	MM_RS13620	6.49512557095473	11.7683162140186	6.84368068480997	3.40611676058227	0.204766115883089	0.656554320968245	0.353042775628862	0.334287268149204
MM_RS13625	MM_RS13625	14.8851725113741	30.3831988950092	25.2148859198072	16.9511869695032	0.215901618548468	0.498833843373918	0.492969521148038	0.598725364640364
MM_RS13630	MM_RS13630	2.84004443977455	5.33231992123779	3.62595945100242	0.888893795004832	0.153835663937091	0.243190468714157	0.221843475141765	0.207256960975507
MM_RS13635	MM_RS13635	4.82010502791707	7.31206628771271	1.48239053640368	1.15628107200875	0.409627581636096	0.691180950206022	0.388290938117067	0.238309874281855
MM_RS13640	MM_RS13640	7.90384444001028	14.4635056470828	4.80475838702503	4.05976478583812	0.826662940070791	1.68259480545607	1.13250654162803	0.587803875921925
MM_RS13645	MM_RS13645	5.648616282639	6.49585358266374	5.81892156873727	3.10728616904426	0.280571532702596	0.60560144498623	0.337172642950172	0.25200229707363
MM_RS13650	MM_RS13650	4.08081982346571	5.68658943338982	6.02266172035547	2.08238853903467	0.124299906612609	0.261548490207677	0.182450128744947	0.151516965683988
MM_RS13655	MM_RS13655	0.993174625088165	1.08584426748486	1.00470164144648	0.237286956703456	0.0222891672107429	0.0583652513793978	0.0407130376003763	0.038035921677153
MM_RS13660	MM_RS13660	6.77371702645592	10.3303212765015	5.86704167457061	1.6601872937232	0.404769278740293	0.755849026233195	0.373481070166023	0.632797355369898
MM_RS13665	MM_RS13665	8.90303615916975	11.1379072672058	3.66833823475825	1.2971476139634	0.329563203960269	0.900860104332008	0.254362019926883	0.737669733931905
MM_RS13670	MM_RS13670	0.8705084413948	1.59063169442083	1.80113050858199	1.00561518986623	0.0431821398976921	0.141342355750108	0.14789565009451	0.253316184297841
MM_RS13675	MM_RS13675	0.48235262517585	0.815424816277557	1.12057826442912	0.619124448718025	0.0918287354356631	0.214685101274219	0.176040602878092	0.255205891346706
MM_RS13685	MM_RS13685	7.640114674379	15.4874494554979	7.73391255009867	2.33745887503967	0.217710995841905	0.560170385202267	0.429308519841341	0.432749276840061
MM_RS13690	MM_RS13690	15.5462780917946	26.2139140841104	24.4128296653723	8.45900319359948	0.754417251728209	1.25887034295563	0.669881458602839	1.07286686103056
MM_RS13695	MM_RS13695	3.36713123069641	4.40378187574823	5.058966691642	2.06931180007482	0.29315998576672	0.527143238213925	0.259017597228325	0.58729486392223
MM_RS13700	MM_RS13700	7.09664860791438	9.54124399490207	11.5990111928969	3.19461365035805	0.28364543088994	0.398723546259256	0.696388076793969	0.752656955997902
MM_RS13705	MM_RS13705	0.83660504497713	4.40623011769332	0	1.68856677431758	0.0960263999470364	0.162504514592638	0.166684330627223	0.717321979244127
MM_RS13710	MM_RS13710	3.99678551365489	10.0174315045704	12.5131099173481	3.84757169692506	0.0963782863717324	0.186640845834118	0.227917438501732	0.308384920014763
MM_RS13715	MM_RS13715	10.2595793678203	18.4688205665467	36.2731180728124	21.9683382562611	0.161161712275762	0.935795102219676	0.784375949923526	0.710189448598411
MM_RS13720	MM_RS13720	4.20881353160008	8.10124595033894	2.67722455401806	1.23480311100788	0.576632878796809	1.23274834816486	0.370771191433929	0.650374175984341
MM_RS13725	MM_RS13725	0.146068952227315	0.43576035813149	0.318130668799936	0.160703429258681	0	0.0279030398901506	0.220591460410184	0.0257623698345253
MM_RS13730	MM_RS13730	27.3175804593919	55.0577786304718	31.4008161771362	16.9951731109164	0.68561778011265	1.73939803993601	1.25851167289087	0.989366623805718
MM_RS13735	MM_RS13735	3.10503087284019	3.78085119524036	29.7416335409708	20.7756813434963	0.083823886832579	0.308665490741045	1.28593474330669	1.06169086631228
MM_RS13740	MM_RS13740	2.32120319767518	4.97163156384064	5.4677597216692	1.12745803368584	0.0653305525385566	0.297166510245104	0.158489837811965	0.217748970819205
MM_RS13745	MM_RS13745	0.237411635146855	2.01853987293208	3.29202652385285	0.313439247467709	0.0235536881046504	0.0453503651839919	0.129969844579508	0.0376827946023651
MM_RS13755	MM_RS13755	5426.30494442873	5912.04521640894	5404.81533894538	4688.77630881991	500.620779783081	1407.77172501077	694.204470046942	750.913115881525
MM_RS13760	MM_RS13760	34.167506910935	57.2302773109579	154.960318836671	106.786802422453	0.827657302999932	4.96358824714792	2.82645427492719	3.82276601347878
MM_RS13765	MM_RS13765	11.2697642645994	17.9411710111926	4.67522940541807	1.82336725363288	5.88795435775301	8.73760552101574	1.4123261944304	5.84574831048864
MM_RS13775	MM_RS13775	3.16693239370644	8.66116778587826	7.06096916764644	1.69312966909911	0.162857577819297	0.329242613733782	0.360233400776456	0.434254043564157
MM_RS13780	MM_RS13780	39.487605831867	32.4637905728767	25.0775003921995	4.2744549404822	0.537298787220792	1.32237122923322	0.946776923845182	1.00910992674386
MM_RS13785	MM_RS13785	5.2023395975809	6.57301326607489	1.64166144877277	0.815464455851877	0.328210143901438	0.743952336637394	0.488531072527524	0.296887611471669
MM_RS13790	MM_RS13790	2.22401115383766	7.74058430103574	1.95096960280133	1.17244628700434	0.153227240957617	0.31862262798753	0.314876065286634	0.261485826892934
MM_RS13795	MM_RS13795	2.04002119680613	3.36897677579494	0.664948133243359	0.52674944473412	0.0447463318113407	0.147126429398066	0.0628742623199605	0.0807674790514855
MM_RS13800	MM_RS13800	7.5838814691224	6.44459184768261	2.51930599792779	1.76988158420009	0.258402687946749	0.548737689556303	0.164854246030835	0.344508865368064
MM_RS13805	MM_RS13805	1.7122120417465	3.92386413562536	1.63523651802686	1.14478553421083	0.178127178416104	0.34140156077949	0.235708692338125	0.237482729782351
MM_RS13810	MM_RS13810	1.51613731038328	2.85292298456259	1.65631445196971	1.11934667707601	0.0923622406602021	0.182718511885503	0.135570072635634	0.161840365302788
MM_RS13815	MM_RS13815	0.60043676510961	1.44880281286746	1.07694619811452	0.42744590474982	0.040882391844679	0.148429070797606	0.133348028472378	0.149496824310202
MM_RS13820	MM_RS13820	0.576573396011795	0.632941764388775	1.01585238863927	0.567556755759555	0.0150539282719939	0.0289837711397691	0.034749048507372	0.128442815472848
MM_RS13825	MM_RS13825	0.74171600395893	0.843321420404573	0.92309957191873	0.446876197469359	0.0116803590649086	0.121442491007132	0.0733415566524578	0.130809721271427
MM_RS13830	MM_RS13830	0.41700059372712	0.368642918044186	0.88607572273216	0.409391462391949	0.0246116176137364	0.0653943274269166	0.0590054240052551	0.133876518569585
MM_RS13835	MM_RS13835	0.350240136276745	0.524253176073898	1.27134369793102	0.589677143962352	0.0245684831487737	0.0709564909249533	0.104182288903138	0.170334503047685
MM_RS13840	MM_RS13840	94.0150501170506	108.825645350312	46.4975705662194	27.5826003859504	4.53412241902267	11.5796289847125	5.00997360651052	7.80672976461074
MM_RS13845	MM_RS13845	0.61207691346347	0.730390696501209	1.08423307022496	0.121214470370843	0.0323871724820186	0.0467682845834914	0.13403043289815	0.10794553851016
MM_RS13850	MM_RS13850	36.4665347207695	50.9947697767347	16.0735469635886	4.29859598055944	1.29210197889867	3.10971338935231	0.614634898645326	3.33049732724947
MM_RS13855	MM_RS13855	4.14329110456703	9.8883868973194	1.56413626282551	0.820516085537997	0.465868113242506	0.918082637525928	0.250284512490248	0.555344816966422
MM_RS13860	MM_RS13860	3.36706466992129	5.8530253721658	2.98442739149534	1.20646470057355	0.204648063663191	0.385913278513777	0.204430882872592	0.338645683396586
MM_RS13865	MM_RS13865	0.891523009317265	1.50126641207617	0.630633950300441	0.314375647116844	0.0377994127173426	0.087331730819173	0.0388378353560038	0.0564430681160964
MM_RS13870	MM_RS13870	5.71416000912009	9.95012265647651	9.36119344840467	4.83629062294682	0.387660787795074	0.758834726432141	0.561407353435137	0.666150366649864
MM_RS13875	MM_RS13875	68.0520426673656	181.03854907904	79.89710492554	35.0199915623442	0.725968936967787	1.81710117580859	0.41439995703533	1.41956447799731
MM_RS13885	MM_RS13885	4.66153063725927	6.02544392398578	4.60040893202845	0.995959595238534	0.125736965366368	0.26284248575722	0.205065349797379	0.415096104425665
MM_RS13890	MM_RS13890	21.6614827456289	20.3245523501305	33.9881610523155	5.25325131583594	0.346621749735531	0.800859321317307	0.791439681686162	0.698326287680537
MM_RS13895	MM_RS13895	35.9435427487334	36.8402456171688	21.9742291198057	3.12196053723003	0.278051571854773	0.963637621159848	0.0396781515497226	0.667270193049192
MM_RS13900	MM_RS13900	0.53887071054999	0.146925676148141	0.867697547660957	0.207626087115524	0	0	0.0831236267061845	0.0332830221300079
MM_RS13905	MM_RS13905	0.238364785446645	1.98516810954605	0.218110794712962	0.105862444544245	0	0.0278771023401597	0	0.0344982882792779
MM_RS13915	MM_RS13915	0.084481598219655	0.415346471658458	0.0311289628429765	0.0456576969273111	0	0.00810116144714039	0	0
MM_RS13920	MM_RS13920	0	0	0	0	0	0	0	0
MM_RS13925	MM_RS13925	0.163220332761525	0.240617669712114	0	0	0	0	0	0
MM_RS13930	MM_RS13930	0.091680811657175	0.188038335429634	0.0166394312841436	0	0	0	0.0129797833546566	0
MM_RS13940	MM_RS13940	0	0	0	0	0	0	0	0
MM_RS13945	MM_RS13945	0.512978569026365	0.0765186891564378	0.0744836227414059	0.0564386139403714	0	0	0	0
MM_RS13950	MM_RS13950	0.166553696379785	0.326092473038578	0	0.0229007212437426	0	0.00397709099859614	0	0
MM_RS13955	MM_RS13955	0.283200123570845	0.595924346179064	0.0621489445938866	0.0156970151710158	0.0047175483259242	0.0054497674480763	0	0
MM_RS13960	MM_RS13960	0.090184525432365	0.228438778872556	0	0	0	0	0	0
MM_RS13965	MM_RS13965	0.428813800096305	0.4691410242155	0.0944717457635909	0	0.0148427964171763	0.00923664974673958	0.00847365826216447	0
MM_RS13980	MM_RS13980	0.038996626930235	0.0290851143076303	0.0683162836676463	0	0.0193446724182869	0.0692936057755402	0.0147224525080735	0.149827682110003
MM_RS13985	MM_RS13985	0.42807098184591	0.492546217210529	0.453361342996373	0.0266339987922652	0.216153614633251	0.147973722697767	0.310747800496015	0.477440530413216
MM_RS13990	MM_RS13990	0.996012776539495	1.98862680771211	0.810096086817843	0.153635254714118	0.0395838174258009	0.0455607475339176	0.00753182736047964	0.0562935458411862
MM_RS14000	MM_RS14000	2.60315464110468	4.66034427754635	5.76447560587808	0.912197003817062	0.14009847196396	0.342191215079211	0.461550719032552	0.58276783844995
MM_RS14005	MM_RS14005	2.35839203395302	2.26545175011756	8.06546275428078	4.51039068892002	0.0583132561596193	0.189462274883122	0.303734826087362	0.513109546291791
MM_RS14010	MM_RS14010	2.35222051888343	2.55389471338969	7.59619017184271	5.58851935337009	0.110648983569403	0.209166167026167	0.275609612274773	0.454178682027189
MM_RS14015	MM_RS14015	4.68675450860064	5.4038174887323	3.7806184817027	1.62893290192534	0.209361071519119	0.362791393671939	0.188899132553789	0.226904824163705
MM_RS14020	MM_RS14020	36.5171448717436	65.0363721150952	61.2930170041688	84.1283910159876	0.555512882610056	2.65067351156435	1.3235431227551	1.90630720270494
MM_RS14025	MM_RS14025	21.8944001972393	29.6597478515851	19.7841500473246	7.43142778915465	0.42365082321898	0.756364895283013	1.40700513182118	0.780484005756188
MM_RS14030	MM_RS14030	3.76554273114662	9.26479296581187	4.96015056325376	3.608958174052	0.102703161076268	0.333692344532211	0.212518221273885	0.22593133871429
MM_RS14035	MM_RS14035	61.6098621993763	114.873573038052	64.2960752087215	21.6864532127596	3.24417262290214	5.60413909977181	3.66907710839922	2.94277334310737
MM_RS14040	MM_RS14040	9.41288104690323	16.4369489033864	15.8401738623003	5.72379213952597	0.557612849983241	1.13418277624965	0.516893153992033	0.716739796769477
MM_RS14045	MM_RS14045	3.73593916080203	6.92328101548395	4.75497879638068	1.97757338357169	0.211715305212085	0.395092289260537	0.464816108805459	0.607957569784819
MM_RS14050	MM_RS14050	7.40849648909903	13.080133213035	19.7575388461164	8.44187693685873	0.150001237025404	0.447656175291983	0.39957880967229	0.81327710383649
MM_RS14055	MM_RS14055	6.63863858941725	7.6311790455333	23.6997366578656	9.53177220216307	0.266875204959429	0.54098236210904	0.845045087198224	1.0956133347669
MM_RS14060	MM_RS14060	4.05161295534086	6.08999293570524	16.0572840124407	4.79721647267549	0.25260223752676	0.659756167417114	1.00934100233525	1.43496845363806
MM_RS14065	MM_RS14065	17.2917705211036	34.7131818558345	24.4396637824507	14.7854752897596	0.69469190939981	1.55361601520159	1.10829528377813	0.978432409787286
MM_RS14070	MM_RS14070	8.4975212927982	16.848226842067	8.02179601216416	4.87621081851518	0.381699150690225	1.24642031896003	0.482245620192627	0.618815432003297
MM_RS14075	MM_RS14075	1.69044933071163	2.35554260234776	2.40287951579882	1.11432379650192	0.0646404010991529	0.230809611518527	0.164363591608999	0.25070431647441
MM_RS14080	MM_RS14080	5.46858536051191	9.20349343885589	4.21160897870944	1.80776059281397	0.166344658776284	0.345897402777903	0.202566960040215	0.236560145532906
MM_RS14085	MM_RS14085	2.26577670901309	3.14987692710564	4.6410093425092	0.712226394534812	0.120422345235959	0.231861523268156	0.198582507752549	0.37105384115212
MM_RS14090	MM_RS14090	5.12294856744281	5.39318321599264	11.302349799234	3.57312856642459	0.228265318347786	0.563980323100922	0.616095582498837	0.796536971696545
MM_RS14095	MM_RS14095	512.072218938781	644.837593945992	154.958812916126	70.1191294301203	5.56748117472488	17.7638123968796	5.22107062187288	5.26661036386151
MM_RS14100	MM_RS14100	13.1527313188516	16.1834000648552	6.200692241618	3.13228557546654	0.165402511252098	0.235172883816987	0.464816108805459	0.135705780443486
MM_RS14105	MM_RS14105	6.49501907371453	11.6537073315457	6.75310748993076	3.92607320084416	0.34305748078861	1.21288306682187	0.946847420170158	1.01125095846757
MM_RS14110	MM_RS14110	11.5588297236743	37.3564685596628	27.9717063005218	19.6809931905141	0.273038892979104	1.15655247214175	2.18199661096384	1.16487714262529
MM_RS14115	MM_RS14115	0.55017006773521	1.28351977348016	3.51820687306473	0	0.0722139050526096	0	0.115419403104377	0.117168199679621
MM_RS14125	MM_RS14125	3.00052513103193	4.60423947486294	4.26264680559855	1.36513926392577	0.0969912498212028	0.19043061008278	0.166092161497421	0.111406820108081
MM_RS14130	MM_RS14130	1.5061398819595	1.9330695209546	2.89966487029766	1.82976598456863	0.114290440506257	0.169158937140289	0.114164568519797	0.281884482780681
MM_RS14135	MM_RS14135	0.96963074771095	2.05783193047622	0.27176416781167	1.230774128307	0	0.300751656043839	0	0.210358752848644
MM_RS14140	MM_RS14140	3.59280953240423	3.0123213405837	6.90437324571897	1.31759644665217	0.660086717324707	0.448561107591664	0.203912029920765	0.646060299286932
MM_RS14145	MM_RS14145	4.86417358591183	4.96845775201001	3.64645780368292	0.610770778163905	0.428377452484896	0.464576103736011	0.499035024949009	0.279733907081973
MM_RS14150	MM_RS14150	4.3635673337657	7.82609916650312	3.20747205746731	2.91046564103782	0.351743399891106	0.916880864376353	0.535419588195833	0.432882892489981
MM_RS14155	MM_RS14155	2.13891187162484	3.53917410446838	3.18778610929131	1.68880908826187	0.043352407522545	0.180937466786131	0.137301462377055	0.16108639127824
MM_RS14160	MM_RS14160	0	0.504115273238312	0.613385215637926	0.650690973732266	0.027942052355859	0.258228483808849	0.127595528354303	0.26821751058889
MM_RS14170	MM_RS14170	5.27373002254897	9.35175006835236	10.8789334881259	2.93644251726929	0.19141940432962	0.307129411391587	0.109266483860436	0.260878193818299
MM_RS14175	MM_RS14175	3.21437957664655	4.67789594661812	3.33964630739988	1.28128631815219	0.00962806662668168	0.111231742160737	0.0659535417949301	0.123234986450977
MM_RS14180	MM_RS14180	11.5953689267869	7.95528621692186	8.71815051466667	3.03097781167181	3.85453665329981	3.46784755182589	0.493389679244898	1.90609723525507
MM_RS14185	MM_RS14185	1.1352099943429	1.51234136836594	3.52259583886341	0.770209246493054	0.0399152717355146	0.110669761910935	0.113924881014878	0.20435559257725
MM_RS14190	MM_RS14190	1.68981300970144	2.64659850747765	4.72989828414739	1.90043540896624	0.0465693305147657	0.132702269653158	0.0673437293234649	0.152321840908505
MM_RS14195	MM_RS14195	1.31394431257056	1.17983450143124	2.34372259755076	0.270898775688175	0.0497612809220079	0.0679390892760184	0.149773672191881	0.0671959466096375
MM_RS14205	MM_RS14205	7.84034546054103	11.7589950892314	4.76689736490395	0.602002298993283	0.271431566600492	1.20199794167571	0.0516456076777179	0.289503756151104
MM_RS14210	MM_RS14210	0.982514251344145	1.15149721375411	1.4673362846405	0.648571753473699	0.0974770801107831	0.225215746570502	0.392140037460779	0.470327087717489
MM_RS14215	MM_RS14215	2.68480341273501	4.46136897764566	3.95912455682152	1.1998236556935	0.127546342659804	0.396311354110107	0.165697382077553	0.304917275766846
MM_RS14220	MM_RS14220	0.353919615925655	0.50698639333755	0.255020709121463	0.0515307298144258	0.0503401908465078	0.0536820826310509	0.053049894471248	0.0412999611251924
MM_RS14225	MM_RS14225	0.375719600994595	0.315244535547349	0.306861033143065	0.155011105075785	0.00776647392829003	0.0358860413873327	0.0265968534870999	0.0372724036776116
MM_RS14235	MM_RS14235	0.94633980127921	1.15756440242893	1.31434664612324	0.425774349235795	0.0745613280405815	0.144503854898992	0.110445182414042	0.126110904249249
MM_RS14240	MM_RS14240	2.90414512865093	4.90329890547877	5.21607779691377	3.46480191227736	0.757718173415357	0.92218653432448	1.44530155540136	1.1540542749818
MM_RS14245	MM_RS14245	0.806005725436665	1.43345901289525	2.16053528915908	0.306954269195853	0.143526526810998	0.142120482249833	0.538383253697842	0.218690643018639
MM_RS14250	MM_RS14250	3.05827592196139	5.69417453207059	6.25655495867406	1.51033049373366	0.0630535068355239	0.349638173876582	0.187159283253371	0.336259689648019
MM_RS14255	MM_RS14255	5.21493822109656	6.11790289387923	2.03136297294434	1.17764166225063	0.226912258288956	0.387962344963054	0.233148265814982	0.29042634040055
MM_RS14260	MM_RS14260	2.98041312722016	5.18660501201521	1.68290088474791	0.728674993634738	0.164271934223075	0.885603061037393	0.187539963408244	0.99285971865362
MM_RS14265	MM_RS14265	2.16523000210926	3.28007443374535	3.85976352297295	1.01419063928462	0.0460835002251854	0.085997387969644	0.113312972914082	0.11342378015687
MM_RS14275	MM_RS14275	3.86895155138082	3.95639904540106	6.59838406131244	1.17358803745372	0.193324131492974	0.301613359093534	0.304893785669974	0.233830568684545
MM_RS14280	MM_RS14280	3.83813923735996	8.54856201045124	6.25655495867406	1.55612782920514	0.0217556619862038	0.100531061814514	0.0620931630392219	0.150829799484401
MM_RS14285	MM_RS14285	3.12440272083257	5.8961812006342	9.02788963937749	1.74994612851194	0.7459787882405	1.0496004257295	0.414901890869162	2.40734998327898
MM_RS14290	MM_RS14290	7.91453143806435	13.7954560932015	28.6013891431097	5.80501248804036	0.203571972274121	0.167980219590705	0.830029369978249	0.713418493471472
MM_RS14295	MM_RS14295	8.33554431531601	15.6961242448501	27.6416620168846	3.652714322569	0.805949315948687	1.25490189780704	2.85366303651508	2.98995557415403
MM_RS14305	MM_RS14305	1.53893570707909	1.72163934657691	2.56965526246249	0.677251046236441	0.15268011432309	0.0881905519188698	0.0581030710455571	0.0814228320010918
MM_RS14310	MM_RS14310	2.95280904256032	3.82974481255824	6.12200293946003	1.18443877373886	0.322677581211218	0.565398242500422	0.482603741523507	0.581616198800641
MM_RS14315	MM_RS14315	4.63025239781253	5.40238860570617	8.4271957672793	1.06425105736926	0.426534021666489	0.515142798418161	0.697222753281689	0.568668206058419
MM_RS14320	MM_RS14320	3.11204904096937	2.49954374220877	2.60687725908918	0.526745337718114	0.0791676348516018	0.32009530443701	0	0.0422193640496401
MM_RS14325	MM_RS14325	14.5444132919062	15.919924718074	27.2381298013926	8.49689863027739	0.219232053290591	0.683811804058623	0.513086352443307	0.584574831048864
MM_RS14330	MM_RS14330	3.17292020103669	8.78184385702608	5.22593563205978	0.998058280417077	0.0875016675294015	0.178421524437019	0.18551812880792	0.119993216277924
MM_RS14335	MM_RS14335	2.93920135769377	2.20118317338454	4.11389752229987	0.649417798770723	0.0780824625225394	0.248060964212438	0.0668558947546281	0.187383223712445
MM_RS14340	MM_RS14340	2.29814654517188	1.95884283161288	2.80055152074924	0.361199736589568	0.122143183364472	0.282209189750384	0.123952278279522	0.0434250862239159
MM_RS14345	MM_RS14345	3.63269541129014	5.97116862573771	8.03707317979748	3.44782350811279	0.067589436361605	0.130134452204064	0.212199577884992	0.12014910120283
MM_RS14350	MM_RS14350	8.97066190669675	14.1702507755513	27.5530851574646	4.93473168957008	0.228201751767841	0	0.13026310929141	0
MM_RS14355	MM_RS14355	27.1609230190577	23.6437096280174	14.4124175288239	2.53969245014066	1.0178644018406	2.29294282209062	0.987732468803477	0.624242772450037
MM_RS14360	MM_RS14360	11.8331293403954	13.4287806714113	2.36483025360962	0.987659315892479	0.432593278876254	0.7986114003181	0.116203322238115	0.208080924150012
MM_RS14365	MM_RS14365	0.79118397203183	0.890363276542167	0.246158564862061	0.147663653442884	0.0303689335687623	0.116044598659038	0.0293377506021828	0.0573083885155766
MM_RS14370	MM_RS14370	0.593123067138875	1.15250766997508	0.496210726922495	0.261559421292861	0.113019108907355	0.22706307651985	0.230004129721034	0.120543585502593
MM_RS14375	MM_RS14375	23.112031068204	55.5724525035169	111.906991657806	82.9632839665841	0.226705666904134	1.79587273211608	1.25711584565633	2.83253088794859
MM_RS14385	MM_RS14385	48.0917761234325	53.7813053424445	20.7806979216101	10.0741118796521	20.6372012013652	16.315171410391	6.63815108845969	14.8053997983819
MM_RS14390	MM_RS14390	1.30472431400025	2.58634504753457	1.17154673971419	0.755497915163232	0.13625496411228	0.341049962879614	0.213888669831427	0.175605958569519
MM_RS14395	MM_RS14395	43.227219147456	23.1150540677913	14.2108173695591	4.26230228012348	2.15779706929074	6.62137522701274	4.15704985003293	4.38718396933976
MM_RS14405	MM_RS14405	28.0086490383428	35.4970510591144	11.8021370874507	10.882196027743	5.27901376469911	12.122130134471	6.76623727123583	2.27984247735557
MM_RS14410	MM_RS14410	4.97313889965347	5.85172557826041	5.04560660049185	2.37887402443384	0.240054648692601	0.578240211695888	0.355693437447975	0.675509824794242
MM_RS14415	MM_RS14415	2.67064726708143	2.50330958345521	1.27881385642358	0.489695946337232	0.100219523988414	0.148339730347638	0.0643603248504632	0.157001569980694
MM_RS14420	MM_RS14420	5.79245678011513	6.90190118627986	4.92319111198522	3.03097781167181	0.0642431099744961	0.202402230378555	0.0800105089952262	0.105893583886393
MM_RS14425	MM_RS14425	121.163707316468	183.027398454202	90.6418430598441	44.9983976480324	4.98323619797965	12.218488132687	4.99246231938638	6.29127696984603
MM_RS14430	MM_RS14430	36.7577833732685	56.8327540406597	64.8406487720915	51.1210796100255	0.503238451545219	1.41597696520018	1.19454330760727	1.05754878116476
MM_RS14435	MM_RS14435	7.90646427211921	7.68890859059845	13.6610969264319	4.24058848650517	0.307226361814567	1.13271586370017	0.77611378063629	0.920303239422203
MM_RS14440	MM_RS14440	6.86393083862934	7.50817046751416	13.7865638855164	5.43299076427768	0.283740780759858	0.84495892020174	0.647864046386206	0.645618095112197
MM_RS14445	MM_RS14445	3.55857599454194	5.05529911947673	30.4213535658752	11.9051633602303	0.0560407509265827	0.198111006830069	0.228489868660541	0.789833919925571
MM_RS14450	MM_RS14450	19.0058675640017	19.2300991736969	25.5848370978848	8.46564013146352	2.74823297687562	7.3050803989214	6.39121656133232	8.00658696364069
MM_RS14455	MM_RS14455	0.38952430575552	1.00318271672075	0.659939956694306	0.422123212007372	0.0273290889063886	0.0699074611253236	0.0356570411730681	0.0812001392512256
MM_RS14460	MM_RS14460	2.48162531545045	2.54030474491997	10.861095264829	2.21945609118471	0.0960672641770011	0.23737469361621	0.441749711273178	0.43256794131517
MM_RS14465	MM_RS14465	13.753570111043	18.6547534139035	51.2531834344084	9.33785944148815	0.143939709580641	0.216169305523695	0.345090790171523	0.312167515437491
MM_RS14470	MM_RS14470	2.95476060448699	4.54512556026157	3.66455361865195	1.62540497517706	0.0814287889096483	0.305725901742083	0.278889101312676	0.293120922673931
MM_RS14475	MM_RS14475	1.62785291535308	2.14299513937331	1.32082606741519	0.368723789910683	0.0712513254134413	0.274370285753151	0.0271128865859273	0.320865257982266
MM_RS14480	MM_RS14480	7.41514724174952	16.9114493517871	4.26210685382422	2.27722127129469	0.448037687567911	1.04955143257952	0.596948780635244	0.497781922450998
MM_RS14485	MM_RS14485	5.811024573944	10.3922217355713	5.72027881935914	1.7880510230061	0.61071818705736	1.0535775167281	0.966817619109476	0.920621371922011
MM_RS14490	MM_RS14490	9.35886564667379	13.8959675534198	6.82933481014523	2.53730627384177	0.0903167589269694	0.255046811009972	0.148936175851162	0.0963305209421373
MM_RS14495	MM_RS14495	4.81893089584387	14.505762303055	20.3766554764598	6.00712695967721	0.43433454911975	1.44325750389055	1.5321417483603	2.68063534458983
MM_RS14500	MM_RS14500	2.9975804823404	6.22421001048389	24.1115415289826	9.38782950522069	0.112649060602675	0.553075024304772	0.66231579300637	0.582726481224974
MM_RS14505	MM_RS14505	0.75131673016296	0.593302501623326	0.278590347123831	0.0972459249658065	0.0146157729173725	0.168841922640401	0.0333701403908334	0.0935309549438189
MM_RS14510	MM_RS14510	1.47833877740529	2.35553815099877	1.04422710206457	0.699827313215791	0.10178598613706	0.270450833754534	0.0697236852546685	0.419779014822852
MM_RS14515	MM_RS14515	0	0	0	0	0	0	0	0
MM_RS14525	MM_RS14525	25.4293817282149	37.2792109465739	14.1293837253554	9.0864566707756	0.403752213461172	1.48159320277702	0.745642449128487	0.924601209494621
MM_RS14530	MM_RS14530	10.2338123605539	17.0862182158744	4.42492460537148	2.43221594830646	0.475003538874613	0.768232765378824	0.34423355485981	0.52865986288245
MM_RS14535	MM_RS14535	3.82349852926346	8.14856824146297	5.15188793368664	5.14138852090843	0.0802823202356388	0.255046811009972	0.229135614997325	0.28899474415141
MM_RS14540	MM_RS14540	15.3969449991552	31.2668673426688	23.5598346577683	16.0247550482128	0.571488526291253	2.09206514326153	0.745642449128487	1.92361679201954
MM_RS14545	MM_RS14545	0.34525340300438	0.480839169364024	0.617437330788396	0.452909403980668	0.0505013775313685	0.115211715109332	0.0651752623671905	0.0843082937743586
MM_RS14550	MM_RS14550	1.73966170540805	3.98758074508349	3.59437970273317	0.738145772542211	0.0653691465335233	0.140794785250301	0.0998932924915729	0.106660283210933
MM_RS14555	MM_RS14555	1.02595713805273	0.612136159204529	0.148967245482812	0	0.0678573240913736	0.0783919219223286	0	0
MM_RS14560	MM_RS14560	19.0099810199044	35.1611656182955	82.4374938110967	24.958155553531	0.251467120027741	1.45251144533728	0.334933679668922	1.11754538930373
MM_RS14565	MM_RS14565	13.0912052007571	26.5247829435995	39.5443787449406	9.3001775696425	0.404921384485162	1.34942697582367	0.808981987193292	1.14614868236154
MM_RS14570	MM_RS14570	13.233903515332	17.2725160738485	13.6172072684452	6.78090109606258	0.282355937411054	0.774688333376545	0.29716456859956	0.319977668307799
MM_RS14575	MM_RS14575	1.14285649618926	1.21376713479014	1.96020822719696	0.467973938686917	0.0428120915930118	0.134241230952615	0.11869889214228	0.313112368961923
MM_RS14580	MM_RS14580	2.62055895258436	6.73090706613702	2.04653611317159	0.863968314870636	0.099883529208704	0.869262404543161	0.220461747172227	0.362219301632426
MM_RS14585	MM_RS14585	4.42062323020285	10.7075063332595	7.63378369491963	2.26602143864912	0.14339712341611	0.362373510922087	0.112548792751338	0.143385498988873
MM_RS14590	MM_RS14590	8.27054372475994	16.3685227666957	25.9598212209414	18.8674590321846	0.249950603049051	0.93595360946962	0.564151070403219	0.713981587996133
MM_RS14595	MM_RS14595	3.27968368433719	6.26073332895559	4.71336783395531	2.2575034874548	0.141885146907416	0.548737689556303	0.183109974346726	0.355299919761582
MM_RS14600	MM_RS14600	11.0875448241862	16.6129685965401	15.4772321499171	7.42996158444087	0.233334753098407	0.48134905273009	0.332982341393575	0.577738163627971
MM_RS14605	MM_RS14605	1.34308461992029	1.94771000778622	1.51673939514862	1.08770622577368	0.0616890956017027	0.178162148937111	0.0633846557127897	0.0789541238025747
MM_RS14610	MM_RS14610	23.2557331192679	38.0464721667681	17.6378219296222	13.6505301658966	0.837821145086151	1.76202999327803	0.801165354679907	1.04636006114648
MM_RS14615	MM_RS14615	2.79658557847994	2.89448077874319	21.0071061403781	5.46286109168187	0.0849340317466199	0.479691931480675	2.2517400351895	0.654258573807007
MM_RS14620	MM_RS14620	5.85794725797612	8.60392788920213	10.8241655356765	6.31541190205867	0.144273434125353	0.284007526549749	2.27412966800201	0.388748370791491
MM_RS14625	MM_RS14625	5.45033173354163	7.57397030830011	7.94751549054888	9.17401003796966	0.346624019970529	0.59619764213955	2.54141225437057	0.632603294545015
MM_RS14630	MM_RS14630	19.9908685259045	51.0933226433969	24.5194577565873	19.8631722064628	0.204207638073572	0.517967109417164	2.31611445930496	0.620269297527424
MM_RS14635	MM_RS14635	17.3137329144639	29.2118575674529	15.9795755401113	26.2663674686118	0.346624019970529	0.504246145472008	2.90195865882992	0.657252200630209
MM_RS14640	MM_RS14640	17.5310139087819	35.114559994359	19.1408148461124	38.5554957551472	0.322035104706773	0.660346967166906	1.59008972749091	0.691251020884787
MM_RS14645	MM_RS14645	41.7856645168158	132.647239786711	9.06913402903863	9.87295844976039	1.90872958765592	4.47045778282198	4.26116728231709	1.56172516686192
MM_RS14650	MM_RS14650	2.81015598931242	7.73263419173769	2.95719697953674	2.12963975817191	0.217091221687441	1.12534383560277	0.470264064799636	0.647141949786282
MM_RS14655	MM_RS14655	0.823380750175295	0.695963963404298	0.398504224198932	0.241566467380641	0.117995464023056	0.283108358150066	0.124344237846391	0.338830200246475
MM_RS14665	MM_RS14665	0.372002847311615	0.971052879703234	0.495120916001831	0.51159455567576	0.0922668907902845	0.497418805924417	0.198968827613419	0.338970178546391
MM_RS14675	MM_RS14675	55.6107874611181	83.9119792091905	104.118142729933	54.4740064063274	0.362974252426403	1.41325928635114	0.629255836445433	1.66327942345092
MM_RS14680	MM_RS14680	0.773651863863905	1.25288558972364	0.772017102512629	0.206936108426688	0.0933043881843882	0.133918452552728	0.0516456076777179	0.162845664002184
MM_RS14685	MM_RS14685	1.42656248165106	2.45966855794679	3.84134076472772	2.10894039750683	0.0471505106742636	0.133232548452971	0.191394702457954	0.279393505307177
MM_RS14690	MM_RS14690	4.94864453440747	13.2064001785156	10.9734101875755	1.53704252583002	0.417482594729309	1.18964878593007	1.00407351693301	1.02117987378661
MM_RS14695	MM_RS14695	7.69814235813298	15.6353143662831	3.51491762555873	2.45027860469634	0.136096047662418	0.675134252611686	0.173652187387891	0.23908293625639
MM_RS14700	MM_RS14700	31.8187475523581	42.9732296814298	34.1043547112023	14.5011465717351	0.558827425707192	1.53324062870879	0.382789404915908	0.89405412686297
MM_RS14705	MM_RS14705	468.243639162657	551.266249745072	144.682807412486	48.5335239953629	4.02565334604197	10.3300010554036	4.9822431721178	5.47162130938837
MM_RS14715	MM_RS14715	39.9900757857167	61.4253933000519	73.7249855447875	34.1234587175701	1.54532853104989	3.48789151406882	3.44258087580901	3.43279601388803
MM_RS14720	MM_RS14720	2.17197393984493	1.48507685579566	0	0	0	0	0.127440436439355	0.639061384291136
MM_RS14730	MM_RS14730	2.53892615554006	3.54955019896655	2.53118493696303	0.855696784636616	0.36659981771827	0.765045328679949	0.492780590997102	0.64642933298671
MM_RS14735	MM_RS14735	1.24352567491932	1.74510685845782	1.88072633527851	0.693539471712174	0.0942397250035801	0.217737086323142	0.192353452477633	0.237578169532294
MM_RS14740	MM_RS14740	0.71124714353771	1.71481097722462	1.99345241396323	0.318478556105814	0.0410276868845535	0.145348266248694	0.103045888144518	0.110856450883412
MM_RS14745	MM_RS14745	3.01213333021373	4.7425829501563	4.37351525203214	1.4268307513365	0.0415044362341416	0.127860593654867	0.0315908131484288	0.0737812893556819
MM_RS14750	MM_RS14750	4.48064507477957	5.49541289692148	4.52320573567139	1.01319674141142	0.139117730444807	0.434358857996677	0.412079218017107	0.585500596623308
MM_RS14755	MM_RS14755	0.85021006741268	0.807034023429396	1.76754451748151	0.616512386538861	0.0383419988818738	0.0664404752765474	0.386652603524615	0.136313413518121
MM_RS14760	MM_RS14760	18.218509505324	49.2502015315048	37.6185193764886	9.36149942561279	0.757600121195459	3.12572550354666	1.42092392622452	3.96326923201939
MM_RS14765	MM_RS14765	2.88673016744723	4.0281369857411	2.539333750438	0.602737454858174	0.114976051475665	0.20929873672612	0.159104565765759	0.144928441612946
MM_RS14770	MM_RS14770	1.29323326178267	3.60067839347795	3.23776880106178	0.829650089133062	0.0463127939599873	0.102888496913682	0.0650737476592245	0.140589114315553
MM_RS14775	MM_RS14775	45.2269843874665	54.2081229404529	29.0368825406932	8.97005973017859	0.35611360226233	0.470161322834039	0.522713330582085	0.379824754171851
MM_RS14780	MM_RS14780	6.30588796241235	12.2278334217155	15.6033133660659	9.28139618545175	0.0782027849774354	0.351326996575986	0.218236883155972	0.194620738083097
MM_RS14785	MM_RS14785	2.1057672680436	2.99559762242426	6.96430789266951	1.26563448015723	0.0902713542270086	0.223469284871118	0.191394702457954	0.453905088077353
MM_RS14790	MM_RS14790	8.79674126372613	9.64531208296422	4.82122443929907	1.47800006374249	0.922065025393367	1.93672515636636	0.602893030757255	0.657131310280282
MM_RS14795	MM_RS14795	1.76977646250561	6.19789808659769	8.49103887248622	0.973547608899384	0.190849575345112	0.26457165575661	0.130728385036255	0.149274131560336
MM_RS14800	MM_RS14800	0.57530341642241	1.72721243551373	6.90810337127925	0.525344845260418	0.0456612365155502	0.136270123751898	0.0977417446532928	0.156250777281145
MM_RS14805	MM_RS14805	5.76486334517931	15.2725650343031	3.50137424802647	2.30514076609651	0.156882319304459	0.981687274003477	0.0746274096200275	0.181271898391116
MM_RS14810	MM_RS14810	7.3873408123333	19.0987087055276	3.307041146128	0.880425128002572	0.244286366728945	1.05828085912644	0.0697236852546685	0.151990983108704
MM_RS14815	MM_RS14815	3.89386924315662	6.64098536516848	8.93793565524865	1.76400444429697	0.246182012952307	0.574260238747293	0.378339676883397	0.348415532465718
MM_RS14820	MM_RS14820	2.3962384906891	2.2887990755757	2.65522028079265	1.34128982198488	0.041706487148967	0.176666416887639	0.158718245904888	0.222422337241398
MM_RS14825	MM_RS14825	0.439900162801125	0.709981261377168	1.0306639097883	0.714961667194125	0.0363691646685783	0.0572931659797762	0.169856665251161	0.183374754214852
MM_RS14830	MM_RS14830	1.59246388243462	4.05959021771197	1.08809694530731	1.39130916990947	0.371741899988828	2.25459847735416	0.406713037759902	1.3381670965962
MM_RS14835	MM_RS14835	2.17292709014472	6.24628870147958	3.36891268430572	0.830643987006266	0.0608967835873872	0.204019004327984	0.159905404017491	0.142895574939167
MM_RS14840	MM_RS14840	17.5205904913974	175.65391245311	11.8897529317861	5.84601282881803	0.189970994400872	2.41406829859786	0.92173944906656	0.35458730296201
MM_RS14845	MM_RS14845	1.57341951345585	5.49423774078784	2.31051804027251	1.16060165284599	0.112344849112938	0.266398812055965	0.162011834207786	0.0441472469984821
MM_RS14855	MM_RS14855	4.327518017958	7.66279697741685	6.57877737211249	7.60963121361053	0.0611601308471597	0.416853893702856	0.181536496373253	0.143509570663798
MM_RS14860	MM_RS14860	1.36496714035038	0.657517662168455	3.40609009775839	0.0968886145733737	0.0363373813786057	0.019833579892999	0.0261343975952547	0.0244166693603337
MM_RS14865	MM_RS14865	1.58504368722368	1.76524921264239	1.80748113403786	0.527948693407572	0.055057739172432	0.101018111364342	0.0443675670871534	0.18307889099003
MM_RS14870	MM_RS14870	0.59107565769603	0.63070718719526	0.83263040444558	0.695309595610318	0.0158326188763212	0.0402406678357956	0.0108451546343709	0.145233848812763
MM_RS14880	MM_RS14880	12.343554638088	23.3818679263159	35.2257007969619	24.4939231064246	0.408206414527323	1.12748512445201	1.03796814998167	0.593708415118378
MM_RS14885	MM_RS14885	0.34938017106213	0.434286961615447	0.338193097112166	0.128126578307216	0.0192561332533634	0.133477514202884	0	0.0205386341876631
MM_RS14890	MM_RS14890	15.1764344760281	24.6991912440342	7.16158843773977	4.62149368588661	0.4570777633301	1.35631483632124	0.450197990858351	0.697814094355845
MM_RS14895	MM_RS14895	6.9876060836736	8.74364683133373	4.11467029731634	1.8365097048488	0.231082679980352	0.474585116082477	0.249159391143624	0.68463704621376
MM_RS14900	MM_RS14900	17.6464728917448	32.5963472944817	14.3006920947118	6.09525941612797	0.5089322009203	0.979888937204112	0.542285930248536	0.687570227861998
MM_RS14905	MM_RS14905	4.40487228837727	17.1398658739147	19.46483544757	4.84611049821472	0.0633327457402827	0.219495075822521	0.361522073597024	0.236426529882986
MM_RS14910	MM_RS14910	1.29651870164284	1.39458093080727	1.63951650273347	0.64257140309043	0.0643838645443745	0.188421890933489	0.107802980153926	0.128185128148003
MM_RS14915	MM_RS14915	4.15402336394818	6.05055398364439	4.14102886053841	1.22782118379942	0.215288655098998	0.509260738470237	0.269191626848921	0.502986570147872
MM_RS14925	MM_RS14925	1.27485982541716	6.84580528629443	3.59104091836713	6.39581906140408	0.0168633055654307	0.0389639639862462	0.0481320708408936	0.0539616346175869
MM_RS14930	MM_RS14930	4.68606227653934	13.7388082259411	3.69528628661468	1.22963648487362	0.209297504939174	1.4558717990361	0.472804752351786	0.541461514674761
MM_RS14935	MM_RS14935	2.25573135683122	2.58910043256004	1.61662551971351	0.652251639814156	0.13389391971432	0.314878974938852	0.349391065995084	0.316220523485056
MM_RS14940	MM_RS14940	4.14558345766233	5.64663857619499	4.1710382903447	2.42038774221213	0.168356086984546	0.493170811625917	0.473642248692506	0.468154242743794
MM_RS14945	MM_RS14945	5.82732663898762	10.5574869695626	8.24529641724841	5.20273501897474	0.171927166636461	0.507995562420684	0.41520643499306	0.447857389255986
MM_RS14955	MM_RS14955	1.13395332690854	1.09943423595459	0.740907954413665	0.0623773590835657	0.131251366176603	0.0866429447694161	0.0856248363163475	0.0599966081389619
MM_RS14960	MM_RS14960	0.133960216016575	0.337243102261201	0.331158862987878	0.0381870348142609	0.0114783081500831	0.0322057912386318	0.00748952956549379	0.0192406535884427
MM_RS14965	MM_RS14965	1.71815458774966	1.68822306970097	3.08867771342889	0.465074385387405	0.0631329650604553	0.0729335086242554	0.0308886697516638	0.0817664151008855
MM_RS14970	MM_RS14970	1.16198340052918	1.11956323609219	0.843583004198256	0.239701882114382	0.112079231618167	0.203465669928179	0.137095613108124	0.0939254392435819
MM_RS14975	MM_RS14975	2.00625890923172	4.333637518347	1.37195306065236	0.616947730235388	0.0829634677683224	0.180441771386306	0.0557146555553563	0.130128917721836
MM_RS14980	MM_RS14980	10.9993491347146	11.9668953438591	3.78686012606651	1.62184008528474	0.421877769685512	0.942242024367401	0.0535151702160923	0.349974381714781
MM_RS14985	MM_RS14985	8.13075810970443	12.3882199772126	6.87311053335392	2.1597647205684	0.508768744000441	1.11432037685666	0.507243617029262	0.800462726744187
MM_RS14990	MM_RS14990	489.364738936925	1048.69338447835	1597.53261691842	87.4893347075311	11.2610035263059	26.952892676936	20.1693933551707	4.60294779336015
MM_RS14995	MM_RS14995	2.13317965767107	3.2137270770335	5.94682574133524	1.59590017219732	0.0564357718162414	0.309682819090686	0.1610756430121	0.323540752305659
MM_RS15000	MM_RS15000	1.75425715217746	2.90088626994133	11.294082097295	3.39824361090073	0.100884702842839	0.131114315203718	0.0719852073599117	0.295907763372257
MM_RS15010	MM_RS15010	3.22370873488807	6.94036529291167	12.8875639960024	9.15049326432517	0.0675190590766658	0.18473875883479	0.219077199349691	0.432090742565457
MM_RS15015	MM_RS15015	5.36335809990129	12.854899405436	9.59798954672103	5.52247853601009	0.212235189026636	0.56917071504909	0.700933679828448	1.17225781662086
MM_RS15020	MM_RS15020	16.1263738840261	33.4103832898741	25.3661863513975	4.68195306849585	0.740702762105058	2.39590913165427	0.845617517357032	0.39500921838773
MM_RS15025	MM_RS15025	6.72628049323984	10.033091350321	6.10395666135103	3.12196464424604	0.0868909743149291	0.321213501036616	0.0595186372510834	0.129747158722065
MM_RS15030	MM_RS15030	1.27427409059607	1.6888061964188	2.38576948434439	0.756306997316212	0.0166340118306288	0.0384336851864334	0.151925220030162	0.0473126653715808
MM_RS15040	MM_RS15040	1.15595565673386	2.56277070327788	0.52789450259781	0.133334274601525	0	0.0102885614963683	0.00508419495729868	0.023748591110735
MM_RS15045	MM_RS15045	6.73028478947136	7.19262324023542	3.307036192442	1.98660471176663	0.631075384284772	1.32481224088236	1.03034044761922	0.615195084155471
MM_RS15050	MM_RS15050	43.4014406451302	56.8569515737751	27.2290942781231	18.4611560458284	1.42051555132772	3.6871063077485	0.61504095747719	0.795907069346923
MM_RS15065	MM_RS15065	0.629891239317925	1.24265638974216	1.17711963646758	0.236251988670202	0.0284051802954589	0.0382838237864863	0.0108084965453832	0.141384445565075
MM_RS15080	MM_RS15080	0	1.69220257569899	1.1751728378684	0	0	0	0	0
MM_RS15085	MM_RS15085	4.83425851113965	6.38699139173821	3.62554829506417	1.1968501761059	0.496262019396246	0.671358898113019	0.342722113652315	0.75064635859911
MM_RS15090	MM_RS15090	1.00076521588342	3.13785383348077	1.78583352620466	0.576226666546058	0.0944758294433761	0.245568077463318	0.152799374459869	0.251916401298682
MM_RS15095	MM_RS15095	32.6880712119556	27.4683888054238	4.60552113598357	2.33745887503967	0.415627812735912	0.960398309360992	0.146869223602853	0.147766183511241
MM_RS15100	MM_RS15100	4.49637205472611	7.03764062241345	3.58577019645992	1.8363413171926	0.177421135331714	0.322086731886307	0.196123595937371	0.255317237721639
MM_RS15105	MM_RS15105	21.2095217703751	34.9550147438212	42.6549765189329	24.6637646462944	0.364020830760498	1.53339049010873	1.1149783353859	1.06534620873508
MM_RS15110	MM_RS15110	2.58412358428094	6.07908267932814	3.77794349126107	1.267096577855	0.126958351795312	0.200298406879297	0.213079372020698	0.213874116971532
MM_RS15115	MM_RS15115	7.7777091087174	17.5926259338431	8.25573878734278	6.12306802149766	0.236728754420474	0.720965903445508	0.461894741098437	0.5099314026187
MM_RS15120	MM_RS15120	0.94146755254006	2.59258583882005	1.89273902383583	0.517898825243398	0.0598751778382699	0.22133952382187	0.123038645907828	0.191582572709922
MM_RS15125	MM_RS15125	1.84672604341212	5.80388247930443	4.67210362955016	0.923524153958784	0.259092839386153	0.310002715540573	0.126769311425579	0.325691328004367
MM_RS15130	MM_RS15130	8.1119480346541	10.0342219929647	13.6833984208175	9.61794150496345	0.266548291119711	0.378985070716223	0.456455244663257	0.645134533712488
MM_RS15140	MM_RS15140	10.9608929812784	23.6300706947088	10.8611547090611	3.71326816654636	0.282687391720768	0.882208123938592	0.35033007704377	0.51534283644045
MM_RS15145	MM_RS15145	1.87118579705505	2.91287375277427	0.910591514761105	0.449775750768871	0.0984532811599397	0.172135991489238	0.126958241576516	0.148749212935651
MM_RS15150	MM_RS15150	90.3861886064077	317.412925632716	40.6372510435549	11.2606493385695	0.542867673670981	1.8433989695493	1.58818632671655	0.180941040591314
MM_RS15155	MM_RS15155	19.2469693285215	56.2401815602709	15.2242820815449	13.1161006012332	0.427503412010652	1.53646841270765	0.67785600288417	0.607957569784819
MM_RS15160	MM_RS15160	9.08209529398002	19.9250971943701	22.6679779834706	13.0917911734998	0.164424039967943	0.392559055211432	0.187714794294185	0.385818370468251
MM_RS15165	MM_RS15165	0.861804954439455	1.03177373129038	0.264452527271213	0.149708947413362	0.112501495327803	0.32057947203684	0.111310877284752	0.119993216277924
MM_RS15170	MM_RS15170	2.58224923285342	4.39982907784416	2.93753579979075	1.22026427435026	0.201930592370539	0.234752119117135	0.218860070668763	0.209922911323906
MM_RS15175	MM_RS15175	1.7384050379737	2.81373330804523	1.63798086007253	0.610397039707453	0.140666030713469	0.204895117127675	0.258340832508552	0.215264355995697
MM_RS15180	MM_RS15180	161.793903401424	330.168132626148	93.7177650318152	53.401381143324	2.78913580083528	5.7866184098074	2.98925002826871	2.6105825681319
MM_RS15185	MM_RS15185	0.371305290388305	0.720317293734425	2.76421128023109	0.715199874122414	0.0245730236187697	0.113563239709914	0.143756105891895	0.176913483143734
MM_RS15190	MM_RS15190	0.97562654233421	2.66799614207771	4.24973254618868	1.20755305981486	0.0537750563985402	0.310607925040359	0.537167897055248	0.630898104346039
MM_RS15210	MM_RS15210	38.4196834563135	53.5261451155786	26.7936058342256	55.5231313237503	1.59407955739777	3.40403829689842	1.79229856620025	2.24978850009862
MM_RS15215	MM_RS15215	20.1087742829609	19.068101229865	8.13352144627627	2.37038071533555	1.92376308381293	5.2678904655905	1.35571200576834	2.7104793543969
MM_RS15225	MM_RS15225	3.21938494693595	6.69147256542516	14.0053335204678	2.79268874306314	0.200647909596647	0.723767158844519	0.63222232180044	0.742476716004017
MM_RS15230	MM_RS15230	2.96443854119016	6.5725592284778	3.12058935866034	2.51564997844753	0.154055876731901	0.489415630777242	0.287797016936695	0.276345795959008
MM_RS15235	MM_RS15235	2.73428203053194	5.62401682062239	1.25131099173481	0.592593125325884	0.0356245275892216	0.246931239812836	0	0.0949943644429398
MM_RS15240	MM_RS15240	1.2029369142481	2.41057908127331	3.15434377508492	1.49136429382268	0.0415634623440906	0.188629391333416	0.152517389159963	0.183654710814684
MM_RS15245	MM_RS15245	5.41959663001991	5.30146317003171	9.09324361881533	3.03017694355084	0.220362630319614	0.135771546402074	0.486379524689244	0.282043549030585
MM_RS15250	MM_RS15250	5.49282146995042	10.1709095664334	2.95639448240425	1.82336725363288	0.0782981348473531	0.361805766772287	0.178775860287177	0.0668078249598706
MM_RS15255	MM_RS15255	4.41217001176198	5.45682415251792	6.27508669801135	3.1861573044038	0.142731944561684	0.388227484362961	0.171246852779696	0.307672303215191
MM_RS15260	MM_RS15260	0.833205120583745	1.39554242218934	0.956962969435374	0.52925061748115	0.047295805714138	0.0831413755206521	0.0680797109562186	0.11843436702886
MM_RS15265	MM_RS15265	8.94325484193128	8.954293568289	6.72874526216791	2.08712803550441	0.582551381436695	0.81793199311128	0.143245712499066	0.449276260205134
MM_RS15270	MM_RS15270	5.54724688455464	7.31399372182585	7.19143934959397	3.32398054749877	0.262071387703579	0.586583456942943	0.411388354032338	0.716272141994758
MM_RS15275	MM_RS15275	5510.24201693438	9473.34670963097	2291.31742948266	10621.1810119567	610.835957768118	2211.59449787304	476.729925689707	1555.79772530681
MM_RS15280	MM_RS15280	13.5670242202466	22.2408046745968	10.8405622363465	6.80604014102903	0.119927434006387	0.782360084273837	0.467117108852689	0.361163101733061
MM_RS15285	MM_RS15285	45.3441819378756	71.1963714163829	20.8872665685931	8.60630132261792	2.32386248916226	7.74987479786439	2.80319612739097	3.43730077008532
MM_RS15290	MM_RS15290	0.66292934565897	1.22790907053476	1.46041598529428	0.301799964109609	0.0113398238152028	0.0960669212660896	0.0129459451186679	0.0725692045314099
MM_RS15295	MM_RS15295	0.42039253082749	0.537487036624339	1.00279447233531	0.214739438836142	0.00496500394071041	0.0172081234439257	0.0340102470216192	0.0317750740809137
MM_RS15300	MM_RS15300	0.428009745932795	0.767933373891866	1.99873799692845	0.165451139760432	0.0248658839335167	0.0397737919359604	0.0764292956864246	0.0693656102583342
MM_RS15305	MM_RS15305	0.868610128088235	0.706727325264698	0.284683380907546	0.204471898823703	0.052356159524766	0.0947585159665514	0.155069356124109	0.0946889572431233
MM_RS15310	MM_RS15310	5.99812691282038	11.5690382223866	7.18684728266917	6.03024535276921	0.125400970586658	0.237054797166323	0.221251306011963	0.182388543465445
MM_RS15315	MM_RS15315	42.2310519499182	58.3256519166326	91.878535724184	53.6777997485228	1.9858403895993	3.65149981551107	6.70438379570152	10.6133360351499
MM_RS15320	MM_RS15320	2501.37650927485	6818.48636488543	6771.47147764525	3837.29331849738	1363.11646658641	3492.73738618631	1785.68601373731	2381.26359231207
MM_RS15325	MM_RS15325	79.409139993791	100.467164844478	82.9738194872717	31.6050611454153	6.7348700642413	11.915465500044	10.8844351866478	9.35458753580599
MM_RS15330	MM_RS15330	128.423017146633	224.01244201147	153.02915407051	25.3358613874446	3.38732002046847	11.1456880094657	6.02736528915807	6.65265322035396
MM_RS15335	MM_RS15335	35.4870742777881	62.2544436955911	39.8036001797927	8.2173176227547	1.28929596844109	2.25766775410307	1.08456904064407	0.680332713491345
MM_RS15340	MM_RS15340	2.60742251800569	6.08971250071881	4.49259195617273	3.50592546353518	0.0847478724767807	0.358975691873286	0.107501255883027	0.324733749179943
MM_RS15345	MM_RS15345	3.98138335029097	24.5800330828923	31.6507989875926	3.66512572493604	0.119748085441542	0.366598449620595	0.382789404915908	0.332076247275532
MM_RS15350	MM_RS15350	31.4337653538971	58.9083067914693	31.044423237649	20.2723911741826	0.339288890691866	1.1209892091543	0.75920030234795	1.49094386697944
MM_RS15355	MM_RS15355	10.954859912621	11.156736473438	9.2580477984498	4.66692138991764	0.67672753986033	1.31765059513489	0.658712020873576	1.13248171016975
MM_RS15360	MM_RS15360	27.4809445634277	30.6819778906386	12.1884750588262	6.39555210536376	1.79470703487943	4.69792721429169	1.56546395125015	2.20814813719863
MM_RS15365	MM_RS15365	3.08072820262655	4.21285906617239	4.17737900842857	1.84506872620317	0.934773800912387	0.706141152650741	1.19049681855363	2.72960548028541
MM_RS15375	MM_RS15375	8.22631808333588	11.5387022790125	2.84388636590366	1.50842483830735	0.375685298180421	0.651003685270204	0.421503166739953	0.386880933017613
MM_RS15380	MM_RS15380	14.2352571284676	23.8539245841205	8.84885847354235	3.59982827747294	0.904675025308392	2.84843003854454	0.864056536117862	1.26132219126736
MM_RS15400	MM_RS15400	1.63044079828994	2.57795425468641	13.6681955584743	1.71727070917635	0.0673419807468188	0.427960928998935	0.246768155800424	0.177909237868135
MM_RS15405	MM_RS15405	6.3611866543862	8.65100980748064	18.3844563450553	19.2900422299845	0.175051009993762	1.08366795666748	0.759561243531829	2.15661385355459
MM_RS15415	MM_RS15415	0.61842414897939	1.05637188581501	2.28827599011896	0.58161917856059	0.0824662863037519	0.0990785590150265	0.101678259439976	0.0949943644429398
MM_RS15420	MM_RS15420	2.28155427514872	2.3945364195095	1.53055027172504	1.07945523061968	0.117723035823291	0.304362739392564	0.14445824928866	0.343990309393376
MM_RS15425	MM_RS15425	4.78403441266133	6.45275562173223	2.1676240138294	0.89589215027731	0.26929300523234	0.693483628255209	0.275412222564839	0.323127180055908
MM_RS15435	MM_RS15435	5.50051589555487	7.75317716733147	17.7899446730889	10.6138518160099	0.228792012867331	0.995235320948694	0.830356472926139	0.959535339298637
MM_RS15440	MM_RS15440	9.87922447444601	12.8573209392872	21.3648712508882	8.70102964677268	1.09482536827411	3.6437560158638	3.7695428310496	7.24730012634677
MM_RS15450	MM_RS15450	79.7598220936146	79.6783679540218	90.8406344791453	10.8682732434861	6.41272598825462	12.3003700960581	0.829169314813536	3.87153890702449
MM_RS15455	MM_RS15455	6.18596408265413	9.9007928069575	7.63330318737734	6.17805685878828	0.202080427880409	0.555446869153934	0.302299520910842	0.449651656554908
MM_RS15460	MM_RS15460	4.21483595053339	10.975842553139	7.66213363991491	1.81837312217083	0.0976042132706733	0.275119592752886	0.102512935927696	0.141578506389958
MM_RS15465	MM_RS15465	4.18208538674088	6.31269392572831	4.50620963899503	1.80600278996384	0.127233050230075	0.107787811911952	0.125886697436875	0.0995182085902225
MM_RS15470	MM_RS15470	1.98076080749684	2.92872945788045	1.79118846077393	0.6308253373162	0.0459677182402854	0.12612277780548	0.0393595081608292	0.110315625633737
MM_RS15475	MM_RS15475	0.625689923192035	0.746032736855818	2.4886476352551	1.23519738454435	0.0255537651379224	0.0542354170308556	0.308895157075635	0.288587534551654
MM_RS15485	MM_RS15485	0.81777100804776	1.21800927037863	5.87598307780606	3.19511059929465	0.0416065968090533	0.124165933756171	0.284996902908632	0.428973044067329
MM_RS15490	MM_RS15490	2.09176021852629	2.84974917273196	6.17556219252468	3.0837940374958	0.101456802062345	0.223757479871016	0.300100035571578	0.506632368595682
MM_RS15500	MM_RS15500	3.00804916105206	4.06910720185488	5.88963048274438	4.54827791156591	0.120000081526324	0.349047374126791	0.433013806682101	0.495965385877089
MM_RS15505	MM_RS15505	2.44032302326988	3.79040824152419	3.21133097886366	0.629305741394359	0.0630535068355239	0.189387344183149	0.0287935189733649	0.188305807961891
MM_RS15510	MM_RS15510	3.84509883200703	10.3731254483996	7.93366993817044	0.364337496817369	0.547573870821915	0.569317694499038	0.187539963408244	0.233735128934603
MM_RS15515	MM_RS15515	11.1647606481932	14.7503817355101	18.7582813055872	2.63215780847667	0.263730929487145	0.426537245699438	0.301086984121248	0.225034205064829
MM_RS15520	MM_RS15520	5.57807251073053	11.4498800612447	20.9916159642467	2.23746124935053	0.099883529208704	0.238469834615823	0.440923494344454	0.319605453283023
MM_RS15525	MM_RS15525	11.8825973084683	162.842827675793	52.8376942077644	17.7032349912222	0.491201665585618	9.55211087557823	2.14965289706467	1.13513493521816
MM_RS15540	MM_RS15540	4.36597150896322	5.64241424600247	3.08693401595582	0.793606916673398	0.36410028898543	0.833984454605614	0.222170578089655	0.441908311509559
MM_RS15550	MM_RS15550	4.35032440194683	6.56728883127238	2.6185580506843	1.5903515935746	0.186663262008729	0.305048643492322	0.150729602358562	0.0776943191033314
MM_RS15555	MM_RS15555	1.50608929577041	2.68883735805388	1.05373322550437	0.249513543350268	0.00750085643351951	0.0476530432331791	0.00856107370513522	0.0639955336615599
MM_RS15560	MM_RS15560	32.916148363999	48.9201607119111	31.8041502451881	5.53088559777227	0.514587356300414	1.18893406233032	0.158165554717073	0.738837280206203
MM_RS15565	MM_RS15565	8.14452820286228	9.11143954172063	10.4505090004687	4.37608715854132	0.109616026645295	0.307535766341444	0.536324761008531	0.267234481164481
MM_RS15570	MM_RS15570	0.49727821338988	0.55827038506363	0.120320079327348	0.0455837706392215	0	0	0	0.0146150070412212
MM_RS15575	MM_RS15575	1.5709967012413	3.22126766222437	4.95310642175746	1.75309210277175	0.0371092612779389	0.0943146956667081	0.0338918131956588	0.0950166337179265
MM_RS15580	MM_RS15580	5.5514348885255	10.0243622549495	12.5505696909029	2.55490073040708	0.153595019027299	0.847751529750755	0.876748694466615	0.855509193186122
MM_RS15585	MM_RS15585	7.69122802481299	12.5548295185992	12.4310521087081	3.16910908096715	0.191853019214245	0.415778926353235	0.316161918254203	0.324358352830168
MM_RS15590	MM_RS15590	2.31070523222246	6.53250153890719	7.01651478945533	1.5886225398365	0.1017405814371	0.300013876844099	0.434561905978583	0.401355961758918
MM_RS15595	MM_RS15595	4.98564700051496	5.84313447470765	2.43023376990749	0.352620180155174	0.200207484007028	0.340127738879939	0.228566004691515	0.414517103276012
MM_RS15610	MM_RS15610	5.57567898525703	10.0451233466439	4.72554399415074	2.23094752196663	0.268237345958252	1.00322408634587	0.41341300848566	0.561465686262745
MM_RS15615	MM_RS15615	4.11925201502288	7.632821593311	3.51161847068072	2.09160468294983	0.148087428922057	0.516021793167851	0.22448849725488	0.416871283774598
MM_RS15620	MM_RS15620	168.053081674285	135.311007147247	217.833517092629	78.050832838841	4.23068280918483	10.2191382028428	16.026606321607	19.792950696061
MM_RS15625	MM_RS15625	49.6545858493335	133.805387315857	43.4892416397595	24.9535474815734	0.384607321722712	1.10635754900947	0.43908495018907	1.12809466299739
MM_RS15630	MM_RS15630	5.73838546883459	7.39231520732367	7.57449302714948	2.58272987085679	0	0	0.29543317885814	0.0920039189447361
MM_RS15640	MM_RS15640	3.58376791671125	7.75333741589515	42.5569529803051	6.66547751825875	0.0423262613034315	0.185620635534478	0.918127217374769	0.948053937380534
MM_RS15645	MM_RS15645	1286.89788207202	1945.62935824082	2701.0306512681	1685.4732343311	384.648419786882	628.834123513829	335.467782385767	742.620562795131
MM_RS15650	MM_RS15650	0.78583248571178	1.07684809117392	0.55686365834347	0.34749051716496	0.0373045014877702	0.129284276954364	0.0681417477221978	0.143235976713963
MM_RS15655	MM_RS15655	1.70235039730398	1.50781879779102	1.2101161389337	0.487732792686854	0.0703704742342023	0.108393021411739	0.0736714794533474	0.125092880249861
MM_RS15660	MM_RS15660	1.73272873507103	4.65905338633894	4.0055207799258	1.22908614472895	0.0753967745198597	0.165493096741583	0.120506417914675	0.152792677008222
MM_RS15665	MM_RS15665	7.50898462252075	13.848498367779	16.1075391569413	8.30694914004728	0.168853268449116	0.546769317706997	0.391378677151034	0.570300225782438
MM_RS15670	MM_RS15670	10.1096312536187	11.873292377275	4.46139859541171	1.64103217107599	0.465868113242506	0.696475092354153	0.34414331956384	0.613804845131307
MM_RS15675	MM_RS15675	1258.11143576473	2574.15491703881	1802.69868705259	1202.03893905642	1077.1083953233	3985.89839630028	1281.23697254482	2323.93071077534
MM_RS15680	MM_RS15680	4.03728375167195	7.05927417851003	9.77938857446561	3.50218397195465	0.205406322152536	0.370768631269123	0.732817757688778	1.01326155586637
MM_RS15685	MM_RS15685	5.9721548983666	7.8047816561849	7.20784100394997	5.23978851737163	0.279168527473808	0.572804853997807	0.860996995613886	1.34657215724116
MM_RS15690	MM_RS15690	4.31031072637269	5.51980628939253	21.3840717378359	10.5471661971371	0.229972535066312	0.417485040752633	1.52371038789312	3.48656040635573
MM_RS15695	MM_RS15695	4.39174916595363	4.58209846498137	18.2662613970233	12.6056970801989	0.240231727022448	0.391054677311963	3.22877680156756	3.8841751299169
MM_RS15700	MM_RS15700	1.5918674978895	2.46882498282142	12.9514665454413	12.0783685462081	0.0998403947437413	0.209707973625976	0.689081837673414	1.7473936564004
MM_RS15705	MM_RS15705	2.6921437350158	7.19656713544151	6.05995306858621	3.26858100860765	0.271304433440602	0.663355722965844	1.12466453043766	0.806303639440679
MM_RS15710	MM_RS15710	17.6696999398324	26.4119590520719	16.1934311185477	8.10709763422917	0.754417251728209	1.70154939059937	1.0800121581976	1.20058751572884
MM_RS15715	MM_RS15715	6.60634063889559	15.6793382078048	17.8880078412047	15.1513036333867	0.320318807048255	0.815992440761965	1.04081338165771	1.58121714512521
MM_RS15720	MM_RS15720	10.7049854379398	14.2925560404299	8.74769429798868	5.53799894949289	0.449729012641449	1.24749816825965	0.367161779595137	1.20197139210301
MM_RS15725	MM_RS15725	5.86779559026362	8.82334823501878	11.773083719043	9.20964661584483	0.352422200155519	0.631343022377144	0.588931938558927	1.41638951564922
MM_RS15730	MM_RS15730	9.70145661867317	15.8721884514938	20.879013727712	14.0868266901372	0.439717276300099	0.912474362827908	1.21781837426148	1.41567371752465
MM_RS15735	MM_RS15735	6.00785543571265	6.80529355912673	18.5631209381263	7.20399767086313	0.311444458440923	0.706005701000789	1.78115450714798	1.66718290922358
MM_RS15740	MM_RS15740	46.5145120596055	85.3635641151774	60.2460950969186	26.4166637193139	1.1676408856012	4.37843135545447	2.19903698263714	5.70971803489535
MM_RS15745	MM_RS15745	15.0194974804384	28.2275218623603	141.209817785257	123.826405232511	0.506432672187459	1.37741071031379	3.18599681171888	6.0487582025917
MM_RS15750	MM_RS15750	5.00057525115999	7.11309098781203	10.5048311211778	4.49201589931376	0.189121926511605	0.487767155377824	0.376591368023982	0.60514209716151
MM_RS15755	MM_RS15755	0.51416335082359	0.829713646538882	1.0754501849416	0.275223463541414	0.0225002990655605	0.135739844952086	0.0171249672632695	0.122659166626322
MM_RS15760	MM_RS15760	1.18411352704274	1.81103578836451	2.44797787317031	0.457414800538125	0.0468167861295519	0.0472899175333073	0.104765998473942	0.128611425697747
MM_RS15765	MM_RS15765	4.84765053909481	9.08011985021948	7.0820718700193	3.06173936154908	0.207815041485455	0.480147279580514	0.192060187765731	0.401082367809082
MM_RS15770	MM_RS15770	7.23490332514202	10.7257568641229	6.95172553022184	2.5752263526157	0.228705743937406	0.81294621961304	0.180761036798512	0.412811913077037
MM_RS15780	MM_RS15780	2.33270489961678	1.69143249232353	1.83654936350358	1.06934375721543	0.0642862444394589	0.272306809553879	0.0244650446198133	0.0799944170769498
MM_RS15785	MM_RS15785	8.481972695729	16.1024522834526	4.84059830525688	2.32047636385909	0.285003031418767	0.632492920426738	0.333932631854257	0.327978700677993
MM_RS15790	MM_RS15790	11.6959209585527	8.87707156599197	9.448675543218	4.64400834762589	0.581636476732486	1.20946507412307	2.05847013048718	1.61294768065615
MM_RS15795	MM_RS15795	0.334680889483525	1.37285389638188	2.00452885586598	0.276159863190548	0.166020015171564	0.207774185176658	0.189536419331576	0.354151461437272
MM_RS15800	MM_RS15800	5.59702901948612	6.50094592590952	12.8007655098575	1.10925573875178	0	0.467089164135123	0.54813148551558	0.681191671240829
MM_RS15805	MM_RS15805	6.21918855916553	28.9330873855384	11.0648304627612	3.54575119773543	0.690514677003419	1.92590631607018	1.727278395748	3.60784524058288
MM_RS15810	MM_RS15810	2.83561415458224	3.35991828059812	3.2737375151297	1.00932382531872	0.257421946427596	0.382345424415037	0.409338320902024	0.607957569784819
MM_RS15815	MM_RS15815	0.78102946017876	0.659226980181024	4.2512483741056	0.486233731845038	0	0.0422119216350997	0.0208584526340202	0.0584568468398868
MM_RS15820	MM_RS15820	0.58582001889216	0.804732676001015	4.93681374849353	1.48718335152962	0.0427803083030393	0.103877005763333	0.256152626581284	0.287719032827176
MM_RS15825	MM_RS15825	6.5525648574566	4.53530143303829	62.5913929666183	9.54029015335738	0.235539151281502	0.39454760071073	1.28400596385534	1.36287962918136
MM_RS15830	MM_RS15830	5.17806887653932	4.23995887883	39.4583480801262	8.12601865696409	0.197585362584293	0.408095647655947	1.06634151085817	1.58375584247369
MM_RS15835	MM_RS15835	7.0511290250219	5.25882369804628	46.5260096775627	12.6276572947775	0.634778137566573	1.33193930322984	3.13539454965081	5.83086607214758
MM_RS15840	MM_RS15840	4.43674957480014	3.76781764539452	22.7917309671981	8.51234922448811	0.473834367850623	0.746067687936648	2.41624179959546	3.38419809321722
MM_RS15845	MM_RS15845	13.4656974210583	12.854899405436	7.42965715579319	2.86420831977378	0.32656422352786	0.514442484568408	1.01678541425275	0.949934100454404
MM_RS15855	MM_RS15855	3.90251149419885	6.54872225463064	2.43966063437124	1.10319378312844	0.179246404270137	0.424496825100158	0.286491424998132	0.477952723737909
MM_RS15870	MM_RS15870	0.30797936893438	0.548900295437435	0.499836825076705	0.104478380150568	0.0235536881046504	0.0226751825919959	0	0.00837324739497045
MM_RS15875	MM_RS15875	0.46402977499944	0.664942512285554	1.01954783839753	0.155524482076407	0.0299739126791036	0.0760546604731537	0.0533403393301508	0.110990066533332
MM_RS15880	MM_RS15880	0.63307816923091	0.929085561415456	1.58637831297907	0.235915213357795	0.0405214244799909	0.0780201503724599	0.0655362035510697	0.100844821114426
MM_RS15885	MM_RS15885	0.441950234674975	1.97776106482491	2.48657699450584	0.121559459715261	0.0182685810292166	0.147737402797851	0.166856341660165	0.116913693679774
MM_RS15895	MM_RS15895	3.75576362206526	7.12289285829036	7.69930609968157	5.85499487282091	0.148505152161697	0.361364828422443	0.29579130018902	0.299935320819838
MM_RS15900	MM_RS15900	10.1975047889387	12.6311122862591	19.1963308051483	11.7672086926231	0.589511921940682	1.81605790990895	0.673011495431791	1.15273402510759
MM_RS15905	MM_RS15905	14.7607757475275	27.409012261232	22.7279473062232	25.1205757154798	0.311208354001127	0.605503458686265	0.57033500803015	0.541572861049694
MM_RS15910	MM_RS15910	8.29944973818122	12.100502583826	4.46477205557977	2.71536595273747	0.227466195628477	0.734228637340827	0.397167835358096	0.606529154860677
MM_RS15920	MM_RS15920	0.194850013100925	0.375702757544018	0.373646627835779	0.102404337068056	0.00905369717217791	0.0125508922455697	0.0227392945843908	0.0231759526110789
MM_RS15935	MM_RS15935	0.186820121189845	0.351358329911873	0.471749425439583	0.196598749142165	0.0201460653725945	0.085337421419877	0.036799081637686	0.0673295622595572
MM_RS15940	MM_RS15940	0.85782994494899	1.67821643716906	0.910343830460954	0.3825233636874	0.182837916037034	0.428975375398577	0.133418524797354	0.430236030091571
MM_RS15945	MM_RS15945	1.11922742101989	2.1703086167825	2.46470151711651	2.58586763108459	0.0185069557040106	0.185289211284595	0.126769311425579	0.250026694249817
MM_RS15950	MM_RS15950	4.35416096502504	5.91244197849856	9.31920105215707	4.30976706409298	0.139510481099468	0.483504751329329	0.136520363096316	0.350744262364319
MM_RS15955	MM_RS15955	8.24567129431123	16.2071480117225	6.95771949028549	2.69732793844362	0.485240028480769	2.5544711386483	0.827452024337111	1.97193157476552
MM_RS15960	MM_RS15960	0.32812332191821	0.41026303111066	0.602536643291312	0.207042890842818	0.0287230131951843	0.0626766485778759	0.0637625160146632	0.0782924082029722
MM_RS15965	MM_RS15965	1.0989450216238	1.55288425497658	0.965775576834746	0.36589816289926	0.0095645000467366	0.0607659157285504	0.00545923540617319	0.0101993279438736
MM_RS15970	MM_RS15970	0.447690435921755	0.0556507650863168	0.135423867950556	0.0205227589768619	0.0370139114080212	0.028505367439938	0.0352143242522163	0.0131579601920964
MM_RS15975	MM_RS15975	0.71159325956836	0.869882619834268	0.564502242160126	0.0712895838143622	0.0107132389557441	0.0495090190325239	0.0611597916965342	0.114276375256358
MM_RS15980	MM_RS15980	0.305692340701085	0.491050563949531	0.51646139530284	0.236067172949979	0.0155533799715624	0.068498187575821	0.0366214308987454	0.0518396908438615
MM_RS15985	MM_RS15985	2.43251411313222	5.76334404404278	2.47235000830517	0.95579708572588	0.114919295600714	0.345174033328158	0.0393595081608292	0.14708537996165
MM_RS15990	MM_RS15990	5.71851574624427	13.8760833774767	8.94628756984974	1.46210180478723	0.27967478987837	0.676946999161046	0.440923494344454	0.298296938445822
MM_RS15995	MM_RS15995	5.77030269172253	8.24276323746294	18.5982970624337	4.87563172925848	0.208784431829617	0.597134275889219	0.599368214508434	0.637792035616898
MM_RS16000	MM_RS16000	5.57126201221973	5.32365759610117	19.591228745937	9.91249669284029	0.129546419693076	0.282684711500216	0.624450806935041	0.767621908788913
MM_RS16005	MM_RS16005	4.7878470138605	7.5833403979263	2.77879493182398	2.26057964244253	0.0893065043528422	0.331934355032831	0.128551458520983	0.120101381327859
MM_RS16010	MM_RS16010	9.5525335404085	22.1482522263746	11.080885359097	4.16958228679515	2.23194294432668	4.18495740617276	1.07803544124526	3.0764112623021
MM_RS16015	MM_RS16015	5.19885447539536	8.8768579012404	4.1303437598299	2.01964154851065	0.804030967375344	1.05464960212772	0.97346683248125	1.06268980236168
MM_RS16020	MM_RS16020	8.12867342622751	11.3176260313711	12.7881583789798	5.10381753849491	0.0804821009154662	0.39924806115907	0.113501903065019	0.242375607629413
MM_RS16025	MM_RS16025	2.80587746268739	3.54718208130331	1.20038709962377	0.454782203278936	0.16155673316542	0.354128251974997	0.165522551191611	0.203242128827919
MM_RS16030	MM_RS16030	9.5348603233973	16.1254657577365	17.3053602472155	5.64856392736283	0.272873165824247	0.735542806540363	0.553821948867675	1.00248322677284
MM_RS16040	MM_RS16040	114.837632802176	278.115891480398	96.5704144682583	95.4596153175865	1.89886087611945	6.39806733134156	1.98717296725904	3.37549398802245
MM_RS16045	MM_RS16045	2.50594396025012	7.65022636786607	2.03204162792675	0.52674944473412	0.0852564051163413	0.182384205685621	0.125142256245124	0.142895574939167
MM_RS16050	MM_RS16050	3.79741735513848	5.10750899179295	1.39638959370525	0.961891897477264	0.0578274258700391	0.252896876310731	0.0801627810571753	0.145380189762675
MM_RS16055	MM_RS16055	7.43517671020013	16.691770827729	11.6017902107446	5.72343893614954	0.395170725168586	1.02369745913865	1.19393985906547	1.35811400433422
MM_RS16060	MM_RS16060	0.684311329060125	0.701755168441676	0.698623290691887	0.211745424168515	0.0671830642969561	0.0939515699668363	0.0605535233017371	0.0528004509932844
MM_RS16070	MM_RS16070	1.85919953267054	2.47717571352866	2.30340950085818	1.60383903413494	0	0.0327591256384364	0.0242817541748746	0.0453688757977483
MM_RS16075	MM_RS16075	4.80350210816989	8.5310415008224	4.71805897460017	1.08804300108609	0.303691605922621	0.665681456615023	0.337815569433957	0.622906615950839
MM_RS16080	MM_RS16080	0.87341049119025	1.24531384508983	1.87083382433048	0.499639032085277	0.0663612392276661	0.0847322119200906	0.127595528354303	0.167636739449306
MM_RS16090	MM_RS16090	143.47451172289	289.616089590637	6.62731358757007	8.16464103547488	1.10306405108199	6.74338546216967	0.337420790014089	0.242057475129604
MM_RS16095	MM_RS16095	11.8134992365955	57.5130537069644	3.93670912765786	1.38493918808576	0.848602491091836	3.12595894149658	0.493539131453848	0.580633169376232
MM_RS16100	MM_RS16100	15.003876997732	26.6791868860526	5.49756109666337	2.58021637706175	0.471888776457304	1.27919097239846	0.517392267972866	0.328894922277443
MM_RS16105	MM_RS16105	6.45273966935514	7.50407522644238	8.92769143259441	1.847401511294	0.179657316804782	0.63679278982522	0.330966146499249	0.383238315894801
MM_RS16110	MM_RS16110	77.3413336670167	308.517185109056	17.325818970408	24.7977847925688	41.6906272872707	98.3928969990686	17.4782412668443	24.0454755408816
MM_RS16115	MM_RS16115	12.64493117813	206.403679937534	4.64981204253657	3.57862786085525	0.521209631789693	5.13081051388889	0.493753440281776	0.514515691940946
MM_RS16125	MM_RS16125	9.90006598435315	23.5496125616952	5.20517473402112	2.8340094310892	0.475003538874613	1.19724848807739	0.416796832084528	0.456386521575863
MM_RS16130	MM_RS16130	4.24333461201091	5.24960940563477	3.68870779160267	2.04616465787078	0.305360228646179	0.82560950790857	0.43761862662956	0.845411667642187
MM_RS16135	MM_RS16135	8.24130224503202	13.0269529466387	9.26517119892214	7.3313398091134	0.241394087341444	0.449785936341231	0.408935081923159	0.481716231210648
MM_RS16140	MM_RS16140	6.28884574154934	7.50549075542154	12.8136847229533	6.12881784390463	0.513518075616338	1.29027783404455	0.981974328979404	2.58096761372469
MM_RS16145	MM_RS16145	1.46554579642627	3.68832545511205	3.45826231874219	0.840135300993764	0.0541133214132479	0.333409913432311	0.20593104466809	0.378370888647724
MM_RS16150	MM_RS16150	43.5616045070979	286.665953595459	68.2107404336659	52.6248429851673	7.97978747894073	48.2951215193024	7.57829853790409	19.0558726885787
MM_RS16155	MM_RS16155	35.0805184008936	280.009971635539	67.4971768259889	138.93213330929	0.318532132104799	7.86310084942443	1.76083182658378	2.1993772241789
MM_RS16160	MM_RS16160	3.78754772340295	14.088207962297	5.02118492849696	2.39037777626377	0.154301062111689	0.922719695074292	0.321226374240509	0.648618084585395
MM_RS16165	MM_RS16165	2.29814654517188	4.37770587335856	3.5453827944773	0.979757417098906	0.0664997235625465	0.197546144630269	0.0542285930248536	0.121590241426965
MM_RS16170	MM_RS16170	17.858013684816	32.004727402777	38.6358331024988	10.0191312563935	3.70208810294652	5.71932487733115	7.39632214446298	6.75334533786848
MM_RS16175	MM_RS16175	45.6971137918984	67.1560421857553	62.6760663214679	15.1128455355161	2.48489252780814	5.0265213892757	4.83424882716832	3.62935736021996
MM_RS16180	MM_RS16180	10.5782297602227	13.8253201935825	6.93128166808738	6.27453477176115	0.153676747487229	0.548737689556303	0.242434041740875	0.259274806019262
MM_RS16185	MM_RS16185	1.80376239428443	3.64346921132907	5.20166752433099	2.68734788955153	0.078706777147	0.157922214094255	0.359421283112727	0.265096630765765
MM_RS16190	MM_RS16190	2.69590042516386	3.04904942110899	2.66158576730653	0.729348544259554	0.186347699344002	0.422107688551001	0.237770004880435	0.296184538647091
MM_RS16195	MM_RS16195	116.468259970636	87.1948090279613	74.7977359708574	11.8280869908649	1.70361385558314	5.47636208266691	1.26842627603555	3.16008647240183
MM_RS16200	MM_RS16200	2.25137561970705	3.88940179173652	4.98982314241184	1.82786443615833	0.0978448581804654	0.173896862938617	0.177580242615577	0.211392683473023
MM_RS16205	MM_RS16205	5.97904260737654	9.55553282516339	8.99141564933725	3.05412084685985	1.12988233711382	3.18160363207693	6.61085491142882	9.56559527895424
MM_RS16210	MM_RS16210	2.21841206143414	3.33846277846118	2.8291937332187	1.18825419160749	0.0478679049336437	0.119105229557957	0.0588531519433061	0.0432023934740497
MM_RS16215	MM_RS16215	12.892036724566	18.1335138010966	2.79764370706547	1.96567946522128	0.0926846140299236	0.334597276831891	0	0.09885649299062
MM_RS16220	MM_RS16220	47.8780334999201	56.0616468549372	217.519522751642	24.5992721739683	2.35918280526175	5.96295916634515	2.223369494166	4.9987650682974
MM_RS16225	MM_RS16225	28.9120864264074	18.1267343965832	27.0977572011251	5.02672884808152	1.18050403710008	1.45202439578745	0.425250751375699	0.558246185364679
MM_RS16230	MM_RS16230	6.05199854177555	9.71619981564696	2.84708149337561	1.38493918808576	0.0880624155739171	0.28451474974957	0.0274202505628244	0.128080144423066
MM_RS16235	MM_RS16235	4.52999855831926	15.4918028748111	8.10143642203471	1.39791735866148	0.200963472261374	0.970845378107304	0.417143674003412	0.60406044666216
MM_RS16240	MM_RS16240	3.08301789329085	4.5806918387002	16.302288368464	3.16495688778612	0.0561973971414474	0.129843375254167	0.155810977462861	0.15412883350742
MM_RS16245	MM_RS16245	3.44746476141028	3.64720389313258	3.55023245307426	1.60965456879798	0.0729085969620094	0.130166153654053	0.158901536349827	0.155525435181581
MM_RS16250	MM_RS16250	9.3096186603743	15.9925262201183	10.5820739470229	2.75080950086041	0.105556846468802	0.660519884166845	0.150633727356594	0.159495728779196
MM_RS16255	MM_RS16255	2.6562568274994	3.79621280060854	2.66856551088478	0.713663850136553	0.168549056959379	0.430730482947958	0.320707521288682	0.430363283091494
MM_RS16260	MM_RS16260	0.58626198243899	0.177515346414752	0.462243301999788	0.0363922688200866	0	0.0223985153920936	0.03320094921089	0.0310942705313226
MM_RS16265	MM_RS16265	13.9788783348411	14.8792928022914	14.2373542654772	2.79966245623959	0.639570603647433	1.20549662897448	0.538013852954965	1.01725093741397
MM_RS16270	MM_RS16270	16.5179216373454	9.23946033870371	33.8896669135175	16.8889533559798	0.267188497389158	0.480147279580514	1.25403374632836	2.27984247735557
MM_RS16275	MM_RS16275	1.805130883821	3.12686790417082	3.08600272298726	1.05705967234455	0.0962852067368128	0.133477514202884	0.13190708358986	0.0616159025629892
MM_RS16280	MM_RS16280	5.81717745199656	14.7831258586884	34.723847821682	6.16298411005002	0.0356245275892216	0.411553987654727	0.244027258685342	0.569959824007643
MM_RS16285	MM_RS16285	1.97045719950748	7.27046843139119	10.5166704307251	1.3936419550003	0.053706949348599	0.322625656536117	0.212554879362873	0.328420904852728
MM_RS16290	MM_RS16290	4.25652962007169	7.70851678290409	6.02045733008413	1.5385128375598	0.311889424500538	0.726819143893442	0.577074456697894	0.860316175258235
MM_RS16295	MM_RS16295	0.99200581787697	9.0631691132615	4.86120563902944	1.05728966524083	0.071762128288	0.378985070716223	0.222376427358587	0.218690643018639
MM_RS16300	MM_RS16300	2.26223833820744	4.42302505743661	7.97710385704492	1.60000718820229	0.0890635892080521	0.50415392307204	0.223693298709146	0.360975403558173
MM_RS16305	MM_RS16305	8.33663591202806	9.87864289437796	8.17182334645162	3.40560749059765	0.191939288144171	0.302365548043269	0.305449296710788	0.440457627310431
MM_RS16310	MM_RS16310	1.54047991706199	2.68272565588915	6.34265497509254	4.15360188751979	0.176492609217516	0.302057179393378	0.298506818627111	0.564732907035783
MM_RS16315	MM_RS16315	3.40815396762145	4.42952402696357	11.6415484946048	3.60931137742842	0.0921647302153728	0.147423270247961	0.501815400006078	0.536877225352515
MM_RS16320	MM_RS16320	7.20880617643101	15.118655191588	1.69202557436548	0.298161147929201	0.14339712341611	0.683333400358792	0.214867158822099	0.229418070912196
MM_RS16325	MM_RS16325	6.53303592603493	8.08614697456124	3.78420495036889	1.00376703266399	0.0574596478003568	0.212414124675021	0.104957748477878	0.171600670396925
MM_RS16330	MM_RS16330	148.661297398539	285.279901449318	115.505606762071	48.045770667596	4.98753602306594	8.07278864940041	2.56542612251054	3.97510694233728
MM_RS16335	MM_RS16335	8.95775976604652	8.30001648818604	4.28598362035878	1.26917883496952	0.583468556375903	0.894401654384288	0.589253401800819	0.394932866587776
MM_RS16340	MM_RS16340	4.67128578446159	5.5014311207574	4.3878908488129	3.23043093693744	0.178127178416104	0.451624620440582	0.388716735919924	0.363160973831861
MM_RS16350	MM_RS16350	15.1717432725973	45.9701671599004	11.3901340688935	6.16484458830027	1.66776684496411	0.999004911547364	1.19881256504784	1.91057972217737
MM_RS16355	MM_RS16355	7.45207515978887	10.047041878059	8.3727398970481	5.3821582271841	0.230517391465841	0.818266299311162	0.435421961143295	0.447027063431485
MM_RS16360	MM_RS16360	0.19586439931383	0.146079919839838	0.142195556716684	0.323234480639576	0.0971592472110577	0.149656781497173	0.14789565009451	0.0690856536585024
MM_RS16365	MM_RS16365	2.16990523095404	7.2075308080065	2.61444649130179	2.30013842060245	0.569211480588221	1.05211348612862	0	0.672952039495779
MM_RS16370	MM_RS16370	1.86337422448638	2.83197493621063	1.59858914897652	1.01221516458623	0.0192561332533634	0.113456607559951	0.0439699678142864	0.0760400301043251
MM_RS16375	MM_RS16375	5.05591654202992	6.92167852984717	6.88908617071365	2.28181702220426	0.125276107661766	0.318389190037613	0.261011233298658	0.157001569980694
MM_RS16380	MM_RS16380	8.04075995444241	12.3936016581428	9.4596677724587	2.33635408773433	0.28636517241759	0.685267188808109	0.241303280688253	0.276345795959008
MM_RS16385	MM_RS16385	47.3697408094626	58.6452587741912	40.3945154757209	13.3780337609825	1.01507882349801	2.58771443188657	1.06971405504504	1.54071569657454
MM_RS16390	MM_RS16390	0	5.20426796481177	0.844316149726703	0.319879048563511	0.0961512628719286	0.222155115671582	0	0.410215951878596
MM_RS16395	MM_RS16395	2.87552665777819	5.47550646423343	2.81673025923511	0.854624853459317	0.0823981792538108	0.453549763039903	0.0553339754004837	0.253316184297841
MM_RS16405	MM_RS16405	1.65731537685441	1.1536427639678	1.12297089476857	0.0607797298576303	0.0730765943518643	0.1266328829553	0.104286623464103	0.175373721844658
MM_RS16410	MM_RS16410	0.810244315596625	1.64806299910357	0.588225444428588	0.364674272129777	0.0487192430579082	0.168841922640401	0.0417140854150413	0.246819918651743
MM_RS16415	MM_RS16415	5.76696400324226	5.31593450560167	3.76334002492417	1.71095001154469	0.621433696248102	1.93090073541842	0.587135692198528	1.69131007800908
MM_RS16420	MM_RS16420	145.768094861319	151.320537520511	78.4750601920252	53.706031376541	9.54756863412122	13.7811736445354	9.59844686613409	9.5753333147734
MM_RS16425	MM_RS16425	1.55019779023024	2.22977863930315	3.58765259714107	0.578140536004376	0.0434454871574646	0.115436507209252	0.099199608653805	0.0602383888388167
MM_RS16430	MM_RS16430	0.21635979319032	0.490342799459951	0.361202968596193	0.0977469809184135	0.00293768408746194	0.037335662236821	0.00670843028475517	0.0344728376792932
MM_RS16440	MM_RS16440	0	1.03631410726126	0.892792920952255	2.32549924443318	0	0	0	0.126763075873857
MM_RS16450	MM_RS16450	4.16961189748246	8.70730156682167	3.43067524139137	0.458737259691728	0.137889533310868	0.637181853075083	0	0.0490242182205527
MM_RS16455	MM_RS16455	2.09746048330799	4.84994503647184	2.05945037258146	0.592593125325884	0.118751452277403	0.267511244755572	0.230472225318877	0.253316184297841
MM_RS16465	MM_RS16465	3.95962596411811	8.8435217486463	9.30024329582352	2.05004989501149	0.231082679980352	0.222460602371474	0.571595482320728	0.328624509652605
MM_RS16470	MM_RS16470	54.6914473726606	92.0443801511179	70.5065509801955	46.3743506850992	3.16059846191935	10.0039257047187	2.54456766987652	6.35237749775933
MM_RS16475	MM_RS16475	6.6852604187458	8.03470273427149	10.0724436847183	1.69353215666759	1.65355517387638	1.25722474950622	0	4.21556739231784
MM_RS16485	MM_RS16485	11.4051595309277	18.9622481508574	10.8358166051556	4.82145197412085	1.09658934086758	5.22585722485534	1.34994258653227	2.63879455821496
MM_RS16490	MM_RS16490	1.11624283586328	1.48137333343509	1.31089888066514	0.568891535961172	0.03799919339717	0.0972052915156878	0.123952278279522	0.11001021843392
MM_RS16495	MM_RS16495	0.73034209870557	1.3070674096429	1.27251772151374	0.241057197396024	0.175107765868713	0.418528306652265	0.454969182132754	0.721304998141735
MM_RS16500	MM_RS16500	6.9282338722621	11.3425580370701	12.022397781889	1.9520770282128	0.419121704397893	1.48482098677588	0.861276161060793	1.25167641387316
MM_RS16505	MM_RS16505	16.380367139472	28.7964799363515	46.1517636537206	7.2944464843407	0.709375789367123	1.86248324244257	0.368114889908818	1.23808897480632
MM_RS16510	MM_RS16510	13.2905094609293	22.8724555477782	15.5004748446432	7.60230019004165	0.308109483228804	0.667384689064422	0.512973558323344	0.273854818485504
MM_RS16515	MM_RS16515	1.32964200577604	1.68999470659942	1.21556023985102	0.352172515410632	0.138429849240401	0.423312343650576	0.204518298315562	0.468997293868288
MM_RS16520	MM_RS16520	12.40531238768	20.6946597619927	7.51908604920571	4.25180064019875	0.728479816875618	1.63145172077412	0.787895126466348	1.02916499953181
MM_RS16525	MM_RS16525	493.486115571889	1153.02063898146	35.4097698614621	12.3459159968362	7.77080099619629	27.0885864106881	2.08100639565564	3.4088629059274
MM_RS16530	MM_RS16530	11.5351340877298	19.2804350280879	53.8990511560274	10.0433872929188	0.274446438677888	0.877980303290084	0.80740286951382	0.56292273311187
MM_RS16535	MM_RS16535	3.95276487941822	6.60954103589558	20.5042624278976	9.24821560314756	0.199165446142928	0.515252312518122	0.496384363129896	0.505633432546282
MM_RS16540	MM_RS16540	14.1017415384288	12.854427562443	63.8903485103302	14.9400264090428	0.388625637669241	1.04755424123023	2.85921532707023	2.11856202525245
MM_RS16545	MM_RS16545	6.30861162933046	7.83706729041711	30.0185247737956	10.6745576195795	0.198180164153779	0.463339747186447	0.711076691066054	0.941128192859694
MM_RS16550	MM_RS16550	4.1472714389195	5.74276545765708	32.0339220167522	17.0535666644752	0.0956608921123522	0.274370285753151	0.402948534006162	0.752911461997749
MM_RS16560	MM_RS16560	10.5675534118927	26.7225741846686	14.7167422747335	6.6043527990567	0.238197596464205	0.8785019362399	0.343500393080055	0.62400417307518
MM_RS16565	MM_RS16565	0.388611091920805	0.613760901586268	0.531059907953739	0.27664859809514	0.0491392365325454	0.135365191452218	0.099250366007788	0.0564430681160964
MM_RS16570	MM_RS16570	18.0532231261026	24.700802632369	9.03926330244042	9.38504905538532	0.662795107677367	1.82331177805639	0.477652079657164	0.653908628057218
MM_RS16575	MM_RS16575	144.771861103006	109.369827215819	274.494317546944	106.713767356836	1.37200062941964	5.95447182359815	2.41358267821735	1.28708774242689
MM_RS16580	MM_RS16580	7.03438765886246	5.87809536968349	9.27788235720589	2.04622626311086	0.140064418438989	0.365826087020868	0.486667149695147	0.435182990463599
MM_RS16585	MM_RS16585	5.9422824224905	16.6654188417019	22.4781824579509	7.22583467496158	0.172381213636068	0.683710935808659	0.695350370890316	0.612859991606874
MM_RS16590	MM_RS16590	2.87268318146485	4.75072446746097	10.518265517618	3.71015915543059	0.123913966662943	0.57259735359788	0.495129528545316	0.815017288610445
MM_RS16595	MM_RS16595	2.93596650402269	5.4576832628732	3.71862310137491	1.61011455459054	0.120994444455465	0.419329488751982	0.82879991407066	0.387154526967448
MM_RS16600	MM_RS16600	2.64617420128347	8.69347567685542	11.1550123164462	2.03175313870932	0.140936188678236	0.361805766772287	0.429060372777424	0.384157718819248
MM_RS16605	MM_RS16605	6.80906878534031	10.9747697780322	45.5961136484478	14.7030639066037	0.52093493335493	1.02111811388956	2.30599118703835	2.77452260793343
MM_RS16610	MM_RS16610	14.9729155875749	42.9849011184844	115.622508798057	21.2439674153996	0.591514269208952	2.99735480474197	5.0186954118366	7.62814926716801
MM_RS16615	MM_RS16615	0	0	0.30273461270255	0	0	0.0265514053406277	0.0262387321562198	0
MM_RS16620	MM_RS16620	0	0	0	0	0	0	0.122925851787866	0.114845832431016
MM_RS16625	MM_RS16625	2.17920776488551	1.70100734400332	0.509501466468597	0.0544918883540131	0	0.0378428854366419	0.056098155563228	0
MM_RS16630	MM_RS16630	15.6673707787641	33.5931334227023	19.9661930542496	14.582748872738	0.899660076197724	2.7386335074833	0.910888654726191	2.26583192206399
MM_RS16635	MM_RS16635	1.641654957683	3.75170821339585	3.4884649423026	1.04948222781537	0.0489508070277082	0.0816831088211669	0.099349060862755	0.0986178936157633
MM_RS16640	MM_RS16640	0.44795401659125	1.33636173735311	0.97562350460875	0.492837813581038	0	0.0855679774197956	0	0
MM_RS16645	MM_RS16645	3.44721981775782	3.01075446573884	2.20627267202497	1.04795852487753	0.0374997416976015	0.16462274784189	0.0856248363163475	0.0639955336615599
MM_RS16650	MM_RS16650	1.3704623979447	1.64255668040162	3.53329580062993	1.18665245536555	0.0650127196388312	0.207045051826916	0.20661626894686	0.404804518056847
MM_RS16655	MM_RS16655	0.32016797807527	0.676035273971293	0.264933034813506	0.239352785753959	0.00696281073898437	0.0268107808405361	0.01589833120868	0.00742521254553991
MM_RS16660	MM_RS16660	0.38417281943547	0.340839792245983	0.628449374773109	0.264549328944483	0.00318059923225207	0.0257214037409207	0.00726394132556928	0.030534357331659
MM_RS16665	MM_RS16665	1.16543391111166	1.16007496325989	2.38981169212285	1.5521358096483	0.0456408044005679	0.0488202329827671	0.0482448649608559	0.135311296143723
MM_RS16670	MM_RS16670	1.21381028247251	4.16426368923691	3.61294116418648	1.1351094045031	0	0.115929320659078	0.206221489526992	0.256882449620699
MM_RS16675	MM_RS16675	2.63011707989231	4.22483764630735	8.60505786321773	3.34675805826236	0.0761845460641791	0.200027503579393	0.292556928799102	0.302871683793074
MM_RS16680	MM_RS16680	2.75431682384456	7.43210136460582	5.48414156128119	1.46319837806056	0.0351863722346002	0.325179064235216	0.241015655682349	0.37528182207458
MM_RS16685	MM_RS16685	0.188028864866115	0.412461997512247	2.8893909255274	0.724042279581126	0.0984555513949377	0.101767418364077	0.14789565009451	0.165807477575405
MM_RS16695	MM_RS16695	23.2384832287865	53.8181936715335	4.81374437343451	1.66970324980673	0.681136336226521	1.84638466974825	0.0316302910904156	0.117896723104183
MM_RS16700	MM_RS16700	3.93165446397958	8.3517589688582	9.74799211257847	11.7505177795789	0.0783617014272981	0.425802348449697	0.18223300006402	0.380747338421297
MM_RS16705	MM_RS16705	1.90117541989537	2.89104433732208	1.28890451481173	0.325546730650377	0.0305800654235799	0.128272712504721	0.0698223801096354	0.0260932276343266
MM_RS16715	MM_RS16715	1.83901031835963	3.61329796786762	1.17332511298927	0.237036428727153	0.0356245275892216	0.0205771229927365	0.0406707398053904	0.018998872888588
MM_RS16720	MM_RS16720	1.28353935049346	3.91460087837495	4.57926660016757	1.14988644808901	0.0909569651964163	0.315233454788727	0.574590166205726	0.446266726756942
MM_RS16725	MM_RS16725	4.2334250438103	6.20956952365227	4.2417323432938	0.642813717034723	0.386443941836126	0.613843821983321	0.441180100967369	0.566740323109577
MM_RS16730	MM_RS16730	1.94209432201122	2.53476726677508	2.55549267417985	0.600942688863999	0.140493492853618	0.162302778092709	0.206221489526992	0.14984995138499
MM_RS16735	MM_RS16735	4.22395477672552	6.14820322646142	2.84388636590366	0.805743148968101	0.219665668175216	0.624651134479506	0.302223384879867	0.516643998364668
MM_RS16740	MM_RS16740	0.738119059671175	1.26465940780501	1.28896395904376	0.834024061178361	0.0956608921123522	0.251504894461222	0.203356518879951	0.464413004546042
MM_RS16745	MM_RS16745	1.80962240492644	2.07500078353477	4.73185003643258	1.81928487972393	0.0199576358677573	0.055336321930467	0.0455688244647514	0.110691021983511
MM_RS16750	MM_RS16750	5.94766585798261	10.1748801697335	3.61294116418648	0.801254180474662	0.120422345235959	0.115929320659078	0.412442979053985	0.0856285436485656
MM_RS16760	MM_RS16760	1.64466616714965	3.85624814445105	2.4118754095803	0.434267658334084	0.141412938027824	0.314164251339104	0.0807211119509884	0.168231647223948
MM_RS16765	MM_RS16765	0.52686847157945	0.645552436080467	0.546426241935107	0.227721716427869	0.149345139110971	0.330680706783274	0.0781465861628499	0.119468297653239
MM_RS16770	MM_RS16770	2.19704605261901	3.46648357544426	1.03718296056828	0.278866386737827	0.0457225328604973	0.167262614040958	0.165294143098688	0.162556163427358
MM_RS16775	MM_RS16775	0.89432654916553	1.0308166912573	1.23950635798962	0.223618807438898	0.0403307247401556	0.0621204322280723	0	0.0143382317663875
MM_RS16790	MM_RS16790	12.385112523645	23.5306320095973	53.5878110644576	8.08526884416273	0.756426409701473	2.46932392592836	1.56556828581112	1.53030321985579
MM_RS16795	MM_RS16795	12.8791904949669	20.2921954943144	50.0176697473373	14.011577942894	0.847090514583142	2.27726501409615	2.72046446025166	2.08563213019723
MM_RS16800	MM_RS16800	47.5300164935326	106.82131418336	79.2016371328321	15.9684273237046	1.37139901714516	4.38724724050136	2.16782402979058	2.58788063294554
MM_RS16805	MM_RS16805	0	0.713729297227646	0.463169641282353	0	0	0.0609330688284914	0	0.225034205064829
MM_RS16810	MM_RS16810	4.80930354532979	8.7856720171584	19.5369759768319	8.96719303300712	0.0941035109036978	0.458143591338281	0.913186834920422	2.3587043427332
MM_RS16815	MM_RS16815	5.23399590223035	5.55239461535613	17.6231738801113	4.71593862593702	0.0671467405369875	0.155141132345237	0.0681417477221978	0.254642796822044
MM_RS16830	MM_RS16830	1.59483610846007	1.94626777071311	3.49642056202345	0.682121967218342	0.108081347786621	0.128632956254594	0.0585204092894174	0.188270813386912
MM_RS16835	MM_RS16835	5.21051592319726	9.39412691074731	3.85018804792911	1.67749836618417	0.197308393914532	0.15195945954636	0.0750842258058747	0.163682352476681
MM_RS16840	MM_RS16840	0.76034237126991	1.38629251898591	1.11454962856344	0.441541183678896	0.0244481606938776	0.096836401915818	0.0199363607033287	0.111756765857871
MM_RS16845	MM_RS16845	0.63733805883891	0.780268061946112	0.329737155105011	0	0.0354451790243766	0.025329458541059	0	0.0632224716870242
MM_RS16850	MM_RS16850	0.824333900475085	1.39771022914799	0.17117461983435	0.206118812241698	0.0123909426192946	0.0715732282247356	0	0.0264336294091221
MM_RS16855	MM_RS16855	9.25380345678548	21.99557540733	20.5069621867692	5.5762229474512	1.57685528446765	5.64031333615904	1.75353686687522	5.33208839497218
MM_RS16860	MM_RS16860	1.79227666692886	5.03890034979364	2.69217477837518	1.02272501854296	0.109343598445531	0.185453482434537	0.186214632498687	0.331700850925758
MM_RS16865	MM_RS16865	5.32486201e-06	0.79064860779328	0.896151520062303	2.33273169961794	0	0.0711841649748729	0	0.126712174673888
MM_RS16875	MM_RS16875	1.44526339703018	1.95618092491622	4.58554787401939	0.721417896353946	0.0885096518685307	0.20960998732601	0.293036303808942	0.391773810864674
MM_RS16880	MM_RS16880	3.29052776582055	3.09686136062204	4.69241374216254	0.948149821924616	0.13602340014248	0.217002189073401	0.103528083007357	0.290162290425709
MM_RS16885	MM_RS16885	0.65361616200348	0.415698128228752	1.61931041752715	0.331210305721238	0.0160119674411662	0.0231218848418383	0.022849268851354	0.0640082589615522
MM_RS16890	MM_RS16890	2.11033333721717	3.25664698400537	1.14916103266654	0.735299610450763	0.0290817103248744	0.0671926642262818	0	0.0744430049552844
MM_RS16895	MM_RS16895	0.37009920914304	0.724243383544546	0.191920656814997	0	0	0	0	0.0186489271387982
MM_RS16900	MM_RS16900	0.7063961942466	2.87088862909053	0.771442474936279	0.233151191586446	0	0	0.0266701696650754	0.0249161373850337
MM_RS16905	MM_RS16905	0.78085906459444	0.9318543004879	0.56539390564067	0.174749423995696	0.0220280901859685	0.0743831294737437	0.0444916406191118	0.115663432955525
MM_RS16910	MM_RS16910	0.866134067253585	1.19491122046398	0.817437449474318	0.357343248560896	0.0393840367459735	0.128223719354739	0.0531373099142187	0.12983941714701
MM_RS16915	MM_RS16915	42.5521384666902	119.360804353336	46.6308792102466	47.6298161936281	1.04649206516587	2.82943222415125	1.04220356918625	2.39858225158425
MM_RS16920	MM_RS16920	2.19675584763947	2.98867577474315	1.31440113666927	0.557736880491659	0.143699064670849	0.451901287640485	0.063799174103651	0.178809552842595
MM_RS16925	MM_RS16925	2.26406210344587	3.6882497821792	6.20353070369773	2.37038071533555	0.181144320728497	0.30692191099166	0.427393839654982	0.656902254880419
MM_RS16930	MM_RS16930	1.20652587124283	2.20295035893399	2.34524337915368	0.505680452628596	0.0997495853438197	0.318268148137655	0.157263201757375	0.314111305011323
MM_RS16935	MM_RS16935	2.6442199769258	2.85442308917258	3.81674076003672	0.896898369198529	0.192568143238628	0.241530465514743	0.314063947622905	0.205392704526627
MM_RS16940	MM_RS16940	2.26047048402013	4.63619570926981	0.974380129421992	0.349728840887672	1.46005169381856	3.29243190123781	0.586735273072662	1.42022937492191
MM_RS16945	MM_RS16945	1.24945757119846	1.25263186283114	0.697756395641359	0.299602710546947	0.095354410387617	0.134636058102475	0.0181429341959289	0.0734536128808787
MM_RS16950	MM_RS16950	7.17779684251578	20.0404583548226	15.9782776743785	5.10543159578487	0.219232053290591	0.658485227467563	0.28365747273408	0.38971549359091
MM_RS16955	MM_RS16955	6.42933690082118	26.5259848078271	15.0951791169342	5.79426032013933	0.361907241977324	0.836171854654842	0.387346287362383	0.820260112207295
MM_RS16960	MM_RS16960	10.1918497854841	11.880245384399	16.4339870645403	8.41290604595964	0.19272705968849	0.337338011280924	0.193354500292298	0.342600070369211
MM_RS16970	MM_RS16970	0	0.194773226453118	0.0947986890397902	0	0	0.0249432772411953	0	0.0690856536585024
MM_RS16975	MM_RS16975	9.43894890887318	14.6155993394096	6.359799682349	3.83328749525976	0.380943162435878	1.04314773968178	0.461051605051719	0.571839987081514
MM_RS16980	MM_RS16980	3.01631600932259	7.12375641999463	2.86758479974211	0.316051309646874	0.38000328514669	0.672203309462721	0.0406707398053904	0.392639131264154
MM_RS16990	MM_RS16990	19.9690552286805	33.7466604494042	46.213179452786	13.7194705365562	0.49659347370596	0.971488052957077	2.98256697666095	1.56595314778438
MM_RS16995	MM_RS16995	26.5372911550326	36.9411666014943	40.2381920065236	11.6195080760362	0.67059336489563	1.96900299635497	3.57270299245047	3.84443719936577
MM_RS17000	MM_RS17000	1.24504592302317	2.07533908605809	3.68614178225311	1.26277599701776	0.0932862263044039	0.193234747431791	0.425992372714451	0.456310169775909
MM_RS17010	MM_RS17010	6.86791916027483	15.8413762137776	12.6285407085905	3.25289220746865	0.306924420559828	0.901620939131739	0.585666548786019	0.851141233963746
MM_RS17015	MM_RS17015	6.32435458386303	7.85305653599302	5.56137943344027	2.75625540408301	0.228297101637759	0.646577010071766	0.48343277830523	0.428085454392862
MM_RS17020	MM_RS17020	1.86244503606564	2.09618030203426	1.86836193501497	0.68922710490695	0.190375096230522	0.436618306795879	0.326011664779907	0.492698165104052
MM_RS17025	MM_RS17025	3.2893296718683	9.81290092112889	7.21175441589235	4.48743657646821	0.0543902900830086	0.138232731701206	0.161445043754976	0.162432091752432
MM_RS17030	MM_RS17030	5.6529267584361	7.51143330632461	13.4268123469191	2.94537117006411	0.243380542964727	0.676413838411234	0.624166001782136	0.71480236984564
MM_RS17035	MM_RS17035	5.05840325258859	8.54700848965336	3.71028604783183	1.56566021335269	0.177713995646461	0.4524229205903	0.199129559234366	0.221130719292174
MM_RS17045	MM_RS17045	1.33159623013371	2.20684974065016	3.27596172014506	0.773170405032641	0.0672761439318757	0.254352261060217	0.230413008405897	0.26092591369327
MM_RS17050	MM_RS17050	2.70058896616366	3.9919608724907	2.20308249823902	0.524104526426915	0.112185932663075	0.159933815193545	0.136252477061406	0.147661199786305
MM_RS17055	MM_RS17055	3.37227770982908	7.40554016517613	4.96444045533237	1.75202017159445	0.123913966662943	0.42944801519841	0.282929950660324	0.264329931441225
MM_RS17060	MM_RS17060	16.1914809718223	22.2039207968569	20.020970914071	9.48151875432618	0.341139132215267	0.763244109930585	0.951463519529613	0.96720551386903
MM_RS17065	MM_RS17065	3.84313662035634	4.42509048336847	5.72757559884159	1.34068198361614	0.606563657010949	0.647928644621289	1.92566633364362	1.1210893853516
MM_RS17070	MM_RS17070	62.3061438182349	111.432951800246	27.8162992632351	17.7458165331618	0.751018709936145	3.02547687283204	0.923349585129021	1.31450440126042
MM_RS17075	MM_RS17075	27.7160904697893	55.3983246336844	30.5845378901866	9.14791816529005	4.76622443451714	4.44722350193019	2.92994851969856	5.67014871456912
MM_RS17085	MM_RS17085	22.489560024097	33.7146374447625	50.0095457022923	23.3790859329221	0.849149617726363	2.57080314929254	2.6408543703823	2.09245607231813
MM_RS17090	MM_RS17090	1.96616802315843	2.75817602128773	6.74015360103286	2.24441853446295	0.0894926636226814	0.280995888800812	0.193859253979129	0.3769138417986
MM_RS17095	MM_RS17095	1.40003934397925	2.03733791972135	3.95493373846297	0.92995984803858	0.084178043492273	0.277843035501925	0.164744271763872	0.355923459461208
MM_RS17100	MM_RS17100	3.544228153856	6.01305136839465	4.70841414795229	2.92163261755535	0.134066457574171	0.414165034353805	0.134137587312114	0.24099809390524
MM_RS17105	MM_RS17105	20.505005252418	27.3720705159551	8.62972721951276	5.23118431884121	0.491383284385461	1.07855537736928	0.224392622252912	0.471691876141669
MM_RS17110	MM_RS17110	11.943681463016	11.6573930485103	2.77780419462338	1.35731129142029	0.662245710807842	1.96726229855558	0.317270120482832	0.435157539863614
MM_RS17120	MM_RS17120	1.46949684403769	3.21857014473578	4.84764740043917	1.32893181082591	0.169566122238501	0.339015306180332	0.428118541875739	0.473012126015876
MM_RS17125	MM_RS17125	29.6564249249063	52.4763834830153	29.5510602867486	19.5127082097103	0.480758584594641	2.4437062723874	2.52473846358715	2.46129889259657
MM_RS17135	MM_RS17135	1.72821857694856	4.52173372131352	9.48594707670473	2.19291244674456	0.236231572955904	0.501787842122875	0.474135722967341	0.84935332931482
MM_RS17140	MM_RS17140	1.37596830526304	2.99041180084967	5.1214723016281	1.24539510528471	0.115811497954943	0.29627022379542	0.363622864081321	0.352952101912993
MM_RS17145	MM_RS17145	4.03782688759697	9.7130883227022	8.88168159699836	4.50869449130996	0.049824847501953	0.16116728979311	0.159273756945702	0.180686534591467
MM_RS17150	MM_RS17150	2.0661556195512	3.56855300780942	12.6907391900444	3.18543036257092	0.0988959769845572	0.259655049058345	0.369507897290352	0.20137469105404
MM_RS17155	MM_RS17155	3.98000154859937	5.82365092017375	30.8335795003024	9.47341561174837	0.187564545302951	0.458688279888089	1.1819047264655	0.898947004710031
MM_RS17160	MM_RS17160	5.92411399331238	4.53336064487818	9.67091275837148	4.47505392321321	0.170244922502914	0.424908943950013	0.254345100808889	0.555949268716059
MM_RS17165	MM_RS17165	2.3773911416047	2.46570458717868	2.13046641512075	0.46999048354536	0.337824589118131	0.624426342379585	0.175307441098337	0.504446798321995
MM_RS17170	MM_RS17170	9.02519914340317	22.2178624218969	4.58298186466983	1.56780818272329	0.258073503872033	0.635152960275799	0.0384289566711406	0.203448914952795
MM_RS17175	MM_RS17175	1.72360990887891	3.14606657236929	2.99655896851673	1.79649915492833	0.060000040763162	0.233936527267423	0.273996656359313	0.519965301662673
MM_RS17180	MM_RS17180	9.54538225072906	13.6042884594311	10.6332653381781	17.6024611395081	0.338680467712392	1.86767939829073	0.890027382239172	1.02916499953181
MM_RS17185	MM_RS17185	5.27924657959133	11.7702659048767	5.51358627088314	2.45926886273123	0.0979697211053575	0.442419672143831	0.101678259439976	0.0854949279986459
MM_RS17190	MM_RS17190	21.2653076872229	28.3392507220361	23.1167472595422	4.21742902325312	1.00861092398859	1.29339322199345	0.919066228423454	0.592165472494305
MM_RS17195	MM_RS17195	7.44469756347401	9.11309989489429	5.96282119343899	1.46896873554755	0.180635788088937	0.517823011917215	0.3284254589471	0.442410960859258
MM_RS17200	MM_RS17200	6.09569169699861	9.96037411320293	4.88316532908082	0.925027321816605	0.0868909743149291	0.461743146887011	0.138877760203528	0.296566297646862
MM_RS17205	MM_RS17205	6.71915582787046	22.3689768174456	17.7799233663048	5.70498200622318	0.257628537812418	0.716150164997208	0.477945344369066	0.661197043627839
MM_RS17210	MM_RS17210	4.7547849456404	9.23484428979997	4.60252415595174	1.3077971064643	0.212932151171034	0.170297307389887	0.261792332579397	0.401810891233645
MM_RS17220	MM_RS17220	91.1050582899127	84.1266366115867	42.3913463035382	16.1572802406614	3.89696734541315	13.337704942592	4.58175636977981	5.33513928564535
MM_RS17225	MM_RS17225	10.3700809042518	23.1622339157477	10.9362525888668	7.13041226510199	0.301221590244755	0.843183639002367	0.145490315486315	0.56841688138357
MM_RS17230	MM_RS17230	0.50917927998223	0.838856717366533	0.744826320042053	0.334446634333158	0.0527784232344012	0.0798415427718169	0.0243889085888388	0.0965023124920341
MM_RS17235	MM_RS17235	0.24432596846684	0.397736935049798	0.596631849575712	0.305459315370042	0.0110174504454813	0.0381858374865209	0.0628940012909539	0.0900983052708808
MM_RS17240	MM_RS17240	0.676941720038285	1.38133816755885	0.878115149325308	0.914882992284316	0.131251366176603	0.281589570500602	0.242600413067819	0.693283887558566
MM_RS17245	MM_RS17245	0.227645838220515	0.582107358910793	0.873557758202529	1.10915717036767	0.0430186829778333	0.136667832851758	0.0920851195371857	0.229418070912196
MM_RS17250	MM_RS17250	1.01703533175497	1.35734984784599	1.82644879774342	3.22921115318396	0.0501563018116667	0.115883209459095	0.0404197728884744	0.254887758846897
MM_RS17255	MM_RS17255	1.85335017175256	2.83360858129035	2.64614017434911	2.49782142196993	0.18387314319614	0.48973552722713	0.431496725768609	0.969680584717543
MM_RS17260	MM_RS17260	3.36250126317872	4.04666350024192	4.19954675329208	3.33394827534284	0.19695196701984	0.381440492115356	0.271142965124268	0.809373618063834
MM_RS17265	MM_RS17265	3.53560986469281	3.3099964016633	2.78069219356314	0.942075545253258	0.301444073274563	0.583914771243886	0.316333929287146	0.318269296783826
MM_RS17270	MM_RS17270	5.02053283397347	8.11375869235283	5.03774510080506	1.99657243961071	0.182422463032393	0.479510368630739	0.1207320061546	0.307363714690376
MM_RS17275	MM_RS17275	8.47791515087738	12.5929642254057	4.78148597018284	2.92925113224458	0.718297812909415	0.936870069569297	0.264530409841481	0.556057433765994
MM_RS17280	MM_RS17280	1.03041937241711	2.44522393047078	0.816070232137484	0.463768354297822	0.49565586665177	0.501021243423146	0.0707331926283307	0.264329931441225
MM_RS17285	MM_RS17285	2.93479503438049	4.82262265636468	4.0921260723166	1.33253777087827	0.0539203514384146	0.213564022724615	0.0263825446591717	0.123234986450977
MM_RS17290	MM_RS17290	1.29012620479983	1.34108461863263	1.76082731926142	0.567753892527793	0.0255991698378832	0.0197154199430407	0.0194823643704806	0.109214887184398
MM_RS17295	MM_RS17295	1.94308208391407	3.25374915581218	3.47124592975611	1.4962516428686	0.0710129507386472	0.295333590045751	0.113501903065019	0.26257384004228
MM_RS17300	MM_RS17300	10.5397709443555	22.7701813533595	24.7673253431204	6.15753820682742	0.406210877964048	1.13910514684791	0.875135738551155	0.960852407847846
MM_RS17305	MM_RS17305	28.5553180093064	30.4104723102775	8.31094266416043	4.24545530047107	0.850752403634979	1.44965255093829	0.412784181266871	0.612494139232094
MM_RS17315	MM_RS17315	145.935050584781	463.444227838874	5.19704573529017	3.83859786695419	1.6028449347252	7.38144630999444	0	0.0460337727223489
MM_RS17330	MM_RS17330	24.506087929715	38.3615252943088	6.25617352485182	0.296280134598922	0.712461038729458	1.95476328140999	1.06755968735376	0.617418830329136
MM_RS17335	MM_RS17335	6.29274087810966	11.745738971936	3.37743302423092	2.01377262263954	0.138718169085152	0.852244489799168	0.359923216946559	0.645618095112197
MM_RS17340	MM_RS17340	4.42236446008012	8.37531105636993	4.86749682025327	0.894089170251125	0.162501150924605	0.433214723847081	0.285414241152492	0.193319576158879
MM_RS17345	MM_RS17345	16.0436015665116	24.3545188403069	13.8864995469413	12.9503660773684	0.486588548069604	0.782956647923626	0.615029678065194	0.691985906959346
MM_RS17350	MM_RS17350	0.495108332120805	3.32332374054256	1.43776277920247	0.817070299109823	0	0.378302048566464	0.18692523545445	0.174635654445102
MM_RS17355	MM_RS17355	7.77751208882303	15.7532528578014	21.4048920801066	8.18038733483796	0.0851905683013982	0.241660153264697	0.163568393063265	0.140423685415652
MM_RS17370	MM_RS17370	14.1022580500438	61.7424762427326	217.841829377742	16.1616788548027	0.410229193910576	1.94552663166325	1.65150330595736	1.40475222880621
MM_RS17375	MM_RS17375	40.9163089080461	68.9648033347854	40.3575907002544	14.2222760779813	0.629059415606514	2.34326166907286	0.718160161799683	1.5472787700456
MM_RS17380	MM_RS17380	6.20499247704687	16.569692581649	9.63509265488365	3.31853053726016	0.256502501253391	0.888957650836209	0.276565542441453	0.805543302766135
MM_RS17400	MM_RS17400	15.5000822514269	26.4958936886475	22.3255445311399	12.8921368044499	0.369067563161138	1.16064195919031	0.760759681056428	0.76541406924024
MM_RS17405	MM_RS17405	46.0305060647755	31.952922603219	28.583863002031	15.1146567295743	0.586769478063051	1.23304807096475	0.542285930248536	1.19207429003396
MM_RS17410	MM_RS17410	2.23145797335864	1.79534033182201	5.19517324198103	1.92593176432513	0.165402511252098	0.323363435735857	0.363137849365484	0.610671240008189
MM_RS17415	MM_RS17415	0.41532858705598	1.5441061947662	2.86444416281619	2.28470425445576	0.326207796633168	0.35701020197398	0.333210749486498	0.531045856631017
MM_RS17420	MM_RS17420	2.33476828364565	2.63874187650842	4.88559758890831	2.39871091173787	0.346317538245793	0.478781235280996	0.311111561532893	1.19290461585846
MM_RS17425	MM_RS17425	0.931480773840305	1.34704942628066	1.32256976488825	0.576945394346928	0.0245412403287972	0.0598004624788912	0.0896544062519991	0.16228575080252
MM_RS17430	MM_RS17430	1.83304647290843	1.75471286958054	2.85742974343592	1.07009123412834	0.0186999256788439	0.0475291193832228	0.0256183644964274	0.0877632127222834
MM_RS17435	MM_RS17435	1.16478161551544	2.09522326200118	1.53946690653047	0.448654535399513	0.0224775967155801	0.0830895004206705	0.0872434319378059	0.14863468523572
MM_RS17440	MM_RS17440	1.51172299977699	0.991466766176266	0.599029433601174	0.201732519148385	0.0151606293169017	0.131347753153636	0.0951869578361478	0.0970145058167264
MM_RS17445	MM_RS17445	0.40318257681117	0.585316781533352	0.365879248183044	0.0277223580335837	0	0.0288800209398057	0.0285425520564489	0.0799944170769498
MM_RS17450	MM_RS17450	3.38124211502292	5.78163018569808	5.44829173567733	1.99610834680214	0.150001237025404	0.315066301688786	0.44368695028353	0.472693993516067
MM_RS17465	MM_RS17465	4.28025454275724	4.69197556347687	12.4183112283083	1.58025244121836	0.107954214626731	0.623567521279889	0.616233755295791	0.806004594890858
MM_RS17470	MM_RS17470	1.27759147962829	2.30872776500871	2.33865993045567	0.351396289385692	0.040766609859779	0.0834872095205301	0.0655333836980707	0.081034710351325
MM_RS17475	MM_RS17475	9.92161570090762	17.9475319889008	14.9316084051145	2.6691661296975	2.02375331406655	3.37543206120852	0.710893400621115	4.31701030253191
MM_RS17505	MM_RS17505	2.12916471171553	2.83563839643027	2.72344244442624	1.17124703833088	0.100589572293094	0.232406211817964	0.0287089233833932	0.151990983108704
MM_RS17510	MM_RS17510	11.859545980827	16.5185332276946	13.9268473194359	7.01997049771219	0.335699649159967	1.28214785309742	0.625714101078618	0.606497341610696
MM_RS17515	MM_RS17515	6.41703380714708	17.4763344414515	17.2167734804235	4.97950227104031	0.292179244247567	0.515183145718147	1.00654370816018	1.02784156833261
MM_RS17520	MM_RS17520	3.47934471026415	5.97270434113962	10.4729293833184	3.35705434738683	0.12833865467412	0.148261917697665	0.474919642101078	0.335133500598696
MM_RS17525	MM_RS17525	11.1987838540061	11.1843971560685	9.97912119410737	5.38495099806748	0.598132004228234	1.2292323691661	0.796258810461549	1.15495777128125
MM_RS17530	MM_RS17530	2.03393487952869	2.76998545016103	6.28005524507238	1.78090070814143	0.0652874180735939	0.132321852253292	0.350795352788614	0.269493221913124
MM_RS17535	MM_RS17535	2.10322464643382	2.82528010732806	5.40943502266964	2.93792925706309	0.0639207366047747	0.159406418343732	0.208784735903135	0.418156539073826
MM_RS17540	MM_RS17540	1.73183149582235	3.37259127117568	3.60849275415577	0.850250881414019	0.126013934036128	0.292509279046748	0.182853367723812	0.323368960755762
MM_RS17545	MM_RS17545	4.43809410245767	6.37247109132935	7.41322577932117	2.76212432995412	0.119748085441542	0.576407291496535	0.23240664447623	0.566234492434881
MM_RS17555	MM_RS17555	1.88280464596087	2.7122470023979	2.7155016857634	0.87243287485689	0.0395838174258009	0.0628755031278057	0.0451909641628778	0.0949943644429398
MM_RS17560	MM_RS17560	1.39506858529291	2.13879751727473	2.08846411150115	0.362645406223319	0.0733308606716446	0.132797374003124	0.0701438433515279	0.131061045946276
MM_RS17565	MM_RS17565	0.463334880507135	0.677998318876353	0.773661726265632	0.127440706634385	0.00766204311838025	0.0088504684468759	0.0174943680061459	0.081715513900916
MM_RS17570	MM_RS17570	4.05801077704588	5.18087167451472	2.21725499389366	0.632866524270673	0.314747650363069	0.667278056914459	0.189536419331576	0.302502650093296
MM_RS17575	MM_RS17575	0.981262908771795	1.51103712311156	6.56628417601287	2.39384820478798	0.0705452823290513	0.0692705501755484	0.30604146584059	0.361163101733061
MM_RS17580	MM_RS17580	0.71816946415071	1.44617651696273	2.03337912314757	0.474076964470311	0.166251579141364	0.548737689556303	0.0677864462443167	0.227983293338058
MM_RS17585	MM_RS17585	0.114146404477365	0.170264098908304	0.124302842873776	0.188376503100205	0	0	0.00538591922819772	0.0301971368818615
MM_RS17590	MM_RS17590	0.273588747642795	0.400621409196009	0.670342697300647	0.144230188062725	0.0169654661403424	0.0522612812815524	0.0387335007950387	0.0583041432399785
MM_RS17595	MM_RS17595	4.44101212683914	6.45290251624894	9.32208409741083	2.47225935435497	0.110244881739752	0.367921264670128	0.265703468689088	0.339689157995959
MM_RS17625	MM_RS17625	454.425289442831	504.98694530044	528.930159823089	212.436351578048	47.0251346762619	246.130394901269	68.8552523066961	140.979866921093
MM_RS17630	MM_RS17630	2.08498699404957	3.83573632830022	15.035913217594	7.72779827810568	0	0.0265514053406277	0.209915496955756	0.122573270851374
MM_RS17635	MM_RS17635	1.10864425777501	2.48052312796994	5.63399551655854	1.82958527586441	0	0	0	0.391045287440111
MM_RS17665	MM_RS17665	4.24755989001584	4.00049410850657	4.30330666031134	0.987174688003892	0.186122946079196	0.469034480384437	0.382806324033902	0.38405591641931
MM_RS17670	MM_RS17670	12.2450233914549	23.4835634453658	26.0340571593826	5.77367184890639	0.144623050315051	1.00244595984615	0.49532691825525	1.3882856906161
MM_RS17675	MM_RS17675	1.06703578602887	1.80871218419117	0.652123040181541	0	0.238613049468846	0.0851097473699573	0	0.0703327330577533
MM_RS17685	MM_RS17685	25.0634918224908	41.188750641146	42.3895877450071	14.6572213939562	0.20917491224928	0.845762984251456	0.223879409007084	0.453179745977789
MM_RS17695	MM_RS17695	1.7100820969425	1.442054567797	2.02005370779944	0.637770301380613	0.0287547964851568	0.105194056912868	0.169616977746241	0.194245341733323
MM_RS17705	MM_RS17705	333.067450969633	319.960895600599	85.7913126141512	22.7415086612937	4.77216336927201	14.6018636637957	4.93275193213136	2.40739134050395
MM_RS17725	MM_RS17725	1.41549741839428	2.14246988019236	3.50609015710135	1.2367210874822	0.0275356802912101	0.05566774618035	0.125748524639921	0.110137471433844
MM_RS17730	MM_RS17730	71.1300046041779	68.4381775896992	36.6220408538071	15.1305303464336	6.45151522343111	16.2218250499239	8.66345692782496	7.68786273738214
MM_RS17740	MM_RS17740	20.4998640981474	19.7208025324251	16.6080645443724	7.35450748639746	0.982519113156137	2.6105827051285	1.17777082196888	1.10033760238906
MM_RS17755	MM_RS17755	3.34901072527638	4.8133905585572	3.17591212394207	1.8606918150861	0.0727178972221742	0.332948801432473	0	0.0930314869191189
MM_RS17760	MM_RS17760	160.674811764386	199.203489404014	329.869076716957	44.4803181140847	7.67708342524226	20.0295409651298	9.65079743706157	21.0686715642697
MM_RS17770	MM_RS17770	373.069715364491	431.48378245586	163.328585555259	59.6336136502339	3.93751828294812	11.6967658424212	7.10677117896087	5.95956975627027
MM_RS17790	MM_RS17790	197.052471875777	332.268501647583	31.0371462729105	27.826672133094	1.63077336567107	8.28006425722724	0.485319259961598	1.08083608015078
MM_RS17800	MM_RS17800	52.2895086171898	20.6069993463117	7.11774336292704	3.26866725594376	0.0491256151225571	0.227008319469869	0.280423101344162	0.314381717636161
MM_RS17805	MM_RS17805	1.06818063136102	1.4961696174814	0.45730943074078	0.123313155549385	0.0317015615126109	0.0575467775796867	0.0723799867797796	0.0627929928122822
MM_RS17810	MM_RS17810	0.765419627196445	1.47269320290251	1.02922734084743	0.187136184266702	0.0468758122395009	0.0812277607213276	0.0909740974555575	0.129992120746918
MM_RS17815	MM_RS17815	6.2853606193638	4.68770226844544	10.6471455663586	2.30503809069639	1.73215979044847	11.2058487156945	0.791005424324307	6.28148485150191
MM_RS17840	MM_RS17840	290.221547853144	651.105569619756	989.50286589416	409.789707412903	96.1716473119759	156.213943996258	275.704539806133	215.9260334194
MM_RS17850	MM_RS17850	10.8012855673906	12.8329052900712	7.04061942554603	2.288207539108	0.360990067038117	1.0535775167281	0.342724933505315	0.555268465166468
MM_RS17855	MM_RS17855	0.995118199721815	9.73706328836809	1.53871394625801	0	0	0.197341526180341	0	0.198479685305779
MM_RS17890	MM_RS17890	0.251304200130945	0.344654598331327	0.222772213241804	0	0.0442514205817683	0.104983674562942	0	0.176693971718865
MM_RS17910	MM_RS17910	18.8844553853117	34.9678435316135	11.8187864261068	3.94038204460549	6.13748496732742	15.7974867320737	2.8273171499449	12.1735405286627
MM_RS17915	MM_RS17915	19.4252110970132	21.6423608648888	264.831122631366	70.8564825485736	0.531720819830611	0.56511869335052	6.36173217837418	2.16195529822638
MM_RS17920	MM_RS17920	2.6878305967877	1.33653088861477	1.67276564318573	0.281622194477165	0.0848182497617199	0	0.193284003967322	0.135505356968606
MM_RS17925	MM_RS17925	7.11554121832586	6.57821689304545	6.28685170226853	1.64197678475714	0.0902849756369968	0.146022642548456	0.139151285944436	0.204050185377433
MM_RS17935	MM_RS17935	0	0.668850796699711	2.32729122107874	0.423897442921522	0.0366733761583155	0.139656415000703	0	0.223224031140916
MM_RS17940	MM_RS17940	0	0.740352815543216	0	0.437487558881985	0	0.140025304600573	0.291169561123566	0.234460471034167
MM_RS17950	MM_RS17950	0	0	0	0	0.144527700445133	0	0	0
MM_RS17955	MM_RS17955	304.312410698486	356.302990752177	1289.92040682986	257.40195470328	4.32848453290034	19.3765429704603	37.988481533423	30.0085256666998
MM_RS17960	MM_RS17960	0.056089433982335	0.121312614053543	0.0387279171716089	0	0	0	0	0.0178058760143046
MM_RS17970	MM_RS17970	2.54662590600652	2.96674842961315	2.42979289185323	0.560353049686828	0.080175619190731	0.13898492065094	0.0457831332926797	0.111196852658208
MM_RS17985	MM_RS17985	2.2647729725242	3.91311412781193	3.15304095566612	0.819312729848539	0.492550185174453	1.05114515092896	0.615971508966878	0.878249304272463
MM_RS18005	MM_RS18005	2.30652787797562	2.64679436683326	1.1751728378684	0.119682553400987	0	0.0253870975410387	0	0
MM_RS18010	MM_RS18010	0	1.18797156738691	0.19081103115032	0	0	0	0	0.0661015708102948
MM_RS18030	MM_RS18030	477.044326149132	585.369578983735	475.985000351175	113.112301155819	14.5714624706807	41.9712759282347	22.4023813679165	47.0395486204948
MM_RS18035	MM_RS18035	0	0.241663736725015	0	0.1908489267352	0	0.427557455999078	0.155692543636901	0.483459597309601
MM_RS18040	MM_RS18040	13.7378804051305	28.9752772712757	18.3140842816964	7.4970127277381	0.629656487410998	0.765682239629724	2.3835315048064	1.27246955406067
MM_RS18045	MM_RS18045	4.69504265631921	7.40745424524228	5.68086729351911	3.15236888373087	0.0862598489854744	0.0996491851148251	0.196955452572093	0.27600857550921
MM_RS18050	MM_RS18050	1.00427962481002	3.72345550134955	2.13436001231913	0.826771070913574	0.134391101178891	0.323654512685754	0.0861803473571616	0.240050059055809
MM_RS18060	MM_RS18060	0	1.59781172034342	0.291053821107429	0.229528803470058	0	0	0	0.059214002189432
MM_RS18090	MM_RS18090	2.7037519341976	4.01995095494653	1.45065227018233	0.337769210281183	0.210028520608542	0.352018664575742	0.653647564887271	0.376554352073816
MM_RS18095	MM_RS18095	1.5021968216411	0.949072118385346	1.2688519938715	0.25327146299482	0.0505967274012861	0.100551235464507	0.107577391914002	0.0554727639916792
MM_RS18105	MM_RS18105	1.3174800209452	0	0	0	0	0	0	0
MM_RS18120	MM_RS18120	14.6359716317371	30.4080107142854	78.1730587248511	6.9010272071921	0.172862503455653	0	0.394697644130923	1.65936003105327
MM_RS18135	MM_RS18135	2.77727496640067	2.10246115546066	3.69650489337143	1.33896114391006	0.122220371354406	0.279090919851484	0	0.164022754251477
MM_RS18145	MM_RS18145	4.67361541159097	4.63211827359399	6.19981543919547	4.27069702083765	0.12837270819909	0.148299383047652	0	0.547677823721027
MM_RS18165	MM_RS18165	2.488843165905	0.928106264637422	0	0	0	0	0	0
MM_RS18170	MM_RS18170	11.7662703729979	16.4539441538343	54.4559544438589	33.9810807937257	0	0.842846450852486	0.555288272427185	2.33451036612273
MM_RS18175	MM_RS18175	34.1260661723422	59.5240440920076	33.5660475606262	23.9199758337613	8.82826737734268	24.4978689869026	18.8067275919067	38.7321864662348
MM_RS18185	MM_RS18185	107.213226470727	201.460203156062	590.332717685843	183.826438636677	13.8139554291202	83.2491546867141	90.6811090892495	141.935183823444
MM_RS18190	MM_RS18190	9.28430692880977	15.2335845711883	2.69610305137557	3.06435963776025	0.460553493112097	1.77348286257398	0.350524646900705	1.47365654693982
MM_RS18200	MM_RS18200	4688.17782291647	17294.5088226492	33.4617427481466	38.3945048347682	103.65022138899	327.523876393388	0.745789081484438	0.696754713131481
MM_RS18205	MM_RS18205	5.26769961632265	19.6432822897457	32.5056962106218	16.6617655516325	0.21775186007187	0.503107775222409	0	0.464502081645988
MM_RS18210	MM_RS18210	0	0	0	0.453262607357095	0	0.314786752538884	1.08880163999566	0.290633126525426
MM_RS18215	MM_RS18215	10.535231499492	1.96432689356987	3.82420101115727	2.17327269620877	0	1.25777232000602	2.23736442460031	1.62576205774846
MM_RS18220	MM_RS18220	357.548746341829	726.770561261291	399.999251588329	201.490952681004	2.56633720836277	8.00471987237444	4.68775182416134	4.92698801369051
MM_RS18225	MM_RS18225	11447.3487427744	13768.54451919	5180.77733013397	2283.96764881422	108.468102750652	224.213623389055	154.37725986358	155.642208896961
MM_RS18230	MM_RS18230	94.9399094249815	607.401602036604	75.065997882665	45.8007032246043	3.67610753362897	5.00350037268383	5.09025482139366	0.871816665126327
MM_RS18245	MM_RS18245	90.8427396127141	119.725587951805	16.2617127264133	19.8520093369613	33.1285472336831	48.7302988510988	13.3900522270483	10.3150136461041
MM_RS18255	MM_RS18255	35.993939905227	180.603941620297	187.667976825636	88.2006698795928	1.08212113322508	5.00039651253492	10.1920315621415	5.77086946400862
MM_RS18260	MM_RS18260	108.724361073251	461.578022031114	722.531582484166	312.271565319271	3.45726596075804	8.58696887651891	23.8791553026404	7.74367908447361
MM_RS18265	MM_RS18265	3.49857811184427	1.31701172328894	0	0	0	0	0	0
MM_RS18270	MM_RS18270	96.2268220755583	121.523260790498	81.1266097914896	35.0047832820778	43.1144551114606	44.7671305529478	12.5983305600622	75.8208781691818
MM_RS18275	MM_RS18275	526.390128575368	1280.78534540574	118.349121601525	99.2600425777905	8.23069612115896	60.1403221964212	0.469826987584783	10.5344837137473
MM_RS18280	MM_RS18280	21.3539054037763	100.490899437298	19.6772495033794	2.04290779417884	0.460553493112097	1.06409087032439	0.350524646900705	0.327479232653293
MM_RS18285	MM_RS18285	157.377798316637	338.945111158727	52.6403938479501	47.5924957391909	8.58340891139422	23.7664819522607	7.9326863834135	8.57366768852506
MM_RS18290	MM_RS18290	9.95537000118901	8.35294747903881	37.0405629231443	2.05365585506386	0	0.237708999816092	1.64439163669374	0.438936953961344
MM_RS18295	MM_RS18295	240.463550521145	292.2078252218	616.732668954466	972.934402660729	124.963464519246	406.305253510779	414.321102666064	1143.06708872082
MM_RS18300	MM_RS18300	316.403532265697	522.961301118361	3632.7854123524	2477.07611611681	1.63493470642247	6.13836328913324	19.4428610498169	27.7554349512532
MM_RS18305	MM_RS18305	36.8079249363857	57.0166659755746	51.3883150348848	12.4602594294307	4.68173763906514	2.70424319814544	2.67243954382473	2.49673567175029
MM_RS18310	MM_RS18310	35.6970468989974	130.802854491705	33.8027544925945	6.8302017161863	1.28316860418139	4.44706499468024	0.585968273056918	4.92698801369051
MM_RS18320	MM_RS18320	35.4890072026977	37.4734233030541	21.5347083755018	6.79892678930842	54.9065687643826	41.3946006153882	9.64366038912096	31.0977127249706
MM_RS18330	MM_RS18330	4.69994419179941	15.7737557712543	5.11811865620405	0.646353964831012	0	0	0	0.828891046927111
MM_RS18335	MM_RS18335	2.09085232955358	3.89846473828233	2.27688746599801	0	0.345727277146303	0.399395040609019	0.197347412138962	0.921865269996264
MM_RS18340	MM_RS18340	2.04207925597299	1.52951467277348	13.1899865264867	4.10311433977063	0.0791676348516018	0.182911602535435	0.85148281159507	0.89327152091344
MM_RS18350	MM_RS18350	3.52495747824181	14.8974365007789	5.11811865620405	0	0.194286711132143	0	0.221806817052777	0
MM_RS18365	MM_RS18365	830.374040549164	1692.54479986077	600.422751909558	354.329380577901	15.948518913441	32.4012105041628	24.2767207372713	34.4119439375048
MM_RS18370	MM_RS18370	0	1.30464142444277	0	0	0	0	0	0.154252905182345
MM_RS18375	MM_RS18375	51.3592578864738	179.713591697802	35.3738407768822	16.6617655516325	1.30651570090121	4.52797862285168	4.72332426974444	5.10953562340586
MM_RS18385	MM_RS18385	190.078585299072	390.965872364413	85.5067778438238	19.3906805501704	5.24572530892287	4.73272387857941	2.88347452242111	1.03611301332764
MM_RS18395	MM_RS18395	8.19018356973602	14.8345522935821	7.92790880134893	2.57451173183084	0.193467156297851	1.04298923243184	0.515361973813545	0.756608161645529
MM_RS18400	MM_RS18400	1.6479356324238	2.45810168310194	0.598187306980661	0	0.13624361293729	0.157394817244442	0	0.145316563262713
MM_RS18410	MM_RS18410	2223.59626188928	2611.58197954212	8592.44645235533	1887.72589062845	963.252164503243	4145.1992459336	1533.23819744163	1489.42540783255
MM_RS18415	MM_RS18415	31.8305128349692	34.7408870519549	16.9085898131176	7.2601857568272	1.412088439015	2.8176767501054	1.46554809993459	1.9168692016986
MM_RS18420	MM_RS18420	38.484361892718	82.8447994480252	32.3838256275755	12.5096175477785	1.4462418543255	4.6780792246487	0.330218885454499	3.54783908846892
MM_RS18435	MM_RS18435	0	0	1.6661475186857	0.257649542056124	0.209104534964341	0.174718218688327	0	0.239547409706111
MM_RS18445	MM_RS18445	18.355318522516	29.1322095799558	9.59858398904139	5.54114903076871	0.888317982147523	2.62966985997176	0.866247561898129	1.61858816987776
MM_RS18460	MM_RS18460	4.09734553271374	3.62610449891492	5.73839444907218	2.23852907351182	0.118015896138038	0.195347216781045	0.303653050350389	0.340051829045741
MM_RS18465	MM_RS18465	0.64635305022184	2.16411233898693	1.43384441357409	0.711113393197463	0.0148427964171763	0.106318017412471	0.0169473165243289	0.0886603463717445
MM_RS18475	MM_RS18475	50.0423529506257	73.6623030223601	24.8572941883072	13.0396443912846	3.48404111232491	22.6398988781584	3.72893976771619	10.6835733284577
MM_RS18480	MM_RS18480	24.6338526687829	38.9491656800155	13.5916561560416	7.04652235618436	0.814651126696169	2.07044187241916	0	1.21645278349431
MM_RS18485	MM_RS18485	2.15450040515911	2.55002203976747	0	0	0	0.19210214108219	0.26524947235624	0
MM_RS18495	MM_RS18495	2.86684180783988	9.31887240470434	1.82105918737214	0.788493681747204	0.296263397009038	0.889856819235892	0.33822726797182	0.56878273375835
MM_RS18500	MM_RS18500	8.74644527961067	12.3941046605788	5.71479508895379	5.29253081690752	1.30161653377545	2.0048919196923	0.825545803709749	2.15955339785282
MM_RS18505	MM_RS18505	6.00424517926987	12.1060712214138	8.64719391635941	1.23297138186966	0.0617685538266341	0.642219501673305	0.634664314497623	0.329410296927133
MM_RS18510	MM_RS18510	17.772251457283	21.0517024645662	15.9381974009281	3.45051360359605	0.864317057748259	1.59757439853608	3.94696798175023	4.42495902236706
MM_RS18520	MM_RS18520	8.84189076870892	13.021847249346	13.3256481713654	3.20155040039045	0.351625347671208	0.70552153340096	0.676096414612759	0.532951470304873
MM_RS18535	MM_RS18535	0	0.779693837926264	0	0	0	0.399395040609019	0.197347412138962	0
MM_RS18540	MM_RS18540	150.398443106648	331.40293683627	339.501846093106	53.0011935037992	2.13714701174858	4.48890514476547	6.65417349320032	4.55889916743661
MM_RS18545	MM_RS18545	2.95606253324843	5.87911917995144	3.57674953424842	1.08407973064129	0.162930225339234	0.9411094180178	0.186008783229756	1.56400935821055
MM_RS18550	MM_RS18550	3.71372383649631	6.23191974693642	1.34805152568779	2.04290779417884	0.767589155186829	0.177349439037398	0.701052113654408	1.14617731428653
MM_RS18555	MM_RS18555	3.52495747824181	3.5052770819014	5.11811865620405	0.646353964831012	0.388573422264286	0.448889649891548	0	1.03611301332764
MM_RS18565	MM_RS18565	1.18055385678906	4.31433201777274	3.15439331194495	0.194824518228016	0	0.112753411760199	0.0222852982515427	0.0624621350124809
MM_RS18570	MM_RS18570	1.4707827982131	2.19386070429423	3.20329114648076	2.42722181684441	0.486393307859773	1.40474312410414	1.66586763713455	1.81573169868435
MM_RS18575	MM_RS18575	21.6777901355345	30.1304824587394	30.7600568926456	16.2612041736513	0.325860450678468	0.9411094180178	0.372017566459512	0.868893027453083
MM_RS18580	MM_RS18580	250.553447836155	335.697322359214	396.794122624342	195.155597109225	9.34913193341267	13.3416733877406	3.9763593095594	7.62537515176967
MM_RS18585	MM_RS18585	60.1066030677642	290.281481689171	77.2578206526191	22.765686664515	3.91032313790661	11.4815360525972	3.34814963857661	11.4694051415357
MM_RS18590	MM_RS18590	201.935820289787	510.168333331438	181.848634193589	118.754610097807	1.77118058959476	5.18329946922036	1.86651427728241	4.35949371655639
MM_RS18600	MM_RS18600	841.002867148206	2727.35629195121	336.305371218565	129.682040799829	4.73264765889615	11.1280994686219	10.5726750589251	2.63362172376807
MM_RS18615	MM_RS18615	7.80913111943841	32.1887239133228	16.6639619372305	11.1918198573421	0.0862598489854744	0.298947555344475	0.591004530513233	1.56405071543552
MM_RS18620	MM_RS18620	1.4069350402822	3.02428211532269	1.75094471568539	0.530712715178921	0.0319036124274364	0.202704835128448	0.110580535357997	0.170137260897804
MM_RS18625	MM_RS18625	3.27217562890309	3.6682676765583	0	1.80001476062859	0.270530283306271	0	0	0.288542996001681
MM_RS18640	MM_RS18640	18.5686431443606	38.452617700062	21.1680068154422	11.2359867074596	0.460553493112097	0.709394874199593	2.27841584456058	0.818698081633234
MM_RS18660	MM_RS18660	11.0864345904571	14.056291790031	28.9748227624473	4.87888859295043	0	0.211771449825247	0	0.195521053057557
MM_RS18675	MM_RS18675	4.43457436866905	4.96104625593988	5.63399551655854	3.04930742410202	0.18331693562162	1.27063446285148	1.25569181989181	1.95522325587556
MM_RS18680	MM_RS18680	0	0.876319270475351	6.82415820827207	1.29271203667803	0.582857863161431	2.24445401335774	1.55263925981044	1.86500406025475
MM_RS18690	MM_RS18690	1.04540885897526	1.55938322450354	0	0	0	0	0	0
MM_RS18700	MM_RS18700	9.55479128190073	14.6713524855227	6.6645900747428	2.98874125907665	26.1458378849409	45.664584192381	3.25370994178522	45.9602841148931
MM_RS18705	MM_RS18705	0.46985517403838	0.757299101152208	0.880309632224645	0.230974473103809	0.0420538331036669	0.0906373274680062	0.123512381211669	0.202344995178458
MM_RS18715	MM_RS18715	0.715685416023045	1.75699641161296	5.60238109248727	0.639758097127021	0.0936857876640586	0.108202812711806	0.123842304012559	0.105184148411819
MM_RS18720	MM_RS18720	19.4965642479472	23.2863375256186	5.6411535928329	4.89619555839539	0.887711829403047	1.70018911019985	0.800093810540266	1.14614868236154
MM_RS18725	MM_RS18725	47.6241866781794	85.2251894804411	6.11974901232866	8.38391872699652	0.811604471328801	4.43886008303314	0.163238470262376	0.602568405238056
MM_RS18730	MM_RS18730	8.8681875997453	15.4326845088608	4.29210142257251	1.62611959596193	0.814651126696169	1.12933245440136	0.930041096295782	1.56400935821055
MM_RS18735	MM_RS18735	2.30840489183415	4.59103677375544	2.12275847970005	0.423281390520775	0.178127178416104	0.499744539573597	0.261459589925508	0.461397108447853
MM_RS18745	MM_RS18745	11.5904940156167	36.0592519853372	11.7803012395494	5.46505013121252	3.12117356094341	6.00945942957874	0.250053284544325	7.4172369637697
MM_RS18750	MM_RS18750	40.7716350696654	56.9175611416375	18.9740440531348	10.9266298339008	3.63012846421369	10.184543275055	4.14431539388919	5.16245378342408
MM_RS18760	MM_RS18760	63.4654754374831	36.1961087100675	41.557705347148	17.1138001612041	26.1324571198624	40.1727835035695	24.9008021434635	28.9698262361487
MM_RS18765	MM_RS18765	0	1.09692812647262	1.06776206426492	0.809073938948136	0.243196653929886	0	0.277645546140092	0.259389333719193
MM_RS18770	MM_RS18770	0.418414344590775	1.67045328452864	0.325209486098251	0.246416853282516	0	0	0	0
MM_RS18775	MM_RS18775	1.27674748899971	0.952214770773039	0.556140420187029	0.24581722894579	0.137222084221445	0.158524541644043	0.012052051717967	0.0788077828526626
MM_RS18790	MM_RS18790	27.7160904697893	49.6223476612049	32.9991031512666	9.14791816529005	1.46653094450297	2.75304325747821	7.9527186191188	6.45223928944934
MM_RS18795	MM_RS18795	4.65613655204314	25.4657313456919	9.01406885542906	0.853774701146287	0.513268349766554	0.889412998936048	2.05089036562571	0.821163608506753
MM_RS18800	MM_RS18800	0	3.6871547503274	4.18730619517862	0	0.272489496109578	0.472181569783326	0	0.435949689788139
MM_RS18810	MM_RS18810	17.7382974746762	8.26840745900047	4.82914042953189	3.04930742410202	0.916582407873104	1.48240879462673	0	1.17313586232033
MM_RS18815	MM_RS18815	0.307667864506795	1.60623367263452	1.7868886613233	0.16924602254903	0.0508736960710468	0.705244866201058	0.580791022950651	1.79060241252444
MM_RS18840	MM_RS18840	0	0	0	0	0	0.296471960295349	0.585968273056918	0
MM_RS18850	MM_RS18850	4.1771412523646	30.1151831722571	5.0542161067651	1.53188822074377	0	0.797913968418346	0	0.736686704507495
MM_RS18860	MM_RS18860	27.0619444840159	38.5314644447408	87.0697499904386	16.5783561635875	0.101699717207135	0.822399015609704	0.928831379359187	0.976234114213607
MM_RS18865	MM_RS18865	131.683350282426	427.605019388212	379.593770613018	117.636791230685	1.55428914858715	9.65114908729327	10.8684804583791	23.0017178035836
MM_RS18870	MM_RS18870	287.250972408487	336.407610763671	794.142319981807	254.106538452096	23.1068876951564	32.4774380816359	46.3112973991089	63.9412698010675
MM_RS18875	MM_RS18875	873.967815210096	1145.69983024433	752.79703859784	261.476652599312	11.408975173243	20.5687826294395	27.3720141574225	14.3811192086867
MM_RS18880	MM_RS18880	65.8452015310792	89.3842406400094	105.165470839436	127.49873466352	3.26628925225304	11.068394110493	5.9663041923165	15.3286068702176
MM_RS18885	MM_RS18885	173.696993441338	455.61160299475	78.7260634617982	22.4571635152053	0.435505990378738	1.50928874226724	0.745789081484438	0.696754713131481
MM_RS18890	MM_RS18890	28.1996651507965	219.079964513354	122.834837841525	49.1230573937651	0.582857863161431	1.34667183162464	0	3.10833903998292
MM_RS18895	MM_RS18895	51.2384154680189	48.5027310089249	39.3442597377906	37.942807000509	3.58446268722815	4.89377012647256	4.83621708456166	2.60668226368425
MM_RS18900	MM_RS18900	2990.97124497658	5465.64517714877	2464.34878990466	277.191336153182	32.8440186813789	127.806032577486	60.9806548950631	12.1686412881657
MM_RS18905	MM_RS18905	114.531487848204	198.491776567879	147.153829832942	69.8023265365446	11.1720557190827	35.7284188960383	18.976234595386	54.0577074512042
MM_RS18910	MM_RS18910	64.6242319716342	53.4555022070903	64.8294980248987	16.1588984049674	0.777144574293573	4.71335141068625	4.21430978503177	3.31556418770844
MM_RS18915	MM_RS18915	230.217903654774	942.955007831587	221.339954007751	97.2063867227266	12.3460419115034	36.369442388462	14.3297062022179	38.6264360419733
MM_RS18920	MM_RS18920	363.453616283838	500.535142271777	257.470039350912	137.103882813628	17.9581422848798	33.2464691471644	6.83393912189017	16.9438196542724
MM_RS18925	MM_RS18925	45.9987672247649	76.4098759303512	67.5475954421277	32.2048004785898	1.21004206465956	1.39787831920657	1.77613516880965	1.10623896026052
MM_RS18930	MM_RS18930	22.9993915996755	40.4752528140659	50.8504388549909	86.2628647319973	0.691452284057609	0.798787199268038	0.197347412138962	2.58122530104954
MM_RS18935	MM_RS18935	98.0531512350411	256.873181630625	55.6316077892696	13.5978576856328	1.08995571420332	5.35139208486103	2.02205736871036	1.88911214109027
MM_RS18995	MM_RS18995	0.24714814533214	4.27203975100862	48.2099112068832	0.163475665062039	0.139410590759554	0.0976030006155474	1.60472758440901	0.198616482280697
MM_RS19020	MM_RS19020	3.58662736761062	5.84248902910395	5.56474298623632	2.08479114339758	0.0600908501630835	0.148754731147491	0.0784031927857641	0.167951690624117
MM_RS19030	MM_RS19030	0	0	0	0	0	0	0	0.047357203921554
MM_RS19040	MM_RS19040	3.69199839949551	5.74492436191775	3.12704896520828	1.18472626485921	0.152618817978143	0.293852267746274	0.929265636721041	0.922431545845924
MM_RS19050	MM_RS19050	2.94025568037175	4.75557643786123	2.27839834022893	1.28795200512826	0.238874126493621	0.52336211981526	0.29151640304245	0.491988729629478
MM_RS19055	MM_RS19055	39.401340404874	46.6825833091756	47.6353034452769	15.2129170874934	0.435505990378738	1.00621843239482	0.745789081484438	0.929007344616974
MM_RS19060	MM_RS19060	1.30571740076511	5.25862783869068	1.32709743389501	0.430961510450079	0.474985376994629	0.748252206035876	0.0492966701295039	0.276333070659015
MM_RS19065	MM_RS19065	8.80672804242588	6.15766234306744	3.19676714201478	0.908352836836405	0.182025171907736	0.841128808653092	0	0.485365210983456
MM_RS19070	MM_RS19070	20.0097158749889	22.7546505967296	6.36468897043398	3.9233872123769	1.03190353506847	2.52608969505832	1.02847088508084	1.01326155586637
MM_RS19075	MM_RS19075	22.7996400510943	41.2495827764579	9.26603314028666	3.90062612967733	0.450952669305392	2.64644857286584	1.00906183688834	1.17359079179506
MM_RS19080	MM_RS19080	8.82470211414064	13.1631553230674	41.6427898579359	3.23629164877654	0.729589961789659	1.40474312410414	0	0.518778667438386
MM_RS19085	MM_RS19085	10.5974099131828	65.8640381410982	41.0321985212036	5.82960119286215	0	1.34954225382363	2.66734124960243	0.622992511725788
MM_RS19090	MM_RS19090	11.5355441021046	8.62786724407609	7.77642012969058	1.81304632241238	0.953712101266025	3.30527098848328	2.48868664299421	2.32506183087841
MM_RS19095	MM_RS19095	0.29710067584795	1.55106365323923	0.647065326772457	0.653734272591953	0.343881576092898	0.62427071707964	0.336507157642395	0.366778140354688
MM_RS19100	MM_RS19100	6.35982881457365	11.8774810966756	6.08745593327497	1.2300348654261	0.0462174440900697	0.293650531246345	0.0527622694653442	0.0246457247601961
MM_RS19105	MM_RS19105	10.0861619243096	13.0945333270211	8.67837736974842	1.02747683606072	1.54422746707584	3.6392371182654	1.26933144884825	0.263528237541707
MM_RS19120	MM_RS19120	9.74665670984505	9.34609240378471	8.08674874303576	4.59566055521532	2.99302333577413	0.797913968418346	0.262844137748045	5.89350318003496
MM_RS19125	MM_RS19125	9.28430692880977	15.9260186148427	11.4584206304452	1.53217981888013	1.84221397244839	1.95083230161138	4.20630422236745	9.00568526061557
MM_RS19130	MM_RS19130	5.66636671014934	7.11840144715837	7.02299421074729	3.24742166215002	0.552191528807925	0.991846147749891	0.70361536003055	0.930935227565816
MM_RS19135	MM_RS19135	24.5614132459989	26.5132138875717	15.9541978067178	14.8148609892752	0.534379265013314	1.15235058904323	0.284700818343731	1.13991964801529
MM_RS19145	MM_RS19145	43.6887063008456	48.3844141527423	18.9434550420661	6.97945067780711	6.76879645605199	12.1408397538644	16.8334311212561	16.1910958904495
MM_RS19150	MM_RS19150	8.03574659685999	8.59888451079525	15.0918205178241	2.30631537267394	9.80657293434245	15.6501700939757	10.0084563120499	12.7701948507293
MM_RS19155	MM_RS19155	5.30145657903504	3.34560274224285	1.4802951272244	0.897325498863046	0.134863310058483	0.0778991084725026	0	0.0719202142317998
MM_RS19160	MM_RS19160	0.37356036944954	0	0.271199447607326	0	0.1853079317149	0.0713570819748119	0.141037767600805	0.0658820593854267
MM_RS19165	MM_RS19165	10.015543604333	16.80687380994	16.3600037640852	9.64165541537618	0.414022756592298	0.478291303781169	0	0.441590179009751
MM_RS19170	MM_RS19170	11.9539717588504	17.2736378137942	11.1191723982144	11.0967301157789	2.96491782649841	7.70630259582977	6.69924602353724	14.5599223988793
MM_RS19175	MM_RS19175	0.803093025917195	1.00019141019876	2.47892850331718	0.478175766443276	0.0383283774718856	0.0996261295148333	0.0718893323579438	0.1649835144009
MM_RS19180	MM_RS19180	1.56685928345953	2.53193175746777	0.947927446165866	0.574616716272107	0.0431798696626941	0.249418362661958	0.24648335064752	0.506613280645693
MM_RS19185	MM_RS19185	71.4579814923909	384.253104545414	854.111721993341	81.0581008471161	4.47869917201556	23.3416825224107	10.2488713390434	21.1893742160222
MM_RS19190	MM_RS19190	2.35037545419697	0.983463240690328	1.20075367238799	0.52674944473412	0.115153129805512	0	0	0
MM_RS19200	MM_RS19200	13.3760187575169	15.2799587249773	7.21669819452337	4.34221249053228	0.936719392305706	1.4850457788758	0.67122088877739	0.828913316202098
MM_RS19205	MM_RS19205	0	1.35378876865314	0	0	0	0.482225165529781	0.115030263390508	0.153524381757783
MM_RS19210	MM_RS19210	0	0	0	0	0	0.210281481675773	0	0.097071769666692
MM_RS19215	MM_RS19215	2.83822333696713	2.75882146689143	1.95800879061162	0.835137062515709	0.139396969349566	0.56109549115194	0.118425366401372	0.255043643771803
MM_RS19220	MM_RS19220	3.83021318025807	2.67808289889147	3.4758379966809	1.05349478245223	0.989584084470033	1.28038121774804	1.98836294522464	1.01325519321637
MM_RS19225	MM_RS19225	1.09684170112985	1.75294123268209	0.827310145678336	0.60336993532294	0.0518181138302309	0.0897929161183042	0	0.0829021481252033
MM_RS19230	MM_RS19230	0	5.32749020758248	2.89966487029766	1.62611959596193	0	0.18822303638356	0	0.173964394870505
MM_RS19235	MM_RS19235	7.02702337470263	8.20735720758799	7.36348086447885	1.42222678639493	0.120576721215826	0.341905902029312	0.125142256245124	0.163682352476681
MM_RS19250	MM_RS19250	0	0	0	0	0	0	0.585968273056918	0
MM_RS19265	MM_RS19265	1.95947200918085	2.01494318294729	1.69350177279437	0.642920499450852	0.0792856870714998	0.211656171825288	0.121095767191478	0.155417270131646
MM_RS19270	MM_RS19270	0.19887827121149	0.44497910189199	0.096255072724678	0.109402692340534	0	0.02532657659106	0	0.0350741081039321
MM_RS19275	MM_RS19275	0.544890467052295	1.20298151618479	0.315985722760628	0.0957715062200204	0.00719664494378234	0.0332577029882605	0.0328653867040023	0.0460560419973356
MM_RS19280	MM_RS19280	8.48845305279517	48.6650049363942	4.37488246936897	2.78029376876013	0.332144461153038	1.75761484587958	0.110087061083162	0.217128612444578
MM_RS19285	MM_RS19285	10.9243670903208	24.8938309300176	5.69845287882983	4.82978921661095	0.274296603168017	1.05110480362897	0.313150315251211	0.256882449620699
MM_RS19295	MM_RS19295	1.21583373003631	3.15836564963161	2.32916866807388	0.837588951070679	0.121412167695104	0.210402523575731	0.21961579127251	0.398018751835923
MM_RS19300	MM_RS19300	0.515609050859305	0.694570691170095	1.09623585141028	0.222854902461973	0.0304483917936936	0.0703512814251669	0.0903819283257556	0.139647442116118
MM_RS19310	MM_RS19310	2.29526845725547	8.55920963723787	3.33265170276362	2.52523986081915	0.379526535797102	0	0.866569025140022	0.40479815540685
MM_RS19315	MM_RS19315	0.21330332239658	0.387360840551621	0.324862728078039	0.196754815750354	0.027056660706624	0.052339093931525	0.0455660046117523	0.0906327678705597
MM_RS19320	MM_RS19320	1.28997444623255	2.46243284567024	1.88716612708243	0.441528862630881	0.0124522389642417	0.19289755928191	0.0576124166237213	0.0831821047250351
MM_RS19325	MM_RS19325	6.88484689660462	18.4853128145586	7.00250081175279	2.27239963450485	0.170762536082467	0.328784383683943	0.194950537089764	0.303555668667664
MM_RS19330	MM_RS19330	8.14452820286228	7.76944684789382	5.36276139314919	0.833539433289774	0.360168241968827	0.850244416499874	0.321795984546318	0.384148174844254
MM_RS19335	MM_RS19335	48.3204949213481	75.2676553278944	20.1935672417882	21.8401870358578	0.285003031418767	0.999082724197336	0.213175247022666	0.387835330517039
MM_RS19340	MM_RS19340	0.441928935226935	2.13805414199323	1.60424130470596	0.534852587311936	0.0730765943518643	0.253262883960601	0.367085643564163	0.218203900293932
MM_RS19345	MM_RS19345	1.68754195605417	3.30065302013106	4.73468849851231	2.0180274912207	0.250338813233716	0.255830701409695	0.406713037759902	0.605950153711025
MM_RS19350	MM_RS19350	2.92696482479479	2.18296825331309	1.59369490720553	0	0	0.13977745690066	0	0
MM_RS19355	MM_RS19355	14.4859436446054	30.447084655729	17.2142074710739	5.07097373150312	0	2.26399075240084	0.248595420543813	0
MM_RS19360	MM_RS19360	5.2167140625769	7.00324950010847	3.78724651357474	3.73060798811937	0	0.298947555344475	1.08325216929351	0.552017151018421
MM_RS19365	MM_RS19365	3.62438063926152	28.382664728746	40.7842070925204	15.9500853902264	0	1.03849050848343	0	6.07242407925248
MM_RS19370	MM_RS19370	2753.08421679919	4317.0170759355	1922.39644966844	2988.9100943976	26.2083510758469	82.2736174940085	40.6530198491443	48.6146639842737
MM_RS19375	MM_RS19375	11223.6306958304	48621.6902837938	2124.64313926202	431.540993980317	145.457758967954	800.541148273519	37.381711204792	26.8645971439633
MM_RS19380	MM_RS19380	0	0	1.45082069550643	0	0	0	0	0
MM_RS19385	MM_RS19385	1.8122102878633	31.3720215598848	14.4718171776862	4.98440194113425	0	0	0	0
MM_RS19390	MM_RS19390	77.0321934781641	203.322140120139	91.233863027751	9.42686669234798	0.944531270933957	1.09109185986486	2.15663767294333	0.671615882996581
MM_RS19400	MM_RS19400	5.43657229010779	6.7577754086471	9.2093382039821	0	1.79789444481668	0	0	0
MM_RS19405	MM_RS19405	43.965250346904	37.261196337207	43.524571328333	15.3905455297086	4.62619633983812	10.3069108720118	2.64073593655633	14.0978031296569
MM_RS19410	MM_RS19410	6.89132459123979	1.28490859436537	5.00298508612187	0	0.284873628023879	1.31637677323534	8.13060340585827	0.303841987917492
MM_RS19415	MM_RS19415	8.12085120393482	16.5630422662563	16.0023377272952	6.65529622558242	0.548080133226477	0.918082637525928	0.907284882593397	1.11069281525784
MM_RS19420	MM_RS19420	10.475598369842	25.0010772812594	6.08408247310692	18.4403006185551	1.38572874045278	6.00313354933097	3.55952017967988	11.8239733565477
MM_RS19425	MM_RS19425	3.996841424706	32.7898518864724	4.3524571328333	2.19864994810351	0	0.381737332965252	0	0.352446271238296
MM_RS19440	MM_RS19440	0	1.49044963402788	0	1.09932497405175	0.330441784904509	0	1.13174518131829	0.352446271238296
MM_RS19445	MM_RS19445	12.0598300156092	19.3672496874607	26.2656617947678	22.7453733633544	1.70923949790828	2.63275642842067	3.25224079837271	3.03841669784992
MM_RS19450	MM_RS19450	12.6853362310618	39.2555431283727	17.1030517108522	5.9812815079579	2.09754503244279	11.0772445789399	5.81558022966394	10.8664454333229
MM_RS19455	MM_RS19455	5.995262137059	20.8662681682963	8.7049142656666	0	0.330441784904509	0	1.50899075523805	0.704889361151595
MM_RS19460	MM_RS19460	84.9413894044945	88.6905557672886	36.9995860325273	14.0177918581096	1.87269641776705	3.78594278296361	0	0.998694268700115
MM_RS19465	MM_RS19465	10.8990553587562	12.8546189704496	62.9321917025681	30.3959679545986	0.544845048354272	1.30726116538855	2.48807755474642	2.90561546712969
MM_RS19470	MM_RS19470	64.5436641469919	38.7014525600116	212.190357256965	74.8434751178195	1.36437036959123	1.92642218512	4.91517860824124	7.85817815247984
MM_RS19475	MM_RS19475	25.051335162522	55.4150349977968	25.5038047022474	9.09186561085415	0.741785664199122	2.41294722004826	1.3594257521681	1.29087033784961
MM_RS19480	MM_RS19480	0	9.37540453689089	0	0	0	0	0	0.369498173228054
MM_RS19485	MM_RS19485	44.7936098430586	26.9919876310039	158.844726947509	24.6408187478746	5.12772076395982	6.91098238241051	14.6350878224567	21.2689168849494
MM_RS19490	MM_RS19490	10.3369868868597	30.8378329728628	6.25373135765234	9.477239243649	0	0	0	0
MM_RS19495	MM_RS19495	0.979335308724175	1.24166819026615	4.26583202569849	1.34680554447956	0.0161935862410093	0.074826949773587	0.14789565009451	0.500874170349141
MM_RS19510	MM_RS19510	0	2.84017877240116	1.38233103282868	0	0	0.363716499621613	0	0
MM_RS19520	MM_RS19520	1.90968987424936	3.98235041001898	15.8775840989951	5.68635258162461	0.284873628023879	0.343090383478893	0	0
MM_RS19525	MM_RS19525	5.07850460667634	10.2399366352379	2.6813806965746	1.26984827857833	0.25446610046015	0.323363435735857	0	0.162845664002184
MM_RS19530	MM_RS19530	34.3273432938892	56.0248341987811	15.6150981850671	12.7482598197636	0.95798922400233	2.98808068964525	1.06634151085817	1.16227163745186
MM_RS19535	MM_RS19535	6.7459611832288	10.3683669563281	8.31162627282885	2.78562878255059	0.291243907428375	0.528711019013372	0.463118557300027	0.521422348511798
MM_RS19540	MM_RS19540	1.998420712353	0	0	0	0	0	0	0
MM_RS19545	MM_RS19545	15.8479315246611	46.8514452331518	11.4725534966118	4.24910233068349	0.972786615719545	1.56487579384762	1.53338812338588	0
MM_RS19550	MM_RS19550	2.4685554416469	3.68216033675942	0	4.07383131565516	0.408179171707347	0.943083553767103	0.931992434571129	0.870719108001986
MM_RS19555	MM_RS19555	4.07048959116631	11.7096073721755	7.59884534754033	3.51868596226264	0.480758584594641	0.777544345825537	1.97588227585081	2.66640845919837
MM_RS19560	MM_RS19560	17.5272013075828	20.5417336674046	14.5422239168471	4.13213862187779	0	1.91316521512468	1.4179997386645	3.09112807174326
MM_RS19565	MM_RS19565	171.383010756548	194.77281692901	100.721865884147	34.4186751350238	4.49817551806373	12.9910755245143	11.2976987429245	8.15606470000091
MM_RS19570	MM_RS19570	1.791818728796	0.668183094351051	0.650414018510499	0	0	0	0.169123503471406	0
MM_RS19575	MM_RS19575	45.6305184051703	30.9661965237182	8.70940725887134	14.2777043659844	0.366186634948627	1.13548253569919	0.592439835689753	0.964784525545484
MM_RS19580	MM_RS19580	40.7130110013663	43.2303039883619	63.6225819671229	38.7186716080409	1.02691128830778	3.6907721481472	3.12631462299385	4.62454899009718
MM_RS19585	MM_RS19585	0	0	0.142195556716684	0	0	0.11224330661038	0	0.103628480487754
MM_RS19590	MM_RS19590	37.919404683181	57.4721369070385	13.1909029583973	5.4123653299007	1.46063514421306	5.94009377505322	0.976111854594365	2.00119340209795
MM_RS19595	MM_RS19595	0.90861315393836	0.759796307936196	2.23876885220478	0.43924125471611	0.045527292650666	0.047336028733291	0.114347858964736	0.22822825536291
MM_RS19600	MM_RS19600	0.50694283793803	1.63836796100103	0.736063249502711	0.0929540932406073	0.251471660497737	1.03291969913539	0.191394702457954	0.238414858006792
MM_RS19605	MM_RS19605	41.9403890322403	48.2717727665234	58.4178827869581	25.9815171595548	0.723119792045249	1.83781663240127	2.97196996909049	1.85104758748813
MM_RS19610	MM_RS19610	3.16604846661278	3.70723923697509	20.4283769120173	7.8718641855282	0.19883853230321	0.58191757989459	0.499407245544884	1.07453069400456
MM_RS19615	MM_RS19615	47.971162674044	62.6106495445543	83.582979208749	50.1386854886515	4.3626674612658	8.24708898533888	17.658545487457	12.2674087040564
MM_RS19620	MM_RS19620	34.1172402135606	109.413833251945	44.5833573135604	46.9194584913756	1.69240570539782	6.51706016484956	14.8129585099312	7.22037339156295
MM_RS19625	MM_RS19625	10.5974099131828	5.26940010324906	0	1.94320176662605	0.584099681705358	0	0	0
MM_RS19630	MM_RS19630	2.69988608437834	6.35000958432043	4.4474292008832	1.48505591723904	0.0686746086906675	0.158671521093991	0.039201596392882	0.201431954904006
MM_RS19635	MM_RS19635	99.2247779606704	153.848592153008	125.114271502129	34.4736187951383	3.45410579364077	11.9708681068244	7.88672277952888	7.36819365759916
MM_RS19640	MM_RS19640	1.1749867135576	5.2579200742011	0.853019776034009	0.646353964831012	0.582857863161431	2.02000774743696	1.10902844555789	0.621669080526583
MM_RS19645	MM_RS19645	7.30932625902479	2.72569452769992	0	4.02083848814296	0	0.698112039953575	0	1.93362842178853
MM_RS19650	MM_RS19650	0	0	3.20329114648076	0	0	0.561896673251658	0	0.518778667438386
MM_RS19655	MM_RS19655	0.08448958551267	0.819186206175009	1.47213145269143	0.0464791001283061	0	0.0161389199943032	0	0.0596021238391989
MM_RS19660	MM_RS19660	0	0	0	0	0	0	0	0
