gene_id	gene_name	Ribo_NitrogenMinus_rep1	Ribo_NitrogenMinus_rep2	Ribo_NitrogenPlus_rep1	Ribo_NitrogenPlus_rep2	RNA_NitrogenMinus_rep1	RNA_NitrogenMinus_rep2	RNA_NitrogenPlus_rep1	RNA_NitrogenPlus_rep2
MM_RS00005	MM_RS00005	4314	6938.08	10721	23051	1060	1987	1537	3729
MM_RS00010	MM_RS00010	773	2584.139	10457.004	8016	155	357	819	1190
MM_RS00015	MM_RS00015	229	526.999	4434	3465	40	90	443	709
MM_RS00020	MM_RS00020	103	184	2846	1909	31	42	186	510
MM_RS00025	MM_RS00025	123.142	257.557	2180	2225	18	62	284	576
MM_RS00030	MM_RS00030	110.928	187	3033	3068	16	32	101	528
MM_RS00035	MM_RS00035	48	71.556	32	15	29	50	11	18.518
MM_RS00040	MM_RS00040	19	23.467	49	12	8	15	42	19.482
MM_RS00045	MM_RS00045	116	196	373	102	56	110	193	178
MM_RS00050	MM_RS00050	185.685	512.854	1131.551	478.127	88.252	202.935	310.586	751.64
MM_RS00055	MM_RS00055	76.004	260.891	251.941	83	8	11	9	8
MM_RS00060	MM_RS00060	90	273	285	131	8	25	9	8
MM_RS00065	MM_RS00065	410	441.144	130	97	126	64	27	82
MM_RS00070	MM_RS00070	77.156	86.084	89	36	14	21	21	9
MM_RS00075	MM_RS00075	601.228	1826.324	3422.864	1430.791	259.363	437.646	527.932	473.22
MM_RS00080	MM_RS00080	145.603	385.443	1010.772	347.426	37.46	75.071	127.226	217.311
MM_RS00090	MM_RS00090	622.989	1580.995	3024	1658	81	161	306	259
MM_RS00095	MM_RS00095	381	927.684	1330.679	998	25	67	80	91
MM_RS00105	MM_RS00105	2553	4564.999	1485	984	900	660	666	251
MM_RS00110	MM_RS00110	33.005	63.001	28.016	15	8	16	9	13
MM_RS00115	MM_RS00115	80.756	287.747	440.27	375.771	7.143	8.569	9.062	30.388
MM_RS00120	MM_RS00120	173.216	139.245	159	36.48	6.462	38.447	0	25
MM_RS00125	MM_RS00125	114.079	105.486	74.418	25.91	31.396	73.231	26.6	52.994
MM_RS00130	MM_RS00130	527	786	361	150	47	105	35	50
MM_RS00135	MM_RS00135	241.995	579.711	154	68	88	119	57	85
MM_RS00145	MM_RS00145	144.233	353.006	167	49.001	30	56	19	49
MM_RS00150	MM_RS00150	39.364	66.754	35.665	23	3	6.491	3	11
MM_RS00155	MM_RS00155	97.028	161.381	282.063	108	22	39	65	91
MM_RS00160	MM_RS00160	5	13	16	1	3	4	11	7
MM_RS00165	MM_RS00165	97	266	328	91	24	58	39	86
MM_RS00170	MM_RS00170	202.784	242.755	0	36.52	29.538	31.553	36	0
MM_RS00175	MM_RS00175	84.924	110.514	51.582	40.09	60.604	98.769	32.4	40.006
MM_RS00180	MM_RS00180	29.717	39.716	12.509	5	4	4.509	0	1
MM_RS00185	MM_RS00185	4	10	30	11	1	7	11	19
MM_RS00190	MM_RS00190	76	176.611	200.111	60	18	36	39	79
MM_RS00195	MM_RS00195	58	108.639	287	104	21	35	84	96
MM_RS00200	MM_RS00200	264.793	489	1804	1956	32	98	156	157
MM_RS00205	MM_RS00205	661.921	1656.064	5571	2418	138	550	456	661
MM_RS00210	MM_RS00210	407	1549.027	3117	1768	120	168	246	274
MM_RS00215	MM_RS00215	100	159.994	472	146	8	27	102	116
MM_RS00220	MM_RS00220	10	18	95	42	4	9	34	31
MM_RS00225	MM_RS00225	72	136.572	202	403	27	48	117	87
MM_RS00230	MM_RS00230	75.362	191.009	224.621	94.994	20.999	82	45.594	65.408
MM_RS00240	MM_RS00240	159.03	244.962	99.999	76.039	12	37	12	31
MM_RS00245	MM_RS00245	281	527	414	391	56	102	66	79
MM_RS00250	MM_RS00250	387	1077	653	582	65	163	99	185
MM_RS00255	MM_RS00255	153.052	334.05	433.24	200	175	226	335	197
MM_RS00260	MM_RS00260	127.026	313.74	462.83	149	124	262	120	220
MM_RS00265	MM_RS00265	71	82	157	42	13	29	84	64
MM_RS00270	MM_RS00270	574.49	1580.831	2040	1639	226	445	525	557
MM_RS00275	MM_RS00275	15	37	32	22	8	7	14	18
MM_RS00280	MM_RS00280	13.627	36.543	244.887	0	0.001	143.014	32.268	153.092
MM_RS00285	MM_RS00285	418	849.316	791	257	22	64	30	44.001
MM_RS00290	MM_RS00290	216.149	315	246	528	23	50	27	72
MM_RS00295	MM_RS00295	478	782	477	707	112	182	110	162
MM_RS00300	MM_RS00300	470	1146	1219	666	65	219	159	238.869
MM_RS00305	MM_RS00305	319.012	531	351	545	36	92	44	89
MM_RS00310	MM_RS00310	1607.992	2760.968	2303	2329	93	391	178	269
MM_RS00315	MM_RS00315	167	378	383	437	19	91	25	71
MM_RS00320	MM_RS00320	22.08	90.001	78	78	16	62	34	66
MM_RS00325	MM_RS00325	179	320	223	126	113	328	142	383
MM_RS00330	MM_RS00330	393.992	611	1001.997	493	101	239	151	275
MM_RS00335	MM_RS00335	120.963	173	174	68	72	158	31	143
MM_RS00340	MM_RS00340	494.228	731.132	1298.075	1162.645	94	218	234.031	294.489
MM_RS00345	MM_RS00345	192	446.543	512	830	32	69	28	94
MM_RS00350	MM_RS00350	317.985	698.041	557	945	71	135	94	151
MM_RS00355	MM_RS00355	86	178	371	474	26.723	65	221	359
MM_RS00360	MM_RS00360	71	216	400	128	14	33	42	45
MM_RS00365	MM_RS00365	22	147	294	49	13	31	40	31
MM_RS00370	MM_RS00370	3006	2993.736	13372	4027	811	829	1204.001	704
MM_RS00375	MM_RS00375	68.994	116	531	270	19	25	60	127
MM_RS00380	MM_RS00380	389	808	2178.985	2513	58	204	178	297
MM_RS00385	MM_RS00385	146.996	334.9	316	103	105	132	34	120
MM_RS00390	MM_RS00390	139	272.374	174.383	60	28	25	22	15
MM_RS00395	MM_RS00395	485.056	3767	5391	383	135	681	218	60
MM_RS00400	MM_RS00400	83	116	69	19	24	44	37	37
MM_RS00405	MM_RS00405	98.964	261.004	89	48	21	42.011	13	18
MM_RS00410	MM_RS00410	675	1363	163	132	127	286	73	150
MM_RS00415	MM_RS00415	103.028	323.038	943.036	370	33	88	64	128
MM_RS00420	MM_RS00420	27	70	135	68	3	12	14	22
MM_RS00425	MM_RS00425	44	130	390	61	4	11	14	14
MM_RS00430	MM_RS00430	40	200	136	81	24	94	65	119
MM_RS00435	MM_RS00435	119.021	295.192	840	220	14	36	60	75
MM_RS00440	MM_RS00440	853.021	1694.439	2168	2421	144	304	231	386
MM_RS00445	MM_RS00445	36	65.758	92	23	19	54	43	43
MM_RS00450	MM_RS00450	106	133	299	79	23	35	48	58
MM_RS00455	MM_RS00455	186	412	138	86	33	140	32	75
MM_RS00460	MM_RS00460	222	438	221	177	74	231	101	158
MM_RS00465	MM_RS00465	496	804	327	331	105	274	62	154
MM_RS00470	MM_RS00470	307.639	569.998	716	666	101	207	331	305
MM_RS00480	MM_RS00480	361	1042.903	1090.987	1297	30	72	139	176
MM_RS00485	MM_RS00485	55.351	59.995	50.133	0	0	0	0	36.614
MM_RS00490	MM_RS00490	799	1344.923	731	762	150	367	205	279
MM_RS00495	MM_RS00495	61.462	170.53	128.984	58	29	76.04	55	106
MM_RS00505	MM_RS00505	62	166.302	102	52	7	18	0	13
MM_RS00510	MM_RS00510	126.015	333	180	119	35	87	57	68
MM_RS00515	MM_RS00515	76	172.963	85	106	16	51	16	25
MM_RS00520	MM_RS00520	54	135.269	119	77	6	28	8	33
MM_RS00525	MM_RS00525	71	97	148	61	6	18	20	18
MM_RS00530	MM_RS00530	58	253	276	67	3	9.998	11	14
MM_RS00535	MM_RS00535	51	168	170	47	4	17	5	9
MM_RS00540	MM_RS00540	432.503	579.831	276.002	145	699	247	42	440
MM_RS00545	MM_RS00545	32.009	120.033	82	39	4	21	11	20
MM_RS00550	MM_RS00550	152	244.258	228	158	36	81	56	91
MM_RS00555	MM_RS00555	175.68	487.07	734	266	26	107	80	97
MM_RS00560	MM_RS00560	215	482.999	739	353	140	233	243	315
MM_RS00565	MM_RS00565	6.539	0	14.561	4.324	1.859	0	19.682	17.705
MM_RS00570	MM_RS00570	71.461	159.006	644.528	370.676	11.141	32	51.318	51.295
MM_RS00575	MM_RS00575	776	711	702	136	213	302.002	107	129
MM_RS00580	MM_RS00580	153	256	225	33	54	105	20	49
MM_RS00585	MM_RS00585	8	3	5	2	0	0	0	1
MM_RS00590	MM_RS00590	21	40.799	237	286	2	11	11	34
MM_RS00595	MM_RS00595	5	3	2	3	3	8	2	9
MM_RS00600	MM_RS00600	762.357	1366	2162	1189	88	178	258	195
MM_RS00605	MM_RS00605	734	1208.915	915	443.995	205	421	232	234
MM_RS00610	MM_RS00610	59	115	95	64	36	73	57	78
MM_RS00615	MM_RS00615	321.132	621.994	259	379	83	199.947	54	81
MM_RS00620	MM_RS00620	56	119.009	88	61	35	52	25	33
MM_RS00625	MM_RS00625	447	901.839	1013	343	61	137	66	96
MM_RS00630	MM_RS00630	59	88	44	30	80	111	57	66
MM_RS00635	MM_RS00635	717.115	2091.678	773	1210	95	213.171	108	125.333
MM_RS00640	MM_RS00640	580.96	735	2042	1097	144	328	518	760
MM_RS00645	MM_RS00645	798	2126.042	3243.084	1494	288	1034	589	1453.979
MM_RS00650	MM_RS00650	2256	3591.67	4517	2716	767	1668	1490	1607
MM_RS00655	MM_RS00655	295	534.917	272	119	80	154	65	67
MM_RS00660	MM_RS00660	758.973	1163.46	1907	1216	95	111	158	118
MM_RS00665	MM_RS00665	63.865	159.091	71	45	24	27	14	30
MM_RS00670	MM_RS00670	123	277	129	94	6	50	9	11
MM_RS00675	MM_RS00675	80.224	309	134	69	19	47	32	47
MM_RS00680	MM_RS00680	6219.999	12203.634	2386	1712	1507	2652	435	313
MM_RS00685	MM_RS00685	4369	7099.171	1443	550	1649	2109	557	256
MM_RS00690	MM_RS00690	111.563	321.957	270	201	38	70.994	52	79
MM_RS00695	MM_RS00695	256	336	85	45	54	106	54	67
MM_RS00700	MM_RS00700	853.692	3663.419	1326.226	3280.53	2493.541	4968.25	2761.6	5458.121
MM_RS00705	MM_RS00705	14186.69	20660.769	76069.905	18143.226	96692.883	135993.536	129585.046	134286.196
MM_RS00710	MM_RS00710	1526.174	5317.051	3265.093	5296.928	1909.887	6032.549	1726.348	5940.021
MM_RS00715	MM_RS00715	859.546	3666.722	1288.133	3277.959	2498.459	4758.037	2770.481	5458.717
MM_RS00720	MM_RS00720	14166.605	20656.289	75704.169	18109.774	95089.519	132878.378	128809.993	133338.827
MM_RS00725	MM_RS00725	1525.455	5308.226	3262.179	4943.762	1910.251	6037.047	1717.361	5952.524
MM_RS00730	MM_RS00730	25923	60525	2178	1106	6358	16147	696	454
MM_RS00740	MM_RS00740	817	1913.586	745	881	347	822	548	746
MM_RS00745	MM_RS00745	52	91	139	111	29	35	62	47
MM_RS00750	MM_RS00750	77	107	223	144	22	45	32	66
MM_RS00755	MM_RS00755	144	362.009	259	108	26	83	113	94
MM_RS00760	MM_RS00760	337	670	1281	615	31	72	41	56
MM_RS00765	MM_RS00765	91	198	75	68	5	14	8	7
MM_RS00770	MM_RS00770	341	505.207	1733.987	1668	78	136	231	275
MM_RS00775	MM_RS00775	221	516.994	953	791	57	153	107	323
MM_RS00780	MM_RS00780	413.187	933.189	599.271	1534.597	1153.174	2687.786	1323.837	2266.66
MM_RS00785	MM_RS00785	157	236	255	69	58	89	119	129
MM_RS00790	MM_RS00790	198.899	379	288.112	704	29	60	28	38
MM_RS00795	MM_RS00795	163	264	236	146	37	48	28	50
MM_RS00800	MM_RS00800	31	58	15	12	5	18	5	11
MM_RS00805	MM_RS00805	151	308.995	346	264	36	107	67	101
MM_RS00815	MM_RS00815	151.046	282.172	234	69.951	30	66	50	52
MM_RS00820	MM_RS00820	5	24	6	3	0	3	0	3
MM_RS00825	MM_RS00825	871.239	667.383	1840.315	172	35	68.467	53	45
MM_RS00830	MM_RS00830	77	187.019	120	22	28	90	125	178
MM_RS00835	MM_RS00835	549.05	830.597	1240.006	999	108	183	253	232
MM_RS00840	MM_RS00840	167	420.058	252	297	17	57	25	46
MM_RS00845	MM_RS00845	403.454	716.55	2010	951	66	149	196	259
MM_RS00850	MM_RS00850	3	13	75	59	1	8	37	40
MM_RS00855	MM_RS00855	18.62	22.29	33	20	0	2	13	40
MM_RS00860	MM_RS00860	20.38	35.71	20	20	19	28	15	24
MM_RS00865	MM_RS00865	123	299.58	296	135	24	69.577	45	117
MM_RS00870	MM_RS00870	89	206.714	86	51	172	501	59	167
MM_RS00880	MM_RS00880	98	166	182	80	11	27	13	31
MM_RS00885	MM_RS00885	188	257.075	420	223	30	50	46	86
MM_RS00890	MM_RS00890	231	326.442	597	422	37	86	91	162
MM_RS00895	MM_RS00895	1	2	3	1	2	6	1	4
MM_RS00900	MM_RS00900	215	190.674	547	643	31	44	40	51
MM_RS00905	MM_RS00905	25.154	38.952	101.852	34.951	16	22.841	11.501	32.798
MM_RS00910	MM_RS00910	185.379	345.903	389.272	136.015	64.426	172	96.651	153.736
MM_RS00915	MM_RS00915	105.683	180.671	283.883	76	40.574	66.03	93.349	90
MM_RS00930	MM_RS00930	156.533	311.583	229.645	95	32.535	55.54	55.999	61
MM_RS00940	MM_RS00940	44	186	169	44	9	21	20	17
MM_RS00945	MM_RS00945	561.76	638.422	768.148	201.43	2412.345	2512.588	7116.102	1951.691
MM_RS00950	MM_RS00950	38771.086	70294.388	95164.726	33874.083	11770.93	33129.939	10182.501	19412.968
MM_RS00955	MM_RS00955	616	1875	1492	1248	1764	4387	2500	3299
MM_RS00960	MM_RS00960	613588.39	510688.919	294827.705	489430.092	19804.977	8845.027	84596.85	28412.926
MM_RS00970	MM_RS00970	229.363	739.975	960.491	2215.537	49.019	100.09	186.224	231.449
MM_RS00975	MM_RS00975	254.766	598.113	1320.756	1687.268	63.832	241.043	409.045	451.662
MM_RS00980	MM_RS00980	112.203	172.018	293	245	55	94	135	113
MM_RS00985	MM_RS00985	74.566	171.109	95.212	52	1	13	11	6
MM_RS00990	MM_RS00990	702.218	1221.131	2411	2015	180.046	393	623	1029
MM_RS00995	MM_RS00995	41	102.092	103	24	12	10	11	6
MM_RS01000	MM_RS01000	66	81	136	78	8	26	30	25
MM_RS01010	MM_RS01010	167	285.005	189	102	35	56	34	56
MM_RS01015	MM_RS01015	173.38	338.484	1309.016	653	39	105	194	261
MM_RS01020	MM_RS01020	423.287	781.38	1071.803	857	71	198	110	201
MM_RS01025	MM_RS01025	526.995	1238	7137	5728	68	164	423	541
MM_RS01030	MM_RS01030	278.935	590	352	198.347	49	104	44	67
MM_RS01035	MM_RS01035	60.145	147.857	76	22	15	39	10	19
MM_RS01040	MM_RS01040	395.827	938.874	1286.999	420	32	66	11	44
MM_RS01045	MM_RS01045	113.001	269	172	55	8	31	9	16
MM_RS01050	MM_RS01050	26.855	49.143	63	11	4	13	7	4
MM_RS01055	MM_RS01055	287.436	564.681	315.001	124	47	143	89	164
MM_RS01060	MM_RS01060	43	76	70	33	152	123	43	61
MM_RS01065	MM_RS01065	795.429	645.967	1229.953	338.893	101.856	151.709	143.605	421.456
MM_RS01070	MM_RS01070	15.845	56.782	29.003	6	0	23	7	30
MM_RS01075	MM_RS01075	139.365	200.228	261	65	17	53	72	93
MM_RS01080	MM_RS01080	45	68.404	90.869	26	21	64	41	61
MM_RS01085	MM_RS01085	47.002	106.611	73	14	10	20	17	37
MM_RS01090	MM_RS01090	66	133.652	201	39	16	36	68	90
MM_RS01095	MM_RS01095	148.014	311.769	143	82	38	121.533	100	137
MM_RS01100	MM_RS01100	9	27	9	6	2	19	0	24
MM_RS01105	MM_RS01105	324	523.901	158	46	37	147	67	87
MM_RS01110	MM_RS01110	49	76	58	24	5	4	5	7
MM_RS01115	MM_RS01115	259	446	110	69	108	139	37	43
MM_RS01120	MM_RS01120	5.931	16	30	19	0	3	1	17
MM_RS01125	MM_RS01125	307	493	959	186	24	45	77	51
MM_RS01130	MM_RS01130	28	21.921	31	7	5	5	4	4
MM_RS01135	MM_RS01135	118	181.006	57	35	35	76	38	35
MM_RS01140	MM_RS01140	271	614.139	189	92	31	73	10	37
MM_RS01145	MM_RS01145	144	312.92	105	123	18	48	2	19
MM_RS01155	MM_RS01155	45	120	49	11	221	218	21	151
MM_RS01165	MM_RS01165	28.682	69.246	65	20	6	24	6	32
MM_RS01170	MM_RS01170	62	152	141.004	136	8	33	19	23.006
MM_RS01175	MM_RS01175	253	589	756	409	49	216	82	112
MM_RS01180	MM_RS01180	71	111.422	97.018	78.909	23	61	22	49
MM_RS01185	MM_RS01185	286.371	779.866	326.236	1040.31	433.872	753.124	214.291	632.449
MM_RS01190	MM_RS01190	70	168	221	59	5	22	19	17
MM_RS01195	MM_RS01195	8	49	28	11	1	9	7	24
MM_RS01200	MM_RS01200	3	19	5	13	1	3	2	6
MM_RS01205	MM_RS01205	22	33	51	15	3	17	14	22
MM_RS01210	MM_RS01210	242	502.95	250	218.635	54	97	54	41
MM_RS01215	MM_RS01215	95	106	191	28	212	310	136	272
MM_RS01220	MM_RS01220	112.122	188.33	506.934	151	33	77	59	103
MM_RS01225	MM_RS01225	379	1655	1445	1591	601	1298	786	930.024
MM_RS01230	MM_RS01230	132	539	981	489	21	44	43	37
MM_RS01235	MM_RS01235	67	148	145	57	13	42	30	34
MM_RS01240	MM_RS01240	7	34	29	22	1	2	2	1
MM_RS01245	MM_RS01245	7	15	28	12	15	27	17	40
MM_RS01250	MM_RS01250	22.002	73.772	33	12	5	12	4	3
MM_RS01255	MM_RS01255	89.135	188.442	50.001	41	21	83	49	45
MM_RS01260	MM_RS01260	20.932	41	57	11	3	7	4	3
MM_RS01270	MM_RS01270	67	277	1250	296	27	96	146	196
MM_RS01275	MM_RS01275	18	24.008	10	5	10	5	10	14
MM_RS01280	MM_RS01280	118	236.082	86	79.781	7	32	13	13
MM_RS01285	MM_RS01285	51	92.645	205	107	6	18	16	28
MM_RS01290	MM_RS01290	79.901	169.558	115	65	103	156	71	186
MM_RS01295	MM_RS01295	228	453.428	193	195	85	206	69	148
MM_RS01300	MM_RS01300	132.118	273	197	118	39	58.003	37	65
MM_RS01305	MM_RS01305	134	226.281	110	47	38	54	37	38
MM_RS01310	MM_RS01310	55	143	105	46	10	18	17	23
MM_RS01315	MM_RS01315	160.619	438.086	308	170	33	139	102	88
MM_RS01320	MM_RS01320	1771	2316	419	227	507	956	54	92
MM_RS01325	MM_RS01325	7610	12991.973	1650	1202	1258	2859	109	189
MM_RS01330	MM_RS01330	57	181	254	54	15	30	7	26
MM_RS01335	MM_RS01335	1395	2488	2438	1397	358	627	525	387
MM_RS01340	MM_RS01340	503	1062	1342	553	125	242	193	161
MM_RS01345	MM_RS01345	419.091	710.992	536.865	283	168	295	155	208
MM_RS01350	MM_RS01350	797	1665.913	1987.001	1006	323	579	390	460
MM_RS01355	MM_RS01355	634	1184.252	401.999	176	224	827	203	336
MM_RS01360	MM_RS01360	77	176	52	32	42	68	21	50
MM_RS01365	MM_RS01365	22	50	18	4	2	12	9	10
MM_RS01370	MM_RS01370	0	254.304	25.75	7.583	7.905	150.983	0	254.093
MM_RS01380	MM_RS01380	63	208	450	284	36	51	120	209
MM_RS01385	MM_RS01385	497.956	1467.598	1538.668	1727.896	1837.444	4153.731	4987.715	4725.761
MM_RS01395	MM_RS01395	9	13	14	25	10	4	51	34
MM_RS01400	MM_RS01400	507.31	1417.795	898.277	829	56	330	81	247
MM_RS01405	MM_RS01405	515.994	1269.581	866	476	179	477	391	293.008
MM_RS01410	MM_RS01410	297	814.003	469	184	79	223	125	134
MM_RS01415	MM_RS01415	450	838	931	520	39	67	70	64
MM_RS01420	MM_RS01420	233	580	323	232	89	112.775	48	87
MM_RS01430	MM_RS01430	780	1745	1814	1832	187	431	276	369
MM_RS01435	MM_RS01435	313.002	600.469	247	110	85	106	37	87
MM_RS01440	MM_RS01440	179	553.987	180	131	18	25	15	29
MM_RS01445	MM_RS01445	198	522	197	88	70	127	82	127
MM_RS01450	MM_RS01450	310.996	774.865	631.006	396.633	191	350.631	183.922	415.818
MM_RS01455	MM_RS01455	118	99	123	73	32	58	97	65
MM_RS01460	MM_RS01460	591.095	658.529	985.998	1407	176	398	377	621
MM_RS01465	MM_RS01465	5	11.873	6	1	0	0	0	1
MM_RS01470	MM_RS01470	268	384	98	50	53	134	17	74
MM_RS01475	MM_RS01475	1121	1199	1971	836	521	670	332	350
MM_RS01480	MM_RS01480	145.05	233.281	99	64	50	57.335	7	11
MM_RS01485	MM_RS01485	40	70	33	23	8	15	29	18
MM_RS01490	MM_RS01490	100	302	77	41	25	52	28	52
MM_RS01500	MM_RS01500	217	394	249	118	13	38	22	27
MM_RS01505	MM_RS01505	124.44	256.951	436.623	174.996	29	39.003	109	159
MM_RS01510	MM_RS01510	12	11	46	40	5	8	6	12
MM_RS01515	MM_RS01515	48	95.181	300	213.815	16	20	43	71
MM_RS01520	MM_RS01520	352.724	518.079	889	587	65	75	177	191
MM_RS01525	MM_RS01525	31	67	203	43	11	18	29	48
MM_RS01530	MM_RS01530	88.416	314.671	603.994	124	32	71	64	104
MM_RS01535	MM_RS01535	367.077	1181.017	2271.985	2568.331	82	175	211	328
MM_RS01540	MM_RS01540	11	22	20	20	8	21	21	16
MM_RS01545	MM_RS01545	6	18.256	30	16	2	6	1	7
MM_RS01550	MM_RS01550	220	566	1094	1214	77	214	182	222
MM_RS01555	MM_RS01555	357	675.806	2947.853	2451	71	152	468	497
MM_RS01560	MM_RS01560	261	342	589	285	94	141	141	180
MM_RS01565	MM_RS01565	195	478	579	247	92	306	166	261
MM_RS01570	MM_RS01570	342	1064.006	750.052	332	43	135	79	91
MM_RS01575	MM_RS01575	652	1090.967	1887	1082	195	369	295	327
MM_RS01580	MM_RS01580	333.001	948.109	1150	639.992	46	77	95	159
MM_RS01585	MM_RS01585	678.056	1275.894	1585	1017	113	324	190	298
MM_RS01590	MM_RS01590	142	282.063	182	83	23	35	21	17
MM_RS01595	MM_RS01595	221	422	211	178	63	89	37	59
MM_RS01600	MM_RS01600	1088	2043	584	652	234	583	179	200
MM_RS01605	MM_RS01605	4665	8321.526	2141	1488	527	1496	381	461
MM_RS01610	MM_RS01610	207	356.183	519	211	145	144	160	208
MM_RS01615	MM_RS01615	18	19	43	16	7	16	35	41
MM_RS01620	MM_RS01620	2	5	11	3	3	6	1	4
MM_RS01625	MM_RS01625	30.022	83.356	73	39	4	20.881	11	35
MM_RS01630	MM_RS01630	86	299.996	257	64	105	186	46	159
MM_RS01635	MM_RS01635	879	1947	2043	1602	150	346	170	259
MM_RS01640	MM_RS01640	1333.953	2047.626	2841.995	2498	223	434	262	396
MM_RS01645	MM_RS01645	840.296	1320.008	2102	2040	289	533	471	571
MM_RS01650	MM_RS01650	828.978	1550	2402	1325	400	714	299	516
MM_RS01655	MM_RS01655	645.015	1270	637	560	134	354	136	166
MM_RS01660	MM_RS01660	280.981	387	285	231	68	101	105	157
MM_RS01665	MM_RS01665	1868.002	4316.999	1962	1408	186	689	244	256
MM_RS01670	MM_RS01670	438	807	1248	369	16	57	61	45
MM_RS01675	MM_RS01675	85	214	494	134	19	79	48	81
MM_RS01680	MM_RS01680	305.995	605.894	1156	1055	37	89	96	92
MM_RS01685	MM_RS01685	165	394.002	613.202	492	42	51	64	51
MM_RS01690	MM_RS01690	293	546.017	886	749	142	270	262	274
MM_RS01695	MM_RS01695	264	596.934	185	82	42	72	41	36
MM_RS01700	MM_RS01700	178	344	426	172	43	81	82	91
MM_RS01705	MM_RS01705	210.212	816	457	282	77	152	130	178
MM_RS01710	MM_RS01710	17	163	213	8	0	2	10	2
MM_RS01715	MM_RS01715	0	0	0	0	0	0	0	0
MM_RS01720	MM_RS01720	673.875	1714	5836	3755	175	515	770	809
MM_RS01725	MM_RS01725	16	34	70	22	2	5	7	2
MM_RS01730	MM_RS01730	14	35	42.001	17	6	7	9	13
MM_RS01735	MM_RS01735	120	197	195	70	180	161	247	252
MM_RS01740	MM_RS01740	29.04	46	42.65	23	14	23	29	37
MM_RS01745	MM_RS01745	16.003	35.163	28	7	1	5	0	3
MM_RS01750	MM_RS01750	3	2	9	2	1	6	1	3
MM_RS01755	MM_RS01755	3	12	3	0	4	14	12	12
MM_RS01760	MM_RS01760	29	43.711	34	7	61	111	168	74
MM_RS01765	MM_RS01765	32	72	31	37	11.127	21	23	10
MM_RS01770	MM_RS01770	88	190.758	110	103	56.873	64	27	56
MM_RS01775	MM_RS01775	21	44.157	65	34	9	12	13	16
MM_RS01780	MM_RS01780	6	15.005	47	29	4	8	14	17
MM_RS01785	MM_RS01785	20.145	32	72	38	4	7	16	12
MM_RS01790	MM_RS01790	72.709	161.306	183	83	39	51	71	109
MM_RS01795	MM_RS01795	39.156	46	75	28	6	7	13	28
MM_RS01800	MM_RS01800	3	14	16	8	3	3	5	8
MM_RS01805	MM_RS01805	3.69	9.006	27	10	3	7	14	11
MM_RS01810	MM_RS01810	23	24	45	13	0	4	9	4
MM_RS01815	MM_RS01815	63.13	110.654	84.65	93.529	9.532	7.233	3.42	25.497
MM_RS01820	MM_RS01820	949	2060	574	251.596	247	463	57	111
MM_RS01825	MM_RS01825	400	1127.001	1341	909	48	126	61	92
MM_RS01830	MM_RS01830	13.005	39	33.004	6.019	10	23	19	43.031
MM_RS01835	MM_RS01835	2714	6169.957	432	632	333	699	118	59
MM_RS01840	MM_RS01840	486.934	865.033	836	536	93	157	105	114
MM_RS01845	MM_RS01845	789	1160	1375	609	81	212	151	173
MM_RS01850	MM_RS01850	1167	2898	3887	2511	228	545	346	476
MM_RS01855	MM_RS01855	1525	2388	7179.047	2588	889	1191	2173	1909
MM_RS01860	MM_RS01860	238.783	509.353	150	60	14	35	13	10
MM_RS01870	MM_RS01870	208.004	286.976	739	387	32	67	75	100
MM_RS01875	MM_RS01875	62.005	199	140	56	18	23	10	35
MM_RS01880	MM_RS01880	167.997	248.974	217	170	175	216.383	69	546
MM_RS01885	MM_RS01885	17	34.993	38	31	1	10	0	6
MM_RS01890	MM_RS01890	146.858	323.861	132.982	95	39	74	27	72
MM_RS01900	MM_RS01900	83.693	113	115.001	58	34	52	36	44
MM_RS01905	MM_RS01905	1823	3273.615	1851	3513	19988	14728	69671	33458
MM_RS01915	MM_RS01915	108	369	258	58	70	103	55	76
MM_RS01920	MM_RS01920	84	181.998	136.999	126.999	634	2177	1309	2106
MM_RS01925	MM_RS01925	20.162	14.577	0	0	0	0	0	0
MM_RS01930	MM_RS01930	416.944	454.854	233.938	148.26	812.248	2472.284	458.421	1938.726
MM_RS01935	MM_RS01935	445	850	418	180	81	183	122	160
MM_RS01940	MM_RS01940	250	693.873	378	296	84	158	83	114
MM_RS01945	MM_RS01945	101.343	260.846	132.446	95	16	55	27	38
MM_RS01950	MM_RS01950	837	2846.956	465.999	582	390	1213	230	443
MM_RS01955	MM_RS01955	217.911	582.095	732.885	186	23	54	31	38
MM_RS01960	MM_RS01960	461	1520	804	2209	80	337	158	168
MM_RS01965	MM_RS01965	340	1372	726	427	218	488	265	324
MM_RS01970	MM_RS01970	94	272.999	164	100	32	127	61	75
MM_RS01975	MM_RS01975	235	705.001	447	380	78	184	159	108
MM_RS01980	MM_RS01980	86	219	198	76	21	105	35	61
MM_RS01985	MM_RS01985	63	176.019	44	11	18	41	3	5
MM_RS01990	MM_RS01990	90	177	82	34	52	79	14	29
MM_RS01995	MM_RS01995	54	87.235	19	18	23	58	18	32
MM_RS02000	MM_RS02000	132	273	158	111	43	88	62	97
MM_RS02005	MM_RS02005	298.889	681.052	668.976	226	89	156	139	179
MM_RS02010	MM_RS02010	278.346	411.939	745.888	568	22	55	76.934	79
MM_RS02015	MM_RS02015	122	231.997	269	230	14	55	29	61
MM_RS02020	MM_RS02020	129	208.167	746	518	26.999	75	121	171
MM_RS02025	MM_RS02025	366.009	571.063	1943	1015.284	135.112	198.888	657	832.925
MM_RS02030	MM_RS02030	200.005	251.272	84	81	121	206	102	83
MM_RS02035	MM_RS02035	173	408	437	254	85	209	166	154
MM_RS02040	MM_RS02040	1857.458	3483.999	2827.013	1604	145	457	309	159
MM_RS02045	MM_RS02045	88.887	241.879	122.001	49.989	29	58	63	62
MM_RS02050	MM_RS02050	122.043	314.588	330	190	28	39	23	33
MM_RS02055	MM_RS02055	440	1064.208	782	687	80	156	76	88
MM_RS02060	MM_RS02060	460.809	1177.621	1010	998	51	143	105	136
MM_RS02065	MM_RS02065	206	484.31	156	82	74	181	61	95
MM_RS02070	MM_RS02070	229.703	410	743	816	167	200	112	204
MM_RS02075	MM_RS02075	8495.904	37515.693	8803.857	21199.546	3934.558	15959.111	4927.18	11853.802
MM_RS02080	MM_RS02080	8541.467	9459.032	44255.452	19040.158	496441.354	435364.506	549418.662	624044.058
MM_RS02085	MM_RS02085	0	0	0	0	0	0	0	0
MM_RS02090	MM_RS02090	214.214	837.993	1154	697	381	403	327	605
MM_RS02095	MM_RS02095	484	1094.797	546	286	73	167	109	167
MM_RS02100	MM_RS02100	16783.999	15232.993	2315	806	4702	5403	414	311
MM_RS02105	MM_RS02105	4085.905	5082.001	675	437	1102	1849	140	128
MM_RS02110	MM_RS02110	4505.468	4966.633	785.526	334.683	546.048	1154.051	44.886	69.548
MM_RS02115	MM_RS02115	69.439	129.036	161.379	99	21	28	37	43
MM_RS02120	MM_RS02120	183.067	233	181.998	126	45	87	36	73
MM_RS02125	MM_RS02125	0	8.834	1.004	1.004	1.001	2.007	0	0
MM_RS02130	MM_RS02130	25.278	70.453	178.189	86	5	9.25	25	18.357
MM_RS02135	MM_RS02135	56.942	67.276	398.875	75.812	11.66	14.901	14.702	39.478
MM_RS02140	MM_RS02140	507	891.262	1347.5	457	89	167	140	212
MM_RS02145	MM_RS02145	256.126	399.493	979.534	409.691	165.664	253.509	212.065	643.211
MM_RS02155	MM_RS02155	173.059	369.805	351.062	150.854	39.929	99	93	131.617
MM_RS02160	MM_RS02160	5.59	20.675	0	3.19	0	2.451	1.038	2.847
MM_RS02165	MM_RS02165	29.023	117.496	56	35	2	12	18	16
MM_RS02170	MM_RS02170	64.722	104.562	139.811	49	17	26.75	24	32.643
MM_RS02175	MM_RS02175	165.435	286.569	181.914	132.444	27.473	103.512	57.298	87.374
MM_RS02180	MM_RS02180	25.327	35.207	20.449	16.38	26.02	39.021	31.519	59.924
MM_RS02185	MM_RS02185	34	46	98	45	5	15	9	21
MM_RS02190	MM_RS02190	183.709	324.948	497.475	158	69	140	111	174
MM_RS02195	MM_RS02195	531.92	537.534	416.967	140.354	34	87.509	33	77.897
MM_RS02200	MM_RS02200	36.615	78.512	25.022	28.743	69.931	160.47	136.557	112.681
MM_RS02205	MM_RS02205	297	736	412	1513	36	105	84	126
MM_RS02210	MM_RS02210	139	342.548	718.001	389	34	79	81	158
MM_RS02215	MM_RS02215	259	773	723	746	10	45	23	43
MM_RS02220	MM_RS02220	80.979	230.232	112.145	27	25	33.005	16	44
MM_RS02225	MM_RS02225	34	64.057	53	13.037	9	21	16	35
MM_RS02230	MM_RS02230	36	96.219	62	21	5	24.914	18	33
MM_RS02235	MM_RS02235	77.823	199.124	82.211	26	15	20	8	27
MM_RS02240	MM_RS02240	1	10	13.995	1	2	2	1	0
MM_RS02245	MM_RS02245	8	17	8	1	5	11	1	5
MM_RS02250	MM_RS02250	13	62.203	21	3	1	0	2	6
MM_RS02255	MM_RS02255	6	19	11	3	3	1	0	6
MM_RS02260	MM_RS02260	87.254	155	117	162	49	73.958	44	86
MM_RS02265	MM_RS02265	253.194	425.584	201	187	102.02	170	128	165
MM_RS02270	MM_RS02270	51	57	63	44	26	95	45	94
MM_RS02275	MM_RS02275	29	34	40	14	8	16	10	18
MM_RS02280	MM_RS02280	124.18	315.114	308.061	93	185.32	344	226	504
MM_RS02285	MM_RS02285	194	387	1039.022	526	82	154	212	186
MM_RS02290	MM_RS02290	324.761	569	1214	580	89	200	290	393
MM_RS02295	MM_RS02295	168	456	1402	986	59	118	306	240
MM_RS02300	MM_RS02300	254	419.986	781	148	23	49	45	68
MM_RS02305	MM_RS02305	28	268	199	105	7	36	16	37
MM_RS02310	MM_RS02310	207	249.949	685	515	14	45	56	84
MM_RS02315	MM_RS02315	91.009	224.809	531	270	37	58	65	159
MM_RS02320	MM_RS02320	37.019	74.252	520	457	15	24	174	286
MM_RS02325	MM_RS02325	196	211	118.999	64	25	40	22	24
MM_RS02330	MM_RS02330	27	45	76	26	11	14	5	7
MM_RS02335	MM_RS02335	44.24	62.594	71.005	20	23	97	6	59
MM_RS02340	MM_RS02340	275.158	487.739	1296.22	597.765	407.746	566.436	553.345	1615.117
MM_RS02345	MM_RS02345	2957	3296	2003	654	424	995	313	398
MM_RS02350	MM_RS02350	179	642.498	791	289	113	417	207	370
MM_RS02355	MM_RS02355	1657	2950	1333	1034	191	263	286	153
MM_RS02360	MM_RS02360	467	616.518	727	815	181	507	321	351
MM_RS02365	MM_RS02365	507	779.028	644.35	536	174	323	286	318
MM_RS02370	MM_RS02370	196	356.998	2416	711	141	300	740	750
MM_RS02375	MM_RS02375	392	865.007	4674.999	1971.001	88	272.064	304	442
MM_RS02380	MM_RS02380	211	782	808	349	41	149	90	105
MM_RS02385	MM_RS02385	2091	3080.849	977.75	355	2149	2152	428	1592
MM_RS02390	MM_RS02390	280.008	380.561	1004.901	273	101	121	192	182
MM_RS02395	MM_RS02395	106	241	432	271	19	82	21	60
MM_RS02400	MM_RS02400	2884.626	4898.239	4599	6679	593	942	854	1076
MM_RS02405	MM_RS02405	889	1503	1416	1195	136	259	189	194
MM_RS02410	MM_RS02410	308.528	667.351	698.467	262	29	56.977	63	87
MM_RS02415	MM_RS02415	75	122.391	181	68	20	29	32	33
MM_RS02420	MM_RS02420	70.001	111	89	34	14	44	11	20
MM_RS02425	MM_RS02425	34.618	54.508	62	26	17	14	30	38
MM_RS02430	MM_RS02430	3882	16180.23	12284	20893	948	2319	2382	2649
MM_RS02435	MM_RS02435	23	59	41	13	54	70	21	117
MM_RS02440	MM_RS02440	103	172.342	166	78	22	51	36	36
MM_RS02445	MM_RS02445	173	346	235	108	177	296	111	156
MM_RS02450	MM_RS02450	2605	6939.474	4201.828	3096	115	382	141	218
MM_RS02455	MM_RS02455	186.138	481.867	254.866	90.192	42	105	33	89
MM_RS02460	MM_RS02460	216	402	199	163	60	139	25	64
MM_RS02465	MM_RS02465	308	610	469	214	89	267	161	185
MM_RS02470	MM_RS02470	51	73.258	308	67	31	132	109	215
MM_RS02475	MM_RS02475	220.008	236.995	990	329	47	144	265	284
MM_RS02480	MM_RS02480	107	635	464	295	59	103	262	210
MM_RS02485	MM_RS02485	217	386	217	637	10	36	45	34
MM_RS02490	MM_RS02490	317	433	296	921	5	74	75	68
MM_RS02500	MM_RS02500	18	118	124	16	4	27	7	21
MM_RS02505	MM_RS02505	376.948	1041	835	1780.888	119	377	264	511
MM_RS02510	MM_RS02510	12.191	24	170	37	1	2	10	13
MM_RS02515	MM_RS02515	122	361.93	510	140	25	100	26	55
MM_RS02520	MM_RS02520	52.173	124	81	24	16	15	10	17
MM_RS02525	MM_RS02525	165	251.919	281	249	58	132	239	217
MM_RS02530	MM_RS02530	209.066	424.995	450	292	154	321.423	247	321
MM_RS02535	MM_RS02535	337.128	578.833	524	449.965	143	292	311	226
MM_RS02540	MM_RS02540	570.859	1399.977	1753	1301	159	334	353	270
MM_RS02545	MM_RS02545	343	829	583	339	89	223	184	192
MM_RS02550	MM_RS02550	544	1203.992	979	521	57	178	179	207
MM_RS02555	MM_RS02555	165	252	135	121	132	249	121	180
MM_RS02560	MM_RS02560	513.939	1055.595	790	648	76	148	76	113
MM_RS02565	MM_RS02565	52	289.014	74	44	16	24	4	16
MM_RS02570	MM_RS02570	466.461	1250.564	424.754	193	81.985	156	37.999	100
MM_RS02575	MM_RS02575	57403.01	89540.449	56373.948	10091	5262	11780	12234	4877
MM_RS02580	MM_RS02580	244	476	1244	246	33	86	179	146
MM_RS02585	MM_RS02585	434	870.999	1789	1069	90	215	260	341
MM_RS02590	MM_RS02590	206.283	391.261	231	170	89	91.026	51	102
MM_RS02595	MM_RS02595	174	250.823	116.203	60	37	50	47	71
MM_RS02600	MM_RS02600	170	349	173	182	21	14	20	21
MM_RS02605	MM_RS02605	119	243.613	162	101	6	42	19	16
MM_RS02610	MM_RS02610	351.999	538.792	330	203	46	94	47	62
MM_RS02615	MM_RS02615	70	163.824	130.913	62	19	55	24	38
MM_RS02620	MM_RS02620	69	166.364	60	19	7	32	17	13
MM_RS02625	MM_RS02625	243	505.96	140	76	21	61	31	30
MM_RS02630	MM_RS02630	417	849.192	1421	1932	200	370.014	263	267
MM_RS02635	MM_RS02635	198	373.523	618	700	13	23	24	46
MM_RS02640	MM_RS02640	222.001	622.994	1005	1025	23	59	51	72
MM_RS02645	MM_RS02645	139	480	603	298	45	156	121	211
MM_RS02650	MM_RS02650	69	138	338	58	59	84	9	85
MM_RS02655	MM_RS02655	14	49	16	15	48	29	22	67
MM_RS02660	MM_RS02660	56	157	82	50	3	15	2	6
MM_RS02665	MM_RS02665	26	87	37	20	6	12	4	6
MM_RS02670	MM_RS02670	13	36.008	49.035	10	10	26	8	16
MM_RS02675	MM_RS02675	152.999	322.867	161.988	68	66	112.015	42	83
MM_RS02680	MM_RS02680	57.009	133.873	71.639	57	14	26	13	24
MM_RS02685	MM_RS02685	85	231.825	48	19	9	23	18	29
MM_RS02690	MM_RS02690	4	9	1	1	4	2	1	3
MM_RS02695	MM_RS02695	381	617	253.018	219	75	246	38	96
MM_RS02700	MM_RS02700	0	393.372	0	0	101.303	150.631	143.78	0
MM_RS02705	MM_RS02705	75	223.373	447.048	297	42	41	87	153
MM_RS02710	MM_RS02710	26.74	68.141	209	128	4	28	85	47
MM_RS02715	MM_RS02715	107	120.993	613	544	24	71	122	203
MM_RS02720	MM_RS02720	211	406	1097	1400	51	146	288	443
MM_RS02725	MM_RS02725	314	462.999	1932	1410	34	75	186	199
MM_RS02730	MM_RS02730	175	229.501	1156	1780	30	65	138	161
MM_RS02735	MM_RS02735	836.467	1332.774	2141.116	2053	1941	3780	9184.999	8902
MM_RS02740	MM_RS02740	998	2598	2824	14276	169	603.768	494	875
MM_RS02745	MM_RS02745	572.015	680.028	733.069	247.999	116	157	130	220
MM_RS02750	MM_RS02750	24	49	94	30	8	18	21	47
MM_RS02755	MM_RS02755	30.999	85.545	45	21	14	27	51	28
MM_RS02760	MM_RS02760	0	104.193	0	66.259	122.265	123.324	43.688	49.069
MM_RS02765	MM_RS02765	65.053	67	43	22	236	249	100	88
MM_RS02770	MM_RS02770	100	170.003	89	60	13	33	2	19
MM_RS02775	MM_RS02775	26	63.539	13	11	8	16	6	5
MM_RS02780	MM_RS02780	52	90	70	33	20	18	4	20
MM_RS02785	MM_RS02785	74.864	166.112	97	69	36	67	30	60
MM_RS02790	MM_RS02790	2	0	2	1	0	1	2	6
MM_RS02795	MM_RS02795	98.024	164	442	181	25	46	134	126
MM_RS02800	MM_RS02800	411	664	1576.999	457	88	207	393	198
MM_RS02810	MM_RS02810	51	77	50.207	13	4	10	5	11
MM_RS02815	MM_RS02815	45	145.492	319	149	4	10	28	20
MM_RS02820	MM_RS02820	419	622	476.967	191	47	104	65	75
MM_RS02825	MM_RS02825	67	152.62	103	35	19	35	40	36
MM_RS02830	MM_RS02830	24	40	78	26	3	8	9	21
MM_RS02835	MM_RS02835	64	103	261	113	34	89	29	85
MM_RS02840	MM_RS02840	4051	7909	4190	3852	682	1478	623	601
MM_RS02845	MM_RS02845	8	6	4	0	1	5	0	1
MM_RS02850	MM_RS02850	13	10	23	9	32	12	2	20
MM_RS02855	MM_RS02855	64.78	253.842	51.001	16	3	9	12	11
MM_RS02875	MM_RS02875	7	11	11	4	6	8	3	13
MM_RS02880	MM_RS02880	510	919.019	721	333	123	276	171	171
MM_RS02885	MM_RS02885	135	218	79	40	37	72	21	27
MM_RS02890	MM_RS02890	99.428	109	81	25	74	78	24	32
MM_RS02900	MM_RS02900	175	291	111	60.013	26	51	7	18
MM_RS02905	MM_RS02905	41	61	61	23	9	12	15	15
MM_RS02910	MM_RS02910	29	93.986	24	19	5	8	0	5
MM_RS02915	MM_RS02915	49.808	87.927	80.539	33.854	45	70	34	56.916
MM_RS02920	MM_RS02920	314	663	502	156	24	54	15	35
MM_RS02925	MM_RS02925	18	32	54	17	9	18	47	23
MM_RS02930	MM_RS02930	5	4	27	7	0	3	0	1
MM_RS02935	MM_RS02935	184	920	452	684	11	26	11	24
MM_RS02940	MM_RS02940	13	33	58	37	2	15	13	16
MM_RS02945	MM_RS02945	53	97.737	190	56	13	33	67	79
MM_RS02950	MM_RS02950	21.999	38	116	30	10	18	27	30
MM_RS02955	MM_RS02955	59.789	164.044	478	115	9	21	34	27
MM_RS02960	MM_RS02960	27	54.998	396	42	7	7.047	22	20
MM_RS02965	MM_RS02965	73	133.999	356	130	10	15	17	15
MM_RS02970	MM_RS02970	192	395.853	238	424	39	52	32	43
MM_RS02975	MM_RS02975	208	493	73	92	30	73	22	25
MM_RS02980	MM_RS02980	0	6	8	3	3	5	5	11
MM_RS02990	MM_RS02990	57	240.883	513	67	30	76	56	68
MM_RS02995	MM_RS02995	23	113	211	11	5	18	4	3
MM_RS03000	MM_RS03000	73.061	100.24	91	35	10	24	11	11
MM_RS03005	MM_RS03005	7	11	14	3	4	4	18	5
MM_RS03010	MM_RS03010	100	240.281	308	161	5	22	25	12
MM_RS03015	MM_RS03015	11.07	8.128	117.773	12.106	0	3	7.036	5
MM_RS03020	MM_RS03020	3	26	191.002	5	1	6	22	2
MM_RS03030	MM_RS03030	32.147	367.691	4967.903	139.632	10.58	66.222	115.045	19.224
MM_RS03035	MM_RS03035	19	30.945	40	8	88	116	43	86
MM_RS03040	MM_RS03040	16	89.681	1062	33	4	11	27	11
MM_RS03045	MM_RS03045	18	36.08	260	33	0	5.898	9	4
MM_RS03050	MM_RS03050	46.05	104	141	33	12	29	9.095	31
MM_RS03055	MM_RS03055	209.996	207	49	30	23	28	16	16
MM_RS03060	MM_RS03060	257.119	799	629	418	61	180	259	108
MM_RS03065	MM_RS03065	239	523.959	324.091	208	99	353	126	174
MM_RS03070	MM_RS03070	80	181.619	87	50	69	132	56	77
MM_RS03075	MM_RS03075	2700.943	4505	4586.064	3161	434	770	642	682
MM_RS03080	MM_RS03080	1380	2246.761	3928	1288	571	810	810	795
MM_RS03085	MM_RS03085	630.595	1304	1773	1475	120	259	292	344
MM_RS03090	MM_RS03090	657	1126	766	814	197	505	253	411
MM_RS03095	MM_RS03095	98	250	425	174	40	87	113	113
MM_RS03100	MM_RS03100	2469.847	5581.896	4243.002	3324	7857	20057	10734	24080
MM_RS03105	MM_RS03105	242	978.725	2843	1711	34	92	102	171
MM_RS03110	MM_RS03110	778.382	1696.454	4429	4243	117	258	243	495
MM_RS03115	MM_RS03115	96	240	523	268	64	362	356	781
MM_RS03120	MM_RS03120	291	538.781	1503	803	26	87	76	245
MM_RS03125	MM_RS03125	47	121.07	262.004	211	10	38	17	61
MM_RS03130	MM_RS03130	84.001	291.004	453	334	44	167	201	390
MM_RS03135	MM_RS03135	143	611	2493	1549	13	78	112	139
MM_RS03140	MM_RS03140	124.998	372	1584	786	16	70	58	139
MM_RS03145	MM_RS03145	45.643	133.916	106.62	50	17	37	28	38
MM_RS03150	MM_RS03150	268.931	1078.608	1054	270	33	104	59	71
MM_RS03155	MM_RS03155	138.137	471.067	893	173	24	63	57	64
MM_RS03160	MM_RS03160	149	357	143	71	25	49	13	39
MM_RS03165	MM_RS03165	21.911	46.114	34	24	3	14	12	17
MM_RS03170	MM_RS03170	276.973	473.84	165	67	67	100	98	46
MM_RS03175	MM_RS03175	41	71	36	16	6	12	25	15
MM_RS03180	MM_RS03180	425.01	742.034	1905	289	65	145	113	184
MM_RS03185	MM_RS03185	19	45	109	37	7	22	41	42
MM_RS03190	MM_RS03190	297.276	666.416	438.494	185.865	257.151	459.783	219.648	363.579
MM_RS03195	MM_RS03195	82	194	204	161	53	117	124	192
MM_RS03200	MM_RS03200	76	254	243	183	22	58	16	53
MM_RS03205	MM_RS03205	130.002	227	178	163	24	63	42	30
MM_RS03210	MM_RS03210	165	434.021	216	188	77	115	58	96
MM_RS03215	MM_RS03215	16	57.784	26	21	17	32	6	37
MM_RS03220	MM_RS03220	59	60	59	20	21	20	31	34
MM_RS03225	MM_RS03225	365	1192.768	1305	288	38	132	79	120
MM_RS03230	MM_RS03230	803	1450.974	1705	669	141	246	325	228
MM_RS03235	MM_RS03235	328.998	450.422	341	189	112	125	98	72
MM_RS03240	MM_RS03240	124	179	138.002	152	12	10	9	3
MM_RS03245	MM_RS03245	74.895	153.58	112	57	24	30	24	26
MM_RS03260	MM_RS03260	13.53	21	38	10	3	3	19	12
MM_RS03265	MM_RS03265	40.3	76.651	180.057	54	3	8	13	9
MM_RS03270	MM_RS03270	287	342	1504	655	158	202	1127	1874
MM_RS03275	MM_RS03275	766	1051.099	4524	4836	106	232	645	1567
MM_RS03280	MM_RS03280	793	1720.759	8279.867	21970	155	296	726	1452
MM_RS03285	MM_RS03285	2352	6402	4780	4562	90	202	153	362
MM_RS03290	MM_RS03290	407	935	539	390	163	384	129	312
MM_RS03295	MM_RS03295	355	776	736	359	50	83	65	115
MM_RS03300	MM_RS03300	646	1984.998	1453	1769	71	208	187	216
MM_RS03305	MM_RS03305	642.997	1853.663	907	700	89	243.974	139	211
MM_RS03310	MM_RS03310	1031.925	1872.303	1462.012	1349	331	630	545	657
MM_RS03315	MM_RS03315	869	1326.002	1783	1294	154	391	930	644
MM_RS03320	MM_RS03320	352	843.17	804	889	53	104	108	182
MM_RS03325	MM_RS03325	181.546	588.132	562	566	40	112	79	128
MM_RS03330	MM_RS03330	151	367	209	218	66	275	115	252
MM_RS03335	MM_RS03335	19	53	60	72	16	47	58	122
MM_RS03340	MM_RS03340	9.42	6	10	17	1.003	5	4	11
MM_RS03345	MM_RS03345	27	61.001	65	27	13	24	15	64
MM_RS03355	MM_RS03355	305	741	638	215	77	155	91	93
MM_RS03360	MM_RS03360	187	236	219	165	280	350	123	222
MM_RS03365	MM_RS03365	838	1323	723	341	322	402	98	166
MM_RS03370	MM_RS03370	739	1248	366	250	286	373	105	95
MM_RS03375	MM_RS03375	155.712	115.168	626.344	613.685	29.4	65.971	112.135	161.545
MM_RS03380	MM_RS03380	356.142	370.832	1307.656	1349.315	88.6	120.029	249.865	311.455
MM_RS03385	MM_RS03385	449	583.017	409	230	570	680	441	360
MM_RS03390	MM_RS03390	213.503	568.449	418.38	171	36	171	91	220
MM_RS03395	MM_RS03395	121.133	276.22	408	180	34	58	103	117
MM_RS03400	MM_RS03400	72	97	360	160	15	31	100	123
MM_RS03405	MM_RS03405	489	299	729	240	37	55	99	124
MM_RS03410	MM_RS03410	203	267	760	369	142	127	179	287
MM_RS03415	MM_RS03415	56	71.907	274	55	21	31	80	100
MM_RS03420	MM_RS03420	168	187.217	1082	556	39	45	193	190
MM_RS03425	MM_RS03425	143	340	824	293	39	52	163	173
MM_RS03430	MM_RS03430	84	162.114	516	315	41	48	162	119
MM_RS03435	MM_RS03435	329	504	1152	726	52	87	155	217
MM_RS03440	MM_RS03440	397.001	652.241	845	567	64	139	139	191
MM_RS03445	MM_RS03445	57.999	136	121	46	85.978	163	83	114
MM_RS03450	MM_RS03450	5	16	7.83	2	4	8	19	6
MM_RS03455	MM_RS03455	359.464	766	1510	1267	59	140	106	125
MM_RS03460	MM_RS03460	637.09	1153.703	3270.148	2936	100	164	150	200
MM_RS03465	MM_RS03465	16.764	51.749	26	8	5	15	17	4
MM_RS03470	MM_RS03470	2453	6949	2459	4632	897	1615	517	1703
MM_RS03475	MM_RS03475	637.875	2923.852	647.936	325.678	211.268	441.519	255.505	461
MM_RS03480	MM_RS03480	284	529	304.991	146	17	55	14	22
MM_RS03485	MM_RS03485	454.575	746	3100	3214	39	121	146	355
MM_RS03490	MM_RS03490	117	245	655	360	39	82	186	134
MM_RS03495	MM_RS03495	228	401	1110	459	106	206	271	417
MM_RS03500	MM_RS03500	1176	3164	1653	1182	878	1343	972	946
MM_RS03505	MM_RS03505	172	270.858	194	79	60	113	90	100
MM_RS03510	MM_RS03510	742.121	1561	1063	1898	545	641	123	213
MM_RS03515	MM_RS03515	1139	2678	3024	1712	203	545	293	310
MM_RS03520	MM_RS03520	1665	3034.601	5925	1771	569	784	1262	945
MM_RS03525	MM_RS03525	1001	2099.883	2965.976	2355	251	389	406	319
MM_RS03530	MM_RS03530	965	2371.838	1315	1095	113	226	182	206
MM_RS03535	MM_RS03535	143	249	297.01	175	33	62	104	124
MM_RS03540	MM_RS03540	204	436.823	901	610	66	116	215	269
MM_RS03545	MM_RS03545	359.324	531	490	250	181	368	245	247
MM_RS03550	MM_RS03550	161.051	274.018	236	91	12	39.012	4	32
MM_RS03555	MM_RS03555	120	172	229	142	17	33	19	37
MM_RS03570	MM_RS03570	2178.639	2958.768	1014.483	1637.07	503.967	1255.195	350.792	905.793
MM_RS03575	MM_RS03575	321	404	116.684	263	18	111	17	56.991
MM_RS03580	MM_RS03580	1246.629	2310.98	1046.883	1183.032	383.131	811.208	117.844	432.644
MM_RS03585	MM_RS03585	64.52	110.199	310.695	4.293	5.868	20.124	45.496	0
MM_RS03590	MM_RS03590	1467	2821.493	1231	2553.048	281	412.227	258.919	305
MM_RS03595	MM_RS03595	1037.484	1168.814	1613.161	1500.917	316.539	415.928	389.54	360.204
MM_RS03600	MM_RS03600	179	264.036	1039	649	73	81	234	258
MM_RS03605	MM_RS03605	87	188.038	754	386	76	202.995	383	443
MM_RS03610	MM_RS03610	209	486.093	777	393	45	100	48	157
MM_RS03615	MM_RS03615	159.046	429.007	818.001	422	23	102	62	166
MM_RS03620	MM_RS03620	2413	3946.981	5310	2576	641	1031	1263	1338
MM_RS03625	MM_RS03625	690	784.059	3708	3741	160	160	581	399
MM_RS03630	MM_RS03630	76	158	570	106	32	48	81	80
MM_RS03635	MM_RS03635	3617.713	8101.334	2491	3369	1411	4926.36	688	1204
MM_RS03640	MM_RS03640	249.931	411.571	261	155	126	170	356	164
MM_RS03645	MM_RS03645	489.016	821.933	484	414	53	103	51	75
MM_RS03650	MM_RS03650	893	2049.069	501	185	2466	5220	1287	1023
MM_RS03655	MM_RS03655	1214.019	1847.93	6838	2231	251	502	576	695
MM_RS03660	MM_RS03660	159.001	243.077	191.051	74	41	97	49	87
MM_RS03665	MM_RS03665	79	249	120	51	37	94	47	92
MM_RS03670	MM_RS03670	70	112.004	131	131	46	63	38	116
MM_RS03675	MM_RS03675	241	646.573	262	263	107	246	90	175
MM_RS03680	MM_RS03680	888	2180	1787	1479	55	187	96	164
MM_RS03685	MM_RS03685	1711	2745.002	2458	1558	190	488	196	379
MM_RS03690	MM_RS03690	48	59.39	93	33	26	110	66	202
MM_RS03695	MM_RS03695	582.361	1439.741	1336.923	2101	131	238	174	192
MM_RS03700	MM_RS03700	3548	6888.994	648	637	922	1445	116	192
MM_RS03710	MM_RS03710	3435.646	15611.183	3460.198	10104.567	1355.817	3304.907	580.221	3799.291
MM_RS03715	MM_RS03715	394.048	1687	1181.014	910	511	1577	565	968
MM_RS03720	MM_RS03720	3437.354	15641.817	2990.802	11107.433	1163.183	3502.093	1535.779	3184.709
MM_RS03725	MM_RS03725	289.236	280.503	686.926	152.11	494.562	326.871	223.78	1186.518
MM_RS03730	MM_RS03730	8	19.669	27	2	3	10	20	13
MM_RS03735	MM_RS03735	393	850.602	812	392	51	112	84	65
MM_RS03740	MM_RS03740	411	788.992	1661	2182	77.779	190	131	185
MM_RS03745	MM_RS03745	290	604.097	900	540	149.221	351	318	516
MM_RS03750	MM_RS03750	537	1024	1462.042	948	205	278	394	448
MM_RS03755	MM_RS03755	92.299	216.001	126	51	23	30	23	36
MM_RS03760	MM_RS03760	268.799	549	239	170	55	100	54	68
MM_RS03765	MM_RS03765	11539	34660	60	226	543	2399	5	16
MM_RS03770	MM_RS03770	6518.61	20800.869	13	144	358	1242	0	5
MM_RS03775	MM_RS03775	1168	4018	6	81	273	759	5	4
MM_RS03780	MM_RS03780	9128.974	25146.679	76.895	364	640	2740.986	17	26
MM_RS03785	MM_RS03785	5277.998	16509.887	124	433	2493	9737	54	180
MM_RS03790	MM_RS03790	9066.324	34074.795	869.571	527	780	3877	60	154
MM_RS03795	MM_RS03795	3012	10054.699	107	169.077	555	2338	41	63
MM_RS03800	MM_RS03800	1002.149	3187.479	39.076	72	114	565	12	5
MM_RS03805	MM_RS03805	495.999	965	34	35	143	563	7	6
MM_RS03810	MM_RS03810	526.409	1743.278	52.879	54	267	1086.999	7	47
MM_RS03815	MM_RS03815	175.987	411.893	350	85	53	107	34	65
MM_RS03820	MM_RS03820	1733	3074.997	279.911	410	362.277	899	75	124
MM_RS03825	MM_RS03825	3788.934	9187	117	105	809	2448	8	6
MM_RS03830	MM_RS03830	13243.946	24314.812	233	371	3904	9941	79	26
MM_RS03835	MM_RS03835	39	85	13.012	8	5	14	12	4.004
MM_RS03850	MM_RS03850	13.153	61.038	39	15	6	6	1	2
MM_RS03855	MM_RS03855	53	86.61	141.372	101	9	12	10	13
MM_RS03860	MM_RS03860	240	573.239	495	553	8	24	14	7
MM_RS03865	MM_RS03865	317.754	1805.895	574.604	288.851	37.168	25.601	0	53.068
MM_RS03875	MM_RS03875	146.289	269.145	121.943	52	29	32	9	25
MM_RS03880	MM_RS03880	51	123.104	121	59	10	21	13	17
MM_RS03885	MM_RS03885	39	87	105.218	63	2	5	4	8
MM_RS03890	MM_RS03890	36	59.841	412	220	12	45	80	112
MM_RS03895	MM_RS03895	49.222	132.221	231.311	139.517	11.999	35.75	33.853	94.813
MM_RS03900	MM_RS03900	597	578.287	50	21	79	149	23	34
MM_RS03905	MM_RS03905	255.475	412.822	8154.988	5049.923	31	54	539	354
MM_RS03910	MM_RS03910	391	755	213	146	56	107	56	46
MM_RS03915	MM_RS03915	36.094	48.987	47	14	26	34	23	47
MM_RS03920	MM_RS03920	193.752	518.765	908.879	587.179	48	132	311	162
MM_RS03925	MM_RS03925	58.777	165.198	167	104	14	34	75	67
MM_RS03930	MM_RS03930	203	721	75	49	45	104	4	41
MM_RS03935	MM_RS03935	679	1862	1893	54	138	363	144	28
MM_RS03940	MM_RS03940	548	1873.996	2536	57	29	214	37	13
MM_RS03945	MM_RS03945	331	671	1524	41	64	199	53	18
MM_RS03950	MM_RS03950	323.501	450.817	2770	94	50	61	71	19
MM_RS03955	MM_RS03955	816	1412.966	2384.994	1016.993	142	273	240	222
MM_RS03965	MM_RS03965	72.031	128.961	114.006	94.007	14	19	10	10
MM_RS03970	MM_RS03970	164	1125	2349	1008	18	98	187	126
MM_RS03975	MM_RS03975	279.999	574.33	909	305	128	179	227	201
MM_RS03980	MM_RS03980	208.973	432.001	366	270	8	10	11	6
MM_RS03985	MM_RS03985	425.998	1870	469	728	41	153	62	98
MM_RS03990	MM_RS03990	226	404	552	476	202	371	711	787
MM_RS03995	MM_RS03995	944	2456	2413	1958	1489.283	3007	1699	2519
MM_RS04000	MM_RS04000	48	140	167	85	11	36	61	87
MM_RS04005	MM_RS04005	26	36	23	11	27	60	27	46
MM_RS04010	MM_RS04010	2119	3115.006	2737	1294	577	671	504	350
MM_RS04015	MM_RS04015	839	2001	1693.997	578	165	317	259	200
MM_RS04020	MM_RS04020	56	81	122	35	96	92	134	93
MM_RS04025	MM_RS04025	161	367	583	192	189	149	150	394
MM_RS04030	MM_RS04030	287.528	0	333.645	152.354	637.955	1286.027	645.22	1185.158
MM_RS04035	MM_RS04035	150.562	432.086	1092.684	560.272	22.156	61.274	86.753	161.979
MM_RS04040	MM_RS04040	7	8	11	7	1	1	3	0
MM_RS04045	MM_RS04045	1239.517	5151.524	4647.923	2464.439	389.68	668.93	721.389	729.795
MM_RS04050	MM_RS04050	439.683	1489.389	781.019	605.302	101	201.006	116	161.804
MM_RS04055	MM_RS04055	336	729.125	432	167	478	583	172	1019
MM_RS04060	MM_RS04060	351.038	436	318	259	120	159	148	164
MM_RS04070	MM_RS04070	297	410	1709	3070	207	784	628	2293
MM_RS04075	MM_RS04075	1648	2156.177	5916	13648	396	1434	803	3708
MM_RS04080	MM_RS04080	2579	3605	7757	12170	453	1612	708	3771
MM_RS04085	MM_RS04085	673	1068	2156	2406	134	587	222	1245
MM_RS04090	MM_RS04090	987.243	1184	2259.997	2418	338	1068	609	2621
MM_RS04095	MM_RS04095	1059.988	2362	2425	2629.916	256	582	332	873
MM_RS04100	MM_RS04100	1294	3759	5564	13855	85	275	223	687
MM_RS04105	MM_RS04105	6589	10383	9001	9183	1760	4073	2301	5073
MM_RS04110	MM_RS04110	957	2648.966	1150	1161	275	799	919	1470
MM_RS04115	MM_RS04115	6.13	6.105	6.285	2	1.032	4.361	0	3.108
MM_RS04120	MM_RS04120	411	643	750	391	27	54	34	41
MM_RS04130	MM_RS04130	881	1863	909	431	129	518	180	140
MM_RS04135	MM_RS04135	160	348	110	60	51	206	35	69
MM_RS04140	MM_RS04140	3510	5046.163	4083	3491.995	3090	5393.202	2039.247	5666.272
MM_RS04145	MM_RS04145	128.254	1098.692	198.142	968.099	128.287	416.222	109.42	516.014
MM_RS04150	MM_RS04150	479.78	572.688	106	63	127	252	48	58
MM_RS04155	MM_RS04155	40.943	72	77	51	53	47	43	36
MM_RS04160	MM_RS04160	121.007	155.658	94	52	53	83	43	66
MM_RS04170	MM_RS04170	149	324	186	56	9	12	0	7
MM_RS04175	MM_RS04175	418	675	411	133	27	35.995	21	32
MM_RS04180	MM_RS04180	1864	3140.369	7894.183	2945.849	2878	9627	2576	8226.006
MM_RS04185	MM_RS04185	280	579.062	1147	1032	162	271	287	272
MM_RS04190	MM_RS04190	1526	2690	497	151	104	238	39	73
MM_RS04195	MM_RS04195	265.74	542.985	894	290	106	98	182	158
MM_RS04200	MM_RS04200	983.952	1952.466	3862.944	1628	243	386	588	760
MM_RS04205	MM_RS04205	401.824	1277.975	5339	2679	78	206	531	535
MM_RS04210	MM_RS04210	189	366	1548	488	69	117	425	322
MM_RS04215	MM_RS04215	235	573	2601	797	89	181	643	748
MM_RS04220	MM_RS04220	79	301	1305	856	21	18	54	24
MM_RS04225	MM_RS04225	685	1993	9577	7221	67	188	148	198
MM_RS04230	MM_RS04230	352	1086	3199	1937	158	406	432	614
MM_RS04235	MM_RS04235	429	1015	2923	2378	41	122	139	186
MM_RS04240	MM_RS04240	2230	2693	9021	4542	320	664	499	1198
MM_RS04245	MM_RS04245	495.387	947.568	2351.559	1944.018	88.992	223.007	263	476
MM_RS04250	MM_RS04250	161	292	145	80	252	590	58	279
MM_RS04255	MM_RS04255	39	87	154	43	12	28	42	37
MM_RS04260	MM_RS04260	78.018	272	145	55	39	93	83	159
MM_RS04265	MM_RS04265	1586	4159.081	1507	1472	126.032	228	139	102
MM_RS04275	MM_RS04275	317.007	197.472	694.46	268.77	177.231	243.019	610.719	146.042
MM_RS04280	MM_RS04280	206	620	1609.978	2177	69	103	182	274
MM_RS04285	MM_RS04285	424	1188	1892	753	143	327	343	412
MM_RS04290	MM_RS04290	388	513.004	1033	795	107	189	198	281
MM_RS04295	MM_RS04295	446	950	592	436	271	643	370	585
MM_RS04300	MM_RS04300	30	73.964	130	40	11	10	9	15
MM_RS04305	MM_RS04305	28	59.987	51	23	11	15	6	14
MM_RS04310	MM_RS04310	2020.96	2875.812	327	1046	1576	3137	267	2590
MM_RS04315	MM_RS04315	1829.406	3187.897	800	1654	403	648.829	155	530.666
MM_RS04320	MM_RS04320	2853	5342.999	1708	3159	716	1131	274	972
MM_RS04325	MM_RS04325	967	937.923	632	871	141	382	76	265
MM_RS04330	MM_RS04330	36	119	149	45	13	27	33	29
MM_RS04335	MM_RS04335	417	556	410	155	148	359	238	156
MM_RS04340	MM_RS04340	408	910	415	228	151	593	264	286
MM_RS04345	MM_RS04345	299	353.013	335	164	111	163	144	183
MM_RS04350	MM_RS04350	71	178	109	70	12	30	18	18
MM_RS04355	MM_RS04355	127.701	402	313	146	17	39	50	45
MM_RS04360	MM_RS04360	14	41	22	10	2	2	7	13
MM_RS04365	MM_RS04365	28.928	28	22	10	2	8	9	17
MM_RS04370	MM_RS04370	607	928.014	338	326	271	490	253	417
MM_RS04375	MM_RS04375	203.213	566.535	409.003	388	34	76	77	70
MM_RS04380	MM_RS04380	323	447	476.001	151	556	710	292	390
MM_RS04385	MM_RS04385	335.329	511.183	460	268	41	78	57	58
MM_RS04390	MM_RS04390	33	63.994	52.072	17	10	17	12	26
MM_RS04395	MM_RS04395	151.982	309.095	527.001	159	47	67.992	102	112
MM_RS04400	MM_RS04400	76	160	160	81	48	159	70	88
MM_RS04405	MM_RS04405	1172.125	2958.961	2603.064	2393.322	114.732	350.481	185.495	477
MM_RS04410	MM_RS04410	373	537.001	454	268	210	275	133	229
MM_RS04415	MM_RS04415	186	350.896	459.699	82	66.998	75.002	39	47
MM_RS04420	MM_RS04420	266	321.007	609	93	33	38	41	17
MM_RS04425	MM_RS04425	168.171	301.279	468.004	63	47.002	72.998	46	24
MM_RS04430	MM_RS04430	84	171.001	96	53	12	39	8	11
MM_RS04435	MM_RS04435	35.689	77.736	42	11	11	30	20	31
MM_RS04440	MM_RS04440	403	1006	286	254	13	42	13	12
MM_RS04445	MM_RS04445	99	213	165	36	37	34	4	12
MM_RS04450	MM_RS04450	162	262	226	71	29	27	22	25
MM_RS04455	MM_RS04455	68	159.007	83	90	19	36	49	43
MM_RS04460	MM_RS04460	224	262	452	346	315	495	513	850
MM_RS04465	MM_RS04465	563.922	775.157	928	768	221.002	379	359	418
MM_RS04470	MM_RS04470	99	294.969	1193	752	14	48	73	93
MM_RS04475	MM_RS04475	496	591	1283	558	106	556	254.997	490
MM_RS04480	MM_RS04480	687	1317	709	293	35	276	105	88
MM_RS04485	MM_RS04485	1461	3152	2920	1672	133	433	194	363
MM_RS04490	MM_RS04490	489.955	2370	437	273	90	284	134	170
MM_RS04495	MM_RS04495	359	1137	2341.543	1403	144	428	645	575
MM_RS04500	MM_RS04500	314	466.627	283	171	87	233	157	173
MM_RS04505	MM_RS04505	448	672	686	399.011	79	227.336	105	231.218
MM_RS04510	MM_RS04510	264	384	347	301	121	231	68	179
MM_RS04515	MM_RS04515	239	416.113	588	448	87	153	145	220
MM_RS04520	MM_RS04520	323	672	1954	936	93	242	213	318
MM_RS04525	MM_RS04525	584.512	902.733	1316	1781	86	213	287	308
MM_RS04530	MM_RS04530	733.646	1452.605	2835.998	1953.955	167	329	224	361
MM_RS04535	MM_RS04535	116	205	383	183	69	101	195	341
MM_RS04540	MM_RS04540	46	67	571	355	22	53	78	145
MM_RS04545	MM_RS04545	245	427	1992	1715	66	67	239	263
MM_RS04550	MM_RS04550	204	287.845	1555	1096	24	59	163	140
MM_RS04555	MM_RS04555	75	98	440	209	79	101	255	333
MM_RS04560	MM_RS04560	10.01	27.021	25.022	20.017	3.001	5.001	16.005	19.008
MM_RS04565	MM_RS04565	140.322	253.633	237	91	37	57	105	102
MM_RS04575	MM_RS04575	508	775	622	414	221	480	309	298
MM_RS04580	MM_RS04580	41	60	76	40	8	8	15	35
MM_RS04585	MM_RS04585	12	39	17	2	5	5	4	4
MM_RS04590	MM_RS04590	73	167.908	138	95	19	34	25	26
MM_RS04600	MM_RS04600	0	0	217.819	0	0	31.87	66.513	87.658
MM_RS04605	MM_RS04605	2061.672	3702.884	2625.736	1331.029	1958	2454.943	1121	2512
MM_RS04610	MM_RS04610	128.93	285.607	499.992	118	31	53	45	52
MM_RS04615	MM_RS04615	36	209	26	64	11	24	12	11
MM_RS04620	MM_RS04620	221.635	541.003	159.701	86.403	67.684	215	44	59
MM_RS04625	MM_RS04625	196.143	372.25	417	302	40	94.01	100	115
MM_RS04630	MM_RS04630	73	123	371	209	32	33	93	100
MM_RS04635	MM_RS04635	334.988	646.551	1380.998	789	100	166	406	499
MM_RS04640	MM_RS04640	11	12	32	16	2	16	21	19
MM_RS04645	MM_RS04645	11	23	22	9	2	8	6	12
MM_RS04650	MM_RS04650	636	1430	1040	1618	341	684	392	518
MM_RS04655	MM_RS04655	3155.975	5917.059	3826	3012	876	1301	836	1212
MM_RS04660	MM_RS04660	2072	3652	2433	4381	832	1495	813	896
MM_RS04665	MM_RS04665	95	166	66	40	20	97	32	64
MM_RS04670	MM_RS04670	29.012	52.552	31	12	15	40	27	29
MM_RS04675	MM_RS04675	5218.972	8580.917	2941	2231	809	2074	241	359
MM_RS04680	MM_RS04680	1829	2921.005	2366	1413	402	647	698	967
MM_RS04685	MM_RS04685	3	4.271	0	3	1	4	5	3
MM_RS04690	MM_RS04690	709.953	1081.764	625.818	360	251.001	434	289	287
MM_RS04695	MM_RS04695	158	289	557	557	33	47	94	60
MM_RS04700	MM_RS04700	23	59	102	33	4	23	24	30
MM_RS04710	MM_RS04710	265.534	475.923	596.369	197	27	59	76	66
MM_RS04715	MM_RS04715	284.977	740	1498	1672	196	226.005	344	333
MM_RS04720	MM_RS04720	191	484	191	107	51	114	47	74
MM_RS04725	MM_RS04725	629.997	2361.475	679	446	72	192	84	159
MM_RS04730	MM_RS04730	206	343	244	70	56	87	60	128
MM_RS04735	MM_RS04735	481.053	780.997	576	396	66	148	51	107
MM_RS04740	MM_RS04740	562	808.999	543	319	124	219	157	143
MM_RS04745	MM_RS04745	1628.001	3071.945	2911	3489	445	711	350	569
MM_RS04750	MM_RS04750	2497.191	5067.863	2812.14	2417	208	563.045	175	605
MM_RS04755	MM_RS04755	550.994	998.03	1146.943	1618	49	108	86	189
MM_RS04760	MM_RS04760	283	465	540	722	39	71	77	97
MM_RS04765	MM_RS04765	771.007	1179.109	1706.039	1703	238	315	351	437
MM_RS04770	MM_RS04770	167	238	558	500	49	79	113	155
MM_RS04775	MM_RS04775	532.992	703.11	2939	1233	115	193	312	311
MM_RS04780	MM_RS04780	217	441.664	593.325	314	80	115	187	171
MM_RS04785	MM_RS04785	133.047	246.123	558	340	20	83	132	113
MM_RS04790	MM_RS04790	63	99	59	34	23	52	8	36
MM_RS04795	MM_RS04795	123	251.274	461.541	204	87	159	112	187
MM_RS04800	MM_RS04800	760	1365.758	5243	4300	79	137	118	186
MM_RS04805	MM_RS04805	71	88	831	414.671	28	28	159	200
MM_RS04815	MM_RS04815	1866	4323	4209.996	8005.987	164	246	140	461
MM_RS04820	MM_RS04820	117.845	67.987	230.593	0	117.73	184.177	93.189	189.556
MM_RS04825	MM_RS04825	13	16	26.001	24	0	9	0	4
MM_RS04830	MM_RS04830	58	77	222	77	9	21	10	10
MM_RS04835	MM_RS04835	47	63.118	66	16.001	17	20	23	33
MM_RS04840	MM_RS04840	250.6	269	2506	433	60	69.988	145	144
MM_RS04845	MM_RS04845	43	26	179	44	21	28	35	51
MM_RS04850	MM_RS04850	103.054	125	247	206	49	37	54	84
MM_RS04855	MM_RS04855	454.829	580.289	477	309	140	294	169	222
MM_RS04860	MM_RS04860	9.006	25.013	18	15	2	7	8	8
MM_RS04865	MM_RS04865	31	60.522	24.911	6	4	8	1	8
MM_RS04870	MM_RS04870	63	125.03	115	63	13	23	12	21
MM_RS04875	MM_RS04875	13	29	38	11	2	18	15	12
MM_RS04880	MM_RS04880	19.631	37.055	23	6	4	12	1	8
MM_RS04885	MM_RS04885	126	184	174	146	10	29	17	27
MM_RS04890	MM_RS04890	1711	4055	4425	4125	953	3107	1170	1985
MM_RS04895	MM_RS04895	95514	14658	19270	4460	68038	78943.998	162870.998	52201
MM_RS04900	MM_RS04900	389	743.885	181	221	150	386	70	156
MM_RS04905	MM_RS04905	260	427	1981	632	54	105	175	79
MM_RS04910	MM_RS04910	223	876	3553	842	37	59	185	111
MM_RS04915	MM_RS04915	531	2234	5406	1065	334	1040	2163	2110
MM_RS04920	MM_RS04920	835	1645.228	3412	2348.002	236	528	655	1010
MM_RS04925	MM_RS04925	83	111.963	92	69	15	17.158	17	15
MM_RS04930	MM_RS04930	199	264.989	113	95	33	74	25	70
MM_RS04935	MM_RS04935	368	452	190	145	75	169	85	145
MM_RS04940	MM_RS04940	1202.194	2059.641	4736	2303	266	402	474	467
MM_RS04945	MM_RS04945	483	884.506	1205.832	328	56	126	89	96
MM_RS04950	MM_RS04950	199	553.117	355	109	32	109	69	110
MM_RS04955	MM_RS04955	108	177	149	54	55	93	66	88
MM_RS04960	MM_RS04960	127	293	144.168	85	21	101	73	73
MM_RS04965	MM_RS04965	711.949	2515.999	310	336	310	395	303	663
MM_RS04975	MM_RS04975	40	69	53	11	38	69	13	31
MM_RS04980	MM_RS04980	39.936	106.311	46	25	103	115	23	72
MM_RS04990	MM_RS04990	8462.996	21701.231	66.765	204	2864	4909.023	21	79
MM_RS04995	MM_RS04995	1512	4282.162	61	69	486	925	4	5
MM_RS05000	MM_RS05000	3716	5004	74	66	793	1297	12	18
MM_RS05005	MM_RS05005	160	315	78	27	38	27	23	51
MM_RS05010	MM_RS05010	254	299	241.797	107	25	47	35	42
MM_RS05015	MM_RS05015	329	646	884	1223	20	30	50	43
MM_RS05020	MM_RS05020	203	381	116	31	25	53	13	17
MM_RS05025	MM_RS05025	19535.327	40564.003	3178	1556	1496	4215	270.892	153
MM_RS05030	MM_RS05030	82.656	215.005	47.297	29	43	87	39	43.001
MM_RS05035	MM_RS05035	464	644	2958	1856	234	326	562	466
MM_RS05040	MM_RS05040	546.017	872	4120	2971	87	225	341	494
MM_RS05045	MM_RS05045	309	355	2801	1998	50	99	118	199
MM_RS05050	MM_RS05050	410.393	739.922	2993	1950.387	43	85	254	187.021
MM_RS05055	MM_RS05055	206.315	290	251	82	90	109	112	111
MM_RS05060	MM_RS05060	317.001	496.914	209	170	89	137.102	78	84
MM_RS05070	MM_RS05070	32.801	85.998	53	25	9	18	7	16
MM_RS05075	MM_RS05075	391	624	337	275	81	230	61	97
MM_RS05080	MM_RS05080	256	655.367	312	138	19	104	40	85
MM_RS05085	MM_RS05085	34.012	50.038	62	19	6	24	38	24
MM_RS05090	MM_RS05090	496	939	1076	799	68	182	102	231
MM_RS05100	MM_RS05100	110.328	228.31	303	313	64	77	172	201
MM_RS05105	MM_RS05105	413	555.712	1137	746	51	69	119	136
MM_RS05110	MM_RS05110	35	93.001	187	81	14	29	22	18
MM_RS05115	MM_RS05115	0	38.046	0	0	0	3.707	0	0
MM_RS05120	MM_RS05120	265	923	207	89	84.968	141	125	91
MM_RS05125	MM_RS05125	457.015	789.978	751	684	152	239	253	279
MM_RS05130	MM_RS05130	277	559	525	505	196	446	301	1022
MM_RS05135	MM_RS05135	191	310	260	227	144	175	133	212
MM_RS05140	MM_RS05140	442	848	559	1037	74	115	81	115
MM_RS05145	MM_RS05145	47	133	99	216	12	18	31	45
MM_RS05150	MM_RS05150	169	758	318.575	194	80	238	61	157
MM_RS05155	MM_RS05155	1114.425	2650	1137	1016	449	654	212	308
MM_RS05160	MM_RS05160	667	980	1204	737	239	403	196	272
MM_RS05165	MM_RS05165	223	262	508	369	202	206	151	229
MM_RS05170	MM_RS05170	14	19.785	9	5	0	0	2	7
MM_RS05175	MM_RS05175	358.066	518.031	803.088	2048	63	99	197	223
MM_RS05180	MM_RS05180	383	470	963	1435	98	110	242	173
MM_RS05185	MM_RS05185	85	131	164	160	37	88	157	131
MM_RS05190	MM_RS05190	129	203	294	514	192	309	262	433
MM_RS05195	MM_RS05195	740	1054.005	946	1506	46	113	104	154
MM_RS05200	MM_RS05200	440	560	782	999	12	34	62	50
MM_RS05205	MM_RS05205	195	307	192	298	23	79	126	112
MM_RS05210	MM_RS05210	145.03	198.144	524	138	42	53	131	82
MM_RS05215	MM_RS05215	290	450.324	2133	1397	44	71	132	128
MM_RS05220	MM_RS05220	59	113.748	118	89	12	16	2	14
MM_RS05225	MM_RS05225	377	869	996	364	40	175	69	159
MM_RS05230	MM_RS05230	3779.999	5214	2494	1931	1056	2456	557	1271
MM_RS05235	MM_RS05235	145.927	319.972	249	140	193	127	229	138
MM_RS05240	MM_RS05240	19	36.242	27	10	2	10	8	21
MM_RS05245	MM_RS05245	2831.306	6444.875	5056	5934.837	242	693.156	654	516
MM_RS05250	MM_RS05250	220	647	786	628	53	155	289	398
MM_RS05255	MM_RS05255	584.189	1211.55	1745	918	294	574	1128	1156
MM_RS05260	MM_RS05260	1481	9853	11568.008	17091.986	299	953	1711	2037
MM_RS05265	MM_RS05265	895.999	2261	8371.996	3551	400	1251	2337	2939
MM_RS05270	MM_RS05270	1036.428	1783.814	9476.189	5037.812	238	569	1682.436	1908.993
MM_RS05275	MM_RS05275	632.746	1373.615	13798.044	11486.188	240	352	9184.902	3194.007
MM_RS05280	MM_RS05280	259	323.73	473.774	268	43	59	44	89
MM_RS05285	MM_RS05285	21	29	27	9	1	3	8	0
MM_RS05290	MM_RS05290	208	412	126	275	63	123	40	52
MM_RS05295	MM_RS05295	79	126.275	33	20	5	10	18	1
MM_RS05300	MM_RS05300	55.602	113.489	82	38	15	38	19	34
MM_RS05305	MM_RS05305	8	24	10	2	3	1	5	11
MM_RS05310	MM_RS05310	103	172	88	46	13	29	16	8
MM_RS05325	MM_RS05325	118.882	276.508	157	27	11	41	23	12
MM_RS05330	MM_RS05330	7142	13655.003	4895	2242	772	3342	138	223.868
MM_RS05335	MM_RS05335	387	597.716	990	556	232	348	472	762
MM_RS05340	MM_RS05340	1156.899	1465.429	1174.977	523	270.45	483.038	372	661.565
MM_RS05345	MM_RS05345	1642.101	2567.571	1796.023	841	334.55	569.962	312	508.435
MM_RS05350	MM_RS05350	109.001	196	569	523	66	84	337.623	489
MM_RS05355	MM_RS05355	287	401	852	791	85	133	295	401
MM_RS05360	MM_RS05360	2443.8	3233.566	4757.987	3635	730	1569	1187	2316
MM_RS05365	MM_RS05365	2735.971	5441.94	1677	1511	481	1253	339	742
MM_RS05370	MM_RS05370	489	1065	293	312	85	209	103	215
MM_RS05375	MM_RS05375	206.149	466.973	2968	576	59	89	692	286
MM_RS05380	MM_RS05380	46.937	168	887	130	25	59	91	110
MM_RS05385	MM_RS05385	255.927	566	584	263	15	67	49	52
MM_RS05390	MM_RS05390	370.067	2714.181	1184.004	1853.77	514.999	1032.58	416	1130.627
MM_RS05395	MM_RS05395	244	755.531	770	570	41	124	137	224
MM_RS05400	MM_RS05400	77	101.821	409	179	59	75	182	280
MM_RS05405	MM_RS05405	75.332	130.276	347	121	15	46	107	129
MM_RS05410	MM_RS05410	166.68	497.44	455.257	175.027	28.008	47	115.947	122
MM_RS05415	MM_RS05415	524.003	1172	76	92	100	219	79	44
MM_RS05420	MM_RS05420	618.667	1329.159	275	203	158	324	145	105
MM_RS05440	MM_RS05440	1902.837	9094.855	5873.443	7239.308	1004.045	1576	1653	1507.583
MM_RS05445	MM_RS05445	854	1598.988	4249	2970	150	245	653	275
MM_RS05450	MM_RS05450	476.109	885.806	596	393	100	188	83	79
MM_RS05455	MM_RS05455	425.562	1095.005	3027	1305.996	54	109	289	347
MM_RS05460	MM_RS05460	2205.441	5511.34	2283	6087	470	1168	309	684
MM_RS05465	MM_RS05465	215	712	1094	346	63	142	174	250
MM_RS05470	MM_RS05470	85.238	128	31	9	9	35	4	22
MM_RS05475	MM_RS05475	1611.231	4074.137	2333.534	4771.122	91.016	195.326	105	185.139
MM_RS05480	MM_RS05480	89	171.514	83	26	3	16	4	2
MM_RS05490	MM_RS05490	139	365	612	260	115	311	192	201
MM_RS05495	MM_RS05495	302.067	564.001	297	119	118.013	188.995	132	138
MM_RS05500	MM_RS05500	37	36.006	70	100	7	20.725	50	48
MM_RS05505	MM_RS05505	62.957	148.98	158	108	14	26.987	37	33
MM_RS05510	MM_RS05510	147	221.067	209	221	21	73	84	98
MM_RS05515	MM_RS05515	49.286	123.013	51.994	23	14	56	37	53
MM_RS05520	MM_RS05520	152	322.803	187	58	30	30	59	45
MM_RS05525	MM_RS05525	409	802.001	836.986	587	149	424	187.829	306
MM_RS05530	MM_RS05530	100	141.998	259	314	27	94	42	124
MM_RS05535	MM_RS05535	104	135.527	161	261.731	14	34.005	12	52
MM_RS05540	MM_RS05540	299	373.373	597	793	63	128	212	319
MM_RS05545	MM_RS05545	143	206.113	610	600	66	154	186	270.131
MM_RS05550	MM_RS05550	35	70.993	135	112	34	59	43	127
MM_RS05555	MM_RS05555	28	70	40.003	5	1	5	6	1
MM_RS05560	MM_RS05560	200	553	234	77	120	238	146	143
MM_RS05565	MM_RS05565	269.034	669	927	636	53	138	93	209
MM_RS05570	MM_RS05570	97.959	157.913	120	42	61	120	84	111
MM_RS05575	MM_RS05575	2254.79	3829.008	20019	39658	131	307.832	594	1105
MM_RS05580	MM_RS05580	414.941	653.66	3331.285	5156.918	60	89	380	711.997
MM_RS05585	MM_RS05585	803.247	2772.939	2179	1420	89	279	142	171
MM_RS05590	MM_RS05590	4	23	27	9	9	17	40	42
MM_RS05595	MM_RS05595	3265.919	5301.995	3223.346	5093.813	2509.981	6384.91	3925.256	7263.984
MM_RS05600	MM_RS05600	7268.055	8812.188	6466.872	17703.993	1720.55	5344.698	3369.674	5450.812
MM_RS05605	MM_RS05605	984	1097	683.934	1917	516	947	878	2240
MM_RS05610	MM_RS05610	152.942	219.882	230.171	205	59	83	229	236
MM_RS05615	MM_RS05615	929.735	1806.45	1721	2102.798	192.019	335.077	211.409	407.435
MM_RS05620	MM_RS05620	856.231	1406.84	1582.7	1225.023	212.981	403.923	291.591	628.565
MM_RS05625	MM_RS05625	202	336.097	542	302	40	86	148	235
MM_RS05630	MM_RS05630	405.981	976.949	1611	484	50	165	176	573
MM_RS05635	MM_RS05635	319	902.439	287	308	189	294	164	269
MM_RS05640	MM_RS05640	923	4120	2817	5471	680	1014	713	1142
MM_RS05645	MM_RS05645	1682.965	2658	1078	1037	313	428	191	212
MM_RS05650	MM_RS05650	378	692	300	169	171	272	92	140
MM_RS05655	MM_RS05655	309.533	596.114	297	130	140	271.783	63	155
MM_RS05660	MM_RS05660	644.429	1373.437	1064	885	187	418	338	283
MM_RS05665	MM_RS05665	1680	3112.146	1364.999	653	145.999	449	121	165
MM_RS05670	MM_RS05670	321.967	554.926	552	408	31	117	118	111
MM_RS05675	MM_RS05675	760	1501.48	1315	1705	164	300	163	307
MM_RS05690	MM_RS05690	36	130.665	94	26	13	53	27	41
MM_RS05695	MM_RS05695	4	12	10	5	0	8	4	5
MM_RS05700	MM_RS05700	10	17.306	19	4	3	7	2	15
MM_RS05710	MM_RS05710	124	504	74	27	19	51	11	11
MM_RS05715	MM_RS05715	187	415	202	107	40	48	37	30
MM_RS05720	MM_RS05720	5206.389	6548.995	29408.135	21991.817	320	688.98	916	722
MM_RS05725	MM_RS05725	278	415	392	403	117	214	160	212
MM_RS05730	MM_RS05730	745	1467	1140	674	225	408	300	423
MM_RS05735	MM_RS05735	189.178	642.218	756.111	724	18.446	52	28	56
MM_RS05740	MM_RS05740	174.06	374.314	930	394	48	128	144	241
MM_RS05745	MM_RS05745	327	396	432	222	131	268	211	288
MM_RS05750	MM_RS05750	304	656.006	826.954	559	216	356	160	336
MM_RS05755	MM_RS05755	241.068	450.428	769	240	97	166	154	224
MM_RS05760	MM_RS05760	162.026	394	5353	3148.021	61	104	594	917
MM_RS05765	MM_RS05765	256	569	2360	516	61	146	863	1011
MM_RS05770	MM_RS05770	2520	5314.001	5243.953	10620	530	1330	526	1065
MM_RS05775	MM_RS05775	1004	817	744	142	344	280	276	288
MM_RS05780	MM_RS05780	134	206	77	136	23	60	2	28
MM_RS05785	MM_RS05785	127	311.021	342.99	127	40	73	52	77
MM_RS05790	MM_RS05790	513	873.303	1632	828	82	136	201	257
MM_RS05795	MM_RS05795	81	157	152	153	45	53	77	163
MM_RS05800	MM_RS05800	982	1742.641	1363	796	115	231	154	179
MM_RS05805	MM_RS05805	187.997	552	389	170	104	207	176	187
MM_RS05810	MM_RS05810	524.131	1208	1393	625	126	261	219	367
MM_RS05815	MM_RS05815	76	97	56	46	15	34	43	49
MM_RS05820	MM_RS05820	104.562	139.204	385.444	109.911	42.422	72	77	94.025
MM_RS05825	MM_RS05825	403.611	450.669	261.597	117.211	64	89.542	59.158	95.19
MM_RS05830	MM_RS05830	1060.722	1618.529	1034.938	583.789	402	947	543.972	987.96
MM_RS05835	MM_RS05835	24623	32543.995	3463	6547	143178	151341.042	4518	139782
MM_RS05840	MM_RS05840	438	760.006	813	275	193	355	271	467
MM_RS05845	MM_RS05845	101	196.384	283	155	103	106	75	211
MM_RS05850	MM_RS05850	162	358.69	1058	229	31	66	38	64
MM_RS05855	MM_RS05855	318	891	1303	320	87	173	138	154
MM_RS05860	MM_RS05860	68	127	103	56	34	53	63	67
MM_RS05865	MM_RS05865	18	39	119	39	5	23	42	23
MM_RS05870	MM_RS05870	20.033	63.009	98	29	12	25	43	33
MM_RS05875	MM_RS05875	87	212.013	253	89	37	81	72	131
MM_RS05885	MM_RS05885	55	164	69	21	13	37	37	24
MM_RS05890	MM_RS05890	266.931	681.331	2413	1357	28	77	92	157
MM_RS05895	MM_RS05895	437	745	532	341	114	188	92	89
MM_RS05900	MM_RS05900	236.884	786.048	790.002	339	31	107.013	93	120
MM_RS05905	MM_RS05905	109	135.986	427	128	24	40	93	127
MM_RS05910	MM_RS05910	68.856	108.833	112.952	34.886	38.9	93.944	39.853	67.264
MM_RS05915	MM_RS05915	246	593	800	273	213	433	71	174
MM_RS05920	MM_RS05920	110.15	544.054	821.851	195	29	118	97	157
MM_RS05925	MM_RS05925	1095	1376	1918.006	812	299	637	340	650
MM_RS05930	MM_RS05930	1108.443	974.489	733.312	590.3	153.03	318.098	146.445	155.082
MM_RS05935	MM_RS05935	395	848	1509	382	111	181	324	268
MM_RS05940	MM_RS05940	186	204.03	1687	471	48	46	205	239
MM_RS05945	MM_RS05945	74	159.742	1369	639	20	36	196	185
MM_RS05950	MM_RS05950	293.397	440.074	636.717	127.288	46.1	98.4	55.147	71.775
MM_RS05955	MM_RS05955	274.843	346.207	720.844	524.786	39	75.457	312.595	402.55
MM_RS05960	MM_RS05960	395	364	2113	753	113	87	294	418
MM_RS05965	MM_RS05965	1947.829	2448.511	2358.688	1674.7	335.97	821.902	511.555	335.918
MM_RS05970	MM_RS05970	197.007	504.006	1176	429	84	172	294	393
MM_RS05975	MM_RS05975	85	238	823	341	62	120	405	372
MM_RS05980	MM_RS05980	330	649.001	810	618	90	410	164	533
MM_RS05985	MM_RS05985	475.733	1123.424	2329	1133	90	230	123	412.986
MM_RS05990	MM_RS05990	451	724.938	1906	1987	147	264	232	661
MM_RS05995	MM_RS05995	778.759	1523	3407	3843	169	362	254	772.992
MM_RS06000	MM_RS06000	223	296	1413	631	58	120	152	264
MM_RS06005	MM_RS06005	785	1095.998	1236	430	313	554	266	329
MM_RS06010	MM_RS06010	213	484	273.998	191	63	177	83	82
MM_RS06015	MM_RS06015	1177	2199.408	1535	1111	244	391	243	316
MM_RS06020	MM_RS06020	1705	3230	680	279	485	1091	157	201
MM_RS06025	MM_RS06025	93	330	99	20	15	15	25	16
MM_RS06030	MM_RS06030	127	212	153	73	21	26	31	21
MM_RS06035	MM_RS06035	836	1868.66	1257	769	176	394	271	384
MM_RS06040	MM_RS06040	88	243	38	31	36	166	31	137
MM_RS06045	MM_RS06045	99	194.153	58	30	27	34	21	22
MM_RS06050	MM_RS06050	38	78.199	139.459	202	23	36	165	118
MM_RS06055	MM_RS06055	315	497.977	716	330	88	174	220	225
MM_RS06060	MM_RS06060	165.26	435	598	394	44	86.022	177	187
MM_RS06065	MM_RS06065	97	129	379	377	24	75	37	167
MM_RS06070	MM_RS06070	108.854	186	289.896	398.953	20	46	14	100
MM_RS06075	MM_RS06075	431.068	522	432	251	75	183	147	343
MM_RS06080	MM_RS06080	61	86	170	64	3	13	35	34
MM_RS06085	MM_RS06085	343	729.002	490	378	27	65	16	19
MM_RS06095	MM_RS06095	88	68	373	127	44	41	133	79
MM_RS06100	MM_RS06100	35	71.215	300	139	29	36	118	204
MM_RS06105	MM_RS06105	38	42.098	593.374	112	114	168	198	466
MM_RS06115	MM_RS06115	76	148.479	596	187	14	39	77	145
MM_RS06120	MM_RS06120	419.872	920.826	1783.656	1677.746	105.886	209.168	440	570
MM_RS06125	MM_RS06125	48	50	317.995	174	23	19	142	178
MM_RS06130	MM_RS06130	72	145.747	433	338	16	15	118	126
MM_RS06135	MM_RS06135	623	1347.801	1177	1090	58	116	119	137
MM_RS06140	MM_RS06140	209	378	331.019	282	62	146	135	141
MM_RS06145	MM_RS06145	438.993	726	630	321	134	260	107	180
MM_RS06155	MM_RS06155	588	574	1237	238	42	119	61	131
MM_RS06160	MM_RS06160	363	525.597	182	160	66	109	23	60
MM_RS06165	MM_RS06165	508.057	858.932	509.146	418	161	216	112	203
MM_RS06170	MM_RS06170	14	39	45	13	5	12	2	9
MM_RS06175	MM_RS06175	3.261	117.195	0	0	0	0	18.949	0
MM_RS06180	MM_RS06180	237	510	1094	295	33	95	59	28
MM_RS06185	MM_RS06185	50.764	89.38	91	51	10	39	11	48
MM_RS06190	MM_RS06190	49.976	40	55	39	6	14	5	21
MM_RS06195	MM_RS06195	38.084	80.45	51	20.018	60	44	24	63
MM_RS06200	MM_RS06200	115	275	249	47	60	75	41	82
MM_RS06205	MM_RS06205	40.053	0	238.739	0	0	37.595	0	0
MM_RS06210	MM_RS06210	47	80	153	31	29	35	54	67
MM_RS06215	MM_RS06215	552	1669	5359	4962	29	75	199	174
MM_RS06220	MM_RS06220	843	2184	4911	2378	317	520	1330	1234
MM_RS06225	MM_RS06225	673	933	3910	1850	234	293	1029.987	843
MM_RS06230	MM_RS06230	15	24	19	4	5	6	12	4
MM_RS06235	MM_RS06235	67.698	102	132	30	48	85.119	12	41
MM_RS06240	MM_RS06240	69	113	160	17	38	65	46	40
MM_RS06245	MM_RS06245	119.742	206.132	467.673	55.075	6	15	22	27
MM_RS06250	MM_RS06250	50.314	42.398	112.327	28.925	18	13	25	14
MM_RS06255	MM_RS06255	53.871	71.006	443	65	22	55	31	54
MM_RS06260	MM_RS06260	44.607	102.037	118.001	56	4	10	31	24
MM_RS06265	MM_RS06265	17	21.908	79.999	44	3	5	6	18
MM_RS06270	MM_RS06270	172	323.956	148	59	46	61	48	34
MM_RS06275	MM_RS06275	755	1029.761	605	458	203	206	200	206
MM_RS06280	MM_RS06280	3341.985	4634.998	1927	1143	421	565	269	378
MM_RS06285	MM_RS06285	78.843	262.984	128.339	95	20	53	58	62
MM_RS06290	MM_RS06290	891.869	1673.994	1344	1379	156	247	115	198
MM_RS06295	MM_RS06295	38	59	33	13	2	13	1	11
MM_RS06300	MM_RS06300	267.405	427.953	575.176	309	104	392	170	203
MM_RS06305	MM_RS06305	243.249	877.589	2226	1100	42	135	108	134
MM_RS06310	MM_RS06310	242	409	1822	1173	21	34	131	116
MM_RS06315	MM_RS06315	1007	1376.848	2135	645	170	225	276	123
MM_RS06320	MM_RS06320	5244.769	8704.863	3386.466	3247.878	966.984	1596.674	1837	1144.861
MM_RS06325	MM_RS06325	842.005	1315.994	3429	2522	176	388	287	513
MM_RS06330	MM_RS06330	1910.638	4004.967	1528	1532	210	512	156	329
MM_RS06335	MM_RS06335	896	1341.003	749.008	1009	205	353	113	155
MM_RS06340	MM_RS06340	312	432	506.989	182	110	121	90	94
MM_RS06345	MM_RS06345	150	355	208	252	37	50	31	67
MM_RS06350	MM_RS06350	554	758	1415	1205	240	271	442	443
MM_RS06355	MM_RS06355	559	938	1958	1817	131	263	263	498
MM_RS06360	MM_RS06360	103.032	175.104	129	41.544	31	81	34	55
MM_RS06365	MM_RS06365	246	502	191	45	99	172	133	134.994
MM_RS06370	MM_RS06370	36	91.075	152	49	9	22	26	32
MM_RS06375	MM_RS06375	32.007	75.009	74.153	14	10	32	8	33
MM_RS06380	MM_RS06380	37	69	121	52	3	13	15	5
MM_RS06385	MM_RS06385	100.713	165.111	75	75	8	28	35	35
MM_RS06395	MM_RS06395	6856	12126	2823.016	2233	5181	7113	933	1144
MM_RS06400	MM_RS06400	353	629	659	198	40	113	83	36
MM_RS06405	MM_RS06405	393	774.77	907	262	39	101	84	59
MM_RS06410	MM_RS06410	250	368.194	472	147	45	70	65	92
MM_RS06415	MM_RS06415	7392.426	11691	24399	34482.001	216	1312	351	747
MM_RS06420	MM_RS06420	6382	8996.561	17499	21600	416	964	572	729
MM_RS06425	MM_RS06425	3542	5758.807	7057.939	3639	409	896	547	696
MM_RS06430	MM_RS06430	1644	2157	3558	1786	433	945	543	671
MM_RS06435	MM_RS06435	10413	16929.311	23561	16549	999	1817	1084	1279
MM_RS06440	MM_RS06440	994	1536	1359	527	241	508	181	238
MM_RS06445	MM_RS06445	429.048	903.793	1814.015	1089.035	107	207	369	460
MM_RS06450	MM_RS06450	106	218.886	192	72	12	22	24	43
MM_RS06455	MM_RS06455	177.001	261	426.036	389	67	104	140	149
MM_RS06460	MM_RS06460	338.002	651.375	1001	1416	57	113	100	131
MM_RS06465	MM_RS06465	91.049	104.456	250.169	64.531	10	24	18.326	33.552
MM_RS06470	MM_RS06470	146.777	209.78	351.454	723.227	31.254	28.206	33.697	131.81
MM_RS06475	MM_RS06475	130.904	269.534	223.018	253.644	18.598	52.672	50.375	84.946
MM_RS06480	MM_RS06480	403.27	603.732	712.358	974.633	105.148	103.122	256.602	360.692
MM_RS06485	MM_RS06485	1206.681	1703	2100	307	404	581	240	196
MM_RS06490	MM_RS06490	1817	2225.998	3298	462	658	1071	366	266
MM_RS06495	MM_RS06495	8078.045	5936.971	10183.223	1548	2429	2063.97	1129	650
MM_RS06500	MM_RS06500	1449	1394.784	2386	170	312	328	109	113
MM_RS06505	MM_RS06505	16	41	17	9	4	11	6	11
MM_RS06515	MM_RS06515	0	0	0	0	0	0	0	0
MM_RS06520	MM_RS06520	314	755.477	520.998	249	79	224	170	186
MM_RS06525	MM_RS06525	106	179	226	101	20	27	10	28
MM_RS06530	MM_RS06530	99	164.425	121	37	19	42	17	47
MM_RS06535	MM_RS06535	242.09	510.679	254.788	247	19	26	25	20
MM_RS06540	MM_RS06540	75	225.05	33	29	20	33	8	11
MM_RS06545	MM_RS06545	2369.271	24235.947	3501.364	13706.901	5341.538	57437.638	9035.111	40934.475
MM_RS06550	MM_RS06550	2358.725	24225.052	3506.636	13663.099	4905.461	57006.363	9032.888	40611.521
MM_RS06555	MM_RS06555	784.003	1199.63	1420	1310	100	215	131	205
MM_RS06560	MM_RS06560	17	56	38	33	12	10	5	5
MM_RS06565	MM_RS06565	70	173.318	143	63	10	25	10	18
MM_RS06570	MM_RS06570	101	449.328	628	139	22	51	61	63
MM_RS06575	MM_RS06575	1132.01	3864	11223.746	1383	438	789	1141	380
MM_RS06580	MM_RS06580	1518.598	4902.366	9453.079	1363	252	441	1270	229
MM_RS06585	MM_RS06585	478.892	1377.934	2222.434	274	229	360	916	270
MM_RS06590	MM_RS06590	371.586	614.989	1371.937	249.002	164	187	888	212
MM_RS06595	MM_RS06595	458.879	749.305	1689	314	163	186	1116	288
MM_RS06600	MM_RS06600	1505.112	2827.79	2670.248	1867	405	774.217	910	793
MM_RS06605	MM_RS06605	692	1355	992	1277	198	379	277	387
MM_RS06610	MM_RS06610	209.011	229	3075	425	40	61	175	151
MM_RS06615	MM_RS06615	358	824	2948	1471	53	194	236	277
MM_RS06620	MM_RS06620	30	119.863	75	26	11	19	6	20
MM_RS06625	MM_RS06625	1802.078	3666.566	1869.529	1709.132	428.864	1504.909	430.721	1446.306
MM_RS06630	MM_RS06630	2182.601	3275.938	2003.485	1883.868	949.141	2238.189	919.255	1976.647
MM_RS06635	MM_RS06635	503	771	225	164	86	227	41	125
MM_RS06640	MM_RS06640	136.031	247	114	91	18	38	18	28
MM_RS06645	MM_RS06645	128	221.955	72	39	11	23	9	17
MM_RS06650	MM_RS06650	166.11	369.39	1123.65	501.992	2437.446	3677.529	6546.523	2825.337
MM_RS06655	MM_RS06655	530.031	4655.106	26695.143	530.618	117.317	416.077	4891.712	170.637
MM_RS06660	MM_RS06660	34935.309	45919.769	237439.123	16881.869	16711.805	8076.755	82024.916	26441.467
MM_RS06665	MM_RS06665	1096.206	2402	6255	2651	43	158	136	255
MM_RS06675	MM_RS06675	99	210	767	225	33	114	102	380
MM_RS06680	MM_RS06680	99.344	304.827	448	165	10	19	8	24
MM_RS06685	MM_RS06685	157	286.356	685.092	285.008	11	37	31	45
MM_RS06690	MM_RS06690	71	191.068	94	37	10	29	17	12
MM_RS06695	MM_RS06695	54	191	156.788	34	5	20	29	11
MM_RS06700	MM_RS06700	259.565	439.032	2635.002	2193	47	57	392	327
MM_RS06705	MM_RS06705	244	438	2012	1731.404	109	208.884	816	663
MM_RS06710	MM_RS06710	530.021	999.229	2539.93	530	113	240	165	170
MM_RS06715	MM_RS06715	430	650.904	899	194	194	312	174	262
MM_RS06720	MM_RS06720	1557	1755	3119	3091	3301	5551	2511	19196
MM_RS06725	MM_RS06725	1198.076	1541	2843.98	2693	462	806.262	977	1001
MM_RS06735	MM_RS06735	364.921	571.806	609	258	83	137	96	115
MM_RS06740	MM_RS06740	237.915	483.009	480	250	53	85	58	115
MM_RS06745	MM_RS06745	1527	2301.882	1855	732	239	394	346	289
MM_RS06750	MM_RS06750	1331.323	3627	3346	2157	227	480	190	323
MM_RS06755	MM_RS06755	484.215	607.661	505.454	259.107	44.416	122.593	0	40.191
MM_RS06760	MM_RS06760	322	1214	685	393	54	98	72	132
MM_RS06765	MM_RS06765	423	768.148	480	197	99	140	57	89
MM_RS06770	MM_RS06770	677	1145	1347	444	119	226	221	168
MM_RS06775	MM_RS06775	378	730	1969.006	407	93	172	267	183
MM_RS06780	MM_RS06780	2290.996	4076.997	1772	649	570	1112	422	399
MM_RS06785	MM_RS06785	929	2049	1151	1571	98	258	116	210
MM_RS06790	MM_RS06790	262.9	559	160	120	82	161	58	81
MM_RS06795	MM_RS06795	110.785	191.268	736.136	252.071	0	72.374	98.488	82.665
MM_RS06800	MM_RS06800	258.181	714	965.022	613	103	196	151	168
MM_RS06805	MM_RS06805	185	404.003	573	202	64	153	134	188
MM_RS06810	MM_RS06810	544	661	1182	336	100	167	195	264
MM_RS06815	MM_RS06815	104	302	323.055	94	17	48	43	80
MM_RS06820	MM_RS06820	118.98	262	426	250	17	32	43	44
MM_RS06825	MM_RS06825	340	512	677.024	377	43	110	75	73
MM_RS06830	MM_RS06830	72	116	379	73	20	45	63	65
MM_RS06835	MM_RS06835	1330	1704.728	759	284	220	416	94	157
MM_RS06840	MM_RS06840	650	454.953	615	250	60	108	96	96
MM_RS06845	MM_RS06845	829	1195.943	1355	821	215	353	323	290
MM_RS06850	MM_RS06850	107	302.98	39	23	16	47	0	24
MM_RS06855	MM_RS06855	612	1118	3445	5165	42	70	160	197
MM_RS06860	MM_RS06860	289	396.029	557	133	79	156	59	147
MM_RS06865	MM_RS06865	92	190.078	164	71	12	31	38	43
MM_RS06870	MM_RS06870	484.242	679.844	989.969	209	20	36	34	47
MM_RS06875	MM_RS06875	1231.314	5274.181	1594.529	1062.278	109.535	210.054	102.928	109
MM_RS06880	MM_RS06880	152	348.277	155.225	74	34	66.008	84	75
MM_RS06885	MM_RS06885	190	259.734	293	129	42	70	134	131
MM_RS06890	MM_RS06890	59	125	45	28	19	57	8	41
MM_RS06895	MM_RS06895	570	1429.28	872.541	487	155	274	210	332
MM_RS06900	MM_RS06900	224	475	252	119	94	127	335	285
MM_RS06905	MM_RS06905	36.002	58.019	113	84	12	23	26	68
MM_RS06910	MM_RS06910	9	20.754	260	26	0	2	17	8
MM_RS06915	MM_RS06915	69.498	148.015	918.606	179	7	19	41	33
MM_RS06920	MM_RS06920	966	1690	1510	586	144	311	167	187
MM_RS06925	MM_RS06925	174	231.871	547	156	94	203	71	179
MM_RS06930	MM_RS06930	344	1056	1795	320	65	93	154	123
MM_RS06935	MM_RS06935	116	177	218.998	216	15	53	24	44
MM_RS06940	MM_RS06940	283.65	611.824	587	581	159	232	306	261
MM_RS06945	MM_RS06945	376	723.998	2746	987	58	117	148	104
MM_RS06950	MM_RS06950	839	2019.634	3344.802	1117	419	764	429	537
MM_RS06955	MM_RS06955	759.035	1402	3851	569	77	176	110	110
MM_RS06960	MM_RS06960	415	1017.339	2230	332	76	182	131	113
MM_RS06965	MM_RS06965	252	432	524	110	44	86	66	74
MM_RS06970	MM_RS06970	731.551	1714.91	1009	561	178	341	197	160
MM_RS06975	MM_RS06975	141.607	173	517	178	58	90	280	236
MM_RS06980	MM_RS06980	431	680.473	668.992	292.004	92	129	145	112
MM_RS06985	MM_RS06985	280.989	448.143	1850	927	44	126	125	160
MM_RS06990	MM_RS06990	199.265	408.609	1452	717	54	136	178	245
MM_RS06995	MM_RS06995	2024.999	3281.043	538	206	117	506	97	147
MM_RS07005	MM_RS07005	27.058	56.387	45	11	27	37	22	81
MM_RS07010	MM_RS07010	167	325.001	113	155	86	155	55	106
MM_RS07015	MM_RS07015	456	868.002	1316	987	241	361	464	413
MM_RS07020	MM_RS07020	145	301.01	266	75	14	31.144	37	30
MM_RS07025	MM_RS07025	1153.104	13112.378	2971.558	6425.96	925.031	1546.646	976.001	1628.851
MM_RS07030	MM_RS07030	1668.853	2097.36	4090.22	7218.926	222.367	436.659	1056.173	1567.318
MM_RS07035	MM_RS07035	2352.598	1760.092	5300.183	4149.223	184.352	328.076	781.376	711.678
MM_RS07040	MM_RS07040	866.866	1341.491	5545.135	4850.825	108.778	271.797	800.796	823.606
MM_RS07045	MM_RS07045	373.683	741.057	2340.463	1849.026	128.503	334.469	1007.655	1208.398
MM_RS07050	MM_RS07050	237	687	856	280	80	192	236	270.782
MM_RS07055	MM_RS07055	408	877	735	387	151	337	181	246
MM_RS07060	MM_RS07060	455	551	808	320	278	308	510	258
MM_RS07065	MM_RS07065	2529	3980.009	2662.425	1135	698	938	576	234
MM_RS07070	MM_RS07070	348	933	420	55	63	171	83	24
MM_RS07075	MM_RS07075	2580.953	3841	3932.013	4281	535	1214	612	901
MM_RS07080	MM_RS07080	401.124	1027.521	440	245	28	102	29	56
MM_RS07085	MM_RS07085	830.048	737.502	627	304	125	185	66	127
MM_RS07090	MM_RS07090	6300.011	8098.462	3383	3321	1650	2037	670	639
MM_RS07095	MM_RS07095	1495	1403	584	309	198	170	102	55
MM_RS07100	MM_RS07100	670.371	1045.293	376	187	52	137	25	28
MM_RS07105	MM_RS07105	1263	3155	3012.322	1903	309	740	581	711
MM_RS07110	MM_RS07110	461.986	769.003	1327	516	98	183	171	200
MM_RS07115	MM_RS07115	192	495	587	359	12	69	57	75
MM_RS07120	MM_RS07120	218	425	1012	468	63	244	416	446
MM_RS07125	MM_RS07125	187.773	263.283	1632	848	35	81	236	316
MM_RS07130	MM_RS07130	1539	1811	3124.968	877	275	703.28	363	417
MM_RS07135	MM_RS07135	853	1584.939	842	383	228	437	206	245
MM_RS07140	MM_RS07140	818.33	1875.689	933.65	325.002	508	652	240	220
MM_RS07145	MM_RS07145	301	310.327	408	180	41	64	84	72
MM_RS07150	MM_RS07150	6701.614	6680.004	41318.067	28410.183	678	918.02	1065	1307
MM_RS07155	MM_RS07155	239.001	435	508.004	314	101	170	211	237
MM_RS07160	MM_RS07160	66	192	235	133	24	30	57	42
MM_RS07165	MM_RS07165	74.125	135.501	299.961	56	32	91	41	155
MM_RS07170	MM_RS07170	359.781	618.67	2024	1469	33	105.038	55	92
MM_RS07175	MM_RS07175	46.755	63	67	19	14	15	18	36
MM_RS07180	MM_RS07180	491	986	1674	479	35	135	112	234
MM_RS07185	MM_RS07185	275.001	1036.2	394.553	262	61	121	94	124
MM_RS07190	MM_RS07190	204.871	389.449	598	291	69	148	121	271
MM_RS07195	MM_RS07195	419.519	1024.1	1884.171	2192	72	151	107	237
MM_RS07200	MM_RS07200	31	49	44	16	17	13	12	27
MM_RS07205	MM_RS07205	8	15	9	2	3	6	7	7
MM_RS07210	MM_RS07210	25.001	31	49.066	6	2	3	5	8
MM_RS07215	MM_RS07215	758	1685	807	437	181	169	121	98
MM_RS07220	MM_RS07220	653.142	1135.108	1421	472	281	628	523	551
MM_RS07225	MM_RS07225	590.067	983.803	872	693	64	243	104	113
MM_RS07230	MM_RS07230	58	113	157	185	24	35	48	39
MM_RS07235	MM_RS07235	509.974	1181.197	1362	882.963	171	346	243	722
MM_RS07240	MM_RS07240	1195	2710	2343	1048	67	281	58	274
MM_RS07245	MM_RS07245	310	803	1039	811	27	77	75	79
MM_RS07250	MM_RS07250	96	181	139	107	96	247	218	414
MM_RS07255	MM_RS07255	364.741	627.678	874.889	325	91.554	104	165	128
MM_RS07260	MM_RS07260	363	612.867	748	430	126	145	273	131
MM_RS07265	MM_RS07265	442	620.004	1220	651	232	383	407	384
MM_RS07270	MM_RS07270	60.037	98	261	106	38	93	79	178
MM_RS07275	MM_RS07275	287	373.784	869.013	511	223	405	340	357
MM_RS07280	MM_RS07280	470	670.973	1130.76	990	120	218	110	157
MM_RS07285	MM_RS07285	801.598	1174.601	1357	522	341	543	549	619
MM_RS07290	MM_RS07290	100	290	741	165	19	110	65	72
MM_RS07295	MM_RS07295	83	259.988	429.941	203.638	50	62	152	208
MM_RS07300	MM_RS07300	306	265	470	160	72	118	132	266
MM_RS07305	MM_RS07305	158.742	295.532	136.997	107.362	68.963	113	103	165
MM_RS07310	MM_RS07310	449	743.934	201	145	103	167	49	74
MM_RS07315	MM_RS07315	15	56	7	7	11	10	3	15
MM_RS07320	MM_RS07320	77	155	86	53	16	16	16	34
MM_RS07325	MM_RS07325	54	180	214	255	9	18	19	44
MM_RS07330	MM_RS07330	432.002	683.741	1684.375	1049	81	133	133	254
MM_RS07335	MM_RS07335	511.966	1204	2259	1156	118	286	185	359
MM_RS07340	MM_RS07340	761	1233.166	1489	549	177	266	244	264
MM_RS07345	MM_RS07345	1624.909	4661.742	3032	1734	326	688	805	501
MM_RS07350	MM_RS07350	169	388	179	92	14	44.225	7	43
MM_RS07355	MM_RS07355	48	110	480	288	8	10	63	32
MM_RS07360	MM_RS07360	755	1868	919	275	88	176	56	82
MM_RS07365	MM_RS07365	582	1163	785.888	305	75	179	75	62
MM_RS07370	MM_RS07370	228	382.582	718	363	72	101	173	219
MM_RS07375	MM_RS07375	220	331.001	1801	1526	78	163	368	507
MM_RS07380	MM_RS07380	105	274	646	304	125	203	477	591
MM_RS07390	MM_RS07390	55	110.114	193	50	9	18	27	26
MM_RS07395	MM_RS07395	326.365	702.422	1125.434	170.425	27	72	94	63
MM_RS07400	MM_RS07400	4.732	39.842	0	10.139	28.988	11.662	0	0
MM_RS07405	MM_RS07405	19.983	42.124	74	48	2	9	23	8
MM_RS07410	MM_RS07410	41.564	65.167	499	215	3	10	14	22
MM_RS07415	MM_RS07415	161	572	517	377	38	96	72	112
MM_RS07430	MM_RS07430	1971.106	3091.492	615.615	1072.16	106.91	538.223	289	432.881
MM_RS07435	MM_RS07435	1623	2520.688	1976	1145	507	730	680	804
MM_RS07440	MM_RS07440	449.066	599.478	557.715	465.082	140	260	503	233
MM_RS07445	MM_RS07445	302	738.94	1381	458	47	115	128	126
MM_RS07450	MM_RS07450	308	657.013	377	127	200	473	154	101
MM_RS07455	MM_RS07455	848.297	1029	610	277	243	627	197	122
MM_RS07460	MM_RS07460	902	1213	575	184	349	479	155	103
MM_RS07465	MM_RS07465	3408	4578	1594	629	1221	2559	728	469
MM_RS07470	MM_RS07470	2	0	0	0	0	4	0	3
MM_RS07475	MM_RS07475	93	400.001	331	87	8	60	31	21
MM_RS07480	MM_RS07480	225.478	690.979	367.335	228	9.218	66	18	16
MM_RS07485	MM_RS07485	242.522	574.023	465.665	335	15.782	41	19	19
MM_RS07490	MM_RS07490	87	154.967	252.581	68	39	62	44	48
MM_RS07495	MM_RS07495	200.729	281.986	279	97	19	24	30	41
MM_RS07510	MM_RS07510	176.694	726.058	326	153	548.98	1680	504	1051
MM_RS07515	MM_RS07515	241.313	1035.379	516.061	285.689	102.708	240.034	126.81	222.285
MM_RS07520	MM_RS07520	3732	13438.946	2091.999	2516	8853.02	13285	5366	11275
MM_RS07525	MM_RS07525	7473.588	19169.791	5284.94	13884.311	627.292	1103.966	511.19	970.715
MM_RS07530	MM_RS07530	194.952	276.76	276	170	68	159	61	100
MM_RS07535	MM_RS07535	266.718	427.003	504	477	34	76	49	67
MM_RS07540	MM_RS07540	96	246	43	20	81	123	43	79
MM_RS07545	MM_RS07545	12	12	18	1	1	7	3	2
MM_RS07550	MM_RS07550	644.925	738	754	476	333	581	428	393
MM_RS07560	MM_RS07560	160.604	281.448	223	71	542	314	235	461
MM_RS07565	MM_RS07565	2266	3381.111	3505	2498	664	393	1831	558
MM_RS07570	MM_RS07570	29	52.757	27	6	20	55	13	42
MM_RS07585	MM_RS07585	20	60	39	29	3	14	2	18
MM_RS07590	MM_RS07590	81	139	62	20	31	43	21	35
MM_RS07595	MM_RS07595	391	837.99	1475.292	1492	146	315	182	482
MM_RS07600	MM_RS07600	248.007	693.617	1382	671	57	196.044	255	344
MM_RS07605	MM_RS07605	57	92.992	88	19	20	46	49	48
MM_RS07610	MM_RS07610	116	337.845	145	71	36	54	47	79
MM_RS07615	MM_RS07615	402.998	558	685	171	57	155	77	96
MM_RS07620	MM_RS07620	1066	1741.882	4608	1956	246	675	515	810
MM_RS07625	MM_RS07625	912	1271	4807	4192	122	268	441	498
MM_RS07630	MM_RS07630	172	353.321	250	99	38	64	13	40
MM_RS07635	MM_RS07635	132	305.999	158	89	40	90	54	69
MM_RS07640	MM_RS07640	361	613.943	414.508	262	106	234	75	146
MM_RS07645	MM_RS07645	122	230	122	102	54	70	48	76
MM_RS07650	MM_RS07650	6	9	5	0	0	1	0	2
MM_RS07660	MM_RS07660	228	267.869	159	96	40	72	62	97
MM_RS07665	MM_RS07665	64	159.931	372	133	5	19	30	20
MM_RS07670	MM_RS07670	1580.133	1906.423	5404.015	5950	302	572	711	1187
MM_RS07675	MM_RS07675	141.971	369.78	425	257	30	70	64	97
MM_RS07680	MM_RS07680	153	313.182	168	35	17	60	6	26
MM_RS07685	MM_RS07685	870	2317.071	3142	780.999	236	389.991	346	224
MM_RS07690	MM_RS07690	612	1885	1070.031	375	63	278	244	168
MM_RS07695	MM_RS07695	139	526.836	653.779	190	49	94	165	172
MM_RS07700	MM_RS07700	134	231.001	103	22	111	262	47	155
MM_RS07705	MM_RS07705	695.691	2516.26	3025.903	1512.485	137	459.548	445.837	268
MM_RS07710	MM_RS07710	263.406	612	246	114	88	271	70	124
MM_RS07715	MM_RS07715	449.006	681	781	237	132	293	170	268
MM_RS07720	MM_RS07720	109	184.192	647	291	15	39	77	82
MM_RS07725	MM_RS07725	87	127	216	44	34	54	93	95
MM_RS07730	MM_RS07730	280	492.001	581	547	188	227	199	301
MM_RS07735	MM_RS07735	567	1134	1042	1072	131	197	193	232
MM_RS07740	MM_RS07740	375.273	1160.896	716	634	75	94	77	66
MM_RS07745	MM_RS07745	89.935	265.263	78	34	15	27	6	25
MM_RS07750	MM_RS07750	10409	24580.784	30546	27147	3701.408	7328.493	4150.989	9819.805
MM_RS07755	MM_RS07755	330	1056.951	1721	670	1016	1350	1023	1629
MM_RS07760	MM_RS07760	3590	7540	4098.945	3957	251	579	193	282
MM_RS07765	MM_RS07765	430	954	705	510	132	247	209	283
MM_RS07770	MM_RS07770	578	1132.276	1095	625	170	380	181	323
MM_RS07775	MM_RS07775	919	1172	1447	542	66	199	48	150
MM_RS07780	MM_RS07780	233	385	192.006	131	110	207	74	95
MM_RS07785	MM_RS07785	76.093	139	218	77	19	37	48	63
MM_RS07790	MM_RS07790	65	171	109	56	41	43	78	52
MM_RS07795	MM_RS07795	44.585	87.122	103.035	35	5	22	33	36
MM_RS07800	MM_RS07800	18.505	30.878	19.965	17	8	4	8	7
MM_RS07805	MM_RS07805	113	235	222	211	21	74	39	91
MM_RS07810	MM_RS07810	65	134.145	94	25	10	24	22	15
MM_RS07815	MM_RS07815	49.002	97	75	10	28	61	31	66
MM_RS07825	MM_RS07825	97.667	269.882	83.289	45	13	34	24	26
MM_RS07830	MM_RS07830	56.997	100.98	66	40	9	25	27	33
MM_RS07835	MM_RS07835	661	1104	1452	413	107	238	241	232
MM_RS07840	MM_RS07840	55	128	105	116	280	553	346	910
MM_RS07845	MM_RS07845	29	74	71	25	3	8	2	4
MM_RS07850	MM_RS07850	161	293.004	98.926	80	31	64	20	33
MM_RS07855	MM_RS07855	269	477.529	68	66	63	182	22	60
MM_RS07860	MM_RS07860	830.65	1751	1304	1589	226	389	325	374
MM_RS07865	MM_RS07865	272	619.783	519	320	52	102.275	85	121
MM_RS07870	MM_RS07870	432	591	486	357.999	135	243	142	218
MM_RS07875	MM_RS07875	176	478.074	654.032	401	53	104	57	76
MM_RS07880	MM_RS07880	358.017	667	754	513	116	231	84	145
MM_RS07885	MM_RS07885	588	1162.756	852	567	97	262	60	135
MM_RS07890	MM_RS07890	992	1130.83	2256	2281	109	233	282	545
MM_RS07895	MM_RS07895	745.157	1778.039	2762	1908	199	349	322	249
MM_RS07900	MM_RS07900	349	661.004	171	58	128	365	59	84
MM_RS07905	MM_RS07905	137.703	262.195	295.767	163	53	83	95	141
MM_RS07910	MM_RS07910	248.054	294	462	302.021	47	77	61	91
MM_RS07915	MM_RS07915	150	228.992	228	141	19	49	59	50
MM_RS07920	MM_RS07920	178	336.048	165	49	455	494	108	161
MM_RS07925	MM_RS07925	166	451	287	322	315	535	516.001	402
MM_RS07930	MM_RS07930	160.555	355	163	102	56	97	53	41
MM_RS07935	MM_RS07935	336	651	778	167	86	213	110	184
MM_RS07940	MM_RS07940	93	291.639	257.999	100	27	71	94	69
MM_RS07945	MM_RS07945	449.939	650.198	1121.228	524	87	133	155	87
MM_RS07950	MM_RS07950	663	617	481	182	228	358	203	363
MM_RS07955	MM_RS07955	1450.127	1926	3569	7744	502	671	809	1518
MM_RS07960	MM_RS07960	480.245	812.128	1481	2476	234	270	506	701
MM_RS07965	MM_RS07965	375.078	474	1174	2498	96	171	191	415
MM_RS07970	MM_RS07970	1201.905	2317.444	3345	6108	280	593	706	1268
MM_RS07975	MM_RS07975	899	1106.482	1830	3621	156	335	253	737
MM_RS07980	MM_RS07980	1255.938	1959	2773	5646	321	563	501	1226
MM_RS07985	MM_RS07985	999	1189	2383	2879	209	336	329	854
MM_RS07990	MM_RS07990	2697.007	4953.128	5509	3026	432.98	670	466	964
MM_RS07995	MM_RS07995	136	310	207	83	243	136	108	208
MM_RS08000	MM_RS08000	549.917	742.001	1053	1144	157	210	151	182
MM_RS08005	MM_RS08005	151	573	287	126	37	66	55	78
MM_RS08010	MM_RS08010	188	354.416	1624	2157	28	78	86	327
MM_RS08015	MM_RS08015	109.823	267.044	1117.956	889	35	101	172	342
MM_RS08020	MM_RS08020	403.82	1615.503	2451.066	1914	153	380	489	1029
MM_RS08025	MM_RS08025	57	209	326	112	26	47	69	82
MM_RS08030	MM_RS08030	193	421.052	281	75	67	122	68	99
MM_RS08035	MM_RS08035	87.213	156	170	69	37	59	33	41
MM_RS08040	MM_RS08040	186	417	497	390	23	41	29	47
MM_RS08045	MM_RS08045	83	139	48	27	9	29	9	25
MM_RS08050	MM_RS08050	347	652.286	743	327	119	209	190	247
MM_RS08055	MM_RS08055	12	14	12	4	21	13	20	17
MM_RS08060	MM_RS08060	750	1021.025	660.065	751	107	176	31	137
MM_RS08065	MM_RS08065	42	43	52	22	45	40	30	47
MM_RS08070	MM_RS08070	50.399	107.179	130	40	3	8	14	22
MM_RS08075	MM_RS08075	244	662	542	446.999	36	102	114	102
MM_RS08080	MM_RS08080	531	1382	2028	2370	55	160	125	157
MM_RS08085	MM_RS08085	819.834	2661.145	3396.962	3585	86	361	410	392
MM_RS08090	MM_RS08090	669.997	1552.381	2832	3295	75	278	265	311
MM_RS08095	MM_RS08095	99	409	590	976	20	89	63	106
MM_RS08100	MM_RS08100	346	922	1503	2371	91	314	355	424
MM_RS08105	MM_RS08105	125	236.046	113.999	67	13	46	8	38
MM_RS08110	MM_RS08110	7	11.052	4	1	0	3	4	1
MM_RS08115	MM_RS08115	298	1569	172	243	73	171	29	55
MM_RS08120	MM_RS08120	197	373.01	390.149	194	21	79	49	53
MM_RS08125	MM_RS08125	70.638	23.216	218.265	530.138	51.512	31.473	67.926	163.862
MM_RS08130	MM_RS08130	597.568	1128.906	488.474	142	705	1342	187	433
MM_RS08135	MM_RS08135	100	177.961	118	77	16	25	18	31
MM_RS08140	MM_RS08140	142	267.869	325.001	260	28	60	48	50
MM_RS08145	MM_RS08145	234	518	411	412	51	87	51	77
MM_RS08150	MM_RS08150	117	237.733	227	147	23	84	52	94
MM_RS08155	MM_RS08155	80.318	128	166	86	15	79	20	55
MM_RS08160	MM_RS08160	125	446	297	186	30	146	69	70
MM_RS08165	MM_RS08165	132.645	312.871	168.087	84.998	59	121	68	85
MM_RS08170	MM_RS08170	212	365.817	156	105	44	83	57	43
MM_RS08175	MM_RS08175	80.149	91.977	44	22	13	25	4	9
MM_RS08180	MM_RS08180	191	253	69	27	35	59	17	19
MM_RS08185	MM_RS08185	298.046	570.998	209	583	5	28	4	16
MM_RS08190	MM_RS08190	66	89.613	65	40	11	20	25	24
MM_RS08195	MM_RS08195	172.52	265.85	325	168	60	96	88	138
MM_RS08200	MM_RS08200	150	259	437	315	21	60	74	92
MM_RS08205	MM_RS08205	1536.204	3275.034	4745.931	2460.355	219	613	451	752.511
MM_RS08210	MM_RS08210	7	19	40	5	15	13	7	70
MM_RS08215	MM_RS08215	2370.523	5386.99	3708	4616	295	854	389	526
MM_RS08220	MM_RS08220	306.068	647.977	938.999	475	110	197	348	250
MM_RS08225	MM_RS08225	641	2183	1577	688	331	855	870	846
MM_RS08230	MM_RS08230	289.057	588.166	839	355	113	370	168	248
MM_RS08235	MM_RS08235	291	643.676	1112	356	24	122	52	144
MM_RS08240	MM_RS08240	1319.001	2215.277	351	740	111	243	231	153
MM_RS08245	MM_RS08245	46	40	238	459	4	6	441	100
MM_RS08250	MM_RS08250	46	18	162	664	45	57	382	222
MM_RS08255	MM_RS08255	37	29.608	201	556	4	4	97	31
MM_RS08260	MM_RS08260	11	15	15	23	11	16	20	23
MM_RS08270	MM_RS08270	44	66.992	54	17	4	8	6	5
MM_RS08275	MM_RS08275	353	155	1226	4828.998	79	89	2895	1050
MM_RS08285	MM_RS08285	191	307.414	314	1272	89	240	441	168
MM_RS08290	MM_RS08290	218.011	521.408	502	437	18	92	20	36
MM_RS08295	MM_RS08295	746	1722.127	902	751	48	127	73	74
MM_RS08300	MM_RS08300	107	110	89	38	56	135	39	85
MM_RS08305	MM_RS08305	837.003	1491.452	463	499	93	153	93	78
MM_RS08310	MM_RS08310	408.001	786.189	297	131	21	53.987	24	19
MM_RS08315	MM_RS08315	66.165	271.562	89.034	39.899	10	19	19	27.132
MM_RS08320	MM_RS08320	52	55	120	54	9	17	6	22
MM_RS08325	MM_RS08325	178.015	391.757	220	118	47	99	57	144
MM_RS08330	MM_RS08330	225.677	986.438	917	676	25	93	29	99
MM_RS08335	MM_RS08335	124	219.861	42.043	62	5	46	8.013	19
MM_RS08340	MM_RS08340	30	23	7	3	1	7	2	4
MM_RS08345	MM_RS08345	70	141	119	89	9	14	13	21
MM_RS08350	MM_RS08350	127	213.022	223	283	16	34	16	24
MM_RS08355	MM_RS08355	135.214	351	366	210	52	124	125	133
MM_RS08360	MM_RS08360	232	607.893	523.685	246	84	173	160	153
MM_RS08365	MM_RS08365	739	1560.873	1608	1501	296	520	459	533
MM_RS08370	MM_RS08370	1676	4080.991	2743.999	9171	174	586	410	938
MM_RS08375	MM_RS08375	2	7.524	8	1	1	2	0	2
MM_RS08380	MM_RS08380	879.051	1205.324	721.715	295	22	54	18	35
MM_RS08385	MM_RS08385	274.993	537	565	589	56	81	61	86
MM_RS08390	MM_RS08390	255.736	479.925	281	174	33	28	24	17
MM_RS08400	MM_RS08400	155.466	0	0	0	0	0	0	0
MM_RS08405	MM_RS08405	539.001	1948.053	696	1092	93	211	68	124
MM_RS08410	MM_RS08410	335	616.682	578	216	116	188	109	124
MM_RS08415	MM_RS08415	1185.015	2611.535	4019.254	2271	149	339	257	334
MM_RS08420	MM_RS08420	203	355	462	285	46	49	67	83
MM_RS08425	MM_RS08425	156.98	259.699	328	294.011	32	43	42	77
MM_RS08435	MM_RS08435	118.929	211	113	24	56	97	49	42
MM_RS08440	MM_RS08440	63	77.001	113	90	15	40	23	66
MM_RS08445	MM_RS08445	486	726.873	229	53	74	146	42	47
MM_RS08455	MM_RS08455	197	262.003	399	148	47	67	117	93
MM_RS08460	MM_RS08460	116	485.346	211	79	44	129	83	59
MM_RS08465	MM_RS08465	34.024	105	45	25	16	26	16	35
MM_RS08470	MM_RS08470	127	261.977	77	102	117	247.89	71	140
MM_RS08475	MM_RS08475	165.986	306.64	110	73	48	122	24	45
MM_RS08480	MM_RS08480	30	29	24	2	4	4	10	4
MM_RS08485	MM_RS08485	20	19.01	17	4	0	1	2	9
MM_RS08490	MM_RS08490	9	18	21	3	42	33	27	29
MM_RS08495	MM_RS08495	2	19	13	1	11	21	4	32
MM_RS08500	MM_RS08500	28	39.053	44	11	3	12	15	34
MM_RS08505	MM_RS08505	163.026	186	276	105	134	84	129	147
MM_RS08510	MM_RS08510	48	45	146	48	18	18.236	70	47
MM_RS08515	MM_RS08515	46.995	74.528	90	31	11	16	10	25
MM_RS08520	MM_RS08520	188.633	235.011	109	42	35	79	27	26
MM_RS08525	MM_RS08525	3	31	6	1	0	3	0	2
MM_RS08530	MM_RS08530	7040.179	9546.646	56224.369	120346.74	425.618	1025.787	2920.281	6224.526
MM_RS08535	MM_RS08535	3392.718	4481.027	18936.254	33715.65	643	724	3997.52	4776.567
MM_RS08545	MM_RS08545	669	2007.997	2080	574	115	424	366	558
MM_RS08550	MM_RS08550	142	478	1013.884	338	36	131.039	170	221
MM_RS08555	MM_RS08555	70	147.927	184	79.017	9	19	25	23
MM_RS08560	MM_RS08560	131	139	191	84	16	27	17	31
MM_RS08565	MM_RS08565	133	208.005	255	107	20	13	23	13
MM_RS08570	MM_RS08570	82.089	154.858	266.131	42	21	64	71	117
MM_RS08575	MM_RS08575	263.012	552.934	322	197.019	50	103	71	87
MM_RS08580	MM_RS08580	31.036	75	31	13	3	8	11	6
MM_RS08585	MM_RS08585	26.065	39.981	34	9	12	22.993	11	31
MM_RS08590	MM_RS08590	83.57	104.22	246.35	197.471	25.468	51.767	102.58	126.503
MM_RS08595	MM_RS08595	129	154.294	140.031	68	36	37	41	60
MM_RS08600	MM_RS08600	273.035	359	279	262	69	158.11	101	201
MM_RS08605	MM_RS08605	261.919	506.996	132	32	86	114	9	70
MM_RS08610	MM_RS08610	449.004	874.049	389.804	243	103	123	68	90
MM_RS08615	MM_RS08615	101	161.492	86	34	23	56	15	29
MM_RS08620	MM_RS08620	145.969	258.849	215	100	35	102	30	66
MM_RS08625	MM_RS08625	227.674	421.972	729.123	320	51	84.338	127	160
MM_RS08630	MM_RS08630	52.419	129.508	473	277	56	32	118	130
MM_RS08635	MM_RS08635	29.918	85	432	208	8	19	53	100
MM_RS08640	MM_RS08640	99.012	189.19	429	508	17	12	48	61
MM_RS08645	MM_RS08645	103	213.258	89	47	44	81	19	28
MM_RS08650	MM_RS08650	443.107	750.401	328.346	178	86.993	105.978	88	66
MM_RS08655	MM_RS08655	48	117	64.063	47	2	8	1	9
MM_RS08660	MM_RS08660	119	153.428	117	40	14	31	26	18
MM_RS08665	MM_RS08665	28.041	72	107	74	16	38	40	224
MM_RS08675	MM_RS08675	213	289	269	73	29	53	29	49
MM_RS08680	MM_RS08680	347	414.721	687.999	1063	33	49	51	67
MM_RS08690	MM_RS08690	407.649	790.909	369.952	663.785	1345.864	2338.145	1446.971	2410.406
MM_RS08695	MM_RS08695	263	459	268	308	53	92	29	72
MM_RS08700	MM_RS08700	0	110.337	0	0	0	0	36.606	0
MM_RS08705	MM_RS08705	407	937	764	407	165	226	183	194
MM_RS08710	MM_RS08710	868	1598.057	1592	939	183	411	204	290
MM_RS08715	MM_RS08715	796.606	1606.98	1072.503	709.907	94	248.006	174	240.001
MM_RS08720	MM_RS08720	391.123	727.867	898	590	102	293	155	263
MM_RS08730	MM_RS08730	31	92	88	24	30	42	13	47
MM_RS08735	MM_RS08735	21966.447	37037.961	37274.934	40641.552	331911.738	336695.818	267114.315	346987.371
MM_RS08740	MM_RS08740	199	390	300	175	28	78	30	53
MM_RS08745	MM_RS08745	133	275.991	282	342	15	34	21	29
MM_RS08755	MM_RS08755	902	1948.426	1187	2047.995	270	605	1150	929.944
MM_RS08760	MM_RS08760	1958.918	3937.144	2710.978	5895.739	474.97	1258.843	1107.683	1525.946
MM_RS08770	MM_RS08770	1158.964	2735.801	1912.948	4855.005	141	851.999	500	1266.056
MM_RS08775	MM_RS08775	108.061	309.843	340.478	418	171	693	285	1113.991
MM_RS08780	MM_RS08780	42.001	238	244	295.992	9	54	38	122.995
MM_RS08785	MM_RS08785	97.737	153.354	436.488	137.847	30.801	107.146	146.304	154.176
MM_RS08795	MM_RS08795	976	1954	884	1095	217	362	199	265
MM_RS08800	MM_RS08800	169.767	283.11	708	551	26	62	49	70
MM_RS08805	MM_RS08805	97	156	514	314	37	63	123	116
MM_RS08810	MM_RS08810	525	1019	545	269	153	435	210	248
MM_RS08815	MM_RS08815	50	142	154	41	8	17	12	15
MM_RS08820	MM_RS08820	237.051	714.774	656.026	193	48	208	120	152
MM_RS08825	MM_RS08825	107	204	155	97	34	43	54	41
MM_RS08830	MM_RS08830	1346.094	4146.724	702	632	127	375.561	72	141
MM_RS08835	MM_RS08835	102	245.873	338	93	32	128	96	161
MM_RS08840	MM_RS08840	441	850	987	520	74	253	178	164
MM_RS08845	MM_RS08845	234	323	144	99	63	385	28	109
MM_RS08850	MM_RS08850	480.514	1598.599	515.398	398.945	211	449.026	112	194
MM_RS08855	MM_RS08855	683.004	1328.002	728.002	978.006	84	171	67	64.985
MM_RS08860	MM_RS08860	364	945	23	11	51	185.035	3	0
MM_RS08865	MM_RS08865	222.511	234.036	301	97	108	168	102	76
MM_RS08870	MM_RS08870	387.634	582	633	377	51	97	56	60
MM_RS08875	MM_RS08875	78	128	109	88	7	23	43	37
MM_RS08880	MM_RS08880	358.001	1094.002	753	415	101	267	241	415
MM_RS08885	MM_RS08885	230	295	625	397	61	110	225	156
MM_RS08890	MM_RS08890	22	34	116	82	4	6	31	52
MM_RS08895	MM_RS08895	14	10	37.999	8	0	8	3	16
MM_RS08900	MM_RS08900	218.158	397.061	197.952	81.965	64.118	148.377	76.185	129.893
MM_RS08910	MM_RS08910	142	290	201	112	22	52	31	57
MM_RS08915	MM_RS08915	34.06	40.218	131	39	20	23	34	33
MM_RS08925	MM_RS08925	22	59.009	176	35	2	5	10	10
MM_RS08930	MM_RS08930	7	22	26	11	3	0	6	8.289
MM_RS08935	MM_RS08935	488.303	906.974	476.048	312.035	165.882	301.69	156.815	171.857
MM_RS08940	MM_RS08940	110.915	248.129	155.355	81	26	44	45	65.656
MM_RS08950	MM_RS08950	13	12	11	4	9	9	3	19
MM_RS08955	MM_RS08955	409.968	492.957	704	244.241	62	123	67	106
MM_RS08960	MM_RS08960	657.225	434.065	895.256	211.748	58	95.43	90.477	152
MM_RS08965	MM_RS08965	0	0	0	0	0	0	40	0
MM_RS08970	MM_RS08970	59.497	88.005	0	28.643	25	23.315	25.687	0.008
MM_RS08975	MM_RS08975	232.186	612.662	0	110.671	0	7.953	0	3.906
MM_RS08985	MM_RS08985	3.538	5.965	0	0	0	3.912	0	1.251
MM_RS08990	MM_RS08990	11.981	23.067	0	1	0	0	0	0
MM_RS08995	MM_RS08995	3.066	5.146	0	0	0	0	0	0
MM_RS09005	MM_RS09005	0	118.957	83.561	0	177.047	160.198	0	411.515
MM_RS09010	MM_RS09010	7.032	11.044	0	0	0	0	0	0
MM_RS09020	MM_RS09020	84	191	275	116	25	52	0	66
MM_RS09025	MM_RS09025	85.89	175.007	200	80	54	87	53	119
MM_RS09030	MM_RS09030	359.493	682.488	1063	441	83.135	153	228	251
MM_RS09035	MM_RS09035	524.915	678.952	985	639	62	142	126	168
MM_RS09040	MM_RS09040	204	519	950	1038	57	160	212	237
MM_RS09045	MM_RS09045	146	291.018	891.009	720	83	113	219	281
MM_RS09050	MM_RS09050	97	211	531	246	94	139	247	338
MM_RS09055	MM_RS09055	140	256.525	509	381	51	71	152	188
MM_RS09060	MM_RS09060	1114	1766	1125	550	415	718	492	530
MM_RS09065	MM_RS09065	298	474	236	152	61	68	117	64
MM_RS09070	MM_RS09070	183	282.619	1117	968.027	36.005	109	136	138
MM_RS09075	MM_RS09075	525	1072.959	1036.625	938.007	110	203	135.13	174
MM_RS09080	MM_RS09080	339	634	678	427	101	255	271	396
MM_RS09085	MM_RS09085	191	344.982	573	265	68	108	163	233
MM_RS09090	MM_RS09090	699	1519	3863	5060	279	545	654	863
MM_RS09095	MM_RS09095	71	67	158	66	43	43	93	105
MM_RS09100	MM_RS09100	382	804	3357	1786	120	404	1231	1273
MM_RS09105	MM_RS09105	528	1238	6761	3375	184	474	1235	1296
MM_RS09110	MM_RS09110	424	1151	4820	1916	127	418	802	1074
MM_RS09115	MM_RS09115	305	591	2923	1253	82	251	409	714
MM_RS09120	MM_RS09120	140.239	760.9	694.984	537.476	403.43	1315.273	432.885	1099.354
MM_RS09125	MM_RS09125	147	256	1190	496	36	76	245	297
MM_RS09130	MM_RS09130	941.996	3097.924	15951	7337	140	297	1056.999	1062
MM_RS09135	MM_RS09135	615	873	1737	616	317	566	1764	1914
MM_RS09140	MM_RS09140	419	1076	1069	304	127	295	276	237
MM_RS09145	MM_RS09145	342	656.414	1072	395	26	114	115	102.001
MM_RS09150	MM_RS09150	560.79	844	1123	635	182	558	277	455
MM_RS09155	MM_RS09155	533	715	3330	2661	137	247	319	472
MM_RS09160	MM_RS09160	655.482	993	2479	1079	90	181	255	380
MM_RS09165	MM_RS09165	34	65	37	13	9	11	10	10
MM_RS09170	MM_RS09170	1232.669	2275.453	799	2232.962	320	510	280	305
MM_RS09175	MM_RS09175	18.708	3.744	9.934	1.786	8.352	23.455	9.983	27.599
MM_RS09180	MM_RS09180	2705	5916.188	17769.999	10017	449	1138	1053	1465
MM_RS09185	MM_RS09185	657	1437	1074	718	363	744	438	631
MM_RS09190	MM_RS09190	3300.989	4348.282	6462	5251	624	1579	1071	1066
MM_RS09195	MM_RS09195	152	330	304	170	69	97	141	88
MM_RS09200	MM_RS09200	12	14	5	0	6	10	3	12
MM_RS09205	MM_RS09205	47	170.047	173.001	45	1	22	8	17
MM_RS09210	MM_RS09210	411.996	629.007	561.996	331	343.38	1285.084	244.195	340.209
MM_RS09215	MM_RS09215	184	370.998	370	157	75	215	69	242
MM_RS09220	MM_RS09220	25.09	61.087	35.975	6	2	13	1.023	19
MM_RS09225	MM_RS09225	1247	1553	517	290	653	1046	264	503
MM_RS09230	MM_RS09230	139	186	150.031	59	19	51	23	41
MM_RS09235	MM_RS09235	138	244	108	81	19	55	19	29
MM_RS09240	MM_RS09240	2	14	1	0	1	5	2	2
MM_RS09245	MM_RS09245	32.072	67.519	75.059	20	7	25	14	50
MM_RS09250	MM_RS09250	370	577	631	296	175	296	229	368
MM_RS09255	MM_RS09255	75	99.841	113	20	11	5	17	17
MM_RS09260	MM_RS09260	51	84	76	21	58	70	46	69
MM_RS09265	MM_RS09265	121.567	112.967	100	39	24	59	21	46
MM_RS09275	MM_RS09275	0	266.076	0	0	165.697	322.511	211.73	0
MM_RS09280	MM_RS09280	572	1276	1585	1133	116	265	158	234
MM_RS09285	MM_RS09285	827.652	2304	478	663	112	370	144	213
MM_RS09290	MM_RS09290	549	386	366	285	141	349	246	348
MM_RS09295	MM_RS09295	116	276.001	212	139	29	90	58	99
MM_RS09300	MM_RS09300	78	156	112	112	17	85	73	119
MM_RS09305	MM_RS09305	23	102	53	31	16	41	41	73
MM_RS09310	MM_RS09310	338.835	823.709	632.195	407	17	35	23	19
MM_RS09315	MM_RS09315	680	790.905	612	296	286	443	263	250
MM_RS09320	MM_RS09320	928	1028	614	136	170	273	48	114
MM_RS09325	MM_RS09325	1891	1840.895	3765	697	297	223	218	261
MM_RS09330	MM_RS09330	7853	6120.235	15896	9834	1133	888	1722	1696
MM_RS09335	MM_RS09335	21.239	39	35	36	20	28	59.762	58
MM_RS09340	MM_RS09340	46.108	106.597	60	30	13	15	20	9
MM_RS09345	MM_RS09345	85.959	157.032	90.024	48	17	33	13	25
MM_RS09350	MM_RS09350	868	1345	2143	2057	142	437	137	298.619
MM_RS09355	MM_RS09355	171.484	334.321	127	68	72	83	56	42
MM_RS09365	MM_RS09365	1309.021	1972.136	1573	365	51	118	66	60
MM_RS09370	MM_RS09370	117	238	209.917	257	170	521	104	324
MM_RS09375	MM_RS09375	238.57	630.033	1641.723	745.989	52	122	454	501
MM_RS09380	MM_RS09380	950.732	798.71	5230	1698	43	78	198	142
MM_RS09385	MM_RS09385	1760.954	3052.992	8201	3954	363	654	1740	1410
MM_RS09390	MM_RS09390	240	472	2091	1319	34	72	131	85
MM_RS09395	MM_RS09395	492.994	1085.225	4812.291	3454	17	91	165	160
MM_RS09400	MM_RS09400	197.167	552.19	340.994	159	89	240	75	199
MM_RS09405	MM_RS09405	330	603	380	256	43	90	58	72
MM_RS09410	MM_RS09410	111	212	519	206	40	67	126	108
MM_RS09415	MM_RS09415	510.714	760.88	1052.414	679	88	129	191	167
MM_RS09420	MM_RS09420	160.132	234.893	488	312	35	57	120	159
MM_RS09425	MM_RS09425	711	1686	6334	10197	145	315	441	803
MM_RS09430	MM_RS09430	107	233	141	67	59	89	89	64
MM_RS09435	MM_RS09435	948.948	2134.672	1353	314	239	462	197	212
MM_RS09440	MM_RS09440	42.978	266.738	303.178	75.732	15.544	64.739	215.114	260.778
MM_RS09445	MM_RS09445	302	393	108	41	83	185	42	80
MM_RS09450	MM_RS09450	525	1269.029	1248	823	100	341	186	335
MM_RS09455	MM_RS09455	28	76	215	110	12	37	76	76
MM_RS09460	MM_RS09460	716	1006.004	1011	1886	92	160	88	140
MM_RS09465	MM_RS09465	2074	6678	3239	3071	139	330	147	179
MM_RS09470	MM_RS09470	199	158	410	171	24	28	108	90
MM_RS09475	MM_RS09475	1495.936	3181.774	2177.414	1548.996	594	873	408	348
MM_RS09480	MM_RS09480	1642.422	3227.92	3749	1490	481	1023	444	516
MM_RS09485	MM_RS09485	442	1132	692	320	179	520	179	261
MM_RS09490	MM_RS09490	364.264	613.116	582.002	298	155	329	237	270
MM_RS09505	MM_RS09505	0	38.452	641.952	0	0	0	0	15.392
MM_RS09510	MM_RS09510	316.582	711.955	1375	1496	48	73	84	155
MM_RS09515	MM_RS09515	444.906	934.998	1612	1295	45	89	113	226
MM_RS09520	MM_RS09520	70	157	413	248	23	31	54	95
MM_RS09525	MM_RS09525	335	473	1831	1201	133	205	447	827
MM_RS09530	MM_RS09530	261.003	562.45	638	283	87	194	70	85
MM_RS09535	MM_RS09535	77	82.005	74	23	38	35.946	23	26
MM_RS09540	MM_RS09540	236	350.354	616.993	177	26	62.555	84.173	77
MM_RS09545	MM_RS09545	146.491	240	223	108	94	92	93	162
MM_RS09550	MM_RS09550	2546	5705	8133.999	6388	384	660	1137	1642
MM_RS09555	MM_RS09555	1427.024	1492.304	6576.998	9787	600	872	2923	2515
MM_RS09560	MM_RS09560	386	382	640	434	103	114	407	261
MM_RS09565	MM_RS09565	481	458	853	338	90	114	181	120
MM_RS09570	MM_RS09570	289.116	480.973	783	290	38	81	50	84
MM_RS09580	MM_RS09580	394.001	588.034	172	78	152	224	63	89
MM_RS09590	MM_RS09590	716	929.282	1317	969	331	426	479	525
MM_RS09595	MM_RS09595	419	489	762.991	630	296	467	395	542
MM_RS09600	MM_RS09600	126	101	338	224	65	101	305	417
MM_RS09605	MM_RS09605	19	33	66	26	14	28	55	72
MM_RS09610	MM_RS09610	36	46.039	81	118	4	22	21	102
MM_RS09615	MM_RS09615	116.283	205.328	132.61	203.597	100	103.856	109	262
MM_RS09620	MM_RS09620	80	67	147	175	39	83	82	195
MM_RS09625	MM_RS09625	433	730.085	970	553	390	626	580	724
MM_RS09630	MM_RS09630	1714.99	2328.14	1195	2205	420	875	341	540
MM_RS09635	MM_RS09635	26	60	23	19	20	29	39	51
MM_RS09640	MM_RS09640	133	313	398	166	16	31	10	36
MM_RS09645	MM_RS09645	36	76	116	67	14	17	8	16
MM_RS09650	MM_RS09650	148.039	450	394	57	68	130	117	68
MM_RS09655	MM_RS09655	1010	2445	1211	1684	279	449	418	612
MM_RS09660	MM_RS09660	338.622	327	820	205	27	73	102	101
MM_RS09665	MM_RS09665	31.993	58.939	53	33	2	7	1	8
MM_RS09675	MM_RS09675	241	729	224	30	16	66	18	23
MM_RS09680	MM_RS09680	1344	2126.986	657	432.019	609	1091	287	538.381
MM_RS09685	MM_RS09685	1178.996	1779	1419	1194	282.1	475	381	566
MM_RS09695	MM_RS09695	650.006	4467.46	2398.533	4507.644	559.026	1577.225	490.02	1894.402
MM_RS09700	MM_RS09700	301.366	750.52	381	302	57	151	55	82
MM_RS09705	MM_RS09705	134.623	322	107	107	24	87	28	53
MM_RS09710	MM_RS09710	739.214	2014.891	456	540	153	528.996	125	201
MM_RS09715	MM_RS09715	887	2211.002	1198	791	187	391	210	253
MM_RS09720	MM_RS09720	5263.602	7848.92	12988	29542	1088	1820	3737	6249
MM_RS09725	MM_RS09725	78	207.694	198	115	19	52	52	55
MM_RS09730	MM_RS09730	208	654.548	1359	585	76	210	129	271
MM_RS09735	MM_RS09735	81	262	292	176	60	109.053	93	182
MM_RS09740	MM_RS09740	898.947	1663.958	3019	2150	255	491	514	562
MM_RS09745	MM_RS09745	231	286	749	162	56	93	135	92
MM_RS09750	MM_RS09750	167	322.143	488	357	56	121	113	83
MM_RS09755	MM_RS09755	396	644.7	428	95	16	16	9	2
MM_RS09760	MM_RS09760	161	290.868	362	320	22	49	19	23
MM_RS09765	MM_RS09765	0	0	12.058	0	0	0	0	0
MM_RS09770	MM_RS09770	487	957.504	936	823	76	405	53	175
MM_RS09775	MM_RS09775	44	138	98	34	16	18	9	17
MM_RS09780	MM_RS09780	25	57	61	21	9	16	18	9
MM_RS09785	MM_RS09785	164.063	597.277	0	0	117.695	183.329	93.114	40.797
MM_RS09790	MM_RS09790	3	14	17	2	6	17	17	20
MM_RS09795	MM_RS09795	27.007	66.908	73	24	16	27	22	33
MM_RS09800	MM_RS09800	16.987	32	32	8	8	8	10	19
MM_RS09805	MM_RS09805	52.022	110.095	91.603	35.613	44	100	129	135
MM_RS09810	MM_RS09810	18	50.046	19	4	4	10	8	4
MM_RS09825	MM_RS09825	69.428	170.077	101	31	15	47	9	33
MM_RS09830	MM_RS09830	124.97	245.784	128.005	33	1	8	10	6
MM_RS09835	MM_RS09835	1344	4565.858	2993.567	2649	1018.4	2255.518	922.45	2093.209
MM_RS09840	MM_RS09840	151	305.39	203	202	27	29	33	44
MM_RS09845	MM_RS09845	132.487	200	186	65	46	55	52	42
MM_RS09850	MM_RS09850	16	22	5	0	4	5	0	7
MM_RS09855	MM_RS09855	102	363	143	63	30	61	35	36
MM_RS09860	MM_RS09860	15	29.06	33	17	3	5	4	15
MM_RS09865	MM_RS09865	3	13	7	3	1	8	3	2
MM_RS09870	MM_RS09870	88	200.236	160	82	21	27	19	20
MM_RS09875	MM_RS09875	34	109	67	21	14	50	26	46
MM_RS09880	MM_RS09880	89	310	278	117	22	60	82	76
MM_RS09885	MM_RS09885	158	266.781	174	108	38	28	18	19
MM_RS09890	MM_RS09890	217	320	132	49	27	52	13	25
MM_RS09895	MM_RS09895	60	125.009	112	48	16	26	4	15
MM_RS09905	MM_RS09905	44	491.061	101.318	50.999	11	107	17	25
MM_RS09910	MM_RS09910	29.019	54.008	24.969	14	33	48.222	14	35
MM_RS09915	MM_RS09915	341	595.067	391	193	98	227	88	128
MM_RS09920	MM_RS09920	47	105	59	30	26	10	43	21
MM_RS09925	MM_RS09925	459	876	503	786	124	292	126	99
MM_RS09930	MM_RS09930	63	64	251.135	113	7	13	13	27
MM_RS09935	MM_RS09935	237.577	588.978	265.795	239.655	46	177	92	244.728
MM_RS09940	MM_RS09940	101.93	223.92	1358	918	25	39	109	125
MM_RS09945	MM_RS09945	799	1167.666	721	571	313.987	748	221.662	378
MM_RS09950	MM_RS09950	216.399	348.14	315	152	71	158	145	183
MM_RS09955	MM_RS09955	36	89.611	27	10	20	56	0	24
MM_RS09960	MM_RS09960	2223.354	3913.998	1597	458	315	455	149	146
MM_RS09965	MM_RS09965	2845	4613.979	1876	310	423	793	289	328
MM_RS09970	MM_RS09970	68.999	114.976	65	67	19	37	51	86
MM_RS09975	MM_RS09975	828.99	1100.75	121.849	76	64	177.952	25	37.858
MM_RS09980	MM_RS09980	890	813	483	106	74	135	54	47
MM_RS09985	MM_RS09985	129	201	122	56	226	310	134	244
MM_RS09990	MM_RS09990	68.02	189.072	70	37	45	44	25	37
MM_RS09995	MM_RS09995	82	182	156	45	114	146.004	121	228
MM_RS10000	MM_RS10000	44	69.994	162	139	28	76	36	69
MM_RS10005	MM_RS10005	120	235.931	82	107	23	37	24	26
MM_RS10010	MM_RS10010	4186	2919.843	6154	1322	214	370	136	176
MM_RS10015	MM_RS10015	0	116.044	0	33.635	123.918	0	28.659	209.991
MM_RS10020	MM_RS10020	132	191.984	411	274	31	67	240	176
MM_RS10025	MM_RS10025	182	328	302	406	32	39	71	62
MM_RS10030	MM_RS10030	50	137.032	98	33	17	51	48	32
MM_RS10035	MM_RS10035	110	330.418	328	100	45	201	77	267
MM_RS10040	MM_RS10040	148.065	304.648	238	119	66	148	79	194
MM_RS10045	MM_RS10045	317.052	803.059	603	1355	98	193	145	183
MM_RS10050	MM_RS10050	51	139.314	104.004	42	16	13	17	14
MM_RS10060	MM_RS10060	607.625	1086.649	594.134	1210.463	94.566	211.092	101.917	81.103
MM_RS10065	MM_RS10065	67	58	162	89	36	50	125	148
MM_RS10070	MM_RS10070	144	198	431	250	54	65	265	403
MM_RS10075	MM_RS10075	56	168.736	201	112	5	13	44	65
MM_RS10080	MM_RS10080	32	82	54	39	17	78	19	54
MM_RS10085	MM_RS10085	13	61.031	28	9	12	13	20	17
MM_RS10090	MM_RS10090	12.005	48.006	38	10	2	2	7	6
MM_RS10095	MM_RS10095	18	58	45	7	2	4	0	3
MM_RS10100	MM_RS10100	33.71	35.219	33	7	3	3	9	7
MM_RS10105	MM_RS10105	24	45.528	96.917	24	7	13	12	25
MM_RS10110	MM_RS10110	75	158.008	175	125	7	7	6	7
MM_RS10115	MM_RS10115	42	83.741	70	28	5	21	10	11
MM_RS10120	MM_RS10120	240	124.377	131	361	126	136	164	1359.074
MM_RS10125	MM_RS10125	66.847	171.048	79.148	26.049	14	34.159	44.499	28.202
MM_RS10130	MM_RS10130	36.002	94.02	30	16	3	9.001	5	8
MM_RS10135	MM_RS10135	55	217.008	82.006	42	18	14	16	15
MM_RS10140	MM_RS10140	83.992	206.063	191	73	95	267	56	80
MM_RS10145	MM_RS10145	113	248	62	39	160	120.172	35	73
MM_RS10150	MM_RS10150	599.428	1303.916	314.149	129	82	109	25	33
MM_RS10155	MM_RS10155	28.007	107	27	10	3	7	3	1
MM_RS10160	MM_RS10160	25	83	67	24	34	27	8	46
MM_RS10165	MM_RS10165	1191.944	2404.082	926	1245	191	448	200	330
MM_RS10170	MM_RS10170	447	1011.164	667.711	286	253	518	286	500
MM_RS10175	MM_RS10175	623.918	1397.825	2243.279	1426	69	154	155	190
MM_RS10180	MM_RS10180	220.894	500.733	375.001	156	65	237.778	124	299
MM_RS10185	MM_RS10185	309	596	492	383	38	78	39	47
MM_RS10190	MM_RS10190	284.988	622.001	931	348	25	76	66	63
MM_RS10195	MM_RS10195	238	498	297	127	41	86	46	83
MM_RS10200	MM_RS10200	317	620	701	464.05	89	139	337	266
MM_RS10205	MM_RS10205	320	673.216	1340	545	85	169	391	302
MM_RS10210	MM_RS10210	973.006	1676.707	1674.962	741	211	352	216	312
MM_RS10215	MM_RS10215	133.043	325.712	216	79	61	119	101	152
MM_RS10220	MM_RS10220	459.464	830.784	760.626	479	68	156.061	143.594	237.086
MM_RS10225	MM_RS10225	182.884	334.747	1588	711	36	102	261	344
MM_RS10230	MM_RS10230	465.133	1027.029	1691	1154	39	102	69	87
MM_RS10235	MM_RS10235	26486	48494	79070	98515	3337	6957	6091	6934
MM_RS10240	MM_RS10240	429	916	769	929	136	281.183	138	174
MM_RS10245	MM_RS10245	241	322.01	1181	1831	90	97	240	307
MM_RS10250	MM_RS10250	654.853	887.56	2177	4264	153	130.993	316	333
MM_RS10255	MM_RS10255	516	545.177	1248	1578	89	129	172	185
MM_RS10260	MM_RS10260	68	99	260	451	6	6	18	26
MM_RS10265	MM_RS10265	451	1230	1159	848	1234	3269	2177.999	2337
MM_RS10270	MM_RS10270	91	97	98	39	140	152	157	142
MM_RS10275	MM_RS10275	59	107	300	171.223	25	48	67	72
MM_RS10280	MM_RS10280	145.452	270.53	158.009	37	118	120	36	82
MM_RS10285	MM_RS10285	263.575	552.478	347	122	74	121	51	87
MM_RS10290	MM_RS10290	447.93	478.872	958.227	653.894	129	189	178.964	202
MM_RS10295	MM_RS10295	302.969	436.037	502.043	266	5	13.939	5	13
MM_RS10310	MM_RS10310	11.26	35.836	24.937	3	1	1	0	6
MM_RS10315	MM_RS10315	6	14	10	4	2	2	6	5
MM_RS10320	MM_RS10320	133	80.003	106	11	141	245	124	247
MM_RS10335	MM_RS10335	168	259.628	178	146	34	47	25	107
MM_RS10340	MM_RS10340	161	257	170	235	19	68	36	114
MM_RS10345	MM_RS10345	58	58	153	217	14	34	40	155
MM_RS10350	MM_RS10350	136.98	168.04	300	522	37	64	98	357
MM_RS10355	MM_RS10355	65	103.093	184	425	39	70	67	296
MM_RS10360	MM_RS10360	391.074	511.921	1000	1999.631	133	231	273	1063
MM_RS10365	MM_RS10365	363.986	614.382	768	1235	127	178	155	433
MM_RS10370	MM_RS10370	319	428	422	607	214	148	229	587
MM_RS10375	MM_RS10375	178	326.941	141	173	129	186	81	280
MM_RS10380	MM_RS10380	293	419.289	699	1271	97	157	292	692
MM_RS10385	MM_RS10385	302.277	513.983	1188	2309	66	96.018	257	503
MM_RS10390	MM_RS10390	606	1215.994	1882	837	338	600	780	1061
MM_RS10395	MM_RS10395	110.808	1259.309	8385.097	255.368	33.42	239.778	183.955	46.776
MM_RS10400	MM_RS10400	26.321	138.45	865.528	11	8.326	45.561	96.789	8.421
MM_RS10405	MM_RS10405	20	61	614	18	7	18	31	13
MM_RS10410	MM_RS10410	28	129.99	304.998	44	14	46	13	22
MM_RS10415	MM_RS10415	167	297	239.998	42.014	60	199	42	53
MM_RS10420	MM_RS10420	438.479	1063	826	412	140	201	217	225
MM_RS10425	MM_RS10425	1035	1983	1146	910	45	239.952	85	66
MM_RS10430	MM_RS10430	1159	2685.994	1941	1852	108	356	146	126
MM_RS10435	MM_RS10435	897.999	1590	871	928	134	484	174	220
MM_RS10440	MM_RS10440	19184.268	19268.312	106550.173	31246.039	17661.218	60087.266	84581.234	5283.607
MM_RS10445	MM_RS10445	306.012	409.499	589.042	575.298	143.754	480.828	179.856	121.394
MM_RS10450	MM_RS10450	260.13	256.187	754.558	264.578	2570.236	4102.877	3751.375	3090.973
MM_RS10455	MM_RS10455	2172	2206.915	7015.665	1474	744	1149	810	1259
MM_RS10460	MM_RS10460	782	1747.885	3308	2617	79	192	141	209
MM_RS10465	MM_RS10465	393	784.009	1269	1568	81	126	124	194
MM_RS10470	MM_RS10470	220	367.095	237	234	122	234	329	261
MM_RS10475	MM_RS10475	100	126.428	538	222	7	20	17	34
MM_RS10480	MM_RS10480	799	1659	1271	460	68	260	68	161
MM_RS10485	MM_RS10485	7	54	64	15	18	21	36	46
MM_RS10490	MM_RS10490	562	1095	421	239	147	261	56	113
MM_RS10495	MM_RS10495	2	10	9	3	1	5	6	1
MM_RS10500	MM_RS10500	14	9	13	0	0	5	4	4
MM_RS10510	MM_RS10510	68	166	119	61	18	89	23	60
MM_RS10515	MM_RS10515	179.999	354	230	310	31	65	26	51
MM_RS10520	MM_RS10520	131	209.829	251	57	49	68	69	84
MM_RS10525	MM_RS10525	1381.925	1793.11	861.732	498.113	291	473	185	366
MM_RS10530	MM_RS10530	282	958	833	322	88	190	297	232
MM_RS10535	MM_RS10535	253.239	423.008	1602	778	41	68	177	140
MM_RS10540	MM_RS10540	303	579.465	905	570	231	396	668	632.015
MM_RS10545	MM_RS10545	576	1077.994	2036	905	192	303	286	587
MM_RS10550	MM_RS10550	818	1402.161	4155	3079	154	444	408	542
MM_RS10555	MM_RS10555	981	2733	1302	1047	241	510	223	334
MM_RS10560	MM_RS10560	240.908	726.884	451.04	288.621	47	87	88	39
MM_RS10565	MM_RS10565	2500	3709	1978	1780	177	189	110	97
MM_RS10570	MM_RS10570	479	865	280	354	24	29	18	16
MM_RS10575	MM_RS10575	770.975	2484	5772	7394	48	321	165	481
MM_RS10580	MM_RS10580	2588	3394.999	3276	753	497	965	852	1690
MM_RS10585	MM_RS10585	467.289	812.712	2883	828	147.16	296	490	722
MM_RS10590	MM_RS10590	233.016	350.924	441	177	39	96	80	93
MM_RS10595	MM_RS10595	148	343	559	153	48	90	53	119
MM_RS10600	MM_RS10600	47	77	77	61	18	24	9	32
MM_RS10605	MM_RS10605	10	13.007	5	3.008	3	2	4	2.005
MM_RS10610	MM_RS10610	29.016	57.157	50.522	9	11	20	24	10.009
MM_RS10615	MM_RS10615	22.036	53.057	35.053	28	8	20	3	11
MM_RS10625	MM_RS10625	44.082	78.712	48.022	12.261	4.03	10.157	10.317	4.054
MM_RS10635	MM_RS10635	266.727	580.044	378.247	137.321	65.851	134.987	49.536	76.714
MM_RS10640	MM_RS10640	102.582	193.601	154.538	42.231	21.203	54.106	23.972	29.686
MM_RS10645	MM_RS10645	91	243	273	73	21	40	144	72
MM_RS10650	MM_RS10650	228	462.239	1563	532	61	72	236	166
MM_RS10655	MM_RS10655	159.001	384	797.163	338	44	95	174	173
MM_RS10660	MM_RS10660	83.094	153	596	233	7	29	61	76
MM_RS10665	MM_RS10665	121	169	483	229	40	51	195	150
MM_RS10670	MM_RS10670	285	225.014	510.595	409	18	51	61	63
MM_RS10675	MM_RS10675	522.014	570.131	654	596	236.02	384	586	356
MM_RS10680	MM_RS10680	1104	2246.435	1056	1341	334	634	789	647
MM_RS10685	MM_RS10685	192	376.294	919	369	88	146	109	198
MM_RS10690	MM_RS10690	17	29	21	10	55	79	45	146
MM_RS10695	MM_RS10695	9.012	34.982	8	9	14	22	17	18
MM_RS10700	MM_RS10700	29	33	23	9	101.037	181	123	163
MM_RS10705	MM_RS10705	15	17	16	7	1	5	13	8
MM_RS10710	MM_RS10710	338	920	4659	2316	149	475	602	857
MM_RS10715	MM_RS10715	293	500	1072	1154.998	71	123	334	345
MM_RS10720	MM_RS10720	350	588	1176	857	327	740	422	1276
MM_RS10725	MM_RS10725	2342.264	4574.985	4456	8435	351	1047	532	987
MM_RS10730	MM_RS10730	197	366.094	495	460	41	78	73	102
MM_RS10735	MM_RS10735	6	10	11	4	2	7	8	9
MM_RS10740	MM_RS10740	261.534	442.39	437.64	228.826	163	167	147	249.674
MM_RS10745	MM_RS10745	221	504	849	290	44	80	77	83
MM_RS10750	MM_RS10750	71	225	1109	479	17	25	111	90
MM_RS10760	MM_RS10760	56	210	219	92	32	47	52	74
MM_RS10765	MM_RS10765	178.506	330	249	146	41	99	41	52
MM_RS10770	MM_RS10770	316.9	748.231	402.981	229	26	74	21	38
MM_RS10775	MM_RS10775	307	665.398	249.022	625	65	84	195	164
MM_RS10780	MM_RS10780	101	200	74	71	10	28	17	21
MM_RS10785	MM_RS10785	75.919	279.937	108.996	66	23	49	34	39
MM_RS10790	MM_RS10790	69	165.149	109	47	12	40	18	17
MM_RS10795	MM_RS10795	207	410	564	323.716	79.788	160.112	62	134.075
MM_RS10800	MM_RS10800	106	181.991	407	264	56	59	63	89
MM_RS10805	MM_RS10805	501.477	1690.042	131.821	1954.077	63.461	326.072	44.46	126.795
MM_RS10810	MM_RS10810	0	194.506	0	105.952	0	31.773	11.081	0
MM_RS10815	MM_RS10815	465.48	1016.303	171.305	634.707	100.132	334.876	45.504	239
MM_RS10820	MM_RS10820	690.057	1705.317	377.796	1626.972	67.869	213.792	71.156	117.356
MM_RS10825	MM_RS10825	26	44	22.316	35	7	13	8	3.009
MM_RS10830	MM_RS10830	223.381	406.21	149.121	184.93	33.033	84.805	11.208	67.21
MM_RS10840	MM_RS10840	83	220.986	112	68	30	59	52	60
MM_RS10845	MM_RS10845	554	936.365	531	241	61	143	80	64
MM_RS10850	MM_RS10850	81	151	923	601	11	22	63	39
MM_RS10855	MM_RS10855	64	142.989	960.969	621	3	6	23	43
MM_RS10860	MM_RS10860	204	433	265	154	25	82	33	74
MM_RS10865	MM_RS10865	135	329	345	187	34	60	114	108
MM_RS10870	MM_RS10870	22	32	88	44	4	8	14	22
MM_RS10880	MM_RS10880	73	152	117	27	25.082	49	28	78
MM_RS10885	MM_RS10885	36	60	240	145	5	15	48	57
MM_RS10890	MM_RS10890	62	78	319	157	30	27	75	150
MM_RS10900	MM_RS10900	200	334	480	399	31	59	42	80
MM_RS10910	MM_RS10910	72.972	156.71	476	183	23	38	63	86
MM_RS10920	MM_RS10920	104	126.594	260	164	25	57	73	195
MM_RS10925	MM_RS10925	172.955	274.538	1278	501	60	69	285	385
MM_RS10930	MM_RS10930	89.782	212	839	195	24	70	181	244
MM_RS10935	MM_RS10935	59	156	380	260	17	34	80	169
MM_RS10940	MM_RS10940	19	39	230	95	6	20	49	78
MM_RS10945	MM_RS10945	108	318.243	640	516	14	63	107	192
MM_RS10950	MM_RS10950	292	805.981	528	455	49	143	196	529
MM_RS10955	MM_RS10955	560	901	1065	791	51	104	96	225
MM_RS10960	MM_RS10960	504	984.949	669.984	438	151	272	152	286
MM_RS10970	MM_RS10970	2334	2694.029	4224.912	15029	716	358	1212	1280
MM_RS10975	MM_RS10975	169	800.753	221	1226	19	111	10	133
MM_RS10980	MM_RS10980	12.085	125	25	19	3	26	1	9
MM_RS10985	MM_RS10985	22	44	32	7	9	43	21	21
MM_RS10995	MM_RS10995	11	17	29	10	1	5	10	8
MM_RS11000	MM_RS11000	349	741.013	8107	4537	65	171	698	824
MM_RS11005	MM_RS11005	230	682	8422	6131	49	200	348	613
MM_RS11010	MM_RS11010	33	103	1504	1010	3	33	23	98
MM_RS11015	MM_RS11015	200	395	5461	5565	36	151	325	476
MM_RS11020	MM_RS11020	98	293.662	3983.999	2292	26	136	316	429
MM_RS11025	MM_RS11025	127	284	4420	2512	14	50	113	297
MM_RS11030	MM_RS11030	164	243	3899	4171	43	123	170	549
MM_RS11035	MM_RS11035	45	141	1345	1646	16	82	56	208
MM_RS11040	MM_RS11040	28	47	417	316	33	51	188	316
MM_RS11045	MM_RS11045	106	311	2515	1844	13	26	25	63
MM_RS11050	MM_RS11050	143	231	2966	1658	21	37	40	122
MM_RS11055	MM_RS11055	173	285	3959	2753	10	43	65	119
MM_RS11060	MM_RS11060	218	419	5169	3202	18	74	63	202
MM_RS11065	MM_RS11065	164	299	3677	2470	16	69	103	228
MM_RS11070	MM_RS11070	55	124	3432	987	8	31	92	96
MM_RS11075	MM_RS11075	63	123	1347	669	8	36	103	170
MM_RS11080	MM_RS11080	161	365.903	4388	2155	29	95	247	448
MM_RS11085	MM_RS11085	133	260	4237	2166	37	110	270	440
MM_RS11090	MM_RS11090	171	426	5313	3556	36	133	242	521
MM_RS11095	MM_RS11095	139.717	439.991	4517	3538	42	123	372	563
MM_RS11100	MM_RS11100	103.829	275	3006	2229	47	94	331	521
MM_RS11105	MM_RS11105	85	156	2405	1783	34	65	174	444
MM_RS11110	MM_RS11110	117.927	307	4933	3122	110	213	804	1183
MM_RS11115	MM_RS11115	988	1757	3650	3511	321	572	902	1310
MM_RS11120	MM_RS11120	551	1164	2554	1967	217	395	547	937
MM_RS11125	MM_RS11125	42	16.001	19	6	16	7	1	10
MM_RS11130	MM_RS11130	102	241	151	203	34	52	46	85
MM_RS11135	MM_RS11135	12	25	14	0	2	4	5	9
MM_RS11140	MM_RS11140	446	707	1353	700	51	106	82	158
MM_RS11145	MM_RS11145	158	347	1116	533	67	201	403	319
MM_RS11150	MM_RS11150	102.968	168	958.004	540	19	95	170	200
MM_RS11155	MM_RS11155	1836	5554	4344	4173	1772.063	4579.316	1613.549	2247.986
MM_RS11160	MM_RS11160	1060	2624.061	8934	3675	147	561	492	772
MM_RS11165	MM_RS11165	1262	2923	8073	5721	152	337	345	424
MM_RS11170	MM_RS11170	795.921	1713.084	6707	4024	57	222	113	316
MM_RS11175	MM_RS11175	998	2034	6801	3000	114	423	554	733
MM_RS11180	MM_RS11180	125578.032	261666.87	238416.673	534279.063	83353.083	138988.709	170340.893	160440.595
MM_RS11185	MM_RS11185	218.258	684.41	313.693	903.593	371.414	1274.538	506.823	1162.255
MM_RS11190	MM_RS11190	66	118.907	99	31	13	21	21	9
MM_RS11195	MM_RS11195	12	20.395	27	9	2	10	17	19
MM_RS11200	MM_RS11200	235.852	487.611	291	194	23	23	6	14
MM_RS11205	MM_RS11205	3	17.067	12.806	4	1	3	1	3
MM_RS11210	MM_RS11210	261.822	389.976	634.686	247.048	39.148	98.906	141.984	108.297
MM_RS11215	MM_RS11215	179.914	538.09	421.077	323.407	15.472	61.049	38.905	44.618
MM_RS11230	MM_RS11230	47.901	195.335	0	0	0	0	0	0
MM_RS11235	MM_RS11235	46.577	70.044	45.617	5.654	2.452	6.419	0	14.758
MM_RS11240	MM_RS11240	2154.691	4197.719	7329.46	3639.357	274.294	654.616	282.965	591.875
MM_RS11245	MM_RS11245	2908.767	5730.971	10598.147	5386.912	445.644	1062.143	343.173	717.211
MM_RS11250	MM_RS11250	207.249	415.971	527.414	233.293	47.579	142.506	24.511	107.119
MM_RS11255	MM_RS11255	382	256	422	285	444	557	244	622
MM_RS11260	MM_RS11260	100	166	64	24	11	16	8	16
MM_RS11265	MM_RS11265	163	691.032	603	113	70	225.664	51	100
MM_RS11270	MM_RS11270	39	60	60	21	17	22.021	33	38
MM_RS11275	MM_RS11275	25	21	63	6	14	14	8	12
MM_RS11280	MM_RS11280	8	21.01	23	6	2	5	6	10
MM_RS11285	MM_RS11285	218.117	431.232	472.664	336	44	123	131	249
MM_RS11290	MM_RS11290	131	304	307.747	105.955	18	55	24	20
MM_RS11295	MM_RS11295	28	86.033	161	20	19	43	21	18
MM_RS11300	MM_RS11300	731.824	1790.988	1995.839	1216	189	207	179	121
MM_RS11305	MM_RS11305	120	362	563	97	122	160	278	164
MM_RS11310	MM_RS11310	13	40.676	33	12	4	3	1	2
MM_RS11315	MM_RS11315	20	33	66	14	6	4	0	5
MM_RS11320	MM_RS11320	60.538	120.331	270.952	122	48	87.004	91	123.586
MM_RS11325	MM_RS11325	32	70.106	110	36	6	14	15	31
MM_RS11330	MM_RS11330	16.451	24	67.048	21	12	18	125	80.414
MM_RS11335	MM_RS11335	23	62	73	50	56	114	89	82
MM_RS11340	MM_RS11340	82	162.002	300	190	22	30	71	80
MM_RS11350	MM_RS11350	160	368	246	100	35	68	45	47
MM_RS11355	MM_RS11355	17	49.212	23	8	1	3	1	8
MM_RS11360	MM_RS11360	126.318	200.98	247.944	50.682	39.885	7.891	0	58.518
MM_RS11365	MM_RS11365	499	1092	737	335	198	460	382	698
MM_RS11370	MM_RS11370	237.003	433.407	1055.089	481	53	163	177	291
MM_RS11375	MM_RS11375	31.002	41	43	3	5	17	11	2
MM_RS11380	MM_RS11380	117.398	294.367	397	156	63	176	190	213
MM_RS11385	MM_RS11385	464.238	1144.881	404	460	35	121	28	61
MM_RS11390	MM_RS11390	442.411	630.001	1111.991	428	95	117	199	210
MM_RS11395	MM_RS11395	213.591	321.076	1302	398	56	56	121	180
MM_RS11400	MM_RS11400	190	305	619	335	38	30	59	170
MM_RS11405	MM_RS11405	24.011	34.937	164	51	6	19	34	62
MM_RS11410	MM_RS11410	29	26	98.655	74	5.363	19	31	79
MM_RS11415	MM_RS11415	86	132	248.345	154	42.637	57	95	131
MM_RS11420	MM_RS11420	146.125	222	778	447	25	34	119	143
MM_RS11425	MM_RS11425	433	1303.987	1250	512	125	336	117	194
MM_RS11430	MM_RS11430	238	508	530	252	74	110	103	71
MM_RS11435	MM_RS11435	181	324.147	213	138	35	52	32	38
MM_RS11440	MM_RS11440	264.779	625.043	248	261	186	298	51	154
MM_RS11445	MM_RS11445	2447	3789.971	1820.998	1221	616	1231	523	699
MM_RS11450	MM_RS11450	656.11	1222.465	1881	1019	221	326	324	528
MM_RS11455	MM_RS11455	116.835	243.972	223	89	24	58	50	111
MM_RS11460	MM_RS11460	51	236	157	43	17	27	68	51
MM_RS11470	MM_RS11470	222.486	356.815	1129	616	34	62	93	188
MM_RS11475	MM_RS11475	90	123.864	385	82	25	35	43	91
MM_RS11480	MM_RS11480	238.05	366.29	830	212	58	119	113	120
MM_RS11485	MM_RS11485	814	1477	451	176	291	540	311	328
MM_RS11490	MM_RS11490	45	121.991	179.001	32	6	18	13	25
MM_RS11495	MM_RS11495	41	129	174	47	9	22	19	20
MM_RS11500	MM_RS11500	16.456	59.336	94	25	5	2	14	14
MM_RS11505	MM_RS11505	46.085	100.138	155	50	10	28	22	30
MM_RS11510	MM_RS11510	146	269.014	745	253	39	108	206	258
MM_RS11515	MM_RS11515	223	506.161	699	258	37	85	147	204
MM_RS11520	MM_RS11520	311.002	657	245	127	70	199	29	70
MM_RS11525	MM_RS11525	528.051	842.312	339.055	262.022	99	220	46	93.011
MM_RS11535	MM_RS11535	176	288.996	264	212	22	59	44	43
MM_RS11540	MM_RS11540	466.127	910.208	286	293	54	141	51	98
MM_RS11545	MM_RS11545	78.984	176.057	341.35	260	27	35	74	77
MM_RS11550	MM_RS11550	66.5	228.491	533.717	34.455	41.671	50.452	38.653	52.002
MM_RS11555	MM_RS11555	93.409	301.974	114	79	22.812	33.105	34	40
MM_RS11560	MM_RS11560	14.507	35.283	6.366	9.92	1.305	16.807	3.829	9.304
MM_RS11565	MM_RS11565	36	100.029	48	23	3	8	10	15
MM_RS11570	MM_RS11570	373.825	1134.647	1112	306.988	18	237.445	58.827	109
MM_RS11575	MM_RS11575	194.999	465.004	156	220	20	81	12	21
MM_RS11580	MM_RS11580	163	395.057	118	152	45	106	63	58
MM_RS11585	MM_RS11585	50	141.035	42	39	4	23	12	9
MM_RS11590	MM_RS11590	202.271	432.377	164.032	121	30	33	23	23
MM_RS11605	MM_RS11605	18	19	11	5	1	8	1	7
MM_RS11610	MM_RS11610	57	52	64	14	7	8	13	8
MM_RS11615	MM_RS11615	24	28	36	37	5	6	2	9
MM_RS11620	MM_RS11620	91	147.423	260	138	6.022	13	1	10
MM_RS11625	MM_RS11625	23	55.023	78	55	32	46	103	120
MM_RS11630	MM_RS11630	11	15	25	14	11	11	10	15
MM_RS11635	MM_RS11635	43.98	97.004	57	23	10	10	6	9
MM_RS11640	MM_RS11640	19	40	29.851	18	1	7	0	3
MM_RS11645	MM_RS11645	369	558.913	347.001	171	28	54	47	20
MM_RS11650	MM_RS11650	66	226	171.136	53	42	64	24	58
MM_RS11655	MM_RS11655	10	78.39	85	63	1	4	7	9
MM_RS11660	MM_RS11660	37.019	40.901	73	45	1	6	8	7
MM_RS11665	MM_RS11665	162	303.001	292	88	45	86	140	106
MM_RS11670	MM_RS11670	92.646	178	305.33	87.214	42	67	88.247	121.259
MM_RS11675	MM_RS11675	82.132	159.466	125.421	58	47	111.001	70	127
MM_RS11680	MM_RS11680	43	48	41	21	7	11	8	13
MM_RS11685	MM_RS11685	34	80	97	37	3	7	5	7
MM_RS11690	MM_RS11690	30.844	61.779	78.751	28.864	9.001	12.25	21.147	22.187
MM_RS11695	MM_RS11695	37	74	173.988	69	13	23	31	24.996
MM_RS11700	MM_RS11700	52	62	100	57	10	28	69	35
MM_RS11705	MM_RS11705	54.002	116.527	137	56	21	26	19	28
MM_RS11710	MM_RS11710	111	192	139	80	26	46	57	53
MM_RS11715	MM_RS11715	57.549	162.114	141	82	30	39	50	81
MM_RS11720	MM_RS11720	119.798	265.222	100.347	75.006	42	64	26	47
MM_RS11725	MM_RS11725	382.977	1031.38	6068	2670	42	180	246	420
MM_RS11730	MM_RS11730	2628	5424.185	28305.992	26017	222	732	885	1506
MM_RS11735	MM_RS11735	1172.875	2253.392	19000	10142	220	546	1087	1761
MM_RS11740	MM_RS11740	352.001	826	4537	3732	50	154.87	173	344
MM_RS11745	MM_RS11745	256.998	499	3755	1636	21	109	214	253
MM_RS11750	MM_RS11750	186	401	2021	394	23	124	125	286
MM_RS11755	MM_RS11755	121	558.162	1640	945	39	133	133	244
MM_RS11760	MM_RS11760	84	191.99	5001.952	3005	25	103	224	670
MM_RS11765	MM_RS11765	62	169.807	4788	3690	22	70	489	830
MM_RS11770	MM_RS11770	96.127	168.274	5427.782	3458	21	38	328	419
MM_RS11775	MM_RS11775	94	227.216	5525	2383	12	21	132	190
MM_RS11780	MM_RS11780	261	495	7120	804	15	50	350	235
MM_RS11785	MM_RS11785	19750.965	24384.517	98943.274	33276.936	215519.071	108136.351	142397.999	183836.802
MM_RS11790	MM_RS11790	244.182	808.121	918.268	737.327	66.542	172.565	247.22	392.219
MM_RS11795	MM_RS11795	17	59	114	101	1	18	4	61
MM_RS11810	MM_RS11810	397	683.223	1961.457	1882.11	59	120	169	144
MM_RS11815	MM_RS11815	325.084	590.999	1351	855	81	173	152	220
MM_RS11825	MM_RS11825	559	1108.999	5702	1385	55	124	204	144
MM_RS11830	MM_RS11830	442.974	1108.628	1387.968	607.003	39	73.007	93	68
MM_RS11835	MM_RS11835	100	119.284	709	263	39	48	138	128
MM_RS11840	MM_RS11840	249.012	512.496	846	338	97	227	216	277
MM_RS11850	MM_RS11850	120	248	197.913	151.989	37	77	85	88
MM_RS11855	MM_RS11855	43.004	159.006	148.847	49	12	45	52	47
MM_RS11860	MM_RS11860	276	858	987.01	345	42	181	78	106
MM_RS11865	MM_RS11865	862	2015	1271	373	259	466	258	283
MM_RS11870	MM_RS11870	111	260	289	79	44.865	97	53	96
MM_RS11875	MM_RS11875	48	60.986	88.992	37	22	40	161	79
MM_RS11880	MM_RS11880	163.274	327.762	602	357	38	79	59	84
MM_RS11890	MM_RS11890	248.862	471.519	548	352.094	27	56	51	68
MM_RS11895	MM_RS11895	398.375	854.787	1114	329	102	271	159	303
MM_RS11900	MM_RS11900	49	116.589	146	36	20	25	18	25
MM_RS11910	MM_RS11910	25	39	44	29	6	11	8	17
MM_RS11915	MM_RS11915	86.718	345.924	130.016	37.219	30	54.003	39	74
MM_RS11920	MM_RS11920	145	383.019	435	156	50	118	147	117
MM_RS11925	MM_RS11925	26	77	64	16	7	8	15	10
MM_RS11930	MM_RS11930	251	507.01	293	224	84	211	86	110
MM_RS11935	MM_RS11935	434.4	840.11	1522.255	545.896	129.048	326.605	206.663	217.002
MM_RS11940	MM_RS11940	602.6	1293.887	2011.745	985.104	160.952	299.395	293.337	287.998
MM_RS11945	MM_RS11945	0	0	0	0	0	0	0	0
MM_RS11950	MM_RS11950	1850	3385	4991	706	1069	1436	2400	319
MM_RS11955	MM_RS11955	521	1093.969	1498	1615	36	120	185	74
MM_RS11960	MM_RS11960	301.733	756.583	987	494	52	104	124	80
MM_RS11965	MM_RS11965	39	129	44.001	39	19	68	18	52
MM_RS11970	MM_RS11970	167	380.975	174	144	70	210	145	243
MM_RS11975	MM_RS11975	406.894	789.389	462.386	268	94	303	113	153
MM_RS11985	MM_RS11985	562.751	982.019	1426.586	750.707	171.421	274.494	131.489	220.881
MM_RS11990	MM_RS11990	800.218	1891.204	2869.85	2814.088	140.356	305.857	81.827	363.789
MM_RS11995	MM_RS11995	806.368	1466.28	1439.999	1080.643	95.706	275.362	64.035	163.125
MM_RS12000	MM_RS12000	390.089	987.326	615.923	612.593	25.528	35.951	46.095	42.382
MM_RS12005	MM_RS12005	399	568.91	768	675	105	131	102	82
MM_RS12010	MM_RS12010	265.774	507	478	459	22	44	19	30
MM_RS12015	MM_RS12015	116.178	226.024	230.314	235.952	21.852	37.094	15.016	28.703
MM_RS12020	MM_RS12020	393.922	609	632	720	48	90	52	107
MM_RS12025	MM_RS12025	1017	1320	2363	1129	123	365	205	489
MM_RS12030	MM_RS12030	308	419	1191	910	60	97	60	142
MM_RS12035	MM_RS12035	134	221	534	398	32	55	69	90
MM_RS12040	MM_RS12040	142	226.015	466	384	18	49.012	29	71
MM_RS12045	MM_RS12045	561	975.833	1899	2291	127	152	198	346
MM_RS12050	MM_RS12050	89	184	346	426	57	100	132	206
MM_RS12060	MM_RS12060	360	699	207	224	30	104	20	27
MM_RS12065	MM_RS12065	577	1478	216	165	708	993	136	447
MM_RS12070	MM_RS12070	750.106	1498.253	962	555	310	579	425	513
MM_RS12075	MM_RS12075	18	27	41	46	13	17	20	27
MM_RS12080	MM_RS12080	78	230	157	52	4	28	28	43
MM_RS12085	MM_RS12085	76	109	91	43	25	53	22	30
MM_RS12090	MM_RS12090	1	0	1	0	4	11	14	8
MM_RS12095	MM_RS12095	114	181	109	38	18	59	9	18
MM_RS12100	MM_RS12100	63	161	60	41	37	72	34	60
MM_RS12105	MM_RS12105	4069.029	12746.558	7938.903	28103.702	432.032	853	607.654	952
MM_RS12110	MM_RS12110	6056.514	9610.088	22201.247	10938.384	854.396	3264.787	1275.903	3199.976
MM_RS12115	MM_RS12115	752.982	1486.301	4401.984	5052.538	111	263	253	451.697
MM_RS12120	MM_RS12120	5279.6	24580.418	32254.293	81252.345	430.509	1196.574	1757.78	3046.42
MM_RS12125	MM_RS12125	864.634	1264.431	9350.971	5211.581	70.098	98.354	568.444	1099.685
MM_RS12135	MM_RS12135	462.837	734.072	254	137.213	124	224	99	114
MM_RS12140	MM_RS12140	40	107.002	68.644	34	27	42	39	62
MM_RS12145	MM_RS12145	46.003	83.27	65.001	24	5	23	9	26
MM_RS12150	MM_RS12150	14	29	17	13	2	10	0	11
MM_RS12155	MM_RS12155	14	37	32	11	5	2	3	4
MM_RS12160	MM_RS12160	244.379	224.499	762.294	133.247	66.115	85.599	61.512	74.817
MM_RS12165	MM_RS12165	2359	5895	2232	2030	356	997	415	509
MM_RS12170	MM_RS12170	46	94	100	52	9	16	16	21
MM_RS12175	MM_RS12175	420.355	970.067	1291.394	807	162	200	229	185
MM_RS12180	MM_RS12180	76.076	145.559	228	47	6	29	19	12
MM_RS12185	MM_RS12185	4861	9093	6018	1246	227	518	245	326
MM_RS12190	MM_RS12190	104	185	265	125	65	49	70	152
MM_RS12195	MM_RS12195	1150	1549	390	1026	379	762	78	229
MM_RS12200	MM_RS12200	627	1462	608.926	702	60	110	43	64
MM_RS12205	MM_RS12205	111	240	75	56	7	21	12	14
MM_RS12210	MM_RS12210	389.167	752	891	206	53	113	72	89
MM_RS12215	MM_RS12215	29	49	83	20	10	14	12	17
MM_RS12220	MM_RS12220	266	588	1101	539	42	92	76	114
MM_RS12230	MM_RS12230	85	174	501	208	28	46	107	81
MM_RS12235	MM_RS12235	451.028	896.787	1022	374	49	118	124	103
MM_RS12240	MM_RS12240	190	401	366	192	54	223	88	124
MM_RS12245	MM_RS12245	147	370.83	180	133	15	34	12	28
MM_RS12250	MM_RS12250	409	978.645	382	633	63	160	66	122
MM_RS12255	MM_RS12255	368	846	1279.154	243	71	177	92	78
MM_RS12260	MM_RS12260	663.256	1598.998	1707.009	762	29	102	55	54
MM_RS12265	MM_RS12265	277	533	646	395	45	74	30	47
MM_RS12270	MM_RS12270	302	515.006	756	399	84	196	66	180
MM_RS12275	MM_RS12275	376	970	1596	908	62	187	105	156
MM_RS12280	MM_RS12280	421	501	1416	412	119	186	375	302
MM_RS12285	MM_RS12285	218.021	393.441	456.105	109	142	178	146	140
MM_RS12290	MM_RS12290	269	757.985	2084.987	684	93	160	274	229
MM_RS12295	MM_RS12295	425	495.649	1268	792	88	97	81	98
MM_RS12300	MM_RS12300	33.15	66.724	337	220	6	6	37	48
MM_RS12305	MM_RS12305	750.954	1505.991	2842.991	1469	214	388	879	605
MM_RS12310	MM_RS12310	167.829	371.129	136.669	76	111	231	103	163
MM_RS12315	MM_RS12315	821	1448	1165	466	149	395	382	316
MM_RS12320	MM_RS12320	523.881	1204	488	339	69	107	83	57
MM_RS12325	MM_RS12325	20	28.351	13	2	4	5	8	14
MM_RS12330	MM_RS12330	579	1079	1201	474	141	340	341	443
MM_RS12335	MM_RS12335	278	461	605	244	48	101	158	154
MM_RS12340	MM_RS12340	223	537	647	237	68	163.004	119	201
MM_RS12345	MM_RS12345	162	416	260	201	28	51	28	60
MM_RS12355	MM_RS12355	395.999	756	607	322	51	119	135	145
MM_RS12360	MM_RS12360	545	1138.7	1817	1111	169	315	563	580
MM_RS12365	MM_RS12365	10940.503	15200.052	34761.716	10094.253	104561.846	102493.773	129495.073	153734.868
MM_RS12370	MM_RS12370	10917.494	15202.16	34647.123	10072.911	104484.989	102725.298	128884.377	154790.931
MM_RS12375	MM_RS12375	218	566	197	88	26	115	33	39
MM_RS12380	MM_RS12380	355	968	137	96	36	163	33	23
MM_RS12385	MM_RS12385	1661.147	4488.012	994	871	388	1040.02	308	218
MM_RS12390	MM_RS12390	801	1701.005	607	478	123	225	309	89
MM_RS12395	MM_RS12395	73.424	95.004	123.626	34	23	49	21	46
MM_RS12400	MM_RS12400	0	79.434	53.487	37.507	0	0	0	0
MM_RS12405	MM_RS12405	31	71.894	33	13	2	10	1	2
MM_RS12410	MM_RS12410	335.915	546.53	1538	1324	98	204	228	331
MM_RS12415	MM_RS12415	156	428	320	168	124	190	128	217
MM_RS12420	MM_RS12420	673.999	1712	1361	581	165	302	167	306
MM_RS12425	MM_RS12425	379	698.975	321	277	85	93	51	35
MM_RS12430	MM_RS12430	220	474.932	270	188	35	62	27	58
MM_RS12435	MM_RS12435	252.001	445.956	206	100	34	57	21	24
MM_RS12440	MM_RS12440	166.214	360.994	101	40	138	222	65	107
MM_RS12445	MM_RS12445	403.116	613.327	430	152	123	125	139	79
MM_RS12450	MM_RS12450	246	522	263	173	74	174	99	106
MM_RS12455	MM_RS12455	1579	3136	1055	833	151	281	120	182
MM_RS12460	MM_RS12460	379	1127.185	295	328	176	483	117	217
MM_RS12465	MM_RS12465	820	1511	1420	755	129	351	173	185
MM_RS12470	MM_RS12470	19	45	104	55	11	32	27	49
MM_RS12475	MM_RS12475	124.355	257.793	274.944	73.131	32.462	76.663	94.777	105.134
MM_RS12480	MM_RS12480	95	122.459	56	24.12	34	55	23	33
MM_RS12485	MM_RS12485	57	80	165	58	16	19	31	39
MM_RS12490	MM_RS12490	29.645	91.207	83.056	40.869	25.538	53.337	41.223	94.866
MM_RS12495	MM_RS12495	243.967	389.475	122.887	114.881	55.783	104.193	32	41.006
MM_RS12500	MM_RS12500	60	131	52	40	19	29	9	16
MM_RS12515	MM_RS12515	71	90	395	38	27	40	60	48
MM_RS12520	MM_RS12520	152	267.346	269	122	15	39	23	24
MM_RS12525	MM_RS12525	256	389	199	119	41	73	52	46
MM_RS12530	MM_RS12530	236.004	379.055	900.732	733.007	70	92.873	188	160
MM_RS12535	MM_RS12535	149.009	253.932	844	554	53	115	141	189
MM_RS12540	MM_RS12540	1042.735	1473.063	2676	3042	143	343	197	531
MM_RS12545	MM_RS12545	618.691	1389.503	1842	3566.999	54	192	143	329
MM_RS12550	MM_RS12550	132.384	209.648	170.848	75.202	79	79	69.792	138.205
MM_RS12555	MM_RS12555	241	590.977	370	189	38	107	33	63
MM_RS12560	MM_RS12560	269	489	516	691	54	85	220	226
MM_RS12565	MM_RS12565	75	123	103	36	20	34	9	29
MM_RS12570	MM_RS12570	27.001	43.784	36	13	16	18	6	20
MM_RS12575	MM_RS12575	79.935	160.887	44	37	39	89	41	39
MM_RS12580	MM_RS12580	102	226.998	510	1365	43	109	203	501
MM_RS12585	MM_RS12585	158	265.846	951	2541	36	69	158	478
MM_RS12595	MM_RS12595	750.076	1047.341	2293.724	273.556	422.748	778.39	601.488	858.465
MM_RS12600	MM_RS12600	36	57.947	61.799	17	9	12	1	13
MM_RS12610	MM_RS12610	828	2343	6310	2498	142	413.001	296	427
MM_RS12615	MM_RS12615	96.812	198.229	772	538	16	22	79	112
MM_RS12625	MM_RS12625	206.641	378.698	463.721	101	39	101	56	104
MM_RS12630	MM_RS12630	700.418	293.338	589.717	0	165.54	253.919	209.998	148.835
MM_RS12640	MM_RS12640	577.192	1296	889	839	88	145	166	167
MM_RS12645	MM_RS12645	0	0	0	0	0	0	0	0
MM_RS12650	MM_RS12650	697	1143	59.001	41	118	229	4	10
MM_RS12655	MM_RS12655	286.601	308.811	81.128	22	296	372.523	13.129	31
MM_RS12660	MM_RS12660	203.89	395.549	325.012	119.823	34.927	125.644	46	134.769
MM_RS12665	MM_RS12665	14	62	121	70	12	13	31	51
MM_RS12670	MM_RS12670	119.977	233.265	471	184	20.998	35	58	79
MM_RS12675	MM_RS12675	73.041	138.657	376.934	150.489	21.051	26.269	135.5	106.208
MM_RS12680	MM_RS12680	335.516	665.193	551.911	127	79	225.477	56.871	151
MM_RS12695	MM_RS12695	170.048	311.392	239.469	90.177	30.073	70.356	45	58.231
MM_RS12705	MM_RS12705	33.934	0	53.5	0	0	131.871	0	0
MM_RS12710	MM_RS12710	48.014	70	99	27	13	35	45	38
MM_RS12715	MM_RS12715	27.959	75.407	43.026	4.511	21.949	72.731	26.5	60.792
MM_RS12720	MM_RS12720	93	172	144	45	40	83	38	51
MM_RS12725	MM_RS12725	44	55	560	688	19	30	122	153
MM_RS12730	MM_RS12730	126	290.986	676.008	1666	18	47	146	184
MM_RS12735	MM_RS12735	571.456	818.445	2735	3072	244	444	875	2263
MM_RS12740	MM_RS12740	450	543	1612	1779.045	30	154	203	289
MM_RS12745	MM_RS12745	1054.877	1863.565	2963	3072	291	553	475	650
MM_RS12750	MM_RS12750	2693	5830.755	7458	13228.841	825	1207	1448	2200
MM_RS12755	MM_RS12755	5859.998	12706.897	13996.09	37064.973	1694	2537.707	2693	3328
MM_RS12765	MM_RS12765	142	321	2173	1915	24	72	227	395
MM_RS12770	MM_RS12770	387.592	582.401	5071	1755	118	240	966	1461
MM_RS12775	MM_RS12775	377.994	564.009	4374	1719	108	195	633	621
MM_RS12780	MM_RS12780	432	715.658	4857	1780	86	137	321	381
MM_RS12785	MM_RS12785	127	305	1576	995	48	67	299	359
MM_RS12790	MM_RS12790	277.072	546	3968	2524	69	169	478	471
MM_RS12795	MM_RS12795	203	264.637	204	67	48	83	29	44
MM_RS12805	MM_RS12805	71	151.093	101	85	13	43	35	53
MM_RS12810	MM_RS12810	148.874	256.296	613.002	278	65	160	208	249
MM_RS12815	MM_RS12815	77	243	148	28	17	31	18	24
MM_RS12820	MM_RS12820	73	249	142	60	24	42	25	55
MM_RS12825	MM_RS12825	162	325	470	90	22	32	29	22
MM_RS12830	MM_RS12830	55	54.751	38.674	5	10	15	8	3.999
MM_RS12835	MM_RS12835	67	118.39	71	39	6	19	0	5
MM_RS12850	MM_RS12850	202	364	314.316	96	61	127	84	96
MM_RS12855	MM_RS12855	39.917	60	433	464	10	23	31	73
MM_RS12860	MM_RS12860	105	116.99	940	1065	22	62	141	221
MM_RS12865	MM_RS12865	69.99	58	687	671	19	18	62	104
MM_RS12870	MM_RS12870	176	187.191	1258	1038	53	71	184	355
MM_RS12875	MM_RS12875	33	67	257	232	10	15	77	73
MM_RS12890	MM_RS12890	67	90	548	357	26	47	62	141
MM_RS12895	MM_RS12895	135	188	741	525	57	76	87	235
MM_RS12900	MM_RS12900	295	385	1854	1079	105	158	237	452
MM_RS12905	MM_RS12905	192	237	860	314	48	47	71	137
MM_RS12910	MM_RS12910	157	239.009	664	424	59	63	101	128
MM_RS12915	MM_RS12915	94	156	257	48	33	28	51	53
MM_RS12920	MM_RS12920	181.014	443.368	470	400	19	62	247	147
MM_RS12925	MM_RS12925	347.054	1126	1052	707	82	202	190	354
MM_RS12930	MM_RS12930	131	263	611	580	94	179	292	382
MM_RS12935	MM_RS12935	197.953	372.039	778.999	697	54	148	138	395
MM_RS12940	MM_RS12940	155.217	371.083	963	1259	62	103	245	395
MM_RS12945	MM_RS12945	99	210.003	665	211	101	212	284	496
MM_RS12950	MM_RS12950	21	47	258	23	9	17	52	36
MM_RS12955	MM_RS12955	146	188	246	124	53	147	30	83
MM_RS12960	MM_RS12960	865	1878.032	2753	2105	66	239	125	160
MM_RS12965	MM_RS12965	120	307	624	243	59	115	144	200
MM_RS12970	MM_RS12970	450.998	659.208	459.159	237.803	211	316	221	245.465
MM_RS12975	MM_RS12975	215	519	884.255	331	79	185	275	385
MM_RS12980	MM_RS12980	487.997	1352.011	2796.859	646.197	151	301	398	462.535
MM_RS12985	MM_RS12985	1721	2256	10525	3410	450	562	1236	754
MM_RS12990	MM_RS12990	6084.567	7556.996	45714.996	12840	1013	803	1777	876
MM_RS12995	MM_RS12995	1325.906	1723.402	7991	685	414	475	769	392
MM_RS13005	MM_RS13005	388	1529	1482	208	46	199	93	159
MM_RS13015	MM_RS13015	81	218.251	240	120	20	47	48	83
MM_RS13020	MM_RS13020	131.02	353.816	783	539	21	30.002	42.002	31
MM_RS13025	MM_RS13025	56	146	298	211	13	30	19	67
MM_RS13030	MM_RS13030	93.927	252.674	1199	1024	17	92	158	137
MM_RS13035	MM_RS13035	255	690	2111	1073	31	94	235	241
MM_RS13040	MM_RS13040	288.1	1002.307	367.143	417.454	441.627	1666.763	465.625	1070.125
MM_RS13045	MM_RS13045	164.325	343.831	484.311	365	49	117	220	406.803
MM_RS13050	MM_RS13050	285.001	560.878	541	241	33	59	69	78
MM_RS13055	MM_RS13055	202.13	458.822	340	238	28	153	67	96
MM_RS13060	MM_RS13060	60.753	70.185	182	70	14	17	57	75
MM_RS13065	MM_RS13065	285	642	633	234	31	104	83	57
MM_RS13070	MM_RS13070	129	220	74	33	22	46	30	27
MM_RS13075	MM_RS13075	137	266	168	75	37	49	18	42
MM_RS13080	MM_RS13080	344.002	886.972	533	643	23	30	11	18
MM_RS13085	MM_RS13085	418	883	513	513	46	79	21	59
MM_RS13090	MM_RS13090	129	294	298	115	59	144	132	125
MM_RS13095	MM_RS13095	317	799.542	816	523	128	286	205	222
MM_RS13100	MM_RS13100	553.192	2235	1184.939	741	108	217	154	172
MM_RS13105	MM_RS13105	348	957.801	770	278.989	108	351	160	251
MM_RS13110	MM_RS13110	98	229	244	119	45	65	73	58
MM_RS13115	MM_RS13115	33.984	79.49	0	0	0	0	0	0
MM_RS13120	MM_RS13120	441.101	1420	983	1256	114	106	226	131
MM_RS13125	MM_RS13125	112.24	165	270	143	31	70	91	150
MM_RS13130	MM_RS13130	177	541	284	218	10	49	9	20
MM_RS13135	MM_RS13135	145	437	1077.992	240	59	116	176	183
MM_RS13140	MM_RS13140	123.999	341	1005	338	82	423	273	466
MM_RS13145	MM_RS13145	441	1719	3963	2109	78	194	466	280
MM_RS13150	MM_RS13150	235	721	848	400	65	227	140	162
MM_RS13155	MM_RS13155	220	394.06	740	365	134	342	378	500
MM_RS13160	MM_RS13160	30.905	36.11	251	190	6	14	35.905	18
MM_RS13165	MM_RS13165	24	35	90	48	9	12	58	51
MM_RS13170	MM_RS13170	211.162	1135.463	1284.751	251	104	391	166	215
MM_RS13175	MM_RS13175	249.99	405.01	531	277.011	42	136.993	112	244
MM_RS13180	MM_RS13180	58	119	87	58	23	15	11	17
MM_RS13185	MM_RS13185	91	154.474	259	82	18	25	29	31
MM_RS13190	MM_RS13190	164	152	593	204	11	18	19	54
MM_RS13195	MM_RS13195	20	55	19	11	0	6	0	12
MM_RS13200	MM_RS13200	47	50	59	13	19	15	8	11
MM_RS13205	MM_RS13205	46	57	67	30	6	11	1	8
MM_RS13210	MM_RS13210	25	96.001	87	41	29	21.828	16	27
MM_RS13215	MM_RS13215	79	123	105	97	10	22	14	25
MM_RS13220	MM_RS13220	275	336	117	61	20	60	47	20
MM_RS13225	MM_RS13225	61	177	256.934	62	20	23	18	18
MM_RS13230	MM_RS13230	1	4	4	1	0	5	2	13
MM_RS13235	MM_RS13235	117	207.417	472	305	32	51	129	89
MM_RS13240	MM_RS13240	481	815	865	679	172	395	393	373
MM_RS13245	MM_RS13245	69.02	115	115	17	9	20	23	22
MM_RS13250	MM_RS13250	566	1032.058	500	327	90	174	50	129
MM_RS13255	MM_RS13255	146.98	183	245	121	26	34	75	81
MM_RS13260	MM_RS13260	423.35	1151.996	396	292.993	108	274	103	230
MM_RS13265	MM_RS13265	208.716	357.199	748.097	430	61	102	127.994	155
MM_RS13270	MM_RS13270	597	1076	712	1712	103	365	96	259
MM_RS13275	MM_RS13275	17	34	17	6	8	15	13	41
MM_RS13280	MM_RS13280	196	159	128	68	23	70	15	40
MM_RS13285	MM_RS13285	800	1804	2082	3597	65	158	116	330
MM_RS13290	MM_RS13290	8126	7349.166	1375	304	952	2274.999	54	187
MM_RS13295	MM_RS13295	2137.968	4938.906	2253.002	7656	788	1561	553	1799
MM_RS13300	MM_RS13300	553	911	544	848	769	1175	776	1554
MM_RS13305	MM_RS13305	998	1054	1833	996	566	1206	499	1361
MM_RS13310	MM_RS13310	254.682	384.316	426	581	190	501	254	776
MM_RS13315	MM_RS13315	316.998	487.537	509.99	641	210	462	381	894
MM_RS13320	MM_RS13320	993.033	1918.929	1511	2480	255	529	368	903
MM_RS13325	MM_RS13325	92.982	317	1577	141	22	68	482	37
MM_RS13330	MM_RS13330	24.999	17	6787	22	4	5	1843	5
MM_RS13335	MM_RS13335	6	15.55	10648	45	4	3	3283	9
MM_RS13340	MM_RS13340	22	46.001	43026	34	9	16	13544	27
MM_RS13345	MM_RS13345	10	6	9338	15	2	2	1375	3
MM_RS13350	MM_RS13350	9	18	5526	34	0	1	690	5
MM_RS13355	MM_RS13355	23.246	21.619	72.98	65.967	123.827	0	38.186	49.765
MM_RS13360	MM_RS13360	311	510	187	112	146	188	65	116
MM_RS13365	MM_RS13365	198	369	283	109	28	68	87	72
MM_RS13370	MM_RS13370	435	1690	828	501	122	266	176	165
MM_RS13380	MM_RS13380	122	234	234	80	45	137	73	95
MM_RS13385	MM_RS13385	117	186	230	90	33	61	86	84
MM_RS13390	MM_RS13390	51.907	71.409	151.497	86.006	14	67	60.406	83.593
MM_RS13395	MM_RS13395	0	67.893	0	0	0	25.654	0	0
MM_RS13405	MM_RS13405	8	7	2	0	0	1	0	1
MM_RS13410	MM_RS13410	6	10	5	2	3	5	3	4
MM_RS13415	MM_RS13415	61	149.311	58	26	4	8	2	6
MM_RS13420	MM_RS13420	636.409	983.038	1434	1231	299.839	651	732	1224
MM_RS13425	MM_RS13425	102	997.97	505	224	16	138	106	51
MM_RS13430	MM_RS13430	140.516	301.813	133	122	127	252	101	259
MM_RS13435	MM_RS13435	183	438.04	453	360	28	61	111	138
MM_RS13440	MM_RS13440	341.136	715.966	546	812	84	216	177	351.003
MM_RS13445	MM_RS13445	301	523.988	366	346	51	153	88	110.997
MM_RS13450	MM_RS13450	38	39	18	6	15	30	45	29
MM_RS13455	MM_RS13455	66	143	41	23	27	28	39	45
MM_RS13460	MM_RS13460	68.002	177.596	96	29	19	37	5	17
MM_RS13465	MM_RS13465	103.007	270.237	121.001	93	7	13	7	51
MM_RS13470	MM_RS13470	52	141	72	29	30	77	48	62
MM_RS13475	MM_RS13475	526.028	1778.49	627	766	242	2693.987	134.027	681
MM_RS13480	MM_RS13480	24	38	70	24	1	2	2	4
MM_RS13485	MM_RS13485	38	53.959	64	12	2	5.942	5	4
MM_RS13490	MM_RS13490	187.726	406.02	300.948	133	50	183	68	95
MM_RS13495	MM_RS13495	210.423	266	137.971	56	65	75	60	71
MM_RS13500	MM_RS13500	226	492	150	88	40	138	51	66
MM_RS13505	MM_RS13505	167	349	248	134	18	50	53	83
MM_RS13510	MM_RS13510	74.066	140.732	54.062	74.74	1302.752	3519.716	728.579	3765.274
MM_RS13515	MM_RS13515	94.378	196.054	103	85	15	50	27	25
MM_RS13520	MM_RS13520	296.016	679.549	486.215	231.366	98	180.809	80	135
MM_RS13530	MM_RS13530	77.014	156	345	210	60	51	123	169
MM_RS13535	MM_RS13535	547.195	798.004	1021	752	171	224	394	495
MM_RS13540	MM_RS13540	56	153.032	82	35	21	39	29	31
MM_RS13545	MM_RS13545	1441.974	3612	5772.953	9331	461	1038	1233	2398
MM_RS13550	MM_RS13550	340	896.36	2194	1487	759	1595	3412	2912
MM_RS13555	MM_RS13555	165	425	1188	368	97	173	305	439
MM_RS13560	MM_RS13560	40	89	201	103.001	33	60	68	164
MM_RS13565	MM_RS13565	1226	3034	3509.046	2639	116	403	307	353
MM_RS13570	MM_RS13570	1084.308	1839.81	2876	903	148	358	371	357
MM_RS13575	MM_RS13575	937.042	1717.15	3040.021	1663	214	465	649	805
MM_RS13580	MM_RS13580	993.232	2804.072	4222.179	4598	263	587	855	1108
MM_RS13585	MM_RS13585	498	776.987	1996.957	2153	129	321	338	538
MM_RS13590	MM_RS13590	631	1521	3721	4285	49	223	216	359
MM_RS13595	MM_RS13595	244	476	604	92	73	158	53	45
MM_RS13600	MM_RS13600	46	89	86	37	8	17	6	17
MM_RS13605	MM_RS13605	125.015	152.241	333.999	179	22	25	73	81
MM_RS13610	MM_RS13610	117	155	238.06	125	26.039	56	70	78
MM_RS13615	MM_RS13615	213.886	430	88	65	11	79	13.377	30
MM_RS13620	MM_RS13620	257	624.353	373	245	49	136	74	75
MM_RS13625	MM_RS13625	57	156	133	118	5	10	10	13
MM_RS13630	MM_RS13630	58	146.012	102	33	19	26	24	24
MM_RS13635	MM_RS13635	321.04	653	136	140	165	241	137	90
MM_RS13640	MM_RS13640	166	407.299	139	155	105	185	126	70
MM_RS13645	MM_RS13645	253	390.108	359	253	76	142	80	64
MM_RS13650	MM_RS13650	152	284	309	141	28	51	36	32
MM_RS13655	MM_RS13655	110.519	162.012	154	48	15	34	24	24
MM_RS13660	MM_RS13660	202	413.055	241	90	73	118	59	107
MM_RS13665	MM_RS13665	317.152	531.99	180	84	71	168	48	149
MM_RS13670	MM_RS13670	20	49	57	42	6	17	18	33
MM_RS13675	MM_RS13675	15	34	48	35	17.27	34.95	29	45
MM_RS13685	MM_RS13685	127.66	346.979	178.003	71	22	49	38	41
MM_RS13690	MM_RS13690	92	208	199	91	27	39	21	36
MM_RS13695	MM_RS13695	218.405	383	452	244	115	179	89	216
MM_RS13700	MM_RS13700	686.769	1238.033	1546.151	562	166.007	202	357	413
MM_RS13705	MM_RS13705	37.374	263.93	0	137.13	25.944	38.005	39.447	181.702
MM_RS13710	MM_RS13710	96	322.618	414	168	14	23.469	29	42
MM_RS13715	MM_RS13715	400	965.472	1948	1557	38	191	162	157
MM_RS13720	MM_RS13720	105	270.989	92	56	87	161	49	92
MM_RS13725	MM_RS13725	1	4	3	2	0	1	8	1
MM_RS13730	MM_RS13730	336	908	532	380	51	112	82	69
MM_RS13735	MM_RS13735	98	160	1293	1192	16	51	215	190
MM_RS13740	MM_RS13740	94	269.951	305	83	16	63	34	50
MM_RS13745	MM_RS13745	10	114	191.001	24	6	10	29	9
MM_RS13755	MM_RS13755	664	970	911	1043	370.479	901.817	449.999	521.014
MM_RS13760	MM_RS13760	785	1763	4904	4460	115	597	344	498
MM_RS13765	MM_RS13765	119	254.012	68	35	376	483	79	350
MM_RS13775	MM_RS13775	51.447	188.654	158	50	16	28	31	40
MM_RS13780	MM_RS13780	559	616.198	489	110	46	98	71	81
MM_RS13785	MM_RS13785	207.054	350.768	90	59	79	155.007	103	67
MM_RS13790	MM_RS13790	24	112	29	23	10	18	18	16
MM_RS13795	MM_RS13795	98	217	44	46	13	37	16	22
MM_RS13800	MM_RS13800	330	376	151	140	68	125	38	85
MM_RS13805	MM_RS13805	69.934	214.891	92	85	44	73	51	55
MM_RS13810	MM_RS13810	38	95.875	57.182	51	14	23.975	18	23
MM_RS13815	MM_RS13815	17	55	42	22	7	22	20	24
MM_RS13820	MM_RS13820	19	27.967	46.112	34	3	5	6.066	24
MM_RS13825	MM_RS13825	21	32.014	36	23	2	18	11	21
MM_RS13830	MM_RS13830	28.016	33.208	82	50	10	23	21	51
MM_RS13835	MM_RS13835	33	66.231	165	101	14	35	52	91
MM_RS13840	MM_RS13840	960	1489.962	654	512	280	619	271	452
MM_RS13845	MM_RS13845	25	40	61	9	8	10	29	25
MM_RS13850	MM_RS13850	56	105	34	12	12	25	5	29
MM_RS13855	MM_RS13855	25	80	13	9	17	29	8	19
MM_RS13860	MM_RS13860	369.992	862.366	451.727	241	136	222	119	211
MM_RS13865	MM_RS13865	39	88.056	38	25	10	20	9	14
MM_RS13870	MM_RS13870	263.229	614.583	594	405	108	183	137	174
MM_RS13875	MM_RS13875	93	331.729	150.4	87	6	13	3	11
MM_RS13885	MM_RS13885	128.735	223.114	175	50	21	38	30	65
MM_RS13890	MM_RS13890	93	117	201	41	9	18	18	17
MM_RS13895	MM_RS13895	171	235	144	27	8	24	1	18
MM_RS13900	MM_RS13900	8.566	3.132	19	6	0	0	7	3
MM_RS13905	MM_RS13905	12.447	138.986	15.688	10.049	0	7.62	0	10.214
MM_RS13915	MM_RS13915	2.036	13.42	1.033	2	0	1.022	0	0
MM_RS13920	MM_RS13920	0	0	0	0	0	0	0	0
MM_RS13925	MM_RS13925	5	9.883	0	0	0	0	0	0
MM_RS13930	MM_RS13930	4	11	1	0	0	0	3	0
MM_RS13940	MM_RS13940	0	0	0	0	0	0	0	0
MM_RS13945	MM_RS13945	5	1	1	1	0	0	0	0
MM_RS13950	MM_RS13950	8.001	21.004	0	2	0	1	0	0
MM_RS13955	MM_RS13955	9.924	28	3	1	1	1	0	0
MM_RS13960	MM_RS13960	1.434	4.869	0	0	0	0	0	0
MM_RS13965	MM_RS13965	9.553	14.014	2.899	0	2	1.077	1	0
MM_RS13980	MM_RS13980	1	1	2.413	0	3	9.303	2	21.786
MM_RS13985	MM_RS13985	8.841	13.64	12.898	1	27	16	34	55.915
MM_RS13990	MM_RS13990	24.964	66.83	27.968	7	6	5.978	1	8
MM_RS14000	MM_RS14000	215.066	516.249	656.001	137	70	148	202	273
MM_RS14005	MM_RS14005	107	137.814	504.047	372	16	45	73	132
MM_RS14010	MM_RS14010	116	168.87	516	501	33	54	72	127
MM_RS14015	MM_RS14015	458.993	709.585	510	290	124	186	98	126
MM_RS14020	MM_RS14020	250	596.993	578	1047	23	95	48	74
MM_RS14025	MM_RS14025	94	170.739	117	58	11	17	32	19
MM_RS14030	MM_RS14030	97	320	176	169	16	45	29	33
MM_RS14035	MM_RS14035	336	840	483	215	107	160	106	91
MM_RS14040	MM_RS14040	326.577	764.634	757	361	117	206	95	141
MM_RS14045	MM_RS14045	151.726	377	266	146	52	84	100	140
MM_RS14050	MM_RS14050	98	231.995	360	203	12	31	28	61
MM_RS14055	MM_RS14055	218	336	1072	569	53	93	147	204
MM_RS14060	MM_RS14060	243.998	491.751	1332	525.181	92	208	322	490
MM_RS14065	MM_RS14065	321.034	864.123	625	499.008	78	151	109	103
MM_RS14070	MM_RS14070	276.084	733.962	359	288	75	212	83	114
MM_RS14075	MM_RS14075	95.134	177.743	186.268	114	22	68	49	80
MM_RS14080	MM_RS14080	163.079	367.999	173	98	30	54	32	40
MM_RS14085	MM_RS14085	56	104.384	158	32	18	30	26	52
MM_RS14090	MM_RS14090	642	906.213	1951	814	173	370	409	566
MM_RS14095	MM_RS14095	2555	4314	1065	636	168	464	138	149
MM_RS14100	MM_RS14100	170.933	282	111	74	13	16	32	10
MM_RS14105	MM_RS14105	569.762	1370.715	816	626.084	182	556.999	440	502.999
MM_RS14110	MM_RS14110	21	91	70	65	3	11	21	12
MM_RS14115	MM_RS14115	6.299	19.703	55.483	0	5	0	7	7.606
MM_RS14125	MM_RS14125	133	273.642	260.26	110	26	44.189	39	28
MM_RS14130	MM_RS14130	69.732	120	184.921	154	32.001	41	28	74
MM_RS14135	MM_RS14135	11.701	33.297	4.517	27	0	19	0	14.394
MM_RS14140	MM_RS14140	153	172	405	102	170	100	46	156
MM_RS14145	MM_RS14145	92	126	95	21	49	46	50	30
MM_RS14150	MM_RS14150	80	192.382	81	97	39	88	52	45
MM_RS14155	MM_RS14155	252.906	561.097	519.193	363	31	112	86	108
MM_RS14160	MM_RS14160	0	4	5	7	1	8	4	9
MM_RS14170	MM_RS14170	82	194.966	233	83	18	25	9	23
MM_RS14175	MM_RS14175	55.201	107.714	79	40	1	10	6	12
MM_RS14180	MM_RS14180	164.148	151	170	78	330	257	37	153
MM_RS14185	MM_RS14185	47.026	84	201	58	10	24	25	48
MM_RS14190	MM_RS14190	90	189	347	184	15	37	19	46
MM_RS14195	MM_RS14195	48.026	57.822	118	18	11	13	29	13.926
MM_RS14205	MM_RS14205	57.315	115.258	48	8	12	46	2	12
MM_RS14210	MM_RS14210	35	55	72	42	21	42	74	95
MM_RS14215	MM_RS14215	100.937	224.892	205.026	82	29	78	33	65
MM_RS14220	MM_RS14220	15.113	29.027	15	4	13	12	12	10
MM_RS14225	MM_RS14225	16	18	18	12	2	8	6	9
MM_RS14235	MM_RS14235	101.903	167.13	194.95	83.345	48.556	81.46	63	77
MM_RS14240	MM_RS14240	154.002	348.631	381	334	243	256.005	406	347
MM_RS14245	MM_RS14245	13	31	48	9	14	12	46	20
MM_RS14250	MM_RS14250	40.1	100.108	113	36	5	24	13	25
MM_RS14255	MM_RS14255	190.007	298.878	101.949	78	50	74	45	60
MM_RS14260	MM_RS14260	9	21	7	4	3	14	3	17
MM_RS14265	MM_RS14265	101	205.15	248	86	13	21	28	30
MM_RS14275	MM_RS14275	320.989	440.116	754.064	177	97	131	134	110
MM_RS14280	MM_RS14280	58.342	174.231	131	43	2	8	5	13
MM_RS14285	MM_RS14285	54.019	136.684	214.999	55	78	95	38	236
MM_RS14290	MM_RS14290	45	105.17	224	60	7	5	25	23
MM_RS14295	MM_RS14295	118.001	297.93	539	94	69	93	214	240
MM_RS14305	MM_RS14305	10	15	23	8	6	3	2	3
MM_RS14310	MM_RS14310	541.7	942.027	1547	395	358	543	469	605
MM_RS14315	MM_RS14315	78.979	123.556	198	33	44	46	63	55
MM_RS14320	MM_RS14320	13	14	15	4	2	7	0	1
MM_RS14325	MM_RS14325	219.397	321.992	565.96	233	20	54	41	50
MM_RS14330	MM_RS14330	41.972	155.759	95.221	24	7	12.356	13	9
MM_RS14335	MM_RS14335	24.897	25	48	10	4	11	3	9
MM_RS14340	MM_RS14340	28	32	47	8	9	18	8	3
MM_RS14345	MM_RS14345	106.645	235.04	325	184	12	20	33	20
MM_RS14350	MM_RS14350	13	27.534	55	13	2	0	1	0
MM_RS14355	MM_RS14355	176.491	205.999	129	30	40	78	34	23
MM_RS14360	MM_RS14360	461.35	702	127	70	102	163	24	46
MM_RS14365	MM_RS14365	56.001	84.5	24	19	13	43	11	23
MM_RS14370	MM_RS14370	19.959	52	23	16	23	40	41	23
MM_RS14375	MM_RS14375	118	380.429	787	770	7	48	34	82
MM_RS14385	MM_RS14385	625	937.153	372	238	1622	1110	457	1091
MM_RS14390	MM_RS14390	38	101	47	40	24	52	33	29
MM_RS14395	MM_RS14395	106	76	48	19	32	85	54	61
MM_RS14405	MM_RS14405	143	243	83	101	163	324	183	66
MM_RS14410	MM_RS14410	161	254.009	225	140	47	98	61	124
MM_RS14415	MM_RS14415	141	177.21	93	46.999	32	41	18	47
MM_RS14420	MM_RS14420	164	262.011	192	156	11	30	12	17
MM_RS14425	MM_RS14425	197	399.006	203	133	49	104	43	58
MM_RS14430	MM_RS14430	1219.85	2528.867	2964	3084.027	101	246	210	199
MM_RS14435	MM_RS14435	200	260.785	476	195	47	150	104	132
MM_RS14440	MM_RS14440	180	264	498	259	45	116	90	96
MM_RS14445	MM_RS14445	147	280	1730.985	894	14	42.842	50	185
MM_RS14450	MM_RS14450	247	335.09	458	200	216	497	440	590
MM_RS14455	MM_RS14455	32.995	113.937	77	65	14	31	16	39
MM_RS14460	MM_RS14460	153.769	211.052	927	250	36	77	145	151.978
MM_RS14465	MM_RS14465	473.983	862	2433	585	30	39	63	61
MM_RS14470	MM_RS14470	48	99	82	48	8	26	24	27
MM_RS14475	MM_RS14475	34	60.014	38	14	9	30	3	38
MM_RS14480	MM_RS14480	197.036	602.528	156	110	72	146	84.028	75
MM_RS14485	MM_RS14485	118	282.949	160	66.004	75	112	104	106
MM_RS14490	MM_RS14490	154.207	307	155	76	9	22	13	9
MM_RS14495	MM_RS14495	163.277	658.999	951	370	89	256	275	515
MM_RS14500	MM_RS14500	88	245	975.013	501	20	85	103	97
MM_RS14505	MM_RS14505	17	18	8.683	4	2	20	4	12
MM_RS14510	MM_RS14510	72.047	153.922	70.099	62	30	69	18	116
MM_RS14515	MM_RS14515	0	0	0	0	0	0	0	0
MM_RS14525	MM_RS14525	354.086	696	271	230	34	108	55	73
MM_RS14530	MM_RS14530	409.683	917.12	244	177	115	161	73	120
MM_RS14535	MM_RS14535	63	180.024	116.928	154	8	22	20	27
MM_RS14540	MM_RS14540	343.026	934	723	649	77	244	88	243
MM_RS14545	MM_RS14545	26	48.552	64.048	62.002	23	45.421	26	36
MM_RS14550	MM_RS14550	92.049	282.902	261.971	71	20.918	39	28	32
MM_RS14555	MM_RS14555	5	4	1	0	2	2	0	0
MM_RS14560	MM_RS14560	75	186	448	179	6	30	7	25
MM_RS14565	MM_RS14565	277.985	755.204	1156.647	359	52	150.008	91	138
MM_RS14570	MM_RS14570	496	867.999	703	462	64	152	59	68
MM_RS14575	MM_RS14575	30.899	44	73	23	7	19	17	48
MM_RS14580	MM_RS14580	65.073	224.103	70	39	15	113	29	51
MM_RS14585	MM_RS14585	81.559	264.879	194	76	16	35	11	15
MM_RS14590	MM_RS14590	476	1263.143	2058.013	1974	87	282	172	233
MM_RS14595	MM_RS14595	87.909	225.008	174.024	110	23	77	26	54
MM_RS14600	MM_RS14600	220	441.982	423.013	268	28	50	35	65
MM_RS14605	MM_RS14605	36	70	56	53	10	25	9	12
MM_RS14610	MM_RS14610	537	1177.955	561	573	117	213	98	137
MM_RS14615	MM_RS14615	49	68	507	174	9	44	209	65
MM_RS14620	MM_RS14620	382.688	753.644	974.02	750.002	57	97.13	787	144
MM_RS14625	MM_RS14625	117	218	235	358	45	67	289	77
MM_RS14630	MM_RS14630	744.608	2551.705	1258	1344.949	46	101	457	131
MM_RS14635	MM_RS14635	446	1008.959	567	1230	54	68	396	96
MM_RS14640	MM_RS14640	720.114	1933.979	1083	2879	80	142	346	161
MM_RS14645	MM_RS14645	1057	4499	316	454	292	592	571	224
MM_RS14650	MM_RS14650	83.476	307.984	121	115	39	175	74	109
MM_RS14655	MM_RS14655	15	17	10	8	13	27	12	35
MM_RS14665	MM_RS14665	6	21	11	15	9	42	17	31
MM_RS14675	MM_RS14675	684	1383.857	1763.994	1218	27	91	41	116
MM_RS14680	MM_RS14680	45.245	98.243	62.19	22	33	41	16	54
MM_RS14685	MM_RS14685	45.025	104.09	167	121	9	22.014	32	50
MM_RS14690	MM_RS14690	147	526	449	83	75	185	158	172
MM_RS14695	MM_RS14695	159	433	100	92	17	73	19	28
MM_RS14700	MM_RS14700	376.595	681.961	556	312	40	95	24	60
MM_RS14705	MM_RS14705	4346.634	6861.399	1850	819	226	502	245	288
MM_RS14715	MM_RS14715	1758.663	3622	4466	2728	411	803	802	856
MM_RS14720	MM_RS14720	91.99	84.334	0	0	0	0	28.592	153.47
MM_RS14730	MM_RS14730	142	266.184	195.001	87	124	224	146	205
MM_RS14735	MM_RS14735	72.002	135.483	150	73	33	66	59	78
MM_RS14740	MM_RS14740	42.998	139	166	35	15	46	33	38
MM_RS14745	MM_RS14745	36	76	72	31	3	8	2	5
MM_RS14750	MM_RS14750	197.047	324.042	274	81	37	100	96	146
MM_RS14755	MM_RS14755	22	28	63	29	6	9	53	20
MM_RS14760	MM_RS14760	167.006	605.336	475	156	42	150	69	206
MM_RS14765	MM_RS14765	137	256.324	166	52	33	52	40	39
MM_RS14770	MM_RS14770	60.024	224.081	207	70.001	13	25	16	37
MM_RS14775	MM_RS14775	147	236.24	130	53	7	8	9	7
MM_RS14780	MM_RS14780	120	312	409.002	321.077	9	35	22	21
MM_RS14785	MM_RS14785	54	103	246	59	14	30	26	66
MM_RS14790	MM_RS14790	347.05	510.219	262	106	220	400	126	147
MM_RS14795	MM_RS14795	23	108	152	23	15	18	9	11
MM_RS14800	MM_RS14800	50	201.275	827	83	24	62	45	77
MM_RS14805	MM_RS14805	72.913	259	61	53	12	65	5	13
MM_RS14810	MM_RS14810	60.004	208	37	13	12	45	3	7
MM_RS14815	MM_RS14815	136	311	430	112	52	105	70	69
MM_RS14820	MM_RS14820	57	73	87	58	6	22	20	30
MM_RS14825	MM_RS14825	22	47.609	71	65	11	15	45	52
MM_RS14830	MM_RS14830	17	58.107	16	27	24	126	23	81
MM_RS14835	MM_RS14835	59	227.405	126	41	10	29	23	22
MM_RS14840	MM_RS14840	61	819.991	57.02	37	4	44	17	7
MM_RS14845	MM_RS14845	44	206.009	89	59	19	39	24	7
MM_RS14855	MM_RS14855	117	277.782	245	374	10	59	26	22
MM_RS14860	MM_RS14860	39.438	25.472	135.556	5.089	6.35	3	4	4
MM_RS14865	MM_RS14865	80.925	120.843	127.113	49	17	27	12	53
MM_RS14870	MM_RS14870	30.864	44.157	59.887	66	5	11	3	43
MM_RS14880	MM_RS14880	550	1396.92	2162	1984	110	263	245	150
MM_RS14885	MM_RS14885	3	5	4	2	1	6	0	1
MM_RS14890	MM_RS14890	280	611	182	155	51	131	44	73
MM_RS14895	MM_RS14895	90	151	73	43	18	32	17	50
MM_RS14900	MM_RS14900	86	213	96	54	15	25	14	19
MM_RS14905	MM_RS14905	23	120	140	46	2	6	10	7
MM_RS14910	MM_RS14910	49.947	72.035	87	45	15	38	22	28
MM_RS14915	MM_RS14915	67	130.849	92	36	21	43	23	46
MM_RS14925	MM_RS14925	25	180	97	228	2	4	5	6
MM_RS14930	MM_RS14930	174	684.007	189	83	47	283	93	114
MM_RS14935	MM_RS14935	78	120.04	77	41	28	57	64	62
MM_RS14940	MM_RS14940	114.005	208.209	158	121	28	71	69	73
MM_RS14945	MM_RS14945	291.432	707.944	568	473	52	133	110	127
MM_RS14955	MM_RS14955	10	13	9	1	7	4	4	3
MM_RS14960	MM_RS14960	13.508	45.596	45.996	7	7	17	4	11
MM_RS14965	MM_RS14965	63	83	156	31	14	14	6	17
MM_RS14970	MM_RS14970	24	31.005	24	9	14	22	15	11
MM_RS14975	MM_RS14975	67.977	196.878	64.03	38	17	32.006	10	25
MM_RS14980	MM_RS14980	194	283	92	52	45	87	5	35
MM_RS14985	MM_RS14985	584	1193.056	680	282	221	419	193	326
MM_RS14990	MM_RS14990	1200	3448	5396	390	167	346	262	64
MM_RS14995	MM_RS14995	50	101	192	68	8	38	20	43
MM_RS15000	MM_RS15000	23.002	51	203.983	81	8	9	5	22
MM_RS15010	MM_RS15010	150	433	826	774	19	45	54	114
MM_RS15015	MM_RS15015	117	376	288.405	219	28	65	81	145
MM_RS15020	MM_RS15020	36	100.004	78	19	10	28	10	5
MM_RS15025	MM_RS15025	64	128	80	54	5	16	3	7
MM_RS15030	MM_RS15030	38	67.526	98	41	3	6	24	8
MM_RS15040	MM_RS15040	42.922	127.591	27	9	0	2	1	5
MM_RS15045	MM_RS15045	164	235	111	88	93	169	133	85
MM_RS15050	MM_RS15050	1596.447	2804.169	1379.613	1234.441	316	710	119.843	166
MM_RS15065	MM_RS15065	22	58.194	56.631	15	6	7	2	28
MM_RS15080	MM_RS15080	0	27.644	19.722	0	0	0	0	0
MM_RS15085	MM_RS15085	144.724	256.376	149.506	65.135	89.849	105.217	54.352	127.421
MM_RS15090	MM_RS15090	21.019	88.363	51.664	22	12	27	17	30
MM_RS15095	MM_RS15095	546.189	615.399	106	71	42	84.009	13	14
MM_RS15100	MM_RS15100	264	554.037	290	196	63	99	61	85
MM_RS15105	MM_RS15105	790	1745.725	2188.465	1670	82	299	220	225
MM_RS15110	MM_RS15110	360.12	1135.906	725.21	321	107	146.127	157.302	169
MM_RS15115	MM_RS15115	277.065	840.292	405.097	396.515	51	134.452	87.163	103
MM_RS15120	MM_RS15120	13	48	36	13	5	16	9	15
MM_RS15125	MM_RS15125	33	139.059	115	30	28	29	12	33
MM_RS15130	MM_RS15130	130.837	217	304	282	26	32	39	59
MM_RS15140	MM_RS15140	443.877	1283.074	605.852	273.359	69.233	187.029	75.154	118.333
MM_RS15145	MM_RS15145	74.691	155.898	50.066	32.637	23.767	35.97	26.845	33.666
MM_RS15150	MM_RS15150	440.497	2074.127	272.796	99.762	16	47.031	41.002	5
MM_RS15155	MM_RS15155	134	525	146	166	18	56	25	24
MM_RS15160	MM_RS15160	137	403	471	359	15	31	15	33
MM_RS15165	MM_RS15165	38	61	16.062	12	30	74	26	30
MM_RS15170	MM_RS15170	334.09	763.259	523.507	287	158	159	150	154
MM_RS15175	MM_RS15175	47	102	61	30	23	29	37	33
MM_RS15180	MM_RS15180	470	1286	375	282	49	88	46	43
MM_RS15185	MM_RS15185	19.991	52	205	70	8.001	32.009	41.001	54.009
MM_RS15190	MM_RS15190	12	44	72	27	4	20	35	44
MM_RS15210	MM_RS15210	789.075	1474.01	758	2073	198	366	195	262
MM_RS15215	MM_RS15215	140	178	78	30	81	192	50	107
MM_RS15225	MM_RS15225	130	362.295	779	205	49	153	135.238	170
MM_RS15230	MM_RS15230	140	416.189	203	215.972	44	121	72	74
MM_RS15235	MM_RS15235	50.764	140	32	20	4	24	0	10
MM_RS15240	MM_RS15240	67	180.021	242	151	14	55	45	58
MM_RS15245	MM_RS15245	61	80.007	140.979	62	15	8	29	18
MM_RS15250	MM_RS15250	58	144	43	35	5	20	10	4
MM_RS15255	MM_RS15255	505.825	838.799	990.927	664.012	98.961	233	104	200
MM_RS15260	MM_RS15260	67	150.466	105.997	77.365	23	35	29	54
MM_RS15265	MM_RS15265	165	221.508	171	70	65	79	14	47
MM_RS15270	MM_RS15270	56	99	100	61	16	31	22	41
MM_RS15275	MM_RS15275	674.271	1554.309	386.209	2362.64	452.043	1416.744	309.027	1079.475
MM_RS15280	MM_RS15280	318	698.977	350	290	17	96	58	48
MM_RS15285	MM_RS15285	342	720	217	118	106	306	112	147
MM_RS15290	MM_RS15290	29	72.023	88	24	3	22	3	18
MM_RS15295	MM_RS15295	14	24	46	13	1	3	6	6
MM_RS15300	MM_RS15300	37	89.01	238	26	13	18	35	34
MM_RS15305	MM_RS15305	63.094	68.831	28.484	27	23	36.034	59.67	39
MM_RS15310	MM_RS15310	87	224.993	143.586	159	11	18	17	15
MM_RS15315	MM_RS15315	421.426	780.404	1262.924	973.745	119.846	190.758	354.412	600.533
MM_RS15320	MM_RS15320	284	1038	1059	792	935.972	2076	1074	1533
MM_RS15325	MM_RS15325	774	1313	1114	560	397	608	562	517
MM_RS15330	MM_RS15330	909	2126	1492	326	145	413	226	267
MM_RS15335	MM_RS15335	432.365	1017	668	182	95	144	70	47
MM_RS15340	MM_RS15340	137.359	430.144	326	335.746	27	99	30	97
MM_RS15345	MM_RS15345	54.976	455.083	602	92	10	26.5	28	26
MM_RS15350	MM_RS15350	382.981	962.337	521	449	25	71.5	49	103
MM_RS15355	MM_RS15355	1051.244	1435.503	1223.741	814.119	392.737	661.94	334.851	616.202
MM_RS15360	MM_RS15360	676.019	1012	413	286	267	605	204	308
MM_RS15365	MM_RS15365	122.614	224.819	229.014	133.493	225	147.129	251	616
MM_RS15375	MM_RS15375	210	394.949	100	70	58	87	57	56
MM_RS15380	MM_RS15380	398.083	894.413	340.855	183	153	417	128	200
MM_RS15400	MM_RS15400	31.216	66.179	360.462	59.769	7.797	42.894	25.028	19.314
MM_RS15405	MM_RS15405	308.536	562.606	1228.264	1700.833	51.348	275.16	195.16	593.11
MM_RS15415	MM_RS15415	31	71	158	53	25	26	27	27
MM_RS15420	MM_RS15420	209.146	294.313	193.259	179.881	65.263	146.06	70.149	178.797
MM_RS15425	MM_RS15425	141	255	88	48	48	107	43	54
MM_RS15435	MM_RS15435	644	1217.117	2869	2259	162	610	515	637
MM_RS15440	MM_RS15440	188	328.062	560.027	301	126	363	380	782
MM_RS15450	MM_RS15450	109	146	171	27	53	88	6.003	30
MM_RS15455	MM_RS15455	293.577	630.02	499	533	58	138	76	121
MM_RS15460	MM_RS15460	178.511	623.293	447	140	25	61	23	34
MM_RS15465	MM_RS15465	81.525	165	121	64	15	11	13	11
MM_RS15470	MM_RS15470	57	113.004	71	33	8	19	6	18
MM_RS15475	MM_RS15475	68.827	110.034	377.083	247	17	31.232	180	180
MM_RS15485	MM_RS15485	39	77.885	386	277	12	31	72	116
MM_RS15490	MM_RS15490	75	137.002	305	201	22	42	57	103
MM_RS15500	MM_RS15500	232.112	421	626	638	56	141	177	217
MM_RS15505	MM_RS15505	31.998	66.639	58	15	5	13	2	14
MM_RS15510	MM_RS15510	11.611	42	33	2	10	9	3	4.002
MM_RS15515	MM_RS15515	35	62	81	15	5	7	5	4
MM_RS15520	MM_RS15520	138.513	381.22	718	101	15	31	58	45
MM_RS15525	MM_RS15525	24	441	147	65	6	101	23	13
MM_RS15540	MM_RS15540	115	199.275	112	38	58	115	31	66
MM_RS15550	MM_RS15550	158	319.81	131	105	41	58	29	16
MM_RS15555	MM_RS15555	66.409	158.968	64	20	2	11	2	16
MM_RS15560	MM_RS15560	275	548.001	366	84	26	52	7	35
MM_RS15565	MM_RS15565	86	129	152	84	7	17	30	16
MM_RS15570	MM_RS15570	6.001	9.033	2	1	0	0	0	1
MM_RS15575	MM_RS15575	35	96.225	152	71	5	11	4	12.003
MM_RS15580	MM_RS15580	107.575	260.456	335	90	18	86	90	94
MM_RS15585	MM_RS15585	270.414	591.854	602.026	202.55	40.794	76.527	58.885	64.663
MM_RS15590	MM_RS15590	68.372	259.168	285.974	85.45	18.206	46.473	68.115	67.337
MM_RS15595	MM_RS15595	70	110	47	9	17	25	17	33
MM_RS15610	MM_RS15610	274.965	664.21	321	200	80	259	108	157
MM_RS15615	MM_RS15615	280.574	697.083	329.466	258.982	61.001	184	81	161
MM_RS15620	MM_RS15620	289	312	516	244	44	92	146	193
MM_RS15625	MM_RS15625	85.391	308.528	103.017	78.009	4	9.96	4	11
MM_RS15630	MM_RS15630	11	19	20	9	0	0	3	1
MM_RS15640	MM_RS15640	42	121.835	687	142.005	3	11.388	57	63
MM_RS15645	MM_RS15645	147.004	298	425	350.001	265.73	376.049	203	481.004
MM_RS15650	MM_RS15650	17.416	32	17	14	5	15	8	18
MM_RS15655	MM_RS15655	48.001	57.006	47	25	12	16	11.004	20
MM_RS15660	MM_RS15660	38	137	121	49	10	19	14	19
MM_RS15665	MM_RS15665	485.319	1200.105	1434	975.998	66	185	134	209
MM_RS15670	MM_RS15670	61	96.059	37.08	18	17	22	11	21
MM_RS15675	MM_RS15675	152	416.993	300	264	787	2521	820	1592
MM_RS15680	MM_RS15680	104	243.823	347	164	32	50	100	148
MM_RS15685	MM_RS15685	237	415.287	394	378	67	119	181	303
MM_RS15690	MM_RS15690	173.552	297.999	1186	772	56	88	325	796
MM_RS15695	MM_RS15695	133.005	186.066	762	694	44	62	518	667
MM_RS15700	MM_RS15700	58	120.609	650	800	22	40	133	361
MM_RS15705	MM_RS15705	169	605.737	524	373	103	218	374	287
MM_RS15710	MM_RS15710	487.975	978	616	407	126	246	158	188
MM_RS15715	MM_RS15715	266	846.483	992.102	1109	78	172	222	361
MM_RS15720	MM_RS15720	676.977	1211.903	762	636.651	172	413	123	431
MM_RS15725	MM_RS15725	189.964	383	525	542	69	107	101	260
MM_RS15730	MM_RS15730	197	432.152	584	520	54	97	131	163
MM_RS15735	MM_RS15735	338.106	513.511	1438.989	737	106	208	531	532
MM_RS15740	MM_RS15740	2839	6985.855	5065	2931	431	1399	711	1976
MM_RS15745	MM_RS15745	1633	4115.036	21148	24474	333	784	1835	3729
MM_RS15750	MM_RS15750	187.999	358.562	544	307	43	96	75.001	129
MM_RS15755	MM_RS15755	34.007	73.581	97.979	33.091	9	47	6	46
MM_RS15760	MM_RS15760	66.913	137.22	190.547	46.989	16	13.99	31.362	41.209
MM_RS15765	MM_RS15765	81	203.43	163	93	21	42	17	38
MM_RS15770	MM_RS15770	68	135.168	90	44	13	40	9	22
MM_RS15780	MM_RS15780	36	35	39.041	30	6	22	2	7
MM_RS15785	MM_RS15785	187	476	147	93	38	73	39	41
MM_RS15790	MM_RS15790	133	135.35	148	96	40	72	124	104
MM_RS15795	MM_RS15795	4	22	33	6	12	13	12	24
MM_RS15800	MM_RS15800	56.503	87.995	178	20.357	0	24.685	29.313	38.992
MM_RS15805	MM_RS15805	233.814	1458.482	573	242.329	157	379.047	344	769.094
MM_RS15810	MM_RS15810	51	81.025	81.104	33	28	36	39	62
MM_RS15815	MM_RS15815	7.069	8	53	8	0	2	1	3
MM_RS15820	MM_RS15820	113.112	208.337	1313	522	49.954	105	262	315
MM_RS15825	MM_RS15825	184	170.759	2421	487	40	58	191	217
MM_RS15830	MM_RS15830	143	157	1501	407.95	33	59	156	248
MM_RS15835	MM_RS15835	90	90	818	293	49	89	212	422
MM_RS15840	MM_RS15840	209.017	238	1479	729	135	184	603	904
MM_RS15845	MM_RS15845	75	96	57	29	11	15	30	30
MM_RS15855	MM_RS15855	72	162	62	37	20	41	28	50
MM_RS15870	MM_RS15870	12.972	31	29	8	6	5	0	2
MM_RS15875	MM_RS15875	36.129	69.417	109.344	22.013	14.114	31	22	49
MM_RS15880	MM_RS15880	31	61	107	21	12	20	17	28
MM_RS15885	MM_RS15885	4	24.001	31	2	1	7	8	6
MM_RS15895	MM_RS15895	196.547	499.798	555	557	47	99	82	89
MM_RS15900	MM_RS15900	34.324	57.005	89	72	12	32	12	22
MM_RS15905	MM_RS15905	298.023	742	632.083	922	38	64	61	62
MM_RS15910	MM_RS15910	205.126	401	152	122	34	95	52	85
MM_RS15920	MM_RS15920	17.794	46.002	47	17	5	6	11	12
MM_RS15935	MM_RS15935	23	58	80	44	15	55	24	47
MM_RS15940	MM_RS15940	75.251	197.393	110	61	97	197	62	214
MM_RS15945	MM_RS15945	30	78	91	126	3	26	18	38
MM_RS15950	MM_RS15950	72.249	131.542	213	130	14	42	12	33
MM_RS15955	MM_RS15955	221.976	585	258	132	79	360	118	301
MM_RS15960	MM_RS15960	34	57	86	39	18	34	35	46
MM_RS15965	MM_RS15965	38	71.997	46	23	2	11	1	2
MM_RS15970	MM_RS15970	12	2	5	1	6	4	5	2
MM_RS15975	MM_RS15975	10.982	18	12	2	1	4	5	10
MM_RS15980	MM_RS15980	52.001	112.001	121.014	73	16	61	33	50
MM_RS15985	MM_RS15985	35	111.188	49	25	10	26	3	12
MM_RS15990	MM_RS15990	71	231	153	33	21	44	29	21
MM_RS15995	MM_RS15995	470.701	901.549	2089.745	723	103	255	259	295
MM_RS16000	MM_RS16000	64	81.999	310	207	9	17	38	50
MM_RS16005	MM_RS16005	203.891	433	163	175	23	74	29	29
MM_RS16010	MM_RS16010	92	286.008	147	73	130	211	55	168
MM_RS16015	MM_RS16015	371	849.367	406	262	347	394	368	429.999
MM_RS16020	MM_RS16020	283.908	530.009	615.233	324.051	17	73	21	48
MM_RS16025	MM_RS16025	112	189.847	66	33	39	74	35	46
MM_RS16030	MM_RS16030	52	117.916	130	56	9	21	16	31
MM_RS16040	MM_RS16040	360	1168.999	417	544	36	105	33	60
MM_RS16045	MM_RS16045	34.021	139.258	38	13	7	12.962	9	11
MM_RS16050	MM_RS16050	152.019	274.151	77	70	14	53	17	33
MM_RS16055	MM_RS16055	308	927.111	662	431	99	222	262	319
MM_RS16060	MM_RS16060	32	44	45	18	19	23	15	14
MM_RS16070	MM_RS16070	43.362	77.467	74	68	0	4	3	6
MM_RS16075	MM_RS16075	102	242.893	138	42	39	74	38	75
MM_RS16080	MM_RS16080	41.349	79.05	122	43	19	21	32	45
MM_RS16090	MM_RS16090	4495	12165.998	286	465	209	1106	56	43
MM_RS16095	MM_RS16095	122	796.375	56	26	53	169	27	34
MM_RS16100	MM_RS16100	531	1266	268	166	101	237	97	66
MM_RS16105	MM_RS16105	261.313	407.459	498	136	44	135.001	71	88
MM_RS16110	MM_RS16110	350	1872	108	204	1141	2331	419	617
MM_RS16115	MM_RS16115	377.086	8253	191	194	94	801	78	87
MM_RS16125	MM_RS16125	417	1330	302	217	121	264	93	109
MM_RS16130	MM_RS16130	323.985	537.421	387.94	284	141	330	177	366
MM_RS16135	MM_RS16135	175	370.899	271	283	31	50	46	58
MM_RS16140	MM_RS16140	486	777.704	1363.996	861	240	522	402	1130.95
MM_RS16145	MM_RS16145	40.303	136	131	42	9	48	30	59
MM_RS16150	MM_RS16150	102	900	220	224	113	592	94	253
MM_RS16155	MM_RS16155	346	3703	917	2491	19	406	92	123
MM_RS16160	MM_RS16160	69	344.125	126	79.162	17	88	31	67
MM_RS16165	MM_RS16165	40	102.164	85	31	7	18	5	12
MM_RS16170	MM_RS16170	201	483	599	205	252	337	441	431
MM_RS16175	MM_RS16175	1490	2935.977	2814.964	895.787	490	858	835	671
MM_RS16180	MM_RS16180	626	1097	565	675	55	170	76	87
MM_RS16185	MM_RS16185	71.999	195	286	195	19	33	76	60
MM_RS16190	MM_RS16190	122	185.008	165.909	60	51	100	57	76
MM_RS16195	MM_RS16195	260	260.992	230	48	23	64	15	40
MM_RS16200	MM_RS16200	148.384	343.71	453	219	39	60	62	79
MM_RS16205	MM_RS16205	14	30	29	13	16	39	82	127
MM_RS16210	MM_RS16210	99.62	201.011	175	97	13	28	14	11
MM_RS16215	MM_RS16215	184	347.015	55	51	8	25	0	8
MM_RS16220	MM_RS16220	500	785	3129	467	149	326	123	296
MM_RS16225	MM_RS16225	2502.704	2103.874	3231	791	618	658	195	274
MM_RS16230	MM_RS16230	125	269.078	81	52	11	30.764	3	15
MM_RS16235	MM_RS16235	41	188	101	23	11	46	20	31
MM_RS16240	MM_RS16240	126.998	253	925	237	14	28	34	36
MM_RS16245	MM_RS16245	86.006	122	122	73	11	17	21	22
MM_RS16250	MM_RS16250	175	403.082	274	94	12	65	15	17
MM_RS16255	MM_RS16255	85.993	164.784	119	42	33	73	55	79
MM_RS16260	MM_RS16260	10	4.06	10.861	1.128	0	2	3	3.007
MM_RS16265	MM_RS16265	206	294	289	75	57	93	42	85
MM_RS16270	MM_RS16270	92	69	260	171	9	14	37	72
MM_RS16275	MM_RS16275	31	72	73	33	10	12	12	6
MM_RS16280	MM_RS16280	27	92	222	52	1	10	6	15
MM_RS16285	MM_RS16285	91	450.201	669	117	15	78	52	86
MM_RS16290	MM_RS16290	130.886	317.818	255	86	58	117	94	150
MM_RS16295	MM_RS16295	16	196	108	31	7	32	19	20
MM_RS16300	MM_RS16300	42	110.103	204	54	10	49	22	38
MM_RS16305	MM_RS16305	237	376.552	320	176	33	45	46	71
MM_RS16310	MM_RS16310	38.968	90.99	221	191	27	40	40	81
MM_RS16315	MM_RS16315	79.489	138.521	374	153.029	13	18	62	71
MM_RS16320	MM_RS16320	133	374	43	10	16	66	21	24
MM_RS16325	MM_RS16325	94	156	75	26.255	5	16	8	14
MM_RS16330	MM_RS16330	897	2308	960	527	182	255	82	136
MM_RS16335	MM_RS16335	132.006	164	87	34	52	69	46	33
MM_RS16340	MM_RS16340	490	773.758	634	616	113	248.004	216	216
MM_RS16350	MM_RS16350	40.614	165	41.999	30	27	14	17	29
MM_RS16355	MM_RS16355	294	531.47	455	386	55	169	91	100
MM_RS16360	MM_RS16360	1	1	1	3	3	4	4	2
MM_RS16365	MM_RS16365	6.303	28.073	10.461	12.146	10	16	0	11.084
MM_RS16370	MM_RS16370	160.001	326.048	189.075	158	10	51	20	37.022
MM_RS16375	MM_RS16375	266.933	489.987	501	219	40	88	73	47
MM_RS16380	MM_RS16380	195	403	316	103	42	87	31	38
MM_RS16385	MM_RS16385	1605	2664.263	1885.255	824	208	459	192	296
MM_RS16390	MM_RS16390	0	12	2	1	1	2	0	4
MM_RS16395	MM_RS16395	98.097	250.457	132.36	53	17	81	10	49
MM_RS16405	MM_RS16405	15	14	14	1	4	6	5	9
MM_RS16410	MM_RS16410	11	30	11	9	4	12	3	19
MM_RS16415	MM_RS16415	89	110	80	48	58	156	48	148
MM_RS16420	MM_RS16420	1184	1648	878	793	469	586	413	441
MM_RS16425	MM_RS16425	59	113.788	188.083	40	10	23	20	13
MM_RS16430	MM_RS16430	12.176	37	28	10	1	11	2	11
MM_RS16440	MM_RS16440	0	69.008	61.074	209.948	0	0	0	35.696
MM_RS16450	MM_RS16450	15	42	17	3	3	12	0	1
MM_RS16455	MM_RS16455	58.411	181.096	79	30	20	39	34	40
MM_RS16465	MM_RS16465	17	50.908	55	16	6	5	13	8
MM_RS16470	MM_RS16470	495	1117	879	763	173	474	122	326
MM_RS16475	MM_RS16475	331.236	533.776	687.428	152.536	495.483	326.102	0	1184.324
MM_RS16485	MM_RS16485	311	693.296	407	239	180.84	746	195	408
MM_RS16490	MM_RS16490	68	121	110	63	14	31	40	38
MM_RS16495	MM_RS16495	20	47.992	48	12	29	60	66	112
MM_RS16500	MM_RS16500	41	90	98	21	15	46	27	42
MM_RS16505	MM_RS16505	42	99	163	34	11	25	5	18
MM_RS16510	MM_RS16510	171.181	395	275	178	24	45	35	20
MM_RS16515	MM_RS16515	27	46.013	34	13	17	45	22	54
MM_RS16520	MM_RS16520	320.999	718	268	200	114	221	108	151
MM_RS16525	MM_RS16525	29947.999	93820.999	2959.986	1362	2852	8606	669	1173
MM_RS16530	MM_RS16530	180.696	404.96	1163	286	26	72	67	50
MM_RS16535	MM_RS16535	233	522.392	1664.841	991	71	159	155	169
MM_RS16540	MM_RS16540	54	66	337	104	9	21	58	46
MM_RS16545	MM_RS16545	221.071	368.232	1448.976	680	42	85	132	187
MM_RS16550	MM_RS16550	207.892	385.981	2211.865	1554	29	72	107	214
MM_RS16560	MM_RS16560	418.138	1417.731	802.104	475.047	57	181.975	72	140
MM_RS16565	MM_RS16565	17	36	32	22	13	31	23	14
MM_RS16570	MM_RS16570	720.617	1321.998	497	681	160	381.006	101	148
MM_RS16575	MM_RS16575	7677	7776.336	20050	10287	440	1653	678	387
MM_RS16580	MM_RS16580	191	214	347	101	23	52	70	67
MM_RS16585	MM_RS16585	171	643.027	891	378	30	103	106	100
MM_RS16590	MM_RS16590	23	51	116	54	6	24	21	37
MM_RS16595	MM_RS16595	4.012	10	7	4	1	3	6	3
MM_RS16600	MM_RS16600	27.942	123.082	162.247	39	9	20	24	23.001
MM_RS16605	MM_RS16605	335	723.973	3090	1315	155	263	601	774
MM_RS16610	MM_RS16610	184.163	708.897	1958.904	475	44	193	327	532
MM_RS16615	MM_RS16615	0	0	3	0	0	1	1	0
MM_RS16620	MM_RS16620	0	0	0	0	0	0	1	1
MM_RS16625	MM_RS16625	21.999	23.024	7.085	1	0	2	3	0
MM_RS16630	MM_RS16630	789	2268.305	1385	1335	274	722	243	647
MM_RS16635	MM_RS16635	49.908	152.93	146.083	58	9	13	16	17
MM_RS16640	MM_RS16640	1	4	3	2	0	1	0	0
MM_RS16645	MM_RS16645	76	89	67	42	5	19	10	8
MM_RS16650	MM_RS16650	128.967	207.254	458	203	37	102	103	216
MM_RS16655	MM_RS16655	22.811	64.58	26	31	3	10	6	3
MM_RS16660	MM_RS16660	19.971	23.757	45	25	1	7	2	9
MM_RS16665	MM_RS16665	114	152.151	322	276	27	25	25	75.05
MM_RS16670	MM_RS16670	10	46	41	17	0	5	9	12
MM_RS16675	MM_RS16675	251.169	540.968	1131.927	581	44	100	148	164
MM_RS16680	MM_RS16680	25.887	93.661	71	25	2	16	12	20
MM_RS16685	MM_RS16685	6	17.647	127	42	19	17	25	30
MM_RS16695	MM_RS16695	1286.226	3994.006	367	168	228	535	9.274	37
MM_RS16700	MM_RS16700	224	638	765	1217	27	127	55	123
MM_RS16705	MM_RS16705	51.401	104.803	48	16	5	18.155	10	4
MM_RS16715	MM_RS16715	17.071	44.973	15.003	4	2	1	2	1
MM_RS16720	MM_RS16720	35	143.125	172	57	15	45	83	69
MM_RS16725	MM_RS16725	28.982	57	40	8	16	22	16	22
MM_RS16730	MM_RS16730	16	28	29	9	7	7	9	7
MM_RS16735	MM_RS16735	124.003	242.008	115	43	39	96	47	86
MM_RS16740	MM_RS16740	37	85	89	76	29	66	54	132
MM_RS16745	MM_RS16745	74.963	115.252	270	137	5	12	10	26
MM_RS16750	MM_RS16750	49	112.395	41	12	6	5	18	4
MM_RS16760	MM_RS16760	50	157.191	101	24	26	50	13	29
MM_RS16765	MM_RS16765	14	23	20	11	24	46	11	18
MM_RS16770	MM_RS16770	47.673	100.854	31	11	6	19	19	20
MM_RS16775	MM_RS16775	11	17	21	5	3	4	0	1
MM_RS16790	MM_RS16790	419.637	1069	2501	498	155	438	281	294
MM_RS16795	MM_RS16795	269	568.281	1439	532	107	249	301	247
MM_RS16800	MM_RS16800	149	449	342	91	26	72	36	46
MM_RS16805	MM_RS16805	0	3	2	0	0	1	0	4
MM_RS16810	MM_RS16810	118.307	289.782	662	401	14	59	119	329
MM_RS16815	MM_RS16815	116	164.997	538	190	9	18	8	32
MM_RS16830	MM_RS16830	25.723	42.09	77.679	20	10.543	10.861	5	17.218
MM_RS16835	MM_RS16835	39.299	95.002	40	23	9	6	3	7
MM_RS16840	MM_RS16840	35.997	87.999	72.682	38	7	24	5	30
MM_RS16845	MM_RS16845	10.28	16.874	7.326	0	3.457	2.139	0	5.782
MM_RS16850	MM_RS16850	11	25.008	3.146	5	1	5	0	2
MM_RS16855	MM_RS16855	262	835	799.753	287	270	836	263	856
MM_RS16860	MM_RS16860	330.669	1246.505	684.172	343.011	122.005	179.119	181.996	347
MM_RS16865	MM_RS16865	0	52.649	61.304	210.601	0	18.507	0	35.682
MM_RS16875	MM_RS16875	54	98	236	49	20	41	58	83
MM_RS16880	MM_RS16880	84	106	165	44	21	29	14	42
MM_RS16885	MM_RS16885	27	23.024	92.139	24.872	4	5	5	14.993
MM_RS16890	MM_RS16890	59.994	124.136	45	38	5	10	0	12
MM_RS16895	MM_RS16895	7	18.367	5	0	0	0	0	2
MM_RS16900	MM_RS16900	5	27.246	7.521	3	0	0	1	1
MM_RS16905	MM_RS16905	76.201	121.929	76	31	13	38	23	64
MM_RS16910	MM_RS16910	40	73.991	52	30	11	31	13	34
MM_RS16915	MM_RS16915	316.004	1188.51	477	643	47	110	41	101
MM_RS16920	MM_RS16920	91	166	75	42	36	98	14	42
MM_RS16925	MM_RS16925	31	67.712	117	59	15	22	31	51
MM_RS16930	MM_RS16930	42	102.822	112.454	32	21	58	29	62
MM_RS16935	MM_RS16935	79.467	115.022	158	49	35	38	50	35
MM_RS16940	MM_RS16940	32	88	19	9	125	244	44	114
MM_RS16945	MM_RS16945	39	52.425	30	17	18	22	3	13
MM_RS16950	MM_RS16950	162.412	608	498	210	30	78	34	50
MM_RS16955	MM_RS16955	47	260	152	77	16	32	15	34
MM_RS16960	MM_RS16960	288.559	451	640.911	433	33	50	29	55
MM_RS16970	MM_RS16970	0	2	1	0	0	1	0	3
MM_RS16975	MM_RS16975	331.862	689.002	308	245	81	192	85.87	114
MM_RS16980	MM_RS16980	42	133	55	8	32	49	3	31
MM_RS16990	MM_RS16990	305.86	693.052	975	382	46	77.898	242	136
MM_RS16995	MM_RS16995	157.043	293.118	328	125	24	61	112	129
MM_RS17000	MM_RS17000	64	143.039	261	118	29	52	116	133
MM_RS17010	MM_RS17010	259	801.009	655.996	223	70	178	117	182
MM_RS17015	MM_RS17015	284	472.837	344	225	62	152	115	109
MM_RS17020	MM_RS17020	110	166	152	74	68	135	102	165
MM_RS17025	MM_RS17025	50	200	151	124	5	11	13	14
MM_RS17030	MM_RS17030	265	472.134	867	251	69	166	155	190
MM_RS17035	MM_RS17035	254.151	575.789	256.779	143	54	119	53	62.998
MM_RS17045	MM_RS17045	36.001	80	122	38	11	36	33	40
MM_RS17050	MM_RS17050	187.079	370.785	210.218	66	47	58	50	58
MM_RS17055	MM_RS17055	36	106	73	34	8	24	16	16
MM_RS17060	MM_RS17060	620	1140	1056	660	79	153	193	210
MM_RS17065	MM_RS17065	152.958	236.144	314	97	146	135	406	253
MM_RS17070	MM_RS17070	535	1282.941	329	277	39	136	42	64
MM_RS17075	MM_RS17075	25	67	38	15	26	21	14	29
MM_RS17085	MM_RS17085	381	765.83	1166.999	720	87	228	237	201
MM_RS17090	MM_RS17090	141.678	266.486	669	294	39	106	74	154
MM_RS17095	MM_RS17095	77.003	150.246	299.628	92.981	28	80	48	111
MM_RS17100	MM_RS17100	389.049	885.008	711.919	583	89	238	78	150
MM_RS17105	MM_RS17105	138	247	80	64	20	38	8	18
MM_RS17110	MM_RS17110	334	437.099	107	69	112	288	47	69
MM_RS17120	MM_RS17120	149.029	437.659	677.185	245	104	179.989	230	272
MM_RS17125	MM_RS17125	51	121	70	61	5	22	23	24
MM_RS17135	MM_RS17135	75	263.11	567.045	173	62	114	109	209
MM_RS17140	MM_RS17140	110.007	320.562	564	181	55.995	124	154	160
MM_RS17145	MM_RS17145	67	216.1	203	136	5	14	14	17
MM_RS17150	MM_RS17150	76	176	643	213	22	50	72	42
MM_RS17155	MM_RS17155	270.166	530.045	2883	1169	77	163	425	346
MM_RS17160	MM_RS17160	466.063	478.202	1048.002	640	81	175	106	248
MM_RS17165	MM_RS17165	64	89	79	23	55	88	25	77
MM_RS17170	MM_RS17170	133	439.003	93.029	42	23	49	3	17
MM_RS17175	MM_RS17175	38	93	91	72	8	27	32	65
MM_RS17180	MM_RS17180	246.996	472	378.997	828	53	253	122	151
MM_RS17185	MM_RS17185	98.013	293	141	83	11	43	10	9
MM_RS17190	MM_RS17190	380	679.001	569	137	109	120.994	87	60
MM_RS17195	MM_RS17195	184	302	203	66	27	67	43	62
MM_RS17200	MM_RS17200	58	127.072	64	16	5	23	7	16
MM_RS17205	MM_RS17205	138	616	503	213	32	77	52	77
MM_RS17210	MM_RS17210	48	125	64	24	13	9	14	23
MM_RS17220	MM_RS17220	518	641.344	332	167	134	397	138	172
MM_RS17225	MM_RS17225	148.006	443.248	215	185	26	63	11	46
MM_RS17230	MM_RS17230	67	148	135	80	42	55	17	72
MM_RS17235	MM_RS17235	11	24.01	37	25	3	9	15	23
MM_RS17240	MM_RS17240	17.909	49	32	44	21	39	34	104
MM_RS17245	MM_RS17245	7	24	37	62	8	22	15	40
MM_RS17250	MM_RS17250	57	102	141	329	17	34	12	81
MM_RS17255	MM_RS17255	60	123	118	147	36	83	74	178
MM_RS17260	MM_RS17260	95.982	154.879	165.121	173	34	57	41	131
MM_RS17265	MM_RS17265	192	241.01	208	93	99	166	91	98
MM_RS17270	MM_RS17270	314	680.412	434	227	69	157	40	109
MM_RS17275	MM_RS17275	121	240.987	94.001	76	62	70	20	45
MM_RS17280	MM_RS17280	11	35	12	9	32	28	4	16
MM_RS17285	MM_RS17285	63	138.809	121	52	7	24	3	15
MM_RS17290	MM_RS17290	25	34.844	47	20	3	2	2	12
MM_RS17295	MM_RS17295	67.865	152.374	167	95	15	54	21	52
MM_RS17300	MM_RS17300	532	1541.051	1722	565	124	301	234	275
MM_RS17305	MM_RS17305	222	317	89	60	40	59	17	27
MM_RS17315	MM_RS17315	2861.788	12185.559	140.381	136.84	190.09	757.777	0	5.119
MM_RS17330	MM_RS17330	91	191	32	2	16	38	21	13
MM_RS17335	MM_RS17335	165.021	413	122	96	22	117	50	96
MM_RS17340	MM_RS17340	116.999	297.096	177.38	43	26	60	40	29
MM_RS17345	MM_RS17345	457.961	932.129	546	672	84	117	93	112
MM_RS17350	MM_RS17350	1	9	4	3	0	4	2	2
MM_RS17355	MM_RS17355	332.108	901.944	1259	635	22	54.021	37	34
MM_RS17370	MM_RS17370	108	634	2298	225	19	78	67	61
MM_RS17375	MM_RS17375	527	1191	716	333	49	158	49	113
MM_RS17380	MM_RS17380	72	257.796	154	70	18	54	17	53
MM_RS17400	MM_RS17400	250	573	496	378	36	98	65	70
MM_RS17405	MM_RS17405	1362	1267.687	1165	813	105	191	85	200
MM_RS17410	MM_RS17410	58	62.568	186	91	26	44	50	90
MM_RS17415	MM_RS17415	4	19.94	38	40	19	18	17	29
MM_RS17420	MM_RS17420	68	103.046	196	127	61	73	48	197
MM_RS17425	MM_RS17425	94.142	182.542	184.12	106	15	31.64	48	93
MM_RS17430	MM_RS17430	81.038	104.014	174.006	86	5	11	6	22
MM_RS17435	MM_RS17435	42.844	103.336	78	30	5	16	17	31
MM_RS17440	MM_RS17440	32.978	29	18	8	2	15	11	12
MM_RS17445	MM_RS17445	8	15.572	10	1	0	3	3	9
MM_RS17450	MM_RS17450	82	188	182	88	22	40	57	65
MM_RS17465	MM_RS17465	32.78	48.179	131	22	5	25	25	35
MM_RS17470	MM_RS17470	114.001	276.223	287.448	57	22	39	30.977	41
MM_RS17475	MM_RS17475	137	332.287	284	67	169	244	52	338
MM_RS17505	MM_RS17505	42	75	74	42	12	24	3	17
MM_RS17510	MM_RS17510	572.47	1069.119	926	616	98	324	160	166
MM_RS17515	MM_RS17515	207	755.886	765	292	57	87	172	188
MM_RS17520	MM_RS17520	130	299.218	539	228.016	29	29	94	71
MM_RS17525	MM_RS17525	984.989	1318.995	1209	861	318.161	566	371	576
MM_RS17530	MM_RS17530	314.128	573.61	1336	500	60.98	106.985	287	236
MM_RS17535	MM_RS17535	258.204	465.059	914.75	655.66	47.458	102.448	135.78	291.078
MM_RS17540	MM_RS17540	243.154	634.907	697.872	217.013	107	215	136	257.436
MM_RS17545	MM_RS17545	183.847	353.946	423	208	30	125	51	133
MM_RS17555	MM_RS17555	62.92	121.53	124.999	53	8	11	8	18
MM_RS17560	MM_RS17560	116.39	239.254	240.005	55	37	58	31	62
MM_RS17565	MM_RS17565	10	19.62	23	5	1	1	2	10
MM_RS17570	MM_RS17570	194	332.094	146.008	55	91	167	48	82
MM_RS17575	MM_RS17575	46	94.977	424	204	20	17	76	96
MM_RS17580	MM_RS17580	10	27	39	12	14	40	5	18
MM_RS17585	MM_RS17585	4	8	6	12	0	0	1	6
MM_RS17590	MM_RS17590	24	47.121	81	23	9	24	18	29
MM_RS17595	MM_RS17595	179.845	350.382	520	182	27	78	57	78
MM_RS17625	MM_RS17625	1951	2907	3128	1658	1221	5532	1566	3432
MM_RS17630	MM_RS17630	15	37	149	101.065	0	1	8	5
MM_RS17635	MM_RS17635	1	3	7	3	0	0	0	2
MM_RS17665	MM_RS17665	155.582	196.473	217.118	65.732	41.23	89.939	74.278	79.765
MM_RS17670	MM_RS17670	14	36	41	12	1	6	3	9
MM_RS17675	MM_RS17675	43.583	99.054	36.689	0	58.941	18.198	0	16.289
MM_RS17685	MM_RS17685	634	1397	1477	674	32	112	30	65
MM_RS17695	MM_RS17695	59	66.709	96	40	6	19	31	38
MM_RS17705	MM_RS17705	854	1100	303	106	74	196	67	35
MM_RS17725	MM_RS17725	33.999	69	116	54	4	7	16	15
MM_RS17730	MM_RS17730	30.99	39.979	21.978	11.983	16.999	36.999	19.995	18.992
MM_RS17740	MM_RS17740	69	89.001	77	45	20	46	21	21
MM_RS17755	MM_RS17755	127.203	245.133	166.159	128.474	16.704	66.203	0	20.036
MM_RS17760	MM_RS17760	308	512	871	155	89	201	98	229
MM_RS17770	MM_RS17770	1645	2551	992	478	105	270	166	149
MM_RS17790	MM_RS17790	9351.825	21143.348	2028.943	2400.693	468.057	2057.171	122.012	290.85
MM_RS17800	MM_RS17800	176	93	33	20	1	4	5	6
MM_RS17805	MM_RS17805	39.002	73.247	23	8.185	7	11	14	13
MM_RS17810	MM_RS17810	27	69.654	50.009	12	10	15	17	26
MM_RS17815	MM_RS17815	3	3	7	2	5	28	2	17
MM_RS17840	MM_RS17840	247	743	1160	634	495	696	1243	1042
MM_RS17850	MM_RS17850	470	748.717	421.995	181	94.997	240	79	137
MM_RS17855	MM_RS17855	1.01	13.25	2.151	0	0	1.048	0	1.142
MM_RS17890	MM_RS17890	5.958	10.957	7.276	0	6.345	13.031	0	23.754
MM_RS17910	MM_RS17910	29	72	25	11	57	127	23	106
MM_RS17915	MM_RS17915	151.019	225.601	2836.016	1001.397	25	23	262	95.303
MM_RS17920	MM_RS17920	10.5	7.001	9.001	2	2.004	0	4	3.002
MM_RS17925	MM_RS17925	260.632	323.071	317.195	109.332	20	28	27	42.379
MM_RS17935	MM_RS17935	0	36.63	130.936	31.474	9.059	29.862	0	51.697
MM_RS17940	MM_RS17940	0	40.546	0	32.483	0	29.941	63	54.3
MM_RS17950	MM_RS17950	0	0	0	0	10.615	0	0	0
MM_RS17955	MM_RS17955	186	292	1086	286	16	62	123	104
MM_RS17960	MM_RS17960	1.159	3.36	1.102	0	0	0	0	2.085
MM_RS17970	MM_RS17970	52.5	82.006	68.999	21	9.996	15	5	12.998
MM_RS17985	MM_RS17985	199.198	461.48	382	131	262	484	287	438
MM_RS18005	MM_RS18005	87.607	134.794	61.483	8.264	0	5.048	0	0
MM_RS18010	MM_RS18010	0	60.5	9.983	0	0	0	0	14.236
MM_RS18030	MM_RS18030	406	667.986	558	175	75	187	101	227
MM_RS18035	MM_RS18035	0	3.935	0	4.214	0	27.184	10.017	33.293
MM_RS18040	MM_RS18040	68.546	193.846	125.869	68	19	20	63	36
MM_RS18045	MM_RS18045	9	19.039	15	10.985	1	1	2	3
MM_RS18050	MM_RS18050	36.785	182.867	107.687	55.051	29.77	62.061	16.722	49.856
MM_RS18060	MM_RS18060	0	87.504	16.375	17.042	0	0	0	13.714
MM_RS18090	MM_RS18090	102.695	204.726	75.896	23.322	48.245	69.995	131.518	81.097
MM_RS18095	MM_RS18095	50.085	42.427	58.272	15.351	10.202	17.55	19	10.487
MM_RS18105	MM_RS18105	53.812	0	0	0	0	0	0	0
MM_RS18120	MM_RS18120	14	39	103	12	1	0	2	9
MM_RS18135	MM_RS18135	105.487	107.073	193.396	92.451	28.075	55.494	0	35.325
MM_RS18145	MM_RS18145	6.02	8	11	10	1	1	0	4
MM_RS18165	MM_RS18165	2	1	0	0	0	0	0	0
MM_RS18170	MM_RS18170	8	15	51	42	0	3	2	9
MM_RS18175	MM_RS18175	62	145	84	79	97	233	181	399
MM_RS18185	MM_RS18185	77	194	584	240	60	313	345	578
MM_RS18190	MM_RS18190	10	22	4	6	3	10	2	9
MM_RS18200	MM_RS18200	3560	17608.575	35	53	476	1302	3	3
MM_RS18205	MM_RS18205	4	20	34	23	1	2	0	2
MM_RS18210	MM_RS18210	0	0	0	1	0	2	7	2
MM_RS18215	MM_RS18215	8	2	4	3	0	5	9	7
MM_RS18220	MM_RS18220	230.373	627.86	355	236	10	27	16	18
MM_RS18225	MM_RS18225	13088	21107	8159	4747	750	1342	935	1009
MM_RS18230	MM_RS18230	115.223	988.407	125.489	101.047	26.982	31.79	32.726	5.999
MM_RS18245	MM_RS18245	73	129	18	29	161	205	57	47
MM_RS18255	MM_RS18255	22	148.01	158	98	4	16	33	20
MM_RS18260	MM_RS18260	104	592	952	543	20	43	121	42
MM_RS18265	MM_RS18265	4	2.019	0	0	0	0	0	0
MM_RS18270	MM_RS18270	62	104.984	72	41	168	151	43	277
MM_RS18275	MM_RS18275	423	1380	131	145	40	253	2	48
MM_RS18280	MM_RS18280	23	145.127	29.194	4	3	6	2	2
MM_RS18285	MM_RS18285	191	551.556	88	105	63	151	51	59
MM_RS18290	MM_RS18290	8	9	41	3	0	1	7	2
MM_RS18295	MM_RS18295	259	422	915	1905	814	2291	2364	6981
MM_RS18300	MM_RS18300	384	851	6073	5465	12	39	125	191
MM_RS18305	MM_RS18305	13	27.001	25	8	10	5	5	5
MM_RS18310	MM_RS18310	23	113.001	30	8	5	15	2	18
MM_RS18320	MM_RS18320	43.071	60.979	36	15	403	263	62	214
MM_RS18330	MM_RS18330	4	18	6	1	0	0	0	4
MM_RS18335	MM_RS18335	2	5	3	0	2	2	1	5
MM_RS18340	MM_RS18340	81.038	81.384	721	296	19	38	179	201
MM_RS18350	MM_RS18350	3	17	6	0	1	0	1	0
MM_RS18365	MM_RS18365	749	2047.002	746	581	87	153	116	176
MM_RS18370	MM_RS18370	0	2	0	0	0	0	0	1
MM_RS18375	MM_RS18375	39	182.977	37	23	6	18	19	22
MM_RS18385	MM_RS18385	161.771	446.145	100.24	30	27	21.086	13	5
MM_RS18395	MM_RS18395	21	51	28	12	3	14	7	11
MM_RS18400	MM_RS18400	2	4	1	0	1	1	0	1
MM_RS18410	MM_RS18410	254.005	400	1352	392	665.452	2478.87	927.803	964.718
MM_RS18415	MM_RS18415	41	60	30	17	11	19	10	14
MM_RS18420	MM_RS18420	44	127	51	26	10	28	2	23
MM_RS18435	MM_RS18435	0	0	49	10	27	19.529	0	29
MM_RS18445	MM_RS18445	164	349	118.131	90	48	123	41	82
MM_RS18460	MM_RS18460	384.629	456.405	742	382	67	96	151	181
MM_RS18465	MM_RS18465	36	161.615	110.004	72	5	31	5	28
MM_RS18475	MM_RS18475	38	75	26	18	16	90	15	46
MM_RS18480	MM_RS18480	25	53	19	13	5	11	0	7
MM_RS18485	MM_RS18485	46	73	0	0	0	21.471	30	0
MM_RS18495	MM_RS18495	8	34.869	7	4	5	13	5	9
MM_RS18500	MM_RS18500	10	19	9	11	9	12	5	14
MM_RS18505	MM_RS18505	16.073	43.452	31.885	6	1	9	9	5
MM_RS18510	MM_RS18510	17	27	21	6	5	8	20	24
MM_RS18520	MM_RS18520	79	156	164	52	19	33	32	27
MM_RS18535	MM_RS18535	0	1	0	0	0	2	1	0
MM_RS18540	MM_RS18540	128	378.176	398	82	11	20	30	22
MM_RS18545	MM_RS18545	3	8	5	2	1	5	1	9
MM_RS18550	MM_RS18550	4	9	2	4	5	1	4	7
MM_RS18555	MM_RS18555	3	4	6	1	2	2	0	5
MM_RS18565	MM_RS18565	10	49	36.805	3	0	5	1	3
MM_RS18570	MM_RS18570	1	2	3	3	2	5	6	7
MM_RS18575	MM_RS18575	22	41	43	30	2	5	2	5
MM_RS18580	MM_RS18580	226	406	493	320	51	63	19	39
MM_RS18585	MM_RS18585	61	395	108	42	24	61	18	66
MM_RS18590	MM_RS18590	245.077	830.182	304	262	13	32.932	12	30
MM_RS18600	MM_RS18600	675.819	2938.628	372.255	189.441	23	46.814	45.007	12
MM_RS18615	MM_RS18615	14.969	82.733	44	39	1	3	6.001	17
MM_RS18620	MM_RS18620	14.584	42.034	25.001	10.001	2	11	6.072	10
MM_RS18625	MM_RS18625	2	3.006	0	2	1	0	0	1
MM_RS18640	MM_RS18640	20	55.532	31.405	22	3	4	13	5
MM_RS18660	MM_RS18660	10	17	36	8	0	1	0	1
MM_RS18675	MM_RS18675	4	6	7	5	1	6	6	10
MM_RS18680	MM_RS18680	0	1	8	2	3	10	7	9
MM_RS18690	MM_RS18690	1	2	0	0	0	0	0	0
MM_RS18700	MM_RS18700	51	105	49	29	844	1276	92	1391
MM_RS18705	MM_RS18705	44.761	96.732	115.516	40	24.229	45.202	62.33	109.301
MM_RS18715	MM_RS18715	24	79	258.783	39	19	18.995	22	20
MM_RS18720	MM_RS18720	138	221	55	63	38	63	30	46
MM_RS18725	MM_RS18725	2260.175	5423.162	400.057	723.307	232.943	1102.829	41.039	162.15
MM_RS18730	MM_RS18730	9	21	6	3	5	6	5	9
MM_RS18735	MM_RS18735	15	40	19	5	7	17	9	17
MM_RS18745	MM_RS18745	35	146	49	30	57	95	4	127
MM_RS18750	MM_RS18750	39	73	25	19	21	51	21	28
MM_RS18760	MM_RS18760	51	39	46	25	127	169	106	132
MM_RS18765	MM_RS18765	0	1	1	1	1	0	1	1
MM_RS18770	MM_RS18770	0.934	5	1	1	0	0	0	0
MM_RS18775	MM_RS18775	20	20	12	7	13	13	1	7
MM_RS18790	MM_RS18790	25	60.014	41	15	8	13	38	33
MM_RS18795	MM_RS18795	3	22	8	1	2	3	7	3
MM_RS18800	MM_RS18800	0	6	7	0	2	3	0	3
MM_RS18810	MM_RS18810	16	10	6	5	5	7	0	6
MM_RS18815	MM_RS18815	1	7	8	1	1	12	10	33
MM_RS18840	MM_RS18840	0	0	0	0	0	1	2	0
MM_RS18850	MM_RS18850	3	29	5	2	0	3	0	3
MM_RS18860	MM_RS18860	44	84	195	49	1	7	8	9
MM_RS18865	MM_RS18865	112.072	487.955	445	182	8	43	49	111
MM_RS18870	MM_RS18870	370	581	1409.004	595	180	219	316	467
MM_RS18875	MM_RS18875	835.992	1469.425	991.877	454.674	66	103	138.699	78
MM_RS18880	MM_RS18880	50	91.007	110	176	15	44	24	66
MM_RS18885	MM_RS18885	131.898	463.885	82.345	31	2	6	3	3
MM_RS18890	MM_RS18890	24	250	144	76	3	6	0	15
MM_RS18895	MM_RS18895	52	66	55	70	22	26	26	15
MM_RS18900	MM_RS18900	2861.006	7010	3247	482	190	640	309	66
MM_RS18905	MM_RS18905	139	323	246	154	82	227	122	372
MM_RS18910	MM_RS18910	55	61	76	25	4	21	19	16
MM_RS18915	MM_RS18915	185	1016	245	142	60	153	61	176
MM_RS18920	MM_RS18920	261.031	482	254.708	179	78	125	26	69
MM_RS18925	MM_RS18925	44	98	89	56	7	7	9	6
MM_RS18930	MM_RS18930	22	51.912	67	150	4	4	1	14
MM_RS18935	MM_RS18935	119.001	418.002	93	30	8	34	13	13
MM_RS18995	MM_RS18995	1.663	38.55	446.919	2	5.674	3.439	57.211	7.579
MM_RS19020	MM_RS19020	69.085	150.892	147.645	73	7	15	8	18.344
MM_RS19030	MM_RS19030	0	0	0	0	0	0	0	2.711
MM_RS19040	MM_RS19040	12	25.037	14	7	3	5	16	17
MM_RS19050	MM_RS19050	59.023	128	63	47	29	55	31	56
MM_RS19055	MM_RS19055	29.92	47.53	49.825	21	2	4	3	4
MM_RS19060	MM_RS19060	5	27	7	3	11	15	1	6
MM_RS19065	MM_RS19065	16	15	8	3	2	8	0	5
MM_RS19070	MM_RS19070	404	616	177.007	144	126	267	110	116
MM_RS19075	MM_RS19075	209	507	117	65	25	127	49	61
MM_RS19080	MM_RS19080	6	12	39	4	3	5	0	2
MM_RS19085	MM_RS19085	3	25	16	3	0	2	4	1
MM_RS19090	MM_RS19090	14	14.04	13	4	7	21	16	16
MM_RS19095	MM_RS19095	1	7	3	4	7	11	6	7
MM_RS19100	MM_RS19100	136.524	341.867	180	48	6	33	6	3
MM_RS19105	MM_RS19105	27	47	32	5	25	51	18	4
MM_RS19120	MM_RS19120	7	9	8	6	13	3	1	24
MM_RS19125	MM_RS19125	10	23	17	3	12	11	24	55
MM_RS19130	MM_RS19130	263	443	449.001	274	155	241	173	245
MM_RS19135	MM_RS19135	114	165	102	125	15	28	7	30
MM_RS19145	MM_RS19145	365	542	218	106	342	531	745	767
MM_RS19150	MM_RS19150	92	132	238	48	679	938	607	829
MM_RS19155	MM_RS19155	13	11	5	4	2	1	0	1
MM_RS19160	MM_RS19160	1	0	1	0	3	1	2	1
MM_RS19165	MM_RS19165	4	9	9	7	1	1	0	1
MM_RS19170	MM_RS19170	32	62	41	54	48	107.996	95	221
MM_RS19175	MM_RS19175	97.008	161.993	412.458	105	28	63	46	113
MM_RS19180	MM_RS19180	6	13	5	4	1	5	5	11
MM_RS19185	MM_RS19185	721.375	5201.133	11876.781	1487.537	273.434	1233.573	548.083	1212.897
MM_RS19190	MM_RS19190	27	15.148	19	11	8	0	0	0
MM_RS19200	MM_RS19200	221.949	339.953	164.945	130.978	94	129	59	77.989
MM_RS19205	MM_RS19205	0	20.852	0	0	0	29	7	10
MM_RS19210	MM_RS19210	0	0	0	0	0	2	0	1
MM_RS19215	MM_RS19215	54.999	71.681	52.263	29.419	16.336	56.92	12.157	28.023
MM_RS19220	MM_RS19220	16	15	20	8	25	28	44	24
MM_RS19225	MM_RS19225	7	15	7.273	7	2	3	0	3
MM_RS19230	MM_RS19230	0	7.249	4.053	3	0	1	0	1.001
MM_RS19235	MM_RS19235	106	166	153	39	11	27	10	14
MM_RS19250	MM_RS19250	0	0	0	0	0	0	2	0
MM_RS19265	MM_RS19265	302.4	416.942	360	180.369	74	171	99	136
MM_RS19270	MM_RS19270	3	9	2	3	0	2	0	3
MM_RS19275	MM_RS19275	12.519	37.058	10	4	1	4	4	6
MM_RS19280	MM_RS19280	131	1007.001	93	78	31	142	9	19
MM_RS19285	MM_RS19285	270.002	824.96	194	217	41	136	41	36
MM_RS19295	MM_RS19295	62.922	219.159	166.035	78.798	38	57.003	60.208	116.795
MM_RS19300	MM_RS19300	28	50.573	82	22	10	20	26	43
MM_RS19310	MM_RS19310	1	5	2	2	1	0	2	1
MM_RS19315	MM_RS19315	8.811	21.455	18.485	14.775	6.759	11.318	9.971	21.229
MM_RS19320	MM_RS19320	21.255	54.402	42.831	13.225	1.241	16.639	5.029	7.771
MM_RS19325	MM_RS19325	20	72	28.02	12	3	5	3	5
MM_RS19330	MM_RS19330	86	110	78	16	23	47	18	23
MM_RS19335	MM_RS19335	813	1698	468	668	29	88	19	37
MM_RS19340	MM_RS19340	10	64.866	50	22	10	30	44	27.995
MM_RS19345	MM_RS19345	28.981	76.002	112	63	26	23	37	59.005
MM_RS19350	MM_RS19350	4	4	3	0	0	1	0	0
MM_RS19355	MM_RS19355	11	31	18.006	7	0	9	1	0
MM_RS19360	MM_RS19360	10	18	10	13	0	3	11	6
MM_RS19365	MM_RS19365	2	21	31	16	0	3	0	19
MM_RS19370	MM_RS19370	1598	3359.782	1537	3153.777	92	250	125	160
MM_RS19375	MM_RS19375	5894.509	34238.474	1537	412	462	2201	104	80
MM_RS19380	MM_RS19380	0	0	1	0	0	0	0	0
MM_RS19385	MM_RS19385	1	23.212	11	5	0	0	0	0
MM_RS19390	MM_RS19390	40.456	143.176	66	9	3	3	6	2
MM_RS19400	MM_RS19400	3	5	7	0	6	0	0	0
MM_RS19405	MM_RS19405	22	25	30	14	14	27	7	40
MM_RS19410	MM_RS19410	4	1	4	0	1	4	25	1
MM_RS19415	MM_RS19415	49	134	133	73	20	29	29	38
MM_RS19420	MM_RS19420	5	16	4	16	4	15	9	32
MM_RS19425	MM_RS19425	2	22	3	2	0	1	0	1
MM_RS19440	MM_RS19440	0	1	0	1	1	0	3	1
MM_RS19445	MM_RS19445	7	15.073	21	24	6	8	10	10
MM_RS19450	MM_RS19450	7	29.045	13	6	7	32	17	34
MM_RS19455	MM_RS19455	3	14	6	0	1	0	4	2
MM_RS19460	MM_RS19460	30	42	18	9	4	7	0	2
MM_RS19465	MM_RS19465	43	68	342	218	13	27	52	65
MM_RS19470	MM_RS19470	352	283	1594	742	45	55	142	243
MM_RS19475	MM_RS19475	212.2	629.378	297.572	140	38	107	61	62
MM_RS19480	MM_RS19480	0	6	0	0	0	0	0	1
MM_RS19485	MM_RS19485	26	21.007	127	26	18	21	45	70
MM_RS19490	MM_RS19490	6	24	5	10	0	0	0	0
MM_RS19495	MM_RS19495	10	17	60	25	1	4	8	29
MM_RS19510	MM_RS19510	0	2	1	0	0	1	0	0
MM_RS19520	MM_RS19520	1.108	3.099	12.694	6	1	1.043	0	0
MM_RS19525	MM_RS19525	33	89.217	24	15	10	11	0	6
MM_RS19530	MM_RS19530	474	1037.263	297	320	80	216	78	91
MM_RS19535	MM_RS19535	214.479	442	364	161	56	88	78	94
MM_RS19540	MM_RS19540	1	0	0	0	0	0	0	0
MM_RS19545	MM_RS19545	10.775	42.711	10.744	5.252	4	5.57	5.523	0
MM_RS19550	MM_RS19550	1	2	0	3	1	2	2	2
MM_RS19555	MM_RS19555	7	27	18	11	5	7	18	26
MM_RS19560	MM_RS19560	7	11	8	3	0	4	3	7
MM_RS19565	MM_RS19565	63	96	51	23	10	25	22	17
MM_RS19570	MM_RS19570	4	2	2	0	0	0	2	0
MM_RS19575	MM_RS19575	305.331	277.827	80.275	173.674	14.819	39.776	21	36.605
MM_RS19580	MM_RS19580	59	84	127	102	9	28	24	38
MM_RS19585	MM_RS19585	0	0	1	0	0	3	0	3
MM_RS19590	MM_RS19590	528	1073	253	137	123	433	72	158
MM_RS19595	MM_RS19595	33	37	112	29	10	9	22	47
MM_RS19600	MM_RS19600	3	13	6	1	9	32	6	8
MM_RS19605	MM_RS19605	47.951	74	92	54	5	11	18	12
MM_RS19610	MM_RS19610	78.985	124.008	702	357	30	76	66	152
MM_RS19615	MM_RS19615	20	35	48	38	11	18	39	29
MM_RS19620	MM_RS19620	10	43	18	25	3	10	23	12
MM_RS19625	MM_RS19625	3	2	0	1	1	0	0	0
MM_RS19630	MM_RS19630	26.002	82	59	26	4	8	2	11
MM_RS19635	MM_RS19635	38	79	66	24	8	24	16	16
MM_RS19640	MM_RS19640	1	6	1	1	3	9	5	3
MM_RS19645	MM_RS19645	2	1	0	2	0	1	0	3
MM_RS19650	MM_RS19650	0	0	3	0	0	2	0	2
MM_RS19655	MM_RS19655	1	13	24	1	0	1	0	4
MM_RS19660	MM_RS19660	0	0	0	0	0	0	0	0
